Complaint_ID,Customer_ID,RM_ID,Complaint_Type,Resolution_Time,Resolution_Status
CMP000001,CUST000910,RM0020,Billing Error,5.0,Quick
CMP000002,CUST001957,RM0021,Staff Behavior,25.0,Normal
CMP000003,CUST001065,RM0103,Loan Disbursement,3.0,Quick
CMP000004,CUST002362,RM0179,Technical Issue,9.0,Normal
CMP000005,CUST000423,RM0146,Loan Disbursement,3.0,Quick
CMP000006,CUST001808,RM0105,Technical Issue,3.0,Quick
CMP000007,CUST000911,RM0184,Insurance Claim,2.0,Quick
CMP000008,CUST000173,RM0147,Product Issue,6.0,Quick
CMP000009,CUST002161,RM0179,Technical Issue,3.0,Quick
CMP000010,CUST000652,RM0055,Loan Disbursement,2.0,Quick
CMP000011,CUST000724,RM0183,Loan Disbursement,3.0,Quick
CMP000012,CUST002411,RM0190,Billing Error,3.0,Quick
CMP000013,CUST000257,RM0214,Product Issue,5.0,Quick
CMP000014,CUST000135,RM0067,Product Issue,4.0,Quick
CMP000015,CUST001512,RM0096,Service Issue,2.0,Quick
CMP000016,CUST001584,RM0051,Account Access,5.0,Quick
CMP000017,CUST000728,RM0074,Service Issue,9.0,Normal
CMP000018,CUST001533,RM0213,Delay,6.0,Quick
CMP000019,CUST000425,RM0189,Product Issue,20.0,Normal
CMP000020,CUST000412,RM0146,Loan Disbursement,2.0,Quick
CMP000021,CUST000353,RM0106,Credit Card Issue,10.0,Normal
CMP000022,CUST000219,RM0017,Insurance Claim,5.0,Quick
CMP000023,CUST001387,RM0194,Service Issue,5.0,Quick
CMP000024,CUST001889,RM0179,Billing Error,5.0,Quick
CMP000025,CUST001969,RM0057,Technical Issue,3.0,Quick
CMP000026,CUST000459,RM0115,Credit Card Issue,3.0,Quick
CMP000027,CUST001469,RM0123,Technical Issue,6.0,Quick
CMP000028,CUST000732,RM0209,Insurance Claim,2.0,Quick
CMP000029,CUST000974,RM0178,Insurance Claim,4.0,Quick
CMP000030,CUST001809,RM0077,Delay,6.0,Quick
CMP000031,CUST001706,RM0250,Account Access,8.0,Normal
CMP000032,CUST001847,RM0029,Delay,4.0,Quick
CMP000033,CUST001474,RM0153,Staff Behavior,3.0,Quick
CMP000034,CUST001477,RM0064,Credit Card Issue,3.0,Quick
CMP000035,CUST000378,RM0152,Product Issue,2.0,Quick
CMP000036,CUST001129,RM0242,Account Access,2.0,Quick
CMP000037,CUST001144,RM0218,Staff Behavior,2.0,Quick
CMP000038,CUST000067,RM0095,Loan Disbursement,2.0,Quick
CMP000039,CUST002362,RM0118,Insurance Claim,3.0,Quick
CMP000040,CUST000187,RM0248,Credit Card Issue,3.0,Quick
CMP000041,CUST001433,RM0081,Loan Disbursement,28.0,Normal
CMP000042,CUST002179,RM0033,Technical Issue,25.0,Normal
CMP000043,CUST001415,RM0131,Billing Error,3.0,Quick
CMP000044,CUST000932,RM0221,Billing Error,3.0,Quick
CMP000045,CUST002211,RM0043,Account Access,5.0,Quick
CMP000046,CUST001465,RM0238,Insurance Claim,2.0,Quick
CMP000047,CUST002405,RM0140,Loan Disbursement,5.0,Quick
CMP000048,CUST001811,RM0016,Loan Disbursement,4.0,Quick
CMP000049,CUST001178,RM0169,Service Issue,3.0,Quick
CMP000050,CUST000554,RM0088,Staff Behavior,10.0,Normal
CMP000051,CUST000845,RM0164,Billing Error,10.0,Normal
CMP000052,CUST002215,RM0054,Account Access,24.0,Normal
CMP000053,CUST001301,RM0106,Staff Behavior,3.0,Quick
CMP000054,CUST001377,RM0120,Delay,12.0,Normal
CMP000055,CUST000579,RM0177,Staff Behavior,5.0,Quick
CMP000056,CUST001956,RM0174,Loan Disbursement,0.0,Quick
CMP000057,CUST000953,RM0100,Delay,6.0,Quick
CMP000058,CUST001748,RM0228,Loan Disbursement,13.0,Normal
CMP000059,CUST000580,RM0155,Technical Issue,16.0,Normal
CMP000060,CUST001454,RM0197,Billing Error,8.0,Normal
CMP000061,CUST000189,RM0118,Service Issue,4.0,Quick
CMP000062,CUST000406,RM0021,Loan Disbursement,5.0,Quick
CMP000063,CUST000056,RM0118,Product Issue,6.0,Quick
CMP000064,CUST001171,RM0074,Delay,10.0,Normal
CMP000065,CUST000657,RM0227,Staff Behavior,7.0,Quick
CMP000066,CUST000455,RM0050,Service Issue,4.0,Quick
CMP000067,CUST001263,RM0126,Account Access,4.0,Quick
CMP000068,CUST001900,RM0100,Loan Disbursement,2.0,Quick
CMP000069,CUST002108,RM0181,Insurance Claim,14.0,Normal
CMP000070,CUST001311,RM0143,Staff Behavior,2.0,Quick
CMP000071,CUST000528,RM0002,Billing Error,6.0,Quick
CMP000072,CUST001205,RM0127,Technical Issue,12.0,Normal
CMP000073,CUST000955,RM0035,Account Access,4.0,Quick
CMP000074,CUST000491,RM0039,Billing Error,10.0,Normal
CMP000075,CUST000355,RM0199,Service Issue,10.0,Normal
CMP000076,CUST000098,RM0212,Staff Behavior,2.0,Quick
CMP000077,CUST000651,RM0225,Insurance Claim,4.0,Quick
CMP000078,CUST000571,RM0021,Credit Card Issue,7.0,Quick
CMP000079,CUST001475,RM0143,Loan Disbursement,4.0,Quick
CMP000080,CUST000937,RM0177,Credit Card Issue,5.0,Quick
CMP000081,CUST002404,RM0108,Product Issue,6.0,Quick
CMP000082,CUST000140,RM0082,Loan Disbursement,2.0,Quick
CMP000083,CUST002317,RM0104,Account Access,4.0,Quick
CMP000084,CUST000056,RM0065,Staff Behavior,2.0,Quick
CMP000085,CUST002479,RM0071,Staff Behavior,2.0,Quick
CMP000086,CUST002447,RM0016,Staff Behavior,5.0,Quick
CMP000087,CUST001772,RM0153,Insurance Claim,6.0,Quick
CMP000088,CUST001629,RM0246,Insurance Claim,2.0,Quick
CMP000089,CUST000426,RM0170,Product Issue,9.0,Normal
CMP000090,CUST001928,RM0031,Insurance Claim,4.0,Quick
CMP000091,CUST000953,RM0136,Account Access,14.0,Normal
CMP000092,CUST001011,RM0157,Product Issue,4.0,Quick
CMP000093,CUST002025,RM0028,Billing Error,2.0,Quick
CMP000094,CUST002202,RM0188,Billing Error,9.0,Normal
CMP000095,CUST000216,RM0015,Product Issue,6.0,Quick
CMP000096,CUST000276,RM0075,Loan Disbursement,4.0,Quick
CMP000097,CUST001457,RM0189,Delay,4.0,Quick
CMP000098,CUST002483,RM0060,Delay,2.0,Quick
CMP000099,CUST000973,RM0112,Service Issue,4.0,Quick
CMP000100,CUST001432,RM0038,Product Issue,2.0,Quick
CMP000101,CUST001859,RM0110,Product Issue,5.0,Quick
CMP000102,CUST001900,RM0138,Insurance Claim,13.0,Normal
CMP000103,CUST000244,RM0123,Service Issue,9.0,Normal
CMP000104,CUST000947,RM0219,Account Access,2.0,Quick
CMP000105,CUST000458,RM0194,Billing Error,12.0,Normal
CMP000106,CUST000680,RM0163,Technical Issue,5.0,Quick
CMP000107,CUST000549,RM0028,Billing Error,3.0,Quick
CMP000108,CUST000334,RM0226,Loan Disbursement,8.0,Normal
CMP000109,CUST002460,RM0145,Technical Issue,3.0,Quick
CMP000110,CUST000478,RM0020,Product Issue,5.0,Quick
CMP000111,CUST001526,RM0038,Service Issue,3.0,Quick
CMP000112,CUST002132,RM0228,Service Issue,2.0,Quick
CMP000113,CUST001392,RM0235,Service Issue,5.0,Quick
CMP000114,CUST001245,RM0029,Product Issue,2.0,Quick
CMP000115,CUST001930,RM0064,Service Issue,5.0,Quick
CMP000116,CUST002018,RM0062,Credit Card Issue,9.0,Normal
CMP000117,CUST002229,RM0222,Billing Error,5.0,Quick
CMP000118,CUST000643,RM0134,Insurance Claim,4.0,Quick
CMP000119,CUST001542,RM0169,Delay,2.0,Quick
CMP000120,CUST000460,RM0087,Loan Disbursement,10.0,Normal
CMP000121,CUST002243,RM0060,Loan Disbursement,5.0,Quick
CMP000122,CUST001673,RM0201,Insurance Claim,4.0,Quick
CMP000123,CUST001029,RM0220,Staff Behavior,9.0,Normal
CMP000124,CUST000949,RM0222,Technical Issue,2.0,Quick
CMP000125,CUST001524,RM0144,Account Access,4.0,Quick
CMP000126,CUST001934,RM0179,Staff Behavior,5.0,Quick
CMP000127,CUST001719,RM0001,Insurance Claim,6.0,Quick
CMP000128,CUST000773,RM0236,Staff Behavior,0.0,Quick
CMP000129,CUST000570,RM0160,Delay,5.0,Quick
CMP000130,CUST000860,RM0070,Credit Card Issue,3.0,Quick
CMP000131,CUST002097,RM0020,Technical Issue,3.0,Quick
CMP000132,CUST001253,RM0186,Technical Issue,3.0,Quick
CMP000133,CUST002381,RM0119,Credit Card Issue,26.0,Normal
CMP000134,CUST000737,RM0188,Billing Error,3.0,Quick
CMP000135,CUST001635,RM0106,Product Issue,3.0,Quick
CMP000136,CUST000107,RM0114,Insurance Claim,10.0,Normal
CMP000137,CUST000133,RM0004,Insurance Claim,4.0,Quick
CMP000138,CUST001570,RM0027,Technical Issue,4.0,Quick
CMP000139,CUST001719,RM0211,Insurance Claim,0.0,Quick
CMP000140,CUST001037,RM0198,Insurance Claim,5.0,Quick
CMP000141,CUST000933,RM0137,Staff Behavior,6.0,Quick
CMP000142,CUST001254,RM0191,Product Issue,0.0,Quick
CMP000143,CUST001634,RM0116,Service Issue,6.0,Quick
CMP000144,CUST001760,RM0167,Billing Error,2.0,Quick
CMP000145,CUST001072,RM0122,Service Issue,10.0,Normal
CMP000146,CUST002056,RM0058,Billing Error,3.0,Quick
CMP000147,CUST001828,RM0162,Staff Behavior,3.0,Quick
CMP000148,CUST001885,RM0230,Service Issue,2.0,Quick
CMP000149,CUST001924,RM0103,Delay,9.0,Normal
CMP000150,CUST000987,RM0042,Product Issue,6.0,Quick
CMP000151,CUST002337,RM0085,Credit Card Issue,9.0,Normal
CMP000152,CUST001898,RM0006,Credit Card Issue,7.0,Quick
CMP000153,CUST001939,RM0018,Staff Behavior,2.0,Quick
CMP000154,CUST000666,RM0203,Delay,3.0,Quick
CMP000155,CUST001190,RM0160,Loan Disbursement,5.0,Quick
CMP000156,CUST001000,RM0155,Delay,3.0,Quick
CMP000157,CUST001545,RM0031,Product Issue,3.0,Quick
CMP000158,CUST000277,RM0052,Credit Card Issue,12.0,Normal
CMP000159,CUST001134,RM0164,Account Access,8.0,Normal
CMP000160,CUST002396,RM0078,Billing Error,4.0,Quick
CMP000161,CUST001251,RM0104,Staff Behavior,9.0,Normal
CMP000162,CUST000459,RM0161,Billing Error,6.0,Quick
CMP000163,CUST001163,RM0142,Credit Card Issue,2.0,Quick
CMP000164,CUST002157,RM0085,Loan Disbursement,4.0,Quick
CMP000165,CUST001202,RM0092,Service Issue,3.0,Quick
CMP000166,CUST002418,RM0042,Delay,3.0,Quick
CMP000167,CUST000561,RM0066,Account Access,5.0,Quick
CMP000168,CUST001880,RM0073,Credit Card Issue,3.0,Quick
CMP000169,CUST000818,RM0233,Staff Behavior,16.0,Normal
CMP000170,CUST001630,RM0172,Account Access,5.0,Quick
CMP000171,CUST000855,RM0178,Account Access,11.0,Normal
CMP000172,CUST000432,RM0073,Staff Behavior,3.0,Quick
CMP000173,CUST000129,RM0049,Insurance Claim,2.0,Quick
CMP000174,CUST000451,RM0142,Service Issue,12.0,Normal
CMP000175,CUST000571,RM0146,Billing Error,5.0,Quick
CMP000176,CUST002026,RM0227,Delay,13.0,Normal
CMP000177,CUST001187,RM0134,Technical Issue,2.0,Quick
CMP000178,CUST001975,RM0041,Service Issue,14.0,Normal
CMP000179,CUST001725,RM0198,Account Access,4.0,Quick
CMP000180,CUST001132,RM0167,Loan Disbursement,2.0,Quick
CMP000181,CUST000517,RM0199,Service Issue,7.0,Quick
CMP000182,CUST000138,RM0206,Product Issue,9.0,Normal
CMP000183,CUST000930,RM0127,Insurance Claim,2.0,Quick
CMP000184,CUST002205,RM0083,Staff Behavior,23.0,Normal
CMP000185,CUST000703,RM0081,Insurance Claim,7.0,Quick
CMP000186,CUST001557,RM0162,Billing Error,3.0,Quick
CMP000187,CUST000664,RM0170,Staff Behavior,2.0,Quick
CMP000188,CUST000005,RM0209,Product Issue,4.0,Quick
CMP000189,CUST000672,RM0245,Insurance Claim,3.0,Quick
CMP000190,CUST000991,RM0087,Billing Error,5.0,Quick
CMP000191,CUST000530,RM0055,Account Access,9.0,Normal
CMP000192,CUST002204,RM0029,Service Issue,7.0,Quick
CMP000193,CUST000053,RM0136,Loan Disbursement,4.0,Quick
CMP000194,CUST002113,RM0042,Billing Error,2.0,Quick
CMP000195,CUST000980,RM0160,Billing Error,17.0,Normal
CMP000196,CUST001172,RM0024,Insurance Claim,3.0,Quick
CMP000197,CUST001730,RM0068,Account Access,3.0,Quick
CMP000198,CUST001201,RM0210,Account Access,7.0,Quick
CMP000199,CUST000392,RM0096,Insurance Claim,9.0,Normal
CMP000200,CUST001939,RM0164,Credit Card Issue,22.0,Normal
CMP000201,CUST002096,RM0083,Insurance Claim,19.0,Normal
CMP000202,CUST002323,RM0038,Loan Disbursement,14.0,Normal
CMP000203,CUST000767,RM0020,Staff Behavior,0.0,Quick
CMP000204,CUST000448,RM0015,Credit Card Issue,4.0,Quick
CMP000205,CUST000431,RM0106,Technical Issue,2.0,Quick
CMP000206,CUST001510,RM0023,Delay,6.0,Quick
CMP000207,CUST000524,RM0064,Billing Error,2.0,Quick
CMP000208,CUST001427,RM0183,Staff Behavior,3.0,Quick
CMP000209,CUST001267,RM0152,Service Issue,2.0,Quick
CMP000210,CUST000513,RM0191,Account Access,2.0,Quick
CMP000211,CUST001419,RM0009,Account Access,5.0,Quick
CMP000212,CUST001700,RM0200,Staff Behavior,4.0,Quick
CMP000213,CUST000747,RM0073,Credit Card Issue,4.0,Quick
CMP000214,CUST002007,RM0047,Billing Error,10.0,Normal
CMP000215,CUST001328,RM0178,Product Issue,7.0,Quick
CMP000216,CUST000934,RM0178,Billing Error,15.0,Normal
CMP000217,CUST000829,RM0167,Staff Behavior,4.0,Quick
CMP000218,CUST000810,RM0249,Service Issue,3.0,Quick
CMP000219,CUST001453,RM0224,Insurance Claim,2.0,Quick
CMP000220,CUST000551,RM0069,Insurance Claim,7.0,Quick
CMP000221,CUST001395,RM0044,Account Access,11.0,Normal
CMP000222,CUST000018,RM0044,Staff Behavior,3.0,Quick
CMP000223,CUST001903,RM0241,Insurance Claim,12.0,Normal
CMP000224,CUST001408,RM0172,Insurance Claim,5.0,Quick
CMP000225,CUST000537,RM0102,Insurance Claim,2.0,Quick
CMP000226,CUST001587,RM0240,Delay,7.0,Quick
CMP000227,CUST000270,RM0048,Loan Disbursement,5.0,Quick
CMP000228,CUST000721,RM0047,Insurance Claim,2.0,Quick
CMP000229,CUST001766,RM0121,Loan Disbursement,4.0,Quick
CMP000230,CUST001839,RM0074,Billing Error,9.0,Normal
CMP000231,CUST000974,RM0087,Billing Error,6.0,Quick
CMP000232,CUST002326,RM0210,Billing Error,3.0,Quick
CMP000233,CUST001892,RM0007,Product Issue,15.0,Normal
CMP000234,CUST000836,RM0198,Service Issue,3.0,Quick
CMP000235,CUST002396,RM0004,Technical Issue,3.0,Quick
CMP000236,CUST002352,RM0050,Insurance Claim,4.0,Quick
CMP000237,CUST000682,RM0163,Insurance Claim,13.0,Normal
CMP000238,CUST000898,RM0045,Technical Issue,5.0,Quick
CMP000239,CUST002344,RM0030,Billing Error,5.0,Quick
CMP000240,CUST001469,RM0002,Billing Error,7.0,Quick
CMP000241,CUST001374,RM0205,Delay,20.0,Normal
CMP000242,CUST001896,RM0135,Delay,9.0,Normal
CMP000243,CUST001212,RM0068,Delay,2.0,Quick
CMP000244,CUST001444,RM0202,Technical Issue,9.0,Normal
CMP000245,CUST000341,RM0242,Credit Card Issue,8.0,Normal
CMP000246,CUST002193,RM0100,Loan Disbursement,3.0,Quick
CMP000247,CUST001245,RM0074,Billing Error,3.0,Quick
CMP000248,CUST001306,RM0169,Technical Issue,8.0,Normal
CMP000249,CUST000522,RM0190,Service Issue,3.0,Quick
CMP000250,CUST000535,RM0116,Credit Card Issue,6.0,Quick
CMP000251,CUST001869,RM0158,Technical Issue,3.0,Quick
CMP000252,CUST000563,RM0054,Technical Issue,8.0,Normal
CMP000253,CUST002296,RM0023,Product Issue,12.0,Normal
CMP000254,CUST002001,RM0070,Product Issue,2.0,Quick
CMP000255,CUST002307,RM0247,Technical Issue,5.0,Quick
CMP000256,CUST000597,RM0175,Credit Card Issue,4.0,Quick
CMP000257,CUST000358,RM0192,Staff Behavior,6.0,Quick
CMP000258,CUST000143,RM0118,Technical Issue,7.0,Quick
CMP000259,CUST000502,RM0030,Staff Behavior,29.0,Normal
CMP000260,CUST002062,RM0116,Account Access,7.0,Quick
CMP000261,CUST000388,RM0208,Product Issue,6.0,Quick
CMP000262,CUST001937,RM0220,Loan Disbursement,24.0,Normal
CMP000263,CUST001400,RM0186,Credit Card Issue,2.0,Quick
CMP000264,CUST000650,RM0063,Insurance Claim,2.0,Quick
CMP000265,CUST002089,RM0101,Delay,6.0,Quick
CMP000266,CUST001359,RM0155,Credit Card Issue,4.0,Quick
CMP000267,CUST001975,RM0061,Staff Behavior,2.0,Quick
CMP000268,CUST001527,RM0003,Insurance Claim,3.0,Quick
CMP000269,CUST002157,RM0071,Credit Card Issue,7.0,Quick
CMP000270,CUST000809,RM0201,Delay,12.0,Normal
CMP000271,CUST001898,RM0204,Staff Behavior,2.0,Quick
CMP000272,CUST000425,RM0097,Staff Behavior,5.0,Quick
CMP000273,CUST000544,RM0061,Staff Behavior,3.0,Quick
CMP000274,CUST001300,RM0197,Staff Behavior,7.0,Quick
CMP000275,CUST000944,RM0080,Technical Issue,5.0,Quick
CMP000276,CUST000139,RM0147,Delay,15.0,Normal
CMP000277,CUST000273,RM0173,Service Issue,2.0,Quick
CMP000278,CUST000177,RM0232,Billing Error,5.0,Quick
CMP000279,CUST000519,RM0047,Technical Issue,3.0,Quick
CMP000280,CUST001350,RM0121,Technical Issue,5.0,Quick
CMP000281,CUST002483,RM0080,Delay,11.0,Normal
CMP000282,CUST002232,RM0239,Staff Behavior,14.0,Normal
CMP000283,CUST001336,RM0006,Credit Card Issue,4.0,Quick
CMP000284,CUST001707,RM0147,Staff Behavior,10.0,Normal
CMP000285,CUST000353,RM0155,Loan Disbursement,3.0,Quick
CMP000286,CUST001991,RM0247,Credit Card Issue,2.0,Quick
CMP000287,CUST002479,RM0119,Billing Error,11.0,Normal
CMP000288,CUST000235,RM0146,Service Issue,2.0,Quick
CMP000289,CUST000974,RM0021,Account Access,2.0,Quick
CMP000290,CUST002307,RM0017,Loan Disbursement,4.0,Quick
CMP000291,CUST000283,RM0098,Product Issue,4.0,Quick
CMP000292,CUST000943,RM0228,Credit Card Issue,2.0,Quick
CMP000293,CUST001835,RM0044,Delay,10.0,Normal
CMP000294,CUST001130,RM0044,Account Access,4.0,Quick
CMP000295,CUST002397,RM0047,Delay,5.0,Quick
CMP000296,CUST001002,RM0238,Billing Error,3.0,Quick
CMP000297,CUST000548,RM0041,Staff Behavior,5.0,Quick
CMP000298,CUST001403,RM0166,Service Issue,9.0,Normal
CMP000299,CUST000784,RM0131,Technical Issue,13.0,Normal
CMP000300,CUST002488,RM0247,Insurance Claim,19.0,Normal
CMP000301,CUST001915,RM0074,Billing Error,4.0,Quick
CMP000302,CUST001717,RM0093,Service Issue,5.0,Quick
CMP000303,CUST002445,RM0245,Billing Error,25.0,Normal
CMP000304,CUST001546,RM0202,Technical Issue,3.0,Quick
CMP000305,CUST001760,RM0057,Account Access,2.0,Quick
CMP000306,CUST000873,RM0115,Billing Error,5.0,Quick
CMP000307,CUST001976,RM0007,Service Issue,9.0,Normal
CMP000308,CUST002455,RM0141,Loan Disbursement,2.0,Quick
CMP000309,CUST001018,RM0108,Delay,2.0,Quick
CMP000310,CUST002280,RM0112,Insurance Claim,14.0,Normal
CMP000311,CUST002090,RM0132,Account Access,9.0,Normal
CMP000312,CUST002287,RM0174,Staff Behavior,2.0,Quick
CMP000313,CUST000207,RM0053,Credit Card Issue,9.0,Normal
CMP000314,CUST002035,RM0055,Technical Issue,11.0,Normal
CMP000315,CUST000783,RM0192,Delay,13.0,Normal
CMP000316,CUST001934,RM0003,Account Access,5.0,Quick
CMP000317,CUST000425,RM0197,Staff Behavior,8.0,Normal
CMP000318,CUST000749,RM0041,Delay,9.0,Normal
CMP000319,CUST000392,RM0108,Product Issue,7.0,Quick
CMP000320,CUST000033,RM0183,Account Access,7.0,Quick
CMP000321,CUST001458,RM0180,Insurance Claim,5.0,Quick
CMP000322,CUST000641,RM0051,Service Issue,5.0,Quick
CMP000323,CUST002098,RM0127,Product Issue,29.0,Normal
CMP000324,CUST002131,RM0018,Service Issue,4.0,Quick
CMP000325,CUST001545,RM0079,Account Access,2.0,Quick
CMP000326,CUST001719,RM0232,Loan Disbursement,9.0,Normal
CMP000327,CUST002213,RM0071,Account Access,3.0,Quick
CMP000328,CUST002168,RM0129,Delay,5.0,Quick
CMP000329,CUST000431,RM0167,Service Issue,2.0,Quick
CMP000330,CUST000630,RM0094,Billing Error,6.0,Quick
CMP000331,CUST001025,RM0152,Delay,16.0,Normal
CMP000332,CUST000985,RM0071,Insurance Claim,8.0,Normal
CMP000333,CUST000697,RM0194,Delay,3.0,Quick
CMP000334,CUST001314,RM0168,Delay,19.0,Normal
CMP000335,CUST001083,RM0022,Billing Error,3.0,Quick
CMP000336,CUST000792,RM0193,Product Issue,4.0,Quick
CMP000337,CUST000123,RM0173,Technical Issue,5.0,Quick
CMP000338,CUST001202,RM0165,Staff Behavior,25.0,Normal
CMP000339,CUST001331,RM0187,Product Issue,2.0,Quick
CMP000340,CUST001460,RM0063,Delay,7.0,Quick
CMP000341,CUST000909,RM0199,Delay,5.0,Quick
CMP000342,CUST001663,RM0048,Credit Card Issue,4.0,Quick
CMP000343,CUST000626,RM0182,Service Issue,2.0,Quick
CMP000344,CUST001117,RM0074,Staff Behavior,15.0,Normal
CMP000345,CUST000232,RM0222,Delay,6.0,Quick
CMP000346,CUST000650,RM0144,Service Issue,9.0,Normal
CMP000347,CUST001683,RM0190,Delay,3.0,Quick
CMP000348,CUST002331,RM0235,Staff Behavior,9.0,Normal
CMP000349,CUST001428,RM0026,Billing Error,10.0,Normal
CMP000350,CUST000509,RM0191,Delay,4.0,Quick
CMP000351,CUST002334,RM0046,Product Issue,6.0,Quick
CMP000352,CUST000691,RM0172,Service Issue,19.0,Normal
CMP000353,CUST002379,RM0180,Account Access,11.0,Normal
CMP000354,CUST002370,RM0054,Service Issue,4.0,Quick
CMP000355,CUST000457,RM0132,Technical Issue,7.0,Quick
CMP000356,CUST001935,RM0095,Credit Card Issue,6.0,Quick
CMP000357,CUST000311,RM0230,Service Issue,9.0,Normal
CMP000358,CUST001216,RM0058,Credit Card Issue,2.0,Quick
CMP000359,CUST000961,RM0028,Service Issue,6.0,Quick
CMP000360,CUST002239,RM0117,Service Issue,22.0,Normal
CMP000361,CUST002442,RM0141,Loan Disbursement,16.0,Normal
CMP000362,CUST001307,RM0074,Service Issue,10.0,Normal
CMP000363,CUST001197,RM0213,Insurance Claim,2.0,Quick
CMP000364,CUST001421,RM0203,Service Issue,27.0,Normal
CMP000365,CUST001039,RM0093,Service Issue,6.0,Quick
CMP000366,CUST000411,RM0065,Staff Behavior,3.0,Quick
CMP000367,CUST000447,RM0126,Credit Card Issue,7.0,Quick
CMP000368,CUST001621,RM0177,Insurance Claim,11.0,Normal
CMP000369,CUST000747,RM0089,Account Access,2.0,Quick
CMP000370,CUST001455,RM0229,Account Access,14.0,Normal
CMP000371,CUST000899,RM0134,Insurance Claim,14.0,Normal
CMP000372,CUST001527,RM0229,Loan Disbursement,2.0,Quick
CMP000373,CUST002379,RM0023,Product Issue,13.0,Normal
CMP000374,CUST002472,RM0174,Product Issue,16.0,Normal
CMP000375,CUST000532,RM0113,Credit Card Issue,2.0,Quick
CMP000376,CUST000590,RM0130,Credit Card Issue,3.0,Quick
CMP000377,CUST000222,RM0082,Technical Issue,5.0,Quick
CMP000378,CUST001018,RM0096,Product Issue,4.0,Quick
CMP000379,CUST000135,RM0158,Service Issue,4.0,Quick
CMP000380,CUST001537,RM0237,Account Access,9.0,Normal
CMP000381,CUST002472,RM0024,Technical Issue,4.0,Quick
CMP000382,CUST000164,RM0223,Credit Card Issue,17.0,Normal
CMP000383,CUST002318,RM0225,Billing Error,28.0,Normal
CMP000384,CUST000123,RM0171,Staff Behavior,3.0,Quick
CMP000385,CUST001960,RM0011,Insurance Claim,5.0,Quick
CMP000386,CUST001931,RM0030,Service Issue,6.0,Quick
CMP000387,CUST001322,RM0117,Credit Card Issue,6.0,Quick
CMP000388,CUST001781,RM0192,Delay,6.0,Quick
CMP000389,CUST002105,RM0029,Account Access,4.0,Quick
CMP000390,CUST002343,RM0091,Insurance Claim,2.0,Quick
CMP000391,CUST000363,RM0107,Product Issue,2.0,Quick
CMP000392,CUST001082,RM0127,Insurance Claim,2.0,Quick
CMP000393,CUST002037,RM0062,Account Access,13.0,Normal
CMP000394,CUST001517,RM0024,Insurance Claim,3.0,Quick
CMP000395,CUST000621,RM0242,Loan Disbursement,2.0,Quick
CMP000396,CUST001364,RM0224,Account Access,6.0,Quick
CMP000397,CUST001251,RM0082,Service Issue,2.0,Quick
CMP000398,CUST001732,RM0177,Service Issue,2.0,Quick
CMP000399,CUST000262,RM0067,Loan Disbursement,6.0,Quick
CMP000400,CUST000792,RM0139,Loan Disbursement,6.0,Quick
CMP000401,CUST000408,RM0007,Delay,2.0,Quick
CMP000402,CUST001091,RM0108,Technical Issue,5.0,Quick
CMP000403,CUST000936,RM0162,Billing Error,4.0,Quick
CMP000404,CUST001628,RM0066,Billing Error,5.0,Quick
CMP000405,CUST001256,RM0003,Product Issue,8.0,Normal
CMP000406,CUST001323,RM0016,Loan Disbursement,3.0,Quick
CMP000407,CUST002212,RM0070,Loan Disbursement,4.0,Quick
CMP000408,CUST000584,RM0237,Delay,9.0,Normal
CMP000409,CUST000277,RM0076,Billing Error,14.0,Normal
CMP000410,CUST000782,RM0099,Service Issue,13.0,Normal
CMP000411,CUST000164,RM0148,Service Issue,5.0,Quick
CMP000412,CUST000501,RM0196,Billing Error,5.0,Quick
CMP000413,CUST000327,RM0078,Technical Issue,5.0,Quick
CMP000414,CUST002083,RM0233,Account Access,12.0,Normal
CMP000415,CUST000333,RM0120,Delay,11.0,Normal
CMP000416,CUST001091,RM0017,Billing Error,3.0,Quick
CMP000417,CUST000927,RM0121,Staff Behavior,2.0,Quick
CMP000418,CUST002359,RM0243,Delay,4.0,Quick
CMP000419,CUST001522,RM0021,Delay,3.0,Quick
CMP000420,CUST000253,RM0008,Billing Error,17.0,Normal
CMP000421,CUST000041,RM0249,Technical Issue,3.0,Quick
CMP000422,CUST002268,RM0187,Insurance Claim,2.0,Quick
CMP000423,CUST002150,RM0137,Product Issue,13.0,Normal
CMP000424,CUST001163,RM0023,Loan Disbursement,2.0,Quick
CMP000425,CUST000738,RM0068,Account Access,3.0,Quick
CMP000426,CUST001166,RM0161,Billing Error,4.0,Quick
CMP000427,CUST001825,RM0210,Delay,6.0,Quick
CMP000428,CUST002021,RM0189,Insurance Claim,3.0,Quick
CMP000429,CUST001733,RM0209,Credit Card Issue,5.0,Quick
CMP000430,CUST000498,RM0094,Product Issue,3.0,Quick
CMP000431,CUST001126,RM0245,Service Issue,6.0,Quick
CMP000432,CUST001680,RM0038,Billing Error,4.0,Quick
CMP000433,CUST002041,RM0175,Account Access,11.0,Normal
CMP000434,CUST002289,RM0230,Credit Card Issue,4.0,Quick
CMP000435,CUST000170,RM0218,Technical Issue,4.0,Quick
CMP000436,CUST002201,RM0008,Service Issue,6.0,Quick
CMP000437,CUST002195,RM0073,Staff Behavior,2.0,Quick
CMP000438,CUST001459,RM0155,Insurance Claim,2.0,Quick
CMP000439,CUST000414,RM0200,Delay,9.0,Normal
CMP000440,CUST002034,RM0012,Product Issue,3.0,Quick
CMP000441,CUST000868,RM0220,Service Issue,7.0,Quick
CMP000442,CUST001513,RM0207,Staff Behavior,2.0,Quick
CMP000443,CUST002363,RM0218,Delay,10.0,Normal
CMP000444,CUST000062,RM0015,Billing Error,24.0,Normal
CMP000445,CUST001164,RM0223,Loan Disbursement,4.0,Quick
CMP000446,CUST001893,RM0002,Insurance Claim,5.0,Quick
CMP000447,CUST001543,RM0119,Credit Card Issue,4.0,Quick
CMP000448,CUST001754,RM0115,Credit Card Issue,13.0,Normal
CMP000449,CUST001106,RM0167,Account Access,2.0,Quick
CMP000450,CUST001051,RM0217,Product Issue,7.0,Quick
CMP000451,CUST001679,RM0234,Technical Issue,7.0,Quick
CMP000452,CUST000633,RM0151,Loan Disbursement,4.0,Quick
CMP000453,CUST000443,RM0115,Staff Behavior,3.0,Quick
CMP000454,CUST001759,RM0145,Technical Issue,3.0,Quick
CMP000455,CUST000774,RM0008,Insurance Claim,10.0,Normal
CMP000456,CUST000400,RM0188,Product Issue,2.0,Quick
CMP000457,CUST000489,RM0224,Technical Issue,6.0,Quick
CMP000458,CUST001162,RM0115,Staff Behavior,3.0,Quick
CMP000459,CUST002051,RM0151,Service Issue,3.0,Quick
CMP000460,CUST001515,RM0135,Technical Issue,5.0,Quick
CMP000461,CUST001575,RM0188,Product Issue,13.0,Normal
CMP000462,CUST000219,RM0191,Loan Disbursement,6.0,Quick
CMP000463,CUST000407,RM0154,Loan Disbursement,9.0,Normal
CMP000464,CUST001600,RM0234,Account Access,6.0,Quick
CMP000465,CUST000305,RM0208,Billing Error,7.0,Quick
CMP000466,CUST001320,RM0178,Product Issue,4.0,Quick
CMP000467,CUST001197,RM0043,Delay,15.0,Normal
CMP000468,CUST001852,RM0116,Staff Behavior,5.0,Quick
CMP000469,CUST002453,RM0104,Technical Issue,6.0,Quick
CMP000470,CUST001501,RM0036,Service Issue,5.0,Quick
CMP000471,CUST000795,RM0003,Staff Behavior,3.0,Quick
CMP000472,CUST001099,RM0060,Billing Error,3.0,Quick
CMP000473,CUST001156,RM0158,Staff Behavior,2.0,Quick
CMP000474,CUST000912,RM0058,Billing Error,8.0,Normal
CMP000475,CUST002370,RM0228,Product Issue,3.0,Quick
CMP000476,CUST000971,RM0229,Insurance Claim,4.0,Quick
CMP000477,CUST000106,RM0045,Credit Card Issue,14.0,Normal
CMP000478,CUST001549,RM0201,Service Issue,6.0,Quick
CMP000479,CUST000104,RM0185,Product Issue,2.0,Quick
CMP000480,CUST002493,RM0182,Loan Disbursement,10.0,Normal
CMP000481,CUST000116,RM0049,Product Issue,3.0,Quick
CMP000482,CUST001182,RM0231,Product Issue,6.0,Quick
CMP000483,CUST002274,RM0174,Service Issue,5.0,Quick
CMP000484,CUST002170,RM0031,Service Issue,3.0,Quick
CMP000485,CUST000068,RM0164,Insurance Claim,0.0,Quick
CMP000486,CUST000489,RM0039,Insurance Claim,2.0,Quick
CMP000487,CUST001593,RM0017,Staff Behavior,3.0,Quick
CMP000488,CUST000987,RM0183,Credit Card Issue,2.0,Quick
CMP000489,CUST000024,RM0173,Technical Issue,3.0,Quick
CMP000490,CUST000087,RM0178,Loan Disbursement,31.0,Delayed
CMP000491,CUST001180,RM0145,Technical Issue,4.0,Quick
CMP000492,CUST002216,RM0245,Credit Card Issue,11.0,Normal
CMP000493,CUST000746,RM0128,Service Issue,5.0,Quick
CMP000494,CUST002362,RM0199,Billing Error,0.0,Quick
CMP000495,CUST000758,RM0084,Technical Issue,7.0,Quick
CMP000496,CUST001985,RM0242,Service Issue,2.0,Quick
CMP000497,CUST000960,RM0002,Billing Error,3.0,Quick
CMP000498,CUST000126,RM0184,Account Access,5.0,Quick
CMP000499,CUST001311,RM0032,Product Issue,12.0,Normal
CMP000500,CUST002493,RM0128,Account Access,2.0,Quick
CMP000501,CUST000281,RM0235,Technical Issue,5.0,Quick
CMP000502,CUST001065,RM0025,Technical Issue,2.0,Quick
CMP000503,CUST000360,RM0151,Account Access,5.0,Quick
CMP000504,CUST001233,RM0204,Delay,6.0,Quick
CMP000505,CUST002438,RM0175,Service Issue,8.0,Normal
CMP000506,CUST002176,RM0208,Delay,2.0,Quick
CMP000507,CUST002260,RM0115,Account Access,2.0,Quick
CMP000508,CUST001071,RM0002,Billing Error,5.0,Quick
CMP000509,CUST000228,RM0022,Billing Error,33.0,Delayed
CMP000510,CUST000505,RM0033,Insurance Claim,4.0,Quick
CMP000511,CUST000621,RM0215,Loan Disbursement,4.0,Quick
CMP000512,CUST001603,RM0059,Delay,4.0,Quick
CMP000513,CUST000588,RM0178,Product Issue,2.0,Quick
CMP000514,CUST000343,RM0128,Billing Error,9.0,Normal
CMP000515,CUST000398,RM0048,Credit Card Issue,0.0,Quick
CMP000516,CUST000120,RM0192,Delay,3.0,Quick
CMP000517,CUST000974,RM0195,Billing Error,8.0,Normal
CMP000518,CUST000781,RM0122,Product Issue,5.0,Quick
CMP000519,CUST001284,RM0044,Product Issue,6.0,Quick
CMP000520,CUST000521,RM0012,Delay,2.0,Quick
CMP000521,CUST002086,RM0215,Insurance Claim,13.0,Normal
CMP000522,CUST002052,RM0064,Technical Issue,3.0,Quick
CMP000523,CUST002187,RM0088,Technical Issue,7.0,Quick
CMP000524,CUST001238,RM0232,Technical Issue,9.0,Normal
CMP000525,CUST002384,RM0211,Loan Disbursement,5.0,Quick
CMP000526,CUST000832,RM0081,Loan Disbursement,4.0,Quick
CMP000527,CUST000713,RM0113,Loan Disbursement,21.0,Normal
CMP000528,CUST002379,RM0106,Delay,3.0,Quick
CMP000529,CUST002056,RM0176,Service Issue,16.0,Normal
CMP000530,CUST000783,RM0234,Service Issue,2.0,Quick
CMP000531,CUST000146,RM0026,Insurance Claim,4.0,Quick
CMP000532,CUST002101,RM0112,Insurance Claim,2.0,Quick
CMP000533,CUST001003,RM0078,Credit Card Issue,2.0,Quick
CMP000534,CUST001194,RM0076,Billing Error,3.0,Quick
CMP000535,CUST000539,RM0085,Product Issue,2.0,Quick
CMP000536,CUST001774,RM0070,Product Issue,23.0,Normal
CMP000537,CUST000015,RM0090,Billing Error,9.0,Normal
CMP000538,CUST000934,RM0028,Billing Error,2.0,Quick
CMP000539,CUST000295,RM0010,Service Issue,3.0,Quick
CMP000540,CUST000606,RM0139,Product Issue,7.0,Quick
CMP000541,CUST001635,RM0007,Insurance Claim,4.0,Quick
CMP000542,CUST000428,RM0201,Product Issue,10.0,Normal
CMP000543,CUST001724,RM0055,Delay,5.0,Quick
CMP000544,CUST001884,RM0220,Staff Behavior,7.0,Quick
CMP000545,CUST001265,RM0071,Insurance Claim,6.0,Quick
CMP000546,CUST000196,RM0033,Account Access,7.0,Quick
CMP000547,CUST001645,RM0232,Delay,3.0,Quick
CMP000548,CUST001225,RM0068,Billing Error,4.0,Quick
CMP000549,CUST000511,RM0246,Product Issue,2.0,Quick
CMP000550,CUST000131,RM0112,Product Issue,6.0,Quick
CMP000551,CUST000012,RM0217,Account Access,5.0,Quick
CMP000552,CUST002377,RM0214,Staff Behavior,9.0,Normal
CMP000553,CUST000805,RM0239,Loan Disbursement,3.0,Quick
CMP000554,CUST001471,RM0019,Product Issue,4.0,Quick
CMP000555,CUST000337,RM0217,Loan Disbursement,2.0,Quick
CMP000556,CUST000835,RM0158,Account Access,6.0,Quick
CMP000557,CUST000517,RM0112,Service Issue,11.0,Normal
CMP000558,CUST001717,RM0135,Credit Card Issue,9.0,Normal
CMP000559,CUST000560,RM0108,Product Issue,16.0,Normal
CMP000560,CUST000203,RM0169,Product Issue,19.0,Normal
CMP000561,CUST000667,RM0140,Credit Card Issue,9.0,Normal
CMP000562,CUST001584,RM0136,Account Access,3.0,Quick
CMP000563,CUST001211,RM0090,Service Issue,3.0,Quick
CMP000564,CUST002327,RM0239,Insurance Claim,4.0,Quick
CMP000565,CUST000024,RM0097,Billing Error,27.0,Normal
CMP000566,CUST000270,RM0185,Credit Card Issue,4.0,Quick
CMP000567,CUST002323,RM0176,Billing Error,3.0,Quick
CMP000568,CUST000743,RM0109,Staff Behavior,16.0,Normal
CMP000569,CUST000252,RM0198,Credit Card Issue,4.0,Quick
CMP000570,CUST000904,RM0133,Account Access,7.0,Quick
CMP000571,CUST001985,RM0147,Service Issue,9.0,Normal
CMP000572,CUST000118,RM0041,Service Issue,11.0,Normal
CMP000573,CUST002051,RM0025,Billing Error,10.0,Normal
CMP000574,CUST000773,RM0175,Service Issue,11.0,Normal
CMP000575,CUST002162,RM0018,Technical Issue,7.0,Quick
CMP000576,CUST002418,RM0114,Insurance Claim,4.0,Quick
CMP000577,CUST000205,RM0172,Loan Disbursement,7.0,Quick
CMP000578,CUST001107,RM0206,Delay,11.0,Normal
CMP000579,CUST001548,RM0013,Delay,4.0,Quick
CMP000580,CUST000173,RM0213,Product Issue,3.0,Quick
CMP000581,CUST000101,RM0066,Product Issue,4.0,Quick
CMP000582,CUST001138,RM0077,Service Issue,6.0,Quick
CMP000583,CUST002190,RM0092,Technical Issue,2.0,Quick
CMP000584,CUST000850,RM0250,Staff Behavior,9.0,Normal
CMP000585,CUST001104,RM0080,Billing Error,5.0,Quick
CMP000586,CUST002030,RM0092,Staff Behavior,2.0,Quick
CMP000587,CUST002391,RM0204,Loan Disbursement,2.0,Quick
CMP000588,CUST001676,RM0151,Staff Behavior,3.0,Quick
CMP000589,CUST002028,RM0186,Staff Behavior,6.0,Quick
CMP000590,CUST001718,RM0161,Insurance Claim,3.0,Quick
CMP000591,CUST001438,RM0205,Insurance Claim,4.0,Quick
CMP000592,CUST000879,RM0018,Loan Disbursement,15.0,Normal
CMP000593,CUST000762,RM0184,Staff Behavior,11.0,Normal
CMP000594,CUST001355,RM0148,Billing Error,11.0,Normal
CMP000595,CUST000995,RM0111,Insurance Claim,6.0,Quick
CMP000596,CUST001000,RM0131,Account Access,12.0,Normal
CMP000597,CUST002426,RM0044,Credit Card Issue,9.0,Normal
CMP000598,CUST001262,RM0088,Loan Disbursement,17.0,Normal
CMP000599,CUST000864,RM0178,Technical Issue,2.0,Quick
CMP000600,CUST001086,RM0086,Delay,2.0,Quick
CMP000601,CUST001977,RM0003,Service Issue,2.0,Quick
CMP000602,CUST000859,RM0012,Product Issue,15.0,Normal
CMP000603,CUST000542,RM0248,Account Access,6.0,Quick
CMP000604,CUST002382,RM0051,Account Access,4.0,Quick
CMP000605,CUST002222,RM0214,Insurance Claim,5.0,Quick
CMP000606,CUST002098,RM0087,Delay,10.0,Normal
CMP000607,CUST000234,RM0197,Delay,15.0,Normal
CMP000608,CUST001575,RM0045,Insurance Claim,0.0,Quick
CMP000609,CUST000750,RM0067,Credit Card Issue,8.0,Normal
CMP000610,CUST001453,RM0060,Account Access,9.0,Normal
CMP000611,CUST000726,RM0166,Insurance Claim,3.0,Quick
CMP000612,CUST002074,RM0197,Service Issue,5.0,Quick
CMP000613,CUST002431,RM0059,Staff Behavior,12.0,Normal
CMP000614,CUST000575,RM0194,Insurance Claim,9.0,Normal
CMP000615,CUST001088,RM0002,Credit Card Issue,7.0,Quick
CMP000616,CUST000317,RM0094,Service Issue,2.0,Quick
CMP000617,CUST001665,RM0014,Product Issue,2.0,Quick
CMP000618,CUST002154,RM0055,Staff Behavior,2.0,Quick
CMP000619,CUST001180,RM0135,Credit Card Issue,6.0,Quick
CMP000620,CUST002177,RM0157,Delay,5.0,Quick
CMP000621,CUST002057,RM0036,Insurance Claim,4.0,Quick
CMP000622,CUST001402,RM0059,Account Access,16.0,Normal
CMP000623,CUST000372,RM0127,Insurance Claim,7.0,Quick
CMP000624,CUST000097,RM0012,Insurance Claim,3.0,Quick
CMP000625,CUST001726,RM0092,Insurance Claim,2.0,Quick
CMP000626,CUST000154,RM0075,Technical Issue,11.0,Normal
CMP000627,CUST001201,RM0248,Product Issue,5.0,Quick
CMP000628,CUST000773,RM0233,Staff Behavior,7.0,Quick
CMP000629,CUST001331,RM0075,Technical Issue,6.0,Quick
CMP000630,CUST001683,RM0052,Loan Disbursement,2.0,Quick
CMP000631,CUST001504,RM0159,Credit Card Issue,2.0,Quick
CMP000632,CUST001443,RM0243,Service Issue,4.0,Quick
CMP000633,CUST001820,RM0085,Delay,4.0,Quick
CMP000634,CUST002443,RM0125,Account Access,7.0,Quick
CMP000635,CUST000059,RM0114,Technical Issue,7.0,Quick
CMP000636,CUST000198,RM0130,Loan Disbursement,19.0,Normal
CMP000637,CUST001656,RM0140,Account Access,11.0,Normal
CMP000638,CUST000463,RM0226,Loan Disbursement,5.0,Quick
CMP000639,CUST002369,RM0170,Delay,5.0,Quick
CMP000640,CUST002431,RM0243,Billing Error,7.0,Quick
CMP000641,CUST002331,RM0101,Staff Behavior,2.0,Quick
CMP000642,CUST000354,RM0189,Technical Issue,47.0,Delayed
CMP000643,CUST002147,RM0119,Loan Disbursement,5.0,Quick
CMP000644,CUST001027,RM0002,Credit Card Issue,14.0,Normal
CMP000645,CUST000183,RM0061,Technical Issue,5.0,Quick
CMP000646,CUST000545,RM0154,Staff Behavior,19.0,Normal
CMP000647,CUST002170,RM0013,Service Issue,6.0,Quick
CMP000648,CUST001848,RM0203,Account Access,2.0,Quick
CMP000649,CUST001603,RM0031,Credit Card Issue,6.0,Quick
CMP000650,CUST001886,RM0107,Loan Disbursement,6.0,Quick
CMP000651,CUST001341,RM0107,Product Issue,9.0,Normal
CMP000652,CUST001035,RM0051,Loan Disbursement,2.0,Quick
CMP000653,CUST000886,RM0143,Service Issue,5.0,Quick
CMP000654,CUST001690,RM0022,Technical Issue,14.0,Normal
CMP000655,CUST000545,RM0148,Delay,25.0,Normal
CMP000656,CUST002303,RM0080,Credit Card Issue,3.0,Quick
CMP000657,CUST001312,RM0055,Staff Behavior,12.0,Normal
CMP000658,CUST001016,RM0158,Staff Behavior,2.0,Quick
CMP000659,CUST001581,RM0185,Delay,11.0,Normal
CMP000660,CUST000166,RM0205,Loan Disbursement,3.0,Quick
CMP000661,CUST001229,RM0052,Product Issue,18.0,Normal
CMP000662,CUST002286,RM0074,Technical Issue,7.0,Quick
CMP000663,CUST001054,RM0102,Delay,4.0,Quick
CMP000664,CUST002172,RM0069,Account Access,3.0,Quick
CMP000665,CUST000127,RM0064,Credit Card Issue,3.0,Quick
CMP000666,CUST002236,RM0187,Credit Card Issue,7.0,Quick
CMP000667,CUST002030,RM0189,Delay,5.0,Quick
CMP000668,CUST000256,RM0062,Insurance Claim,13.0,Normal
CMP000669,CUST000156,RM0178,Product Issue,9.0,Normal
CMP000670,CUST002379,RM0118,Technical Issue,11.0,Normal
CMP000671,CUST000802,RM0221,Technical Issue,9.0,Normal
CMP000672,CUST001065,RM0211,Staff Behavior,21.0,Normal
CMP000673,CUST001209,RM0247,Account Access,9.0,Normal
CMP000674,CUST001654,RM0237,Product Issue,3.0,Quick
CMP000675,CUST002353,RM0045,Credit Card Issue,9.0,Normal
CMP000676,CUST002033,RM0155,Insurance Claim,3.0,Quick
CMP000677,CUST000582,RM0192,Insurance Claim,29.0,Normal
CMP000678,CUST000930,RM0035,Product Issue,4.0,Quick
CMP000679,CUST000099,RM0098,Insurance Claim,3.0,Quick
CMP000680,CUST000721,RM0056,Account Access,3.0,Quick
CMP000681,CUST001946,RM0131,Account Access,7.0,Quick
CMP000682,CUST001186,RM0117,Loan Disbursement,2.0,Quick
CMP000683,CUST000987,RM0206,Credit Card Issue,17.0,Normal
CMP000684,CUST000704,RM0213,Service Issue,3.0,Quick
CMP000685,CUST000875,RM0182,Loan Disbursement,3.0,Quick
CMP000686,CUST001268,RM0027,Insurance Claim,2.0,Quick
CMP000687,CUST002144,RM0232,Product Issue,3.0,Quick
CMP000688,CUST002139,RM0134,Credit Card Issue,4.0,Quick
CMP000689,CUST000183,RM0107,Billing Error,4.0,Quick
CMP000690,CUST002235,RM0047,Insurance Claim,3.0,Quick
CMP000691,CUST000221,RM0168,Account Access,5.0,Quick
CMP000692,CUST000833,RM0072,Product Issue,2.0,Quick
CMP000693,CUST000306,RM0089,Insurance Claim,3.0,Quick
CMP000694,CUST001708,RM0190,Technical Issue,9.0,Normal
CMP000695,CUST001384,RM0029,Insurance Claim,4.0,Quick
CMP000696,CUST000870,RM0029,Loan Disbursement,3.0,Quick
CMP000697,CUST002392,RM0002,Insurance Claim,3.0,Quick
CMP000698,CUST001298,RM0165,Insurance Claim,6.0,Quick
CMP000699,CUST001018,RM0205,Service Issue,3.0,Quick
CMP000700,CUST000349,RM0174,Account Access,6.0,Quick
CMP000701,CUST000975,RM0022,Insurance Claim,24.0,Normal
CMP000702,CUST001299,RM0034,Technical Issue,2.0,Quick
CMP000703,CUST001686,RM0059,Account Access,2.0,Quick
CMP000704,CUST000509,RM0233,Loan Disbursement,2.0,Quick
CMP000705,CUST000124,RM0124,Technical Issue,4.0,Quick
CMP000706,CUST001130,RM0072,Product Issue,2.0,Quick
CMP000707,CUST002067,RM0140,Product Issue,5.0,Quick
CMP000708,CUST000305,RM0094,Product Issue,15.0,Normal
CMP000709,CUST001105,RM0080,Staff Behavior,2.0,Quick
CMP000710,CUST002250,RM0043,Insurance Claim,4.0,Quick
CMP000711,CUST002089,RM0128,Loan Disbursement,9.0,Normal
CMP000712,CUST001824,RM0100,Insurance Claim,2.0,Quick
CMP000713,CUST001099,RM0239,Delay,2.0,Quick
CMP000714,CUST001767,RM0046,Technical Issue,6.0,Quick
CMP000715,CUST002496,RM0098,Insurance Claim,2.0,Quick
CMP000716,CUST001228,RM0057,Account Access,10.0,Normal
CMP000717,CUST000604,RM0064,Service Issue,2.0,Quick
CMP000718,CUST000807,RM0138,Service Issue,5.0,Quick
CMP000719,CUST001475,RM0013,Credit Card Issue,8.0,Normal
CMP000720,CUST002101,RM0037,Delay,3.0,Quick
CMP000721,CUST001655,RM0168,Staff Behavior,2.0,Quick
CMP000722,CUST001146,RM0193,Product Issue,2.0,Quick
CMP000723,CUST001036,RM0139,Loan Disbursement,11.0,Normal
CMP000724,CUST001484,RM0071,Account Access,8.0,Normal
CMP000725,CUST000324,RM0056,Service Issue,3.0,Quick
CMP000726,CUST000308,RM0049,Loan Disbursement,8.0,Normal
CMP000727,CUST002292,RM0167,Account Access,8.0,Normal
CMP000728,CUST000156,RM0171,Account Access,32.0,Delayed
CMP000729,CUST000948,RM0029,Delay,4.0,Quick
CMP000730,CUST000716,RM0199,Delay,12.0,Normal
CMP000731,CUST000411,RM0131,Account Access,4.0,Quick
CMP000732,CUST002056,RM0170,Delay,13.0,Normal
CMP000733,CUST000176,RM0168,Delay,2.0,Quick
CMP000734,CUST002286,RM0156,Account Access,2.0,Quick
CMP000735,CUST001601,RM0212,Loan Disbursement,11.0,Normal
CMP000736,CUST000402,RM0012,Product Issue,10.0,Normal
CMP000737,CUST000925,RM0127,Technical Issue,3.0,Quick
CMP000738,CUST000109,RM0028,Account Access,6.0,Quick
CMP000739,CUST001098,RM0071,Service Issue,4.0,Quick
CMP000740,CUST000065,RM0089,Insurance Claim,2.0,Quick
CMP000741,CUST001303,RM0077,Product Issue,2.0,Quick
CMP000742,CUST001623,RM0183,Billing Error,2.0,Quick
CMP000743,CUST000604,RM0166,Product Issue,6.0,Quick
CMP000744,CUST002444,RM0073,Account Access,3.0,Quick
CMP000745,CUST001814,RM0079,Billing Error,2.0,Quick
CMP000746,CUST002191,RM0145,Delay,16.0,Normal
CMP000747,CUST000996,RM0124,Delay,2.0,Quick
CMP000748,CUST000674,RM0197,Billing Error,7.0,Quick
CMP000749,CUST000857,RM0075,Delay,13.0,Normal
CMP000750,CUST000885,RM0243,Staff Behavior,2.0,Quick
CMP000751,CUST001829,RM0047,Service Issue,3.0,Quick
CMP000752,CUST000146,RM0173,Staff Behavior,6.0,Quick
CMP000753,CUST001770,RM0104,Staff Behavior,5.0,Quick
CMP000754,CUST000304,RM0148,Product Issue,5.0,Quick
CMP000755,CUST000148,RM0085,Credit Card Issue,6.0,Quick
CMP000756,CUST001978,RM0248,Billing Error,16.0,Normal
CMP000757,CUST001428,RM0129,Billing Error,2.0,Quick
CMP000758,CUST002080,RM0204,Service Issue,9.0,Normal
CMP000759,CUST001861,RM0005,Service Issue,3.0,Quick
CMP000760,CUST000421,RM0196,Staff Behavior,5.0,Quick
CMP000761,CUST001886,RM0149,Billing Error,4.0,Quick
CMP000762,CUST002497,RM0222,Service Issue,2.0,Quick
CMP000763,CUST002345,RM0174,Product Issue,4.0,Quick
CMP000764,CUST001770,RM0113,Insurance Claim,10.0,Normal
CMP000765,CUST000160,RM0147,Loan Disbursement,2.0,Quick
CMP000766,CUST000208,RM0016,Technical Issue,5.0,Quick
CMP000767,CUST002082,RM0159,Product Issue,3.0,Quick
CMP000768,CUST001603,RM0227,Technical Issue,4.0,Quick
CMP000769,CUST002045,RM0199,Service Issue,2.0,Quick
CMP000770,CUST001475,RM0220,Account Access,9.0,Normal
CMP000771,CUST001895,RM0103,Delay,9.0,Normal
CMP000772,CUST001361,RM0046,Insurance Claim,11.0,Normal
CMP000773,CUST002257,RM0053,Billing Error,6.0,Quick
CMP000774,CUST001117,RM0235,Billing Error,5.0,Quick
CMP000775,CUST001018,RM0008,Service Issue,3.0,Quick
CMP000776,CUST000786,RM0060,Staff Behavior,7.0,Quick
CMP000777,CUST000047,RM0002,Staff Behavior,4.0,Quick
CMP000778,CUST001501,RM0002,Loan Disbursement,19.0,Normal
CMP000779,CUST000555,RM0020,Billing Error,19.0,Normal
CMP000780,CUST001958,RM0052,Technical Issue,13.0,Normal
CMP000781,CUST002454,RM0057,Technical Issue,4.0,Quick
CMP000782,CUST001578,RM0133,Insurance Claim,4.0,Quick
CMP000783,CUST000719,RM0009,Billing Error,11.0,Normal
CMP000784,CUST001665,RM0064,Delay,8.0,Normal
CMP000785,CUST000939,RM0059,Technical Issue,8.0,Normal
CMP000786,CUST000495,RM0123,Product Issue,3.0,Quick
CMP000787,CUST000967,RM0227,Loan Disbursement,10.0,Normal
CMP000788,CUST000790,RM0038,Product Issue,6.0,Quick
CMP000789,CUST002126,RM0029,Account Access,4.0,Quick
CMP000790,CUST001689,RM0090,Billing Error,12.0,Normal
CMP000791,CUST000784,RM0001,Credit Card Issue,4.0,Quick
CMP000792,CUST001687,RM0141,Billing Error,5.0,Quick
CMP000793,CUST002121,RM0073,Service Issue,7.0,Quick
CMP000794,CUST000988,RM0245,Billing Error,5.0,Quick
CMP000795,CUST002012,RM0082,Account Access,6.0,Quick
CMP000796,CUST000611,RM0045,Staff Behavior,2.0,Quick
CMP000797,CUST000970,RM0050,Staff Behavior,5.0,Quick
CMP000798,CUST000329,RM0124,Insurance Claim,6.0,Quick
CMP000799,CUST000721,RM0147,Product Issue,5.0,Quick
CMP000800,CUST000461,RM0057,Technical Issue,11.0,Normal
CMP000801,CUST000012,RM0187,Account Access,3.0,Quick
CMP000802,CUST000962,RM0103,Service Issue,12.0,Normal
CMP000803,CUST002411,RM0081,Delay,4.0,Quick
CMP000804,CUST000985,RM0177,Credit Card Issue,7.0,Quick
CMP000805,CUST002482,RM0036,Credit Card Issue,2.0,Quick
CMP000806,CUST001743,RM0017,Loan Disbursement,3.0,Quick
CMP000807,CUST000028,RM0128,Delay,9.0,Normal
CMP000808,CUST001136,RM0002,Loan Disbursement,2.0,Quick
CMP000809,CUST002487,RM0096,Account Access,19.0,Normal
CMP000810,CUST000852,RM0151,Billing Error,3.0,Quick
CMP000811,CUST002444,RM0032,Credit Card Issue,13.0,Normal
CMP000812,CUST001886,RM0077,Billing Error,5.0,Quick
CMP000813,CUST000645,RM0110,Loan Disbursement,6.0,Quick
CMP000814,CUST000128,RM0163,Insurance Claim,2.0,Quick
CMP000815,CUST001502,RM0077,Delay,4.0,Quick
CMP000816,CUST000332,RM0120,Billing Error,2.0,Quick
CMP000817,CUST001036,RM0077,Delay,5.0,Quick
CMP000818,CUST002202,RM0163,Staff Behavior,6.0,Quick
CMP000819,CUST001689,RM0226,Billing Error,8.0,Normal
CMP000820,CUST001034,RM0181,Product Issue,12.0,Normal
CMP000821,CUST001961,RM0054,Product Issue,5.0,Quick
CMP000822,CUST002363,RM0172,Credit Card Issue,3.0,Quick
CMP000823,CUST000227,RM0168,Credit Card Issue,4.0,Quick
CMP000824,CUST002497,RM0167,Technical Issue,11.0,Normal
CMP000825,CUST000770,RM0248,Staff Behavior,2.0,Quick
CMP000826,CUST002133,RM0135,Staff Behavior,6.0,Quick
CMP000827,CUST000185,RM0193,Billing Error,2.0,Quick
CMP000828,CUST001903,RM0240,Product Issue,3.0,Quick
CMP000829,CUST002164,RM0127,Account Access,6.0,Quick
CMP000830,CUST002065,RM0011,Delay,5.0,Quick
CMP000831,CUST000882,RM0120,Service Issue,5.0,Quick
CMP000832,CUST002421,RM0191,Product Issue,7.0,Quick
CMP000833,CUST000562,RM0205,Staff Behavior,3.0,Quick
CMP000834,CUST000087,RM0207,Billing Error,3.0,Quick
CMP000835,CUST001676,RM0223,Billing Error,7.0,Quick
CMP000836,CUST001149,RM0089,Account Access,5.0,Quick
CMP000837,CUST001334,RM0099,Insurance Claim,0.0,Quick
CMP000838,CUST000766,RM0070,Account Access,2.0,Quick
CMP000839,CUST000272,RM0164,Loan Disbursement,7.0,Quick
CMP000840,CUST002156,RM0108,Product Issue,6.0,Quick
CMP000841,CUST001196,RM0105,Loan Disbursement,2.0,Quick
CMP000842,CUST001605,RM0136,Product Issue,8.0,Normal
CMP000843,CUST001795,RM0223,Service Issue,5.0,Quick
CMP000844,CUST000252,RM0112,Billing Error,3.0,Quick
CMP000845,CUST002326,RM0092,Staff Behavior,6.0,Quick
CMP000846,CUST000395,RM0120,Billing Error,6.0,Quick
CMP000847,CUST002035,RM0006,Staff Behavior,14.0,Normal
CMP000848,CUST001719,RM0071,Technical Issue,8.0,Normal
CMP000849,CUST001277,RM0011,Loan Disbursement,3.0,Quick
CMP000850,CUST001480,RM0096,Delay,2.0,Quick
CMP000851,CUST000847,RM0083,Delay,11.0,Normal
CMP000852,CUST000032,RM0201,Staff Behavior,11.0,Normal
CMP000853,CUST000988,RM0037,Loan Disbursement,2.0,Quick
CMP000854,CUST002452,RM0015,Loan Disbursement,2.0,Quick
CMP000855,CUST001721,RM0174,Delay,8.0,Normal
CMP000856,CUST001389,RM0073,Product Issue,8.0,Normal
CMP000857,CUST001885,RM0070,Delay,2.0,Quick
CMP000858,CUST000718,RM0176,Service Issue,7.0,Quick
CMP000859,CUST000341,RM0218,Insurance Claim,3.0,Quick
CMP000860,CUST000354,RM0004,Staff Behavior,3.0,Quick
CMP000861,CUST001941,RM0192,Billing Error,3.0,Quick
CMP000862,CUST000451,RM0120,Insurance Claim,5.0,Quick
CMP000863,CUST001171,RM0102,Insurance Claim,10.0,Normal
CMP000864,CUST001690,RM0207,Account Access,5.0,Quick
CMP000865,CUST001180,RM0049,Product Issue,3.0,Quick
CMP000866,CUST000707,RM0068,Insurance Claim,12.0,Normal
CMP000867,CUST001455,RM0089,Billing Error,2.0,Quick
CMP000868,CUST001727,RM0191,Credit Card Issue,9.0,Normal
CMP000869,CUST001419,RM0140,Technical Issue,9.0,Normal
CMP000870,CUST000416,RM0247,Delay,3.0,Quick
CMP000871,CUST000359,RM0032,Service Issue,3.0,Quick
CMP000872,CUST001522,RM0063,Product Issue,12.0,Normal
CMP000873,CUST001297,RM0226,Account Access,6.0,Quick
CMP000874,CUST001100,RM0246,Product Issue,2.0,Quick
CMP000875,CUST000330,RM0210,Credit Card Issue,13.0,Normal
CMP000876,CUST001344,RM0200,Loan Disbursement,4.0,Quick
CMP000877,CUST000736,RM0212,Product Issue,4.0,Quick
CMP000878,CUST001116,RM0149,Billing Error,7.0,Quick
CMP000879,CUST001853,RM0090,Account Access,7.0,Quick
CMP000880,CUST001061,RM0001,Credit Card Issue,4.0,Quick
CMP000881,CUST000244,RM0029,Technical Issue,2.0,Quick
CMP000882,CUST000883,RM0037,Service Issue,6.0,Quick
CMP000883,CUST000396,RM0096,Technical Issue,6.0,Quick
CMP000884,CUST001096,RM0102,Product Issue,11.0,Normal
CMP000885,CUST002380,RM0216,Service Issue,5.0,Quick
CMP000886,CUST001054,RM0036,Account Access,7.0,Quick
CMP000887,CUST001351,RM0226,Delay,2.0,Quick
CMP000888,CUST000744,RM0156,Delay,13.0,Normal
CMP000889,CUST000679,RM0187,Account Access,3.0,Quick
CMP000890,CUST000971,RM0181,Insurance Claim,7.0,Quick
CMP000891,CUST000715,RM0053,Billing Error,14.0,Normal
CMP000892,CUST001986,RM0162,Service Issue,10.0,Normal
CMP000893,CUST002368,RM0175,Delay,7.0,Quick
CMP000894,CUST000279,RM0013,Loan Disbursement,4.5,Quick
CMP000895,CUST002050,RM0068,Delay,8.0,Normal
CMP000896,CUST000316,RM0013,Insurance Claim,14.0,Normal
CMP000897,CUST002500,RM0250,Delay,10.0,Normal
CMP000898,CUST001069,RM0066,Credit Card Issue,6.0,Quick
CMP000899,CUST001088,RM0034,Billing Error,7.0,Quick
CMP000900,CUST000303,RM0183,Billing Error,2.0,Quick
CMP000901,CUST000413,RM0051,Staff Behavior,5.0,Quick
CMP000902,CUST002484,RM0205,Billing Error,3.0,Quick
CMP000903,CUST000032,RM0135,Billing Error,4.0,Quick
CMP000904,CUST000827,RM0024,Product Issue,7.0,Quick
CMP000905,CUST000155,RM0200,Delay,2.0,Quick
CMP000906,CUST001667,RM0030,Loan Disbursement,2.0,Quick
CMP000907,CUST001112,RM0158,Technical Issue,4.0,Quick
CMP000908,CUST001956,RM0090,Insurance Claim,3.0,Quick
CMP000909,CUST002043,RM0145,Credit Card Issue,4.0,Quick
CMP000910,CUST002234,RM0177,Credit Card Issue,15.0,Normal
CMP000911,CUST001581,RM0104,Delay,8.0,Normal
CMP000912,CUST001827,RM0061,Billing Error,3.0,Quick
CMP000913,CUST002207,RM0060,Billing Error,2.0,Quick
CMP000914,CUST001900,RM0163,Service Issue,6.0,Quick
CMP000915,CUST000014,RM0071,Credit Card Issue,7.0,Quick
CMP000916,CUST001626,RM0067,Credit Card Issue,5.0,Quick
CMP000917,CUST001767,RM0110,Insurance Claim,3.0,Quick
CMP000918,CUST000305,RM0247,Staff Behavior,2.0,Quick
CMP000919,CUST001351,RM0113,Staff Behavior,3.0,Quick
CMP000920,CUST002258,RM0016,Loan Disbursement,5.0,Quick
CMP000921,CUST001088,RM0239,Technical Issue,9.0,Normal
CMP000922,CUST000265,RM0061,Technical Issue,11.0,Normal
CMP000923,CUST000325,RM0026,Account Access,4.0,Quick
CMP000924,CUST001154,RM0225,Account Access,9.0,Normal
CMP000925,CUST002293,RM0239,Staff Behavior,27.0,Normal
CMP000926,CUST000513,RM0140,Insurance Claim,8.0,Normal
CMP000927,CUST000548,RM0070,Product Issue,8.0,Normal
CMP000928,CUST001313,RM0086,Service Issue,14.0,Normal
CMP000929,CUST000146,RM0199,Technical Issue,4.0,Quick
CMP000930,CUST002103,RM0107,Service Issue,2.0,Quick
CMP000931,CUST001481,RM0187,Staff Behavior,23.0,Normal
CMP000932,CUST002478,RM0171,Technical Issue,5.0,Quick
CMP000933,CUST001113,RM0072,Technical Issue,9.0,Normal
CMP000934,CUST000087,RM0232,Technical Issue,10.0,Normal
CMP000935,CUST001683,RM0193,Loan Disbursement,4.0,Quick
CMP000936,CUST000237,RM0117,Insurance Claim,5.0,Quick
CMP000937,CUST002374,RM0061,Staff Behavior,5.0,Quick
CMP000938,CUST001433,RM0236,Credit Card Issue,3.0,Quick
CMP000939,CUST000501,RM0032,Staff Behavior,2.0,Quick
CMP000940,CUST001351,RM0198,Insurance Claim,5.0,Quick
CMP000941,CUST000213,RM0107,Account Access,2.0,Quick
CMP000942,CUST002488,RM0007,Technical Issue,4.0,Quick
CMP000943,CUST001646,RM0215,Technical Issue,3.0,Quick
CMP000944,CUST000854,RM0109,Loan Disbursement,8.0,Normal
CMP000945,CUST001005,RM0012,Delay,12.0,Normal
CMP000946,CUST002406,RM0223,Insurance Claim,6.0,Quick
CMP000947,CUST001550,RM0124,Staff Behavior,4.0,Quick
CMP000948,CUST000178,RM0009,Insurance Claim,30.0,Normal
CMP000949,CUST001720,RM0238,Technical Issue,2.0,Quick
CMP000950,CUST002246,RM0228,Credit Card Issue,3.0,Quick
CMP000951,CUST002494,RM0163,Staff Behavior,3.0,Quick
CMP000952,CUST000032,RM0241,Loan Disbursement,4.0,Quick
CMP000953,CUST000913,RM0106,Account Access,3.0,Quick
CMP000954,CUST000096,RM0006,Product Issue,3.0,Quick
CMP000955,CUST001311,RM0221,Account Access,3.0,Quick
CMP000956,CUST001801,RM0022,Service Issue,5.0,Quick
CMP000957,CUST001689,RM0232,Technical Issue,4.0,Quick
CMP000958,CUST002140,RM0076,Product Issue,7.0,Quick
CMP000959,CUST000203,RM0233,Billing Error,5.0,Quick
CMP000960,CUST000052,RM0182,Account Access,3.0,Quick
CMP000961,CUST002017,RM0158,Credit Card Issue,10.0,Normal
CMP000962,CUST000317,RM0002,Billing Error,5.0,Quick
CMP000963,CUST000677,RM0154,Account Access,2.0,Quick
CMP000964,CUST001220,RM0102,Billing Error,2.0,Quick
CMP000965,CUST001099,RM0095,Insurance Claim,9.0,Normal
CMP000966,CUST001015,RM0224,Service Issue,8.0,Normal
CMP000967,CUST001946,RM0133,Product Issue,5.0,Quick
CMP000968,CUST002109,RM0128,Credit Card Issue,3.0,Quick
CMP000969,CUST000243,RM0159,Delay,5.0,Quick
CMP000970,CUST002497,RM0150,Credit Card Issue,7.0,Quick
CMP000971,CUST000340,RM0009,Credit Card Issue,12.0,Normal
CMP000972,CUST002225,RM0089,Account Access,6.0,Quick
CMP000973,CUST001381,RM0204,Technical Issue,5.0,Quick
CMP000974,CUST001520,RM0102,Loan Disbursement,3.0,Quick
CMP000975,CUST002000,RM0075,Account Access,2.0,Quick
CMP000976,CUST000707,RM0204,Service Issue,2.0,Quick
CMP000977,CUST001987,RM0147,Loan Disbursement,7.0,Quick
CMP000978,CUST002207,RM0120,Technical Issue,2.0,Quick
CMP000979,CUST000009,RM0191,Billing Error,5.0,Quick
CMP000980,CUST000247,RM0131,Staff Behavior,8.0,Normal
CMP000981,CUST002095,RM0077,Insurance Claim,3.0,Quick
CMP000982,CUST000419,RM0087,Billing Error,7.0,Quick
CMP000983,CUST001871,RM0007,Technical Issue,6.0,Quick
CMP000984,CUST000314,RM0064,Billing Error,4.0,Quick
CMP000985,CUST000171,RM0179,Billing Error,5.0,Quick
CMP000986,CUST000868,RM0072,Delay,13.0,Normal
CMP000987,CUST000017,RM0067,Staff Behavior,7.0,Quick
CMP000988,CUST000008,RM0146,Staff Behavior,4.0,Quick
CMP000989,CUST001112,RM0115,Insurance Claim,10.0,Normal
CMP000990,CUST000614,RM0002,Delay,8.0,Normal
CMP000991,CUST000824,RM0081,Account Access,0.0,Quick
CMP000992,CUST000582,RM0075,Credit Card Issue,9.0,Normal
CMP000993,CUST002444,RM0188,Credit Card Issue,7.0,Quick
CMP000994,CUST001897,RM0193,Technical Issue,4.0,Quick
CMP000995,CUST000299,RM0095,Account Access,4.0,Quick
CMP000996,CUST001510,RM0173,Loan Disbursement,7.0,Quick
CMP000997,CUST001379,RM0126,Delay,2.0,Quick
CMP000998,CUST001898,RM0032,Service Issue,5.0,Quick
CMP000999,CUST000514,RM0048,Delay,10.0,Normal
CMP001000,CUST000190,RM0234,Billing Error,4.0,Quick
CMP001001,CUST000839,RM0035,Credit Card Issue,6.0,Quick
CMP001002,CUST000248,RM0190,Technical Issue,6.0,Quick
CMP001003,CUST001395,RM0132,Insurance Claim,5.0,Quick
CMP001004,CUST000535,RM0040,Loan Disbursement,5.0,Quick
CMP001005,CUST000414,RM0105,Delay,8.0,Normal
CMP001006,CUST001447,RM0129,Delay,6.0,Quick
CMP001007,CUST001767,RM0090,Account Access,3.0,Quick
CMP001008,CUST000391,RM0137,Staff Behavior,2.0,Quick
CMP001009,CUST000851,RM0169,Billing Error,11.0,Normal
CMP001010,CUST000901,RM0242,Product Issue,12.0,Normal
CMP001011,CUST002014,RM0157,Delay,2.0,Quick
CMP001012,CUST001527,RM0052,Loan Disbursement,3.0,Quick
CMP001013,CUST000021,RM0033,Credit Card Issue,3.0,Quick
CMP001014,CUST000310,RM0103,Technical Issue,15.0,Normal
CMP001015,CUST000676,RM0112,Product Issue,3.0,Quick
CMP001016,CUST000675,RM0203,Delay,2.0,Quick
CMP001017,CUST000661,RM0089,Delay,3.0,Quick
CMP001018,CUST000520,RM0166,Insurance Claim,8.0,Normal
CMP001019,CUST001525,RM0164,Loan Disbursement,12.0,Normal
CMP001020,CUST000531,RM0122,Account Access,4.0,Quick
CMP001021,CUST001106,RM0216,Account Access,2.0,Quick
CMP001022,CUST001536,RM0061,Credit Card Issue,6.0,Quick
CMP001023,CUST000414,RM0129,Insurance Claim,3.0,Quick
CMP001024,CUST001943,RM0148,Loan Disbursement,2.0,Quick
CMP001025,CUST001156,RM0055,Account Access,12.0,Normal
CMP001026,CUST000375,RM0102,Technical Issue,12.0,Normal
CMP001027,CUST001519,RM0235,Product Issue,0.0,Quick
CMP001028,CUST001896,RM0125,Delay,20.0,Normal
CMP001029,CUST000901,RM0045,Service Issue,5.0,Quick
CMP001030,CUST001769,RM0003,Credit Card Issue,3.0,Quick
CMP001031,CUST001045,RM0056,Delay,9.0,Normal
CMP001032,CUST000368,RM0009,Staff Behavior,2.0,Quick
CMP001033,CUST001035,RM0206,Credit Card Issue,3.0,Quick
CMP001034,CUST000382,RM0029,Account Access,3.0,Quick
CMP001035,CUST001174,RM0250,Service Issue,17.0,Normal
CMP001036,CUST001896,RM0230,Technical Issue,8.0,Normal
CMP001037,CUST000889,RM0100,Product Issue,2.0,Quick
CMP001038,CUST000976,RM0170,Insurance Claim,2.0,Quick
CMP001039,CUST000889,RM0104,Delay,11.0,Normal
CMP001040,CUST001393,RM0196,Billing Error,10.0,Normal
CMP001041,CUST000700,RM0017,Delay,7.0,Quick
CMP001042,CUST002498,RM0009,Loan Disbursement,3.0,Quick
CMP001043,CUST002084,RM0210,Credit Card Issue,5.0,Quick
CMP001044,CUST001062,RM0019,Product Issue,6.0,Quick
CMP001045,CUST000077,RM0230,Staff Behavior,15.0,Normal
CMP001046,CUST002391,RM0030,Billing Error,2.0,Quick
CMP001047,CUST000767,RM0085,Staff Behavior,5.0,Quick
CMP001048,CUST000809,RM0146,Account Access,2.0,Quick
CMP001049,CUST000263,RM0130,Credit Card Issue,4.0,Quick
CMP001050,CUST000998,RM0202,Loan Disbursement,3.0,Quick
CMP001051,CUST001365,RM0199,Delay,11.0,Normal
CMP001052,CUST002478,RM0093,Credit Card Issue,3.0,Quick
CMP001053,CUST001342,RM0104,Loan Disbursement,4.0,Quick
CMP001054,CUST000617,RM0078,Service Issue,4.0,Quick
CMP001055,CUST000658,RM0109,Loan Disbursement,12.0,Normal
CMP001056,CUST000841,RM0129,Service Issue,9.0,Normal
CMP001057,CUST000598,RM0025,Billing Error,2.0,Quick
CMP001058,CUST001817,RM0048,Service Issue,5.0,Quick
CMP001059,CUST000913,RM0072,Account Access,2.0,Quick
CMP001060,CUST000726,RM0214,Service Issue,6.0,Quick
CMP001061,CUST002046,RM0137,Product Issue,4.0,Quick
CMP001062,CUST000408,RM0022,Technical Issue,3.0,Quick
CMP001063,CUST000571,RM0131,Staff Behavior,5.0,Quick
CMP001064,CUST000839,RM0100,Service Issue,9.0,Normal
CMP001065,CUST000089,RM0077,Technical Issue,2.0,Quick
CMP001066,CUST001738,RM0100,Delay,20.0,Normal
CMP001067,CUST001861,RM0099,Service Issue,0.0,Quick
CMP001068,CUST001003,RM0067,Technical Issue,2.0,Quick
CMP001069,CUST002192,RM0136,Service Issue,2.0,Quick
CMP001070,CUST000530,RM0069,Delay,3.0,Quick
CMP001071,CUST000898,RM0136,Billing Error,5.0,Quick
CMP001072,CUST001505,RM0058,Billing Error,3.0,Quick
CMP001073,CUST000361,RM0084,Credit Card Issue,8.0,Normal
CMP001074,CUST000813,RM0202,Product Issue,4.0,Quick
CMP001075,CUST001678,RM0122,Account Access,2.0,Quick
CMP001076,CUST000359,RM0172,Loan Disbursement,12.0,Normal
CMP001077,CUST000141,RM0215,Service Issue,16.0,Normal
CMP001078,CUST000297,RM0148,Service Issue,6.0,Quick
CMP001079,CUST002298,RM0029,Product Issue,10.0,Normal
CMP001080,CUST001173,RM0164,Service Issue,2.0,Quick
CMP001081,CUST000983,RM0039,Billing Error,3.0,Quick
CMP001082,CUST002073,RM0237,Service Issue,3.0,Quick
CMP001083,CUST000364,RM0205,Delay,18.0,Normal
CMP001084,CUST001501,RM0185,Billing Error,5.0,Quick
CMP001085,CUST000042,RM0217,Technical Issue,2.0,Quick
CMP001086,CUST000158,RM0051,Product Issue,4.0,Quick
CMP001087,CUST000281,RM0085,Delay,2.0,Quick
CMP001088,CUST001425,RM0046,Technical Issue,3.0,Quick
CMP001089,CUST002305,RM0068,Loan Disbursement,5.0,Quick
CMP001090,CUST001324,RM0013,Loan Disbursement,3.0,Quick
CMP001091,CUST001241,RM0076,Loan Disbursement,2.0,Quick
CMP001092,CUST002180,RM0213,Service Issue,2.0,Quick
CMP001093,CUST002029,RM0097,Loan Disbursement,6.0,Quick
CMP001094,CUST000428,RM0120,Insurance Claim,7.0,Quick
CMP001095,CUST002031,RM0175,Loan Disbursement,4.0,Quick
CMP001096,CUST000480,RM0092,Technical Issue,8.0,Normal
CMP001097,CUST000316,RM0211,Product Issue,2.0,Quick
CMP001098,CUST000350,RM0111,Product Issue,2.0,Quick
CMP001099,CUST001043,RM0098,Delay,11.0,Normal
CMP001100,CUST001092,RM0107,Product Issue,4.0,Quick
CMP001101,CUST000792,RM0115,Credit Card Issue,4.0,Quick
CMP001102,CUST000315,RM0240,Delay,16.0,Normal
CMP001103,CUST000019,RM0130,Technical Issue,4.0,Quick
CMP001104,CUST002345,RM0220,Technical Issue,2.0,Quick
CMP001105,CUST002150,RM0240,Insurance Claim,15.0,Normal
CMP001106,CUST000210,RM0049,Billing Error,2.0,Quick
CMP001107,CUST000639,RM0213,Account Access,7.0,Quick
CMP001108,CUST000205,RM0009,Insurance Claim,3.0,Quick
CMP001109,CUST001952,RM0158,Account Access,5.0,Quick
CMP001110,CUST001274,RM0145,Technical Issue,5.0,Quick
CMP001111,CUST001246,RM0004,Product Issue,4.0,Quick
CMP001112,CUST000688,RM0029,Account Access,9.0,Normal
CMP001113,CUST001496,RM0018,Technical Issue,5.0,Quick
CMP001114,CUST001100,RM0115,Loan Disbursement,15.0,Normal
CMP001115,CUST001654,RM0088,Delay,2.0,Quick
CMP001116,CUST000593,RM0050,Insurance Claim,10.0,Normal
CMP001117,CUST002295,RM0169,Insurance Claim,2.0,Quick
CMP001118,CUST000201,RM0194,Technical Issue,2.0,Quick
CMP001119,CUST000617,RM0027,Billing Error,17.0,Normal
CMP001120,CUST001273,RM0075,Credit Card Issue,5.0,Quick
CMP001121,CUST000835,RM0237,Billing Error,2.0,Quick
CMP001122,CUST001525,RM0057,Staff Behavior,6.0,Quick
CMP001123,CUST001126,RM0228,Delay,3.0,Quick
CMP001124,CUST001914,RM0238,Service Issue,5.0,Quick
CMP001125,CUST000763,RM0150,Loan Disbursement,6.0,Quick
CMP001126,CUST001143,RM0043,Credit Card Issue,12.0,Normal
CMP001127,CUST001979,RM0133,Insurance Claim,2.0,Quick
CMP001128,CUST000821,RM0059,Delay,3.0,Quick
CMP001129,CUST001981,RM0090,Account Access,2.0,Quick
CMP001130,CUST002461,RM0118,Service Issue,2.0,Quick
CMP001131,CUST001695,RM0179,Insurance Claim,16.0,Normal
CMP001132,CUST001918,RM0050,Insurance Claim,15.0,Normal
CMP001133,CUST001996,RM0250,Loan Disbursement,8.0,Normal
CMP001134,CUST001980,RM0179,Credit Card Issue,7.0,Quick
CMP001135,CUST001230,RM0051,Staff Behavior,11.0,Normal
CMP001136,CUST000491,RM0178,Insurance Claim,2.0,Quick
CMP001137,CUST001590,RM0032,Technical Issue,2.0,Quick
CMP001138,CUST002405,RM0184,Account Access,3.0,Quick
CMP001139,CUST002237,RM0122,Product Issue,10.0,Normal
CMP001140,CUST001396,RM0025,Billing Error,5.0,Quick
CMP001141,CUST001091,RM0028,Delay,5.0,Quick
CMP001142,CUST000450,RM0176,Account Access,3.0,Quick
CMP001143,CUST002260,RM0047,Account Access,7.0,Quick
CMP001144,CUST001246,RM0195,Insurance Claim,12.0,Normal
CMP001145,CUST001036,RM0014,Staff Behavior,3.0,Quick
CMP001146,CUST001468,RM0064,Credit Card Issue,6.0,Quick
CMP001147,CUST001629,RM0006,Billing Error,4.0,Quick
CMP001148,CUST000698,RM0204,Product Issue,9.0,Normal
CMP001149,CUST000099,RM0110,Delay,5.0,Quick
CMP001150,CUST000181,RM0157,Delay,4.0,Quick
CMP001151,CUST000971,RM0097,Product Issue,4.0,Quick
CMP001152,CUST001847,RM0085,Insurance Claim,2.0,Quick
CMP001153,CUST001431,RM0242,Insurance Claim,12.0,Normal
CMP001154,CUST001792,RM0118,Technical Issue,17.0,Normal
CMP001155,CUST000207,RM0144,Delay,5.0,Quick
CMP001156,CUST002231,RM0119,Billing Error,3.0,Quick
CMP001157,CUST001418,RM0083,Insurance Claim,7.0,Quick
CMP001158,CUST002161,RM0200,Account Access,5.0,Quick
CMP001159,CUST001056,RM0064,Account Access,0.0,Quick
CMP001160,CUST001760,RM0159,Product Issue,3.0,Quick
CMP001161,CUST001845,RM0102,Billing Error,2.0,Quick
CMP001162,CUST000479,RM0244,Delay,13.0,Normal
CMP001163,CUST001789,RM0135,Delay,9.0,Normal
CMP001164,CUST001409,RM0112,Insurance Claim,10.0,Normal
CMP001165,CUST002494,RM0174,Loan Disbursement,4.0,Quick
CMP001166,CUST002076,RM0015,Account Access,8.0,Normal
CMP001167,CUST001940,RM0193,Service Issue,6.0,Quick
CMP001168,CUST001839,RM0103,Insurance Claim,4.0,Quick
CMP001169,CUST001763,RM0178,Loan Disbursement,11.0,Normal
CMP001170,CUST000020,RM0172,Product Issue,35.0,Delayed
CMP001171,CUST000064,RM0122,Service Issue,13.0,Normal
CMP001172,CUST000201,RM0050,Delay,9.0,Normal
CMP001173,CUST002387,RM0037,Loan Disbursement,8.0,Normal
CMP001174,CUST000154,RM0136,Account Access,7.0,Quick
CMP001175,CUST000622,RM0166,Service Issue,11.0,Normal
CMP001176,CUST002137,RM0144,Staff Behavior,5.0,Quick
CMP001177,CUST000882,RM0243,Insurance Claim,3.0,Quick
CMP001178,CUST002001,RM0108,Account Access,9.0,Normal
CMP001179,CUST000269,RM0116,Insurance Claim,14.0,Normal
CMP001180,CUST002098,RM0212,Delay,5.0,Quick
CMP001181,CUST001214,RM0136,Technical Issue,4.0,Quick
CMP001182,CUST001652,RM0139,Technical Issue,9.0,Normal
CMP001183,CUST002132,RM0210,Service Issue,3.0,Quick
CMP001184,CUST000581,RM0194,Staff Behavior,16.0,Normal
CMP001185,CUST000793,RM0129,Insurance Claim,7.0,Quick
CMP001186,CUST001786,RM0196,Delay,5.0,Quick
CMP001187,CUST000948,RM0146,Credit Card Issue,6.0,Quick
CMP001188,CUST000500,RM0160,Insurance Claim,9.0,Normal
CMP001189,CUST001066,RM0010,Service Issue,10.0,Normal
CMP001190,CUST000083,RM0037,Credit Card Issue,13.0,Normal
CMP001191,CUST001281,RM0088,Product Issue,13.0,Normal
CMP001192,CUST000680,RM0150,Credit Card Issue,2.0,Quick
CMP001193,CUST002278,RM0159,Insurance Claim,2.0,Quick
CMP001194,CUST000164,RM0228,Account Access,10.0,Normal
CMP001195,CUST002334,RM0217,Billing Error,5.0,Quick
CMP001196,CUST002494,RM0125,Loan Disbursement,16.0,Normal
CMP001197,CUST000002,RM0121,Insurance Claim,3.0,Quick
CMP001198,CUST000585,RM0056,Staff Behavior,2.0,Quick
CMP001199,CUST001738,RM0085,Insurance Claim,3.0,Quick
CMP001200,CUST001643,RM0037,Insurance Claim,4.0,Quick
CMP001201,CUST000581,RM0080,Staff Behavior,9.0,Normal
CMP001202,CUST000219,RM0001,Product Issue,2.0,Quick
CMP001203,CUST000890,RM0026,Loan Disbursement,3.0,Quick
CMP001204,CUST000950,RM0014,Staff Behavior,13.0,Normal
CMP001205,CUST001858,RM0166,Loan Disbursement,2.0,Quick
CMP001206,CUST001341,RM0136,Technical Issue,9.0,Normal
CMP001207,CUST002176,RM0158,Insurance Claim,4.0,Quick
CMP001208,CUST002053,RM0205,Credit Card Issue,7.0,Quick
CMP001209,CUST000385,RM0067,Product Issue,2.0,Quick
CMP001210,CUST001937,RM0206,Billing Error,3.0,Quick
CMP001211,CUST000010,RM0147,Technical Issue,4.0,Quick
CMP001212,CUST000071,RM0089,Staff Behavior,11.0,Normal
CMP001213,CUST001599,RM0092,Insurance Claim,6.0,Quick
CMP001214,CUST001536,RM0059,Technical Issue,2.0,Quick
CMP001215,CUST001553,RM0228,Loan Disbursement,10.0,Normal
CMP001216,CUST000475,RM0110,Insurance Claim,4.0,Quick
CMP001217,CUST001100,RM0189,Service Issue,2.0,Quick
CMP001218,CUST000721,RM0063,Account Access,15.0,Normal
CMP001219,CUST002169,RM0088,Loan Disbursement,3.0,Quick
CMP001220,CUST001588,RM0152,Technical Issue,5.0,Quick
CMP001221,CUST000985,RM0012,Account Access,2.0,Quick
CMP001222,CUST001860,RM0034,Loan Disbursement,6.0,Quick
CMP001223,CUST002282,RM0103,Staff Behavior,5.0,Quick
CMP001224,CUST000570,RM0204,Loan Disbursement,4.0,Quick
CMP001225,CUST000133,RM0068,Credit Card Issue,2.0,Quick
CMP001226,CUST001870,RM0071,Credit Card Issue,12.0,Normal
CMP001227,CUST000309,RM0059,Staff Behavior,10.0,Normal
CMP001228,CUST001885,RM0065,Insurance Claim,7.0,Quick
CMP001229,CUST000932,RM0085,Technical Issue,6.0,Quick
CMP001230,CUST001159,RM0159,Product Issue,7.0,Quick
CMP001231,CUST001615,RM0031,Account Access,2.0,Quick
CMP001232,CUST001396,RM0020,Insurance Claim,15.0,Normal
CMP001233,CUST001448,RM0063,Billing Error,3.0,Quick
CMP001234,CUST002238,RM0189,Product Issue,7.0,Quick
CMP001235,CUST001932,RM0043,Service Issue,6.0,Quick
CMP001236,CUST000405,RM0126,Insurance Claim,7.0,Quick
CMP001237,CUST000744,RM0203,Staff Behavior,12.0,Normal
CMP001238,CUST000248,RM0148,Loan Disbursement,3.0,Quick
CMP001239,CUST002297,RM0018,Loan Disbursement,4.5,Quick
CMP001240,CUST000055,RM0202,Product Issue,8.0,Normal
CMP001241,CUST000416,RM0008,Technical Issue,6.0,Quick
CMP001242,CUST002460,RM0227,Insurance Claim,2.0,Quick
CMP001243,CUST000638,RM0138,Product Issue,4.0,Quick
CMP001244,CUST001062,RM0162,Credit Card Issue,11.0,Normal
CMP001245,CUST000561,RM0087,Account Access,3.0,Quick
CMP001246,CUST001038,RM0237,Product Issue,5.0,Quick
CMP001247,CUST001958,RM0225,Loan Disbursement,4.5,Quick
CMP001248,CUST001329,RM0241,Loan Disbursement,5.0,Quick
CMP001249,CUST000759,RM0191,Account Access,6.0,Quick
CMP001250,CUST000261,RM0024,Staff Behavior,12.0,Normal
CMP001251,CUST002322,RM0071,Technical Issue,2.0,Quick
CMP001252,CUST000526,RM0133,Billing Error,5.0,Quick
CMP001253,CUST002222,RM0249,Insurance Claim,4.0,Quick
CMP001254,CUST002052,RM0245,Credit Card Issue,3.0,Quick
CMP001255,CUST001355,RM0068,Delay,14.0,Normal
CMP001256,CUST001548,RM0108,Product Issue,2.0,Quick
CMP001257,CUST000429,RM0174,Delay,2.0,Quick
CMP001258,CUST000122,RM0134,Credit Card Issue,8.0,Normal
CMP001259,CUST000149,RM0103,Delay,3.0,Quick
CMP001260,CUST002094,RM0027,Service Issue,8.0,Normal
CMP001261,CUST000430,RM0094,Billing Error,10.0,Normal
CMP001262,CUST002371,RM0059,Loan Disbursement,3.0,Quick
CMP001263,CUST002295,RM0060,Loan Disbursement,3.0,Quick
CMP001264,CUST000786,RM0131,Staff Behavior,2.0,Quick
CMP001265,CUST000380,RM0011,Product Issue,3.0,Quick
CMP001266,CUST001238,RM0004,Technical Issue,3.0,Quick
CMP001267,CUST001829,RM0032,Staff Behavior,12.0,Normal
CMP001268,CUST002424,RM0021,Technical Issue,9.0,Normal
CMP001269,CUST002152,RM0196,Service Issue,2.0,Quick
CMP001270,CUST001283,RM0198,Product Issue,12.0,Normal
CMP001271,CUST001177,RM0201,Billing Error,2.0,Quick
CMP001272,CUST001109,RM0036,Loan Disbursement,7.0,Quick
CMP001273,CUST000296,RM0014,Delay,2.0,Quick
CMP001274,CUST000973,RM0209,Delay,2.0,Quick
CMP001275,CUST000055,RM0063,Service Issue,9.0,Normal
CMP001276,CUST001842,RM0073,Insurance Claim,5.0,Quick
CMP001277,CUST000336,RM0039,Technical Issue,6.0,Quick
CMP001278,CUST000167,RM0232,Insurance Claim,4.0,Quick
CMP001279,CUST000900,RM0097,Account Access,2.0,Quick
CMP001280,CUST001797,RM0222,Technical Issue,8.0,Normal
CMP001281,CUST000462,RM0036,Technical Issue,10.0,Normal
CMP001282,CUST001543,RM0038,Product Issue,2.0,Quick
CMP001283,CUST001896,RM0245,Product Issue,4.0,Quick
CMP001284,CUST000835,RM0204,Loan Disbursement,6.0,Quick
CMP001285,CUST000482,RM0092,Billing Error,6.0,Quick
CMP001286,CUST000535,RM0047,Account Access,6.0,Quick
CMP001287,CUST000460,RM0232,Account Access,7.0,Quick
CMP001288,CUST001348,RM0235,Loan Disbursement,19.0,Normal
CMP001289,CUST000537,RM0031,Staff Behavior,4.0,Quick
CMP001290,CUST001274,RM0075,Delay,6.0,Quick
CMP001291,CUST001042,RM0178,Billing Error,8.0,Normal
CMP001292,CUST001468,RM0235,Service Issue,6.0,Quick
CMP001293,CUST000264,RM0212,Insurance Claim,4.0,Quick
CMP001294,CUST000188,RM0089,Technical Issue,5.0,Quick
CMP001295,CUST001720,RM0140,Staff Behavior,6.0,Quick
CMP001296,CUST000088,RM0231,Product Issue,7.0,Quick
CMP001297,CUST001730,RM0182,Staff Behavior,6.0,Quick
CMP001298,CUST000301,RM0014,Staff Behavior,3.0,Quick
CMP001299,CUST000049,RM0072,Product Issue,5.0,Quick
CMP001300,CUST000525,RM0225,Staff Behavior,12.0,Normal
CMP001301,CUST001707,RM0022,Account Access,12.0,Normal
CMP001302,CUST001760,RM0233,Product Issue,8.0,Normal
CMP001303,CUST000841,RM0166,Service Issue,7.0,Quick
CMP001304,CUST000882,RM0241,Insurance Claim,2.0,Quick
CMP001305,CUST001729,RM0195,Insurance Claim,5.0,Quick
CMP001306,CUST001098,RM0165,Credit Card Issue,2.0,Quick
CMP001307,CUST001348,RM0190,Credit Card Issue,10.0,Normal
CMP001308,CUST001128,RM0153,Staff Behavior,3.0,Quick
CMP001309,CUST001054,RM0153,Service Issue,9.0,Normal
CMP001310,CUST002314,RM0079,Product Issue,10.0,Normal
CMP001311,CUST000674,RM0121,Product Issue,13.0,Normal
CMP001312,CUST002355,RM0102,Service Issue,9.0,Normal
CMP001313,CUST000315,RM0006,Billing Error,6.0,Quick
CMP001314,CUST000063,RM0214,Staff Behavior,6.0,Quick
CMP001315,CUST000849,RM0118,Billing Error,3.0,Quick
CMP001316,CUST001479,RM0016,Account Access,2.0,Quick
CMP001317,CUST000104,RM0109,Loan Disbursement,2.0,Quick
CMP001318,CUST001770,RM0154,Staff Behavior,5.0,Quick
CMP001319,CUST000468,RM0073,Billing Error,3.0,Quick
CMP001320,CUST001550,RM0126,Delay,15.0,Normal
CMP001321,CUST001555,RM0086,Staff Behavior,2.0,Quick
CMP001322,CUST000969,RM0053,Delay,8.0,Normal
CMP001323,CUST000132,RM0149,Technical Issue,3.0,Quick
CMP001324,CUST001262,RM0067,Service Issue,20.0,Normal
CMP001325,CUST001375,RM0248,Staff Behavior,4.0,Quick
CMP001326,CUST001804,RM0138,Technical Issue,4.0,Quick
CMP001327,CUST001499,RM0212,Technical Issue,5.0,Quick
CMP001328,CUST001008,RM0020,Service Issue,4.0,Quick
CMP001329,CUST002186,RM0188,Billing Error,10.0,Normal
CMP001330,CUST001593,RM0120,Credit Card Issue,0.0,Quick
CMP001331,CUST001212,RM0195,Insurance Claim,3.0,Quick
CMP001332,CUST001433,RM0046,Account Access,10.0,Normal
CMP001333,CUST001001,RM0226,Product Issue,7.0,Quick
CMP001334,CUST000295,RM0006,Staff Behavior,5.0,Quick
CMP001335,CUST002054,RM0175,Delay,3.0,Quick
CMP001336,CUST000889,RM0108,Account Access,2.0,Quick
CMP001337,CUST000318,RM0017,Credit Card Issue,9.0,Normal
CMP001338,CUST000780,RM0064,Staff Behavior,3.0,Quick
CMP001339,CUST001115,RM0061,Technical Issue,12.0,Normal
CMP001340,CUST001404,RM0200,Technical Issue,2.0,Quick
CMP001341,CUST001446,RM0123,Account Access,6.0,Quick
CMP001342,CUST000512,RM0233,Credit Card Issue,7.0,Quick
CMP001343,CUST001989,RM0153,Insurance Claim,7.0,Quick
CMP001344,CUST002476,RM0065,Loan Disbursement,3.0,Quick
CMP001345,CUST000221,RM0081,Service Issue,12.0,Normal
CMP001346,CUST001003,RM0238,Technical Issue,9.0,Normal
CMP001347,CUST002486,RM0111,Billing Error,5.0,Quick
CMP001348,CUST001121,RM0160,Service Issue,6.0,Quick
CMP001349,CUST000552,RM0162,Staff Behavior,6.0,Quick
CMP001350,CUST001053,RM0131,Technical Issue,16.0,Normal
CMP001351,CUST001546,RM0068,Billing Error,13.0,Normal
CMP001352,CUST002130,RM0157,Service Issue,3.0,Quick
CMP001353,CUST001260,RM0083,Service Issue,3.0,Quick
CMP001354,CUST000998,RM0207,Staff Behavior,21.0,Normal
CMP001355,CUST001761,RM0049,Account Access,3.0,Quick
CMP001356,CUST002405,RM0090,Loan Disbursement,17.0,Normal
CMP001357,CUST001479,RM0210,Account Access,7.0,Quick
CMP001358,CUST000775,RM0208,Credit Card Issue,2.0,Quick
CMP001359,CUST001221,RM0096,Billing Error,4.0,Quick
CMP001360,CUST000756,RM0066,Loan Disbursement,5.0,Quick
CMP001361,CUST001174,RM0246,Product Issue,10.0,Normal
CMP001362,CUST002042,RM0011,Technical Issue,3.0,Quick
CMP001363,CUST000896,RM0015,Staff Behavior,3.0,Quick
CMP001364,CUST001948,RM0133,Product Issue,14.0,Normal
CMP001365,CUST000337,RM0096,Technical Issue,2.0,Quick
CMP001366,CUST001020,RM0125,Staff Behavior,6.0,Quick
CMP001367,CUST002386,RM0121,Service Issue,5.0,Quick
CMP001368,CUST000161,RM0094,Product Issue,2.0,Quick
CMP001369,CUST000228,RM0216,Credit Card Issue,2.0,Quick
CMP001370,CUST000689,RM0014,Technical Issue,4.0,Quick
CMP001371,CUST000725,RM0050,Credit Card Issue,2.0,Quick
CMP001372,CUST001779,RM0053,Delay,5.0,Quick
CMP001373,CUST000603,RM0163,Service Issue,6.0,Quick
CMP001374,CUST000515,RM0221,Account Access,7.0,Quick
CMP001375,CUST000717,RM0124,Service Issue,5.0,Quick
CMP001376,CUST001451,RM0159,Service Issue,4.0,Quick
CMP001377,CUST000942,RM0213,Product Issue,2.0,Quick
CMP001378,CUST001476,RM0159,Account Access,3.0,Quick
CMP001379,CUST000161,RM0184,Insurance Claim,4.0,Quick
CMP001380,CUST002384,RM0081,Technical Issue,14.0,Normal
CMP001381,CUST001375,RM0166,Service Issue,3.0,Quick
CMP001382,CUST000438,RM0239,Loan Disbursement,4.5,Quick
CMP001383,CUST001077,RM0200,Account Access,4.0,Quick
CMP001384,CUST000110,RM0194,Credit Card Issue,8.0,Normal
CMP001385,CUST001180,RM0139,Product Issue,8.0,Normal
CMP001386,CUST001594,RM0026,Technical Issue,18.0,Normal
CMP001387,CUST001970,RM0018,Account Access,3.0,Quick
CMP001388,CUST000664,RM0085,Technical Issue,2.0,Quick
CMP001389,CUST001965,RM0148,Insurance Claim,3.0,Quick
CMP001390,CUST000754,RM0228,Technical Issue,2.0,Quick
CMP001391,CUST000138,RM0204,Insurance Claim,5.0,Quick
CMP001392,CUST001379,RM0030,Loan Disbursement,13.0,Normal
CMP001393,CUST001358,RM0128,Insurance Claim,7.0,Quick
CMP001394,CUST000658,RM0027,Technical Issue,2.0,Quick
CMP001395,CUST000122,RM0213,Credit Card Issue,2.0,Quick
CMP001396,CUST001912,RM0244,Account Access,5.0,Quick
CMP001397,CUST001131,RM0181,Insurance Claim,14.0,Normal
CMP001398,CUST000963,RM0048,Staff Behavior,5.0,Quick
CMP001399,CUST001246,RM0199,Credit Card Issue,14.0,Normal
CMP001400,CUST001558,RM0186,Delay,8.0,Normal
CMP001401,CUST001931,RM0101,Insurance Claim,27.0,Normal
CMP001402,CUST000344,RM0034,Technical Issue,12.0,Normal
CMP001403,CUST001406,RM0150,Account Access,4.0,Quick
CMP001404,CUST000916,RM0209,Loan Disbursement,0.0,Quick
CMP001405,CUST001802,RM0065,Delay,9.0,Normal
CMP001406,CUST000696,RM0128,Loan Disbursement,5.0,Quick
CMP001407,CUST001152,RM0242,Account Access,3.0,Quick
CMP001408,CUST000021,RM0248,Delay,5.0,Quick
CMP001409,CUST001176,RM0233,Insurance Claim,3.0,Quick
CMP001410,CUST001276,RM0141,Account Access,4.0,Quick
CMP001411,CUST001322,RM0186,Delay,2.0,Quick
CMP001412,CUST000897,RM0170,Product Issue,2.0,Quick
CMP001413,CUST001988,RM0173,Delay,5.0,Quick
CMP001414,CUST001568,RM0041,Billing Error,17.0,Normal
CMP001415,CUST001949,RM0202,Product Issue,6.0,Quick
CMP001416,CUST001783,RM0081,Delay,4.0,Quick
CMP001417,CUST000166,RM0116,Loan Disbursement,3.0,Quick
CMP001418,CUST000298,RM0064,Staff Behavior,3.0,Quick
CMP001419,CUST001188,RM0236,Technical Issue,7.0,Quick
CMP001420,CUST001384,RM0007,Delay,11.0,Normal
CMP001421,CUST001322,RM0011,Billing Error,4.0,Quick
CMP001422,CUST002416,RM0096,Service Issue,5.0,Quick
CMP001423,CUST001890,RM0248,Account Access,8.0,Normal
CMP001424,CUST002306,RM0243,Loan Disbursement,2.0,Quick
CMP001425,CUST001812,RM0151,Technical Issue,4.0,Quick
CMP001426,CUST002160,RM0175,Billing Error,8.0,Normal
CMP001427,CUST002199,RM0237,Insurance Claim,7.0,Quick
CMP001428,CUST001008,RM0155,Service Issue,2.0,Quick
CMP001429,CUST001920,RM0132,Account Access,3.0,Quick
CMP001430,CUST001113,RM0235,Account Access,7.0,Quick
CMP001431,CUST000419,RM0084,Delay,3.0,Quick
CMP001432,CUST000716,RM0188,Technical Issue,10.0,Normal
CMP001433,CUST001696,RM0144,Insurance Claim,2.0,Quick
CMP001434,CUST001233,RM0177,Delay,3.0,Quick
CMP001435,CUST002077,RM0066,Service Issue,3.0,Quick
CMP001436,CUST001095,RM0165,Delay,14.0,Normal
CMP001437,CUST002371,RM0043,Credit Card Issue,9.0,Normal
CMP001438,CUST000175,RM0004,Credit Card Issue,12.0,Normal
CMP001439,CUST000227,RM0187,Staff Behavior,4.0,Quick
CMP001440,CUST001689,RM0172,Service Issue,10.0,Normal
CMP001441,CUST000424,RM0199,Insurance Claim,11.0,Normal
CMP001442,CUST000012,RM0118,Credit Card Issue,4.0,Quick
CMP001443,CUST000911,RM0107,Account Access,27.0,Normal
CMP001444,CUST000925,RM0075,Loan Disbursement,11.0,Normal
CMP001445,CUST001297,RM0186,Loan Disbursement,20.0,Normal
CMP001446,CUST000039,RM0170,Product Issue,12.0,Normal
CMP001447,CUST002147,RM0033,Account Access,9.0,Normal
CMP001448,CUST000142,RM0109,Account Access,16.0,Normal
CMP001449,CUST001839,RM0181,Credit Card Issue,4.0,Quick
CMP001450,CUST000586,RM0086,Staff Behavior,9.0,Normal
CMP001451,CUST000205,RM0230,Product Issue,3.0,Quick
CMP001452,CUST001194,RM0152,Product Issue,8.0,Normal
CMP001453,CUST001865,RM0249,Staff Behavior,9.0,Normal
CMP001454,CUST001275,RM0206,Staff Behavior,8.0,Normal
CMP001455,CUST001326,RM0057,Insurance Claim,11.0,Normal
CMP001456,CUST000540,RM0128,Credit Card Issue,4.0,Quick
CMP001457,CUST000241,RM0064,Insurance Claim,5.0,Quick
CMP001458,CUST000940,RM0152,Insurance Claim,2.0,Quick
CMP001459,CUST002481,RM0088,Service Issue,2.0,Quick
CMP001460,CUST002471,RM0235,Account Access,7.0,Quick
CMP001461,CUST000294,RM0022,Service Issue,6.0,Quick
CMP001462,CUST001333,RM0222,Technical Issue,3.0,Quick
CMP001463,CUST000584,RM0010,Loan Disbursement,3.0,Quick
CMP001464,CUST001364,RM0076,Loan Disbursement,4.0,Quick
CMP001465,CUST001981,RM0119,Credit Card Issue,8.0,Normal
CMP001466,CUST001091,RM0249,Insurance Claim,6.0,Quick
CMP001467,CUST001067,RM0044,Technical Issue,2.0,Quick
CMP001468,CUST000197,RM0214,Insurance Claim,9.0,Normal
CMP001469,CUST002015,RM0110,Product Issue,5.0,Quick
CMP001470,CUST001218,RM0221,Technical Issue,3.0,Quick
CMP001471,CUST000608,RM0132,Product Issue,7.0,Quick
CMP001472,CUST001122,RM0056,Delay,2.0,Quick
CMP001473,CUST002183,RM0171,Credit Card Issue,32.0,Delayed
CMP001474,CUST001836,RM0077,Billing Error,2.0,Quick
CMP001475,CUST001617,RM0177,Product Issue,8.0,Normal
CMP001476,CUST001117,RM0191,Account Access,5.0,Quick
CMP001477,CUST001042,RM0039,Credit Card Issue,2.0,Quick
CMP001478,CUST002317,RM0189,Delay,2.0,Quick
CMP001479,CUST001265,RM0028,Credit Card Issue,4.0,Quick
CMP001480,CUST000381,RM0049,Product Issue,10.0,Normal
CMP001481,CUST001861,RM0100,Loan Disbursement,2.0,Quick
CMP001482,CUST001550,RM0214,Billing Error,8.0,Normal
CMP001483,CUST001406,RM0179,Insurance Claim,7.0,Quick
CMP001484,CUST001530,RM0144,Loan Disbursement,3.0,Quick
CMP001485,CUST000789,RM0063,Technical Issue,5.0,Quick
CMP001486,CUST002071,RM0168,Loan Disbursement,2.0,Quick
CMP001487,CUST000069,RM0149,Product Issue,5.0,Quick
CMP001488,CUST000327,RM0211,Staff Behavior,14.0,Normal
CMP001489,CUST000708,RM0151,Technical Issue,3.0,Quick
CMP001490,CUST001267,RM0102,Loan Disbursement,2.0,Quick
CMP001491,CUST000521,RM0197,Billing Error,7.0,Quick
CMP001492,CUST002168,RM0160,Technical Issue,3.0,Quick
CMP001493,CUST000137,RM0010,Billing Error,5.0,Quick
CMP001494,CUST001881,RM0081,Credit Card Issue,2.0,Quick
CMP001495,CUST000728,RM0100,Technical Issue,26.0,Normal
CMP001496,CUST000856,RM0136,Technical Issue,4.0,Quick
CMP001497,CUST002356,RM0183,Product Issue,37.0,Delayed
CMP001498,CUST001466,RM0043,Delay,4.0,Quick
CMP001499,CUST001819,RM0130,Billing Error,4.0,Quick
CMP001500,CUST001129,RM0184,Account Access,5.0,Quick
CMP001501,CUST001082,RM0180,Delay,14.0,Normal
CMP001502,CUST001562,RM0028,Billing Error,5.0,Quick
CMP001503,CUST000212,RM0183,Staff Behavior,5.0,Quick
CMP001504,CUST000199,RM0027,Product Issue,3.0,Quick
CMP001505,CUST001820,RM0225,Delay,4.0,Quick
CMP001506,CUST001255,RM0176,Service Issue,2.0,Quick
CMP001507,CUST000488,RM0045,Service Issue,17.0,Normal
CMP001508,CUST001039,RM0232,Staff Behavior,2.0,Quick
CMP001509,CUST000730,RM0230,Credit Card Issue,9.0,Normal
CMP001510,CUST000098,RM0063,Account Access,5.0,Quick
CMP001511,CUST001157,RM0162,Delay,2.0,Quick
CMP001512,CUST001776,RM0055,Delay,2.0,Quick
CMP001513,CUST002089,RM0149,Delay,15.0,Normal
CMP001514,CUST001910,RM0004,Billing Error,8.0,Normal
CMP001515,CUST000877,RM0098,Product Issue,7.0,Quick
CMP001516,CUST001720,RM0094,Insurance Claim,4.0,Quick
CMP001517,CUST000326,RM0163,Product Issue,3.0,Quick
CMP001518,CUST000509,RM0095,Loan Disbursement,7.0,Quick
CMP001519,CUST001852,RM0156,Staff Behavior,6.0,Quick
CMP001520,CUST000271,RM0104,Delay,8.0,Normal
CMP001521,CUST001283,RM0192,Technical Issue,4.0,Quick
CMP001522,CUST001465,RM0130,Staff Behavior,23.0,Normal
CMP001523,CUST002496,RM0138,Staff Behavior,2.0,Quick
CMP001524,CUST001457,RM0129,Service Issue,2.0,Quick
CMP001525,CUST000510,RM0038,Staff Behavior,14.0,Normal
CMP001526,CUST002077,RM0099,Product Issue,7.0,Quick
CMP001527,CUST000836,RM0167,Loan Disbursement,3.0,Quick
CMP001528,CUST001225,RM0241,Technical Issue,9.0,Normal
CMP001529,CUST002471,RM0234,Technical Issue,5.0,Quick
CMP001530,CUST001837,RM0179,Service Issue,2.0,Quick
CMP001531,CUST001004,RM0248,Staff Behavior,7.0,Quick
CMP001532,CUST002398,RM0210,Staff Behavior,3.0,Quick
CMP001533,CUST001992,RM0212,Loan Disbursement,2.0,Quick
CMP001534,CUST000011,RM0128,Product Issue,3.0,Quick
CMP001535,CUST000963,RM0099,Billing Error,5.0,Quick
CMP001536,CUST000797,RM0227,Delay,2.0,Quick
CMP001537,CUST002437,RM0168,Service Issue,12.0,Normal
CMP001538,CUST000606,RM0072,Technical Issue,6.0,Quick
CMP001539,CUST000111,RM0081,Delay,3.0,Quick
CMP001540,CUST001913,RM0073,Insurance Claim,7.0,Quick
CMP001541,CUST001004,RM0002,Insurance Claim,10.0,Normal
CMP001542,CUST000824,RM0020,Credit Card Issue,6.0,Quick
CMP001543,CUST002027,RM0061,Insurance Claim,3.0,Quick
CMP001544,CUST001654,RM0160,Loan Disbursement,2.0,Quick
CMP001545,CUST001913,RM0068,Delay,11.0,Normal
CMP001546,CUST001594,RM0235,Product Issue,3.0,Quick
CMP001547,CUST000683,RM0005,Delay,2.0,Quick
CMP001548,CUST001393,RM0040,Account Access,7.0,Quick
CMP001549,CUST001867,RM0168,Service Issue,2.0,Quick
CMP001550,CUST002455,RM0019,Loan Disbursement,25.0,Normal
CMP001551,CUST002222,RM0158,Insurance Claim,12.0,Normal
CMP001552,CUST001739,RM0017,Service Issue,6.0,Quick
CMP001553,CUST000297,RM0078,Technical Issue,10.0,Normal
CMP001554,CUST000872,RM0169,Service Issue,0.0,Quick
CMP001555,CUST001284,RM0246,Billing Error,5.0,Quick
CMP001556,CUST000723,RM0092,Insurance Claim,9.0,Normal
CMP001557,CUST000765,RM0214,Delay,7.0,Quick
CMP001558,CUST001861,RM0196,Account Access,2.0,Quick
CMP001559,CUST001238,RM0035,Service Issue,16.0,Normal
CMP001560,CUST001064,RM0044,Technical Issue,11.0,Normal
CMP001561,CUST001081,RM0044,Billing Error,17.0,Normal
CMP001562,CUST001147,RM0148,Delay,8.0,Normal
CMP001563,CUST001476,RM0236,Delay,4.0,Quick
CMP001564,CUST000612,RM0017,Insurance Claim,3.0,Quick
CMP001565,CUST001630,RM0054,Billing Error,2.0,Quick
CMP001566,CUST000220,RM0164,Technical Issue,2.0,Quick
CMP001567,CUST000806,RM0142,Account Access,3.0,Quick
CMP001568,CUST000009,RM0155,Account Access,5.0,Quick
CMP001569,CUST000006,RM0200,Product Issue,7.0,Quick
CMP001570,CUST001541,RM0093,Account Access,3.0,Quick
CMP001571,CUST002394,RM0169,Loan Disbursement,5.0,Quick
CMP001572,CUST000053,RM0035,Billing Error,4.0,Quick
CMP001573,CUST001709,RM0191,Delay,7.0,Quick
CMP001574,CUST001617,RM0238,Account Access,24.0,Normal
CMP001575,CUST001676,RM0162,Technical Issue,7.0,Quick
CMP001576,CUST001127,RM0190,Billing Error,2.0,Quick
CMP001577,CUST000375,RM0204,Billing Error,5.0,Quick
CMP001578,CUST001974,RM0079,Billing Error,9.0,Normal
CMP001579,CUST000310,RM0069,Service Issue,5.0,Quick
CMP001580,CUST001512,RM0073,Loan Disbursement,17.0,Normal
CMP001581,CUST000174,RM0144,Account Access,2.0,Quick
CMP001582,CUST001400,RM0098,Account Access,3.0,Quick
CMP001583,CUST001072,RM0205,Technical Issue,3.0,Quick
CMP001584,CUST001048,RM0092,Account Access,9.0,Normal
CMP001585,CUST002402,RM0213,Delay,5.0,Quick
CMP001586,CUST000830,RM0250,Account Access,2.0,Quick
CMP001587,CUST000331,RM0048,Delay,3.0,Quick
CMP001588,CUST000092,RM0074,Service Issue,5.0,Quick
CMP001589,CUST001465,RM0031,Technical Issue,29.0,Normal
CMP001590,CUST000144,RM0189,Technical Issue,4.0,Quick
CMP001591,CUST000235,RM0178,Technical Issue,2.0,Quick
CMP001592,CUST002083,RM0009,Credit Card Issue,5.0,Quick
CMP001593,CUST000083,RM0206,Technical Issue,3.0,Quick
CMP001594,CUST001197,RM0163,Billing Error,6.0,Quick
CMP001595,CUST001801,RM0164,Delay,5.0,Quick
CMP001596,CUST000670,RM0241,Service Issue,7.0,Quick
CMP001597,CUST001059,RM0139,Product Issue,14.0,Normal
CMP001598,CUST000403,RM0124,Loan Disbursement,3.0,Quick
CMP001599,CUST000042,RM0108,Product Issue,5.0,Quick
CMP001600,CUST001394,RM0219,Account Access,10.0,Normal
CMP001601,CUST002467,RM0151,Loan Disbursement,4.5,Quick
CMP001602,CUST000864,RM0001,Staff Behavior,16.0,Normal
CMP001603,CUST001364,RM0166,Service Issue,4.0,Quick
CMP001604,CUST000798,RM0164,Technical Issue,2.0,Quick
CMP001605,CUST001338,RM0142,Loan Disbursement,10.0,Normal
CMP001606,CUST001867,RM0126,Credit Card Issue,8.0,Normal
CMP001607,CUST001432,RM0130,Product Issue,3.0,Quick
CMP001608,CUST000060,RM0007,Staff Behavior,4.0,Quick
CMP001609,CUST000857,RM0118,Billing Error,6.0,Quick
CMP001610,CUST001397,RM0061,Credit Card Issue,2.0,Quick
CMP001611,CUST001696,RM0026,Billing Error,8.0,Normal
CMP001612,CUST000988,RM0196,Insurance Claim,7.0,Quick
CMP001613,CUST001997,RM0169,Billing Error,12.0,Normal
CMP001614,CUST002469,RM0171,Product Issue,6.0,Quick
CMP001615,CUST001079,RM0066,Account Access,6.0,Quick
CMP001616,CUST000050,RM0108,Insurance Claim,6.0,Quick
CMP001617,CUST000189,RM0204,Staff Behavior,3.0,Quick
CMP001618,CUST002290,RM0046,Staff Behavior,9.0,Normal
CMP001619,CUST000172,RM0249,Loan Disbursement,7.0,Quick
CMP001620,CUST001241,RM0146,Insurance Claim,11.0,Normal
CMP001621,CUST000777,RM0066,Billing Error,9.0,Normal
CMP001622,CUST001970,RM0129,Staff Behavior,7.0,Quick
CMP001623,CUST000359,RM0175,Service Issue,5.0,Quick
CMP001624,CUST001934,RM0039,Insurance Claim,2.0,Quick
CMP001625,CUST001639,RM0166,Delay,14.0,Normal
CMP001626,CUST000781,RM0123,Delay,4.0,Quick
CMP001627,CUST001079,RM0040,Account Access,18.0,Normal
CMP001628,CUST000337,RM0022,Product Issue,4.0,Quick
CMP001629,CUST000627,RM0153,Product Issue,2.0,Quick
CMP001630,CUST000993,RM0076,Insurance Claim,12.0,Normal
CMP001631,CUST001511,RM0078,Service Issue,9.0,Normal
CMP001632,CUST000668,RM0221,Account Access,9.0,Normal
CMP001633,CUST001747,RM0036,Loan Disbursement,2.0,Quick
CMP001634,CUST001519,RM0106,Loan Disbursement,12.0,Normal
CMP001635,CUST001232,RM0074,Billing Error,6.0,Quick
CMP001636,CUST001690,RM0133,Staff Behavior,5.0,Quick
CMP001637,CUST000204,RM0150,Insurance Claim,14.0,Normal
CMP001638,CUST000175,RM0066,Credit Card Issue,7.0,Quick
CMP001639,CUST002331,RM0023,Product Issue,2.0,Quick
CMP001640,CUST002371,RM0209,Service Issue,5.0,Quick
CMP001641,CUST000147,RM0025,Service Issue,7.0,Quick
CMP001642,CUST001650,RM0197,Service Issue,13.0,Normal
CMP001643,CUST000042,RM0029,Billing Error,3.0,Quick
CMP001644,CUST002245,RM0201,Billing Error,9.0,Normal
CMP001645,CUST000521,RM0215,Credit Card Issue,10.0,Normal
CMP001646,CUST000419,RM0225,Insurance Claim,2.0,Quick
CMP001647,CUST001898,RM0037,Staff Behavior,2.0,Quick
CMP001648,CUST000099,RM0027,Loan Disbursement,6.0,Quick
CMP001649,CUST001741,RM0155,Account Access,9.0,Normal
CMP001650,CUST001954,RM0043,Loan Disbursement,6.0,Quick
CMP001651,CUST001562,RM0113,Insurance Claim,10.0,Normal
CMP001652,CUST001897,RM0025,Credit Card Issue,6.0,Quick
CMP001653,CUST002297,RM0214,Loan Disbursement,7.0,Quick
CMP001654,CUST000218,RM0025,Staff Behavior,2.0,Quick
CMP001655,CUST001032,RM0169,Staff Behavior,2.0,Quick
CMP001656,CUST001777,RM0245,Billing Error,8.0,Normal
CMP001657,CUST002309,RM0116,Credit Card Issue,9.0,Normal
CMP001658,CUST002176,RM0173,Staff Behavior,5.0,Quick
CMP001659,CUST002283,RM0120,Loan Disbursement,6.0,Quick
CMP001660,CUST000599,RM0209,Delay,6.0,Quick
CMP001661,CUST000401,RM0098,Account Access,2.0,Quick
CMP001662,CUST001311,RM0138,Product Issue,7.0,Quick
CMP001663,CUST000523,RM0100,Technical Issue,5.0,Quick
CMP001664,CUST001894,RM0168,Credit Card Issue,6.0,Quick
CMP001665,CUST000104,RM0055,Insurance Claim,6.0,Quick
CMP001666,CUST002303,RM0232,Account Access,9.0,Normal
CMP001667,CUST001900,RM0005,Product Issue,3.0,Quick
CMP001668,CUST001969,RM0146,Account Access,4.0,Quick
CMP001669,CUST000605,RM0047,Account Access,5.0,Quick
CMP001670,CUST000800,RM0185,Account Access,4.0,Quick
CMP001671,CUST001646,RM0101,Account Access,9.0,Normal
CMP001672,CUST002405,RM0249,Credit Card Issue,4.0,Quick
CMP001673,CUST000867,RM0195,Loan Disbursement,2.0,Quick
CMP001674,CUST001961,RM0249,Account Access,22.0,Normal
CMP001675,CUST000346,RM0215,Staff Behavior,5.0,Quick
CMP001676,CUST002495,RM0189,Delay,2.0,Quick
CMP001677,CUST000163,RM0013,Service Issue,7.0,Quick
CMP001678,CUST002068,RM0243,Credit Card Issue,8.0,Normal
CMP001679,CUST001108,RM0195,Delay,5.0,Quick
CMP001680,CUST000220,RM0244,Service Issue,7.0,Quick
CMP001681,CUST000641,RM0245,Technical Issue,2.0,Quick
CMP001682,CUST000560,RM0169,Billing Error,4.0,Quick
CMP001683,CUST001052,RM0220,Product Issue,2.0,Quick
CMP001684,CUST002290,RM0218,Account Access,4.0,Quick
CMP001685,CUST000359,RM0135,Insurance Claim,6.0,Quick
CMP001686,CUST000591,RM0177,Service Issue,4.0,Quick
CMP001687,CUST001483,RM0014,Technical Issue,6.0,Quick
CMP001688,CUST000786,RM0235,Delay,5.0,Quick
CMP001689,CUST002268,RM0037,Staff Behavior,3.0,Quick
CMP001690,CUST002172,RM0017,Insurance Claim,0.0,Quick
CMP001691,CUST000566,RM0138,Loan Disbursement,2.0,Quick
CMP001692,CUST000011,RM0234,Technical Issue,3.0,Quick
CMP001693,CUST002467,RM0001,Product Issue,3.0,Quick
CMP001694,CUST002302,RM0073,Delay,8.0,Normal
CMP001695,CUST001519,RM0135,Delay,10.0,Normal
CMP001696,CUST000737,RM0200,Credit Card Issue,8.0,Normal
CMP001697,CUST001152,RM0030,Account Access,7.0,Quick
CMP001698,CUST000830,RM0139,Credit Card Issue,3.0,Quick
CMP001699,CUST000984,RM0137,Technical Issue,8.0,Normal
CMP001700,CUST000032,RM0226,Delay,6.0,Quick
CMP001701,CUST002073,RM0116,Staff Behavior,2.0,Quick
CMP001702,CUST001181,RM0231,Loan Disbursement,13.0,Normal
CMP001703,CUST002422,RM0176,Technical Issue,2.0,Quick
CMP001704,CUST001372,RM0125,Staff Behavior,5.0,Quick
CMP001705,CUST002265,RM0182,Service Issue,5.0,Quick
CMP001706,CUST002184,RM0180,Account Access,11.0,Normal
CMP001707,CUST002138,RM0247,Product Issue,14.0,Normal
CMP001708,CUST002063,RM0055,Product Issue,16.0,Normal
CMP001709,CUST002068,RM0219,Account Access,6.0,Quick
CMP001710,CUST002043,RM0046,Product Issue,7.0,Quick
CMP001711,CUST001976,RM0045,Insurance Claim,2.0,Quick
CMP001712,CUST000729,RM0189,Account Access,5.0,Quick
CMP001713,CUST001286,RM0229,Billing Error,13.0,Normal
CMP001714,CUST001054,RM0238,Technical Issue,5.0,Quick
CMP001715,CUST001740,RM0135,Billing Error,2.0,Quick
CMP001716,CUST000220,RM0150,Technical Issue,5.0,Quick
CMP001717,CUST000760,RM0088,Delay,3.0,Quick
CMP001718,CUST000410,RM0053,Technical Issue,4.0,Quick
CMP001719,CUST001078,RM0186,Product Issue,3.0,Quick
CMP001720,CUST001171,RM0041,Staff Behavior,4.0,Quick
CMP001721,CUST002400,RM0018,Credit Card Issue,4.0,Quick
CMP001722,CUST001170,RM0187,Staff Behavior,3.0,Quick
CMP001723,CUST001979,RM0238,Service Issue,2.0,Quick
CMP001724,CUST002102,RM0230,Staff Behavior,12.0,Normal
CMP001725,CUST002461,RM0192,Insurance Claim,7.0,Quick
CMP001726,CUST001084,RM0142,Billing Error,6.0,Quick
CMP001727,CUST000618,RM0102,Billing Error,6.0,Quick
CMP001728,CUST002096,RM0160,Delay,4.0,Quick
CMP001729,CUST000058,RM0148,Product Issue,10.0,Normal
CMP001730,CUST000463,RM0123,Account Access,15.0,Normal
CMP001731,CUST001492,RM0176,Service Issue,2.0,Quick
CMP001732,CUST001202,RM0002,Account Access,0.0,Quick
CMP001733,CUST002398,RM0080,Product Issue,5.0,Quick
CMP001734,CUST000379,RM0215,Billing Error,2.0,Quick
CMP001735,CUST000414,RM0179,Credit Card Issue,7.0,Quick
CMP001736,CUST001318,RM0059,Product Issue,3.0,Quick
CMP001737,CUST000306,RM0032,Billing Error,14.0,Normal
CMP001738,CUST001542,RM0087,Service Issue,7.0,Quick
CMP001739,CUST001664,RM0243,Service Issue,4.0,Quick
CMP001740,CUST001928,RM0127,Insurance Claim,4.0,Quick
CMP001741,CUST001882,RM0212,Delay,7.0,Quick
CMP001742,CUST002029,RM0024,Staff Behavior,2.0,Quick
CMP001743,CUST001632,RM0107,Delay,12.0,Normal
CMP001744,CUST002345,RM0196,Credit Card Issue,2.0,Quick
CMP001745,CUST000427,RM0189,Insurance Claim,21.0,Normal
CMP001746,CUST000875,RM0099,Technical Issue,2.0,Quick
CMP001747,CUST001774,RM0075,Technical Issue,5.0,Quick
CMP001748,CUST001636,RM0250,Loan Disbursement,8.0,Normal
CMP001749,CUST000856,RM0107,Account Access,2.0,Quick
CMP001750,CUST000874,RM0087,Billing Error,4.0,Quick
CMP001751,CUST001875,RM0098,Account Access,6.0,Quick
CMP001752,CUST000950,RM0030,Billing Error,2.0,Quick
CMP001753,CUST000173,RM0168,Product Issue,4.0,Quick
CMP001754,CUST000058,RM0088,Credit Card Issue,3.0,Quick
CMP001755,CUST001198,RM0060,Service Issue,5.0,Quick
CMP001756,CUST001285,RM0086,Product Issue,5.0,Quick
CMP001757,CUST001574,RM0222,Credit Card Issue,9.0,Normal
CMP001758,CUST000226,RM0033,Credit Card Issue,2.0,Quick
CMP001759,CUST002020,RM0099,Delay,2.0,Quick
CMP001760,CUST002121,RM0086,Service Issue,4.0,Quick
CMP001761,CUST000058,RM0005,Account Access,12.0,Normal
CMP001762,CUST000376,RM0201,Staff Behavior,11.0,Normal
CMP001763,CUST002303,RM0112,Technical Issue,6.0,Quick
CMP001764,CUST000112,RM0224,Product Issue,12.0,Normal
CMP001765,CUST000717,RM0141,Billing Error,10.0,Normal
CMP001766,CUST001835,RM0242,Billing Error,3.0,Quick
CMP001767,CUST001447,RM0042,Insurance Claim,2.0,Quick
CMP001768,CUST001733,RM0094,Credit Card Issue,3.0,Quick
CMP001769,CUST000681,RM0045,Staff Behavior,3.0,Quick
CMP001770,CUST000477,RM0059,Delay,6.0,Quick
CMP001771,CUST000689,RM0042,Credit Card Issue,6.0,Quick
CMP001772,CUST000960,RM0205,Service Issue,6.0,Quick
CMP001773,CUST001409,RM0116,Account Access,3.0,Quick
CMP001774,CUST001939,RM0104,Billing Error,9.0,Normal
CMP001775,CUST000326,RM0189,Account Access,4.0,Quick
CMP001776,CUST001218,RM0032,Service Issue,5.0,Quick
CMP001777,CUST002218,RM0067,Service Issue,30.0,Normal
CMP001778,CUST001015,RM0249,Insurance Claim,3.0,Quick
CMP001779,CUST000582,RM0076,Insurance Claim,4.0,Quick
CMP001780,CUST001214,RM0246,Delay,5.0,Quick
CMP001781,CUST001447,RM0086,Loan Disbursement,7.0,Quick
CMP001782,CUST000868,RM0119,Insurance Claim,12.0,Normal
CMP001783,CUST002367,RM0115,Product Issue,2.0,Quick
CMP001784,CUST002147,RM0184,Billing Error,0.0,Quick
CMP001785,CUST002021,RM0168,Product Issue,8.0,Normal
CMP001786,CUST002479,RM0131,Staff Behavior,14.0,Normal
CMP001787,CUST002164,RM0136,Staff Behavior,4.0,Quick
CMP001788,CUST000004,RM0126,Delay,3.0,Quick
CMP001789,CUST000123,RM0165,Product Issue,7.0,Quick
CMP001790,CUST002267,RM0125,Loan Disbursement,3.0,Quick
CMP001791,CUST000097,RM0159,Account Access,4.0,Quick
CMP001792,CUST000605,RM0230,Technical Issue,13.0,Normal
CMP001793,CUST001646,RM0103,Insurance Claim,6.0,Quick
CMP001794,CUST001864,RM0150,Staff Behavior,2.0,Quick
CMP001795,CUST000937,RM0209,Credit Card Issue,4.0,Quick
CMP001796,CUST000266,RM0106,Credit Card Issue,6.0,Quick
CMP001797,CUST001842,RM0175,Service Issue,5.0,Quick
CMP001798,CUST002410,RM0238,Loan Disbursement,7.0,Quick
CMP001799,CUST000191,RM0195,Insurance Claim,9.0,Normal
CMP001800,CUST000685,RM0054,Insurance Claim,5.0,Quick
CMP001801,CUST000808,RM0096,Technical Issue,23.0,Normal
CMP001802,CUST002120,RM0177,Technical Issue,14.0,Normal
CMP001803,CUST000739,RM0172,Credit Card Issue,6.0,Quick
CMP001804,CUST000243,RM0046,Service Issue,2.0,Quick
CMP001805,CUST001908,RM0049,Account Access,3.0,Quick
CMP001806,CUST001885,RM0192,Account Access,3.0,Quick
CMP001807,CUST000153,RM0033,Technical Issue,3.0,Quick
CMP001808,CUST000508,RM0149,Credit Card Issue,3.0,Quick
CMP001809,CUST000620,RM0061,Product Issue,4.0,Quick
CMP001810,CUST001232,RM0016,Billing Error,2.0,Quick
CMP001811,CUST000022,RM0187,Insurance Claim,2.0,Quick
CMP001812,CUST000182,RM0091,Loan Disbursement,2.0,Quick
CMP001813,CUST001163,RM0228,Product Issue,5.0,Quick
CMP001814,CUST001386,RM0020,Delay,2.0,Quick
CMP001815,CUST000034,RM0222,Staff Behavior,5.0,Quick
CMP001816,CUST001784,RM0124,Credit Card Issue,4.0,Quick
CMP001817,CUST000991,RM0168,Credit Card Issue,15.0,Normal
CMP001818,CUST000233,RM0074,Billing Error,2.0,Quick
CMP001819,CUST002442,RM0245,Insurance Claim,15.0,Normal
CMP001820,CUST002354,RM0010,Staff Behavior,2.0,Quick
CMP001821,CUST000757,RM0121,Insurance Claim,6.0,Quick
CMP001822,CUST001373,RM0101,Technical Issue,3.0,Quick
CMP001823,CUST001195,RM0062,Staff Behavior,10.0,Normal
CMP001824,CUST002114,RM0077,Account Access,2.0,Quick
CMP001825,CUST002211,RM0169,Technical Issue,17.0,Normal
CMP001826,CUST001453,RM0145,Service Issue,2.0,Quick
CMP001827,CUST001426,RM0141,Staff Behavior,3.0,Quick
CMP001828,CUST000280,RM0237,Loan Disbursement,5.0,Quick
CMP001829,CUST001127,RM0053,Insurance Claim,9.0,Normal
CMP001830,CUST000049,RM0235,Delay,17.0,Normal
CMP001831,CUST000527,RM0136,Billing Error,4.0,Quick
CMP001832,CUST002365,RM0128,Technical Issue,9.0,Normal
CMP001833,CUST000972,RM0016,Technical Issue,8.0,Normal
CMP001834,CUST000461,RM0109,Technical Issue,6.0,Quick
CMP001835,CUST001519,RM0141,Staff Behavior,7.0,Quick
CMP001836,CUST001960,RM0029,Insurance Claim,2.0,Quick
CMP001837,CUST001011,RM0058,Staff Behavior,4.0,Quick
CMP001838,CUST001525,RM0075,Billing Error,9.0,Normal
CMP001839,CUST002004,RM0141,Insurance Claim,5.0,Quick
CMP001840,CUST001970,RM0014,Product Issue,12.0,Normal
CMP001841,CUST000429,RM0201,Loan Disbursement,10.0,Normal
CMP001842,CUST000575,RM0165,Product Issue,11.0,Normal
CMP001843,CUST000409,RM0131,Insurance Claim,2.0,Quick
CMP001844,CUST001122,RM0123,Delay,3.0,Quick
CMP001845,CUST000698,RM0093,Billing Error,2.0,Quick
CMP001846,CUST000709,RM0089,Service Issue,22.0,Normal
CMP001847,CUST000613,RM0074,Loan Disbursement,3.0,Quick
CMP001848,CUST001777,RM0124,Service Issue,4.0,Quick
CMP001849,CUST001399,RM0044,Insurance Claim,3.0,Quick
CMP001850,CUST000510,RM0006,Technical Issue,2.0,Quick
CMP001851,CUST001204,RM0074,Service Issue,3.0,Quick
CMP001852,CUST001626,RM0195,Service Issue,2.0,Quick
CMP001853,CUST000625,RM0091,Staff Behavior,4.0,Quick
CMP001854,CUST001674,RM0112,Product Issue,19.0,Normal
CMP001855,CUST002125,RM0089,Service Issue,7.0,Quick
CMP001856,CUST000355,RM0168,Service Issue,8.0,Normal
CMP001857,CUST002320,RM0103,Billing Error,5.0,Quick
CMP001858,CUST001742,RM0010,Staff Behavior,10.0,Normal
CMP001859,CUST000830,RM0021,Account Access,13.0,Normal
CMP001860,CUST001120,RM0239,Staff Behavior,18.0,Normal
CMP001861,CUST000693,RM0080,Account Access,2.0,Quick
CMP001862,CUST000457,RM0048,Staff Behavior,12.0,Normal
CMP001863,CUST002078,RM0137,Insurance Claim,4.0,Quick
CMP001864,CUST001535,RM0191,Loan Disbursement,3.0,Quick
CMP001865,CUST001340,RM0096,Credit Card Issue,4.0,Quick
CMP001866,CUST002294,RM0156,Billing Error,4.0,Quick
CMP001867,CUST001496,RM0238,Staff Behavior,7.0,Quick
CMP001868,CUST001042,RM0181,Technical Issue,6.0,Quick
CMP001869,CUST001387,RM0248,Billing Error,2.0,Quick
CMP001870,CUST000891,RM0086,Product Issue,9.0,Normal
CMP001871,CUST000612,RM0087,Account Access,4.0,Quick
CMP001872,CUST000602,RM0168,Account Access,5.0,Quick
CMP001873,CUST001374,RM0060,Delay,2.0,Quick
CMP001874,CUST001889,RM0088,Loan Disbursement,4.0,Quick
CMP001875,CUST000891,RM0064,Loan Disbursement,5.0,Quick
CMP001876,CUST001259,RM0130,Billing Error,2.0,Quick
CMP001877,CUST001565,RM0103,Billing Error,2.0,Quick
CMP001878,CUST001170,RM0129,Product Issue,27.0,Normal
CMP001879,CUST001255,RM0044,Product Issue,12.0,Normal
CMP001880,CUST001463,RM0016,Delay,2.0,Quick
CMP001881,CUST001620,RM0096,Technical Issue,6.0,Quick
CMP001882,CUST001076,RM0092,Loan Disbursement,4.0,Quick
CMP001883,CUST002313,RM0090,Staff Behavior,5.0,Quick
CMP001884,CUST000682,RM0026,Staff Behavior,5.0,Quick
CMP001885,CUST000300,RM0219,Account Access,2.0,Quick
CMP001886,CUST001290,RM0068,Billing Error,3.0,Quick
CMP001887,CUST001493,RM0021,Product Issue,2.0,Quick
CMP001888,CUST002372,RM0158,Product Issue,5.0,Quick
CMP001889,CUST001376,RM0235,Service Issue,13.0,Normal
CMP001890,CUST000235,RM0198,Credit Card Issue,29.0,Normal
CMP001891,CUST001456,RM0166,Account Access,16.0,Normal
CMP001892,CUST000050,RM0127,Technical Issue,23.0,Normal
CMP001893,CUST001489,RM0006,Delay,2.0,Quick
CMP001894,CUST001621,RM0033,Technical Issue,8.0,Normal
CMP001895,CUST001945,RM0109,Technical Issue,3.0,Quick
CMP001896,CUST002119,RM0061,Product Issue,12.0,Normal
CMP001897,CUST002107,RM0242,Loan Disbursement,10.0,Normal
CMP001898,CUST001285,RM0111,Billing Error,4.0,Quick
CMP001899,CUST000804,RM0076,Delay,5.0,Quick
CMP001900,CUST001299,RM0031,Billing Error,3.0,Quick
CMP001901,CUST001867,RM0007,Product Issue,3.0,Quick
CMP001902,CUST000161,RM0028,Billing Error,21.0,Normal
CMP001903,CUST000342,RM0128,Product Issue,12.0,Normal
CMP001904,CUST000190,RM0001,Technical Issue,3.0,Quick
CMP001905,CUST000415,RM0165,Credit Card Issue,3.0,Quick
CMP001906,CUST000310,RM0012,Staff Behavior,5.0,Quick
CMP001907,CUST000936,RM0055,Delay,2.0,Quick
CMP001908,CUST001303,RM0067,Account Access,24.0,Normal
CMP001909,CUST000182,RM0082,Account Access,13.0,Normal
CMP001910,CUST002380,RM0033,Loan Disbursement,6.0,Quick
CMP001911,CUST002282,RM0015,Billing Error,7.0,Quick
CMP001912,CUST001388,RM0141,Account Access,8.0,Normal
CMP001913,CUST001692,RM0158,Product Issue,3.0,Quick
CMP001914,CUST001529,RM0229,Billing Error,15.0,Normal
CMP001915,CUST002310,RM0101,Insurance Claim,5.0,Quick
CMP001916,CUST002121,RM0080,Insurance Claim,2.0,Quick
CMP001917,CUST001816,RM0235,Product Issue,4.0,Quick
CMP001918,CUST000048,RM0072,Technical Issue,6.0,Quick
CMP001919,CUST002188,RM0094,Staff Behavior,4.0,Quick
CMP001920,CUST001564,RM0016,Product Issue,8.0,Normal
CMP001921,CUST000825,RM0028,Billing Error,12.0,Normal
CMP001922,CUST000424,RM0170,Credit Card Issue,9.0,Normal
CMP001923,CUST001187,RM0224,Account Access,7.0,Quick
CMP001924,CUST001748,RM0245,Account Access,5.0,Quick
CMP001925,CUST001731,RM0198,Billing Error,3.0,Quick
CMP001926,CUST002307,RM0207,Loan Disbursement,5.0,Quick
CMP001927,CUST002325,RM0231,Technical Issue,3.0,Quick
CMP001928,CUST000063,RM0159,Technical Issue,15.0,Normal
CMP001929,CUST001130,RM0109,Staff Behavior,13.0,Normal
CMP001930,CUST000968,RM0246,Insurance Claim,2.0,Quick
CMP001931,CUST000650,RM0195,Product Issue,10.0,Normal
CMP001932,CUST001647,RM0151,Staff Behavior,8.0,Normal
CMP001933,CUST002428,RM0108,Billing Error,20.0,Normal
CMP001934,CUST000426,RM0033,Credit Card Issue,5.0,Quick
CMP001935,CUST001881,RM0227,Insurance Claim,8.0,Normal
CMP001936,CUST000168,RM0232,Product Issue,5.0,Quick
CMP001937,CUST001375,RM0167,Technical Issue,2.0,Quick
CMP001938,CUST001272,RM0103,Loan Disbursement,2.0,Quick
CMP001939,CUST001759,RM0115,Delay,2.0,Quick
CMP001940,CUST000333,RM0236,Service Issue,3.0,Quick
CMP001941,CUST000042,RM0149,Insurance Claim,3.0,Quick
CMP001942,CUST002180,RM0138,Delay,8.0,Normal
CMP001943,CUST002368,RM0026,Account Access,8.0,Normal
CMP001944,CUST001329,RM0141,Technical Issue,19.0,Normal
CMP001945,CUST000572,RM0097,Service Issue,3.0,Quick
CMP001946,CUST000286,RM0177,Account Access,15.0,Normal
CMP001947,CUST002169,RM0065,Product Issue,6.0,Quick
CMP001948,CUST002291,RM0173,Staff Behavior,5.0,Quick
CMP001949,CUST000821,RM0138,Staff Behavior,7.0,Quick
CMP001950,CUST002028,RM0089,Credit Card Issue,8.0,Normal
CMP001951,CUST000138,RM0246,Delay,2.0,Quick
CMP001952,CUST000141,RM0120,Loan Disbursement,8.0,Normal
CMP001953,CUST001396,RM0120,Delay,8.0,Normal
CMP001954,CUST002301,RM0077,Service Issue,32.0,Delayed
CMP001955,CUST002485,RM0065,Credit Card Issue,14.0,Normal
CMP001956,CUST000602,RM0175,Credit Card Issue,7.0,Quick
CMP001957,CUST001970,RM0199,Credit Card Issue,8.0,Normal
CMP001958,CUST000241,RM0215,Loan Disbursement,16.0,Normal
CMP001959,CUST002045,RM0223,Loan Disbursement,19.0,Normal
CMP001960,CUST002408,RM0144,Billing Error,10.0,Normal
CMP001961,CUST001316,RM0138,Staff Behavior,9.0,Normal
CMP001962,CUST000232,RM0134,Loan Disbursement,2.0,Quick
CMP001963,CUST002246,RM0042,Credit Card Issue,10.0,Normal
CMP001964,CUST000728,RM0003,Billing Error,3.0,Quick
CMP001965,CUST001521,RM0063,Credit Card Issue,6.0,Quick
CMP001966,CUST000877,RM0094,Delay,4.0,Quick
CMP001967,CUST000214,RM0019,Insurance Claim,4.0,Quick
CMP001968,CUST000589,RM0155,Insurance Claim,3.0,Quick
CMP001969,CUST000171,RM0227,Delay,11.0,Normal
CMP001970,CUST001093,RM0042,Delay,9.0,Normal
CMP001971,CUST000923,RM0149,Billing Error,5.0,Quick
CMP001972,CUST001613,RM0056,Insurance Claim,7.0,Quick
CMP001973,CUST000571,RM0008,Loan Disbursement,0.0,Quick
CMP001974,CUST002468,RM0118,Insurance Claim,0.0,Quick
CMP001975,CUST002409,RM0237,Billing Error,22.0,Normal
CMP001976,CUST001104,RM0197,Delay,4.0,Quick
CMP001977,CUST000754,RM0052,Loan Disbursement,6.0,Quick
CMP001978,CUST000880,RM0107,Insurance Claim,5.0,Quick
CMP001979,CUST001680,RM0049,Delay,15.0,Normal
CMP001980,CUST001740,RM0107,Delay,4.0,Quick
CMP001981,CUST001402,RM0119,Technical Issue,23.0,Normal
CMP001982,CUST000076,RM0158,Billing Error,3.0,Quick
CMP001983,CUST000010,RM0231,Insurance Claim,2.0,Quick
CMP001984,CUST001779,RM0218,Service Issue,3.0,Quick
CMP001985,CUST002384,RM0057,Staff Behavior,4.0,Quick
CMP001986,CUST000441,RM0095,Product Issue,7.0,Quick
CMP001987,CUST001107,RM0212,Insurance Claim,5.0,Quick
CMP001988,CUST002318,RM0207,Delay,4.0,Quick
CMP001989,CUST000519,RM0202,Loan Disbursement,6.0,Quick
CMP001990,CUST001040,RM0153,Account Access,11.0,Normal
CMP001991,CUST000854,RM0011,Service Issue,11.0,Normal
CMP001992,CUST001711,RM0100,Delay,8.0,Normal
CMP001993,CUST000119,RM0103,Credit Card Issue,17.0,Normal
CMP001994,CUST002292,RM0214,Service Issue,6.0,Quick
CMP001995,CUST000307,RM0187,Delay,2.0,Quick
CMP001996,CUST000064,RM0170,Staff Behavior,3.0,Quick
CMP001997,CUST000306,RM0017,Billing Error,3.0,Quick
CMP001998,CUST000437,RM0119,Service Issue,5.0,Quick
CMP001999,CUST002111,RM0217,Technical Issue,13.0,Normal
CMP002000,CUST002198,RM0229,Billing Error,11.0,Normal
CMP002001,CUST000182,RM0090,Service Issue,3.0,Quick
CMP002002,CUST001488,RM0236,Credit Card Issue,5.0,Quick
CMP002003,CUST000893,RM0249,Staff Behavior,7.0,Quick
CMP002004,CUST001321,RM0181,Credit Card Issue,23.0,Normal
CMP002005,CUST000572,RM0155,Loan Disbursement,2.0,Quick
CMP002006,CUST000857,RM0022,Staff Behavior,5.0,Quick
CMP002007,CUST001147,RM0127,Product Issue,24.0,Normal
CMP002008,CUST001850,RM0045,Account Access,20.0,Normal
CMP002009,CUST001414,RM0239,Product Issue,4.0,Quick
CMP002010,CUST000454,RM0050,Service Issue,2.0,Quick
CMP002011,CUST000881,RM0077,Insurance Claim,6.0,Quick
CMP002012,CUST002171,RM0085,Technical Issue,5.0,Quick
CMP002013,CUST001358,RM0131,Product Issue,12.0,Normal
CMP002014,CUST000519,RM0036,Loan Disbursement,3.0,Quick
CMP002015,CUST002429,RM0029,Delay,15.0,Normal
CMP002016,CUST000168,RM0093,Delay,4.0,Quick
CMP002017,CUST000306,RM0217,Technical Issue,6.0,Quick
CMP002018,CUST001562,RM0087,Loan Disbursement,8.0,Normal
CMP002019,CUST001596,RM0214,Insurance Claim,4.0,Quick
CMP002020,CUST001723,RM0062,Delay,4.0,Quick
CMP002021,CUST001943,RM0203,Staff Behavior,5.0,Quick
CMP002022,CUST001469,RM0224,Product Issue,11.0,Normal
CMP002023,CUST001879,RM0131,Delay,2.0,Quick
CMP002024,CUST001120,RM0045,Insurance Claim,6.0,Quick
CMP002025,CUST000682,RM0025,Loan Disbursement,7.0,Quick
CMP002026,CUST001699,RM0102,Credit Card Issue,6.0,Quick
CMP002027,CUST000091,RM0212,Service Issue,15.0,Normal
CMP002028,CUST001627,RM0105,Insurance Claim,6.0,Quick
CMP002029,CUST000061,RM0233,Account Access,7.0,Quick
CMP002030,CUST000911,RM0216,Account Access,6.0,Quick
CMP002031,CUST000128,RM0152,Billing Error,8.0,Normal
CMP002032,CUST002162,RM0022,Account Access,2.0,Quick
CMP002033,CUST000649,RM0081,Loan Disbursement,13.0,Normal
CMP002034,CUST000894,RM0246,Insurance Claim,2.0,Quick
CMP002035,CUST000673,RM0047,Staff Behavior,7.0,Quick
CMP002036,CUST002170,RM0160,Billing Error,6.0,Quick
CMP002037,CUST002413,RM0192,Account Access,3.0,Quick
CMP002038,CUST001836,RM0014,Technical Issue,2.0,Quick
CMP002039,CUST000432,RM0247,Insurance Claim,2.0,Quick
CMP002040,CUST000050,RM0219,Insurance Claim,3.0,Quick
CMP002041,CUST002114,RM0007,Loan Disbursement,12.0,Normal
CMP002042,CUST001238,RM0210,Staff Behavior,11.0,Normal
CMP002043,CUST001342,RM0135,Delay,2.0,Quick
CMP002044,CUST002143,RM0120,Product Issue,3.0,Quick
CMP002045,CUST001975,RM0193,Product Issue,13.0,Normal
CMP002046,CUST000382,RM0067,Product Issue,3.0,Quick
CMP002047,CUST001098,RM0163,Insurance Claim,29.0,Normal
CMP002048,CUST000879,RM0162,Delay,3.0,Quick
CMP002049,CUST000923,RM0194,Billing Error,8.0,Normal
CMP002050,CUST001058,RM0142,Account Access,4.0,Quick
CMP002051,CUST002252,RM0174,Staff Behavior,0.0,Quick
CMP002052,CUST000433,RM0231,Insurance Claim,2.0,Quick
CMP002053,CUST000907,RM0126,Technical Issue,3.0,Quick
CMP002054,CUST001732,RM0146,Staff Behavior,7.0,Quick
CMP002055,CUST000299,RM0115,Billing Error,4.0,Quick
CMP002056,CUST002110,RM0021,Credit Card Issue,6.0,Quick
CMP002057,CUST001982,RM0038,Product Issue,3.0,Quick
CMP002058,CUST001337,RM0158,Credit Card Issue,4.0,Quick
CMP002059,CUST001158,RM0095,Account Access,5.0,Quick
CMP002060,CUST000038,RM0010,Service Issue,4.0,Quick
CMP002061,CUST000451,RM0112,Loan Disbursement,3.0,Quick
CMP002062,CUST000877,RM0076,Technical Issue,5.0,Quick
CMP002063,CUST000527,RM0128,Delay,7.0,Quick
CMP002064,CUST000431,RM0230,Loan Disbursement,18.0,Normal
CMP002065,CUST000494,RM0189,Account Access,9.0,Normal
CMP002066,CUST001437,RM0056,Product Issue,2.0,Quick
CMP002067,CUST000192,RM0009,Technical Issue,3.0,Quick
CMP002068,CUST000740,RM0217,Staff Behavior,2.0,Quick
CMP002069,CUST001897,RM0117,Billing Error,2.0,Quick
CMP002070,CUST002387,RM0196,Insurance Claim,3.0,Quick
CMP002071,CUST002269,RM0245,Product Issue,5.0,Quick
CMP002072,CUST000568,RM0048,Billing Error,3.0,Quick
CMP002073,CUST000541,RM0168,Insurance Claim,3.0,Quick
CMP002074,CUST000339,RM0203,Billing Error,3.0,Quick
CMP002075,CUST000158,RM0171,Insurance Claim,3.0,Quick
CMP002076,CUST002164,RM0024,Staff Behavior,2.0,Quick
CMP002077,CUST001673,RM0171,Technical Issue,3.0,Quick
CMP002078,CUST001907,RM0240,Credit Card Issue,7.0,Quick
CMP002079,CUST001847,RM0137,Insurance Claim,3.0,Quick
CMP002080,CUST000934,RM0127,Billing Error,2.0,Quick
CMP002081,CUST001061,RM0208,Loan Disbursement,2.0,Quick
CMP002082,CUST001911,RM0051,Technical Issue,5.0,Quick
CMP002083,CUST000161,RM0084,Loan Disbursement,11.0,Normal
CMP002084,CUST000933,RM0002,Delay,2.0,Quick
CMP002085,CUST002037,RM0137,Insurance Claim,5.0,Quick
CMP002086,CUST000652,RM0088,Credit Card Issue,7.0,Quick
CMP002087,CUST002147,RM0245,Billing Error,6.0,Quick
CMP002088,CUST001149,RM0208,Billing Error,12.0,Normal
CMP002089,CUST001013,RM0029,Credit Card Issue,12.0,Normal
CMP002090,CUST000722,RM0070,Technical Issue,2.0,Quick
CMP002091,CUST000431,RM0070,Technical Issue,4.0,Quick
CMP002092,CUST000971,RM0034,Insurance Claim,7.0,Quick
CMP002093,CUST001813,RM0131,Loan Disbursement,17.0,Normal
CMP002094,CUST000589,RM0102,Technical Issue,10.0,Normal
CMP002095,CUST002399,RM0037,Service Issue,2.0,Quick
CMP002096,CUST002081,RM0211,Billing Error,3.0,Quick
CMP002097,CUST001098,RM0218,Insurance Claim,9.0,Normal
CMP002098,CUST001492,RM0059,Product Issue,5.0,Quick
CMP002099,CUST000515,RM0023,Staff Behavior,5.0,Quick
CMP002100,CUST001112,RM0123,Insurance Claim,6.0,Quick
CMP002101,CUST000464,RM0136,Product Issue,2.0,Quick
CMP002102,CUST000750,RM0151,Insurance Claim,11.0,Normal
CMP002103,CUST000951,RM0110,Billing Error,11.0,Normal
CMP002104,CUST002087,RM0177,Account Access,5.0,Quick
CMP002105,CUST002448,RM0055,Service Issue,6.0,Quick
CMP002106,CUST001415,RM0029,Service Issue,7.0,Quick
CMP002107,CUST002164,RM0003,Staff Behavior,3.0,Quick
CMP002108,CUST001746,RM0129,Insurance Claim,2.0,Quick
CMP002109,CUST000533,RM0042,Credit Card Issue,2.0,Quick
CMP002110,CUST001280,RM0157,Service Issue,14.0,Normal
CMP002111,CUST002299,RM0047,Staff Behavior,4.0,Quick
CMP002112,CUST001400,RM0134,Loan Disbursement,2.0,Quick
CMP002113,CUST000253,RM0122,Delay,5.0,Quick
CMP002114,CUST000771,RM0033,Billing Error,2.0,Quick
CMP002115,CUST000139,RM0140,Account Access,2.0,Quick
CMP002116,CUST000624,RM0022,Insurance Claim,5.0,Quick
CMP002117,CUST000595,RM0197,Billing Error,5.0,Quick
CMP002118,CUST001846,RM0217,Account Access,6.0,Quick
CMP002119,CUST000060,RM0042,Service Issue,7.0,Quick
CMP002120,CUST001692,RM0066,Insurance Claim,7.0,Quick
CMP002121,CUST001446,RM0034,Staff Behavior,4.0,Quick
CMP002122,CUST002084,RM0220,Staff Behavior,7.0,Quick
CMP002123,CUST001613,RM0188,Delay,5.0,Quick
CMP002124,CUST001922,RM0053,Delay,3.0,Quick
CMP002125,CUST001668,RM0224,Billing Error,4.0,Quick
CMP002126,CUST000694,RM0184,Service Issue,4.0,Quick
CMP002127,CUST001260,RM0090,Credit Card Issue,3.0,Quick
CMP002128,CUST000817,RM0200,Billing Error,3.0,Quick
CMP002129,CUST001901,RM0028,Service Issue,2.0,Quick
CMP002130,CUST001028,RM0074,Technical Issue,5.0,Quick
CMP002131,CUST000584,RM0089,Product Issue,5.0,Quick
CMP002132,CUST000265,RM0029,Delay,4.0,Quick
CMP002133,CUST001568,RM0117,Credit Card Issue,20.0,Normal
CMP002134,CUST001764,RM0153,Staff Behavior,6.0,Quick
CMP002135,CUST000149,RM0057,Delay,12.0,Normal
CMP002136,CUST002227,RM0005,Billing Error,6.0,Quick
CMP002137,CUST000464,RM0024,Credit Card Issue,3.0,Quick
CMP002138,CUST000472,RM0077,Loan Disbursement,20.0,Normal
CMP002139,CUST001416,RM0049,Billing Error,12.0,Normal
CMP002140,CUST000824,RM0228,Service Issue,5.0,Quick
CMP002141,CUST000981,RM0036,Product Issue,3.0,Quick
CMP002142,CUST001522,RM0184,Delay,3.0,Quick
CMP002143,CUST002212,RM0141,Insurance Claim,10.0,Normal
CMP002144,CUST000875,RM0230,Loan Disbursement,2.0,Quick
CMP002145,CUST001052,RM0093,Credit Card Issue,7.0,Quick
CMP002146,CUST000996,RM0060,Product Issue,7.0,Quick
CMP002147,CUST000956,RM0112,Service Issue,3.0,Quick
CMP002148,CUST002065,RM0036,Staff Behavior,8.0,Normal
CMP002149,CUST000289,RM0234,Product Issue,8.0,Normal
CMP002150,CUST000247,RM0239,Technical Issue,4.0,Quick
CMP002151,CUST002281,RM0073,Product Issue,5.0,Quick
CMP002152,CUST000047,RM0026,Technical Issue,10.0,Normal
CMP002153,CUST002395,RM0136,Delay,5.0,Quick
CMP002154,CUST001770,RM0208,Staff Behavior,6.0,Quick
CMP002155,CUST001602,RM0049,Service Issue,4.0,Quick
CMP002156,CUST001792,RM0060,Account Access,2.0,Quick
CMP002157,CUST001799,RM0050,Technical Issue,33.0,Delayed
CMP002158,CUST000052,RM0144,Insurance Claim,5.0,Quick
CMP002159,CUST001508,RM0224,Service Issue,4.0,Quick
CMP002160,CUST000064,RM0022,Delay,8.0,Normal
CMP002161,CUST001242,RM0018,Account Access,6.0,Quick
CMP002162,CUST001361,RM0117,Credit Card Issue,3.0,Quick
CMP002163,CUST002320,RM0206,Service Issue,12.0,Normal
CMP002164,CUST002370,RM0241,Loan Disbursement,2.0,Quick
CMP002165,CUST002198,RM0227,Delay,6.0,Quick
CMP002166,CUST000754,RM0093,Loan Disbursement,5.0,Quick
CMP002167,CUST001514,RM0076,Staff Behavior,3.0,Quick
CMP002168,CUST002028,RM0110,Credit Card Issue,10.0,Normal
CMP002169,CUST002499,RM0007,Insurance Claim,7.0,Quick
CMP002170,CUST002489,RM0020,Service Issue,9.0,Normal
CMP002171,CUST001062,RM0157,Service Issue,4.0,Quick
CMP002172,CUST002336,RM0072,Staff Behavior,16.0,Normal
CMP002173,CUST001264,RM0038,Account Access,4.0,Quick
CMP002174,CUST000617,RM0192,Billing Error,5.0,Quick
CMP002175,CUST002010,RM0155,Product Issue,15.0,Normal
CMP002176,CUST001461,RM0063,Insurance Claim,2.0,Quick
CMP002177,CUST000961,RM0070,Billing Error,2.0,Quick
CMP002178,CUST001852,RM0188,Delay,27.0,Normal
CMP002179,CUST000701,RM0167,Account Access,19.0,Normal
CMP002180,CUST000338,RM0130,Billing Error,9.0,Normal
CMP002181,CUST002134,RM0020,Account Access,5.0,Quick
CMP002182,CUST000668,RM0065,Service Issue,5.0,Quick
CMP002183,CUST002200,RM0143,Insurance Claim,3.0,Quick
CMP002184,CUST002107,RM0107,Service Issue,4.0,Quick
CMP002185,CUST002390,RM0004,Delay,4.0,Quick
CMP002186,CUST001024,RM0165,Product Issue,2.0,Quick
CMP002187,CUST001935,RM0158,Credit Card Issue,5.0,Quick
CMP002188,CUST002121,RM0051,Delay,5.0,Quick
CMP002189,CUST001210,RM0043,Product Issue,7.0,Quick
CMP002190,CUST002098,RM0068,Staff Behavior,5.0,Quick
CMP002191,CUST001045,RM0214,Credit Card Issue,11.0,Normal
CMP002192,CUST000287,RM0238,Insurance Claim,4.0,Quick
CMP002193,CUST001619,RM0243,Technical Issue,5.0,Quick
CMP002194,CUST000247,RM0089,Service Issue,4.0,Quick
CMP002195,CUST001517,RM0035,Insurance Claim,6.0,Quick
CMP002196,CUST000187,RM0106,Account Access,3.0,Quick
CMP002197,CUST001324,RM0153,Delay,4.0,Quick
CMP002198,CUST000186,RM0234,Product Issue,7.0,Quick
CMP002199,CUST000702,RM0003,Staff Behavior,4.0,Quick
CMP002200,CUST000790,RM0081,Insurance Claim,13.0,Normal
CMP002201,CUST002363,RM0238,Credit Card Issue,6.0,Quick
CMP002202,CUST002342,RM0005,Billing Error,2.0,Quick
CMP002203,CUST000928,RM0151,Product Issue,5.0,Quick
CMP002204,CUST001560,RM0185,Staff Behavior,9.0,Normal
CMP002205,CUST001511,RM0004,Service Issue,7.0,Quick
CMP002206,CUST001581,RM0215,Loan Disbursement,12.0,Normal
CMP002207,CUST000747,RM0134,Product Issue,8.0,Normal
CMP002208,CUST000658,RM0129,Product Issue,2.0,Quick
CMP002209,CUST000950,RM0156,Delay,2.0,Quick
CMP002210,CUST000700,RM0036,Insurance Claim,7.0,Quick
CMP002211,CUST000381,RM0243,Service Issue,3.0,Quick
CMP002212,CUST000560,RM0221,Loan Disbursement,6.0,Quick
CMP002213,CUST000148,RM0003,Staff Behavior,9.0,Normal
CMP002214,CUST000643,RM0138,Technical Issue,6.0,Quick
CMP002215,CUST000995,RM0202,Product Issue,4.0,Quick
CMP002216,CUST001450,RM0189,Insurance Claim,4.0,Quick
CMP002217,CUST001809,RM0166,Credit Card Issue,7.0,Quick
CMP002218,CUST000989,RM0132,Insurance Claim,2.0,Quick
CMP002219,CUST001800,RM0176,Billing Error,8.0,Normal
CMP002220,CUST000419,RM0245,Product Issue,7.0,Quick
CMP002221,CUST001596,RM0104,Product Issue,5.0,Quick
CMP002222,CUST002150,RM0183,Product Issue,3.0,Quick
CMP002223,CUST002218,RM0138,Service Issue,9.0,Normal
CMP002224,CUST000156,RM0232,Service Issue,5.0,Quick
CMP002225,CUST001176,RM0005,Credit Card Issue,2.0,Quick
CMP002226,CUST002354,RM0219,Delay,14.0,Normal
CMP002227,CUST000796,RM0165,Credit Card Issue,9.0,Normal
CMP002228,CUST000790,RM0076,Billing Error,5.0,Quick
CMP002229,CUST002383,RM0117,Billing Error,6.0,Quick
CMP002230,CUST001656,RM0234,Staff Behavior,4.0,Quick
CMP002231,CUST001688,RM0036,Staff Behavior,18.0,Normal
CMP002232,CUST002237,RM0228,Billing Error,9.0,Normal
CMP002233,CUST000642,RM0132,Service Issue,5.0,Quick
CMP002234,CUST001335,RM0023,Staff Behavior,7.0,Quick
CMP002235,CUST002449,RM0212,Billing Error,3.0,Quick
CMP002236,CUST001127,RM0080,Billing Error,3.0,Quick
CMP002237,CUST002365,RM0128,Technical Issue,3.0,Quick
CMP002238,CUST001542,RM0196,Billing Error,3.0,Quick
CMP002239,CUST001895,RM0063,Account Access,8.0,Normal
CMP002240,CUST000247,RM0073,Account Access,2.0,Quick
CMP002241,CUST002125,RM0014,Loan Disbursement,9.0,Normal
CMP002242,CUST001951,RM0115,Delay,5.0,Quick
CMP002243,CUST001988,RM0168,Billing Error,0.0,Quick
CMP002244,CUST000376,RM0107,Service Issue,4.0,Quick
CMP002245,CUST000354,RM0190,Delay,3.0,Quick
CMP002246,CUST001803,RM0228,Loan Disbursement,5.0,Quick
CMP002247,CUST001566,RM0061,Account Access,3.0,Quick
CMP002248,CUST001052,RM0203,Delay,4.0,Quick
CMP002249,CUST001617,RM0078,Product Issue,8.0,Normal
CMP002250,CUST000149,RM0225,Staff Behavior,6.0,Quick
CMP002251,CUST001452,RM0027,Billing Error,8.0,Normal
CMP002252,CUST001544,RM0039,Delay,8.0,Normal
CMP002253,CUST001251,RM0126,Billing Error,10.0,Normal
CMP002254,CUST000260,RM0071,Account Access,3.0,Quick
CMP002255,CUST000206,RM0022,Account Access,28.0,Normal
CMP002256,CUST000993,RM0118,Insurance Claim,5.0,Quick
CMP002257,CUST000256,RM0015,Billing Error,8.0,Normal
CMP002258,CUST000014,RM0217,Technical Issue,7.0,Quick
CMP002259,CUST001662,RM0247,Technical Issue,6.0,Quick
CMP002260,CUST002041,RM0056,Account Access,29.0,Normal
CMP002261,CUST000510,RM0101,Service Issue,3.0,Quick
CMP002262,CUST000564,RM0186,Billing Error,4.0,Quick
CMP002263,CUST001534,RM0202,Service Issue,2.0,Quick
CMP002264,CUST000984,RM0240,Credit Card Issue,3.0,Quick
CMP002265,CUST000181,RM0190,Product Issue,8.0,Normal
CMP002266,CUST001561,RM0141,Technical Issue,0.0,Quick
CMP002267,CUST001168,RM0137,Service Issue,2.0,Quick
CMP002268,CUST001453,RM0101,Technical Issue,13.0,Normal
CMP002269,CUST000372,RM0243,Delay,7.0,Quick
CMP002270,CUST000496,RM0214,Insurance Claim,4.0,Quick
CMP002271,CUST002494,RM0192,Billing Error,4.0,Quick
CMP002272,CUST001418,RM0150,Insurance Claim,2.0,Quick
CMP002273,CUST000215,RM0022,Service Issue,14.0,Normal
CMP002274,CUST000512,RM0169,Account Access,8.0,Normal
CMP002275,CUST000434,RM0192,Staff Behavior,4.0,Quick
CMP002276,CUST000921,RM0054,Staff Behavior,2.0,Quick
CMP002277,CUST000391,RM0026,Billing Error,3.0,Quick
CMP002278,CUST001048,RM0078,Insurance Claim,3.0,Quick
CMP002279,CUST001493,RM0225,Billing Error,9.0,Normal
CMP002280,CUST001350,RM0058,Service Issue,5.0,Quick
CMP002281,CUST002147,RM0191,Technical Issue,8.0,Normal
CMP002282,CUST002375,RM0155,Loan Disbursement,5.0,Quick
CMP002283,CUST002233,RM0065,Insurance Claim,12.0,Normal
CMP002284,CUST002480,RM0235,Billing Error,2.0,Quick
CMP002285,CUST000540,RM0030,Technical Issue,5.0,Quick
CMP002286,CUST001841,RM0126,Billing Error,8.0,Normal
CMP002287,CUST000962,RM0212,Insurance Claim,2.0,Quick
CMP002288,CUST000583,RM0123,Billing Error,4.0,Quick
CMP002289,CUST002476,RM0165,Service Issue,6.0,Quick
CMP002290,CUST001844,RM0032,Loan Disbursement,4.0,Quick
CMP002291,CUST002053,RM0194,Delay,5.0,Quick
CMP002292,CUST001309,RM0177,Service Issue,6.0,Quick
CMP002293,CUST001710,RM0225,Delay,4.0,Quick
CMP002294,CUST002336,RM0099,Loan Disbursement,2.0,Quick
CMP002295,CUST001162,RM0103,Loan Disbursement,2.0,Quick
CMP002296,CUST002485,RM0117,Delay,5.0,Quick
CMP002297,CUST000447,RM0169,Staff Behavior,2.0,Quick
CMP002298,CUST001524,RM0184,Delay,13.0,Normal
CMP002299,CUST002321,RM0055,Product Issue,10.0,Normal
CMP002300,CUST000890,RM0089,Insurance Claim,4.0,Quick
CMP002301,CUST001173,RM0213,Credit Card Issue,10.0,Normal
CMP002302,CUST000492,RM0160,Loan Disbursement,5.0,Quick
CMP002303,CUST001571,RM0023,Loan Disbursement,2.0,Quick
CMP002304,CUST001383,RM0107,Loan Disbursement,6.0,Quick
CMP002305,CUST000760,RM0113,Credit Card Issue,7.0,Quick
CMP002306,CUST000014,RM0147,Staff Behavior,2.0,Quick
CMP002307,CUST000962,RM0092,Account Access,3.0,Quick
CMP002308,CUST000070,RM0205,Service Issue,2.0,Quick
CMP002309,CUST001524,RM0112,Loan Disbursement,3.0,Quick
CMP002310,CUST000382,RM0074,Billing Error,4.0,Quick
CMP002311,CUST000554,RM0202,Delay,6.0,Quick
CMP002312,CUST001544,RM0139,Staff Behavior,3.0,Quick
CMP002313,CUST001079,RM0174,Loan Disbursement,2.0,Quick
CMP002314,CUST001875,RM0131,Loan Disbursement,3.0,Quick
CMP002315,CUST000846,RM0218,Account Access,10.0,Normal
CMP002316,CUST002449,RM0004,Technical Issue,4.0,Quick
CMP002317,CUST001140,RM0112,Staff Behavior,4.0,Quick
CMP002318,CUST000187,RM0176,Account Access,5.0,Quick
CMP002319,CUST002395,RM0112,Product Issue,8.0,Normal
CMP002320,CUST000923,RM0189,Service Issue,5.0,Quick
CMP002321,CUST001044,RM0243,Billing Error,2.0,Quick
CMP002322,CUST002204,RM0102,Account Access,3.0,Quick
CMP002323,CUST000168,RM0040,Account Access,3.0,Quick
CMP002324,CUST000358,RM0025,Loan Disbursement,5.0,Quick
CMP002325,CUST001377,RM0053,Credit Card Issue,2.0,Quick
CMP002326,CUST001772,RM0220,Staff Behavior,3.0,Quick
CMP002327,CUST001082,RM0235,Billing Error,6.0,Quick
CMP002328,CUST001064,RM0028,Product Issue,4.0,Quick
CMP002329,CUST001451,RM0050,Product Issue,8.0,Normal
CMP002330,CUST001995,RM0117,Technical Issue,4.0,Quick
CMP002331,CUST002342,RM0130,Delay,21.0,Normal
CMP002332,CUST001737,RM0123,Insurance Claim,18.0,Normal
CMP002333,CUST000952,RM0097,Credit Card Issue,10.0,Normal
CMP002334,CUST000731,RM0195,Product Issue,17.0,Normal
CMP002335,CUST001596,RM0163,Loan Disbursement,3.0,Quick
CMP002336,CUST000720,RM0162,Product Issue,8.0,Normal
CMP002337,CUST002225,RM0138,Technical Issue,3.0,Quick
CMP002338,CUST001409,RM0233,Billing Error,8.0,Normal
CMP002339,CUST000386,RM0203,Insurance Claim,4.0,Quick
CMP002340,CUST001097,RM0121,Product Issue,3.0,Quick
CMP002341,CUST000900,RM0155,Loan Disbursement,4.5,Quick
CMP002342,CUST000582,RM0171,Technical Issue,17.0,Normal
CMP002343,CUST002169,RM0116,Insurance Claim,3.0,Quick
CMP002344,CUST002062,RM0037,Credit Card Issue,9.0,Normal
CMP002345,CUST002110,RM0165,Delay,5.0,Quick
CMP002346,CUST000331,RM0149,Billing Error,7.0,Quick
CMP002347,CUST002297,RM0157,Loan Disbursement,3.0,Quick
CMP002348,CUST000484,RM0201,Account Access,5.0,Quick
CMP002349,CUST001892,RM0023,Product Issue,2.0,Quick
CMP002350,CUST000918,RM0016,Service Issue,14.0,Normal
CMP002351,CUST000475,RM0089,Account Access,19.0,Normal
CMP002352,CUST002050,RM0161,Credit Card Issue,8.0,Normal
CMP002353,CUST002045,RM0021,Billing Error,11.0,Normal
CMP002354,CUST000449,RM0067,Account Access,2.0,Quick
CMP002355,CUST002122,RM0042,Account Access,4.0,Quick
CMP002356,CUST001513,RM0133,Technical Issue,5.0,Quick
CMP002357,CUST002438,RM0194,Service Issue,4.0,Quick
CMP002358,CUST000884,RM0061,Account Access,6.0,Quick
CMP002359,CUST001445,RM0114,Delay,3.0,Quick
CMP002360,CUST000644,RM0028,Loan Disbursement,6.0,Quick
CMP002361,CUST001500,RM0240,Delay,7.0,Quick
CMP002362,CUST002198,RM0173,Technical Issue,2.0,Quick
CMP002363,CUST001051,RM0001,Technical Issue,2.0,Quick
CMP002364,CUST001619,RM0010,Billing Error,2.0,Quick
CMP002365,CUST001504,RM0009,Staff Behavior,9.0,Normal
CMP002366,CUST001364,RM0065,Product Issue,4.0,Quick
CMP002367,CUST000587,RM0126,Product Issue,3.0,Quick
CMP002368,CUST000877,RM0131,Technical Issue,9.0,Normal
CMP002369,CUST002278,RM0233,Product Issue,2.0,Quick
CMP002370,CUST001790,RM0093,Technical Issue,4.0,Quick
CMP002371,CUST001357,RM0194,Staff Behavior,8.0,Normal
CMP002372,CUST001285,RM0046,Credit Card Issue,6.0,Quick
CMP002373,CUST002447,RM0016,Service Issue,6.0,Quick
CMP002374,CUST001329,RM0036,Billing Error,2.0,Quick
CMP002375,CUST000315,RM0054,Credit Card Issue,2.0,Quick
CMP002376,CUST000761,RM0076,Loan Disbursement,6.0,Quick
CMP002377,CUST001570,RM0039,Credit Card Issue,2.0,Quick
CMP002378,CUST002165,RM0086,Service Issue,12.0,Normal
CMP002379,CUST001306,RM0156,Insurance Claim,4.0,Quick
CMP002380,CUST000829,RM0229,Loan Disbursement,4.0,Quick
CMP002381,CUST001229,RM0178,Technical Issue,3.0,Quick
CMP002382,CUST000739,RM0098,Staff Behavior,12.0,Normal
CMP002383,CUST002484,RM0173,Technical Issue,7.0,Quick
CMP002384,CUST002389,RM0092,Service Issue,4.0,Quick
CMP002385,CUST002078,RM0217,Billing Error,6.0,Quick
CMP002386,CUST001159,RM0057,Technical Issue,4.0,Quick
CMP002387,CUST000082,RM0154,Staff Behavior,5.0,Quick
CMP002388,CUST002246,RM0228,Service Issue,4.0,Quick
CMP002389,CUST000873,RM0212,Insurance Claim,4.0,Quick
CMP002390,CUST001332,RM0109,Account Access,3.0,Quick
CMP002391,CUST000656,RM0170,Billing Error,2.0,Quick
CMP002392,CUST000714,RM0004,Billing Error,2.0,Quick
CMP002393,CUST001656,RM0198,Staff Behavior,2.0,Quick
CMP002394,CUST000369,RM0069,Billing Error,3.0,Quick
CMP002395,CUST000389,RM0142,Insurance Claim,13.0,Normal
CMP002396,CUST000135,RM0043,Insurance Claim,6.0,Quick
CMP002397,CUST000218,RM0050,Account Access,17.0,Normal
CMP002398,CUST001388,RM0170,Product Issue,4.0,Quick
CMP002399,CUST000840,RM0214,Product Issue,4.0,Quick
CMP002400,CUST001668,RM0012,Technical Issue,8.0,Normal
CMP002401,CUST000414,RM0047,Billing Error,6.0,Quick
CMP002402,CUST001646,RM0059,Credit Card Issue,5.0,Quick
CMP002403,CUST000624,RM0032,Staff Behavior,6.0,Quick
CMP002404,CUST001546,RM0154,Account Access,6.0,Quick
CMP002405,CUST000695,RM0118,Credit Card Issue,9.0,Normal
CMP002406,CUST001266,RM0082,Technical Issue,7.0,Quick
CMP002407,CUST000224,RM0067,Service Issue,17.0,Normal
CMP002408,CUST002131,RM0121,Insurance Claim,16.0,Normal
CMP002409,CUST001821,RM0022,Staff Behavior,4.0,Quick
CMP002410,CUST000443,RM0178,Account Access,2.0,Quick
CMP002411,CUST001227,RM0244,Technical Issue,2.0,Quick
CMP002412,CUST001411,RM0118,Service Issue,2.0,Quick
CMP002413,CUST000797,RM0150,Account Access,2.0,Quick
CMP002414,CUST001606,RM0215,Technical Issue,4.0,Quick
CMP002415,CUST001939,RM0071,Account Access,2.0,Quick
CMP002416,CUST001146,RM0001,Billing Error,6.0,Quick
CMP002417,CUST000538,RM0082,Staff Behavior,3.0,Quick
CMP002418,CUST001778,RM0122,Delay,5.0,Quick
CMP002419,CUST001741,RM0148,Technical Issue,2.0,Quick
CMP002420,CUST001152,RM0159,Account Access,10.0,Normal
CMP002421,CUST000649,RM0015,Technical Issue,9.0,Normal
CMP002422,CUST000676,RM0142,Credit Card Issue,6.0,Quick
CMP002423,CUST002209,RM0040,Loan Disbursement,4.0,Quick
CMP002424,CUST000871,RM0057,Credit Card Issue,14.0,Normal
CMP002425,CUST000211,RM0113,Service Issue,3.0,Quick
CMP002426,CUST000623,RM0040,Account Access,10.0,Normal
CMP002427,CUST001922,RM0062,Technical Issue,5.0,Quick
CMP002428,CUST000196,RM0157,Technical Issue,3.0,Quick
CMP002429,CUST001003,RM0030,Insurance Claim,2.0,Quick
CMP002430,CUST001384,RM0075,Billing Error,2.0,Quick
CMP002431,CUST001288,RM0211,Credit Card Issue,11.0,Normal
CMP002432,CUST001561,RM0062,Insurance Claim,6.0,Quick
CMP002433,CUST002453,RM0004,Insurance Claim,3.0,Quick
CMP002434,CUST002268,RM0086,Account Access,5.0,Quick
CMP002435,CUST002344,RM0166,Insurance Claim,2.0,Quick
CMP002436,CUST001632,RM0154,Staff Behavior,2.0,Quick
CMP002437,CUST000503,RM0207,Credit Card Issue,13.0,Normal
CMP002438,CUST001674,RM0060,Product Issue,5.0,Quick
CMP002439,CUST001445,RM0179,Insurance Claim,4.0,Quick
CMP002440,CUST001977,RM0009,Product Issue,16.0,Normal
CMP002441,CUST000176,RM0103,Billing Error,4.0,Quick
CMP002442,CUST001385,RM0007,Account Access,4.0,Quick
CMP002443,CUST000994,RM0034,Product Issue,3.0,Quick
CMP002444,CUST001165,RM0152,Technical Issue,6.0,Quick
CMP002445,CUST000083,RM0108,Delay,6.0,Quick
CMP002446,CUST000295,RM0179,Technical Issue,2.0,Quick
CMP002447,CUST001526,RM0141,Loan Disbursement,7.0,Quick
CMP002448,CUST001588,RM0004,Technical Issue,9.0,Normal
CMP002449,CUST000302,RM0102,Staff Behavior,6.0,Quick
CMP002450,CUST002000,RM0059,Account Access,12.0,Normal
CMP002451,CUST002071,RM0133,Delay,3.0,Quick
CMP002452,CUST000066,RM0207,Delay,3.0,Quick
CMP002453,CUST001915,RM0108,Service Issue,7.0,Quick
CMP002454,CUST001363,RM0111,Service Issue,3.0,Quick
CMP002455,CUST000403,RM0103,Loan Disbursement,2.0,Quick
CMP002456,CUST001936,RM0207,Account Access,2.0,Quick
CMP002457,CUST000784,RM0185,Technical Issue,9.0,Normal
CMP002458,CUST001721,RM0086,Product Issue,2.0,Quick
CMP002459,CUST002358,RM0077,Billing Error,3.0,Quick
CMP002460,CUST001095,RM0169,Service Issue,2.0,Quick
CMP002461,CUST000941,RM0008,Billing Error,9.0,Normal
CMP002462,CUST001124,RM0039,Billing Error,5.0,Quick
CMP002463,CUST000235,RM0051,Delay,3.0,Quick
CMP002464,CUST000545,RM0138,Service Issue,8.0,Normal
CMP002465,CUST001445,RM0017,Account Access,8.0,Normal
CMP002466,CUST001206,RM0211,Credit Card Issue,5.0,Quick
CMP002467,CUST000423,RM0226,Billing Error,3.0,Quick
CMP002468,CUST001106,RM0096,Loan Disbursement,6.0,Quick
CMP002469,CUST002307,RM0068,Staff Behavior,15.0,Normal
CMP002470,CUST001732,RM0061,Account Access,2.0,Quick
CMP002471,CUST001668,RM0209,Technical Issue,3.0,Quick
CMP002472,CUST002413,RM0159,Billing Error,3.0,Quick
CMP002473,CUST000454,RM0025,Product Issue,6.0,Quick
CMP002474,CUST001741,RM0141,Billing Error,7.0,Quick
CMP002475,CUST001467,RM0177,Service Issue,3.0,Quick
CMP002476,CUST001635,RM0189,Credit Card Issue,3.0,Quick
CMP002477,CUST001967,RM0155,Loan Disbursement,15.0,Normal
CMP002478,CUST000853,RM0176,Account Access,9.0,Normal
CMP002479,CUST002018,RM0054,Technical Issue,15.0,Normal
CMP002480,CUST000322,RM0169,Product Issue,10.0,Normal
CMP002481,CUST001575,RM0049,Delay,4.0,Quick
CMP002482,CUST002160,RM0106,Billing Error,2.0,Quick
CMP002483,CUST001149,RM0090,Service Issue,6.0,Quick
CMP002484,CUST001425,RM0094,Credit Card Issue,4.0,Quick
CMP002485,CUST001019,RM0224,Credit Card Issue,4.0,Quick
CMP002486,CUST000734,RM0101,Loan Disbursement,4.0,Quick
CMP002487,CUST000665,RM0131,Billing Error,15.0,Normal
CMP002488,CUST002467,RM0007,Insurance Claim,2.0,Quick
CMP002489,CUST001849,RM0023,Account Access,3.0,Quick
CMP002490,CUST001342,RM0061,Technical Issue,6.0,Quick
CMP002491,CUST001425,RM0159,Technical Issue,12.0,Normal
CMP002492,CUST000458,RM0058,Loan Disbursement,14.0,Normal
CMP002493,CUST000304,RM0097,Staff Behavior,6.0,Quick
CMP002494,CUST002015,RM0008,Service Issue,2.0,Quick
CMP002495,CUST000002,RM0129,Technical Issue,4.0,Quick
CMP002496,CUST000866,RM0016,Loan Disbursement,14.0,Normal
CMP002497,CUST000637,RM0228,Credit Card Issue,5.0,Quick
CMP002498,CUST001233,RM0085,Credit Card Issue,0.0,Quick
CMP002499,CUST001988,RM0092,Delay,8.0,Normal
CMP002500,CUST001987,RM0028,Product Issue,3.0,Quick
