Loan_ID,Customer_ID,RM_ID,Loan_Type,Loan_Amount,Loan_Status
LN0000001,CUST001246,RM0055,Business Loan,211531,Rejected
LN0000002,CUST000953,RM0019,Education Loan,88352,Active
LN0000003,CUST000196,RM0057,Plot Loan,145189,Pending
LN0000004,CUST000709,RM0228,Business Loan,420486,Active
LN0000005,CUST002271,RM0155,Plot Loan,256684,Approved
LN0000006,CUST001175,RM0241,Business Loan,260378,Closed
LN0000007,CUST001883,RM0225,Personal Loan,453212,Pending
LN0000008,CUST001947,RM0068,Education Loan,498812,Active
LN0000009,CUST001824,RM0077,Personal Loan,554627,Closed
LN0000010,CUST002410,RM0215,Car Loan,69930,Pending
LN0000011,CUST001463,RM0039,Personal Loan,207107,Defaulted
LN0000012,CUST001732,RM0088,Personal Loan,319807,Pending
LN0000013,CUST000056,RM0010,Gold Loan,332878,Active
LN0000014,CUST001261,RM0193,Business Loan,236644,Approved
LN0000015,CUST002424,RM0214,Gold Loan,86493,Approved
LN0000016,CUST001835,RM0071,Education Loan,369324,Active
LN0000017,CUST001673,RM0172,Gold Loan,99856,Pending
LN0000018,CUST000604,RM0005,Car Loan,304672,Approved
LN0000019,CUST002158,RM0018,Personal Loan,68014,Active
LN0000020,CUST000762,RM0233,Education Loan,174653,Approved
LN0000021,CUST000716,RM0018,Home Loan,88226,Pending
LN0000022,CUST001373,RM0116,Home Loan,132340,Rejected
LN0000023,CUST001391,RM0117,Personal Loan,53649,Defaulted
LN0000024,CUST000069,RM0192,Plot Loan,152275,Rejected
LN0000025,CUST001464,RM0138,Education Loan,209646,Pending
LN0000026,CUST000392,RM0249,Personal Loan,243297,Active
LN0000027,CUST001532,RM0231,Plot Loan,267825,Closed
LN0000028,CUST002160,RM0094,Business Loan,411933,Approved
LN0000029,CUST000238,RM0134,Home Loan,98532,Approved
LN0000030,CUST001353,RM0133,Education Loan,75676,Approved
LN0000031,CUST002204,RM0219,Business Loan,431484,Rejected
LN0000032,CUST000228,RM0246,Personal Loan,84065,Rejected
LN0000033,CUST000709,RM0041,Education Loan,785865,Closed
LN0000034,CUST000214,RM0189,Personal Loan,419714,Closed
LN0000035,CUST000357,RM0103,Gold Loan,188980,Closed
LN0000036,CUST000258,RM0010,Education Loan,847149,Active
LN0000037,CUST000409,RM0158,Business Loan,70490,Defaulted
LN0000038,CUST001667,RM0182,Car Loan,122212,Approved
LN0000039,CUST000753,RM0026,Business Loan,253346,Closed
LN0000040,CUST001257,RM0240,Education Loan,136158,Rejected
LN0000041,CUST001559,RM0024,Plot Loan,504197,Pending
LN0000042,CUST001710,RM0237,Education Loan,577255,Rejected
LN0000043,CUST001561,RM0146,Personal Loan,63575,Defaulted
LN0000044,CUST000354,RM0003,Gold Loan,209440,Rejected
LN0000045,CUST000531,RM0142,Personal Loan,228742,Rejected
LN0000046,CUST001095,RM0158,Business Loan,261529,Active
LN0000047,CUST001433,RM0086,Gold Loan,109053,Rejected
LN0000048,CUST001274,RM0234,Education Loan,140689,Defaulted
LN0000049,CUST000711,RM0213,Plot Loan,421170,Pending
LN0000050,CUST001635,RM0156,Car Loan,93368,Rejected
LN0000051,CUST002394,RM0112,Home Loan,400740,Defaulted
LN0000052,CUST001452,RM0035,Business Loan,215406,Pending
LN0000053,CUST000974,RM0100,Personal Loan,337254,Active
LN0000054,CUST000401,RM0223,Education Loan,300078,Defaulted
LN0000055,CUST001832,RM0021,Home Loan,96515,Active
LN0000056,CUST001051,RM0134,Personal Loan,218242,Rejected
LN0000057,CUST001262,RM0183,Gold Loan,454571,Defaulted
LN0000058,CUST001805,RM0062,Education Loan,163167,Rejected
LN0000059,CUST002312,RM0057,Plot Loan,729784,Approved
LN0000060,CUST001655,RM0136,Education Loan,170374,Closed
LN0000061,CUST000684,RM0170,Personal Loan,80813,Closed
LN0000062,CUST000007,RM0029,Home Loan,148673,Approved
LN0000063,CUST001750,RM0077,Education Loan,656074,Approved
LN0000064,CUST002408,RM0072,Car Loan,127050,Approved
LN0000065,CUST002355,RM0038,Education Loan,455139,Defaulted
LN0000066,CUST001351,RM0041,Business Loan,476148,Defaulted
LN0000067,CUST000264,RM0075,Personal Loan,136213,Defaulted
LN0000068,CUST000483,RM0159,Business Loan,67385,Defaulted
LN0000069,CUST001468,RM0112,Business Loan,307875,Closed
LN0000070,CUST000033,RM0013,Plot Loan,124651,Active
LN0000071,CUST000786,RM0022,Gold Loan,355501,Defaulted
LN0000072,CUST002148,RM0139,Business Loan,166914,Pending
LN0000073,CUST000200,RM0134,Home Loan,182821,Approved
LN0000074,CUST001125,RM0122,Home Loan,350933,Defaulted
LN0000075,CUST001797,RM0096,Gold Loan,146370,Defaulted
LN0000076,CUST001117,RM0005,Home Loan,167083,Pending
LN0000077,CUST001095,RM0212,Personal Loan,144382,Defaulted
LN0000078,CUST001619,RM0219,Business Loan,141564,Rejected
LN0000079,CUST001430,RM0190,Car Loan,199287,Closed
LN0000080,CUST001464,RM0185,Personal Loan,380886,Active
LN0000081,CUST001860,RM0082,Personal Loan,139810,Closed
LN0000082,CUST001519,RM0165,Education Loan,198574,Active
LN0000083,CUST001407,RM0201,Business Loan,272173,Pending
LN0000084,CUST001517,RM0147,Car Loan,112788,Closed
LN0000085,CUST000411,RM0071,Plot Loan,115013,Rejected
LN0000086,CUST002337,RM0113,Business Loan,591849,Pending
LN0000087,CUST000885,RM0186,Gold Loan,307133,Closed
LN0000088,CUST001770,RM0169,Business Loan,222164,Closed
LN0000089,CUST002385,RM0157,Gold Loan,258665,Active
LN0000090,CUST001475,RM0120,Home Loan,55947,Rejected
LN0000091,CUST001864,RM0197,Home Loan,242520,Rejected
LN0000092,CUST002198,RM0045,Car Loan,192469,Active
LN0000093,CUST001108,RM0188,Car Loan,207821,Defaulted
LN0000094,CUST001287,RM0221,Business Loan,139077,Pending
LN0000095,CUST002385,RM0215,Education Loan,66996,Approved
LN0000096,CUST001675,RM0040,Car Loan,92970,Active
LN0000097,CUST001682,RM0055,Car Loan,652147,Defaulted
LN0000098,CUST000893,RM0103,Gold Loan,155086,Rejected
LN0000099,CUST002417,RM0208,Home Loan,175727,Rejected
LN0000100,CUST001393,RM0133,Gold Loan,60829,Active
LN0000101,CUST000105,RM0212,Business Loan,57658,Rejected
LN0000102,CUST000430,RM0010,Car Loan,302589,Pending
LN0000103,CUST002447,RM0136,Gold Loan,204479,Rejected
LN0000104,CUST002369,RM0061,Education Loan,192142,Rejected
LN0000105,CUST000811,RM0125,Car Loan,105711,Approved
LN0000106,CUST002004,RM0170,Plot Loan,323102,Closed
LN0000107,CUST001415,RM0193,Home Loan,86841,Defaulted
LN0000108,CUST001269,RM0059,Car Loan,92128,Rejected
LN0000109,CUST001809,RM0227,Home Loan,173501,Rejected
LN0000110,CUST001457,RM0195,Plot Loan,117452,Defaulted
LN0000111,CUST000629,RM0007,Gold Loan,106861,Rejected
LN0000112,CUST002422,RM0182,Plot Loan,257261,Pending
LN0000113,CUST002390,RM0208,Plot Loan,260520,Defaulted
LN0000114,CUST000682,RM0041,Education Loan,398042,Approved
LN0000115,CUST000602,RM0208,Plot Loan,158156,Defaulted
LN0000116,CUST001118,RM0096,Car Loan,65178,Active
LN0000117,CUST000400,RM0177,Car Loan,113949,Pending
LN0000118,CUST000769,RM0005,Plot Loan,832459,Approved
LN0000119,CUST002430,RM0215,Home Loan,231396,Defaulted
LN0000120,CUST000329,RM0172,Gold Loan,297393,Closed
LN0000121,CUST001094,RM0231,Personal Loan,51477,Active
LN0000122,CUST002082,RM0200,Home Loan,196047,Active
LN0000123,CUST001980,RM0249,Gold Loan,57650,Active
LN0000124,CUST001978,RM0017,Personal Loan,218436,Approved
LN0000125,CUST002115,RM0013,Business Loan,557082,Closed
LN0000126,CUST000663,RM0077,Education Loan,741040,Active
LN0000127,CUST000342,RM0083,Gold Loan,205546,Pending
LN0000128,CUST001025,RM0146,Education Loan,172573,Closed
LN0000129,CUST001378,RM0030,Home Loan,630146,Rejected
LN0000130,CUST002289,RM0049,Education Loan,273932,Pending
LN0000131,CUST000483,RM0237,Education Loan,63420,Defaulted
LN0000132,CUST001645,RM0036,Plot Loan,175369,Rejected
LN0000133,CUST001866,RM0071,Business Loan,104951,Defaulted
LN0000134,CUST002063,RM0050,Education Loan,176901,Closed
LN0000135,CUST001337,RM0123,Personal Loan,171564,Rejected
LN0000136,CUST000107,RM0189,Home Loan,224524,Approved
LN0000137,CUST000356,RM0095,Business Loan,138250,Closed
LN0000138,CUST002470,RM0127,Home Loan,85890,Defaulted
LN0000139,CUST001851,RM0229,Gold Loan,190122,Defaulted
LN0000140,CUST001607,RM0208,Car Loan,404630,Pending
LN0000141,CUST001061,RM0143,Plot Loan,268136,Active
LN0000142,CUST000191,RM0080,Business Loan,132609,Pending
LN0000143,CUST000956,RM0164,Personal Loan,598289,Approved
LN0000144,CUST001849,RM0194,Plot Loan,536556,Active
LN0000145,CUST001151,RM0220,Education Loan,96979,Closed
LN0000146,CUST002218,RM0089,Personal Loan,58043,Pending
LN0000147,CUST002391,RM0093,Education Loan,320423,Active
LN0000148,CUST000210,RM0148,Car Loan,401599,Defaulted
LN0000149,CUST001890,RM0145,Business Loan,737559,Approved
LN0000150,CUST000102,RM0149,Plot Loan,999999999,Pending
LN0000151,CUST001658,RM0186,Gold Loan,491157,Pending
LN0000152,CUST002128,RM0105,Plot Loan,233525,Pending
LN0000153,CUST001799,RM0120,Plot Loan,201026,Pending
LN0000154,CUST001919,RM0226,Gold Loan,55647,Active
LN0000155,CUST000977,RM0032,Gold Loan,106646,Pending
LN0000156,CUST000688,RM0042,Home Loan,173094,Closed
LN0000157,CUST000942,RM0098,Plot Loan,427789,Pending
LN0000158,CUST001060,RM0175,Personal Loan,248043,Pending
LN0000159,CUST001605,RM0036,Personal Loan,212950,Active
LN0000160,CUST000660,RM0241,Car Loan,321452,Pending
LN0000161,CUST001396,RM0030,Business Loan,115636,Defaulted
LN0000162,CUST001434,RM0232,Education Loan,216460,Defaulted
LN0000163,CUST001496,RM0008,Business Loan,68454,Pending
LN0000164,CUST000113,RM0011,Home Loan,156772,Active
LN0000165,CUST000141,RM0024,Education Loan,327387,Closed
LN0000166,CUST002363,RM0139,Personal Loan,286442,Approved
LN0000167,CUST000313,RM0041,Personal Loan,984320,Active
LN0000168,CUST002366,RM0077,Personal Loan,115115,Approved
LN0000169,CUST000158,RM0145,Education Loan,187906,Rejected
LN0000170,CUST000087,RM0041,Home Loan,129955,Pending
LN0000171,CUST001502,RM0018,Gold Loan,166179,Active
LN0000172,CUST001103,RM0034,Plot Loan,438912,Closed
LN0000173,CUST002340,RM0071,Education Loan,280534,Approved
LN0000174,CUST001400,RM0139,Business Loan,478163,Approved
LN0000175,CUST000581,RM0177,Home Loan,95508,Active
LN0000176,CUST001375,RM0153,Car Loan,463283,Approved
LN0000177,CUST000409,RM0118,Education Loan,999999999,Pending
LN0000178,CUST000114,RM0090,Business Loan,62324,Rejected
LN0000179,CUST000518,RM0181,Plot Loan,488924,Rejected
LN0000180,CUST001953,RM0130,Gold Loan,129819,Defaulted
LN0000181,CUST000317,RM0055,Business Loan,125546,Active
LN0000182,CUST001912,RM0240,Plot Loan,193524,Closed
LN0000183,CUST001916,RM0150,Home Loan,614996,Approved
LN0000184,CUST000288,RM0168,Education Loan,59792,Closed
LN0000185,CUST001779,RM0119,Personal Loan,136844,Closed
LN0000186,CUST001404,RM0160,Plot Loan,438384,Pending
LN0000187,CUST001664,RM0218,Gold Loan,150854,Closed
LN0000188,CUST002341,RM0200,Home Loan,94418,Closed
LN0000189,CUST002381,RM0247,Car Loan,160605,Approved
LN0000190,CUST001452,RM0123,Education Loan,147406,Rejected
LN0000191,CUST000516,RM0153,Business Loan,544002,Approved
LN0000192,CUST001100,RM0162,Personal Loan,337041,Active
LN0000193,CUST000466,RM0048,Car Loan,190686,Defaulted
LN0000194,CUST000053,RM0163,Plot Loan,940843,Defaulted
LN0000195,CUST001118,RM0079,Plot Loan,175201,Rejected
LN0000196,CUST001710,RM0234,Home Loan,62000,Closed
LN0000197,CUST000082,RM0043,Education Loan,110836,Closed
LN0000198,CUST000044,RM0062,Business Loan,164565,Rejected
LN0000199,CUST001232,RM0105,Personal Loan,84134,Pending
LN0000200,CUST001331,RM0169,Gold Loan,639636,Pending
LN0000201,CUST002453,RM0181,Car Loan,341213,Defaulted
LN0000202,CUST000921,RM0079,Home Loan,112473,Closed
LN0000203,CUST002417,RM0203,Business Loan,228712,Defaulted
LN0000204,CUST001017,RM0212,Education Loan,305630,Defaulted
LN0000205,CUST000853,RM0230,Personal Loan,616991,Pending
LN0000206,CUST000089,RM0138,Home Loan,476797,Defaulted
LN0000207,CUST000651,RM0103,Home Loan,194800,Pending
LN0000208,CUST001498,RM0084,Car Loan,348022,Rejected
LN0000209,CUST000623,RM0166,Education Loan,215173,Active
LN0000210,CUST000641,RM0096,Plot Loan,210906,Pending
LN0000211,CUST000309,RM0217,Car Loan,74375,Defaulted
LN0000212,CUST000915,RM0080,Home Loan,76966,Pending
LN0000213,CUST002037,RM0081,Education Loan,200806,Closed
LN0000214,CUST002110,RM0034,Education Loan,112630,Active
LN0000215,CUST000550,RM0020,Gold Loan,54252,Defaulted
LN0000216,CUST000004,RM0241,Car Loan,306631,Rejected
LN0000217,CUST001469,RM0108,Personal Loan,56605,Rejected
LN0000218,CUST000099,RM0130,Home Loan,230910,Defaulted
LN0000219,CUST001711,RM0218,Plot Loan,204955,Approved
LN0000220,CUST002204,RM0010,Home Loan,743561,Closed
LN0000221,CUST000467,RM0131,Business Loan,182412,Defaulted
LN0000222,CUST002441,RM0094,Car Loan,63142,Approved
LN0000223,CUST000657,RM0046,Gold Loan,210453,Active
LN0000224,CUST002270,RM0172,Personal Loan,417891,Defaulted
LN0000225,CUST000073,RM0058,Personal Loan,1202025,Active
LN0000226,CUST002473,RM0227,Business Loan,162544,Rejected
LN0000227,CUST001164,RM0053,Education Loan,127220,Active
LN0000228,CUST001553,RM0186,Car Loan,524286,Active
LN0000229,CUST001247,RM0012,Education Loan,92451,Defaulted
LN0000230,CUST000367,RM0235,Personal Loan,241125,Active
LN0000231,CUST002308,RM0214,Personal Loan,154079,Pending
LN0000232,CUST001975,RM0005,Business Loan,58390,Approved
LN0000233,CUST001703,RM0073,Business Loan,135324,Defaulted
LN0000234,CUST000568,RM0245,Business Loan,111639,Defaulted
LN0000235,CUST000129,RM0191,Business Loan,281730,Approved
LN0000236,CUST001645,RM0061,Home Loan,644366,Active
LN0000237,CUST001156,RM0057,Car Loan,112407,Closed
LN0000238,CUST001259,RM0058,Car Loan,383695,Approved
LN0000239,CUST001691,RM0070,Education Loan,61390,Defaulted
LN0000240,CUST002481,RM0041,Gold Loan,204490,Active
LN0000241,CUST001024,RM0080,Personal Loan,64632,Pending
LN0000242,CUST000419,RM0021,Plot Loan,593720,Approved
LN0000243,CUST000680,RM0130,Education Loan,340787,Rejected
LN0000244,CUST000471,RM0056,Plot Loan,264559,Rejected
LN0000245,CUST002391,RM0205,Education Loan,397336,Approved
LN0000246,CUST001155,RM0040,Business Loan,707889,Approved
LN0000247,CUST001610,RM0019,Car Loan,258552,Closed
LN0000248,CUST000451,RM0009,Business Loan,744395,Defaulted
LN0000249,CUST002476,RM0172,Car Loan,300323,Active
LN0000250,CUST002326,RM0032,Business Loan,567145,Defaulted
LN0000251,CUST001550,RM0174,Education Loan,195602,Rejected
LN0000252,CUST001186,RM0012,Plot Loan,74900,Active
LN0000253,CUST002304,RM0080,Personal Loan,999999999,Rejected
LN0000254,CUST002406,RM0080,Home Loan,200230,Defaulted
LN0000255,CUST001583,RM0076,Home Loan,77134,Active
LN0000256,CUST001449,RM0100,Personal Loan,229539,Rejected
LN0000257,CUST002457,RM0014,Plot Loan,181746,Pending
LN0000258,CUST002379,RM0249,Personal Loan,244876,Rejected
LN0000259,CUST001184,RM0209,Plot Loan,52019,Closed
LN0000260,CUST001847,RM0241,Education Loan,93342,Pending
LN0000261,CUST000149,RM0137,Plot Loan,185191,Defaulted
LN0000262,CUST000154,RM0074,Education Loan,999999999,Defaulted
LN0000263,CUST001551,RM0163,Car Loan,651170,Pending
LN0000264,CUST001411,RM0104,Education Loan,146774,Active
LN0000265,CUST001821,RM0245,Business Loan,160458,Approved
LN0000266,CUST000828,RM0240,Home Loan,300840,Approved
LN0000267,CUST001734,RM0010,Car Loan,235163,Active
LN0000268,CUST001461,RM0152,Gold Loan,121028,Defaulted
LN0000269,CUST001668,RM0237,Home Loan,155803,Rejected
LN0000270,CUST002252,RM0060,Plot Loan,99103,Approved
LN0000271,CUST002399,RM0099,Education Loan,726405,Rejected
LN0000272,CUST001870,RM0117,Education Loan,77998,Closed
LN0000273,CUST002029,RM0039,Business Loan,142991,Approved
LN0000274,CUST001350,RM0063,Plot Loan,55235,Pending
LN0000275,CUST001069,RM0237,Home Loan,100149,Pending
LN0000276,CUST001600,RM0009,Home Loan,353254,Closed
LN0000277,CUST001895,RM0031,Home Loan,94922,Approved
LN0000278,CUST000770,RM0095,Plot Loan,66690,Rejected
LN0000279,CUST000064,RM0076,Education Loan,178663,Closed
LN0000280,CUST002455,RM0065,Home Loan,52003,Pending
LN0000281,CUST002389,RM0093,Home Loan,67715,Approved
LN0000282,CUST001596,RM0002,Plot Loan,379662,Rejected
LN0000283,CUST001339,RM0107,Car Loan,345220,Rejected
LN0000284,CUST002107,RM0243,Gold Loan,543347,Closed
LN0000285,CUST000792,RM0078,Home Loan,435537,Rejected
LN0000286,CUST002297,RM0123,Home Loan,279881,Defaulted
LN0000287,CUST002023,RM0242,Education Loan,60750,Defaulted
LN0000288,CUST001717,RM0036,Business Loan,355432,Closed
LN0000289,CUST001310,RM0021,Home Loan,423526,Active
LN0000290,CUST000915,RM0040,Gold Loan,370971,Closed
LN0000291,CUST000776,RM0161,Education Loan,192050,Closed
LN0000292,CUST002366,RM0183,Car Loan,103028,Approved
LN0000293,CUST001648,RM0234,Education Loan,423292,Approved
LN0000294,CUST002326,RM0221,Business Loan,309776,Defaulted
LN0000295,CUST002131,RM0247,Plot Loan,840164,Approved
LN0000296,CUST000463,RM0227,Personal Loan,83847,Defaulted
LN0000297,CUST001109,RM0007,Car Loan,101150,Defaulted
LN0000298,CUST000229,RM0233,Business Loan,97600,Approved
LN0000299,CUST001460,RM0177,Education Loan,364563,Pending
LN0000300,CUST001690,RM0186,Gold Loan,91382,Defaulted
LN0000301,CUST000297,RM0002,Business Loan,63797,Pending
LN0000302,CUST000932,RM0249,Car Loan,1358734,Approved
LN0000303,CUST001419,RM0247,Car Loan,55026,Active
LN0000304,CUST000888,RM0247,Education Loan,410658,Defaulted
LN0000305,CUST001897,RM0027,Gold Loan,140941,Closed
LN0000306,CUST000060,RM0093,Business Loan,418545,Approved
LN0000307,CUST001036,RM0144,Plot Loan,211765,Active
LN0000308,CUST001790,RM0184,Education Loan,513806,Pending
LN0000309,CUST001191,RM0039,Gold Loan,571260,Active
LN0000310,CUST000565,RM0065,Personal Loan,51827,Rejected
LN0000311,CUST000858,RM0084,Car Loan,65681,Rejected
LN0000312,CUST000076,RM0227,Gold Loan,107632,Defaulted
LN0000313,CUST000528,RM0045,Home Loan,271318,Closed
LN0000314,CUST001320,RM0149,Business Loan,488337,Rejected
LN0000315,CUST000584,RM0164,Personal Loan,173215,Pending
LN0000316,CUST000580,RM0144,Gold Loan,236775,Active
LN0000317,CUST001747,RM0215,Personal Loan,91774,Active
LN0000318,CUST001141,RM0017,Car Loan,376917,Active
LN0000319,CUST002000,RM0075,Gold Loan,734248,Rejected
LN0000320,CUST001668,RM0149,Home Loan,112558,Defaulted
LN0000321,CUST001470,RM0228,Education Loan,186570,Rejected
LN0000322,CUST000800,RM0215,Personal Loan,68010,Closed
LN0000323,CUST002264,RM0084,Gold Loan,213804,Defaulted
LN0000324,CUST001111,RM0245,Education Loan,189745,Defaulted
LN0000325,CUST000813,RM0012,Plot Loan,81198,Defaulted
LN0000326,CUST001784,RM0119,Education Loan,166702,Active
LN0000327,CUST001132,RM0005,Car Loan,131324,Approved
LN0000328,CUST002079,RM0032,Education Loan,197558,Defaulted
LN0000329,CUST000538,RM0229,Gold Loan,226210,Rejected
LN0000330,CUST002443,RM0012,Education Loan,51706,Pending
LN0000331,CUST000362,RM0049,Personal Loan,336263,Rejected
LN0000332,CUST001358,RM0249,Plot Loan,299664,Active
LN0000333,CUST000003,RM0229,Home Loan,141231,Active
LN0000334,CUST000688,RM0199,Plot Loan,60877,Active
LN0000335,CUST000802,RM0111,Gold Loan,331244,Approved
LN0000336,CUST000931,RM0129,Home Loan,670998,Rejected
LN0000337,CUST002344,RM0164,Personal Loan,104927,Rejected
LN0000338,CUST001345,RM0240,Personal Loan,128171,Pending
LN0000339,CUST002127,RM0226,Business Loan,90622,Approved
LN0000340,CUST000430,RM0197,Education Loan,222046,Active
LN0000341,CUST002329,RM0174,Business Loan,932112,Rejected
LN0000342,CUST001218,RM0081,Plot Loan,83646,Defaulted
LN0000343,CUST000178,RM0149,Education Loan,138071,Defaulted
LN0000344,CUST000952,RM0116,Education Loan,288813,Rejected
LN0000345,CUST001397,RM0236,Gold Loan,214248,Approved
LN0000346,CUST001893,RM0181,Plot Loan,147702,Approved
LN0000347,CUST002036,RM0171,Business Loan,159031,Closed
LN0000348,CUST000160,RM0245,Gold Loan,215157,Rejected
LN0000349,CUST001908,RM0025,Car Loan,51176,Rejected
LN0000350,CUST002015,RM0056,Gold Loan,66352,Defaulted
LN0000351,CUST000968,RM0105,Business Loan,476160,Active
LN0000352,CUST000919,RM0247,Car Loan,66215,Pending
LN0000353,CUST001356,RM0073,Home Loan,295382,Closed
LN0000354,CUST001975,RM0075,Business Loan,555241,Defaulted
LN0000355,CUST001412,RM0011,Home Loan,113129,Active
LN0000356,CUST001267,RM0239,Plot Loan,142563,Closed
LN0000357,CUST002309,RM0170,Gold Loan,218292,Active
LN0000358,CUST001331,RM0034,Plot Loan,476921,Approved
LN0000359,CUST000109,RM0076,Gold Loan,619137,Pending
LN0000360,CUST001515,RM0241,Education Loan,319079,Defaulted
LN0000361,CUST002047,RM0197,Plot Loan,68120,Rejected
LN0000362,CUST001680,RM0050,Plot Loan,271220,Active
LN0000363,CUST001001,RM0097,Education Loan,155629,Approved
LN0000364,CUST001115,RM0048,Car Loan,177240,Pending
LN0000365,CUST002481,RM0139,Plot Loan,60079,Defaulted
LN0000366,CUST000708,RM0234,Business Loan,92406,Pending
LN0000367,CUST000671,RM0098,Gold Loan,362619,Rejected
LN0000368,CUST002410,RM0219,Education Loan,171012,Approved
LN0000369,CUST000011,RM0058,Home Loan,50000,Approved
LN0000370,CUST000596,RM0168,Plot Loan,121810,Defaulted
LN0000371,CUST001328,RM0139,Business Loan,146907,Active
LN0000372,CUST000618,RM0170,Home Loan,435377,Closed
LN0000373,CUST002364,RM0231,Business Loan,326459,Closed
LN0000374,CUST001109,RM0004,Home Loan,113577,Defaulted
LN0000375,CUST001053,RM0088,Education Loan,74999,Pending
LN0000376,CUST002197,RM0114,Education Loan,999999999,Active
LN0000377,CUST000354,RM0158,Personal Loan,108069,Closed
LN0000378,CUST000252,RM0035,Gold Loan,557045,Rejected
LN0000379,CUST001547,RM0113,Gold Loan,999999999,Pending
LN0000380,CUST001198,RM0184,Home Loan,224258,Rejected
LN0000381,CUST001252,RM0249,Personal Loan,202490,Approved
LN0000382,CUST000505,RM0195,Car Loan,231463,Defaulted
LN0000383,CUST001107,RM0103,Business Loan,141150,Defaulted
LN0000384,CUST002140,RM0239,Plot Loan,379123,Pending
LN0000385,CUST000421,RM0011,Home Loan,198167,Defaulted
LN0000386,CUST000927,RM0250,Education Loan,74828,Closed
LN0000387,CUST001203,RM0172,Plot Loan,77637,Active
LN0000388,CUST001921,RM0006,Gold Loan,203944,Defaulted
LN0000389,CUST001478,RM0074,Gold Loan,601564,Rejected
LN0000390,CUST000135,RM0173,Business Loan,123735,Pending
LN0000391,CUST001888,RM0168,Plot Loan,457339,Defaulted
LN0000392,CUST001849,RM0066,Gold Loan,338865,Approved
LN0000393,CUST001057,RM0043,Car Loan,106953,Closed
LN0000394,CUST000162,RM0202,Personal Loan,57403,Approved
LN0000395,CUST001820,RM0204,Gold Loan,71483,Pending
LN0000396,CUST001544,RM0002,Home Loan,310754,Pending
LN0000397,CUST000191,RM0134,Home Loan,94546,Approved
LN0000398,CUST002112,RM0046,Personal Loan,142810,Active
LN0000399,CUST001820,RM0085,Plot Loan,466357,Closed
LN0000400,CUST002422,RM0231,Gold Loan,189310,Rejected
LN0000401,CUST002189,RM0174,Gold Loan,308537,Closed
LN0000402,CUST000313,RM0212,Home Loan,74034,Pending
LN0000403,CUST000814,RM0178,Home Loan,154298,Closed
LN0000404,CUST001715,RM0089,Personal Loan,182745,Active
LN0000405,CUST001215,RM0042,Education Loan,205665,Approved
LN0000406,CUST002498,RM0017,Gold Loan,391146,Rejected
LN0000407,CUST001831,RM0002,Home Loan,87670,Approved
LN0000408,CUST001944,RM0226,Personal Loan,379876,Approved
LN0000409,CUST000783,RM0205,Education Loan,286102,Pending
LN0000410,CUST002063,RM0159,Education Loan,212327,Defaulted
LN0000411,CUST001057,RM0195,Home Loan,290480,Closed
LN0000412,CUST002381,RM0055,Personal Loan,156211,Approved
LN0000413,CUST001859,RM0017,Personal Loan,79792,Active
LN0000414,CUST001142,RM0136,Education Loan,269182,Rejected
LN0000415,CUST000487,RM0018,Personal Loan,198750,Rejected
LN0000416,CUST000255,RM0208,Car Loan,253983,Defaulted
LN0000417,CUST000419,RM0034,Personal Loan,132497,Closed
LN0000418,CUST000722,RM0234,Business Loan,524744,Rejected
LN0000419,CUST001222,RM0224,Plot Loan,227040,Rejected
LN0000420,CUST002227,RM0126,Business Loan,67854,Active
LN0000421,CUST001705,RM0179,Car Loan,169496,Pending
LN0000422,CUST001774,RM0214,Home Loan,332409,Approved
LN0000423,CUST000721,RM0020,Business Loan,366106,Approved
LN0000424,CUST001558,RM0214,Gold Loan,186479,Defaulted
LN0000425,CUST002055,RM0178,Home Loan,500278,Active
LN0000426,CUST000903,RM0043,Education Loan,112304,Rejected
LN0000427,CUST000687,RM0041,Education Loan,155729,Defaulted
LN0000428,CUST001813,RM0192,Business Loan,507730,Defaulted
LN0000429,CUST000590,RM0190,Home Loan,503167,Pending
LN0000430,CUST000928,RM0113,Car Loan,281489,Approved
LN0000431,CUST000909,RM0163,Gold Loan,441771,Pending
LN0000432,CUST001742,RM0245,Education Loan,68592,Rejected
LN0000433,CUST000230,RM0055,Personal Loan,450488,Closed
LN0000434,CUST000904,RM0172,Plot Loan,127314,Active
LN0000435,CUST000669,RM0011,Car Loan,89283,Pending
LN0000436,CUST000914,RM0204,Home Loan,104721,Active
LN0000437,CUST002286,RM0245,Plot Loan,158246,Pending
LN0000438,CUST001886,RM0101,Business Loan,107854,Active
LN0000439,CUST001141,RM0238,Gold Loan,127299,Closed
LN0000440,CUST000289,RM0042,Education Loan,79000,Pending
LN0000441,CUST001072,RM0109,Car Loan,120245,Approved
LN0000442,CUST001143,RM0108,Plot Loan,219859,Defaulted
LN0000443,CUST000349,RM0184,Business Loan,166626,Closed
LN0000444,CUST002067,RM0222,Car Loan,135149,Approved
LN0000445,CUST002246,RM0020,Car Loan,324440,Closed
LN0000446,CUST000810,RM0118,Education Loan,112188,Defaulted
LN0000447,CUST001499,RM0169,Gold Loan,497940,Defaulted
LN0000448,CUST001396,RM0157,Car Loan,332765,Rejected
LN0000449,CUST001585,RM0182,Car Loan,130693,Defaulted
LN0000450,CUST002291,RM0089,Plot Loan,322861,Defaulted
LN0000451,CUST000253,RM0229,Personal Loan,82970,Active
LN0000452,CUST001284,RM0018,Plot Loan,77925,Pending
LN0000453,CUST001212,RM0016,Personal Loan,134815,Pending
LN0000454,CUST001074,RM0007,Home Loan,379742,Rejected
LN0000455,CUST000992,RM0240,Car Loan,106564,Rejected
LN0000456,CUST002387,RM0198,Plot Loan,63068,Closed
LN0000457,CUST000722,RM0023,Plot Loan,78245,Defaulted
LN0000458,CUST001299,RM0016,Business Loan,441437,Active
LN0000459,CUST000970,RM0084,Business Loan,250906,Active
LN0000460,CUST001240,RM0187,Car Loan,108391,Closed
LN0000461,CUST001772,RM0229,Education Loan,212069,Closed
LN0000462,CUST000478,RM0198,Personal Loan,199977,Closed
LN0000463,CUST000036,RM0220,Business Loan,263095,Approved
LN0000464,CUST000288,RM0174,Home Loan,103102,Active
LN0000465,CUST002418,RM0112,Education Loan,449613,Rejected
LN0000466,CUST000848,RM0246,Gold Loan,124029,Active
LN0000467,CUST000284,RM0022,Home Loan,301887,Approved
LN0000468,CUST001963,RM0083,Personal Loan,286920,Active
LN0000469,CUST001020,RM0205,Plot Loan,53251,Defaulted
LN0000470,CUST001945,RM0089,Plot Loan,143252,Defaulted
LN0000471,CUST001882,RM0020,Education Loan,136683,Defaulted
LN0000472,CUST002038,RM0129,Gold Loan,206826,Active
LN0000473,CUST001801,RM0249,Business Loan,65103,Closed
LN0000474,CUST001635,RM0006,Plot Loan,999999999,Pending
LN0000475,CUST001006,RM0036,Home Loan,362254,Active
LN0000476,CUST001304,RM0003,Home Loan,99124,Active
LN0000477,CUST000811,RM0056,Education Loan,276044,Approved
LN0000478,CUST001201,RM0179,Gold Loan,375125,Pending
LN0000479,CUST000022,RM0127,Business Loan,215051,Closed
LN0000480,CUST002255,RM0191,Personal Loan,320095,Active
LN0000481,CUST001724,RM0247,Plot Loan,266859,Pending
LN0000482,CUST002298,RM0141,Plot Loan,137865,Closed
LN0000483,CUST002179,RM0216,Car Loan,380948,Pending
LN0000484,CUST001121,RM0189,Personal Loan,119826,Active
LN0000485,CUST001640,RM0118,Education Loan,219358,Active
LN0000486,CUST002103,RM0132,Plot Loan,323610,Pending
LN0000487,CUST000462,RM0183,Education Loan,145270,Active
LN0000488,CUST001584,RM0221,Business Loan,122127,Rejected
LN0000489,CUST001364,RM0182,Car Loan,172995,Pending
LN0000490,CUST001011,RM0193,Plot Loan,390709,Pending
LN0000491,CUST001094,RM0051,Gold Loan,581628,Defaulted
LN0000492,CUST001451,RM0202,Plot Loan,207528,Approved
LN0000493,CUST000564,RM0199,Plot Loan,266626,Defaulted
LN0000494,CUST000406,RM0187,Personal Loan,517173,Approved
LN0000495,CUST001506,RM0224,Gold Loan,70749,Approved
LN0000496,CUST000121,RM0155,Car Loan,102813,Active
LN0000497,CUST001687,RM0203,Home Loan,296817,Approved
LN0000498,CUST002302,RM0224,Home Loan,397164,Closed
LN0000499,CUST002337,RM0170,Plot Loan,439022,Defaulted
LN0000500,CUST001586,RM0085,Plot Loan,157265,Rejected
LN0000501,CUST001449,RM0034,Education Loan,68717,Defaulted
LN0000502,CUST000274,RM0115,Plot Loan,165172,Defaulted
LN0000503,CUST000960,RM0031,Plot Loan,102463,Defaulted
LN0000504,CUST002107,RM0184,Home Loan,118835,Active
LN0000505,CUST000424,RM0183,Education Loan,345916,Rejected
LN0000506,CUST000168,RM0224,Business Loan,65706,Rejected
LN0000507,CUST001182,RM0181,Car Loan,401565,Closed
LN0000508,CUST002220,RM0055,Gold Loan,161607,Pending
LN0000509,CUST002351,RM0032,Car Loan,231299,Rejected
LN0000510,CUST001935,RM0022,Gold Loan,68785,Approved
LN0000511,CUST001920,RM0173,Gold Loan,132304,Pending
LN0000512,CUST000495,RM0107,Car Loan,68796,Rejected
LN0000513,CUST000423,RM0220,Car Loan,701646,Closed
LN0000514,CUST001237,RM0126,Business Loan,379284,Rejected
LN0000515,CUST000757,RM0185,Plot Loan,173101,Pending
LN0000516,CUST000232,RM0144,Personal Loan,100618,Active
LN0000517,CUST002273,RM0141,Business Loan,591975,Active
LN0000518,CUST001663,RM0005,Plot Loan,134500,Closed
LN0000519,CUST001479,RM0105,Personal Loan,85105,Rejected
LN0000520,CUST002287,RM0132,Business Loan,215639,Approved
LN0000521,CUST000087,RM0208,Gold Loan,625675,Rejected
LN0000522,CUST001781,RM0241,Plot Loan,50767,Rejected
LN0000523,CUST002052,RM0228,Personal Loan,104394,Rejected
LN0000524,CUST001248,RM0222,Car Loan,607573,Pending
LN0000525,CUST001102,RM0102,Car Loan,87527,Active
LN0000526,CUST002089,RM0027,Business Loan,74036,Active
LN0000527,CUST001368,RM0194,Education Loan,218881,Closed
LN0000528,CUST000513,RM0100,Car Loan,445874,Closed
LN0000529,CUST000136,RM0119,Home Loan,179676,Closed
LN0000530,CUST001773,RM0038,Education Loan,1092951,Closed
LN0000531,CUST002286,RM0195,Gold Loan,277369,Defaulted
LN0000532,CUST000860,RM0237,Personal Loan,65392,Closed
LN0000533,CUST001057,RM0137,Plot Loan,1037629,Pending
LN0000534,CUST000898,RM0046,Home Loan,154814,Closed
LN0000535,CUST000218,RM0085,Car Loan,117767,Active
LN0000536,CUST001826,RM0189,Gold Loan,213234,Rejected
LN0000537,CUST002108,RM0072,Personal Loan,122569,Pending
LN0000538,CUST000052,RM0057,Gold Loan,68085,Rejected
LN0000539,CUST001956,RM0147,Gold Loan,50285,Defaulted
LN0000540,CUST001461,RM0187,Gold Loan,169415,Closed
LN0000541,CUST000645,RM0008,Education Loan,412633,Approved
LN0000542,CUST002169,RM0053,Business Loan,219873,Approved
LN0000543,CUST001193,RM0158,Gold Loan,1478012,Closed
LN0000544,CUST000329,RM0006,Plot Loan,117611,Rejected
LN0000545,CUST001415,RM0200,Business Loan,115827,Pending
LN0000546,CUST002147,RM0172,Car Loan,84811,Pending
LN0000547,CUST001220,RM0148,Business Loan,85840,Approved
LN0000548,CUST000004,RM0086,Personal Loan,117146,Defaulted
LN0000549,CUST001641,RM0174,Education Loan,364852,Approved
LN0000550,CUST001380,RM0074,Education Loan,999999999,Rejected
LN0000551,CUST000813,RM0015,Gold Loan,522375,Active
LN0000552,CUST001916,RM0098,Personal Loan,788474,Pending
LN0000553,CUST001890,RM0181,Car Loan,102868,Pending
LN0000554,CUST000876,RM0017,Business Loan,476227,Approved
LN0000555,CUST001633,RM0111,Business Loan,129575,Rejected
LN0000556,CUST001268,RM0194,Gold Loan,73946,Rejected
LN0000557,CUST001464,RM0162,Plot Loan,458082,Approved
LN0000558,CUST002456,RM0025,Gold Loan,252178,Defaulted
LN0000559,CUST002291,RM0074,Car Loan,86000,Approved
LN0000560,CUST001045,RM0203,Education Loan,162364,Active
LN0000561,CUST001334,RM0242,Car Loan,117727,Active
LN0000562,CUST001813,RM0229,Business Loan,316964,Approved
LN0000563,CUST001823,RM0209,Business Loan,170813,Closed
LN0000564,CUST001619,RM0083,Business Loan,957127,Rejected
LN0000565,CUST001611,RM0244,Plot Loan,61260,Defaulted
LN0000566,CUST001662,RM0046,Car Loan,137705,Closed
LN0000567,CUST000261,RM0207,Education Loan,181517,Pending
LN0000568,CUST001228,RM0016,Education Loan,189886,Approved
LN0000569,CUST000336,RM0048,Plot Loan,125940,Approved
LN0000570,CUST001660,RM0090,Gold Loan,311304,Approved
LN0000571,CUST000182,RM0087,Personal Loan,465484,Defaulted
LN0000572,CUST002228,RM0184,Business Loan,608458,Rejected
LN0000573,CUST000147,RM0043,Plot Loan,377046,Active
LN0000574,CUST000128,RM0220,Business Loan,430199,Defaulted
LN0000575,CUST001577,RM0168,Plot Loan,209944,Closed
LN0000576,CUST001531,RM0198,Plot Loan,399611,Approved
LN0000577,CUST002361,RM0113,Home Loan,122338,Approved
LN0000578,CUST000120,RM0243,Plot Loan,151658,Approved
LN0000579,CUST001498,RM0095,Home Loan,126226,Approved
LN0000580,CUST000576,RM0050,Home Loan,175992,Defaulted
LN0000581,CUST000034,RM0019,Home Loan,117256,Pending
LN0000582,CUST002139,RM0099,Education Loan,701999,Active
LN0000583,CUST000743,RM0202,Home Loan,125038,Active
LN0000584,CUST002425,RM0095,Home Loan,70638,Active
LN0000585,CUST000197,RM0017,Personal Loan,199654,Rejected
LN0000586,CUST000943,RM0158,Personal Loan,61758,Approved
LN0000587,CUST002081,RM0149,Personal Loan,73428,Defaulted
LN0000588,CUST001397,RM0143,Plot Loan,99535,Active
LN0000589,CUST001585,RM0147,Car Loan,174854,Defaulted
LN0000590,CUST000267,RM0013,Business Loan,163567,Defaulted
LN0000591,CUST002281,RM0065,Home Loan,371579,Rejected
LN0000592,CUST002047,RM0066,Car Loan,319011,Defaulted
LN0000593,CUST002319,RM0008,Plot Loan,161136,Approved
LN0000594,CUST001721,RM0178,Business Loan,131204,Rejected
LN0000595,CUST002238,RM0090,Business Loan,126096,Active
LN0000596,CUST000066,RM0092,Education Loan,347439,Closed
LN0000597,CUST002186,RM0104,Plot Loan,60695,Active
LN0000598,CUST001171,RM0135,Car Loan,52580,Pending
LN0000599,CUST001312,RM0004,Personal Loan,367480,Pending
LN0000600,CUST000348,RM0100,Education Loan,179690,Active
LN0000601,CUST002445,RM0070,Gold Loan,78055,Rejected
LN0000602,CUST000189,RM0095,Plot Loan,103723,Active
LN0000603,CUST001491,RM0128,Personal Loan,589137,Defaulted
LN0000604,CUST000832,RM0088,Gold Loan,442513,Rejected
LN0000605,CUST001266,RM0225,Plot Loan,297426,Closed
LN0000606,CUST002139,RM0188,Personal Loan,181642,Approved
LN0000607,CUST001695,RM0008,Gold Loan,196928,Closed
LN0000608,CUST000507,RM0217,Car Loan,789741,Rejected
LN0000609,CUST000447,RM0071,Plot Loan,724933,Approved
LN0000610,CUST001989,RM0068,Plot Loan,98482,Pending
LN0000611,CUST002229,RM0224,Home Loan,383312,Approved
LN0000612,CUST000380,RM0160,Business Loan,93940,Active
LN0000613,CUST000175,RM0146,Education Loan,98042,Pending
LN0000614,CUST001783,RM0174,Car Loan,275459,Defaulted
LN0000615,CUST001709,RM0180,Personal Loan,153839,Pending
LN0000616,CUST000611,RM0076,Car Loan,586314,Pending
LN0000617,CUST002282,RM0142,Car Loan,50000,Rejected
LN0000618,CUST002093,RM0041,Education Loan,999999999,Rejected
LN0000619,CUST001401,RM0140,Plot Loan,68644,Active
LN0000620,CUST000530,RM0065,Plot Loan,193293,Pending
LN0000621,CUST002475,RM0096,Home Loan,551483,Active
LN0000622,CUST001211,RM0241,Home Loan,518918,Active
LN0000623,CUST001566,RM0072,Plot Loan,84046,Defaulted
LN0000624,CUST001890,RM0239,Plot Loan,141342,Active
LN0000625,CUST001485,RM0210,Education Loan,243054,Pending
LN0000626,CUST001915,RM0194,Car Loan,50000,Defaulted
LN0000627,CUST002033,RM0183,Education Loan,84726,Rejected
LN0000628,CUST002075,RM0239,Plot Loan,738542,Active
LN0000629,CUST002420,RM0156,Personal Loan,542431,Pending
LN0000630,CUST002390,RM0244,Personal Loan,86532,Approved
LN0000631,CUST002281,RM0118,Gold Loan,75829,Defaulted
LN0000632,CUST002152,RM0102,Plot Loan,67855,Active
LN0000633,CUST000906,RM0106,Home Loan,530356,Rejected
LN0000634,CUST001547,RM0036,Home Loan,93040,Closed
LN0000635,CUST002207,RM0149,Education Loan,157668,Approved
LN0000636,CUST002276,RM0196,Personal Loan,169150,Closed
LN0000637,CUST001227,RM0093,Personal Loan,232764,Active
LN0000638,CUST001643,RM0102,Personal Loan,64887,Closed
LN0000639,CUST001084,RM0088,Business Loan,101432,Approved
LN0000640,CUST001774,RM0040,Car Loan,586156,Closed
LN0000641,CUST000362,RM0182,Business Loan,1042546,Rejected
LN0000642,CUST001385,RM0237,Gold Loan,528086,Approved
LN0000643,CUST000684,RM0064,Personal Loan,354002,Pending
LN0000644,CUST001614,RM0128,Education Loan,53918,Defaulted
LN0000645,CUST001479,RM0109,Education Loan,129204,Approved
LN0000646,CUST001418,RM0209,Business Loan,247750,Closed
LN0000647,CUST002013,RM0050,Education Loan,114369,Active
LN0000648,CUST000113,RM0120,Car Loan,530672,Active
LN0000649,CUST000752,RM0106,Home Loan,250963,Approved
LN0000650,CUST000357,RM0037,Education Loan,64924,Defaulted
LN0000651,CUST002481,RM0062,Business Loan,529391,Defaulted
LN0000652,CUST001972,RM0170,Business Loan,682909,Rejected
LN0000653,CUST001852,RM0010,Personal Loan,66179,Pending
LN0000654,CUST001252,RM0045,Business Loan,202011,Closed
LN0000655,CUST001488,RM0121,Car Loan,122298,Pending
LN0000656,CUST000643,RM0126,Car Loan,149792,Active
LN0000657,CUST001911,RM0053,Education Loan,89605,Defaulted
LN0000658,CUST001737,RM0105,Gold Loan,222584,Active
LN0000659,CUST002390,RM0088,Business Loan,683918,Pending
LN0000660,CUST002422,RM0055,Education Loan,189862,Pending
LN0000661,CUST001568,RM0126,Plot Loan,67310,Defaulted
LN0000662,CUST001081,RM0133,Car Loan,243517,Rejected
LN0000663,CUST001813,RM0090,Car Loan,133170,Defaulted
LN0000664,CUST000148,RM0034,Education Loan,437484,Rejected
LN0000665,CUST001030,RM0174,Personal Loan,164072,Defaulted
LN0000666,CUST000111,RM0207,Home Loan,92846,Pending
LN0000667,CUST001535,RM0056,Business Loan,92417,Rejected
LN0000668,CUST001015,RM0098,Car Loan,342863,Active
LN0000669,CUST001879,RM0248,Gold Loan,111736,Closed
LN0000670,CUST001055,RM0081,Education Loan,341543,Closed
LN0000671,CUST001852,RM0111,Education Loan,96105,Pending
LN0000672,CUST001615,RM0191,Personal Loan,127629,Closed
LN0000673,CUST002337,RM0068,Gold Loan,175279,Approved
LN0000674,CUST000286,RM0131,Home Loan,623629,Approved
LN0000675,CUST002443,RM0101,Education Loan,586861,Rejected
LN0000676,CUST002124,RM0061,Car Loan,96354,Defaulted
LN0000677,CUST001521,RM0243,Home Loan,138701,Defaulted
LN0000678,CUST000752,RM0048,Business Loan,82362,Pending
LN0000679,CUST000248,RM0163,Home Loan,192663,Approved
LN0000680,CUST001635,RM0221,Education Loan,173453,Approved
LN0000681,CUST002134,RM0246,Personal Loan,512043,Approved
LN0000682,CUST001370,RM0130,Plot Loan,581867,Pending
LN0000683,CUST001489,RM0008,Education Loan,146761,Approved
LN0000684,CUST001235,RM0188,Personal Loan,185351,Defaulted
LN0000685,CUST001773,RM0085,Education Loan,503127,Defaulted
LN0000686,CUST001963,RM0015,Business Loan,378710,Approved
LN0000687,CUST001598,RM0066,Gold Loan,50732,Rejected
LN0000688,CUST001094,RM0069,Car Loan,127150,Approved
LN0000689,CUST000819,RM0249,Education Loan,159558,Rejected
LN0000690,CUST001402,RM0159,Personal Loan,102199,Rejected
LN0000691,CUST000645,RM0243,Personal Loan,94521,Defaulted
LN0000692,CUST000677,RM0092,Home Loan,57703,Active
LN0000693,CUST002430,RM0091,Personal Loan,256211,Closed
LN0000694,CUST000106,RM0222,Business Loan,110900,Defaulted
LN0000695,CUST000316,RM0052,Home Loan,60753,Rejected
LN0000696,CUST002119,RM0233,Gold Loan,102527,Closed
LN0000697,CUST000230,RM0089,Business Loan,373810,Pending
LN0000698,CUST000838,RM0135,Car Loan,431419,Defaulted
LN0000699,CUST000430,RM0022,Personal Loan,181968,Closed
LN0000700,CUST001125,RM0151,Personal Loan,157595,Defaulted
LN0000701,CUST001716,RM0201,Car Loan,812016,Closed
LN0000702,CUST002103,RM0109,Plot Loan,94769,Rejected
LN0000703,CUST001588,RM0205,Business Loan,98505,Approved
LN0000704,CUST001333,RM0131,Gold Loan,119024,Closed
LN0000705,CUST000110,RM0218,Car Loan,87931,Closed
LN0000706,CUST001363,RM0020,Gold Loan,145402,Pending
LN0000707,CUST001229,RM0215,Car Loan,533451,Closed
LN0000708,CUST000482,RM0132,Plot Loan,241083,Pending
LN0000709,CUST000158,RM0065,Car Loan,156187,Defaulted
LN0000710,CUST001272,RM0189,Plot Loan,594868,Pending
LN0000711,CUST000809,RM0088,Personal Loan,59935,Approved
LN0000712,CUST000123,RM0199,Plot Loan,97214,Defaulted
LN0000713,CUST000635,RM0040,Personal Loan,216890,Defaulted
LN0000714,CUST000464,RM0052,Plot Loan,241189,Defaulted
LN0000715,CUST001494,RM0062,Car Loan,58072,Defaulted
LN0000716,CUST000768,RM0109,Personal Loan,153180,Rejected
LN0000717,CUST001699,RM0014,Home Loan,259481,Rejected
LN0000718,CUST000123,RM0195,Home Loan,289512,Defaulted
LN0000719,CUST002291,RM0041,Personal Loan,253299,Approved
LN0000720,CUST000190,RM0158,Gold Loan,127298,Approved
LN0000721,CUST002121,RM0140,Home Loan,69637,Approved
LN0000722,CUST000321,RM0095,Car Loan,161413,Approved
LN0000723,CUST000973,RM0241,Personal Loan,77566,Rejected
LN0000724,CUST000968,RM0163,Home Loan,639860,Approved
LN0000725,CUST001218,RM0241,Plot Loan,178936,Pending
LN0000726,CUST001119,RM0206,Business Loan,126327,Closed
LN0000727,CUST001658,RM0124,Car Loan,340746,Defaulted
LN0000728,CUST002289,RM0176,Education Loan,187810,Pending
LN0000729,CUST001341,RM0175,Car Loan,124222,Approved
LN0000730,CUST001590,RM0170,Plot Loan,384228,Approved
LN0000731,CUST001372,RM0208,Gold Loan,453710,Approved
LN0000732,CUST000626,RM0203,Business Loan,273564,Defaulted
LN0000733,CUST002414,RM0108,Home Loan,59620,Approved
LN0000734,CUST000570,RM0203,Gold Loan,217090,Pending
LN0000735,CUST000563,RM0014,Business Loan,338188,Active
LN0000736,CUST000264,RM0106,Business Loan,79352,Pending
LN0000737,CUST000211,RM0202,Car Loan,101927,Pending
LN0000738,CUST001524,RM0118,Plot Loan,478255,Defaulted
LN0000739,CUST000540,RM0164,Car Loan,54065,Defaulted
LN0000740,CUST001697,RM0043,Education Loan,329452,Defaulted
LN0000741,CUST000728,RM0066,Education Loan,178404,Pending
LN0000742,CUST001511,RM0064,Business Loan,168397,Rejected
LN0000743,CUST001058,RM0096,Plot Loan,51424,Active
LN0000744,CUST001078,RM0234,Plot Loan,392292,Pending
LN0000745,CUST000839,RM0126,Car Loan,139202,Closed
LN0000746,CUST000007,RM0236,Home Loan,205638,Pending
LN0000747,CUST001491,RM0033,Plot Loan,276206,Defaulted
LN0000748,CUST001665,RM0154,Car Loan,308934,Pending
LN0000749,CUST000464,RM0056,Home Loan,292555,Active
LN0000750,CUST001963,RM0190,Home Loan,674622,Defaulted
LN0000751,CUST000574,RM0141,Personal Loan,201575,Active
LN0000752,CUST001831,RM0214,Personal Loan,152071,Closed
LN0000753,CUST000736,RM0106,Personal Loan,664538,Pending
LN0000754,CUST001392,RM0108,Car Loan,255506,Pending
LN0000755,CUST000222,RM0104,Education Loan,120807,Active
LN0000756,CUST002174,RM0092,Education Loan,77041,Active
LN0000757,CUST000012,RM0245,Gold Loan,419735,Pending
LN0000758,CUST002453,RM0047,Business Loan,139940,Rejected
LN0000759,CUST000069,RM0095,Car Loan,266038,Pending
LN0000760,CUST000230,RM0149,Business Loan,177283,Closed
LN0000761,CUST001622,RM0106,Gold Loan,94361,Active
LN0000762,CUST000585,RM0078,Car Loan,234103,Approved
LN0000763,CUST001295,RM0156,Gold Loan,62520,Pending
LN0000764,CUST000976,RM0085,Personal Loan,156662,Active
LN0000765,CUST002152,RM0231,Personal Loan,208202,Pending
LN0000766,CUST001646,RM0025,Car Loan,164556,Active
LN0000767,CUST001397,RM0224,Plot Loan,326199,Closed
LN0000768,CUST002316,RM0024,Education Loan,401964,Pending
LN0000769,CUST001821,RM0091,Gold Loan,345019,Closed
LN0000770,CUST000274,RM0015,Business Loan,57917,Pending
LN0000771,CUST002246,RM0184,Education Loan,93166,Pending
LN0000772,CUST001852,RM0210,Gold Loan,203836,Rejected
LN0000773,CUST001454,RM0190,Education Loan,596126,Pending
LN0000774,CUST001566,RM0002,Education Loan,410309,Rejected
LN0000775,CUST000603,RM0185,Personal Loan,419709,Closed
LN0000776,CUST001569,RM0210,Plot Loan,122253,Rejected
LN0000777,CUST002484,RM0202,Home Loan,162230,Approved
LN0000778,CUST000433,RM0168,Personal Loan,177242,Pending
LN0000779,CUST002161,RM0080,Business Loan,84245,Pending
LN0000780,CUST000204,RM0172,Personal Loan,56312,Active
LN0000781,CUST001376,RM0168,Education Loan,637126,Defaulted
LN0000782,CUST000829,RM0247,Gold Loan,105074,Approved
LN0000783,CUST000612,RM0156,Personal Loan,104873,Closed
LN0000784,CUST002331,RM0170,Gold Loan,67412,Defaulted
LN0000785,CUST000953,RM0028,Gold Loan,577633,Rejected
LN0000786,CUST001488,RM0142,Car Loan,223374,Defaulted
LN0000787,CUST002488,RM0222,Car Loan,269944,Defaulted
LN0000788,CUST000964,RM0155,Car Loan,535124,Active
LN0000789,CUST000820,RM0098,Personal Loan,134813,Pending
LN0000790,CUST000365,RM0247,Gold Loan,244311,Rejected
LN0000791,CUST002274,RM0056,Business Loan,57914,Rejected
LN0000792,CUST001532,RM0085,Home Loan,91348,Rejected
LN0000793,CUST002249,RM0065,Personal Loan,405862,Rejected
LN0000794,CUST001190,RM0032,Personal Loan,341144,Closed
LN0000795,CUST001885,RM0086,Gold Loan,136354,Rejected
LN0000796,CUST001800,RM0195,Education Loan,144580,Pending
LN0000797,CUST002305,RM0077,Personal Loan,202522,Defaulted
LN0000798,CUST001015,RM0179,Home Loan,50048,Closed
LN0000799,CUST001882,RM0159,Education Loan,105215,Defaulted
LN0000800,CUST001444,RM0048,Home Loan,96697,Pending
LN0000801,CUST001887,RM0207,Gold Loan,107665,Defaulted
LN0000802,CUST002373,RM0070,Home Loan,377882,Defaulted
LN0000803,CUST001994,RM0152,Plot Loan,115610,Active
LN0000804,CUST000006,RM0135,Business Loan,92520,Approved
LN0000805,CUST000878,RM0196,Education Loan,190342,Defaulted
LN0000806,CUST001257,RM0228,Education Loan,451453,Closed
LN0000807,CUST001514,RM0165,Plot Loan,105242,Rejected
LN0000808,CUST000768,RM0241,Personal Loan,66358,Approved
LN0000809,CUST000506,RM0088,Gold Loan,138137,Rejected
LN0000810,CUST001166,RM0059,Gold Loan,325389,Defaulted
LN0000811,CUST000255,RM0206,Education Loan,210008,Rejected
LN0000812,CUST001709,RM0059,Home Loan,389428,Approved
LN0000813,CUST001465,RM0049,Gold Loan,691746,Closed
LN0000814,CUST000956,RM0075,Education Loan,364681,Approved
LN0000815,CUST001037,RM0022,Home Loan,235168,Rejected
LN0000816,CUST001606,RM0206,Home Loan,999999999,Pending
LN0000817,CUST001309,RM0113,Education Loan,185983,Approved
LN0000818,CUST001349,RM0206,Business Loan,58178,Rejected
LN0000819,CUST001160,RM0150,Home Loan,881099,Active
LN0000820,CUST002103,RM0178,Business Loan,146733,Closed
LN0000821,CUST000631,RM0164,Home Loan,83028,Active
LN0000822,CUST002073,RM0180,Business Loan,269747,Defaulted
LN0000823,CUST002228,RM0139,Home Loan,116895,Pending
LN0000824,CUST001340,RM0244,Gold Loan,226270,Active
LN0000825,CUST001284,RM0039,Home Loan,226749,Closed
LN0000826,CUST001289,RM0056,Plot Loan,168020,Closed
LN0000827,CUST002225,RM0184,Gold Loan,411722,Defaulted
LN0000828,CUST001610,RM0021,Personal Loan,111567,Defaulted
LN0000829,CUST002200,RM0205,Car Loan,169070,Approved
LN0000830,CUST000811,RM0163,Education Loan,204304,Pending
LN0000831,CUST001925,RM0249,Education Loan,267905,Active
LN0000832,CUST001874,RM0046,Personal Loan,356469,Rejected
LN0000833,CUST002309,RM0219,Plot Loan,150441,Pending
LN0000834,CUST000593,RM0119,Education Loan,257718,Active
LN0000835,CUST002179,RM0054,Plot Loan,82647,Rejected
LN0000836,CUST002380,RM0180,Business Loan,589564,Approved
LN0000837,CUST001562,RM0249,Business Loan,146596,Approved
LN0000838,CUST000780,RM0189,Personal Loan,311512,Pending
LN0000839,CUST000947,RM0158,Home Loan,54110,Rejected
LN0000840,CUST000767,RM0167,Gold Loan,95929,Active
LN0000841,CUST000014,RM0096,Business Loan,999999999,Pending
LN0000842,CUST001420,RM0130,Home Loan,183528,Active
LN0000843,CUST002371,RM0157,Car Loan,471161,Closed
LN0000844,CUST001519,RM0087,Gold Loan,199839,Defaulted
LN0000845,CUST001438,RM0149,Gold Loan,581482,Active
LN0000846,CUST000918,RM0080,Plot Loan,182250,Closed
LN0000847,CUST001457,RM0003,Gold Loan,184845,Closed
LN0000848,CUST000584,RM0067,Business Loan,75509,Pending
LN0000849,CUST000162,RM0051,Gold Loan,374561,Active
LN0000850,CUST000329,RM0228,Gold Loan,106728,Closed
LN0000851,CUST001259,RM0190,Plot Loan,509743,Closed
LN0000852,CUST001300,RM0109,Personal Loan,533429,Defaulted
LN0000853,CUST000844,RM0027,Personal Loan,624031,Active
LN0000854,CUST001370,RM0149,Education Loan,196889,Approved
LN0000855,CUST000077,RM0107,Gold Loan,276078,Active
LN0000856,CUST002052,RM0020,Home Loan,351480,Defaulted
LN0000857,CUST000257,RM0141,Personal Loan,78085,Active
LN0000858,CUST002485,RM0221,Home Loan,233737,Rejected
LN0000859,CUST002030,RM0186,Education Loan,56979,Active
LN0000860,CUST001206,RM0001,Home Loan,187658,Defaulted
LN0000861,CUST001865,RM0035,Personal Loan,83646,Closed
LN0000862,CUST002445,RM0109,Gold Loan,90404,Pending
LN0000863,CUST000315,RM0205,Business Loan,140841,Rejected
LN0000864,CUST001860,RM0122,Personal Loan,163280,Pending
LN0000865,CUST000528,RM0156,Business Loan,245193,Rejected
LN0000866,CUST000171,RM0122,Car Loan,65468,Rejected
LN0000867,CUST002089,RM0022,Personal Loan,190111,Approved
LN0000868,CUST000126,RM0250,Gold Loan,90331,Rejected
LN0000869,CUST000439,RM0125,Business Loan,220651,Approved
LN0000870,CUST000977,RM0185,Car Loan,252893,Closed
LN0000871,CUST001836,RM0145,Business Loan,212705,Pending
LN0000872,CUST000035,RM0014,Car Loan,318107,Approved
LN0000873,CUST000762,RM0052,Gold Loan,131776,Closed
LN0000874,CUST001094,RM0195,Business Loan,339724,Rejected
LN0000875,CUST001917,RM0129,Personal Loan,163397,Rejected
LN0000876,CUST000434,RM0009,Gold Loan,182401,Defaulted
LN0000877,CUST001272,RM0249,Education Loan,258882,Pending
LN0000878,CUST002015,RM0004,Home Loan,53705,Defaulted
LN0000879,CUST001675,RM0134,Education Loan,262259,Defaulted
LN0000880,CUST002039,RM0225,Home Loan,242773,Active
LN0000881,CUST001910,RM0060,Gold Loan,124168,Defaulted
LN0000882,CUST000120,RM0035,Business Loan,67939,Approved
LN0000883,CUST001051,RM0208,Home Loan,69067,Closed
LN0000884,CUST000415,RM0114,Business Loan,563371,Defaulted
LN0000885,CUST002350,RM0120,Personal Loan,50000,Approved
LN0000886,CUST001182,RM0064,Education Loan,283772,Active
LN0000887,CUST000511,RM0095,Home Loan,77187,Closed
LN0000888,CUST001886,RM0187,Gold Loan,138236,Active
LN0000889,CUST001355,RM0036,Personal Loan,229534,Defaulted
LN0000890,CUST000273,RM0215,Education Loan,411056,Approved
LN0000891,CUST001647,RM0053,Personal Loan,58928,Rejected
LN0000892,CUST000672,RM0109,Personal Loan,104003,Defaulted
LN0000893,CUST002296,RM0035,Education Loan,490999,Rejected
LN0000894,CUST002339,RM0080,Home Loan,51841,Defaulted
LN0000895,CUST001797,RM0225,Personal Loan,94978,Approved
LN0000896,CUST002187,RM0218,Home Loan,688954,Closed
LN0000897,CUST001423,RM0152,Personal Loan,240073,Rejected
LN0000898,CUST001366,RM0044,Education Loan,110673,Defaulted
LN0000899,CUST000110,RM0171,Gold Loan,63868,Closed
LN0000900,CUST001208,RM0092,Education Loan,55719,Defaulted
LN0000901,CUST001121,RM0068,Car Loan,106139,Active
LN0000902,CUST001584,RM0224,Education Loan,476544,Rejected
LN0000903,CUST001492,RM0206,Plot Loan,157541,Defaulted
LN0000904,CUST001189,RM0098,Personal Loan,50000,Active
LN0000905,CUST001477,RM0091,Plot Loan,304831,Approved
LN0000906,CUST000912,RM0162,Personal Loan,550903,Closed
LN0000907,CUST000427,RM0076,Personal Loan,154863,Active
LN0000908,CUST000947,RM0178,Business Loan,92459,Approved
LN0000909,CUST001096,RM0118,Personal Loan,195596,Pending
LN0000910,CUST001084,RM0186,Gold Loan,527375,Defaulted
LN0000911,CUST001451,RM0188,Personal Loan,376310,Pending
LN0000912,CUST001180,RM0221,Business Loan,63619,Closed
LN0000913,CUST001147,RM0042,Gold Loan,285903,Pending
LN0000914,CUST001891,RM0209,Home Loan,219678,Pending
LN0000915,CUST001502,RM0042,Home Loan,526029,Defaulted
LN0000916,CUST000509,RM0223,Home Loan,76131,Rejected
LN0000917,CUST001387,RM0044,Personal Loan,202729,Pending
LN0000918,CUST001118,RM0160,Plot Loan,473159,Rejected
LN0000919,CUST001872,RM0202,Business Loan,155534,Rejected
LN0000920,CUST000327,RM0089,Education Loan,181554,Closed
LN0000921,CUST000794,RM0161,Business Loan,64613,Pending
LN0000922,CUST001407,RM0128,Home Loan,115185,Defaulted
LN0000923,CUST002296,RM0050,Car Loan,128462,Defaulted
LN0000924,CUST000859,RM0120,Personal Loan,630530,Closed
LN0000925,CUST001128,RM0190,Plot Loan,116443,Rejected
LN0000926,CUST001529,RM0213,Business Loan,173559,Active
LN0000927,CUST001934,RM0008,Personal Loan,272524,Active
LN0000928,CUST001144,RM0063,Education Loan,85391,Closed
LN0000929,CUST000309,RM0208,Gold Loan,183278,Defaulted
LN0000930,CUST001478,RM0159,Business Loan,541219,Active
LN0000931,CUST000013,RM0073,Gold Loan,318294,Rejected
LN0000932,CUST000906,RM0013,Gold Loan,453263,Rejected
LN0000933,CUST001330,RM0139,Business Loan,246838,Defaulted
LN0000934,CUST001216,RM0233,Business Loan,271159,Pending
LN0000935,CUST000730,RM0245,Plot Loan,76999,Active
LN0000936,CUST000926,RM0070,Gold Loan,632928,Pending
LN0000937,CUST001995,RM0067,Personal Loan,78445,Defaulted
LN0000938,CUST001547,RM0248,Gold Loan,348040,Pending
LN0000939,CUST001475,RM0115,Home Loan,111526,Pending
LN0000940,CUST000620,RM0075,Gold Loan,592390,Approved
LN0000941,CUST001299,RM0122,Personal Loan,304564,Active
LN0000942,CUST001090,RM0172,Car Loan,330333,Pending
LN0000943,CUST001108,RM0075,Car Loan,99451,Approved
LN0000944,CUST001529,RM0149,Business Loan,167052,Active
LN0000945,CUST000904,RM0243,Car Loan,242369,Active
LN0000946,CUST001595,RM0048,Home Loan,343912,Defaulted
LN0000947,CUST002073,RM0090,Gold Loan,71953,Defaulted
LN0000948,CUST001560,RM0037,Plot Loan,705965,Pending
LN0000949,CUST000872,RM0156,Home Loan,491856,Defaulted
LN0000950,CUST001008,RM0104,Car Loan,113037,Approved
LN0000951,CUST002467,RM0114,Home Loan,396050,Active
LN0000952,CUST000102,RM0241,Personal Loan,196096,Active
LN0000953,CUST001138,RM0021,Car Loan,173907,Approved
LN0000954,CUST001563,RM0234,Car Loan,125502,Rejected
LN0000955,CUST001234,RM0190,Education Loan,223961,Approved
LN0000956,CUST002209,RM0079,Personal Loan,311784,Defaulted
LN0000957,CUST002476,RM0121,Business Loan,155843,Rejected
LN0000958,CUST000840,RM0148,Plot Loan,248428,Closed
LN0000959,CUST002307,RM0004,Personal Loan,290337,Active
LN0000960,CUST001119,RM0067,Plot Loan,298350,Defaulted
LN0000961,CUST001090,RM0244,Car Loan,60673,Approved
LN0000962,CUST000945,RM0229,Car Loan,442862,Pending
LN0000963,CUST001844,RM0103,Education Loan,172591,Defaulted
LN0000964,CUST001615,RM0103,Car Loan,110875,Closed
LN0000965,CUST001274,RM0083,Car Loan,105352,Approved
LN0000966,CUST002168,RM0143,Car Loan,181947,Closed
LN0000967,CUST001766,RM0180,Business Loan,485775,Approved
LN0000968,CUST000951,RM0111,Plot Loan,145074,Defaulted
LN0000969,CUST001769,RM0010,Personal Loan,327039,Active
LN0000970,CUST000778,RM0211,Plot Loan,70366,Active
LN0000971,CUST002083,RM0006,Car Loan,179274,Defaulted
LN0000972,CUST001186,RM0146,Education Loan,1007966,Defaulted
LN0000973,CUST002144,RM0019,Personal Loan,344316,Pending
LN0000974,CUST000365,RM0085,Business Loan,97278,Closed
LN0000975,CUST000833,RM0139,Gold Loan,189206,Rejected
LN0000976,CUST001901,RM0237,Home Loan,103216,Approved
LN0000977,CUST002389,RM0199,Plot Loan,155377,Approved
LN0000978,CUST001928,RM0243,Gold Loan,352901,Defaulted
LN0000979,CUST002152,RM0215,Education Loan,345003,Rejected
LN0000980,CUST000200,RM0225,Home Loan,381035,Approved
LN0000981,CUST000522,RM0049,Personal Loan,101780,Defaulted
LN0000982,CUST002344,RM0135,Personal Loan,560782,Rejected
LN0000983,CUST000750,RM0025,Plot Loan,229576,Closed
LN0000984,CUST001446,RM0027,Personal Loan,145582,Rejected
LN0000985,CUST001133,RM0028,Plot Loan,189405,Approved
LN0000986,CUST000269,RM0229,Car Loan,235809,Defaulted
LN0000987,CUST001712,RM0004,Plot Loan,214146,Closed
LN0000988,CUST002394,RM0226,Education Loan,183264,Active
LN0000989,CUST000829,RM0233,Business Loan,190612,Rejected
LN0000990,CUST000990,RM0034,Personal Loan,88816,Defaulted
LN0000991,CUST001806,RM0113,Car Loan,385043,Approved
LN0000992,CUST001181,RM0025,Car Loan,206072,Closed
LN0000993,CUST002364,RM0033,Plot Loan,78100,Active
LN0000994,CUST000403,RM0066,Home Loan,340621,Pending
LN0000995,CUST002211,RM0165,Plot Loan,588959,Closed
LN0000996,CUST002315,RM0034,Education Loan,638654,Rejected
LN0000997,CUST000607,RM0089,Car Loan,142095,Active
LN0000998,CUST000741,RM0190,Personal Loan,79124,Rejected
LN0000999,CUST001333,RM0012,Car Loan,999999999,Pending
LN0001000,CUST001029,RM0042,Business Loan,196128,Closed
LN0001001,CUST000031,RM0119,Education Loan,73893,Approved
LN0001002,CUST000644,RM0013,Education Loan,593581,Defaulted
LN0001003,CUST000436,RM0100,Personal Loan,90565,Active
LN0001004,CUST000246,RM0055,Plot Loan,108275,Pending
LN0001005,CUST001355,RM0095,Gold Loan,154389,Pending
LN0001006,CUST000989,RM0206,Car Loan,146630,Defaulted
LN0001007,CUST001693,RM0136,Car Loan,366620,Rejected
LN0001008,CUST000496,RM0127,Plot Loan,171877,Defaulted
LN0001009,CUST002047,RM0173,Business Loan,87451,Pending
LN0001010,CUST000714,RM0164,Personal Loan,112179,Defaulted
LN0001011,CUST002333,RM0189,Home Loan,192308,Closed
LN0001012,CUST000524,RM0188,Gold Loan,81905,Rejected
LN0001013,CUST000535,RM0102,Education Loan,239172,Active
LN0001014,CUST001933,RM0135,Business Loan,216825,Active
LN0001015,CUST000095,RM0093,Gold Loan,300844,Closed
LN0001016,CUST001513,RM0234,Car Loan,605173,Closed
LN0001017,CUST000105,RM0111,Personal Loan,536663,Approved
LN0001018,CUST000871,RM0169,Business Loan,634034,Rejected
LN0001019,CUST001796,RM0080,Business Loan,106132,Approved
LN0001020,CUST000020,RM0145,Personal Loan,78212,Rejected
LN0001021,CUST000068,RM0086,Personal Loan,121986,Closed
LN0001022,CUST002317,RM0038,Education Loan,500921,Closed
LN0001023,CUST001246,RM0226,Gold Loan,765492,Active
LN0001024,CUST001108,RM0050,Car Loan,442260,Pending
LN0001025,CUST000432,RM0220,Gold Loan,73310,Approved
LN0001026,CUST002314,RM0132,Plot Loan,639114,Approved
LN0001027,CUST001929,RM0158,Car Loan,160106,Closed
LN0001028,CUST001476,RM0246,Home Loan,51870,Defaulted
LN0001029,CUST002300,RM0059,Personal Loan,166820,Active
LN0001030,CUST000781,RM0108,Plot Loan,59432,Pending
LN0001031,CUST002468,RM0064,Home Loan,206998,Closed
LN0001032,CUST000114,RM0056,Home Loan,132665,Closed
LN0001033,CUST001491,RM0019,Gold Loan,178276,Closed
LN0001034,CUST001193,RM0152,Personal Loan,239954,Approved
LN0001035,CUST001747,RM0009,Home Loan,456208,Closed
LN0001036,CUST001870,RM0082,Home Loan,266883,Rejected
LN0001037,CUST002384,RM0193,Car Loan,163849,Closed
LN0001038,CUST000714,RM0218,Plot Loan,392324,Pending
LN0001039,CUST000298,RM0185,Education Loan,522005,Active
LN0001040,CUST002263,RM0035,Home Loan,75512,Active
LN0001041,CUST001959,RM0188,Gold Loan,201828,Rejected
LN0001042,CUST000468,RM0053,Home Loan,116958,Approved
LN0001043,CUST000880,RM0179,Plot Loan,59640,Rejected
LN0001044,CUST000657,RM0168,Home Loan,270853,Pending
LN0001045,CUST001189,RM0245,Education Loan,447220,Active
LN0001046,CUST000342,RM0130,Education Loan,85562,Rejected
LN0001047,CUST000556,RM0002,Education Loan,384703,Closed
LN0001048,CUST000958,RM0044,Education Loan,434003,Defaulted
LN0001049,CUST000095,RM0173,Plot Loan,506569,Rejected
LN0001050,CUST001833,RM0082,Car Loan,999999999,Pending
LN0001051,CUST000954,RM0130,Gold Loan,541474,Rejected
LN0001052,CUST000931,RM0167,Home Loan,111654,Approved
LN0001053,CUST001343,RM0002,Education Loan,518583,Pending
LN0001054,CUST000564,RM0145,Home Loan,576636,Active
LN0001055,CUST001048,RM0185,Home Loan,127327,Approved
LN0001056,CUST000694,RM0183,Gold Loan,210743,Rejected
LN0001057,CUST001945,RM0185,Business Loan,60365,Pending
LN0001058,CUST002090,RM0244,Plot Loan,58974,Active
LN0001059,CUST002475,RM0127,Personal Loan,304859,Rejected
LN0001060,CUST002366,RM0032,Plot Loan,167570,Rejected
LN0001061,CUST001648,RM0107,Car Loan,109221,Rejected
LN0001062,CUST002050,RM0146,Car Loan,92246,Pending
LN0001063,CUST001912,RM0011,Home Loan,271704,Defaulted
LN0001064,CUST001251,RM0224,Plot Loan,50080,Closed
LN0001065,CUST001448,RM0165,Business Loan,377867,Closed
LN0001066,CUST002057,RM0118,Personal Loan,66513,Rejected
LN0001067,CUST001936,RM0161,Personal Loan,999999999,Pending
LN0001068,CUST000801,RM0205,Car Loan,92512,Rejected
LN0001069,CUST002399,RM0082,Personal Loan,147629,Approved
LN0001070,CUST002265,RM0117,Personal Loan,182662,Closed
LN0001071,CUST001277,RM0241,Education Loan,137699,Closed
LN0001072,CUST000243,RM0177,Personal Loan,127342,Rejected
LN0001073,CUST000726,RM0107,Business Loan,714381,Closed
LN0001074,CUST001882,RM0041,Home Loan,255209,Rejected
LN0001075,CUST000834,RM0075,Car Loan,54742,Approved
LN0001076,CUST002326,RM0165,Business Loan,162485,Defaulted
LN0001077,CUST001230,RM0130,Home Loan,465902,Pending
LN0001078,CUST002012,RM0045,Business Loan,121751,Approved
LN0001079,CUST000711,RM0187,Business Loan,69866,Pending
LN0001080,CUST002335,RM0093,Plot Loan,334081,Defaulted
LN0001081,CUST000309,RM0057,Gold Loan,236287,Active
LN0001082,CUST001907,RM0143,Home Loan,218939,Closed
LN0001083,CUST000575,RM0077,Gold Loan,61013,Pending
LN0001084,CUST001264,RM0013,Gold Loan,80280,Pending
LN0001085,CUST002419,RM0186,Car Loan,433549,Closed
LN0001086,CUST000262,RM0126,Car Loan,244863,Pending
LN0001087,CUST001091,RM0090,Car Loan,96594,Defaulted
LN0001088,CUST000783,RM0012,Education Loan,999999999,Approved
LN0001089,CUST002095,RM0164,Education Loan,190264,Defaulted
LN0001090,CUST002245,RM0096,Education Loan,207439,Rejected
LN0001091,CUST001855,RM0067,Car Loan,116677,Defaulted
LN0001092,CUST001607,RM0087,Gold Loan,642944,Pending
LN0001093,CUST001450,RM0044,Business Loan,419620,Approved
LN0001094,CUST001326,RM0179,Gold Loan,306295,Approved
LN0001095,CUST000941,RM0062,Plot Loan,66240,Approved
LN0001096,CUST000856,RM0112,Car Loan,999999999,Approved
LN0001097,CUST002194,RM0002,Home Loan,72438,Defaulted
LN0001098,CUST001777,RM0224,Education Loan,185762,Pending
LN0001099,CUST000062,RM0108,Education Loan,85040,Closed
LN0001100,CUST000336,RM0023,Personal Loan,815770,Pending
LN0001101,CUST001171,RM0135,Car Loan,289484,Defaulted
LN0001102,CUST002485,RM0083,Car Loan,84518,Pending
LN0001103,CUST002420,RM0211,Car Loan,183678,Defaulted
LN0001104,CUST000916,RM0221,Car Loan,140549,Rejected
LN0001105,CUST000312,RM0242,Car Loan,253989,Approved
LN0001106,CUST000211,RM0126,Plot Loan,77631,Rejected
LN0001107,CUST001122,RM0195,Personal Loan,162534,Pending
LN0001108,CUST002396,RM0145,Gold Loan,114235,Defaulted
LN0001109,CUST000768,RM0043,Gold Loan,487408,Closed
LN0001110,CUST001700,RM0082,Business Loan,58286,Rejected
LN0001111,CUST002492,RM0097,Education Loan,540048,Closed
LN0001112,CUST000687,RM0191,Plot Loan,407945,Closed
LN0001113,CUST001670,RM0135,Personal Loan,120642,Rejected
LN0001114,CUST001431,RM0229,Home Loan,361455,Rejected
LN0001115,CUST000271,RM0206,Personal Loan,56342,Rejected
LN0001116,CUST000948,RM0209,Car Loan,731436,Rejected
LN0001117,CUST001761,RM0171,Personal Loan,199560,Pending
LN0001118,CUST002214,RM0136,Home Loan,122274,Pending
LN0001119,CUST001693,RM0118,Car Loan,140066,Pending
LN0001120,CUST001463,RM0085,Business Loan,63742,Defaulted
LN0001121,CUST001025,RM0198,Personal Loan,958429,Closed
LN0001122,CUST001522,RM0211,Personal Loan,58016,Closed
LN0001123,CUST000337,RM0174,Business Loan,262788,Rejected
LN0001124,CUST001903,RM0191,Plot Loan,166943,Pending
LN0001125,CUST000435,RM0032,Education Loan,644857,Active
LN0001126,CUST001721,RM0144,Personal Loan,106472,Approved
LN0001127,CUST000224,RM0073,Personal Loan,201894,Rejected
LN0001128,CUST000462,RM0205,Education Loan,181693,Active
LN0001129,CUST002238,RM0068,Home Loan,292714,Rejected
LN0001130,CUST001230,RM0092,Business Loan,64086,Rejected
LN0001131,CUST002392,RM0215,Car Loan,93081,Defaulted
LN0001132,CUST002393,RM0031,Plot Loan,98303,Rejected
LN0001133,CUST002030,RM0085,Business Loan,317997,Pending
LN0001134,CUST001420,RM0032,Home Loan,91931,Approved
LN0001135,CUST000936,RM0037,Gold Loan,220424,Approved
LN0001136,CUST000235,RM0080,Home Loan,98476,Pending
LN0001137,CUST001735,RM0106,Car Loan,445557,Pending
LN0001138,CUST000523,RM0191,Car Loan,620102,Pending
LN0001139,CUST000734,RM0183,Plot Loan,196166,Pending
LN0001140,CUST002057,RM0024,Education Loan,136868,Approved
LN0001141,CUST001469,RM0029,Education Loan,103329,Pending
LN0001142,CUST002385,RM0012,Education Loan,60212,Rejected
LN0001143,CUST000767,RM0095,Home Loan,112531,Approved
LN0001144,CUST000770,RM0067,Car Loan,262399,Pending
LN0001145,CUST000527,RM0038,Plot Loan,202549,Defaulted
LN0001146,CUST001589,RM0142,Business Loan,626628,Pending
LN0001147,CUST000350,RM0239,Home Loan,150928,Closed
LN0001148,CUST000751,RM0089,Personal Loan,286744,Active
LN0001149,CUST001154,RM0235,Personal Loan,184403,Approved
LN0001150,CUST002058,RM0063,Business Loan,193724,Rejected
LN0001151,CUST001591,RM0193,Home Loan,112333,Pending
LN0001152,CUST001446,RM0096,Business Loan,171375,Active
LN0001153,CUST001839,RM0003,Gold Loan,177272,Closed
LN0001154,CUST000902,RM0079,Plot Loan,295272,Pending
LN0001155,CUST001331,RM0186,Home Loan,614826,Rejected
LN0001156,CUST000053,RM0214,Plot Loan,129893,Rejected
LN0001157,CUST001350,RM0106,Personal Loan,58623,Rejected
LN0001158,CUST000422,RM0239,Plot Loan,187152,Closed
LN0001159,CUST001737,RM0059,Education Loan,207254,Active
LN0001160,CUST000649,RM0218,Personal Loan,86890,Rejected
LN0001161,CUST000202,RM0171,Plot Loan,335810,Defaulted
LN0001162,CUST000811,RM0028,Car Loan,888998,Rejected
LN0001163,CUST001352,RM0213,Plot Loan,632921,Rejected
LN0001164,CUST001513,RM0117,Gold Loan,93906,Pending
LN0001165,CUST001164,RM0160,Car Loan,466470,Rejected
LN0001166,CUST002070,RM0129,Home Loan,293812,Defaulted
LN0001167,CUST001810,RM0069,Education Loan,170971,Pending
LN0001168,CUST001419,RM0231,Plot Loan,205571,Active
LN0001169,CUST001343,RM0182,Home Loan,428891,Closed
LN0001170,CUST002302,RM0149,Plot Loan,180837,Defaulted
LN0001171,CUST001677,RM0020,Plot Loan,143427,Rejected
LN0001172,CUST000140,RM0150,Gold Loan,185946,Pending
LN0001173,CUST000581,RM0145,Car Loan,223086,Approved
LN0001174,CUST001572,RM0237,Gold Loan,91916,Pending
LN0001175,CUST002302,RM0172,Business Loan,512340,Pending
LN0001176,CUST000573,RM0059,Personal Loan,274286,Approved
LN0001177,CUST000274,RM0195,Education Loan,250625,Closed
LN0001178,CUST000072,RM0114,Education Loan,70960,Pending
LN0001179,CUST001423,RM0149,Plot Loan,235356,Defaulted
LN0001180,CUST000794,RM0126,Education Loan,75785,Closed
LN0001181,CUST001030,RM0002,Education Loan,66393,Rejected
LN0001182,CUST000988,RM0013,Business Loan,199863,Closed
LN0001183,CUST000388,RM0151,Personal Loan,153095,Pending
LN0001184,CUST000200,RM0145,Car Loan,227740,Defaulted
LN0001185,CUST001293,RM0120,Car Loan,68691,Rejected
LN0001186,CUST000144,RM0133,Plot Loan,162769,Rejected
LN0001187,CUST002033,RM0217,Gold Loan,88422,Approved
LN0001188,CUST000429,RM0148,Home Loan,920106,Closed
LN0001189,CUST000055,RM0033,Plot Loan,214719,Defaulted
LN0001190,CUST000425,RM0232,Business Loan,282589,Rejected
LN0001191,CUST001558,RM0170,Business Loan,128732,Approved
LN0001192,CUST002416,RM0244,Business Loan,69906,Pending
LN0001193,CUST001918,RM0111,Plot Loan,794867,Approved
LN0001194,CUST000291,RM0200,Business Loan,117447,Pending
LN0001195,CUST002187,RM0075,Business Loan,160262,Closed
LN0001196,CUST000660,RM0146,Plot Loan,259886,Active
LN0001197,CUST001565,RM0043,Car Loan,55001,Approved
LN0001198,CUST000912,RM0222,Home Loan,382419,Pending
LN0001199,CUST001853,RM0152,Gold Loan,203823,Approved
LN0001200,CUST000137,RM0016,Education Loan,115206,Pending
LN0001201,CUST001465,RM0193,Personal Loan,62717,Pending
LN0001202,CUST002171,RM0153,Education Loan,85466,Closed
LN0001203,CUST001400,RM0120,Plot Loan,500823,Defaulted
LN0001204,CUST000389,RM0080,Car Loan,281687,Defaulted
LN0001205,CUST001218,RM0243,Car Loan,107510,Pending
LN0001206,CUST002473,RM0013,Home Loan,63570,Active
LN0001207,CUST001289,RM0122,Car Loan,284633,Pending
LN0001208,CUST001723,RM0010,Plot Loan,219917,Approved
LN0001209,CUST000590,RM0052,Business Loan,153677,Pending
LN0001210,CUST000248,RM0125,Gold Loan,140389,Rejected
LN0001211,CUST001544,RM0062,Personal Loan,98877,Defaulted
LN0001212,CUST001315,RM0087,Gold Loan,271497,Approved
LN0001213,CUST000547,RM0138,Personal Loan,755815,Rejected
LN0001214,CUST000596,RM0097,Plot Loan,88647,Rejected
LN0001215,CUST001548,RM0119,Plot Loan,231821,Closed
LN0001216,CUST000101,RM0143,Plot Loan,160393,Rejected
LN0001217,CUST002157,RM0223,Personal Loan,168366,Defaulted
LN0001218,CUST000720,RM0180,Plot Loan,108645,Pending
LN0001219,CUST000986,RM0065,Car Loan,398748,Defaulted
LN0001220,CUST002209,RM0082,Personal Loan,182816,Active
LN0001221,CUST000952,RM0058,Personal Loan,110437,Defaulted
LN0001222,CUST000038,RM0115,Car Loan,206792,Pending
LN0001223,CUST002064,RM0112,Gold Loan,122699,Active
LN0001224,CUST000708,RM0105,Gold Loan,90131,Pending
LN0001225,CUST002146,RM0242,Plot Loan,67965,Pending
LN0001226,CUST002450,RM0164,Personal Loan,300436,Active
LN0001227,CUST001000,RM0227,Personal Loan,93689,Closed
LN0001228,CUST000059,RM0054,Business Loan,284285,Defaulted
LN0001229,CUST002047,RM0021,Car Loan,148982,Rejected
LN0001230,CUST000142,RM0025,Education Loan,157493,Pending
LN0001231,CUST000589,RM0093,Home Loan,176665,Defaulted
LN0001232,CUST001550,RM0230,Gold Loan,141680,Pending
LN0001233,CUST001749,RM0098,Gold Loan,71209,Active
LN0001234,CUST001596,RM0076,Car Loan,124106,Defaulted
LN0001235,CUST000434,RM0185,Car Loan,267970,Active
LN0001236,CUST002014,RM0074,Plot Loan,269193,Active
LN0001237,CUST000230,RM0234,Business Loan,117437,Defaulted
LN0001238,CUST001042,RM0004,Home Loan,173275,Closed
LN0001239,CUST001536,RM0122,Gold Loan,92997,Active
LN0001240,CUST001777,RM0065,Personal Loan,97238,Pending
LN0001241,CUST001044,RM0195,Personal Loan,54663,Approved
LN0001242,CUST001199,RM0149,Business Loan,504113,Approved
LN0001243,CUST000742,RM0225,Home Loan,97323,Pending
LN0001244,CUST000493,RM0041,Home Loan,101633,Active
LN0001245,CUST000934,RM0035,Business Loan,115590,Active
LN0001246,CUST000692,RM0190,Plot Loan,77257,Closed
LN0001247,CUST002072,RM0076,Gold Loan,253921,Pending
LN0001248,CUST001454,RM0153,Business Loan,65623,Rejected
LN0001249,CUST000783,RM0007,Car Loan,78820,Rejected
LN0001250,CUST000525,RM0012,Home Loan,256990,Defaulted
LN0001251,CUST002094,RM0170,Home Loan,133000,Closed
LN0001252,CUST000698,RM0158,Business Loan,296164,Approved
LN0001253,CUST000294,RM0125,Plot Loan,213028,Defaulted
LN0001254,CUST002163,RM0130,Car Loan,109148,Pending
LN0001255,CUST001962,RM0072,Education Loan,260438,Pending
LN0001256,CUST000238,RM0218,Home Loan,74721,Approved
LN0001257,CUST002487,RM0153,Plot Loan,203751,Approved
LN0001258,CUST002399,RM0002,Home Loan,164947,Closed
LN0001259,CUST001346,RM0113,Business Loan,112360,Approved
LN0001260,CUST000889,RM0026,Education Loan,235270,Defaulted
LN0001261,CUST002268,RM0087,Business Loan,460106,Approved
LN0001262,CUST000902,RM0153,Business Loan,1413345,Rejected
LN0001263,CUST001627,RM0020,Business Loan,237177,Pending
LN0001264,CUST001189,RM0008,Education Loan,153739,Defaulted
LN0001265,CUST001348,RM0126,Education Loan,101031,Approved
LN0001266,CUST000164,RM0107,Plot Loan,109437,Defaulted
LN0001267,CUST001847,RM0099,Plot Loan,180575,Active
LN0001268,CUST000843,RM0103,Home Loan,141544,Rejected
LN0001269,CUST000338,RM0181,Business Loan,540250,Closed
LN0001270,CUST001975,RM0234,Gold Loan,141866,Pending
LN0001271,CUST000280,RM0109,Car Loan,143503,Closed
LN0001272,CUST001013,RM0018,Education Loan,146750,Rejected
LN0001273,CUST000453,RM0099,Plot Loan,412335,Closed
LN0001274,CUST002404,RM0043,Plot Loan,260415,Defaulted
LN0001275,CUST000675,RM0245,Home Loan,240471,Defaulted
LN0001276,CUST001425,RM0144,Gold Loan,131336,Rejected
LN0001277,CUST000879,RM0107,Education Loan,390644,Active
LN0001278,CUST000505,RM0160,Plot Loan,57823,Rejected
LN0001279,CUST000020,RM0164,Education Loan,459274,Closed
LN0001280,CUST000504,RM0215,Plot Loan,193795,Pending
LN0001281,CUST001684,RM0042,Car Loan,151582,Defaulted
LN0001282,CUST000845,RM0067,Gold Loan,187499,Defaulted
LN0001283,CUST002444,RM0050,Car Loan,270172,Pending
LN0001284,CUST001501,RM0214,Gold Loan,52569,Closed
LN0001285,CUST001984,RM0234,Business Loan,460446,Closed
LN0001286,CUST002418,RM0179,Business Loan,168385,Rejected
LN0001287,CUST000438,RM0238,Personal Loan,134004,Active
LN0001288,CUST001901,RM0231,Education Loan,79756,Pending
LN0001289,CUST000003,RM0040,Gold Loan,165772,Pending
LN0001290,CUST001335,RM0116,Gold Loan,187163,Approved
LN0001291,CUST000097,RM0054,Gold Loan,153384,Pending
LN0001292,CUST000688,RM0113,Home Loan,277051,Closed
LN0001293,CUST001305,RM0108,Home Loan,159254,Pending
LN0001294,CUST002099,RM0168,Education Loan,700991,Active
LN0001295,CUST001438,RM0172,Car Loan,232897,Pending
LN0001296,CUST001931,RM0222,Plot Loan,379508,Pending
LN0001297,CUST001784,RM0083,Gold Loan,73162,Closed
LN0001298,CUST000467,RM0106,Gold Loan,151264,Approved
LN0001299,CUST000301,RM0171,Home Loan,50000,Pending
LN0001300,CUST000475,RM0199,Gold Loan,132150,Defaulted
LN0001301,CUST001525,RM0029,Car Loan,218553,Rejected
LN0001302,CUST002039,RM0098,Home Loan,444819,Approved
LN0001303,CUST001094,RM0033,Business Loan,66315,Rejected
LN0001304,CUST001778,RM0239,Plot Loan,65068,Defaulted
LN0001305,CUST000144,RM0048,Education Loan,429848,Approved
LN0001306,CUST001830,RM0093,Business Loan,97867,Defaulted
LN0001307,CUST000708,RM0051,Car Loan,270978,Active
LN0001308,CUST002018,RM0041,Home Loan,206561,Rejected
LN0001309,CUST001311,RM0180,Personal Loan,407824,Closed
LN0001310,CUST001072,RM0199,Home Loan,76726,Approved
LN0001311,CUST000688,RM0114,Plot Loan,77802,Approved
LN0001312,CUST001029,RM0197,Plot Loan,212755,Rejected
LN0001313,CUST000557,RM0132,Home Loan,635161,Approved
LN0001314,CUST001326,RM0207,Gold Loan,157227,Approved
LN0001315,CUST000030,RM0005,Car Loan,129184,Approved
LN0001316,CUST000461,RM0229,Personal Loan,236631,Rejected
LN0001317,CUST001770,RM0152,Plot Loan,583137,Active
LN0001318,CUST001700,RM0108,Car Loan,360126,Pending
LN0001319,CUST001058,RM0030,Business Loan,412712,Closed
LN0001320,CUST000651,RM0129,Business Loan,1130008,Defaulted
LN0001321,CUST001315,RM0217,Home Loan,54565,Active
LN0001322,CUST001064,RM0095,Plot Loan,73950,Pending
LN0001323,CUST002012,RM0236,Education Loan,238048,Approved
LN0001324,CUST000235,RM0238,Gold Loan,393601,Defaulted
LN0001325,CUST002165,RM0225,Personal Loan,117162,Closed
LN0001326,CUST000927,RM0100,Business Loan,104679,Pending
LN0001327,CUST000764,RM0229,Plot Loan,359269,Defaulted
LN0001328,CUST001314,RM0031,Business Loan,61606,Closed
LN0001329,CUST000149,RM0095,Personal Loan,142211,Pending
LN0001330,CUST001446,RM0238,Plot Loan,190966,Defaulted
LN0001331,CUST000804,RM0171,Education Loan,214354,Closed
LN0001332,CUST001698,RM0022,Car Loan,310843,Closed
LN0001333,CUST002488,RM0089,Business Loan,137653,Active
LN0001334,CUST000550,RM0005,Home Loan,239703,Approved
LN0001335,CUST000073,RM0099,Personal Loan,226076,Rejected
LN0001336,CUST000392,RM0215,Home Loan,208644,Closed
LN0001337,CUST000507,RM0111,Plot Loan,254598,Active
LN0001338,CUST001729,RM0246,Personal Loan,110072,Rejected
LN0001339,CUST000326,RM0016,Personal Loan,67689,Approved
LN0001340,CUST000074,RM0165,Business Loan,75401,Rejected
LN0001341,CUST001158,RM0084,Personal Loan,100870,Defaulted
LN0001342,CUST002018,RM0198,Gold Loan,188708,Closed
LN0001343,CUST002135,RM0089,Business Loan,417070,Active
LN0001344,CUST001551,RM0059,Education Loan,291658,Approved
LN0001345,CUST000723,RM0005,Car Loan,361217,Rejected
LN0001346,CUST002408,RM0064,Education Loan,136457,Active
LN0001347,CUST002361,RM0185,Car Loan,153722,Rejected
LN0001348,CUST000616,RM0240,Gold Loan,150070,Rejected
LN0001349,CUST001188,RM0114,Business Loan,92607,Approved
LN0001350,CUST001780,RM0107,Business Loan,62634,Rejected
LN0001351,CUST001344,RM0150,Business Loan,228766,Pending
LN0001352,CUST001361,RM0014,Education Loan,955951,Closed
LN0001353,CUST000806,RM0201,Plot Loan,86503,Approved
LN0001354,CUST001904,RM0182,Plot Loan,59561,Active
LN0001355,CUST000326,RM0032,Business Loan,50000,Rejected
LN0001356,CUST000237,RM0082,Home Loan,352400,Approved
LN0001357,CUST000176,RM0102,Plot Loan,108227,Defaulted
LN0001358,CUST000007,RM0162,Personal Loan,403972,Rejected
LN0001359,CUST001201,RM0185,Gold Loan,293436,Approved
LN0001360,CUST002115,RM0012,Business Loan,632548,Rejected
LN0001361,CUST000738,RM0222,Car Loan,155163,Pending
LN0001362,CUST001833,RM0128,Plot Loan,266924,Defaulted
LN0001363,CUST001975,RM0053,Business Loan,175043,Active
LN0001364,CUST001927,RM0020,Business Loan,249168,Pending
LN0001365,CUST000350,RM0148,Education Loan,169421,Rejected
LN0001366,CUST002475,RM0214,Gold Loan,91806,Active
LN0001367,CUST000698,RM0059,Personal Loan,191813,Rejected
LN0001368,CUST000630,RM0051,Car Loan,200402,Defaulted
LN0001369,CUST001825,RM0228,Education Loan,382782,Active
LN0001370,CUST002045,RM0177,Plot Loan,315998,Rejected
LN0001371,CUST000295,RM0097,Business Loan,268004,Pending
LN0001372,CUST000969,RM0147,Car Loan,74069,Defaulted
LN0001373,CUST002377,RM0010,Car Loan,305033,Pending
LN0001374,CUST000068,RM0101,Plot Loan,188751,Defaulted
LN0001375,CUST001593,RM0115,Plot Loan,499051,Rejected
LN0001376,CUST001231,RM0129,Plot Loan,554823,Closed
LN0001377,CUST001952,RM0172,Personal Loan,61347,Rejected
LN0001378,CUST002440,RM0192,Home Loan,393673,Defaulted
LN0001379,CUST002396,RM0010,Business Loan,57685,Approved
LN0001380,CUST001334,RM0141,Home Loan,141510,Approved
LN0001381,CUST000430,RM0033,Car Loan,206308,Closed
LN0001382,CUST001780,RM0217,Home Loan,82057,Rejected
LN0001383,CUST000277,RM0045,Business Loan,324331,Pending
LN0001384,CUST001938,RM0233,Personal Loan,51677,Defaulted
LN0001385,CUST002240,RM0126,Personal Loan,86928,Active
LN0001386,CUST000606,RM0223,Personal Loan,223879,Closed
LN0001387,CUST001798,RM0128,Plot Loan,300623,Rejected
LN0001388,CUST001985,RM0106,Car Loan,546924,Rejected
LN0001389,CUST000139,RM0039,Home Loan,294492,Defaulted
LN0001390,CUST000202,RM0013,Car Loan,272813,Defaulted
LN0001391,CUST001387,RM0167,Gold Loan,50000,Rejected
LN0001392,CUST001993,RM0206,Business Loan,150287,Approved
LN0001393,CUST002245,RM0097,Education Loan,50257,Closed
LN0001394,CUST000959,RM0114,Personal Loan,75602,Pending
LN0001395,CUST000606,RM0222,Business Loan,202952,Active
LN0001396,CUST000743,RM0075,Car Loan,274865,Active
LN0001397,CUST000675,RM0075,Education Loan,50000,Closed
LN0001398,CUST002309,RM0153,Education Loan,158067,Pending
LN0001399,CUST002344,RM0190,Home Loan,312370,Defaulted
LN0001400,CUST000950,RM0094,Car Loan,197571,Defaulted
LN0001401,CUST002440,RM0089,Personal Loan,65414,Rejected
LN0001402,CUST001037,RM0068,Home Loan,92642,Closed
LN0001403,CUST001312,RM0123,Education Loan,416514,Active
LN0001404,CUST002080,RM0117,Plot Loan,308133,Approved
LN0001405,CUST002246,RM0214,Plot Loan,500306,Closed
LN0001406,CUST000768,RM0011,Business Loan,75012,Closed
LN0001407,CUST000465,RM0098,Gold Loan,975534,Active
LN0001408,CUST001136,RM0048,Plot Loan,96994,Closed
LN0001409,CUST000960,RM0227,Car Loan,52369,Defaulted
LN0001410,CUST000798,RM0095,Plot Loan,1242221,Approved
LN0001411,CUST001619,RM0208,Business Loan,115999,Active
LN0001412,CUST002295,RM0162,Business Loan,270535,Rejected
LN0001413,CUST000780,RM0241,Education Loan,88882,Rejected
LN0001414,CUST001013,RM0217,Business Loan,223608,Approved
LN0001415,CUST001373,RM0203,Car Loan,518754,Rejected
LN0001416,CUST000160,RM0154,Gold Loan,127185,Rejected
LN0001417,CUST000382,RM0238,Personal Loan,271886,Closed
LN0001418,CUST000649,RM0099,Home Loan,91627,Pending
LN0001419,CUST000278,RM0082,Gold Loan,246056,Pending
LN0001420,CUST001294,RM0184,Education Loan,132030,Approved
LN0001421,CUST001246,RM0198,Business Loan,97450,Defaulted
LN0001422,CUST001606,RM0161,Business Loan,125137,Active
LN0001423,CUST000099,RM0205,Education Loan,89407,Closed
LN0001424,CUST001301,RM0063,Personal Loan,514386,Approved
LN0001425,CUST000920,RM0225,Gold Loan,151229,Defaulted
LN0001426,CUST001938,RM0062,Plot Loan,301964,Defaulted
LN0001427,CUST000137,RM0067,Education Loan,106281,Approved
LN0001428,CUST001735,RM0051,Home Loan,168989,Pending
LN0001429,CUST001434,RM0115,Car Loan,127290,Active
LN0001430,CUST001811,RM0169,Personal Loan,322843,Rejected
LN0001431,CUST002057,RM0007,Business Loan,759614,Closed
LN0001432,CUST002064,RM0093,Home Loan,165262,Active
LN0001433,CUST000893,RM0095,Plot Loan,444704,Closed
LN0001434,CUST001553,RM0004,Home Loan,216879,Rejected
LN0001435,CUST001567,RM0023,Education Loan,84213,Defaulted
LN0001436,CUST002272,RM0022,Gold Loan,284638,Closed
LN0001437,CUST001957,RM0140,Gold Loan,194076,Approved
LN0001438,CUST000992,RM0167,Plot Loan,260311,Active
LN0001439,CUST000923,RM0101,Personal Loan,490887,Defaulted
LN0001440,CUST002089,RM0025,Car Loan,166118,Defaulted
LN0001441,CUST000754,RM0166,Gold Loan,512886,Rejected
LN0001442,CUST002489,RM0215,Business Loan,327794,Rejected
LN0001443,CUST001120,RM0224,Plot Loan,184122,Pending
LN0001444,CUST001296,RM0003,Home Loan,234875,Approved
LN0001445,CUST000864,RM0212,Business Loan,50000,Active
LN0001446,CUST000073,RM0161,Personal Loan,128780,Defaulted
LN0001447,CUST001561,RM0067,Education Loan,872061,Closed
LN0001448,CUST000898,RM0033,Personal Loan,270133,Closed
LN0001449,CUST002393,RM0128,Education Loan,58967,Active
LN0001450,CUST002311,RM0158,Gold Loan,129089,Defaulted
LN0001451,CUST000386,RM0010,Plot Loan,245268,Defaulted
LN0001452,CUST001710,RM0218,Education Loan,61596,Defaulted
LN0001453,CUST002049,RM0037,Car Loan,54834,Defaulted
LN0001454,CUST002349,RM0030,Business Loan,169576,Approved
LN0001455,CUST001756,RM0155,Personal Loan,130900,Defaulted
LN0001456,CUST001280,RM0210,Education Loan,165356,Rejected
LN0001457,CUST001789,RM0196,Gold Loan,110950,Defaulted
LN0001458,CUST000635,RM0088,Education Loan,85997,Active
LN0001459,CUST001048,RM0221,Business Loan,283684,Defaulted
LN0001460,CUST001483,RM0222,Business Loan,194544,Active
LN0001461,CUST001122,RM0135,Education Loan,94667,Pending
LN0001462,CUST001257,RM0076,Business Loan,127011,Rejected
LN0001463,CUST000621,RM0041,Personal Loan,229203,Rejected
LN0001464,CUST001194,RM0158,Home Loan,64994,Defaulted
LN0001465,CUST002202,RM0164,Personal Loan,81905,Defaulted
LN0001466,CUST000795,RM0052,Personal Loan,65213,Rejected
LN0001467,CUST001652,RM0067,Gold Loan,384600,Pending
LN0001468,CUST001799,RM0054,Home Loan,329195,Rejected
LN0001469,CUST000440,RM0153,Business Loan,659083,Closed
LN0001470,CUST000418,RM0204,Business Loan,329926,Active
LN0001471,CUST001146,RM0003,Plot Loan,301985,Approved
LN0001472,CUST002165,RM0189,Personal Loan,271360,Defaulted
LN0001473,CUST000988,RM0140,Plot Loan,179631,Defaulted
LN0001474,CUST000346,RM0126,Plot Loan,255599,Rejected
LN0001475,CUST000245,RM0010,Personal Loan,57823,Defaulted
LN0001476,CUST002026,RM0155,Home Loan,244289,Approved
LN0001477,CUST000600,RM0229,Plot Loan,350905,Active
LN0001478,CUST000514,RM0136,Plot Loan,188772,Approved
LN0001479,CUST000073,RM0182,Personal Loan,138481,Pending
LN0001480,CUST000754,RM0109,Business Loan,114987,Approved
LN0001481,CUST001603,RM0208,Education Loan,255893,Pending
LN0001482,CUST000221,RM0250,Business Loan,286052,Rejected
LN0001483,CUST002469,RM0040,Gold Loan,50000,Pending
LN0001484,CUST001976,RM0126,Car Loan,459538,Defaulted
LN0001485,CUST001839,RM0184,Personal Loan,133811,Closed
LN0001486,CUST001353,RM0040,Business Loan,343737,Rejected
LN0001487,CUST001344,RM0029,Business Loan,214813,Defaulted
LN0001488,CUST001507,RM0165,Car Loan,478836,Pending
LN0001489,CUST000236,RM0162,Car Loan,200075,Closed
LN0001490,CUST002453,RM0062,Gold Loan,195808,Active
LN0001491,CUST001378,RM0139,Education Loan,222491,Active
LN0001492,CUST000223,RM0030,Home Loan,326711,Defaulted
LN0001493,CUST002050,RM0109,Car Loan,718720,Approved
LN0001494,CUST000076,RM0022,Gold Loan,65281,Closed
LN0001495,CUST000030,RM0112,Home Loan,60983,Closed
LN0001496,CUST001589,RM0034,Personal Loan,604678,Active
LN0001497,CUST002252,RM0049,Education Loan,200951,Approved
LN0001498,CUST001906,RM0065,Gold Loan,240852,Active
LN0001499,CUST002450,RM0003,Plot Loan,999999999,Defaulted
LN0001500,CUST001709,RM0094,Personal Loan,181719,Defaulted
LN0001501,CUST000116,RM0048,Education Loan,69667,Active
LN0001502,CUST001697,RM0109,Car Loan,999999999,Pending
LN0001503,CUST000333,RM0149,Personal Loan,342280,Rejected
LN0001504,CUST002021,RM0174,Car Loan,325050,Approved
LN0001505,CUST002147,RM0183,Personal Loan,124707,Active
LN0001506,CUST000465,RM0067,Gold Loan,123125,Defaulted
LN0001507,CUST001251,RM0113,Education Loan,413836,Rejected
LN0001508,CUST001081,RM0229,Car Loan,65021,Defaulted
LN0001509,CUST002224,RM0190,Education Loan,475903,Active
LN0001510,CUST001652,RM0023,Home Loan,109320,Rejected
LN0001511,CUST000874,RM0220,Gold Loan,229780,Closed
LN0001512,CUST000126,RM0082,Education Loan,599756,Active
LN0001513,CUST000262,RM0219,Plot Loan,276716,Pending
LN0001514,CUST001793,RM0246,Plot Loan,157033,Defaulted
LN0001515,CUST000707,RM0170,Car Loan,283936,Pending
LN0001516,CUST001195,RM0242,Personal Loan,134312,Active
LN0001517,CUST001204,RM0019,Education Loan,114940,Approved
LN0001518,CUST002448,RM0026,Car Loan,1191755,Pending
LN0001519,CUST000602,RM0193,Plot Loan,327892,Active
LN0001520,CUST001108,RM0081,Car Loan,50000,Rejected
LN0001521,CUST001949,RM0238,Car Loan,256969,Rejected
LN0001522,CUST000992,RM0194,Plot Loan,137790,Rejected
LN0001523,CUST001755,RM0176,Home Loan,60082,Approved
LN0001524,CUST000057,RM0179,Gold Loan,56309,Defaulted
LN0001525,CUST000985,RM0180,Plot Loan,211568,Closed
LN0001526,CUST002470,RM0025,Plot Loan,337124,Closed
LN0001527,CUST001982,RM0082,Personal Loan,204169,Active
LN0001528,CUST000474,RM0160,Gold Loan,417500,Pending
LN0001529,CUST000693,RM0084,Business Loan,56799,Approved
LN0001530,CUST000277,RM0115,Education Loan,141378,Rejected
LN0001531,CUST002481,RM0045,Home Loan,104117,Defaulted
LN0001532,CUST001208,RM0186,Education Loan,168578,Pending
LN0001533,CUST000107,RM0137,Business Loan,65025,Active
LN0001534,CUST000615,RM0211,Personal Loan,666395,Closed
LN0001535,CUST000657,RM0245,Personal Loan,100528,Rejected
LN0001536,CUST000878,RM0089,Personal Loan,561000,Rejected
LN0001537,CUST001070,RM0072,Personal Loan,160987,Defaulted
LN0001538,CUST000953,RM0221,Car Loan,897054,Active
LN0001539,CUST000759,RM0151,Car Loan,211513,Pending
LN0001540,CUST001178,RM0013,Personal Loan,584245,Defaulted
LN0001541,CUST000009,RM0148,Business Loan,51072,Approved
LN0001542,CUST002486,RM0076,Business Loan,325854,Closed
LN0001543,CUST000408,RM0175,Home Loan,516713,Active
LN0001544,CUST000302,RM0054,Car Loan,80099,Rejected
LN0001545,CUST001701,RM0104,Plot Loan,70213,Rejected
LN0001546,CUST000425,RM0036,Personal Loan,160528,Approved
LN0001547,CUST001022,RM0083,Plot Loan,592649,Rejected
LN0001548,CUST000849,RM0214,Car Loan,206346,Pending
LN0001549,CUST000841,RM0044,Plot Loan,199925,Approved
LN0001550,CUST001540,RM0133,Business Loan,557318,Pending
LN0001551,CUST001236,RM0154,Business Loan,80426,Closed
LN0001552,CUST001140,RM0113,Home Loan,50157,Closed
LN0001553,CUST001025,RM0102,Home Loan,382293,Pending
LN0001554,CUST000063,RM0169,Business Loan,68329,Closed
LN0001555,CUST002261,RM0171,Plot Loan,250942,Rejected
LN0001556,CUST002120,RM0015,Car Loan,542120,Approved
LN0001557,CUST000680,RM0132,Car Loan,96803,Defaulted
LN0001558,CUST000962,RM0009,Gold Loan,268887,Active
LN0001559,CUST001645,RM0232,Home Loan,66393,Rejected
LN0001560,CUST000428,RM0152,Home Loan,235144,Closed
LN0001561,CUST000780,RM0015,Education Loan,85808,Active
LN0001562,CUST001990,RM0167,Business Loan,316326,Active
LN0001563,CUST001175,RM0095,Home Loan,121687,Defaulted
LN0001564,CUST001223,RM0111,Car Loan,174497,Defaulted
LN0001565,CUST001740,RM0214,Plot Loan,232973,Closed
LN0001566,CUST001807,RM0031,Gold Loan,87572,Approved
LN0001567,CUST002248,RM0249,Gold Loan,320678,Approved
LN0001568,CUST002476,RM0203,Gold Loan,122090,Defaulted
LN0001569,CUST001830,RM0191,Gold Loan,267162,Defaulted
LN0001570,CUST000138,RM0067,Home Loan,84462,Defaulted
LN0001571,CUST001335,RM0205,Home Loan,283025,Pending
LN0001572,CUST001295,RM0153,Home Loan,77436,Defaulted
LN0001573,CUST000322,RM0009,Gold Loan,160801,Approved
LN0001574,CUST001044,RM0070,Home Loan,106792,Active
LN0001575,CUST000119,RM0006,Car Loan,325963,Pending
LN0001576,CUST000865,RM0248,Education Loan,110771,Defaulted
LN0001577,CUST002260,RM0037,Education Loan,476935,Active
LN0001578,CUST002173,RM0197,Business Loan,494792,Rejected
LN0001579,CUST001574,RM0175,Car Loan,93741,Approved
LN0001580,CUST000023,RM0087,Plot Loan,240303,Pending
LN0001581,CUST001773,RM0124,Gold Loan,68361,Closed
LN0001582,CUST000416,RM0177,Gold Loan,149363,Approved
LN0001583,CUST001933,RM0070,Business Loan,299878,Defaulted
LN0001584,CUST002432,RM0094,Plot Loan,265422,Rejected
LN0001585,CUST002222,RM0131,Plot Loan,246006,Pending
LN0001586,CUST001114,RM0175,Business Loan,116407,Closed
LN0001587,CUST001875,RM0084,Plot Loan,144971,Approved
LN0001588,CUST002357,RM0006,Car Loan,71727,Approved
LN0001589,CUST001660,RM0249,Business Loan,303896,Approved
LN0001590,CUST000075,RM0123,Gold Loan,190191,Pending
LN0001591,CUST002344,RM0053,Plot Loan,296725,Active
LN0001592,CUST002204,RM0109,Education Loan,107254,Pending
LN0001593,CUST001640,RM0178,Car Loan,128442,Defaulted
LN0001594,CUST002363,RM0157,Education Loan,131357,Active
LN0001595,CUST001455,RM0220,Gold Loan,55215,Rejected
LN0001596,CUST000871,RM0188,Education Loan,133420,Defaulted
LN0001597,CUST001825,RM0124,Car Loan,375219,Pending
LN0001598,CUST000227,RM0094,Car Loan,505185,Defaulted
LN0001599,CUST001156,RM0159,Business Loan,196052,Defaulted
LN0001600,CUST001596,RM0056,Gold Loan,171578,Defaulted
LN0001601,CUST001380,RM0168,Gold Loan,56261,Closed
LN0001602,CUST001113,RM0001,Education Loan,472730,Defaulted
LN0001603,CUST000041,RM0042,Gold Loan,52619,Closed
LN0001604,CUST002343,RM0130,Business Loan,629177,Defaulted
LN0001605,CUST000646,RM0166,Car Loan,184361,Pending
LN0001606,CUST002214,RM0025,Car Loan,133690,Closed
LN0001607,CUST002458,RM0206,Home Loan,565980,Approved
LN0001608,CUST000421,RM0058,Business Loan,54938,Defaulted
LN0001609,CUST001721,RM0145,Gold Loan,224179,Defaulted
LN0001610,CUST002042,RM0121,Home Loan,209227,Approved
LN0001611,CUST001750,RM0136,Home Loan,99518,Active
LN0001612,CUST001184,RM0056,Business Loan,162033,Active
LN0001613,CUST001968,RM0046,Personal Loan,261262,Defaulted
LN0001614,CUST000401,RM0024,Business Loan,309752,Active
LN0001615,CUST000715,RM0077,Home Loan,50143,Approved
LN0001616,CUST002456,RM0068,Home Loan,602459,Active
LN0001617,CUST000945,RM0232,Education Loan,85951,Rejected
LN0001618,CUST002375,RM0056,Business Loan,103205,Rejected
LN0001619,CUST001176,RM0136,Education Loan,111161,Rejected
LN0001620,CUST001330,RM0226,Plot Loan,57710,Closed
LN0001621,CUST000325,RM0148,Home Loan,76261,Defaulted
LN0001622,CUST000647,RM0159,Gold Loan,908802,Rejected
LN0001623,CUST001909,RM0245,Business Loan,125730,Rejected
LN0001624,CUST002157,RM0069,Business Loan,74501,Pending
LN0001625,CUST001998,RM0128,Home Loan,72631,Pending
LN0001626,CUST000678,RM0222,Plot Loan,304207,Active
LN0001627,CUST001991,RM0171,Car Loan,435610,Active
LN0001628,CUST000419,RM0035,Gold Loan,109399,Active
LN0001629,CUST000738,RM0113,Personal Loan,54226,Defaulted
LN0001630,CUST000364,RM0095,Home Loan,100486,Approved
LN0001631,CUST001621,RM0058,Home Loan,61635,Rejected
LN0001632,CUST000269,RM0178,Education Loan,71827,Active
LN0001633,CUST000956,RM0164,Plot Loan,162953,Closed
LN0001634,CUST000967,RM0124,Plot Loan,102251,Pending
LN0001635,CUST001186,RM0106,Business Loan,195111,Closed
LN0001636,CUST001070,RM0186,Car Loan,50000,Approved
LN0001637,CUST001651,RM0017,Car Loan,108470,Approved
LN0001638,CUST001134,RM0022,Plot Loan,614481,Defaulted
LN0001639,CUST000340,RM0192,Car Loan,522772,Rejected
LN0001640,CUST000619,RM0154,Car Loan,217313,Pending
LN0001641,CUST002487,RM0013,Car Loan,137522,Defaulted
LN0001642,CUST000034,RM0044,Home Loan,145977,Defaulted
LN0001643,CUST002049,RM0029,Car Loan,156155,Rejected
LN0001644,CUST002043,RM0028,Plot Loan,310081,Active
LN0001645,CUST002279,RM0214,Car Loan,170164,Pending
LN0001646,CUST001395,RM0126,Home Loan,438604,Rejected
LN0001647,CUST001225,RM0072,Plot Loan,626819,Pending
LN0001648,CUST000077,RM0016,Plot Loan,131878,Pending
LN0001649,CUST001701,RM0226,Education Loan,214512,Closed
LN0001650,CUST001684,RM0171,Home Loan,69976,Pending
LN0001651,CUST000322,RM0003,Personal Loan,94746,Approved
LN0001652,CUST000925,RM0167,Gold Loan,156704,Defaulted
LN0001653,CUST001881,RM0083,Home Loan,96185,Pending
LN0001654,CUST000455,RM0138,Education Loan,468400,Closed
LN0001655,CUST001507,RM0112,Education Loan,84463,Pending
LN0001656,CUST000538,RM0155,Plot Loan,171636,Approved
LN0001657,CUST001061,RM0244,Personal Loan,236128,Closed
LN0001658,CUST001988,RM0051,Car Loan,285442,Active
LN0001659,CUST002361,RM0176,Car Loan,146599,Rejected
LN0001660,CUST001602,RM0217,Plot Loan,456662,Closed
LN0001661,CUST001659,RM0016,Plot Loan,218013,Active
LN0001662,CUST002011,RM0010,Personal Loan,165787,Rejected
LN0001663,CUST000987,RM0058,Business Loan,63921,Active
LN0001664,CUST001552,RM0112,Plot Loan,174981,Approved
LN0001665,CUST000790,RM0014,Education Loan,393778,Closed
LN0001666,CUST000249,RM0046,Business Loan,240664,Active
LN0001667,CUST001099,RM0116,Personal Loan,406951,Rejected
LN0001668,CUST002040,RM0210,Car Loan,186248,Active
LN0001669,CUST000019,RM0083,Personal Loan,75217,Approved
LN0001670,CUST000112,RM0071,Plot Loan,52746,Pending
LN0001671,CUST001232,RM0179,Education Loan,122256,Rejected
LN0001672,CUST001528,RM0002,Home Loan,289459,Defaulted
LN0001673,CUST000994,RM0037,Business Loan,362377,Rejected
LN0001674,CUST001743,RM0030,Home Loan,120125,Rejected
LN0001675,CUST000485,RM0140,Car Loan,186898,Approved
LN0001676,CUST000001,RM0047,Personal Loan,159331,Active
LN0001677,CUST001411,RM0048,Car Loan,242680,Active
LN0001678,CUST001350,RM0120,Education Loan,155703,Defaulted
LN0001679,CUST001285,RM0054,Business Loan,102623,Active
LN0001680,CUST001470,RM0211,Plot Loan,79322,Closed
LN0001681,CUST000171,RM0189,Business Loan,93802,Closed
LN0001682,CUST000631,RM0180,Business Loan,61384,Approved
LN0001683,CUST000927,RM0215,Gold Loan,94161,Closed
LN0001684,CUST001538,RM0094,Home Loan,51848,Active
LN0001685,CUST000841,RM0077,Plot Loan,247373,Closed
LN0001686,CUST001595,RM0223,Car Loan,126069,Closed
LN0001687,CUST001255,RM0248,Car Loan,773458,Pending
LN0001688,CUST000481,RM0194,Car Loan,93064,Closed
LN0001689,CUST000442,RM0159,Personal Loan,134877,Rejected
LN0001690,CUST000528,RM0072,Personal Loan,138583,Approved
LN0001691,CUST000981,RM0146,Business Loan,51697,Rejected
LN0001692,CUST000067,RM0007,Education Loan,415528,Pending
LN0001693,CUST001915,RM0138,Personal Loan,56503,Pending
LN0001694,CUST002483,RM0110,Education Loan,613282,Active
LN0001695,CUST002154,RM0038,Education Loan,495262,Rejected
LN0001696,CUST002379,RM0076,Car Loan,203368,Rejected
LN0001697,CUST000568,RM0145,Plot Loan,206875,Closed
LN0001698,CUST002161,RM0176,Education Loan,262134,Approved
LN0001699,CUST000057,RM0227,Business Loan,147894,Closed
LN0001700,CUST000193,RM0222,Education Loan,258383,Active
LN0001701,CUST000308,RM0153,Business Loan,59160,Pending
LN0001702,CUST001814,RM0184,Car Loan,61112,Active
LN0001703,CUST001417,RM0067,Business Loan,172214,Defaulted
LN0001704,CUST002188,RM0066,Gold Loan,209533,Rejected
LN0001705,CUST001585,RM0076,Gold Loan,487525,Closed
LN0001706,CUST001700,RM0082,Gold Loan,72110,Closed
LN0001707,CUST002176,RM0143,Gold Loan,132948,Rejected
LN0001708,CUST000988,RM0033,Education Loan,395923,Closed
LN0001709,CUST000329,RM0245,Personal Loan,97156,Pending
LN0001710,CUST000319,RM0043,Car Loan,150202,Closed
LN0001711,CUST002434,RM0248,Education Loan,126135,Closed
LN0001712,CUST000160,RM0222,Business Loan,152216,Active
LN0001713,CUST001805,RM0184,Car Loan,82620,Pending
LN0001714,CUST001665,RM0036,Gold Loan,190062,Pending
LN0001715,CUST000513,RM0088,Business Loan,373536,Pending
LN0001716,CUST002500,RM0156,Gold Loan,166512,Approved
LN0001717,CUST001776,RM0026,Business Loan,184909,Rejected
LN0001718,CUST000956,RM0172,Personal Loan,427787,Approved
LN0001719,CUST002482,RM0036,Gold Loan,294874,Pending
LN0001720,CUST001689,RM0023,Car Loan,184847,Active
LN0001721,CUST001279,RM0167,Business Loan,109599,Closed
LN0001722,CUST001498,RM0213,Plot Loan,482437,Defaulted
LN0001723,CUST000149,RM0112,Personal Loan,222086,Active
LN0001724,CUST001568,RM0111,Car Loan,99986,Defaulted
LN0001725,CUST001019,RM0227,Plot Loan,112701,Rejected
LN0001726,CUST002011,RM0221,Home Loan,375045,Defaulted
LN0001727,CUST000535,RM0173,Gold Loan,59029,Closed
LN0001728,CUST000813,RM0106,Education Loan,1017980,Active
LN0001729,CUST000830,RM0161,Home Loan,77933,Pending
LN0001730,CUST001036,RM0103,Car Loan,367994,Closed
LN0001731,CUST001723,RM0066,Plot Loan,150431,Defaulted
LN0001732,CUST001766,RM0235,Car Loan,185539,Pending
LN0001733,CUST001079,RM0106,Personal Loan,999999999,Approved
LN0001734,CUST002042,RM0154,Business Loan,475139,Closed
LN0001735,CUST000286,RM0226,Gold Loan,156515,Closed
LN0001736,CUST000204,RM0026,Home Loan,204219,Closed
LN0001737,CUST000549,RM0127,Car Loan,60111,Rejected
LN0001738,CUST002430,RM0089,Education Loan,50470,Rejected
LN0001739,CUST000221,RM0220,Gold Loan,106154,Pending
LN0001740,CUST001970,RM0223,Plot Loan,278251,Approved
LN0001741,CUST001680,RM0230,Home Loan,75854,Pending
LN0001742,CUST001195,RM0158,Education Loan,74153,Closed
LN0001743,CUST002060,RM0092,Plot Loan,155852,Closed
LN0001744,CUST002426,RM0088,Home Loan,258732,Approved
LN0001745,CUST000937,RM0090,Personal Loan,299008,Closed
LN0001746,CUST001087,RM0184,Home Loan,89312,Rejected
LN0001747,CUST000981,RM0157,Business Loan,66586,Rejected
LN0001748,CUST001336,RM0191,Home Loan,614009,Closed
LN0001749,CUST000413,RM0047,Gold Loan,110401,Defaulted
LN0001750,CUST002031,RM0130,Education Loan,433936,Active
LN0001751,CUST000116,RM0160,Car Loan,448273,Closed
LN0001752,CUST000891,RM0104,Plot Loan,346140,Closed
LN0001753,CUST001371,RM0001,Car Loan,86985,Active
LN0001754,CUST000990,RM0237,Gold Loan,394971,Closed
LN0001755,CUST001781,RM0050,Car Loan,343284,Defaulted
LN0001756,CUST002402,RM0058,Gold Loan,231626,Closed
LN0001757,CUST001638,RM0191,Car Loan,132257,Approved
LN0001758,CUST001285,RM0238,Gold Loan,110900,Active
LN0001759,CUST001358,RM0050,Business Loan,75996,Closed
LN0001760,CUST000874,RM0210,Business Loan,192570,Rejected
LN0001761,CUST001904,RM0162,Home Loan,226021,Defaulted
LN0001762,CUST001824,RM0109,Plot Loan,139050,Rejected
LN0001763,CUST001901,RM0233,Personal Loan,50000,Rejected
LN0001764,CUST001728,RM0158,Education Loan,179008,Pending
LN0001765,CUST000853,RM0143,Personal Loan,140358,Pending
LN0001766,CUST001577,RM0046,Car Loan,254889,Active
LN0001767,CUST001426,RM0067,Plot Loan,513051,Pending
LN0001768,CUST002469,RM0025,Business Loan,85806,Active
LN0001769,CUST002313,RM0070,Plot Loan,146062,Pending
LN0001770,CUST001077,RM0142,Gold Loan,80366,Pending
LN0001771,CUST000305,RM0116,Business Loan,246135,Rejected
LN0001772,CUST001313,RM0230,Home Loan,311031,Closed
LN0001773,CUST002177,RM0034,Car Loan,587393,Rejected
LN0001774,CUST001760,RM0020,Gold Loan,115387,Active
LN0001775,CUST001364,RM0003,Personal Loan,649993,Closed
LN0001776,CUST001524,RM0097,Gold Loan,63070,Pending
LN0001777,CUST001876,RM0186,Car Loan,234770,Active
LN0001778,CUST001775,RM0158,Plot Loan,430685,Pending
LN0001779,CUST000762,RM0180,Home Loan,61765,Defaulted
LN0001780,CUST001896,RM0214,Plot Loan,498437,Approved
LN0001781,CUST002011,RM0018,Personal Loan,200923,Approved
LN0001782,CUST001548,RM0223,Education Loan,271337,Pending
LN0001783,CUST000903,RM0223,Home Loan,406251,Rejected
LN0001784,CUST001923,RM0111,Car Loan,82576,Active
LN0001785,CUST001587,RM0141,Plot Loan,57871,Approved
LN0001786,CUST002095,RM0132,Gold Loan,472196,Approved
LN0001787,CUST002068,RM0200,Business Loan,125647,Approved
LN0001788,CUST000725,RM0065,Home Loan,77617,Active
LN0001789,CUST001804,RM0084,Car Loan,176395,Defaulted
LN0001790,CUST000797,RM0206,Gold Loan,232412,Active
LN0001791,CUST001565,RM0188,Car Loan,56292,Approved
LN0001792,CUST001204,RM0104,Plot Loan,114287,Active
LN0001793,CUST001841,RM0203,Personal Loan,56669,Closed
LN0001794,CUST001531,RM0105,Plot Loan,159061,Rejected
LN0001795,CUST000257,RM0132,Business Loan,500949,Active
LN0001796,CUST001803,RM0078,Home Loan,860860,Rejected
LN0001797,CUST000266,RM0155,Education Loan,252696,Active
LN0001798,CUST000298,RM0176,Home Loan,85260,Pending
LN0001799,CUST001745,RM0013,Plot Loan,522571,Active
LN0001800,CUST001748,RM0100,Personal Loan,195236,Defaulted
LN0001801,CUST000009,RM0222,Education Loan,83387,Rejected
LN0001802,CUST002271,RM0174,Gold Loan,60915,Pending
LN0001803,CUST000028,RM0097,Plot Loan,559509,Pending
LN0001804,CUST001424,RM0156,Business Loan,333325,Pending
LN0001805,CUST000412,RM0151,Personal Loan,313133,Defaulted
LN0001806,CUST002346,RM0236,Business Loan,869282,Closed
LN0001807,CUST001992,RM0122,Gold Loan,297010,Approved
LN0001808,CUST001477,RM0068,Personal Loan,94713,Approved
LN0001809,CUST000481,RM0166,Plot Loan,97399,Defaulted
LN0001810,CUST000421,RM0140,Personal Loan,283138,Closed
LN0001811,CUST000058,RM0056,Personal Loan,99621,Closed
LN0001812,CUST000903,RM0061,Business Loan,165489,Rejected
LN0001813,CUST002360,RM0084,Business Loan,354653,Closed
LN0001814,CUST000051,RM0067,Business Loan,356451,Defaulted
LN0001815,CUST000700,RM0075,Business Loan,170757,Defaulted
LN0001816,CUST002137,RM0047,Home Loan,364226,Closed
LN0001817,CUST001480,RM0244,Gold Loan,414800,Defaulted
LN0001818,CUST000557,RM0194,Education Loan,262712,Defaulted
LN0001819,CUST000261,RM0051,Home Loan,101864,Closed
LN0001820,CUST000391,RM0224,Car Loan,114044,Rejected
LN0001821,CUST001727,RM0125,Business Loan,125620,Active
LN0001822,CUST001364,RM0048,Home Loan,74841,Rejected
LN0001823,CUST000914,RM0223,Gold Loan,113809,Closed
LN0001824,CUST001994,RM0100,Gold Loan,97022,Pending
LN0001825,CUST000693,RM0139,Plot Loan,171514,Defaulted
LN0001826,CUST000539,RM0176,Education Loan,528146,Rejected
LN0001827,CUST001541,RM0014,Personal Loan,72070,Defaulted
LN0001828,CUST000152,RM0169,Business Loan,304784,Pending
LN0001829,CUST002385,RM0188,Business Loan,282491,Pending
LN0001830,CUST000434,RM0063,Personal Loan,70130,Defaulted
LN0001831,CUST001701,RM0081,Car Loan,561682,Closed
LN0001832,CUST002241,RM0158,Home Loan,218084,Approved
LN0001833,CUST002126,RM0196,Home Loan,140425,Defaulted
LN0001834,CUST000715,RM0053,Education Loan,332559,Approved
LN0001835,CUST002288,RM0074,Plot Loan,109510,Active
LN0001836,CUST000712,RM0203,Education Loan,286513,Approved
LN0001837,CUST000917,RM0019,Home Loan,58104,Closed
LN0001838,CUST001217,RM0012,Education Loan,415777,Pending
LN0001839,CUST001071,RM0143,Education Loan,168903,Rejected
LN0001840,CUST001896,RM0024,Home Loan,252501,Pending
LN0001841,CUST001806,RM0002,Personal Loan,100009,Approved
LN0001842,CUST000070,RM0181,Business Loan,276066,Active
LN0001843,CUST002184,RM0208,Plot Loan,345892,Pending
LN0001844,CUST001858,RM0102,Business Loan,178191,Active
LN0001845,CUST000077,RM0212,Plot Loan,242324,Closed
LN0001846,CUST000696,RM0140,Home Loan,171881,Approved
LN0001847,CUST002294,RM0024,Plot Loan,499035,Approved
LN0001848,CUST000968,RM0010,Personal Loan,187778,Rejected
LN0001849,CUST000199,RM0147,Personal Loan,418790,Defaulted
LN0001850,CUST000848,RM0029,Car Loan,373244,Active
LN0001851,CUST002361,RM0241,Car Loan,155697,Rejected
LN0001852,CUST000412,RM0169,Home Loan,102294,Approved
LN0001853,CUST000614,RM0001,Car Loan,154202,Rejected
LN0001854,CUST001383,RM0145,Business Loan,399990,Defaulted
LN0001855,CUST000822,RM0026,Gold Loan,101658,Closed
LN0001856,CUST001223,RM0037,Gold Loan,198650,Approved
LN0001857,CUST000497,RM0093,Gold Loan,50000,Defaulted
LN0001858,CUST001478,RM0173,Gold Loan,378079,Closed
LN0001859,CUST002057,RM0166,Home Loan,137229,Defaulted
LN0001860,CUST002140,RM0155,Education Loan,50000,Active
LN0001861,CUST001408,RM0191,Education Loan,255561,Defaulted
LN0001862,CUST001150,RM0227,Gold Loan,106374,Rejected
LN0001863,CUST000804,RM0173,Plot Loan,73144,Rejected
LN0001864,CUST000675,RM0171,Business Loan,366349,Active
LN0001865,CUST000932,RM0173,Car Loan,70843,Defaulted
LN0001866,CUST001922,RM0233,Personal Loan,113320,Defaulted
LN0001867,CUST001509,RM0246,Business Loan,436355,Pending
LN0001868,CUST001434,RM0051,Personal Loan,135073,Rejected
LN0001869,CUST001042,RM0162,Business Loan,772719,Closed
LN0001870,CUST000233,RM0030,Home Loan,829765,Closed
LN0001871,CUST001801,RM0126,Car Loan,112470,Defaulted
LN0001872,CUST000829,RM0021,Personal Loan,58368,Approved
LN0001873,CUST000648,RM0077,Home Loan,294198,Closed
LN0001874,CUST001840,RM0090,Home Loan,169926,Approved
LN0001875,CUST001664,RM0232,Business Loan,71239,Approved
LN0001876,CUST001450,RM0028,Education Loan,295873,Defaulted
LN0001877,CUST001965,RM0119,Home Loan,56334,Defaulted
LN0001878,CUST000319,RM0227,Business Loan,458346,Closed
LN0001879,CUST000064,RM0149,Personal Loan,79851,Rejected
LN0001880,CUST000439,RM0136,Personal Loan,77235,Approved
LN0001881,CUST002219,RM0087,Home Loan,88637,Approved
LN0001882,CUST002168,RM0067,Business Loan,695111,Active
LN0001883,CUST001388,RM0249,Personal Loan,286291,Closed
LN0001884,CUST000930,RM0135,Education Loan,373263,Pending
LN0001885,CUST000267,RM0166,Business Loan,151378,Active
LN0001886,CUST000144,RM0125,Gold Loan,131988,Pending
LN0001887,CUST000477,RM0064,Business Loan,103441,Closed
LN0001888,CUST001301,RM0096,Education Loan,181034,Approved
LN0001889,CUST001676,RM0184,Personal Loan,210515,Active
LN0001890,CUST000323,RM0011,Plot Loan,249812,Defaulted
LN0001891,CUST000957,RM0006,Personal Loan,109443,Approved
LN0001892,CUST001819,RM0178,Home Loan,643833,Rejected
LN0001893,CUST002389,RM0203,Gold Loan,999999999,Defaulted
LN0001894,CUST000881,RM0137,Car Loan,87207,Active
LN0001895,CUST001973,RM0207,Home Loan,724249,Defaulted
LN0001896,CUST000699,RM0020,Plot Loan,52993,Rejected
LN0001897,CUST000496,RM0247,Plot Loan,181218,Closed
LN0001898,CUST000401,RM0132,Personal Loan,131103,Rejected
LN0001899,CUST000490,RM0166,Personal Loan,169248,Defaulted
LN0001900,CUST001499,RM0189,Education Loan,219103,Active
LN0001901,CUST000194,RM0203,Business Loan,164394,Rejected
LN0001902,CUST001165,RM0207,Education Loan,157176,Closed
LN0001903,CUST001547,RM0040,Plot Loan,313894,Closed
LN0001904,CUST002311,RM0024,Plot Loan,281593,Rejected
LN0001905,CUST000029,RM0002,Business Loan,408277,Closed
LN0001906,CUST000459,RM0103,Gold Loan,107525,Approved
LN0001907,CUST001668,RM0025,Gold Loan,238080,Rejected
LN0001908,CUST001997,RM0200,Personal Loan,225989,Closed
LN0001909,CUST002064,RM0009,Home Loan,142323,Rejected
LN0001910,CUST002063,RM0234,Home Loan,183128,Pending
LN0001911,CUST000059,RM0106,Home Loan,125312,Pending
LN0001912,CUST001017,RM0107,Gold Loan,80593,Approved
LN0001913,CUST002465,RM0085,Home Loan,98109,Closed
LN0001914,CUST000753,RM0166,Car Loan,72301,Defaulted
LN0001915,CUST001728,RM0187,Home Loan,279814,Rejected
LN0001916,CUST002096,RM0221,Gold Loan,266190,Closed
LN0001917,CUST000213,RM0100,Car Loan,651586,Active
LN0001918,CUST001135,RM0020,Car Loan,311628,Active
LN0001919,CUST000650,RM0139,Business Loan,60689,Approved
LN0001920,CUST000762,RM0115,Home Loan,481256,Closed
LN0001921,CUST000533,RM0118,Plot Loan,447081,Rejected
LN0001922,CUST000272,RM0105,Car Loan,167153,Defaulted
LN0001923,CUST001692,RM0065,Gold Loan,226311,Closed
LN0001924,CUST001522,RM0022,Car Loan,796594,Pending
LN0001925,CUST002149,RM0036,Personal Loan,201987,Approved
LN0001926,CUST002102,RM0050,Personal Loan,521454,Approved
LN0001927,CUST001546,RM0214,Plot Loan,67338,Pending
LN0001928,CUST000255,RM0123,Business Loan,92404,Active
LN0001929,CUST000445,RM0247,Personal Loan,166233,Active
LN0001930,CUST002081,RM0186,Home Loan,225778,Pending
LN0001931,CUST002249,RM0132,Home Loan,388811,Active
LN0001932,CUST002432,RM0001,Personal Loan,938986,Closed
LN0001933,CUST000963,RM0078,Business Loan,148483,Defaulted
LN0001934,CUST000271,RM0104,Car Loan,59715,Closed
LN0001935,CUST002275,RM0003,Plot Loan,373062,Active
LN0001936,CUST000243,RM0087,Gold Loan,235460,Defaulted
LN0001937,CUST002344,RM0200,Education Loan,170034,Rejected
LN0001938,CUST001405,RM0021,Personal Loan,94264,Rejected
LN0001939,CUST002461,RM0152,Plot Loan,186571,Pending
LN0001940,CUST001850,RM0086,Home Loan,321199,Closed
LN0001941,CUST000740,RM0096,Plot Loan,344293,Approved
LN0001942,CUST001783,RM0097,Gold Loan,188476,Active
LN0001943,CUST001312,RM0010,Car Loan,122830,Closed
LN0001944,CUST002157,RM0086,Business Loan,777961,Pending
LN0001945,CUST000675,RM0191,Car Loan,267749,Defaulted
LN0001946,CUST000288,RM0022,Car Loan,154929,Pending
LN0001947,CUST002444,RM0238,Plot Loan,115829,Approved
LN0001948,CUST001023,RM0176,Plot Loan,312685,Closed
LN0001949,CUST000302,RM0095,Personal Loan,105462,Pending
LN0001950,CUST001556,RM0156,Personal Loan,87678,Rejected
LN0001951,CUST001112,RM0099,Education Loan,200933,Pending
LN0001952,CUST000485,RM0008,Home Loan,118494,Approved
LN0001953,CUST001138,RM0053,Plot Loan,248259,Pending
LN0001954,CUST000496,RM0100,Education Loan,75098,Approved
LN0001955,CUST001601,RM0003,Business Loan,262808,Defaulted
LN0001956,CUST000981,RM0010,Home Loan,116618,Defaulted
LN0001957,CUST001143,RM0014,Gold Loan,50048,Approved
LN0001958,CUST000250,RM0065,Car Loan,77149,Pending
LN0001959,CUST000371,RM0063,Home Loan,592457,Approved
LN0001960,CUST002290,RM0008,Business Loan,454015,Rejected
LN0001961,CUST002294,RM0096,Personal Loan,103212,Defaulted
LN0001962,CUST001728,RM0168,Gold Loan,351350,Defaulted
LN0001963,CUST001851,RM0239,Car Loan,237590,Pending
LN0001964,CUST000377,RM0123,Education Loan,757435,Pending
LN0001965,CUST002161,RM0104,Education Loan,143555,Approved
LN0001966,CUST000043,RM0037,Plot Loan,278801,Pending
LN0001967,CUST002499,RM0102,Education Loan,63128,Defaulted
LN0001968,CUST001217,RM0245,Gold Loan,150918,Active
LN0001969,CUST001905,RM0013,Gold Loan,713836,Approved
LN0001970,CUST001044,RM0042,Business Loan,204863,Active
LN0001971,CUST001579,RM0074,Education Loan,117901,Active
LN0001972,CUST002463,RM0056,Plot Loan,75628,Defaulted
LN0001973,CUST000504,RM0164,Plot Loan,293160,Pending
LN0001974,CUST000382,RM0045,Plot Loan,257046,Closed
LN0001975,CUST000927,RM0085,Personal Loan,143661,Defaulted
LN0001976,CUST001051,RM0115,Plot Loan,652947,Closed
LN0001977,CUST001491,RM0183,Business Loan,54490,Rejected
LN0001978,CUST001995,RM0172,Personal Loan,122401,Pending
LN0001979,CUST001483,RM0192,Personal Loan,557837,Approved
LN0001980,CUST001685,RM0045,Plot Loan,127407,Approved
LN0001981,CUST002090,RM0030,Personal Loan,108138,Rejected
LN0001982,CUST000738,RM0184,Business Loan,202808,Pending
LN0001983,CUST000010,RM0131,Business Loan,397229,Rejected
LN0001984,CUST001365,RM0063,Gold Loan,71772,Active
LN0001985,CUST001300,RM0087,Gold Loan,623013,Defaulted
LN0001986,CUST001292,RM0107,Business Loan,367020,Approved
LN0001987,CUST001765,RM0160,Education Loan,89995,Pending
LN0001988,CUST000977,RM0060,Personal Loan,298964,Approved
LN0001989,CUST001112,RM0195,Gold Loan,147213,Approved
LN0001990,CUST000676,RM0188,Home Loan,152931,Approved
LN0001991,CUST000062,RM0088,Personal Loan,355839,Rejected
LN0001992,CUST000857,RM0191,Car Loan,708207,Rejected
LN0001993,CUST001419,RM0186,Car Loan,77085,Defaulted
LN0001994,CUST001414,RM0114,Personal Loan,159162,Approved
LN0001995,CUST001185,RM0008,Business Loan,181147,Pending
LN0001996,CUST002174,RM0202,Education Loan,144420,Defaulted
LN0001997,CUST002088,RM0115,Business Loan,140256,Pending
LN0001998,CUST002411,RM0175,Gold Loan,60736,Pending
LN0001999,CUST001399,RM0041,Education Loan,281378,Rejected
LN0002000,CUST000642,RM0241,Business Loan,164616,Defaulted
LN0002001,CUST002375,RM0009,Gold Loan,93331,Active
LN0002002,CUST002398,RM0227,Gold Loan,388600,Defaulted
LN0002003,CUST001030,RM0127,Gold Loan,374464,Defaulted
LN0002004,CUST000017,RM0163,Gold Loan,183258,Rejected
LN0002005,CUST000884,RM0015,Personal Loan,120892,Rejected
LN0002006,CUST001618,RM0162,Gold Loan,253273,Pending
LN0002007,CUST001722,RM0017,Car Loan,117978,Defaulted
LN0002008,CUST000554,RM0182,Plot Loan,553929,Active
LN0002009,CUST000309,RM0021,Car Loan,103839,Approved
LN0002010,CUST000244,RM0127,Education Loan,312248,Defaulted
LN0002011,CUST000155,RM0007,Personal Loan,58232,Pending
LN0002012,CUST000536,RM0077,Education Loan,69912,Pending
LN0002013,CUST002290,RM0111,Education Loan,51362,Approved
LN0002014,CUST001048,RM0031,Home Loan,83197,Defaulted
LN0002015,CUST002184,RM0186,Car Loan,64297,Defaulted
LN0002016,CUST001756,RM0139,Business Loan,1144646,Approved
LN0002017,CUST000922,RM0119,Gold Loan,118163,Pending
LN0002018,CUST000341,RM0006,Business Loan,82331,Closed
LN0002019,CUST001979,RM0139,Plot Loan,105149,Active
LN0002020,CUST000877,RM0225,Personal Loan,600167,Active
LN0002021,CUST000133,RM0211,Car Loan,196860,Defaulted
LN0002022,CUST001779,RM0203,Personal Loan,140768,Active
LN0002023,CUST000578,RM0163,Business Loan,463331,Pending
LN0002024,CUST000718,RM0245,Plot Loan,150502,Active
LN0002025,CUST001058,RM0250,Business Loan,131596,Approved
LN0002026,CUST000324,RM0198,Personal Loan,96457,Defaulted
LN0002027,CUST001903,RM0033,Education Loan,144897,Active
LN0002028,CUST000389,RM0218,Education Loan,126159,Defaulted
LN0002029,CUST001368,RM0108,Home Loan,276208,Pending
LN0002030,CUST001618,RM0135,Plot Loan,118380,Defaulted
LN0002031,CUST000964,RM0156,Personal Loan,222171,Defaulted
LN0002032,CUST001405,RM0118,Business Loan,63632,Pending
LN0002033,CUST000906,RM0147,Home Loan,92462,Closed
LN0002034,CUST001021,RM0190,Home Loan,154648,Defaulted
LN0002035,CUST000254,RM0204,Plot Loan,602763,Approved
LN0002036,CUST000912,RM0015,Car Loan,144722,Pending
LN0002037,CUST000375,RM0247,Gold Loan,268172,Closed
LN0002038,CUST002069,RM0024,Plot Loan,108897,Active
LN0002039,CUST002243,RM0131,Education Loan,77171,Closed
LN0002040,CUST001570,RM0137,Personal Loan,62063,Closed
LN0002041,CUST002325,RM0064,Business Loan,122887,Approved
LN0002042,CUST001020,RM0038,Education Loan,84314,Closed
LN0002043,CUST002199,RM0075,Car Loan,88234,Rejected
LN0002044,CUST001601,RM0187,Gold Loan,336057,Defaulted
LN0002045,CUST000692,RM0151,Plot Loan,53192,Closed
LN0002046,CUST000843,RM0221,Gold Loan,213203,Approved
LN0002047,CUST001612,RM0058,Education Loan,145433,Rejected
LN0002048,CUST001916,RM0184,Plot Loan,191266,Approved
LN0002049,CUST000471,RM0046,Personal Loan,215486,Rejected
LN0002050,CUST002267,RM0067,Car Loan,125191,Rejected
LN0002051,CUST000349,RM0113,Home Loan,119942,Pending
LN0002052,CUST001883,RM0030,Education Loan,314402,Pending
LN0002053,CUST000963,RM0156,Plot Loan,460018,Defaulted
LN0002054,CUST001176,RM0206,Home Loan,92782,Defaulted
LN0002055,CUST001267,RM0109,Plot Loan,70543,Active
LN0002056,CUST002371,RM0009,Plot Loan,506156,Rejected
LN0002057,CUST000326,RM0213,Plot Loan,136124,Defaulted
LN0002058,CUST000034,RM0035,Education Loan,210287,Defaulted
LN0002059,CUST002056,RM0050,Home Loan,139114,Defaulted
LN0002060,CUST002335,RM0065,Gold Loan,50000,Approved
LN0002061,CUST000656,RM0163,Business Loan,76889,Pending
LN0002062,CUST001211,RM0062,Car Loan,227993,Pending
LN0002063,CUST002274,RM0034,Education Loan,198947,Closed
LN0002064,CUST000180,RM0142,Business Loan,50000,Approved
LN0002065,CUST000502,RM0001,Education Loan,203946,Rejected
LN0002066,CUST000657,RM0168,Personal Loan,95378,Closed
LN0002067,CUST002222,RM0196,Personal Loan,170248,Approved
LN0002068,CUST001604,RM0094,Home Loan,368858,Approved
LN0002069,CUST000011,RM0174,Gold Loan,228527,Rejected
LN0002070,CUST000634,RM0105,Car Loan,70388,Rejected
LN0002071,CUST000821,RM0198,Gold Loan,208824,Defaulted
LN0002072,CUST000363,RM0247,Personal Loan,292628,Approved
LN0002073,CUST001866,RM0039,Gold Loan,364720,Approved
LN0002074,CUST000400,RM0021,Business Loan,248374,Closed
LN0002075,CUST002430,RM0151,Gold Loan,83130,Rejected
LN0002076,CUST002498,RM0110,Gold Loan,297694,Pending
LN0002077,CUST002081,RM0188,Business Loan,276232,Active
LN0002078,CUST000496,RM0042,Business Loan,54946,Defaulted
LN0002079,CUST000176,RM0148,Plot Loan,156119,Pending
LN0002080,CUST002213,RM0227,Car Loan,130978,Rejected
LN0002081,CUST001457,RM0006,Personal Loan,271376,Rejected
LN0002082,CUST001319,RM0176,Car Loan,98703,Rejected
LN0002083,CUST001728,RM0180,Gold Loan,228745,Rejected
LN0002084,CUST002303,RM0200,Personal Loan,538843,Rejected
LN0002085,CUST001170,RM0174,Home Loan,369701,Active
LN0002086,CUST001837,RM0079,Car Loan,558823,Pending
LN0002087,CUST000653,RM0137,Home Loan,817995,Approved
LN0002088,CUST001801,RM0138,Plot Loan,52145,Active
LN0002089,CUST001711,RM0165,Business Loan,244964,Approved
LN0002090,CUST000552,RM0170,Plot Loan,156491,Defaulted
LN0002091,CUST000880,RM0212,Personal Loan,443014,Pending
LN0002092,CUST001841,RM0092,Car Loan,108020,Approved
LN0002093,CUST001746,RM0069,Gold Loan,842973,Approved
LN0002094,CUST000919,RM0225,Gold Loan,240232,Closed
LN0002095,CUST001822,RM0090,Business Loan,365527,Pending
LN0002096,CUST002009,RM0177,Gold Loan,67897,Closed
LN0002097,CUST001751,RM0086,Business Loan,90535,Active
LN0002098,CUST001806,RM0094,Personal Loan,334097,Approved
LN0002099,CUST000783,RM0239,Business Loan,54446,Pending
LN0002100,CUST000332,RM0221,Plot Loan,389520,Closed
LN0002101,CUST001082,RM0249,Car Loan,999999999,Pending
LN0002102,CUST001112,RM0155,Education Loan,52809,Approved
LN0002103,CUST000870,RM0107,Business Loan,264074,Pending
LN0002104,CUST001296,RM0015,Education Loan,140855,Closed
LN0002105,CUST001832,RM0189,Personal Loan,239089,Closed
LN0002106,CUST000082,RM0179,Gold Loan,288166,Approved
LN0002107,CUST001237,RM0160,Education Loan,133854,Defaulted
LN0002108,CUST000386,RM0107,Personal Loan,72849,Closed
LN0002109,CUST002131,RM0062,Gold Loan,64437,Rejected
LN0002110,CUST001343,RM0045,Home Loan,227801,Closed
LN0002111,CUST001308,RM0020,Plot Loan,197067,Defaulted
LN0002112,CUST001364,RM0201,Personal Loan,321115,Rejected
LN0002113,CUST000842,RM0066,Gold Loan,192562,Pending
LN0002114,CUST002481,RM0125,Personal Loan,159790,Pending
LN0002115,CUST002125,RM0248,Personal Loan,151528,Pending
LN0002116,CUST001653,RM0152,Plot Loan,55360,Closed
LN0002117,CUST000362,RM0164,Plot Loan,131761,Closed
LN0002118,CUST001562,RM0094,Car Loan,796108,Closed
LN0002119,CUST000581,RM0063,Personal Loan,463590,Defaulted
LN0002120,CUST001476,RM0230,Home Loan,129909,Approved
LN0002121,CUST001040,RM0168,Plot Loan,227247,Closed
LN0002122,CUST002075,RM0193,Gold Loan,425851,Defaulted
LN0002123,CUST001466,RM0131,Personal Loan,166419,Closed
LN0002124,CUST001798,RM0203,Car Loan,53624,Pending
LN0002125,CUST000855,RM0216,Gold Loan,65486,Pending
LN0002126,CUST000004,RM0074,Home Loan,999999999,Defaulted
LN0002127,CUST001510,RM0215,Plot Loan,192830,Rejected
LN0002128,CUST001896,RM0137,Plot Loan,747608,Rejected
LN0002129,CUST000828,RM0047,Personal Loan,286318,Approved
LN0002130,CUST000153,RM0219,Plot Loan,64711,Closed
LN0002131,CUST000322,RM0205,Personal Loan,91986,Closed
LN0002132,CUST000446,RM0037,Plot Loan,345089,Active
LN0002133,CUST000540,RM0239,Business Loan,418324,Defaulted
LN0002134,CUST000609,RM0034,Personal Loan,242307,Pending
LN0002135,CUST002473,RM0169,Home Loan,256802,Pending
LN0002136,CUST000956,RM0195,Gold Loan,55749,Pending
LN0002137,CUST001150,RM0179,Education Loan,402669,Approved
LN0002138,CUST002442,RM0118,Car Loan,360493,Active
LN0002139,CUST001905,RM0140,Education Loan,109960,Pending
LN0002140,CUST000500,RM0086,Home Loan,296664,Closed
LN0002141,CUST002408,RM0083,Gold Loan,98377,Pending
LN0002142,CUST000747,RM0050,Personal Loan,58233,Closed
LN0002143,CUST000658,RM0219,Personal Loan,94913,Defaulted
LN0002144,CUST000670,RM0154,Home Loan,89356,Rejected
LN0002145,CUST000174,RM0176,Car Loan,132421,Closed
LN0002146,CUST000635,RM0095,Plot Loan,158411,Closed
LN0002147,CUST000929,RM0179,Personal Loan,192074,Approved
LN0002148,CUST000806,RM0118,Car Loan,179540,Rejected
LN0002149,CUST000960,RM0134,Plot Loan,113127,Rejected
LN0002150,CUST002497,RM0129,Car Loan,55920,Pending
LN0002151,CUST001416,RM0053,Education Loan,235825,Closed
LN0002152,CUST000783,RM0055,Home Loan,150751,Approved
LN0002153,CUST002061,RM0101,Plot Loan,120955,Rejected
LN0002154,CUST001102,RM0190,Home Loan,453392,Pending
LN0002155,CUST000571,RM0241,Car Loan,324670,Rejected
LN0002156,CUST001083,RM0027,Plot Loan,440055,Defaulted
LN0002157,CUST000729,RM0019,Gold Loan,186632,Rejected
LN0002158,CUST001087,RM0190,Personal Loan,78066,Defaulted
LN0002159,CUST001184,RM0084,Education Loan,288291,Rejected
LN0002160,CUST000575,RM0163,Home Loan,96152,Closed
LN0002161,CUST001415,RM0216,Business Loan,166403,Rejected
LN0002162,CUST001685,RM0167,Car Loan,63441,Active
LN0002163,CUST000764,RM0094,Business Loan,398946,Pending
LN0002164,CUST000253,RM0167,Business Loan,76921,Closed
LN0002165,CUST000538,RM0189,Gold Loan,50000,Closed
LN0002166,CUST001188,RM0003,Personal Loan,516810,Rejected
LN0002167,CUST001260,RM0168,Home Loan,999999999,Rejected
LN0002168,CUST000695,RM0177,Business Loan,449359,Active
LN0002169,CUST002462,RM0183,Home Loan,174941,Active
LN0002170,CUST001125,RM0053,Home Loan,322803,Defaulted
LN0002171,CUST002104,RM0082,Education Loan,243224,Defaulted
LN0002172,CUST001095,RM0134,Home Loan,374987,Active
LN0002173,CUST000539,RM0122,Personal Loan,163058,Active
LN0002174,CUST001372,RM0021,Education Loan,358176,Defaulted
LN0002175,CUST001515,RM0068,Education Loan,174149,Active
LN0002176,CUST002044,RM0082,Education Loan,615927,Active
LN0002177,CUST000029,RM0083,Car Loan,183251,Rejected
LN0002178,CUST000082,RM0112,Gold Loan,174209,Defaulted
LN0002179,CUST000944,RM0105,Business Loan,357490,Approved
LN0002180,CUST000305,RM0152,Car Loan,394720,Active
LN0002181,CUST002069,RM0214,Home Loan,211706,Approved
LN0002182,CUST000757,RM0115,Gold Loan,89640,Defaulted
LN0002183,CUST001458,RM0050,Education Loan,176131,Rejected
LN0002184,CUST000995,RM0182,Education Loan,738857,Approved
LN0002185,CUST000341,RM0178,Gold Loan,329662,Pending
LN0002186,CUST001111,RM0189,Personal Loan,383373,Pending
LN0002187,CUST000273,RM0024,Business Loan,450300,Rejected
LN0002188,CUST000897,RM0196,Home Loan,56675,Rejected
LN0002189,CUST001771,RM0213,Plot Loan,176169,Closed
LN0002190,CUST001333,RM0174,Home Loan,258042,Approved
LN0002191,CUST001715,RM0109,Home Loan,404429,Active
LN0002192,CUST000111,RM0047,Education Loan,60105,Closed
LN0002193,CUST000085,RM0107,Business Loan,432702,Defaulted
LN0002194,CUST000370,RM0104,Education Loan,208992,Defaulted
LN0002195,CUST001862,RM0167,Business Loan,93958,Closed
LN0002196,CUST000080,RM0048,Business Loan,126326,Defaulted
LN0002197,CUST001519,RM0238,Gold Loan,116237,Active
LN0002198,CUST001071,RM0017,Business Loan,201370,Approved
LN0002199,CUST000174,RM0024,Gold Loan,60613,Defaulted
LN0002200,CUST002198,RM0127,Plot Loan,84522,Pending
LN0002201,CUST002309,RM0179,Education Loan,385001,Active
LN0002202,CUST000167,RM0212,Plot Loan,78451,Pending
LN0002203,CUST000542,RM0159,Business Loan,103157,Closed
LN0002204,CUST000242,RM0127,Education Loan,170796,Defaulted
LN0002205,CUST001332,RM0228,Education Loan,195597,Approved
LN0002206,CUST002034,RM0138,Plot Loan,338454,Active
LN0002207,CUST002211,RM0001,Plot Loan,168599,Defaulted
LN0002208,CUST000981,RM0025,Business Loan,362000,Approved
LN0002209,CUST002004,RM0137,Education Loan,242648,Active
LN0002210,CUST001624,RM0069,Business Loan,74004,Rejected
LN0002211,CUST001633,RM0112,Education Loan,83999,Pending
LN0002212,CUST000429,RM0045,Home Loan,164907,Pending
LN0002213,CUST002135,RM0134,Gold Loan,151130,Closed
LN0002214,CUST002173,RM0099,Plot Loan,322159,Approved
LN0002215,CUST000787,RM0116,Home Loan,223851,Closed
LN0002216,CUST001205,RM0106,Personal Loan,148248,Closed
LN0002217,CUST001808,RM0097,Plot Loan,87449,Defaulted
LN0002218,CUST000913,RM0120,Home Loan,101453,Closed
LN0002219,CUST000737,RM0005,Education Loan,999999999,Defaulted
LN0002220,CUST000831,RM0186,Personal Loan,221369,Pending
LN0002221,CUST000019,RM0239,Business Loan,160134,Pending
LN0002222,CUST002072,RM0115,Gold Loan,194691,Pending
LN0002223,CUST000536,RM0056,Home Loan,87429,Defaulted
LN0002224,CUST001380,RM0221,Business Loan,267478,Closed
LN0002225,CUST001545,RM0100,Car Loan,432837,Approved
LN0002226,CUST000179,RM0183,Gold Loan,109664,Closed
LN0002227,CUST001412,RM0052,Home Loan,50000,Defaulted
LN0002228,CUST002033,RM0242,Gold Loan,999999999,Closed
LN0002229,CUST001136,RM0019,Gold Loan,185263,Defaulted
LN0002230,CUST000357,RM0052,Gold Loan,792039,Rejected
LN0002231,CUST001434,RM0034,Personal Loan,131065,Closed
LN0002232,CUST000244,RM0206,Plot Loan,230796,Active
LN0002233,CUST001763,RM0249,Gold Loan,68905,Pending
LN0002234,CUST000901,RM0116,Personal Loan,236288,Pending
LN0002235,CUST001460,RM0024,Car Loan,68781,Rejected
LN0002236,CUST001128,RM0197,Car Loan,689988,Pending
LN0002237,CUST001401,RM0136,Education Loan,301518,Active
LN0002238,CUST000280,RM0234,Plot Loan,360384,Pending
LN0002239,CUST000247,RM0187,Plot Loan,293549,Rejected
LN0002240,CUST002460,RM0110,Plot Loan,228187,Pending
LN0002241,CUST001567,RM0001,Plot Loan,169535,Defaulted
LN0002242,CUST000792,RM0169,Plot Loan,440912,Defaulted
LN0002243,CUST001768,RM0047,Car Loan,678548,Pending
LN0002244,CUST001032,RM0212,Gold Loan,188244,Approved
LN0002245,CUST001839,RM0092,Personal Loan,586286,Active
LN0002246,CUST001074,RM0085,Car Loan,225093,Rejected
LN0002247,CUST002500,RM0197,Business Loan,204604,Pending
LN0002248,CUST002485,RM0115,Car Loan,171204,Closed
LN0002249,CUST002128,RM0218,Car Loan,96964,Rejected
LN0002250,CUST000921,RM0041,Gold Loan,50745,Defaulted
LN0002251,CUST000724,RM0016,Plot Loan,105284,Active
LN0002252,CUST001738,RM0099,Business Loan,192557,Active
LN0002253,CUST001849,RM0228,Education Loan,145594,Pending
LN0002254,CUST000425,RM0115,Business Loan,169017,Pending
LN0002255,CUST001654,RM0190,Home Loan,838994,Approved
LN0002256,CUST000809,RM0006,Business Loan,136240,Active
LN0002257,CUST001702,RM0184,Gold Loan,170362,Rejected
LN0002258,CUST002365,RM0111,Gold Loan,78662,Closed
LN0002259,CUST001903,RM0162,Gold Loan,59829,Approved
LN0002260,CUST000174,RM0117,Car Loan,348695,Approved
LN0002261,CUST002498,RM0117,Car Loan,219112,Approved
LN0002262,CUST000107,RM0049,Personal Loan,336011,Defaulted
LN0002263,CUST001172,RM0224,Car Loan,82471,Closed
LN0002264,CUST000272,RM0212,Business Loan,219646,Pending
LN0002265,CUST001781,RM0168,Plot Loan,108510,Active
LN0002266,CUST001603,RM0077,Car Loan,101770,Defaulted
LN0002267,CUST000914,RM0063,Personal Loan,52318,Active
LN0002268,CUST001682,RM0243,Plot Loan,77930,Defaulted
LN0002269,CUST002480,RM0147,Personal Loan,124000,Pending
LN0002270,CUST000118,RM0169,Home Loan,74858,Defaulted
LN0002271,CUST000887,RM0095,Education Loan,901727,Approved
LN0002272,CUST000944,RM0111,Gold Loan,123816,Defaulted
LN0002273,CUST002080,RM0008,Personal Loan,77926,Pending
LN0002274,CUST002313,RM0007,Business Loan,94399,Approved
LN0002275,CUST002498,RM0194,Education Loan,227202,Closed
LN0002276,CUST001398,RM0198,Home Loan,63237,Rejected
LN0002277,CUST001967,RM0031,Personal Loan,446730,Approved
LN0002278,CUST002407,RM0249,Car Loan,701417,Rejected
LN0002279,CUST001506,RM0241,Business Loan,106670,Active
LN0002280,CUST001591,RM0244,Home Loan,169602,Pending
LN0002281,CUST001107,RM0134,Car Loan,410009,Closed
LN0002282,CUST001466,RM0051,Car Loan,54476,Defaulted
LN0002283,CUST000533,RM0195,Business Loan,254725,Approved
LN0002284,CUST000194,RM0018,Education Loan,156861,Rejected
LN0002285,CUST000075,RM0212,Personal Loan,112958,Active
LN0002286,CUST000112,RM0020,Home Loan,96345,Rejected
LN0002287,CUST001706,RM0200,Gold Loan,262276,Closed
LN0002288,CUST002490,RM0033,Home Loan,157645,Defaulted
LN0002289,CUST000119,RM0046,Personal Loan,89607,Rejected
LN0002290,CUST002297,RM0220,Business Loan,283662,Approved
LN0002291,CUST002441,RM0068,Car Loan,216515,Active
LN0002292,CUST002336,RM0042,Plot Loan,441334,Pending
LN0002293,CUST001185,RM0234,Home Loan,74993,Closed
LN0002294,CUST002373,RM0102,Home Loan,358044,Rejected
LN0002295,CUST000636,RM0130,Education Loan,273875,Rejected
LN0002296,CUST000930,RM0049,Business Loan,74435,Approved
LN0002297,CUST002176,RM0037,Gold Loan,287371,Approved
LN0002298,CUST002494,RM0246,Personal Loan,166517,Closed
LN0002299,CUST000629,RM0027,Gold Loan,630029,Approved
LN0002300,CUST000253,RM0134,Car Loan,80539,Rejected
LN0002301,CUST000482,RM0004,Personal Loan,255910,Rejected
LN0002302,CUST002025,RM0001,Car Loan,146246,Active
LN0002303,CUST000554,RM0171,Business Loan,678450,Defaulted
LN0002304,CUST000678,RM0227,Plot Loan,130088,Active
LN0002305,CUST000415,RM0170,Business Loan,705014,Active
LN0002306,CUST000240,RM0170,Home Loan,513511,Pending
LN0002307,CUST000395,RM0079,Gold Loan,113047,Pending
LN0002308,CUST000556,RM0106,Plot Loan,375461,Rejected
LN0002309,CUST002115,RM0180,Personal Loan,1135421,Closed
LN0002310,CUST000094,RM0117,Gold Loan,108247,Rejected
LN0002311,CUST001007,RM0141,Education Loan,164815,Active
LN0002312,CUST001259,RM0229,Car Loan,196869,Rejected
LN0002313,CUST000229,RM0052,Plot Loan,119891,Defaulted
LN0002314,CUST001505,RM0114,Personal Loan,53076,Active
LN0002315,CUST000948,RM0085,Gold Loan,99725,Closed
LN0002316,CUST000501,RM0214,Car Loan,116239,Approved
LN0002317,CUST000345,RM0087,Plot Loan,167253,Approved
LN0002318,CUST001011,RM0036,Car Loan,87531,Approved
LN0002319,CUST000703,RM0016,Home Loan,463114,Pending
LN0002320,CUST001573,RM0028,Home Loan,294095,Defaulted
LN0002321,CUST002113,RM0063,Education Loan,67810,Defaulted
LN0002322,CUST000896,RM0036,Education Loan,260017,Closed
LN0002323,CUST001738,RM0079,Education Loan,262064,Rejected
LN0002324,CUST000854,RM0086,Education Loan,675720,Active
LN0002325,CUST000520,RM0190,Gold Loan,50605,Approved
LN0002326,CUST002123,RM0179,Gold Loan,106985,Active
LN0002327,CUST001425,RM0178,Business Loan,575639,Closed
LN0002328,CUST001651,RM0145,Home Loan,588043,Approved
LN0002329,CUST002045,RM0169,Home Loan,305012,Closed
LN0002330,CUST001981,RM0250,Car Loan,999999999,Rejected
LN0002331,CUST000567,RM0142,Education Loan,340284,Active
LN0002332,CUST001664,RM0160,Education Loan,69188,Active
LN0002333,CUST000459,RM0135,Plot Loan,194258,Defaulted
LN0002334,CUST001859,RM0150,Gold Loan,102684,Approved
LN0002335,CUST000745,RM0034,Car Loan,89987,Approved
LN0002336,CUST001170,RM0190,Car Loan,382465,Approved
LN0002337,CUST000106,RM0006,Home Loan,79013,Pending
LN0002338,CUST001257,RM0016,Business Loan,176467,Closed
LN0002339,CUST000947,RM0212,Car Loan,607998,Pending
LN0002340,CUST001879,RM0138,Gold Loan,91117,Pending
LN0002341,CUST001212,RM0119,Gold Loan,813282,Rejected
LN0002342,CUST000963,RM0063,Plot Loan,1083036,Approved
LN0002343,CUST001702,RM0219,Car Loan,212213,Rejected
LN0002344,CUST001795,RM0164,Gold Loan,87300,Pending
LN0002345,CUST001265,RM0096,Home Loan,125990,Active
LN0002346,CUST001074,RM0121,Gold Loan,160500,Rejected
LN0002347,CUST001565,RM0033,Gold Loan,124016,Closed
LN0002348,CUST000429,RM0074,Gold Loan,115877,Closed
LN0002349,CUST001105,RM0079,Home Loan,766757,Active
LN0002350,CUST000015,RM0232,Car Loan,83297,Active
LN0002351,CUST000438,RM0132,Personal Loan,314347,Defaulted
LN0002352,CUST001964,RM0042,Gold Loan,50082,Approved
LN0002353,CUST000735,RM0114,Education Loan,231358,Pending
LN0002354,CUST000465,RM0197,Car Loan,545252,Closed
LN0002355,CUST001025,RM0068,Car Loan,117916,Rejected
LN0002356,CUST002203,RM0126,Plot Loan,91042,Closed
LN0002357,CUST000396,RM0031,Business Loan,260926,Approved
LN0002358,CUST002362,RM0087,Car Loan,299377,Closed
LN0002359,CUST000730,RM0127,Plot Loan,282969,Pending
LN0002360,CUST000680,RM0120,Car Loan,126931,Approved
LN0002361,CUST001640,RM0076,Home Loan,108124,Pending
LN0002362,CUST001930,RM0136,Business Loan,674344,Active
LN0002363,CUST000847,RM0192,Personal Loan,563569,Defaulted
LN0002364,CUST000674,RM0120,Business Loan,172245,Pending
LN0002365,CUST000767,RM0141,Home Loan,424412,Active
LN0002366,CUST000694,RM0102,Personal Loan,170414,Closed
LN0002367,CUST002409,RM0015,Education Loan,160464,Pending
LN0002368,CUST000143,RM0172,Plot Loan,84101,Rejected
LN0002369,CUST001503,RM0022,Personal Loan,161166,Active
LN0002370,CUST001698,RM0225,Plot Loan,204185,Closed
LN0002371,CUST001848,RM0193,Plot Loan,54552,Defaulted
LN0002372,CUST001464,RM0022,Plot Loan,167438,Closed
LN0002373,CUST000763,RM0125,Education Loan,354062,Active
LN0002374,CUST002469,RM0175,Education Loan,277915,Closed
LN0002375,CUST000536,RM0156,Home Loan,251657,Defaulted
LN0002376,CUST001960,RM0100,Personal Loan,530603,Defaulted
LN0002377,CUST001492,RM0230,Education Loan,53639,Pending
LN0002378,CUST000886,RM0170,Plot Loan,212858,Approved
LN0002379,CUST000461,RM0163,Education Loan,359620,Approved
LN0002380,CUST002003,RM0124,Home Loan,205887,Closed
LN0002381,CUST001494,RM0208,Car Loan,128281,Active
LN0002382,CUST002296,RM0234,Personal Loan,79294,Closed
LN0002383,CUST001183,RM0046,Gold Loan,487072,Pending
LN0002384,CUST002062,RM0224,Education Loan,177263,Closed
LN0002385,CUST001010,RM0188,Plot Loan,470935,Rejected
LN0002386,CUST002110,RM0158,Gold Loan,226306,Active
LN0002387,CUST000105,RM0130,Gold Loan,274289,Active
LN0002388,CUST000947,RM0046,Car Loan,376194,Closed
LN0002389,CUST002467,RM0100,Gold Loan,265265,Closed
LN0002390,CUST000605,RM0081,Plot Loan,151517,Approved
LN0002391,CUST000769,RM0048,Home Loan,194158,Rejected
LN0002392,CUST000281,RM0140,Business Loan,374956,Active
LN0002393,CUST002381,RM0209,Plot Loan,143569,Closed
LN0002394,CUST001664,RM0079,Home Loan,148244,Closed
LN0002395,CUST000552,RM0117,Gold Loan,70116,Defaulted
LN0002396,CUST001351,RM0221,Business Loan,542045,Approved
LN0002397,CUST000260,RM0118,Car Loan,69090,Approved
LN0002398,CUST002378,RM0246,Education Loan,258943,Rejected
LN0002399,CUST000809,RM0079,Gold Loan,156612,Defaulted
LN0002400,CUST000019,RM0051,Business Loan,154047,Pending
LN0002401,CUST000810,RM0120,Personal Loan,277606,Active
LN0002402,CUST001236,RM0166,Education Loan,63890,Approved
LN0002403,CUST002361,RM0153,Car Loan,230135,Rejected
LN0002404,CUST001497,RM0187,Personal Loan,345709,Active
LN0002405,CUST001975,RM0189,Gold Loan,402299,Closed
LN0002406,CUST001208,RM0017,Gold Loan,87393,Pending
LN0002407,CUST000802,RM0067,Car Loan,505420,Closed
LN0002408,CUST002073,RM0043,Business Loan,263507,Closed
LN0002409,CUST000603,RM0095,Business Loan,477168,Defaulted
LN0002410,CUST002258,RM0045,Home Loan,182826,Pending
LN0002411,CUST000410,RM0170,Personal Loan,206191,Defaulted
LN0002412,CUST000801,RM0078,Personal Loan,552755,Approved
LN0002413,CUST000455,RM0107,Education Loan,510336,Active
LN0002414,CUST000988,RM0175,Education Loan,82632,Pending
LN0002415,CUST001450,RM0235,Personal Loan,168899,Approved
LN0002416,CUST002437,RM0001,Personal Loan,114154,Pending
LN0002417,CUST000577,RM0070,Home Loan,149901,Active
LN0002418,CUST001818,RM0227,Business Loan,148127,Defaulted
LN0002419,CUST001059,RM0188,Gold Loan,117617,Closed
LN0002420,CUST001856,RM0084,Education Loan,112553,Rejected
LN0002421,CUST001114,RM0169,Education Loan,444746,Defaulted
LN0002422,CUST002413,RM0149,Gold Loan,64484,Approved
LN0002423,CUST000806,RM0188,Personal Loan,276399,Approved
LN0002424,CUST000475,RM0039,Personal Loan,87946,Defaulted
LN0002425,CUST001471,RM0175,Business Loan,134473,Pending
LN0002426,CUST002099,RM0239,Personal Loan,62703,Rejected
LN0002427,CUST001105,RM0178,Education Loan,112934,Pending
LN0002428,CUST001791,RM0055,Car Loan,342566,Approved
LN0002429,CUST001513,RM0109,Plot Loan,482591,Approved
LN0002430,CUST001692,RM0206,Personal Loan,100084,Defaulted
LN0002431,CUST001134,RM0149,Personal Loan,174555,Approved
LN0002432,CUST001079,RM0019,Plot Loan,177097,Pending
LN0002433,CUST001595,RM0233,Car Loan,463621,Active
LN0002434,CUST001516,RM0172,Plot Loan,337769,Rejected
LN0002435,CUST001892,RM0240,Education Loan,193929,Rejected
LN0002436,CUST002337,RM0126,Education Loan,272185,Rejected
LN0002437,CUST001449,RM0248,Education Loan,425928,Closed
LN0002438,CUST001672,RM0186,Education Loan,51916,Closed
LN0002439,CUST000570,RM0118,Personal Loan,153130,Active
LN0002440,CUST001458,RM0121,Gold Loan,525554,Pending
LN0002441,CUST002344,RM0170,Education Loan,319655,Rejected
LN0002442,CUST001035,RM0235,Car Loan,206544,Approved
LN0002443,CUST000559,RM0060,Plot Loan,200853,Approved
LN0002444,CUST001698,RM0147,Personal Loan,135471,Approved
LN0002445,CUST000366,RM0031,Plot Loan,197010,Rejected
LN0002446,CUST002383,RM0149,Car Loan,263064,Active
LN0002447,CUST001983,RM0161,Gold Loan,158381,Rejected
LN0002448,CUST001860,RM0185,Plot Loan,300459,Active
LN0002449,CUST000070,RM0171,Business Loan,444990,Pending
LN0002450,CUST002135,RM0022,Home Loan,83609,Closed
LN0002451,CUST002282,RM0103,Plot Loan,170130,Rejected
LN0002452,CUST001843,RM0082,Gold Loan,154856,Active
LN0002453,CUST000776,RM0233,Personal Loan,282607,Approved
LN0002454,CUST000666,RM0005,Business Loan,107501,Closed
LN0002455,CUST001414,RM0067,Home Loan,254469,Approved
LN0002456,CUST001964,RM0230,Business Loan,469911,Active
LN0002457,CUST001577,RM0124,Education Loan,158302,Defaulted
LN0002458,CUST001211,RM0014,Education Loan,533859,Approved
LN0002459,CUST000965,RM0093,Home Loan,1047102,Rejected
LN0002460,CUST001492,RM0078,Business Loan,72430,Pending
LN0002461,CUST001501,RM0187,Home Loan,103067,Rejected
LN0002462,CUST000421,RM0116,Car Loan,650671,Rejected
LN0002463,CUST002446,RM0136,Personal Loan,685583,Rejected
LN0002464,CUST000214,RM0125,Personal Loan,70563,Approved
LN0002465,CUST002439,RM0214,Home Loan,53022,Closed
LN0002466,CUST000229,RM0156,Personal Loan,85132,Active
LN0002467,CUST000649,RM0120,Business Loan,1154932,Closed
LN0002468,CUST001712,RM0219,Gold Loan,89690,Closed
LN0002469,CUST001506,RM0240,Personal Loan,189651,Rejected
LN0002470,CUST002451,RM0026,Home Loan,427325,Pending
LN0002471,CUST000853,RM0110,Gold Loan,54122,Closed
LN0002472,CUST001710,RM0198,Education Loan,235515,Approved
LN0002473,CUST001325,RM0125,Plot Loan,114876,Active
LN0002474,CUST002454,RM0149,Home Loan,446586,Rejected
LN0002475,CUST001349,RM0224,Home Loan,116664,Closed
LN0002476,CUST001548,RM0128,Home Loan,282154,Defaulted
LN0002477,CUST001669,RM0178,Plot Loan,274306,Closed
LN0002478,CUST000130,RM0027,Plot Loan,100075,Rejected
LN0002479,CUST000647,RM0045,Business Loan,57083,Pending
LN0002480,CUST001154,RM0210,Education Loan,155272,Defaulted
LN0002481,CUST000393,RM0076,Gold Loan,118270,Rejected
LN0002482,CUST002447,RM0071,Gold Loan,381073,Defaulted
LN0002483,CUST000930,RM0222,Business Loan,372252,Active
LN0002484,CUST001424,RM0090,Car Loan,172138,Approved
LN0002485,CUST001318,RM0002,Education Loan,236541,Approved
LN0002486,CUST000260,RM0074,Plot Loan,235399,Approved
LN0002487,CUST000395,RM0014,Plot Loan,401075,Pending
LN0002488,CUST000418,RM0116,Plot Loan,160677,Approved
LN0002489,CUST002130,RM0234,Car Loan,114439,Active
LN0002490,CUST000668,RM0158,Business Loan,111586,Rejected
LN0002491,CUST001668,RM0146,Car Loan,203657,Rejected
LN0002492,CUST000490,RM0228,Car Loan,169257,Pending
LN0002493,CUST001814,RM0149,Business Loan,166006,Pending
LN0002494,CUST001736,RM0029,Plot Loan,69112,Approved
LN0002495,CUST002462,RM0199,Personal Loan,303598,Rejected
LN0002496,CUST001677,RM0217,Gold Loan,98092,Defaulted
LN0002497,CUST001032,RM0112,Education Loan,93868,Active
LN0002498,CUST001963,RM0091,Education Loan,156463,Defaulted
LN0002499,CUST002402,RM0099,Personal Loan,101696,Approved
LN0002500,CUST000798,RM0238,Car Loan,225345,Approved
LN0002501,CUST001101,RM0022,Gold Loan,142872,Active
LN0002502,CUST002113,RM0201,Home Loan,169172,Closed
LN0002503,CUST002499,RM0172,Personal Loan,204078,Active
LN0002504,CUST001812,RM0080,Education Loan,95514,Approved
LN0002505,CUST001007,RM0125,Business Loan,83861,Closed
LN0002506,CUST000706,RM0013,Home Loan,474757,Approved
LN0002507,CUST000980,RM0029,Business Loan,163734,Defaulted
LN0002508,CUST001949,RM0195,Plot Loan,156237,Approved
LN0002509,CUST000061,RM0222,Car Loan,57252,Pending
LN0002510,CUST001547,RM0205,Plot Loan,187821,Active
LN0002511,CUST002017,RM0054,Home Loan,211563,Rejected
LN0002512,CUST002351,RM0182,Personal Loan,213669,Approved
LN0002513,CUST001674,RM0195,Plot Loan,295537,Rejected
LN0002514,CUST001714,RM0074,Education Loan,89076,Pending
LN0002515,CUST000673,RM0195,Home Loan,108130,Rejected
LN0002516,CUST001166,RM0163,Plot Loan,382916,Active
LN0002517,CUST001005,RM0086,Car Loan,638137,Approved
LN0002518,CUST002376,RM0152,Business Loan,79220,Approved
LN0002519,CUST001051,RM0172,Education Loan,187691,Defaulted
LN0002520,CUST000601,RM0196,Car Loan,98204,Rejected
LN0002521,CUST001478,RM0146,Education Loan,62390,Defaulted
LN0002522,CUST001250,RM0206,Car Loan,128757,Closed
LN0002523,CUST002096,RM0137,Plot Loan,81024,Approved
LN0002524,CUST000940,RM0065,Car Loan,297528,Closed
LN0002525,CUST000402,RM0112,Car Loan,202596,Approved
LN0002526,CUST001987,RM0034,Car Loan,81058,Closed
LN0002527,CUST000474,RM0082,Business Loan,51856,Approved
LN0002528,CUST001127,RM0048,Plot Loan,380215,Closed
LN0002529,CUST000924,RM0018,Home Loan,88764,Active
LN0002530,CUST000968,RM0153,Business Loan,236390,Pending
LN0002531,CUST001528,RM0001,Gold Loan,132172,Defaulted
LN0002532,CUST002237,RM0202,Home Loan,226129,Defaulted
LN0002533,CUST001514,RM0187,Business Loan,125858,Approved
LN0002534,CUST000383,RM0234,Personal Loan,68190,Pending
LN0002535,CUST002295,RM0035,Personal Loan,100450,Approved
LN0002536,CUST001308,RM0208,Education Loan,91665,Approved
LN0002537,CUST000052,RM0213,Personal Loan,161730,Defaulted
LN0002538,CUST000131,RM0157,Education Loan,264754,Pending
LN0002539,CUST000548,RM0059,Car Loan,196236,Closed
LN0002540,CUST000117,RM0031,Car Loan,111252,Approved
LN0002541,CUST001769,RM0020,Business Loan,52428,Rejected
LN0002542,CUST000667,RM0075,Education Loan,196351,Approved
LN0002543,CUST000316,RM0209,Plot Loan,236158,Pending
LN0002544,CUST001462,RM0104,Business Loan,708668,Defaulted
LN0002545,CUST000086,RM0120,Personal Loan,228061,Pending
LN0002546,CUST001931,RM0007,Education Loan,177418,Defaulted
LN0002547,CUST001279,RM0200,Business Loan,220382,Pending
LN0002548,CUST000374,RM0140,Plot Loan,575941,Active
LN0002549,CUST000439,RM0207,Plot Loan,402492,Closed
LN0002550,CUST000464,RM0153,Personal Loan,128010,Rejected
LN0002551,CUST000632,RM0060,Education Loan,104166,Approved
LN0002552,CUST000715,RM0041,Car Loan,110934,Pending
LN0002553,CUST001142,RM0057,Car Loan,190405,Approved
LN0002554,CUST000220,RM0087,Car Loan,322554,Closed
LN0002555,CUST001048,RM0116,Education Loan,189921,Pending
LN0002556,CUST002020,RM0113,Plot Loan,64040,Closed
LN0002557,CUST001206,RM0044,Car Loan,307167,Closed
LN0002558,CUST002476,RM0014,Plot Loan,377948,Rejected
LN0002559,CUST000164,RM0049,Education Loan,118356,Closed
LN0002560,CUST001754,RM0206,Business Loan,268203,Closed
LN0002561,CUST000393,RM0164,Personal Loan,161231,Active
LN0002562,CUST001070,RM0164,Business Loan,489860,Approved
LN0002563,CUST000327,RM0062,Car Loan,423157,Rejected
LN0002564,CUST000920,RM0083,Business Loan,199070,Approved
LN0002565,CUST001979,RM0090,Gold Loan,285210,Rejected
LN0002566,CUST001243,RM0136,Car Loan,479714,Pending
LN0002567,CUST002163,RM0207,Gold Loan,186923,Pending
LN0002568,CUST001301,RM0195,Gold Loan,125157,Pending
LN0002569,CUST002439,RM0028,Personal Loan,330213,Closed
LN0002570,CUST001691,RM0166,Education Loan,99709,Closed
LN0002571,CUST000433,RM0110,Plot Loan,244620,Approved
LN0002572,CUST000781,RM0206,Home Loan,148378,Closed
LN0002573,CUST000269,RM0097,Education Loan,451576,Pending
LN0002574,CUST000444,RM0124,Car Loan,307777,Active
LN0002575,CUST002020,RM0244,Plot Loan,272678,Approved
LN0002576,CUST000291,RM0117,Education Loan,153439,Rejected
LN0002577,CUST001884,RM0068,Education Loan,98349,Rejected
LN0002578,CUST000886,RM0028,Education Loan,138001,Closed
LN0002579,CUST001695,RM0022,Gold Loan,116844,Pending
LN0002580,CUST000007,RM0119,Gold Loan,88738,Pending
LN0002581,CUST000293,RM0097,Personal Loan,321995,Active
LN0002582,CUST002033,RM0006,Personal Loan,108089,Closed
LN0002583,CUST002293,RM0224,Plot Loan,171088,Active
LN0002584,CUST000314,RM0229,Personal Loan,147506,Rejected
LN0002585,CUST000022,RM0235,Plot Loan,854338,Active
LN0002586,CUST001249,RM0203,Plot Loan,149217,Closed
LN0002587,CUST001487,RM0098,Business Loan,66672,Approved
LN0002588,CUST000498,RM0038,Plot Loan,68823,Defaulted
LN0002589,CUST001235,RM0153,Gold Loan,228687,Rejected
LN0002590,CUST000343,RM0170,Plot Loan,232940,Approved
LN0002591,CUST001912,RM0159,Personal Loan,158517,Defaulted
LN0002592,CUST000567,RM0063,Education Loan,163071,Defaulted
LN0002593,CUST002039,RM0217,Business Loan,61088,Approved
LN0002594,CUST000846,RM0164,Education Loan,195360,Rejected
LN0002595,CUST001894,RM0133,Business Loan,190534,Pending
LN0002596,CUST000254,RM0214,Home Loan,82397,Pending
LN0002597,CUST001840,RM0112,Plot Loan,71927,Pending
LN0002598,CUST001278,RM0154,Plot Loan,76380,Active
LN0002599,CUST001220,RM0153,Car Loan,71300,Defaulted
LN0002600,CUST001668,RM0119,Gold Loan,238172,Defaulted
LN0002601,CUST000686,RM0192,Plot Loan,93751,Closed
LN0002602,CUST000711,RM0197,Gold Loan,107918,Defaulted
LN0002603,CUST001250,RM0198,Car Loan,88128,Rejected
LN0002604,CUST000124,RM0040,Education Loan,683234,Approved
LN0002605,CUST000825,RM0142,Personal Loan,435677,Defaulted
LN0002606,CUST000895,RM0107,Plot Loan,102401,Rejected
LN0002607,CUST001495,RM0172,Gold Loan,129370,Rejected
LN0002608,CUST000906,RM0158,Gold Loan,97117,Pending
LN0002609,CUST000320,RM0173,Car Loan,185405,Active
LN0002610,CUST001459,RM0136,Home Loan,53961,Approved
LN0002611,CUST002248,RM0092,Car Loan,272563,Active
LN0002612,CUST002459,RM0164,Gold Loan,198114,Closed
LN0002613,CUST001519,RM0168,Home Loan,507813,Defaulted
LN0002614,CUST000062,RM0114,Gold Loan,85919,Pending
LN0002615,CUST000599,RM0106,Business Loan,376039,Closed
LN0002616,CUST001613,RM0107,Car Loan,364005,Rejected
LN0002617,CUST001392,RM0153,Home Loan,77205,Defaulted
LN0002618,CUST000762,RM0230,Personal Loan,151685,Defaulted
LN0002619,CUST000459,RM0051,Business Loan,87302,Active
LN0002620,CUST001231,RM0035,Car Loan,108799,Defaulted
LN0002621,CUST001944,RM0143,Personal Loan,111100,Approved
LN0002622,CUST000664,RM0086,Business Loan,212492,Closed
LN0002623,CUST001179,RM0178,Personal Loan,156005,Active
LN0002624,CUST002423,RM0031,Business Loan,640277,Defaulted
LN0002625,CUST002318,RM0167,Business Loan,77019,Closed
LN0002626,CUST001766,RM0218,Personal Loan,777577,Rejected
LN0002627,CUST000134,RM0161,Personal Loan,102438,Rejected
LN0002628,CUST001513,RM0053,Personal Loan,346450,Defaulted
LN0002629,CUST001484,RM0216,Home Loan,132791,Active
LN0002630,CUST001438,RM0061,Personal Loan,80882,Approved
LN0002631,CUST000510,RM0087,Education Loan,440229,Pending
LN0002632,CUST000281,RM0244,Gold Loan,123882,Rejected
LN0002633,CUST000232,RM0201,Personal Loan,265089,Closed
LN0002634,CUST001983,RM0109,Plot Loan,217146,Active
LN0002635,CUST000001,RM0158,Gold Loan,177639,Pending
LN0002636,CUST000628,RM0121,Gold Loan,186964,Closed
LN0002637,CUST001874,RM0221,Gold Loan,313531,Approved
LN0002638,CUST000527,RM0140,Car Loan,68373,Defaulted
LN0002639,CUST001722,RM0147,Home Loan,270632,Rejected
LN0002640,CUST001302,RM0008,Business Loan,502311,Rejected
LN0002641,CUST000041,RM0193,Car Loan,61905,Approved
LN0002642,CUST000704,RM0169,Personal Loan,80316,Active
LN0002643,CUST000985,RM0132,Business Loan,302201,Defaulted
LN0002644,CUST001262,RM0051,Plot Loan,521304,Pending
LN0002645,CUST001921,RM0032,Plot Loan,164995,Defaulted
LN0002646,CUST002054,RM0103,Personal Loan,153351,Closed
LN0002647,CUST000807,RM0021,Plot Loan,79460,Active
LN0002648,CUST000240,RM0233,Education Loan,191355,Active
LN0002649,CUST002358,RM0092,Home Loan,999999999,Approved
LN0002650,CUST001418,RM0189,Education Loan,77059,Active
LN0002651,CUST001064,RM0173,Personal Loan,179489,Approved
LN0002652,CUST000862,RM0202,Education Loan,338458,Rejected
LN0002653,CUST000032,RM0125,Business Loan,109752,Closed
LN0002654,CUST002383,RM0038,Business Loan,181087,Approved
LN0002655,CUST000434,RM0137,Car Loan,1016062,Rejected
LN0002656,CUST000304,RM0093,Home Loan,282087,Pending
LN0002657,CUST001309,RM0033,Car Loan,418219,Approved
LN0002658,CUST000689,RM0233,Car Loan,157176,Active
LN0002659,CUST002004,RM0053,Car Loan,342083,Active
LN0002660,CUST000564,RM0204,Personal Loan,58270,Defaulted
LN0002661,CUST001012,RM0109,Personal Loan,76229,Pending
LN0002662,CUST001383,RM0055,Plot Loan,95397,Approved
LN0002663,CUST001694,RM0024,Home Loan,152816,Defaulted
LN0002664,CUST001574,RM0103,Plot Loan,474447,Approved
LN0002665,CUST001827,RM0191,Car Loan,423829,Active
LN0002666,CUST002001,RM0143,Car Loan,135010,Approved
LN0002667,CUST002006,RM0072,Personal Loan,262622,Defaulted
LN0002668,CUST001272,RM0098,Car Loan,297102,Approved
LN0002669,CUST001757,RM0057,Education Loan,226465,Defaulted
LN0002670,CUST001391,RM0165,Plot Loan,138397,Defaulted
LN0002671,CUST000358,RM0057,Business Loan,222101,Approved
LN0002672,CUST001727,RM0094,Home Loan,133790,Pending
LN0002673,CUST000968,RM0060,Education Loan,67520,Defaulted
LN0002674,CUST000138,RM0230,Education Loan,1036845,Rejected
LN0002675,CUST000459,RM0181,Car Loan,77205,Rejected
LN0002676,CUST002094,RM0189,Gold Loan,65019,Closed
LN0002677,CUST000218,RM0171,Gold Loan,118696,Approved
LN0002678,CUST001946,RM0131,Business Loan,471618,Defaulted
LN0002679,CUST002051,RM0186,Gold Loan,121859,Active
LN0002680,CUST002453,RM0235,Gold Loan,260134,Active
LN0002681,CUST002413,RM0241,Plot Loan,129798,Active
LN0002682,CUST000837,RM0196,Business Loan,149336,Approved
LN0002683,CUST002484,RM0078,Education Loan,110792,Defaulted
LN0002684,CUST000936,RM0225,Car Loan,134027,Active
LN0002685,CUST001668,RM0025,Plot Loan,155764,Approved
LN0002686,CUST001791,RM0240,Plot Loan,304890,Active
LN0002687,CUST002324,RM0184,Personal Loan,193297,Pending
LN0002688,CUST001632,RM0178,Personal Loan,624933,Rejected
LN0002689,CUST000804,RM0162,Gold Loan,58556,Active
LN0002690,CUST000809,RM0235,Business Loan,189860,Rejected
LN0002691,CUST002401,RM0093,Home Loan,225522,Defaulted
LN0002692,CUST000175,RM0249,Gold Loan,555638,Closed
LN0002693,CUST001031,RM0063,Personal Loan,60081,Rejected
LN0002694,CUST000257,RM0161,Education Loan,220428,Pending
LN0002695,CUST000307,RM0201,Plot Loan,434323,Defaulted
LN0002696,CUST002498,RM0009,Car Loan,105395,Closed
LN0002697,CUST001396,RM0232,Car Loan,467966,Rejected
LN0002698,CUST000967,RM0037,Car Loan,53845,Active
LN0002699,CUST001720,RM0250,Personal Loan,313693,Defaulted
LN0002700,CUST000212,RM0082,Plot Loan,590950,Closed
LN0002701,CUST000878,RM0096,Education Loan,264120,Active
LN0002702,CUST002338,RM0219,Education Loan,165617,Rejected
LN0002703,CUST002005,RM0001,Education Loan,59183,Rejected
LN0002704,CUST001380,RM0130,Gold Loan,555430,Closed
LN0002705,CUST002036,RM0194,Education Loan,177087,Defaulted
LN0002706,CUST001260,RM0023,Gold Loan,55885,Defaulted
LN0002707,CUST002094,RM0070,Personal Loan,284121,Closed
LN0002708,CUST002265,RM0104,Education Loan,181493,Rejected
LN0002709,CUST002177,RM0220,Education Loan,76556,Closed
LN0002710,CUST000249,RM0192,Home Loan,98228,Closed
LN0002711,CUST000710,RM0118,Education Loan,63332,Closed
LN0002712,CUST001530,RM0001,Gold Loan,220801,Pending
LN0002713,CUST001174,RM0039,Plot Loan,244587,Pending
LN0002714,CUST000010,RM0143,Education Loan,190939,Active
LN0002715,CUST001068,RM0135,Education Loan,389765,Rejected
LN0002716,CUST002407,RM0155,Gold Loan,444668,Rejected
LN0002717,CUST000832,RM0051,Business Loan,241227,Approved
LN0002718,CUST001633,RM0203,Education Loan,52567,Rejected
LN0002719,CUST002206,RM0097,Home Loan,287639,Rejected
LN0002720,CUST000966,RM0250,Home Loan,158256,Approved
LN0002721,CUST000276,RM0066,Home Loan,216738,Closed
LN0002722,CUST000723,RM0215,Education Loan,259439,Rejected
LN0002723,CUST001778,RM0023,Gold Loan,136229,Approved
LN0002724,CUST001816,RM0059,Home Loan,548020,Active
LN0002725,CUST002361,RM0233,Business Loan,78768,Active
LN0002726,CUST001991,RM0172,Home Loan,272650,Closed
LN0002727,CUST001146,RM0178,Business Loan,50873,Approved
LN0002728,CUST002198,RM0194,Home Loan,567125,Defaulted
LN0002729,CUST000748,RM0104,Plot Loan,73870,Pending
LN0002730,CUST002144,RM0003,Car Loan,69938,Approved
LN0002731,CUST001454,RM0224,Business Loan,130995,Pending
LN0002732,CUST002329,RM0179,Car Loan,143542,Defaulted
LN0002733,CUST001095,RM0080,Gold Loan,98236,Defaulted
LN0002734,CUST001176,RM0083,Business Loan,225953,Rejected
LN0002735,CUST002046,RM0147,Personal Loan,167007,Pending
LN0002736,CUST001552,RM0022,Home Loan,56954,Approved
LN0002737,CUST000557,RM0094,Education Loan,127030,Approved
LN0002738,CUST001790,RM0063,Home Loan,382602,Closed
LN0002739,CUST001546,RM0174,Personal Loan,284425,Active
LN0002740,CUST000027,RM0120,Gold Loan,284044,Defaulted
LN0002741,CUST001419,RM0057,Personal Loan,308102,Defaulted
LN0002742,CUST001787,RM0055,Business Loan,289543,Defaulted
LN0002743,CUST000344,RM0206,Education Loan,124494,Approved
LN0002744,CUST000213,RM0021,Home Loan,70997,Defaulted
LN0002745,CUST001784,RM0182,Personal Loan,113619,Active
LN0002746,CUST000261,RM0133,Business Loan,406502,Active
LN0002747,CUST000782,RM0176,Business Loan,837168,Defaulted
LN0002748,CUST002234,RM0207,Business Loan,186183,Approved
LN0002749,CUST000961,RM0168,Personal Loan,51949,Defaulted
LN0002750,CUST000209,RM0014,Home Loan,80174,Pending
LN0002751,CUST002238,RM0136,Business Loan,127745,Defaulted
LN0002752,CUST000064,RM0062,Car Loan,222827,Approved
LN0002753,CUST002047,RM0242,Education Loan,65612,Pending
LN0002754,CUST000668,RM0040,Home Loan,624198,Pending
LN0002755,CUST002394,RM0080,Home Loan,140852,Closed
LN0002756,CUST000906,RM0014,Education Loan,537415,Defaulted
LN0002757,CUST000704,RM0006,Gold Loan,353300,Defaulted
LN0002758,CUST002354,RM0206,Home Loan,331656,Defaulted
LN0002759,CUST000925,RM0225,Car Loan,236646,Active
LN0002760,CUST002321,RM0239,Home Loan,247119,Pending
LN0002761,CUST001115,RM0233,Gold Loan,253224,Closed
LN0002762,CUST000305,RM0149,Gold Loan,248160,Pending
LN0002763,CUST002262,RM0057,Plot Loan,211365,Approved
LN0002764,CUST001078,RM0042,Home Loan,909743,Pending
LN0002765,CUST000804,RM0047,Car Loan,313570,Pending
LN0002766,CUST002263,RM0195,Business Loan,350068,Active
LN0002767,CUST002279,RM0090,Home Loan,461869,Defaulted
LN0002768,CUST000218,RM0219,Gold Loan,98577,Defaulted
LN0002769,CUST000437,RM0013,Gold Loan,67505,Approved
LN0002770,CUST000437,RM0226,Car Loan,181901,Rejected
LN0002771,CUST000468,RM0070,Business Loan,194342,Active
LN0002772,CUST000146,RM0075,Personal Loan,403431,Pending
LN0002773,CUST002267,RM0220,Plot Loan,167319,Pending
LN0002774,CUST002033,RM0093,Home Loan,219191,Closed
LN0002775,CUST000544,RM0206,Education Loan,199761,Defaulted
LN0002776,CUST001269,RM0028,Personal Loan,57790,Closed
LN0002777,CUST001373,RM0016,Gold Loan,241014,Rejected
LN0002778,CUST000807,RM0030,Personal Loan,402102,Defaulted
LN0002779,CUST001217,RM0213,Personal Loan,84276,Approved
LN0002780,CUST000452,RM0098,Business Loan,230443,Closed
LN0002781,CUST002238,RM0243,Gold Loan,230088,Closed
LN0002782,CUST001287,RM0175,Education Loan,85869,Pending
LN0002783,CUST001953,RM0161,Car Loan,76355,Approved
LN0002784,CUST000228,RM0130,Car Loan,832924,Approved
LN0002785,CUST001066,RM0086,Personal Loan,150082,Defaulted
LN0002786,CUST002105,RM0061,Education Loan,101604,Active
LN0002787,CUST000197,RM0167,Car Loan,87585,Closed
LN0002788,CUST002017,RM0090,Education Loan,270284,Defaulted
LN0002789,CUST000448,RM0242,Personal Loan,238037,Pending
LN0002790,CUST002121,RM0186,Education Loan,256313,Active
LN0002791,CUST001995,RM0096,Car Loan,68424,Approved
LN0002792,CUST001146,RM0177,Business Loan,497987,Closed
LN0002793,CUST000149,RM0120,Plot Loan,148618,Active
LN0002794,CUST000989,RM0133,Business Loan,125191,Pending
LN0002795,CUST000801,RM0006,Home Loan,174113,Rejected
LN0002796,CUST001129,RM0001,Home Loan,148880,Rejected
LN0002797,CUST002500,RM0131,Home Loan,448398,Closed
LN0002798,CUST001547,RM0036,Plot Loan,579751,Pending
LN0002799,CUST001328,RM0043,Home Loan,122324,Active
LN0002800,CUST000958,RM0084,Gold Loan,448925,Defaulted
LN0002801,CUST000215,RM0209,Business Loan,354215,Closed
LN0002802,CUST001513,RM0174,Car Loan,584173,Active
LN0002803,CUST000254,RM0157,Car Loan,106406,Rejected
LN0002804,CUST001059,RM0063,Plot Loan,222057,Approved
LN0002805,CUST000820,RM0108,Plot Loan,114191,Defaulted
LN0002806,CUST000710,RM0011,Gold Loan,397561,Closed
LN0002807,CUST000835,RM0119,Business Loan,51067,Approved
LN0002808,CUST002304,RM0040,Education Loan,216398,Approved
LN0002809,CUST001824,RM0102,Plot Loan,132861,Rejected
LN0002810,CUST001365,RM0052,Car Loan,127923,Active
LN0002811,CUST000014,RM0033,Gold Loan,257074,Pending
LN0002812,CUST000862,RM0175,Gold Loan,431413,Defaulted
LN0002813,CUST001359,RM0117,Personal Loan,237909,Approved
LN0002814,CUST002302,RM0093,Business Loan,433700,Defaulted
LN0002815,CUST001392,RM0017,Car Loan,111467,Pending
LN0002816,CUST000088,RM0111,Plot Loan,196586,Closed
LN0002817,CUST001048,RM0247,Home Loan,169762,Approved
LN0002818,CUST002017,RM0010,Home Loan,52342,Closed
LN0002819,CUST001489,RM0025,Personal Loan,212752,Approved
LN0002820,CUST001063,RM0250,Gold Loan,266660,Rejected
LN0002821,CUST000523,RM0068,Gold Loan,229255,Defaulted
LN0002822,CUST001609,RM0221,Plot Loan,316573,Active
LN0002823,CUST001446,RM0026,Personal Loan,219418,Rejected
LN0002824,CUST000779,RM0204,Personal Loan,63816,Rejected
LN0002825,CUST000772,RM0225,Education Loan,74760,Closed
LN0002826,CUST000411,RM0088,Business Loan,231503,Pending
LN0002827,CUST000663,RM0002,Car Loan,114310,Active
LN0002828,CUST000954,RM0082,Business Loan,66599,Approved
LN0002829,CUST000051,RM0144,Business Loan,162284,Approved
LN0002830,CUST002149,RM0146,Business Loan,211631,Rejected
LN0002831,CUST001593,RM0061,Home Loan,129721,Defaulted
LN0002832,CUST001380,RM0218,Personal Loan,304903,Pending
LN0002833,CUST000838,RM0226,Business Loan,256436,Pending
LN0002834,CUST002055,RM0228,Gold Loan,130938,Active
LN0002835,CUST000662,RM0016,Plot Loan,331195,Defaulted
LN0002836,CUST001037,RM0053,Gold Loan,259220,Rejected
LN0002837,CUST000075,RM0113,Gold Loan,252916,Rejected
LN0002838,CUST001889,RM0107,Business Loan,211230,Approved
LN0002839,CUST001849,RM0085,Personal Loan,52291,Defaulted
LN0002840,CUST001366,RM0026,Business Loan,288479,Pending
LN0002841,CUST000021,RM0230,Home Loan,144334,Rejected
LN0002842,CUST002396,RM0032,Home Loan,621576,Active
LN0002843,CUST000059,RM0181,Gold Loan,390732,Approved
LN0002844,CUST000898,RM0066,Car Loan,227198,Defaulted
LN0002845,CUST000898,RM0190,Gold Loan,108119,Defaulted
LN0002846,CUST000108,RM0022,Car Loan,95560,Approved
LN0002847,CUST001640,RM0087,Education Loan,133219,Closed
LN0002848,CUST000058,RM0166,Plot Loan,179469,Active
LN0002849,CUST000654,RM0138,Gold Loan,120213,Defaulted
LN0002850,CUST001918,RM0004,Home Loan,194692,Rejected
LN0002851,CUST000318,RM0088,Personal Loan,86153,Defaulted
LN0002852,CUST000980,RM0122,Personal Loan,178370,Pending
LN0002853,CUST002255,RM0197,Home Loan,810748,Defaulted
LN0002854,CUST000931,RM0118,Education Loan,72840,Pending
LN0002855,CUST001030,RM0018,Home Loan,587485,Approved
LN0002856,CUST000929,RM0139,Education Loan,539702,Closed
LN0002857,CUST001240,RM0005,Home Loan,199039,Rejected
LN0002858,CUST002329,RM0020,Plot Loan,308131,Pending
LN0002859,CUST000361,RM0079,Home Loan,164557,Defaulted
LN0002860,CUST000753,RM0164,Personal Loan,248869,Approved
LN0002861,CUST000766,RM0153,Car Loan,133277,Pending
LN0002862,CUST001795,RM0141,Home Loan,121666,Pending
LN0002863,CUST001829,RM0076,Gold Loan,50328,Rejected
LN0002864,CUST001325,RM0040,Home Loan,222658,Pending
LN0002865,CUST000060,RM0051,Gold Loan,187882,Active
LN0002866,CUST000068,RM0033,Plot Loan,223279,Defaulted
LN0002867,CUST000626,RM0048,Gold Loan,117559,Defaulted
LN0002868,CUST001993,RM0166,Education Loan,141443,Pending
LN0002869,CUST000762,RM0132,Home Loan,67525,Closed
LN0002870,CUST002000,RM0144,Personal Loan,60738,Pending
LN0002871,CUST000805,RM0107,Education Loan,108460,Approved
LN0002872,CUST000386,RM0091,Home Loan,65429,Rejected
LN0002873,CUST001360,RM0073,Education Loan,71912,Rejected
LN0002874,CUST000754,RM0249,Home Loan,385252,Active
LN0002875,CUST002317,RM0098,Business Loan,57929,Closed
LN0002876,CUST001851,RM0012,Home Loan,265141,Active
LN0002877,CUST000912,RM0192,Plot Loan,113644,Active
LN0002878,CUST000563,RM0007,Plot Loan,460436,Defaulted
LN0002879,CUST001354,RM0211,Personal Loan,182714,Active
LN0002880,CUST000603,RM0203,Personal Loan,122934,Approved
LN0002881,CUST001472,RM0179,Business Loan,195812,Rejected
LN0002882,CUST000998,RM0170,Education Loan,146239,Pending
LN0002883,CUST000641,RM0002,Business Loan,216160,Pending
LN0002884,CUST001248,RM0067,Personal Loan,74327,Pending
LN0002885,CUST000096,RM0017,Gold Loan,1211196,Approved
LN0002886,CUST000506,RM0180,Business Loan,160870,Closed
LN0002887,CUST000644,RM0012,Home Loan,135612,Active
LN0002888,CUST002252,RM0020,Personal Loan,297719,Active
LN0002889,CUST000006,RM0193,Plot Loan,140479,Closed
LN0002890,CUST000700,RM0212,Gold Loan,408281,Closed
LN0002891,CUST001151,RM0167,Education Loan,171126,Pending
LN0002892,CUST001674,RM0070,Car Loan,304277,Active
LN0002893,CUST001753,RM0062,Business Loan,72735,Defaulted
LN0002894,CUST001206,RM0063,Plot Loan,424315,Approved
LN0002895,CUST001337,RM0239,Home Loan,316147,Closed
LN0002896,CUST002118,RM0205,Gold Loan,97579,Approved
LN0002897,CUST001962,RM0049,Home Loan,81397,Closed
LN0002898,CUST000414,RM0134,Car Loan,126044,Active
LN0002899,CUST002154,RM0031,Home Loan,796529,Rejected
LN0002900,CUST001384,RM0152,Home Loan,109366,Defaulted
LN0002901,CUST002204,RM0036,Home Loan,171807,Pending
LN0002902,CUST000586,RM0102,Gold Loan,56096,Defaulted
LN0002903,CUST002100,RM0203,Business Loan,151243,Approved
LN0002904,CUST002043,RM0114,Gold Loan,219408,Rejected
LN0002905,CUST001943,RM0001,Business Loan,662052,Active
LN0002906,CUST000323,RM0215,Home Loan,195438,Defaulted
LN0002907,CUST000086,RM0076,Business Loan,391970,Defaulted
LN0002908,CUST000906,RM0239,Personal Loan,208428,Pending
LN0002909,CUST002495,RM0071,Car Loan,58328,Active
LN0002910,CUST000180,RM0114,Home Loan,125669,Active
LN0002911,CUST001647,RM0069,Gold Loan,221391,Rejected
LN0002912,CUST002455,RM0033,Home Loan,651536,Approved
LN0002913,CUST001611,RM0058,Car Loan,441984,Closed
LN0002914,CUST001267,RM0119,Education Loan,101846,Rejected
LN0002915,CUST000626,RM0181,Education Loan,99720,Defaulted
LN0002916,CUST001207,RM0123,Business Loan,94922,Rejected
LN0002917,CUST001599,RM0211,Personal Loan,561492,Approved
LN0002918,CUST002273,RM0216,Plot Loan,433010,Defaulted
LN0002919,CUST001500,RM0023,Car Loan,348227,Defaulted
LN0002920,CUST001140,RM0110,Car Loan,149758,Active
LN0002921,CUST000487,RM0240,Home Loan,190389,Rejected
LN0002922,CUST002322,RM0095,Personal Loan,174848,Pending
LN0002923,CUST001389,RM0118,Plot Loan,108444,Closed
LN0002924,CUST002488,RM0132,Education Loan,190650,Pending
LN0002925,CUST002116,RM0049,Personal Loan,56194,Approved
LN0002926,CUST002032,RM0056,Home Loan,78269,Closed
LN0002927,CUST002388,RM0212,Home Loan,485348,Pending
LN0002928,CUST001267,RM0236,Home Loan,328607,Active
LN0002929,CUST001773,RM0001,Home Loan,159936,Approved
LN0002930,CUST000771,RM0015,Business Loan,195609,Approved
LN0002931,CUST001618,RM0018,Business Loan,142406,Approved
LN0002932,CUST001093,RM0139,Education Loan,320015,Rejected
LN0002933,CUST001824,RM0122,Car Loan,356668,Pending
LN0002934,CUST002337,RM0239,Home Loan,338179,Defaulted
LN0002935,CUST001893,RM0140,Gold Loan,306467,Defaulted
LN0002936,CUST001822,RM0121,Education Loan,95757,Defaulted
LN0002937,CUST002152,RM0068,Gold Loan,132488,Rejected
LN0002938,CUST002199,RM0211,Gold Loan,176917,Active
LN0002939,CUST002352,RM0148,Car Loan,130332,Active
LN0002940,CUST000690,RM0236,Plot Loan,331250,Defaulted
LN0002941,CUST000715,RM0196,Car Loan,129902,Defaulted
LN0002942,CUST001792,RM0051,Personal Loan,79753,Rejected
LN0002943,CUST000931,RM0129,Plot Loan,151845,Pending
LN0002944,CUST001161,RM0064,Gold Loan,831550,Active
LN0002945,CUST002433,RM0246,Education Loan,101206,Rejected
LN0002946,CUST001935,RM0001,Business Loan,239431,Rejected
LN0002947,CUST002052,RM0211,Home Loan,163469,Approved
LN0002948,CUST000484,RM0011,Personal Loan,64734,Rejected
LN0002949,CUST000283,RM0102,Car Loan,183837,Defaulted
LN0002950,CUST002419,RM0088,Car Loan,292242,Active
LN0002951,CUST001566,RM0011,Personal Loan,193988,Pending
LN0002952,CUST000768,RM0212,Plot Loan,461310,Closed
LN0002953,CUST000090,RM0118,Gold Loan,113976,Rejected
LN0002954,CUST000020,RM0056,Business Loan,118198,Closed
LN0002955,CUST001907,RM0124,Car Loan,68039,Pending
LN0002956,CUST001332,RM0048,Car Loan,601549,Rejected
LN0002957,CUST002476,RM0141,Education Loan,145026,Defaulted
LN0002958,CUST001412,RM0174,Car Loan,221795,Rejected
LN0002959,CUST001135,RM0146,Plot Loan,364046,Rejected
LN0002960,CUST001488,RM0089,Personal Loan,128405,Active
LN0002961,CUST001969,RM0062,Business Loan,301872,Rejected
LN0002962,CUST001232,RM0105,Home Loan,79102,Active
LN0002963,CUST002146,RM0219,Education Loan,118862,Approved
LN0002964,CUST000225,RM0171,Education Loan,81263,Defaulted
LN0002965,CUST000716,RM0085,Car Loan,383445,Defaulted
LN0002966,CUST000591,RM0104,Business Loan,100372,Defaulted
LN0002967,CUST001418,RM0034,Personal Loan,302747,Closed
LN0002968,CUST002056,RM0124,Education Loan,623990,Pending
LN0002969,CUST000443,RM0065,Plot Loan,200058,Active
LN0002970,CUST001434,RM0158,Plot Loan,205318,Defaulted
LN0002971,CUST000676,RM0079,Car Loan,173620,Rejected
LN0002972,CUST002463,RM0125,Personal Loan,128872,Active
LN0002973,CUST000977,RM0241,Gold Loan,179121,Closed
LN0002974,CUST002050,RM0217,Home Loan,234666,Approved
LN0002975,CUST001291,RM0086,Gold Loan,903619,Closed
LN0002976,CUST000938,RM0018,Home Loan,605366,Rejected
LN0002977,CUST001599,RM0186,Business Loan,446322,Active
LN0002978,CUST001598,RM0209,Plot Loan,489880,Defaulted
LN0002979,CUST001372,RM0122,Gold Loan,176165,Defaulted
LN0002980,CUST002500,RM0090,Business Loan,264264,Pending
LN0002981,CUST000116,RM0120,Personal Loan,500886,Pending
LN0002982,CUST001359,RM0137,Car Loan,149829,Defaulted
LN0002983,CUST000994,RM0187,Home Loan,702787,Closed
LN0002984,CUST002400,RM0146,Home Loan,157497,Active
LN0002985,CUST000304,RM0025,Home Loan,233800,Approved
LN0002986,CUST001330,RM0028,Personal Loan,297440,Active
LN0002987,CUST001852,RM0096,Personal Loan,651528,Rejected
LN0002988,CUST001949,RM0195,Personal Loan,106105,Defaulted
LN0002989,CUST001269,RM0163,Personal Loan,324187,Closed
LN0002990,CUST001450,RM0063,Personal Loan,197133,Defaulted
LN0002991,CUST002204,RM0159,Business Loan,112547,Pending
LN0002992,CUST000568,RM0024,Personal Loan,349764,Defaulted
LN0002993,CUST002056,RM0051,Education Loan,210691,Defaulted
LN0002994,CUST001352,RM0170,Plot Loan,266335,Rejected
LN0002995,CUST000764,RM0077,Gold Loan,127987,Pending
LN0002996,CUST002468,RM0018,Plot Loan,181275,Pending
LN0002997,CUST001993,RM0173,Car Loan,242129,Rejected
LN0002998,CUST000946,RM0072,Personal Loan,153808,Active
LN0002999,CUST000060,RM0089,Personal Loan,94222,Rejected
LN0003000,CUST001940,RM0215,Education Loan,702150,Active
LN0003001,CUST000709,RM0200,Plot Loan,193269,Pending
LN0003002,CUST001697,RM0229,Education Loan,314791,Rejected
LN0003003,CUST001282,RM0159,Gold Loan,50000,Closed
LN0003004,CUST000982,RM0037,Plot Loan,155881,Active
LN0003005,CUST002084,RM0176,Personal Loan,137741,Active
LN0003006,CUST000538,RM0011,Education Loan,154567,Active
LN0003007,CUST002165,RM0051,Plot Loan,155254,Active
LN0003008,CUST002198,RM0208,Gold Loan,207131,Active
LN0003009,CUST000785,RM0203,Business Loan,206820,Rejected
LN0003010,CUST001893,RM0200,Home Loan,187494,Closed
LN0003011,CUST001427,RM0004,Education Loan,78955,Closed
LN0003012,CUST001897,RM0244,Personal Loan,187065,Defaulted
LN0003013,CUST001751,RM0066,Car Loan,87050,Pending
LN0003014,CUST001625,RM0239,Plot Loan,76966,Defaulted
LN0003015,CUST002069,RM0005,Plot Loan,50000,Pending
LN0003016,CUST001833,RM0126,Business Loan,589557,Closed
LN0003017,CUST000604,RM0186,Personal Loan,235748,Closed
LN0003018,CUST000579,RM0054,Car Loan,265462,Pending
LN0003019,CUST001512,RM0108,Gold Loan,152763,Active
LN0003020,CUST002452,RM0032,Car Loan,529337,Closed
LN0003021,CUST000845,RM0131,Education Loan,253183,Rejected
LN0003022,CUST000923,RM0082,Business Loan,343214,Active
LN0003023,CUST001518,RM0087,Home Loan,141951,Closed
LN0003024,CUST002260,RM0050,Car Loan,693834,Approved
LN0003025,CUST001310,RM0002,Business Loan,393472,Rejected
LN0003026,CUST000448,RM0080,Gold Loan,434759,Defaulted
LN0003027,CUST000270,RM0208,Plot Loan,87795,Rejected
LN0003028,CUST000482,RM0073,Plot Loan,113206,Approved
LN0003029,CUST000754,RM0060,Education Loan,117269,Rejected
LN0003030,CUST001285,RM0199,Gold Loan,113191,Pending
LN0003031,CUST001232,RM0112,Car Loan,436768,Active
LN0003032,CUST002278,RM0148,Car Loan,56480,Approved
LN0003033,CUST000899,RM0208,Personal Loan,65830,Closed
LN0003034,CUST001073,RM0242,Business Loan,114017,Rejected
LN0003035,CUST001946,RM0102,Gold Loan,94596,Approved
LN0003036,CUST001146,RM0044,Business Loan,102756,Approved
LN0003037,CUST001386,RM0136,Plot Loan,369841,Active
LN0003038,CUST002261,RM0095,Gold Loan,215622,Active
LN0003039,CUST000161,RM0090,Business Loan,51157,Active
LN0003040,CUST000764,RM0042,Education Loan,162186,Closed
LN0003041,CUST002035,RM0176,Business Loan,154810,Approved
LN0003042,CUST001941,RM0250,Personal Loan,74195,Closed
LN0003043,CUST002013,RM0112,Car Loan,275489,Rejected
LN0003044,CUST002057,RM0136,Plot Loan,50000,Closed
LN0003045,CUST000691,RM0071,Home Loan,292197,Rejected
LN0003046,CUST001013,RM0198,Gold Loan,305232,Rejected
LN0003047,CUST002377,RM0197,Gold Loan,310737,Pending
LN0003048,CUST001321,RM0133,Education Loan,50010,Active
LN0003049,CUST002234,RM0051,Plot Loan,665478,Pending
LN0003050,CUST002419,RM0132,Personal Loan,386626,Approved
LN0003051,CUST002093,RM0058,Education Loan,518643,Active
LN0003052,CUST002191,RM0200,Education Loan,53153,Rejected
LN0003053,CUST000485,RM0217,Gold Loan,593192,Pending
LN0003054,CUST002058,RM0109,Plot Loan,381923,Approved
LN0003055,CUST001521,RM0116,Education Loan,413070,Pending
LN0003056,CUST002077,RM0159,Education Loan,69585,Closed
LN0003057,CUST001017,RM0061,Education Loan,318476,Rejected
LN0003058,CUST000720,RM0144,Education Loan,693359,Approved
LN0003059,CUST001508,RM0104,Personal Loan,999999999,Closed
LN0003060,CUST001361,RM0113,Business Loan,276980,Active
LN0003061,CUST000641,RM0210,Education Loan,219055,Closed
LN0003062,CUST002141,RM0128,Business Loan,632387,Rejected
LN0003063,CUST000042,RM0049,Car Loan,167015,Defaulted
LN0003064,CUST000323,RM0126,Gold Loan,232905,Defaulted
LN0003065,CUST001627,RM0029,Business Loan,179381,Defaulted
LN0003066,CUST001545,RM0052,Plot Loan,590154,Approved
LN0003067,CUST001711,RM0162,Education Loan,65826,Active
LN0003068,CUST001555,RM0171,Personal Loan,189077,Defaulted
LN0003069,CUST001631,RM0016,Education Loan,282280,Active
LN0003070,CUST002441,RM0184,Home Loan,363953,Active
LN0003071,CUST002492,RM0172,Home Loan,224942,Approved
LN0003072,CUST000133,RM0049,Gold Loan,529198,Closed
LN0003073,CUST001977,RM0066,Car Loan,619432,Defaulted
LN0003074,CUST000751,RM0221,Home Loan,63296,Defaulted
LN0003075,CUST000357,RM0106,Personal Loan,152956,Pending
LN0003076,CUST002085,RM0005,Car Loan,54747,Defaulted
LN0003077,CUST000006,RM0146,Education Loan,129921,Active
LN0003078,CUST001783,RM0217,Business Loan,203948,Closed
LN0003079,CUST001266,RM0039,Education Loan,533363,Approved
LN0003080,CUST001296,RM0235,Car Loan,50000,Active
LN0003081,CUST001136,RM0186,Business Loan,424881,Rejected
LN0003082,CUST001491,RM0232,Home Loan,77278,Rejected
LN0003083,CUST000709,RM0245,Personal Loan,69529,Defaulted
LN0003084,CUST000106,RM0144,Car Loan,227962,Approved
LN0003085,CUST001570,RM0062,Personal Loan,201907,Pending
LN0003086,CUST002387,RM0035,Plot Loan,111952,Rejected
LN0003087,CUST002489,RM0076,Plot Loan,509426,Closed
LN0003088,CUST000294,RM0077,Business Loan,574465,Rejected
LN0003089,CUST001099,RM0107,Home Loan,153037,Approved
LN0003090,CUST002013,RM0022,Plot Loan,492005,Closed
LN0003091,CUST001337,RM0064,Car Loan,146885,Pending
LN0003092,CUST002226,RM0185,Plot Loan,316981,Defaulted
LN0003093,CUST000115,RM0027,Plot Loan,179230,Approved
LN0003094,CUST002499,RM0020,Business Loan,76154,Active
LN0003095,CUST001538,RM0125,Plot Loan,547229,Rejected
LN0003096,CUST001799,RM0037,Personal Loan,576035,Pending
LN0003097,CUST002279,RM0101,Home Loan,171062,Closed
LN0003098,CUST001988,RM0139,Plot Loan,315218,Defaulted
LN0003099,CUST001814,RM0055,Business Loan,141511,Rejected
LN0003100,CUST000142,RM0047,Gold Loan,53812,Defaulted
LN0003101,CUST002203,RM0072,Car Loan,71189,Active
LN0003102,CUST002473,RM0082,Business Loan,187122,Rejected
LN0003103,CUST001846,RM0142,Home Loan,284213,Pending
LN0003104,CUST000767,RM0073,Home Loan,131514,Defaulted
LN0003105,CUST001950,RM0133,Car Loan,287809,Approved
LN0003106,CUST000974,RM0023,Plot Loan,289887,Active
LN0003107,CUST000088,RM0165,Personal Loan,293435,Active
LN0003108,CUST000530,RM0161,Car Loan,185660,Closed
LN0003109,CUST001062,RM0021,Plot Loan,542753,Approved
LN0003110,CUST002377,RM0120,Personal Loan,184354,Approved
LN0003111,CUST000558,RM0215,Business Loan,169663,Closed
LN0003112,CUST001027,RM0044,Personal Loan,94473,Approved
LN0003113,CUST001618,RM0122,Business Loan,123534,Active
LN0003114,CUST000202,RM0139,Home Loan,58651,Approved
LN0003115,CUST001513,RM0042,Car Loan,250770,Closed
LN0003116,CUST002090,RM0099,Business Loan,107146,Rejected
LN0003117,CUST001150,RM0027,Home Loan,122525,Defaulted
LN0003118,CUST002052,RM0064,Plot Loan,344644,Active
LN0003119,CUST000598,RM0148,Car Loan,129267,Rejected
LN0003120,CUST002312,RM0177,Education Loan,105466,Defaulted
LN0003121,CUST000755,RM0188,Gold Loan,87038,Approved
LN0003122,CUST001328,RM0021,Gold Loan,348205,Active
LN0003123,CUST000362,RM0022,Personal Loan,77784,Closed
LN0003124,CUST000913,RM0160,Personal Loan,170937,Defaulted
LN0003125,CUST000355,RM0137,Education Loan,191420,Active
LN0003126,CUST001115,RM0139,Car Loan,282559,Active
LN0003127,CUST002138,RM0159,Home Loan,250633,Rejected
LN0003128,CUST001333,RM0086,Education Loan,382906,Approved
LN0003129,CUST000914,RM0202,Gold Loan,59156,Active
LN0003130,CUST002240,RM0147,Personal Loan,120320,Closed
LN0003131,CUST001112,RM0099,Plot Loan,115738,Active
LN0003132,CUST002490,RM0129,Gold Loan,81568,Defaulted
LN0003133,CUST001844,RM0089,Plot Loan,118266,Rejected
LN0003134,CUST001105,RM0183,Car Loan,124144,Active
LN0003135,CUST002492,RM0009,Business Loan,197580,Approved
LN0003136,CUST000885,RM0249,Business Loan,267952,Closed
LN0003137,CUST001577,RM0196,Education Loan,145962,Defaulted
LN0003138,CUST002354,RM0168,Home Loan,304215,Active
LN0003139,CUST000429,RM0097,Car Loan,131944,Active
LN0003140,CUST001345,RM0128,Gold Loan,118577,Approved
LN0003141,CUST002152,RM0216,Car Loan,205822,Closed
LN0003142,CUST001894,RM0028,Business Loan,54800,Active
LN0003143,CUST001789,RM0205,Gold Loan,66630,Closed
LN0003144,CUST000332,RM0011,Plot Loan,158246,Pending
LN0003145,CUST000527,RM0184,Home Loan,622634,Rejected
LN0003146,CUST000477,RM0113,Home Loan,305675,Pending
LN0003147,CUST001090,RM0068,Home Loan,68450,Rejected
LN0003148,CUST001414,RM0226,Car Loan,424573,Defaulted
LN0003149,CUST001805,RM0205,Business Loan,313578,Approved
LN0003150,CUST002420,RM0213,Business Loan,238807,Defaulted
LN0003151,CUST001232,RM0147,Personal Loan,393285,Pending
LN0003152,CUST002260,RM0158,Personal Loan,153539,Rejected
LN0003153,CUST000615,RM0100,Plot Loan,100077,Defaulted
LN0003154,CUST000986,RM0197,Education Loan,193497,Defaulted
LN0003155,CUST000270,RM0034,Education Loan,209187,Pending
LN0003156,CUST000175,RM0160,Business Loan,204579,Closed
LN0003157,CUST001714,RM0053,Personal Loan,216515,Active
LN0003158,CUST001833,RM0107,Personal Loan,644032,Pending
LN0003159,CUST001375,RM0067,Home Loan,515059,Approved
LN0003160,CUST000829,RM0218,Personal Loan,467038,Rejected
LN0003161,CUST001129,RM0223,Plot Loan,373309,Approved
LN0003162,CUST001525,RM0029,Business Loan,624448,Pending
LN0003163,CUST002276,RM0087,Business Loan,70737,Closed
LN0003164,CUST001179,RM0029,Business Loan,111610,Defaulted
LN0003165,CUST001913,RM0097,Home Loan,186661,Closed
LN0003166,CUST001778,RM0142,Home Loan,424855,Active
LN0003167,CUST001370,RM0068,Personal Loan,190706,Defaulted
LN0003168,CUST000426,RM0049,Plot Loan,325692,Pending
LN0003169,CUST000297,RM0078,Car Loan,79922,Pending
LN0003170,CUST002384,RM0097,Home Loan,108181,Active
LN0003171,CUST000177,RM0250,Home Loan,313186,Pending
LN0003172,CUST001412,RM0208,Home Loan,86001,Closed
LN0003173,CUST000731,RM0248,Car Loan,136574,Closed
LN0003174,CUST000789,RM0219,Business Loan,111540,Pending
LN0003175,CUST000655,RM0017,Personal Loan,136114,Active
LN0003176,CUST002370,RM0015,Personal Loan,296422,Rejected
LN0003177,CUST000478,RM0024,Personal Loan,141724,Active
LN0003178,CUST000155,RM0008,Home Loan,212054,Closed
LN0003179,CUST000192,RM0088,Education Loan,71056,Active
LN0003180,CUST001637,RM0153,Personal Loan,376969,Rejected
LN0003181,CUST000943,RM0232,Plot Loan,142371,Defaulted
LN0003182,CUST002228,RM0238,Education Loan,221439,Pending
LN0003183,CUST001289,RM0147,Business Loan,259128,Pending
LN0003184,CUST000299,RM0168,Education Loan,308480,Rejected
LN0003185,CUST000270,RM0104,Education Loan,97058,Active
LN0003186,CUST000594,RM0165,Plot Loan,482000,Pending
LN0003187,CUST001238,RM0135,Plot Loan,241539,Defaulted
LN0003188,CUST001346,RM0068,Business Loan,161976,Active
LN0003189,CUST001555,RM0123,Car Loan,90260,Approved
LN0003190,CUST001652,RM0170,Gold Loan,620502,Defaulted
LN0003191,CUST000604,RM0186,Personal Loan,331355,Active
LN0003192,CUST001920,RM0221,Gold Loan,96644,Active
LN0003193,CUST000876,RM0144,Personal Loan,132410,Approved
LN0003194,CUST002385,RM0141,Plot Loan,381803,Rejected
LN0003195,CUST001313,RM0081,Car Loan,287933,Defaulted
LN0003196,CUST000160,RM0089,Education Loan,340302,Defaulted
LN0003197,CUST001667,RM0121,Personal Loan,166393,Rejected
LN0003198,CUST000943,RM0213,Car Loan,302091,Defaulted
LN0003199,CUST001100,RM0116,Car Loan,147712,Closed
LN0003200,CUST001072,RM0073,Personal Loan,97464,Approved
LN0003201,CUST002135,RM0129,Home Loan,250302,Approved
LN0003202,CUST002268,RM0159,Personal Loan,796056,Closed
LN0003203,CUST000163,RM0245,Education Loan,124387,Approved
LN0003204,CUST001655,RM0052,Gold Loan,173596,Defaulted
LN0003205,CUST000076,RM0154,Car Loan,274172,Defaulted
LN0003206,CUST001678,RM0171,Plot Loan,205961,Active
LN0003207,CUST001362,RM0014,Personal Loan,420847,Defaulted
LN0003208,CUST002382,RM0016,Car Loan,336880,Closed
LN0003209,CUST001098,RM0047,Plot Loan,62013,Rejected
LN0003210,CUST000078,RM0089,Education Loan,1340222,Rejected
LN0003211,CUST002260,RM0226,Plot Loan,329190,Defaulted
LN0003212,CUST000057,RM0134,Personal Loan,448877,Approved
LN0003213,CUST002369,RM0246,Business Loan,260650,Approved
LN0003214,CUST001665,RM0130,Home Loan,437984,Defaulted
LN0003215,CUST000738,RM0073,Plot Loan,73842,Closed
LN0003216,CUST001742,RM0066,Plot Loan,135461,Closed
LN0003217,CUST000074,RM0042,Home Loan,468174,Rejected
LN0003218,CUST001432,RM0174,Education Loan,95042,Closed
LN0003219,CUST001814,RM0144,Business Loan,66294,Active
LN0003220,CUST002448,RM0175,Car Loan,360346,Pending
LN0003221,CUST000181,RM0197,Gold Loan,410952,Approved
LN0003222,CUST002361,RM0217,Business Loan,85503,Closed
LN0003223,CUST000470,RM0052,Plot Loan,435304,Approved
LN0003224,CUST000057,RM0123,Plot Loan,282162,Approved
LN0003225,CUST002443,RM0027,Personal Loan,196828,Approved
LN0003226,CUST001914,RM0098,Education Loan,404685,Pending
LN0003227,CUST001672,RM0196,Personal Loan,158686,Active
LN0003228,CUST000969,RM0168,Plot Loan,93132,Approved
LN0003229,CUST000567,RM0232,Education Loan,117053,Defaulted
LN0003230,CUST001016,RM0190,Business Loan,190705,Active
LN0003231,CUST002281,RM0178,Home Loan,201571,Active
LN0003232,CUST000530,RM0019,Car Loan,377547,Active
LN0003233,CUST001946,RM0025,Personal Loan,363422,Approved
LN0003234,CUST000278,RM0083,Plot Loan,224151,Active
LN0003235,CUST000103,RM0012,Car Loan,353540,Rejected
LN0003236,CUST001181,RM0071,Personal Loan,92582,Active
LN0003237,CUST001197,RM0112,Education Loan,60272,Closed
LN0003238,CUST000611,RM0193,Business Loan,463714,Active
LN0003239,CUST001681,RM0062,Car Loan,65712,Approved
LN0003240,CUST001475,RM0012,Gold Loan,106655,Approved
LN0003241,CUST001320,RM0220,Car Loan,287697,Closed
LN0003242,CUST000820,RM0034,Car Loan,155339,Defaulted
LN0003243,CUST001202,RM0118,Home Loan,468001,Pending
LN0003244,CUST000683,RM0164,Plot Loan,345557,Closed
LN0003245,CUST000601,RM0046,Business Loan,120758,Active
LN0003246,CUST001974,RM0142,Car Loan,52388,Approved
LN0003247,CUST000742,RM0031,Home Loan,121522,Defaulted
LN0003248,CUST000890,RM0232,Education Loan,222585,Defaulted
LN0003249,CUST001098,RM0197,Business Loan,144301,Rejected
LN0003250,CUST001042,RM0150,Personal Loan,203088,Closed
LN0003251,CUST000785,RM0129,Education Loan,468461,Approved
LN0003252,CUST000333,RM0054,Personal Loan,537189,Active
LN0003253,CUST000929,RM0193,Personal Loan,111842,Defaulted
LN0003254,CUST001464,RM0066,Business Loan,174031,Defaulted
LN0003255,CUST002017,RM0198,Business Loan,209321,Pending
LN0003256,CUST000895,RM0132,Personal Loan,645627,Pending
LN0003257,CUST000911,RM0013,Education Loan,1366746,Rejected
LN0003258,CUST001010,RM0005,Gold Loan,103682,Pending
LN0003259,CUST002080,RM0133,Gold Loan,309641,Defaulted
LN0003260,CUST000960,RM0086,Business Loan,144973,Closed
LN0003261,CUST002426,RM0075,Gold Loan,51628,Pending
LN0003262,CUST000430,RM0044,Personal Loan,51859,Active
LN0003263,CUST001642,RM0139,Personal Loan,173446,Rejected
LN0003264,CUST001862,RM0030,Education Loan,184016,Active
LN0003265,CUST000094,RM0115,Education Loan,54565,Defaulted
LN0003266,CUST001509,RM0228,Car Loan,282264,Approved
LN0003267,CUST002309,RM0202,Education Loan,119628,Approved
LN0003268,CUST002111,RM0247,Business Loan,1057721,Closed
LN0003269,CUST000008,RM0003,Business Loan,214147,Active
LN0003270,CUST001282,RM0005,Home Loan,121597,Closed
LN0003271,CUST000041,RM0095,Education Loan,86576,Active
LN0003272,CUST002340,RM0178,Plot Loan,999999999,Rejected
LN0003273,CUST002217,RM0094,Personal Loan,154570,Rejected
LN0003274,CUST001971,RM0160,Plot Loan,102864,Approved
LN0003275,CUST001623,RM0148,Car Loan,203057,Pending
LN0003276,CUST000805,RM0197,Home Loan,94336,Defaulted
LN0003277,CUST001965,RM0177,Gold Loan,192020,Defaulted
LN0003278,CUST001123,RM0031,Car Loan,84247,Pending
LN0003279,CUST000718,RM0228,Business Loan,272324,Approved
LN0003280,CUST001383,RM0045,Gold Loan,330434,Closed
LN0003281,CUST001526,RM0176,Gold Loan,73395,Rejected
LN0003282,CUST000283,RM0180,Education Loan,176148,Closed
LN0003283,CUST001712,RM0194,Education Loan,64701,Rejected
LN0003284,CUST001127,RM0091,Gold Loan,232351,Pending
LN0003285,CUST000250,RM0203,Education Loan,111414,Approved
LN0003286,CUST000385,RM0075,Personal Loan,199996,Pending
LN0003287,CUST000791,RM0005,Business Loan,195738,Active
LN0003288,CUST000096,RM0203,Home Loan,566339,Approved
LN0003289,CUST000641,RM0053,Education Loan,209294,Active
LN0003290,CUST000752,RM0015,Business Loan,224933,Closed
LN0003291,CUST001058,RM0224,Car Loan,152716,Pending
LN0003292,CUST001818,RM0127,Plot Loan,645498,Rejected
LN0003293,CUST001883,RM0020,Business Loan,350283,Approved
LN0003294,CUST001069,RM0002,Education Loan,117207,Approved
LN0003295,CUST000783,RM0022,Business Loan,421848,Closed
LN0003296,CUST002231,RM0221,Personal Loan,163266,Active
LN0003297,CUST000338,RM0230,Gold Loan,402829,Active
LN0003298,CUST001959,RM0045,Car Loan,396194,Rejected
LN0003299,CUST000819,RM0108,Car Loan,91865,Pending
LN0003300,CUST002217,RM0234,Plot Loan,291556,Rejected
LN0003301,CUST000177,RM0048,Business Loan,118679,Active
LN0003302,CUST001973,RM0102,Education Loan,120619,Active
LN0003303,CUST000400,RM0153,Education Loan,120294,Closed
LN0003304,CUST002192,RM0067,Gold Loan,308610,Pending
LN0003305,CUST000409,RM0209,Business Loan,102227,Defaulted
LN0003306,CUST001748,RM0203,Home Loan,50181,Pending
LN0003307,CUST001422,RM0234,Home Loan,301219,Pending
LN0003308,CUST000716,RM0182,Personal Loan,87551,Defaulted
LN0003309,CUST001315,RM0160,Gold Loan,72070,Rejected
LN0003310,CUST000757,RM0044,Business Loan,104234,Defaulted
LN0003311,CUST001013,RM0116,Plot Loan,145575,Pending
LN0003312,CUST001537,RM0125,Car Loan,179216,Pending
LN0003313,CUST000019,RM0047,Home Loan,59118,Approved
LN0003314,CUST000158,RM0120,Home Loan,755170,Defaulted
LN0003315,CUST000891,RM0074,Home Loan,301800,Closed
LN0003316,CUST001484,RM0005,Business Loan,128074,Rejected
LN0003317,CUST000736,RM0138,Gold Loan,126749,Approved
LN0003318,CUST001461,RM0021,Business Loan,169038,Closed
LN0003319,CUST000994,RM0189,Home Loan,246830,Rejected
LN0003320,CUST001077,RM0172,Home Loan,81652,Pending
LN0003321,CUST000269,RM0009,Personal Loan,91880,Active
LN0003322,CUST001028,RM0152,Car Loan,442416,Approved
LN0003323,CUST002480,RM0086,Business Loan,109211,Pending
LN0003324,CUST002096,RM0110,Education Loan,145670,Active
LN0003325,CUST002079,RM0074,Personal Loan,460010,Rejected
LN0003326,CUST002085,RM0076,Gold Loan,267622,Pending
LN0003327,CUST000046,RM0204,Gold Loan,133622,Approved
LN0003328,CUST001697,RM0242,Gold Loan,280212,Active
LN0003329,CUST000291,RM0083,Home Loan,53975,Defaulted
LN0003330,CUST001569,RM0103,Business Loan,316090,Defaulted
LN0003331,CUST002408,RM0012,Home Loan,183502,Defaulted
LN0003332,CUST001676,RM0229,Plot Loan,385524,Closed
LN0003333,CUST001372,RM0211,Plot Loan,668614,Rejected
LN0003334,CUST002382,RM0040,Business Loan,570167,Approved
LN0003335,CUST000713,RM0241,Personal Loan,529962,Approved
LN0003336,CUST000360,RM0125,Home Loan,674613,Closed
LN0003337,CUST001713,RM0218,Business Loan,193557,Defaulted
LN0003338,CUST002378,RM0101,Education Loan,139301,Defaulted
LN0003339,CUST001588,RM0156,Home Loan,175110,Closed
LN0003340,CUST002351,RM0245,Business Loan,284169,Closed
LN0003341,CUST000300,RM0119,Education Loan,480829,Closed
LN0003342,CUST000778,RM0007,Education Loan,96382,Active
LN0003343,CUST001889,RM0233,Car Loan,550678,Pending
LN0003344,CUST000480,RM0083,Personal Loan,128887,Defaulted
LN0003345,CUST000927,RM0128,Home Loan,387674,Rejected
LN0003346,CUST001428,RM0028,Gold Loan,821279,Rejected
LN0003347,CUST000766,RM0049,Personal Loan,474472,Closed
LN0003348,CUST001611,RM0012,Plot Loan,115683,Pending
LN0003349,CUST001474,RM0092,Home Loan,72400,Rejected
LN0003350,CUST000332,RM0174,Personal Loan,73811,Defaulted
LN0003351,CUST000970,RM0022,Gold Loan,118842,Defaulted
LN0003352,CUST001188,RM0093,Car Loan,240478,Active
LN0003353,CUST000162,RM0182,Home Loan,376255,Active
LN0003354,CUST001760,RM0035,Home Loan,509023,Active
LN0003355,CUST001747,RM0125,Home Loan,245502,Approved
LN0003356,CUST001228,RM0174,Business Loan,51129,Closed
LN0003357,CUST000226,RM0165,Education Loan,91236,Defaulted
LN0003358,CUST001568,RM0154,Plot Loan,71011,Approved
LN0003359,CUST001908,RM0214,Personal Loan,140299,Defaulted
LN0003360,CUST000770,RM0162,Car Loan,189170,Defaulted
LN0003361,CUST000223,RM0124,Gold Loan,999999999,Pending
LN0003362,CUST001019,RM0093,Gold Loan,58873,Approved
LN0003363,CUST001617,RM0042,Plot Loan,135688,Approved
LN0003364,CUST000966,RM0175,Home Loan,89490,Pending
LN0003365,CUST001978,RM0200,Business Loan,258297,Rejected
LN0003366,CUST000349,RM0178,Plot Loan,174825,Active
LN0003367,CUST000081,RM0070,Business Loan,186765,Approved
LN0003368,CUST000989,RM0011,Home Loan,161615,Pending
LN0003369,CUST001656,RM0171,Car Loan,674802,Defaulted
LN0003370,CUST001903,RM0134,Plot Loan,98346,Defaulted
LN0003371,CUST000580,RM0127,Personal Loan,195408,Closed
LN0003372,CUST001808,RM0072,Home Loan,316374,Active
LN0003373,CUST001456,RM0131,Education Loan,212766,Defaulted
LN0003374,CUST000090,RM0180,Education Loan,579073,Active
LN0003375,CUST000208,RM0063,Personal Loan,144952,Active
LN0003376,CUST001385,RM0053,Education Loan,174603,Rejected
LN0003377,CUST000256,RM0184,Business Loan,68537,Pending
LN0003378,CUST001229,RM0162,Business Loan,237809,Defaulted
LN0003379,CUST002271,RM0057,Plot Loan,117995,Defaulted
LN0003380,CUST000422,RM0172,Gold Loan,84944,Approved
LN0003381,CUST000817,RM0120,Home Loan,207285,Active
LN0003382,CUST001422,RM0091,Car Loan,201990,Rejected
LN0003383,CUST002304,RM0204,Home Loan,65780,Approved
LN0003384,CUST000263,RM0188,Home Loan,289608,Rejected
LN0003385,CUST001699,RM0165,Plot Loan,245512,Active
LN0003386,CUST001534,RM0018,Education Loan,91901,Active
LN0003387,CUST001011,RM0039,Gold Loan,176762,Active
LN0003388,CUST001219,RM0022,Personal Loan,304823,Rejected
LN0003389,CUST001941,RM0033,Personal Loan,200764,Closed
LN0003390,CUST000147,RM0052,Plot Loan,150667,Defaulted
LN0003391,CUST001030,RM0053,Plot Loan,127821,Rejected
LN0003392,CUST001147,RM0102,Business Loan,238523,Rejected
LN0003393,CUST000067,RM0145,Car Loan,609732,Approved
LN0003394,CUST001210,RM0049,Personal Loan,272792,Pending
LN0003395,CUST001685,RM0149,Car Loan,65537,Active
LN0003396,CUST001140,RM0116,Education Loan,173491,Approved
LN0003397,CUST001576,RM0162,Home Loan,492959,Defaulted
LN0003398,CUST000959,RM0073,Personal Loan,69845,Pending
LN0003399,CUST001025,RM0089,Car Loan,949724,Closed
LN0003400,CUST001981,RM0176,Plot Loan,50000,Pending
LN0003401,CUST000725,RM0050,Car Loan,645458,Active
LN0003402,CUST002412,RM0147,Gold Loan,66301,Approved
LN0003403,CUST001704,RM0071,Home Loan,591850,Approved
LN0003404,CUST001359,RM0187,Personal Loan,140238,Closed
LN0003405,CUST001058,RM0117,Business Loan,422491,Approved
LN0003406,CUST000794,RM0230,Car Loan,158388,Pending
LN0003407,CUST000746,RM0115,Personal Loan,166269,Defaulted
LN0003408,CUST000454,RM0123,Gold Loan,251157,Rejected
LN0003409,CUST000667,RM0022,Gold Loan,347866,Active
LN0003410,CUST000051,RM0055,Home Loan,56874,Rejected
LN0003411,CUST001961,RM0142,Car Loan,229865,Active
LN0003412,CUST001286,RM0106,Business Loan,91339,Closed
LN0003413,CUST001388,RM0188,Business Loan,134914,Rejected
LN0003414,CUST000468,RM0182,Gold Loan,135532,Rejected
LN0003415,CUST001597,RM0049,Personal Loan,176621,Active
LN0003416,CUST002227,RM0101,Personal Loan,131334,Closed
LN0003417,CUST000143,RM0025,Personal Loan,72714,Pending
LN0003418,CUST001460,RM0067,Gold Loan,81477,Active
LN0003419,CUST001756,RM0070,Personal Loan,56801,Pending
LN0003420,CUST001121,RM0229,Personal Loan,999999999,Defaulted
LN0003421,CUST001693,RM0145,Education Loan,177069,Active
LN0003422,CUST002179,RM0181,Plot Loan,667778,Pending
LN0003423,CUST001402,RM0115,Plot Loan,74586,Closed
LN0003424,CUST002246,RM0059,Education Loan,634736,Approved
LN0003425,CUST002382,RM0199,Personal Loan,314372,Active
LN0003426,CUST002439,RM0122,Gold Loan,252945,Active
LN0003427,CUST000921,RM0188,Education Loan,257284,Defaulted
LN0003428,CUST001080,RM0115,Education Loan,400578,Active
LN0003429,CUST002179,RM0025,Gold Loan,72615,Closed
LN0003430,CUST002470,RM0244,Gold Loan,190540,Active
LN0003431,CUST002341,RM0119,Car Loan,288864,Active
LN0003432,CUST002400,RM0184,Gold Loan,226774,Active
LN0003433,CUST001183,RM0021,Home Loan,407687,Active
LN0003434,CUST000682,RM0085,Gold Loan,65003,Closed
LN0003435,CUST000123,RM0013,Personal Loan,284689,Approved
LN0003436,CUST000478,RM0176,Car Loan,202725,Active
LN0003437,CUST000618,RM0092,Plot Loan,145336,Pending
LN0003438,CUST001640,RM0059,Home Loan,133186,Pending
LN0003439,CUST000217,RM0174,Gold Loan,243955,Active
LN0003440,CUST001320,RM0012,Gold Loan,493272,Closed
LN0003441,CUST002329,RM0072,Business Loan,187105,Approved
LN0003442,CUST001715,RM0196,Personal Loan,398277,Closed
LN0003443,CUST001555,RM0133,Home Loan,152885,Closed
LN0003444,CUST000925,RM0101,Home Loan,71604,Approved
LN0003445,CUST002187,RM0182,Personal Loan,62695,Approved
LN0003446,CUST001531,RM0129,Business Loan,60539,Pending
LN0003447,CUST001538,RM0072,Plot Loan,145655,Defaulted
LN0003448,CUST000181,RM0207,Education Loan,132267,Pending
LN0003449,CUST001364,RM0036,Personal Loan,303124,Active
LN0003450,CUST001601,RM0224,Gold Loan,321596,Defaulted
LN0003451,CUST001627,RM0162,Car Loan,60438,Rejected
LN0003452,CUST001610,RM0116,Home Loan,99980,Approved
LN0003453,CUST002205,RM0006,Gold Loan,114113,Defaulted
LN0003454,CUST001384,RM0097,Gold Loan,208643,Pending
LN0003455,CUST002261,RM0030,Plot Loan,81217,Closed
LN0003456,CUST000239,RM0248,Business Loan,78760,Approved
LN0003457,CUST000762,RM0078,Gold Loan,625728,Rejected
LN0003458,CUST002255,RM0045,Gold Loan,376135,Rejected
LN0003459,CUST002025,RM0182,Business Loan,89849,Rejected
LN0003460,CUST000634,RM0018,Car Loan,154366,Defaulted
LN0003461,CUST002263,RM0013,Business Loan,137893,Active
LN0003462,CUST002474,RM0035,Gold Loan,363088,Closed
LN0003463,CUST000606,RM0144,Personal Loan,192756,Defaulted
LN0003464,CUST001023,RM0213,Plot Loan,77358,Closed
LN0003465,CUST001658,RM0185,Home Loan,318640,Defaulted
LN0003466,CUST001723,RM0172,Gold Loan,151130,Pending
LN0003467,CUST002497,RM0170,Business Loan,111012,Closed
LN0003468,CUST002009,RM0149,Business Loan,144160,Closed
LN0003469,CUST000603,RM0109,Business Loan,187734,Rejected
LN0003470,CUST000030,RM0059,Plot Loan,134049,Pending
LN0003471,CUST001802,RM0206,Car Loan,105389,Approved
LN0003472,CUST000834,RM0241,Car Loan,151666,Approved
LN0003473,CUST000378,RM0129,Home Loan,53871,Approved
LN0003474,CUST000778,RM0155,Plot Loan,346119,Defaulted
LN0003475,CUST002428,RM0148,Car Loan,87493,Active
LN0003476,CUST000625,RM0078,Education Loan,58979,Active
LN0003477,CUST000646,RM0144,Education Loan,262089,Pending
LN0003478,CUST002212,RM0023,Education Loan,347387,Approved
LN0003479,CUST000514,RM0006,Plot Loan,386218,Rejected
LN0003480,CUST000383,RM0229,Home Loan,186049,Closed
LN0003481,CUST002427,RM0055,Education Loan,95975,Defaulted
LN0003482,CUST001311,RM0229,Home Loan,317293,Approved
LN0003483,CUST000101,RM0071,Business Loan,290603,Rejected
LN0003484,CUST001369,RM0023,Personal Loan,106544,Defaulted
LN0003485,CUST000090,RM0213,Personal Loan,517451,Closed
LN0003486,CUST002139,RM0076,Business Loan,72045,Closed
LN0003487,CUST000303,RM0033,Business Loan,861273,Closed
LN0003488,CUST000571,RM0206,Car Loan,443576,Rejected
LN0003489,CUST001516,RM0014,Business Loan,282885,Approved
LN0003490,CUST000147,RM0098,Personal Loan,608557,Defaulted
LN0003491,CUST000460,RM0166,Plot Loan,306250,Defaulted
LN0003492,CUST001173,RM0161,Home Loan,92257,Active
LN0003493,CUST000181,RM0216,Business Loan,166735,Rejected
LN0003494,CUST001433,RM0001,Car Loan,64837,Approved
LN0003495,CUST002444,RM0071,Plot Loan,148746,Closed
LN0003496,CUST000803,RM0018,Personal Loan,320651,Pending
LN0003497,CUST001446,RM0199,Personal Loan,147696,Active
LN0003498,CUST000074,RM0140,Gold Loan,130183,Rejected
LN0003499,CUST002434,RM0055,Education Loan,230949,Approved
LN0003500,CUST001515,RM0153,Home Loan,461464,Defaulted
LN0003501,CUST002264,RM0232,Plot Loan,59750,Pending
LN0003502,CUST001726,RM0026,Personal Loan,147379,Pending
LN0003503,CUST001266,RM0186,Car Loan,84452,Closed
LN0003504,CUST001902,RM0083,Plot Loan,287721,Approved
LN0003505,CUST000758,RM0041,Gold Loan,72348,Closed
LN0003506,CUST000809,RM0182,Car Loan,268610,Active
LN0003507,CUST002297,RM0192,Education Loan,117425,Rejected
LN0003508,CUST002117,RM0223,Business Loan,94358,Active
LN0003509,CUST000656,RM0080,Plot Loan,600879,Approved
LN0003510,CUST001588,RM0241,Education Loan,53739,Closed
LN0003511,CUST001705,RM0215,Plot Loan,165171,Active
LN0003512,CUST000330,RM0205,Personal Loan,54372,Defaulted
LN0003513,CUST000774,RM0060,Home Loan,565749,Approved
LN0003514,CUST002096,RM0177,Personal Loan,182172,Closed
LN0003515,CUST001078,RM0003,Home Loan,189048,Rejected
LN0003516,CUST000910,RM0018,Car Loan,127622,Pending
LN0003517,CUST001790,RM0219,Gold Loan,78349,Defaulted
LN0003518,CUST000244,RM0078,Education Loan,144445,Defaulted
LN0003519,CUST001769,RM0230,Business Loan,273108,Pending
LN0003520,CUST001873,RM0149,Plot Loan,355015,Defaulted
LN0003521,CUST000588,RM0032,Personal Loan,201324,Pending
LN0003522,CUST001697,RM0234,Education Loan,228238,Closed
LN0003523,CUST000684,RM0058,Car Loan,94782,Closed
LN0003524,CUST000576,RM0178,Business Loan,117747,Closed
LN0003525,CUST002293,RM0043,Business Loan,85322,Defaulted
LN0003526,CUST002197,RM0210,Personal Loan,107348,Approved
LN0003527,CUST001941,RM0163,Business Loan,100949,Rejected
LN0003528,CUST000374,RM0242,Home Loan,196564,Closed
LN0003529,CUST000157,RM0227,Personal Loan,215422,Defaulted
LN0003530,CUST001013,RM0044,Plot Loan,629893,Pending
LN0003531,CUST002251,RM0068,Education Loan,93524,Approved
LN0003532,CUST001844,RM0145,Personal Loan,255263,Pending
LN0003533,CUST000560,RM0094,Home Loan,389937,Closed
LN0003534,CUST001835,RM0169,Business Loan,214305,Approved
LN0003535,CUST001522,RM0124,Plot Loan,108875,Closed
LN0003536,CUST000825,RM0243,Education Loan,110911,Pending
LN0003537,CUST000238,RM0085,Plot Loan,58008,Approved
LN0003538,CUST001608,RM0062,Car Loan,122896,Pending
LN0003539,CUST001083,RM0155,Personal Loan,322987,Active
LN0003540,CUST001221,RM0228,Car Loan,59736,Approved
LN0003541,CUST002397,RM0233,Car Loan,99511,Approved
LN0003542,CUST001491,RM0182,Plot Loan,294993,Defaulted
LN0003543,CUST001708,RM0106,Business Loan,355250,Closed
LN0003544,CUST001957,RM0054,Education Loan,171510,Closed
LN0003545,CUST001875,RM0234,Home Loan,289514,Pending
LN0003546,CUST000731,RM0045,Education Loan,148188,Pending
LN0003547,CUST001870,RM0179,Plot Loan,84850,Approved
LN0003548,CUST000205,RM0057,Personal Loan,151549,Closed
LN0003549,CUST002276,RM0020,Gold Loan,223484,Pending
LN0003550,CUST000759,RM0129,Gold Loan,641507,Pending
LN0003551,CUST002350,RM0113,Home Loan,64245,Rejected
LN0003552,CUST001894,RM0077,Home Loan,191609,Defaulted
LN0003553,CUST001070,RM0171,Plot Loan,129773,Rejected
LN0003554,CUST001686,RM0233,Business Loan,191982,Closed
LN0003555,CUST002211,RM0099,Gold Loan,54853,Pending
LN0003556,CUST001537,RM0222,Home Loan,125091,Pending
LN0003557,CUST000046,RM0167,Business Loan,392813,Approved
LN0003558,CUST000401,RM0082,Home Loan,211461,Rejected
LN0003559,CUST000050,RM0124,Gold Loan,169779,Rejected
LN0003560,CUST002116,RM0107,Personal Loan,117241,Active
LN0003561,CUST002298,RM0145,Car Loan,120776,Pending
LN0003562,CUST001693,RM0122,Education Loan,146610,Pending
LN0003563,CUST002040,RM0077,Personal Loan,411054,Closed
LN0003564,CUST002139,RM0160,Business Loan,733545,Pending
LN0003565,CUST002360,RM0115,Personal Loan,165484,Approved
LN0003566,CUST001073,RM0174,Gold Loan,149961,Defaulted
LN0003567,CUST000633,RM0129,Education Loan,424877,Closed
LN0003568,CUST001692,RM0153,Business Loan,161340,Active
LN0003569,CUST001679,RM0126,Home Loan,210600,Approved
LN0003570,CUST001835,RM0121,Personal Loan,102517,Active
LN0003571,CUST001024,RM0111,Personal Loan,322127,Defaulted
LN0003572,CUST000122,RM0026,Gold Loan,201852,Rejected
LN0003573,CUST000606,RM0229,Plot Loan,999999999,Active
LN0003574,CUST000327,RM0146,Car Loan,381132,Active
LN0003575,CUST001596,RM0184,Business Loan,353492,Active
LN0003576,CUST000724,RM0131,Education Loan,98415,Rejected
LN0003577,CUST000785,RM0026,Plot Loan,301499,Closed
LN0003578,CUST002090,RM0094,Home Loan,371941,Approved
LN0003579,CUST000088,RM0148,Personal Loan,134962,Pending
LN0003580,CUST001057,RM0016,Education Loan,87895,Approved
LN0003581,CUST000222,RM0099,Car Loan,50527,Active
LN0003582,CUST000412,RM0206,Home Loan,169896,Rejected
LN0003583,CUST002047,RM0185,Personal Loan,136906,Defaulted
LN0003584,CUST002366,RM0244,Gold Loan,211895,Pending
LN0003585,CUST002105,RM0015,Plot Loan,91661,Rejected
LN0003586,CUST001712,RM0166,Home Loan,442745,Defaulted
LN0003587,CUST000841,RM0239,Gold Loan,67314,Closed
LN0003588,CUST001064,RM0135,Home Loan,109615,Defaulted
LN0003589,CUST001158,RM0081,Car Loan,101347,Rejected
LN0003590,CUST001366,RM0018,Car Loan,181060,Active
LN0003591,CUST001877,RM0040,Education Loan,188170,Pending
LN0003592,CUST000936,RM0183,Education Loan,98436,Defaulted
LN0003593,CUST001839,RM0054,Education Loan,113452,Defaulted
LN0003594,CUST000746,RM0184,Home Loan,87194,Defaulted
LN0003595,CUST002259,RM0193,Home Loan,303496,Closed
LN0003596,CUST000920,RM0119,Home Loan,344012,Approved
LN0003597,CUST000066,RM0159,Education Loan,174101,Defaulted
LN0003598,CUST000567,RM0212,Personal Loan,300413,Defaulted
LN0003599,CUST001572,RM0185,Gold Loan,316312,Pending
LN0003600,CUST000804,RM0184,Plot Loan,79763,Rejected
LN0003601,CUST000392,RM0216,Plot Loan,727328,Defaulted
LN0003602,CUST000647,RM0027,Personal Loan,394109,Active
LN0003603,CUST001601,RM0142,Personal Loan,95752,Active
LN0003604,CUST000535,RM0162,Car Loan,91199,Closed
LN0003605,CUST001330,RM0065,Car Loan,76857,Defaulted
LN0003606,CUST000628,RM0083,Business Loan,79787,Rejected
LN0003607,CUST000180,RM0013,Business Loan,325793,Approved
LN0003608,CUST001183,RM0214,Plot Loan,176845,Rejected
LN0003609,CUST000410,RM0149,Business Loan,355510,Defaulted
LN0003610,CUST000544,RM0145,Home Loan,324285,Pending
LN0003611,CUST000795,RM0047,Personal Loan,235577,Active
LN0003612,CUST000903,RM0245,Car Loan,281906,Pending
LN0003613,CUST001448,RM0079,Gold Loan,53705,Rejected
LN0003614,CUST000919,RM0057,Plot Loan,124728,Defaulted
LN0003615,CUST000072,RM0021,Home Loan,253123,Active
LN0003616,CUST001336,RM0070,Home Loan,51877,Defaulted
LN0003617,CUST000300,RM0150,Home Loan,56706,Closed
LN0003618,CUST001985,RM0217,Gold Loan,431957,Active
LN0003619,CUST001613,RM0219,Home Loan,280418,Closed
LN0003620,CUST001223,RM0137,Education Loan,111677,Pending
LN0003621,CUST000841,RM0194,Car Loan,282926,Active
LN0003622,CUST000065,RM0022,Plot Loan,364483,Pending
LN0003623,CUST001571,RM0230,Gold Loan,123285,Closed
LN0003624,CUST000618,RM0043,Plot Loan,57340,Active
LN0003625,CUST002371,RM0001,Home Loan,589954,Defaulted
LN0003626,CUST002111,RM0247,Gold Loan,134678,Approved
LN0003627,CUST001598,RM0200,Education Loan,72517,Defaulted
LN0003628,CUST002082,RM0188,Personal Loan,185398,Approved
LN0003629,CUST001250,RM0172,Personal Loan,342607,Closed
LN0003630,CUST002423,RM0043,Personal Loan,100115,Active
LN0003631,CUST000295,RM0176,Education Loan,112802,Closed
LN0003632,CUST001034,RM0007,Car Loan,105603,Closed
LN0003633,CUST001760,RM0025,Business Loan,1007651,Active
LN0003634,CUST001389,RM0013,Business Loan,93980,Pending
LN0003635,CUST001228,RM0015,Gold Loan,221378,Defaulted
LN0003636,CUST001731,RM0102,Gold Loan,568760,Active
LN0003637,CUST001897,RM0229,Car Loan,81774,Closed
LN0003638,CUST000893,RM0124,Education Loan,757088,Rejected
LN0003639,CUST000919,RM0187,Gold Loan,639301,Defaulted
LN0003640,CUST002089,RM0178,Gold Loan,481821,Active
LN0003641,CUST002068,RM0250,Business Loan,98301,Approved
LN0003642,CUST002496,RM0217,Home Loan,251054,Rejected
LN0003643,CUST001668,RM0032,Home Loan,336167,Defaulted
LN0003644,CUST002290,RM0214,Education Loan,904138,Defaulted
LN0003645,CUST000124,RM0041,Car Loan,89793,Approved
LN0003646,CUST002194,RM0229,Business Loan,340508,Defaulted
LN0003647,CUST002058,RM0117,Education Loan,132740,Active
LN0003648,CUST002381,RM0036,Personal Loan,88626,Closed
LN0003649,CUST000125,RM0197,Education Loan,159420,Defaulted
LN0003650,CUST000564,RM0084,Home Loan,365816,Active
LN0003651,CUST002233,RM0208,Business Loan,175041,Closed
LN0003652,CUST000197,RM0011,Gold Loan,204231,Active
LN0003653,CUST001562,RM0004,Business Loan,1116143,Defaulted
LN0003654,CUST002064,RM0135,Car Loan,151868,Active
LN0003655,CUST000440,RM0192,Personal Loan,241110,Approved
LN0003656,CUST000746,RM0219,Car Loan,140902,Rejected
LN0003657,CUST000388,RM0124,Car Loan,149774,Rejected
LN0003658,CUST000771,RM0206,Business Loan,287909,Pending
LN0003659,CUST001252,RM0051,Personal Loan,605759,Closed
LN0003660,CUST001908,RM0199,Gold Loan,206334,Active
LN0003661,CUST001348,RM0103,Home Loan,342548,Pending
LN0003662,CUST000236,RM0131,Car Loan,68687,Active
LN0003663,CUST002232,RM0244,Car Loan,97437,Pending
LN0003664,CUST001854,RM0139,Gold Loan,189483,Closed
LN0003665,CUST002033,RM0029,Plot Loan,54042,Defaulted
LN0003666,CUST001528,RM0207,Gold Loan,108299,Approved
LN0003667,CUST002237,RM0051,Car Loan,195713,Rejected
LN0003668,CUST001605,RM0071,Business Loan,53014,Defaulted
LN0003669,CUST001862,RM0222,Business Loan,111453,Pending
LN0003670,CUST002169,RM0239,Car Loan,194322,Rejected
LN0003671,CUST000661,RM0224,Education Loan,220264,Approved
LN0003672,CUST002467,RM0249,Education Loan,570068,Pending
LN0003673,CUST001674,RM0220,Gold Loan,257322,Defaulted
LN0003674,CUST001091,RM0177,Gold Loan,157138,Rejected
LN0003675,CUST000465,RM0125,Car Loan,582857,Active
LN0003676,CUST000625,RM0151,Personal Loan,357314,Pending
LN0003677,CUST001720,RM0042,Gold Loan,94630,Closed
LN0003678,CUST000729,RM0054,Plot Loan,78046,Defaulted
LN0003679,CUST002383,RM0019,Education Loan,275286,Approved
LN0003680,CUST001729,RM0095,Gold Loan,214143,Active
LN0003681,CUST002225,RM0173,Car Loan,361818,Pending
LN0003682,CUST000112,RM0028,Gold Loan,318497,Closed
LN0003683,CUST000821,RM0207,Business Loan,246278,Approved
LN0003684,CUST001375,RM0039,Home Loan,909275,Rejected
LN0003685,CUST001420,RM0160,Home Loan,202537,Closed
LN0003686,CUST000340,RM0241,Gold Loan,999999999,Rejected
LN0003687,CUST001914,RM0045,Gold Loan,74005,Approved
LN0003688,CUST000113,RM0206,Education Loan,402370,Closed
LN0003689,CUST001777,RM0038,Business Loan,108031,Pending
LN0003690,CUST002474,RM0001,Education Loan,350387,Defaulted
LN0003691,CUST000417,RM0109,Personal Loan,679809,Active
LN0003692,CUST000258,RM0036,Car Loan,288669,Pending
LN0003693,CUST001561,RM0155,Car Loan,231283,Active
LN0003694,CUST001625,RM0056,Gold Loan,173380,Active
LN0003695,CUST001919,RM0220,Plot Loan,140640,Pending
LN0003696,CUST001543,RM0099,Home Loan,137083,Closed
LN0003697,CUST000740,RM0003,Education Loan,252325,Active
LN0003698,CUST000764,RM0206,Gold Loan,328279,Closed
LN0003699,CUST000615,RM0122,Home Loan,276962,Approved
LN0003700,CUST002147,RM0239,Gold Loan,94231,Pending
LN0003701,CUST001926,RM0154,Car Loan,186238,Active
LN0003702,CUST002300,RM0016,Home Loan,363697,Pending
LN0003703,CUST001439,RM0126,Business Loan,179139,Defaulted
LN0003704,CUST001018,RM0133,Business Loan,203842,Approved
LN0003705,CUST000765,RM0068,Plot Loan,344925,Active
LN0003706,CUST001639,RM0232,Personal Loan,266507,Closed
LN0003707,CUST002421,RM0099,Home Loan,155304,Rejected
LN0003708,CUST000689,RM0226,Personal Loan,501546,Active
LN0003709,CUST000699,RM0097,Personal Loan,85482,Rejected
LN0003710,CUST001075,RM0207,Education Loan,1131467,Active
LN0003711,CUST000918,RM0184,Car Loan,75306,Active
LN0003712,CUST001467,RM0192,Business Loan,53012,Pending
LN0003713,CUST002342,RM0203,Personal Loan,491489,Rejected
LN0003714,CUST001764,RM0244,Home Loan,106195,Active
LN0003715,CUST000588,RM0167,Education Loan,311644,Pending
LN0003716,CUST001583,RM0122,Gold Loan,383217,Active
LN0003717,CUST001712,RM0005,Personal Loan,441779,Rejected
LN0003718,CUST002371,RM0182,Business Loan,1005767,Defaulted
LN0003719,CUST001350,RM0064,Business Loan,119639,Closed
LN0003720,CUST000948,RM0151,Plot Loan,297742,Pending
LN0003721,CUST000299,RM0242,Personal Loan,74523,Rejected
LN0003722,CUST000093,RM0002,Business Loan,757304,Closed
LN0003723,CUST001871,RM0156,Car Loan,154447,Approved
LN0003724,CUST000269,RM0135,Home Loan,426737,Pending
LN0003725,CUST001070,RM0173,Business Loan,141664,Defaulted
LN0003726,CUST000914,RM0066,Business Loan,228854,Defaulted
LN0003727,CUST000039,RM0156,Home Loan,190144,Rejected
LN0003728,CUST002194,RM0021,Plot Loan,257664,Pending
LN0003729,CUST001626,RM0144,Car Loan,771602,Pending
LN0003730,CUST001355,RM0131,Plot Loan,61469,Closed
LN0003731,CUST000530,RM0135,Plot Loan,220645,Active
LN0003732,CUST000620,RM0156,Plot Loan,447596,Pending
LN0003733,CUST000826,RM0144,Plot Loan,181317,Rejected
LN0003734,CUST001591,RM0030,Car Loan,66356,Defaulted
LN0003735,CUST001544,RM0148,Gold Loan,214441,Pending
LN0003736,CUST000057,RM0168,Car Loan,130715,Defaulted
LN0003737,CUST001676,RM0237,Gold Loan,83669,Rejected
LN0003738,CUST001998,RM0177,Personal Loan,428140,Rejected
LN0003739,CUST000835,RM0070,Gold Loan,197461,Defaulted
LN0003740,CUST000465,RM0058,Business Loan,591439,Defaulted
LN0003741,CUST001003,RM0107,Business Loan,377996,Approved
LN0003742,CUST002035,RM0122,Personal Loan,286163,Pending
LN0003743,CUST002057,RM0174,Education Loan,51007,Pending
LN0003744,CUST001155,RM0093,Personal Loan,161661,Active
LN0003745,CUST001091,RM0240,Car Loan,94001,Defaulted
LN0003746,CUST000860,RM0245,Personal Loan,533370,Closed
LN0003747,CUST000952,RM0189,Gold Loan,88373,Approved
LN0003748,CUST000465,RM0146,Gold Loan,117391,Rejected
LN0003749,CUST000081,RM0110,Personal Loan,195480,Approved
LN0003750,CUST000505,RM0013,Home Loan,111132,Closed
LN0003751,CUST001767,RM0250,Business Loan,97110,Defaulted
LN0003752,CUST000309,RM0080,Personal Loan,232808,Closed
LN0003753,CUST002100,RM0078,Personal Loan,68627,Approved
LN0003754,CUST001665,RM0234,Plot Loan,61985,Rejected
LN0003755,CUST001013,RM0048,Plot Loan,143121,Rejected
LN0003756,CUST000549,RM0028,Business Loan,305068,Active
LN0003757,CUST001322,RM0040,Gold Loan,211849,Defaulted
LN0003758,CUST002355,RM0014,Personal Loan,159939,Defaulted
LN0003759,CUST001845,RM0132,Plot Loan,216827,Defaulted
LN0003760,CUST000638,RM0067,Education Loan,140968,Closed
LN0003761,CUST000172,RM0002,Plot Loan,600232,Closed
LN0003762,CUST000724,RM0191,Personal Loan,61293,Rejected
LN0003763,CUST002429,RM0193,Home Loan,50000,Rejected
LN0003764,CUST002193,RM0169,Plot Loan,273798,Closed
LN0003765,CUST002022,RM0147,Education Loan,493800,Pending
LN0003766,CUST000333,RM0096,Car Loan,375810,Closed
LN0003767,CUST002194,RM0077,Home Loan,90678,Defaulted
LN0003768,CUST002365,RM0091,Education Loan,120174,Closed
LN0003769,CUST000403,RM0077,Plot Loan,302495,Active
LN0003770,CUST002088,RM0206,Education Loan,67606,Defaulted
LN0003771,CUST002448,RM0232,Education Loan,384115,Defaulted
LN0003772,CUST000273,RM0075,Personal Loan,50000,Defaulted
LN0003773,CUST001416,RM0007,Car Loan,303813,Active
LN0003774,CUST000448,RM0199,Personal Loan,311575,Approved
LN0003775,CUST001217,RM0022,Education Loan,71125,Pending
LN0003776,CUST000453,RM0062,Car Loan,302999,Closed
LN0003777,CUST000408,RM0100,Business Loan,277773,Approved
LN0003778,CUST001489,RM0042,Car Loan,405479,Rejected
LN0003779,CUST001395,RM0070,Home Loan,58497,Approved
LN0003780,CUST001176,RM0139,Home Loan,54676,Defaulted
LN0003781,CUST001223,RM0040,Business Loan,143364,Pending
LN0003782,CUST001017,RM0085,Car Loan,82218,Active
LN0003783,CUST000005,RM0052,Car Loan,213463,Pending
LN0003784,CUST000741,RM0155,Plot Loan,548625,Pending
LN0003785,CUST002058,RM0156,Personal Loan,149345,Active
LN0003786,CUST002154,RM0079,Car Loan,422802,Rejected
LN0003787,CUST001131,RM0236,Education Loan,50048,Pending
LN0003788,CUST001226,RM0183,Car Loan,86908,Approved
LN0003789,CUST002121,RM0242,Education Loan,56179,Defaulted
LN0003790,CUST000873,RM0055,Personal Loan,129543,Active
LN0003791,CUST000221,RM0083,Business Loan,527605,Defaulted
LN0003792,CUST001212,RM0048,Gold Loan,70395,Closed
LN0003793,CUST000638,RM0184,Home Loan,236488,Pending
LN0003794,CUST002246,RM0242,Business Loan,170112,Approved
LN0003795,CUST002341,RM0142,Personal Loan,607640,Pending
LN0003796,CUST002087,RM0077,Education Loan,76140,Approved
LN0003797,CUST000923,RM0017,Business Loan,97658,Active
LN0003798,CUST001104,RM0160,Education Loan,55997,Approved
LN0003799,CUST001087,RM0063,Plot Loan,163809,Pending
LN0003800,CUST001506,RM0004,Gold Loan,115099,Approved
LN0003801,CUST001693,RM0005,Personal Loan,457899,Closed
LN0003802,CUST002492,RM0169,Plot Loan,235743,Closed
LN0003803,CUST001325,RM0094,Home Loan,240430,Pending
LN0003804,CUST001544,RM0024,Car Loan,201819,Pending
LN0003805,CUST000013,RM0162,Education Loan,69269,Rejected
LN0003806,CUST001610,RM0159,Education Loan,167764,Approved
LN0003807,CUST001658,RM0096,Education Loan,1572267,Approved
LN0003808,CUST000028,RM0060,Education Loan,410640,Closed
LN0003809,CUST001055,RM0079,Home Loan,497845,Active
LN0003810,CUST000691,RM0006,Education Loan,396577,Active
LN0003811,CUST001630,RM0035,Education Loan,71749,Defaulted
LN0003812,CUST000398,RM0129,Gold Loan,101611,Pending
LN0003813,CUST000609,RM0182,Car Loan,50625,Pending
LN0003814,CUST002308,RM0172,Home Loan,122340,Approved
LN0003815,CUST002410,RM0129,Home Loan,72994,Pending
LN0003816,CUST002176,RM0033,Car Loan,178032,Defaulted
LN0003817,CUST000669,RM0224,Business Loan,276099,Closed
LN0003818,CUST002106,RM0071,Gold Loan,465098,Active
LN0003819,CUST001827,RM0060,Education Loan,326633,Rejected
LN0003820,CUST001069,RM0146,Home Loan,608022,Active
LN0003821,CUST001526,RM0043,Home Loan,61081,Approved
LN0003822,CUST002215,RM0042,Business Loan,52450,Active
LN0003823,CUST002264,RM0060,Personal Loan,266550,Defaulted
LN0003824,CUST000708,RM0068,Home Loan,118315,Pending
LN0003825,CUST000421,RM0153,Personal Loan,108472,Defaulted
LN0003826,CUST001970,RM0131,Personal Loan,130360,Pending
LN0003827,CUST001407,RM0213,Education Loan,112886,Closed
LN0003828,CUST000794,RM0052,Business Loan,193257,Defaulted
LN0003829,CUST000371,RM0096,Plot Loan,166016,Rejected
LN0003830,CUST000381,RM0038,Plot Loan,193663,Active
LN0003831,CUST001967,RM0078,Personal Loan,273383,Closed
LN0003832,CUST001164,RM0243,Home Loan,147920,Defaulted
LN0003833,CUST000404,RM0004,Home Loan,107885,Rejected
LN0003834,CUST000056,RM0155,Education Loan,86352,Pending
LN0003835,CUST002422,RM0124,Business Loan,135994,Rejected
LN0003836,CUST000327,RM0027,Gold Loan,320809,Pending
LN0003837,CUST000314,RM0233,Education Loan,332696,Active
LN0003838,CUST001313,RM0013,Education Loan,269865,Approved
LN0003839,CUST000485,RM0141,Plot Loan,103321,Rejected
LN0003840,CUST001918,RM0207,Car Loan,227388,Active
LN0003841,CUST000075,RM0201,Business Loan,219115,Active
LN0003842,CUST002008,RM0137,Business Loan,182432,Active
LN0003843,CUST001654,RM0116,Education Loan,209692,Defaulted
LN0003844,CUST000552,RM0201,Personal Loan,185372,Approved
LN0003845,CUST001568,RM0089,Gold Loan,216691,Defaulted
LN0003846,CUST000187,RM0141,Personal Loan,301408,Rejected
LN0003847,CUST000714,RM0195,Personal Loan,73223,Approved
LN0003848,CUST001211,RM0101,Car Loan,326959,Rejected
LN0003849,CUST001731,RM0145,Business Loan,79210,Rejected
LN0003850,CUST001812,RM0031,Car Loan,63790,Rejected
LN0003851,CUST001800,RM0205,Car Loan,796605,Rejected
LN0003852,CUST000801,RM0128,Gold Loan,679272,Defaulted
LN0003853,CUST000249,RM0197,Business Loan,62467,Approved
LN0003854,CUST000504,RM0237,Education Loan,167129,Approved
LN0003855,CUST001827,RM0196,Plot Loan,91219,Pending
LN0003856,CUST002143,RM0008,Home Loan,182851,Rejected
LN0003857,CUST002203,RM0044,Plot Loan,404599,Active
LN0003858,CUST001804,RM0221,Car Loan,651608,Defaulted
LN0003859,CUST000358,RM0200,Personal Loan,251162,Closed
LN0003860,CUST001933,RM0068,Gold Loan,137361,Rejected
LN0003861,CUST000603,RM0204,Business Loan,234927,Approved
LN0003862,CUST001141,RM0235,Business Loan,124793,Active
LN0003863,CUST001259,RM0203,Gold Loan,531197,Approved
LN0003864,CUST001625,RM0142,Business Loan,458661,Defaulted
LN0003865,CUST001800,RM0226,Education Loan,213393,Defaulted
LN0003866,CUST001371,RM0140,Gold Loan,128548,Rejected
LN0003867,CUST001989,RM0100,Plot Loan,119455,Active
LN0003868,CUST001669,RM0022,Gold Loan,56797,Rejected
LN0003869,CUST001032,RM0205,Plot Loan,388369,Active
LN0003870,CUST000217,RM0046,Education Loan,169706,Rejected
LN0003871,CUST000742,RM0144,Home Loan,128647,Closed
LN0003872,CUST001278,RM0009,Personal Loan,177395,Rejected
LN0003873,CUST001217,RM0023,Education Loan,391562,Approved
LN0003874,CUST000506,RM0126,Education Loan,76618,Closed
LN0003875,CUST000855,RM0221,Home Loan,439901,Pending
LN0003876,CUST000864,RM0239,Business Loan,505595,Pending
LN0003877,CUST000820,RM0038,Home Loan,636393,Active
LN0003878,CUST002287,RM0222,Car Loan,151329,Approved
LN0003879,CUST001452,RM0083,Personal Loan,98960,Rejected
LN0003880,CUST001086,RM0126,Gold Loan,143566,Closed
LN0003881,CUST001289,RM0205,Car Loan,130966,Active
LN0003882,CUST002053,RM0181,Car Loan,88754,Defaulted
LN0003883,CUST001490,RM0105,Plot Loan,236924,Active
LN0003884,CUST000183,RM0062,Business Loan,179491,Pending
LN0003885,CUST002448,RM0230,Gold Loan,451537,Pending
LN0003886,CUST001808,RM0247,Business Loan,56527,Approved
LN0003887,CUST001141,RM0055,Education Loan,256490,Defaulted
LN0003888,CUST000818,RM0224,Gold Loan,337895,Defaulted
LN0003889,CUST000055,RM0043,Home Loan,334995,Defaulted
LN0003890,CUST000411,RM0245,Car Loan,484441,Active
LN0003891,CUST000351,RM0059,Business Loan,311152,Active
LN0003892,CUST002208,RM0066,Home Loan,575690,Approved
LN0003893,CUST000867,RM0070,Education Loan,130890,Active
LN0003894,CUST002489,RM0045,Gold Loan,189917,Defaulted
LN0003895,CUST000011,RM0203,Home Loan,52835,Approved
LN0003896,CUST001509,RM0045,Home Loan,51396,Defaulted
LN0003897,CUST000888,RM0012,Plot Loan,104920,Defaulted
LN0003898,CUST000182,RM0039,Home Loan,71251,Defaulted
LN0003899,CUST000497,RM0040,Car Loan,110278,Approved
LN0003900,CUST000259,RM0243,Education Loan,88970,Pending
LN0003901,CUST002022,RM0004,Plot Loan,55786,Defaulted
LN0003902,CUST002454,RM0084,Personal Loan,530048,Rejected
LN0003903,CUST000481,RM0221,Plot Loan,51651,Closed
LN0003904,CUST001562,RM0100,Gold Loan,316423,Closed
LN0003905,CUST000930,RM0245,Home Loan,83009,Defaulted
LN0003906,CUST000463,RM0003,Business Loan,536606,Pending
LN0003907,CUST000820,RM0016,Plot Loan,999999999,Defaulted
LN0003908,CUST001002,RM0233,Home Loan,496604,Rejected
LN0003909,CUST000572,RM0099,Car Loan,262206,Closed
LN0003910,CUST002288,RM0233,Personal Loan,273091,Rejected
LN0003911,CUST002135,RM0001,Home Loan,51070,Approved
LN0003912,CUST000522,RM0245,Plot Loan,888235,Pending
LN0003913,CUST000794,RM0237,Personal Loan,470472,Pending
LN0003914,CUST002232,RM0086,Personal Loan,500961,Closed
LN0003915,CUST001469,RM0205,Car Loan,265318,Pending
LN0003916,CUST002097,RM0198,Home Loan,134558,Pending
LN0003917,CUST001565,RM0193,Car Loan,498201,Active
LN0003918,CUST002224,RM0062,Business Loan,118925,Closed
LN0003919,CUST001164,RM0060,Business Loan,215432,Approved
LN0003920,CUST000914,RM0209,Home Loan,71012,Pending
LN0003921,CUST000605,RM0029,Gold Loan,560095,Rejected
LN0003922,CUST001142,RM0066,Plot Loan,80343,Rejected
LN0003923,CUST000499,RM0215,Education Loan,100951,Closed
LN0003924,CUST002446,RM0238,Gold Loan,213349,Defaulted
LN0003925,CUST001166,RM0229,Gold Loan,338863,Active
LN0003926,CUST000499,RM0151,Car Loan,243175,Pending
LN0003927,CUST002370,RM0139,Gold Loan,102827,Defaulted
LN0003928,CUST000008,RM0248,Home Loan,50188,Closed
LN0003929,CUST002237,RM0170,Personal Loan,333062,Active
LN0003930,CUST002077,RM0068,Personal Loan,892724,Approved
LN0003931,CUST000475,RM0163,Plot Loan,382054,Defaulted
LN0003932,CUST001533,RM0193,Plot Loan,173313,Pending
LN0003933,CUST000897,RM0182,Gold Loan,518197,Defaulted
LN0003934,CUST001897,RM0048,Education Loan,155474,Defaulted
LN0003935,CUST000985,RM0238,Business Loan,198860,Active
LN0003936,CUST001772,RM0180,Plot Loan,179684,Approved
LN0003937,CUST000955,RM0093,Gold Loan,168705,Approved
LN0003938,CUST001467,RM0044,Home Loan,348500,Rejected
LN0003939,CUST002259,RM0144,Personal Loan,199634,Active
LN0003940,CUST002057,RM0116,Business Loan,126169,Approved
LN0003941,CUST002307,RM0062,Personal Loan,109723,Rejected
LN0003942,CUST000883,RM0014,Plot Loan,50000,Defaulted
LN0003943,CUST001954,RM0049,Home Loan,57695,Pending
LN0003944,CUST001426,RM0163,Gold Loan,225027,Pending
LN0003945,CUST002013,RM0154,Plot Loan,102262,Rejected
LN0003946,CUST000523,RM0131,Business Loan,82065,Active
LN0003947,CUST000274,RM0142,Business Loan,262165,Pending
LN0003948,CUST000505,RM0119,Gold Loan,278644,Active
LN0003949,CUST000263,RM0144,Education Loan,328990,Defaulted
LN0003950,CUST000364,RM0151,Education Loan,190065,Active
LN0003951,CUST000084,RM0013,Home Loan,498966,Rejected
LN0003952,CUST000295,RM0175,Home Loan,600848,Defaulted
LN0003953,CUST000748,RM0067,Business Loan,379397,Rejected
LN0003954,CUST000466,RM0017,Gold Loan,251897,Approved
LN0003955,CUST000456,RM0112,Plot Loan,122400,Closed
LN0003956,CUST000841,RM0203,Education Loan,864261,Active
LN0003957,CUST001968,RM0232,Plot Loan,114078,Pending
LN0003958,CUST000274,RM0225,Car Loan,95294,Active
LN0003959,CUST001187,RM0143,Gold Loan,166734,Rejected
LN0003960,CUST001204,RM0011,Business Loan,61703,Closed
LN0003961,CUST000415,RM0190,Gold Loan,817888,Closed
LN0003962,CUST000329,RM0239,Home Loan,227556,Rejected
LN0003963,CUST000546,RM0099,Gold Loan,212815,Closed
LN0003964,CUST001680,RM0140,Business Loan,263304,Pending
LN0003965,CUST001122,RM0246,Car Loan,187442,Rejected
LN0003966,CUST001354,RM0047,Plot Loan,56517,Rejected
LN0003967,CUST002490,RM0056,Business Loan,999999999,Approved
LN0003968,CUST000254,RM0044,Education Loan,239510,Defaulted
LN0003969,CUST001352,RM0009,Education Loan,301878,Active
LN0003970,CUST000313,RM0114,Business Loan,157827,Approved
LN0003971,CUST002211,RM0166,Home Loan,333182,Pending
LN0003972,CUST001203,RM0069,Plot Loan,101495,Rejected
LN0003973,CUST001663,RM0023,Gold Loan,100019,Active
LN0003974,CUST000355,RM0085,Personal Loan,85208,Approved
LN0003975,CUST000544,RM0088,Gold Loan,143041,Active
LN0003976,CUST000029,RM0132,Education Loan,425479,Defaulted
LN0003977,CUST000438,RM0118,Car Loan,401949,Pending
LN0003978,CUST000778,RM0194,Business Loan,146520,Active
LN0003979,CUST002017,RM0119,Home Loan,227890,Approved
LN0003980,CUST000971,RM0121,Business Loan,305177,Defaulted
LN0003981,CUST000792,RM0169,Car Loan,105205,Defaulted
LN0003982,CUST001422,RM0161,Education Loan,86818,Pending
LN0003983,CUST001938,RM0151,Business Loan,765796,Active
LN0003984,CUST002068,RM0194,Plot Loan,242235,Rejected
LN0003985,CUST000366,RM0197,Gold Loan,847087,Rejected
LN0003986,CUST000185,RM0095,Business Loan,132424,Pending
LN0003987,CUST001023,RM0096,Plot Loan,292825,Active
LN0003988,CUST001924,RM0193,Home Loan,100360,Active
LN0003989,CUST000475,RM0216,Personal Loan,110545,Rejected
LN0003990,CUST002140,RM0177,Business Loan,193447,Rejected
LN0003991,CUST000697,RM0084,Home Loan,127020,Rejected
LN0003992,CUST001652,RM0135,Business Loan,86693,Closed
LN0003993,CUST000289,RM0172,Home Loan,111001,Defaulted
LN0003994,CUST001960,RM0054,Education Loan,57280,Defaulted
LN0003995,CUST001161,RM0044,Plot Loan,293765,Rejected
LN0003996,CUST000396,RM0056,Plot Loan,185500,Defaulted
LN0003997,CUST001995,RM0035,Car Loan,69796,Pending
LN0003998,CUST000513,RM0192,Education Loan,87674,Pending
LN0003999,CUST002051,RM0176,Home Loan,71636,Rejected
LN0004000,CUST002382,RM0128,Education Loan,239655,Defaulted
LN0004001,CUST000255,RM0061,Education Loan,206890,Pending
LN0004002,CUST001604,RM0058,Gold Loan,69789,Pending
LN0004003,CUST000366,RM0183,Car Loan,330714,Approved
LN0004004,CUST001193,RM0090,Business Loan,54144,Active
LN0004005,CUST000267,RM0245,Home Loan,107370,Pending
LN0004006,CUST002397,RM0062,Personal Loan,492670,Active
LN0004007,CUST001046,RM0225,Personal Loan,303546,Defaulted
LN0004008,CUST002397,RM0054,Plot Loan,65153,Rejected
LN0004009,CUST000991,RM0225,Business Loan,394214,Defaulted
LN0004010,CUST002468,RM0062,Education Loan,50000,Defaulted
LN0004011,CUST002473,RM0097,Plot Loan,185862,Rejected
LN0004012,CUST001424,RM0220,Personal Loan,425180,Approved
LN0004013,CUST001766,RM0110,Home Loan,233628,Approved
LN0004014,CUST001965,RM0224,Plot Loan,279035,Pending
LN0004015,CUST000725,RM0073,Education Loan,1057238,Approved
LN0004016,CUST000326,RM0017,Home Loan,102880,Rejected
LN0004017,CUST000870,RM0053,Personal Loan,257893,Approved
LN0004018,CUST002467,RM0178,Education Loan,245604,Rejected
LN0004019,CUST001216,RM0006,Home Loan,173356,Defaulted
LN0004020,CUST001117,RM0050,Home Loan,58050,Closed
LN0004021,CUST002430,RM0227,Gold Loan,52915,Defaulted
LN0004022,CUST001048,RM0044,Car Loan,75391,Closed
LN0004023,CUST000831,RM0226,Personal Loan,259446,Closed
LN0004024,CUST000875,RM0132,Personal Loan,217478,Active
LN0004025,CUST001000,RM0242,Education Loan,211231,Approved
LN0004026,CUST000739,RM0032,Gold Loan,56475,Closed
LN0004027,CUST000481,RM0133,Gold Loan,176712,Approved
LN0004028,CUST002335,RM0057,Personal Loan,567050,Rejected
LN0004029,CUST002488,RM0208,Plot Loan,151364,Approved
LN0004030,CUST002310,RM0236,Home Loan,246124,Closed
LN0004031,CUST002128,RM0139,Business Loan,352660,Rejected
LN0004032,CUST002150,RM0116,Business Loan,356426,Pending
LN0004033,CUST002331,RM0230,Personal Loan,196494,Approved
LN0004034,CUST001563,RM0070,Personal Loan,214067,Pending
LN0004035,CUST001048,RM0204,Car Loan,440317,Approved
LN0004036,CUST000465,RM0100,Personal Loan,149311,Closed
LN0004037,CUST002486,RM0086,Education Loan,489093,Approved
LN0004038,CUST000437,RM0200,Car Loan,104947,Defaulted
LN0004039,CUST001863,RM0227,Education Loan,115760,Defaulted
LN0004040,CUST001823,RM0248,Plot Loan,60916,Pending
LN0004041,CUST000356,RM0075,Gold Loan,367517,Approved
LN0004042,CUST002485,RM0183,Education Loan,157932,Defaulted
LN0004043,CUST000721,RM0055,Business Loan,102043,Pending
LN0004044,CUST002135,RM0091,Plot Loan,102738,Active
LN0004045,CUST001233,RM0112,Car Loan,999999999,Rejected
LN0004046,CUST001618,RM0017,Gold Loan,513336,Pending
LN0004047,CUST000533,RM0055,Gold Loan,409053,Approved
LN0004048,CUST001952,RM0244,Car Loan,211277,Rejected
LN0004049,CUST000144,RM0071,Personal Loan,241480,Active
LN0004050,CUST001870,RM0132,Gold Loan,178614,Closed
LN0004051,CUST001192,RM0059,Personal Loan,149406,Pending
LN0004052,CUST001731,RM0025,Car Loan,544146,Active
LN0004053,CUST000509,RM0013,Plot Loan,76846,Closed
LN0004054,CUST000853,RM0012,Gold Loan,158410,Defaulted
LN0004055,CUST002107,RM0073,Car Loan,134490,Rejected
LN0004056,CUST000370,RM0101,Personal Loan,187891,Active
LN0004057,CUST002087,RM0073,Car Loan,172362,Active
LN0004058,CUST000518,RM0166,Home Loan,196331,Active
LN0004059,CUST002154,RM0138,Personal Loan,80145,Approved
LN0004060,CUST000955,RM0188,Education Loan,193956,Closed
LN0004061,CUST001148,RM0060,Car Loan,105524,Pending
LN0004062,CUST001082,RM0191,Gold Loan,90749,Approved
LN0004063,CUST001812,RM0064,Personal Loan,63406,Defaulted
LN0004064,CUST000655,RM0113,Gold Loan,337646,Active
LN0004065,CUST000422,RM0180,Education Loan,161528,Pending
LN0004066,CUST000618,RM0145,Car Loan,247044,Approved
LN0004067,CUST001314,RM0242,Plot Loan,310091,Pending
LN0004068,CUST000016,RM0201,Business Loan,277460,Pending
LN0004069,CUST000019,RM0147,Education Loan,177164,Approved
LN0004070,CUST002382,RM0048,Education Loan,148171,Active
LN0004071,CUST002024,RM0153,Gold Loan,144308,Approved
LN0004072,CUST000068,RM0232,Gold Loan,254357,Active
LN0004073,CUST000443,RM0049,Home Loan,186557,Active
LN0004074,CUST000614,RM0181,Plot Loan,428270,Defaulted
LN0004075,CUST000792,RM0215,Car Loan,465412,Closed
LN0004076,CUST001565,RM0134,Plot Loan,87400,Active
LN0004077,CUST001534,RM0068,Plot Loan,79290,Approved
LN0004078,CUST000920,RM0057,Car Loan,249067,Rejected
LN0004079,CUST002062,RM0016,Plot Loan,121685,Rejected
LN0004080,CUST000643,RM0222,Business Loan,53749,Pending
LN0004081,CUST000913,RM0228,Home Loan,489002,Closed
LN0004082,CUST001479,RM0212,Gold Loan,101469,Defaulted
LN0004083,CUST000727,RM0039,Gold Loan,579807,Rejected
LN0004084,CUST000782,RM0225,Home Loan,302768,Pending
LN0004085,CUST000608,RM0060,Home Loan,337646,Approved
LN0004086,CUST000031,RM0033,Plot Loan,94994,Defaulted
LN0004087,CUST002427,RM0011,Home Loan,103365,Rejected
LN0004088,CUST000225,RM0149,Education Loan,197322,Active
LN0004089,CUST000447,RM0032,Personal Loan,87772,Closed
LN0004090,CUST002364,RM0020,Personal Loan,261741,Active
LN0004091,CUST002367,RM0035,Plot Loan,122892,Active
LN0004092,CUST000765,RM0082,Plot Loan,127563,Approved
LN0004093,CUST000382,RM0062,Car Loan,84782,Closed
LN0004094,CUST000001,RM0123,Personal Loan,95928,Rejected
LN0004095,CUST001202,RM0222,Gold Loan,360755,Defaulted
LN0004096,CUST000501,RM0147,Home Loan,86591,Closed
LN0004097,CUST001414,RM0209,Home Loan,55774,Closed
LN0004098,CUST001782,RM0014,Home Loan,248502,Defaulted
LN0004099,CUST002294,RM0209,Personal Loan,999999999,Active
LN0004100,CUST002241,RM0046,Personal Loan,795799,Rejected
LN0004101,CUST000838,RM0034,Home Loan,130458,Rejected
LN0004102,CUST001437,RM0188,Education Loan,75261,Active
LN0004103,CUST000584,RM0207,Gold Loan,218974,Pending
LN0004104,CUST001427,RM0116,Gold Loan,523647,Rejected
LN0004105,CUST000179,RM0051,Business Loan,522262,Active
LN0004106,CUST000249,RM0245,Gold Loan,356552,Active
LN0004107,CUST000580,RM0024,Gold Loan,244845,Rejected
LN0004108,CUST001308,RM0192,Car Loan,125683,Approved
LN0004109,CUST001670,RM0247,Personal Loan,206124,Approved
LN0004110,CUST001941,RM0088,Education Loan,69135,Pending
LN0004111,CUST000508,RM0145,Car Loan,277228,Defaulted
LN0004112,CUST002230,RM0054,Business Loan,555935,Closed
LN0004113,CUST000723,RM0242,Gold Loan,308266,Defaulted
LN0004114,CUST002145,RM0130,Plot Loan,720662,Defaulted
LN0004115,CUST001494,RM0209,Business Loan,110328,Active
LN0004116,CUST001216,RM0172,Gold Loan,53725,Closed
LN0004117,CUST000072,RM0072,Personal Loan,207759,Closed
LN0004118,CUST000401,RM0228,Business Loan,295373,Defaulted
LN0004119,CUST000753,RM0061,Business Loan,362517,Defaulted
LN0004120,CUST002457,RM0106,Plot Loan,93069,Rejected
LN0004121,CUST002325,RM0223,Education Loan,110695,Active
LN0004122,CUST000808,RM0213,Gold Loan,193730,Rejected
LN0004123,CUST000659,RM0043,Gold Loan,130274,Pending
LN0004124,CUST000432,RM0112,Plot Loan,443954,Closed
LN0004125,CUST001745,RM0001,Plot Loan,178399,Defaulted
LN0004126,CUST000167,RM0102,Gold Loan,371466,Defaulted
LN0004127,CUST002323,RM0024,Education Loan,223795,Defaulted
LN0004128,CUST000597,RM0050,Personal Loan,346640,Pending
LN0004129,CUST001074,RM0169,Plot Loan,130895,Rejected
LN0004130,CUST001293,RM0103,Car Loan,406064,Pending
LN0004131,CUST000475,RM0109,Business Loan,114198,Closed
LN0004132,CUST002395,RM0238,Business Loan,207975,Approved
LN0004133,CUST000343,RM0048,Plot Loan,98161,Pending
LN0004134,CUST000284,RM0056,Home Loan,179072,Pending
LN0004135,CUST001741,RM0198,Car Loan,126596,Defaulted
LN0004136,CUST000409,RM0190,Business Loan,112041,Approved
LN0004137,CUST000227,RM0101,Business Loan,732158,Pending
LN0004138,CUST002143,RM0095,Plot Loan,84888,Closed
LN0004139,CUST000831,RM0226,Personal Loan,359598,Active
LN0004140,CUST000581,RM0058,Education Loan,879106,Closed
LN0004141,CUST000229,RM0175,Personal Loan,54020,Pending
LN0004142,CUST000800,RM0183,Gold Loan,290147,Defaulted
LN0004143,CUST001924,RM0107,Home Loan,108314,Rejected
LN0004144,CUST000521,RM0066,Car Loan,58266,Closed
LN0004145,CUST001076,RM0023,Personal Loan,153130,Defaulted
LN0004146,CUST000300,RM0008,Education Loan,597344,Active
LN0004147,CUST001001,RM0164,Home Loan,52366,Rejected
LN0004148,CUST001613,RM0249,Gold Loan,227290,Rejected
LN0004149,CUST002233,RM0023,Home Loan,189188,Pending
LN0004150,CUST001260,RM0141,Home Loan,463319,Closed
LN0004151,CUST001842,RM0234,Personal Loan,67548,Rejected
LN0004152,CUST001060,RM0139,Home Loan,278842,Rejected
LN0004153,CUST000401,RM0001,Personal Loan,277955,Pending
LN0004154,CUST000053,RM0132,Car Loan,271175,Pending
LN0004155,CUST002387,RM0183,Plot Loan,620619,Active
LN0004156,CUST002417,RM0118,Plot Loan,396420,Approved
LN0004157,CUST001386,RM0194,Plot Loan,58575,Rejected
LN0004158,CUST000096,RM0189,Home Loan,177384,Approved
LN0004159,CUST001622,RM0071,Business Loan,151483,Defaulted
LN0004160,CUST001646,RM0112,Home Loan,124255,Pending
LN0004161,CUST001784,RM0023,Personal Loan,170054,Approved
LN0004162,CUST001622,RM0064,Home Loan,146964,Rejected
LN0004163,CUST000469,RM0009,Plot Loan,163244,Approved
LN0004164,CUST001318,RM0032,Car Loan,825156,Active
LN0004165,CUST000709,RM0183,Plot Loan,68561,Rejected
LN0004166,CUST000011,RM0048,Gold Loan,560802,Pending
LN0004167,CUST001114,RM0095,Plot Loan,180876,Active
LN0004168,CUST000206,RM0164,Plot Loan,245496,Rejected
LN0004169,CUST000167,RM0112,Car Loan,404606,Approved
LN0004170,CUST001138,RM0168,Gold Loan,139402,Defaulted
LN0004171,CUST001744,RM0100,Home Loan,50000,Rejected
LN0004172,CUST000285,RM0006,Business Loan,162571,Closed
LN0004173,CUST000161,RM0106,Personal Loan,155363,Defaulted
LN0004174,CUST000180,RM0130,Home Loan,143914,Defaulted
LN0004175,CUST002272,RM0250,Business Loan,569469,Rejected
LN0004176,CUST000656,RM0017,Education Loan,403136,Approved
LN0004177,CUST000795,RM0191,Education Loan,73082,Rejected
LN0004178,CUST000528,RM0014,Home Loan,72885,Approved
LN0004179,CUST002024,RM0111,Car Loan,161677,Closed
LN0004180,CUST000685,RM0116,Car Loan,70773,Defaulted
LN0004181,CUST001007,RM0132,Home Loan,243040,Defaulted
LN0004182,CUST002228,RM0158,Plot Loan,81024,Rejected
LN0004183,CUST002093,RM0060,Plot Loan,50000,Approved
LN0004184,CUST001498,RM0095,Personal Loan,197785,Rejected
LN0004185,CUST001478,RM0116,Home Loan,51449,Rejected
LN0004186,CUST001963,RM0018,Car Loan,126133,Approved
LN0004187,CUST002396,RM0077,Plot Loan,276138,Active
LN0004188,CUST001504,RM0230,Gold Loan,182344,Rejected
LN0004189,CUST002060,RM0163,Gold Loan,815807,Approved
LN0004190,CUST001270,RM0202,Car Loan,464459,Defaulted
LN0004191,CUST002288,RM0084,Personal Loan,138967,Rejected
LN0004192,CUST000469,RM0124,Gold Loan,59310,Pending
LN0004193,CUST001146,RM0099,Gold Loan,423675,Approved
LN0004194,CUST001279,RM0198,Education Loan,534351,Closed
LN0004195,CUST000731,RM0109,Plot Loan,393658,Rejected
LN0004196,CUST002019,RM0107,Education Loan,77381,Pending
LN0004197,CUST001748,RM0008,Gold Loan,1284610,Closed
LN0004198,CUST002301,RM0092,Business Loan,109838,Defaulted
LN0004199,CUST000415,RM0090,Gold Loan,307619,Rejected
LN0004200,CUST000579,RM0235,Business Loan,527269,Closed
LN0004201,CUST000114,RM0108,Business Loan,567091,Rejected
LN0004202,CUST001006,RM0126,Gold Loan,103755,Pending
LN0004203,CUST002214,RM0184,Education Loan,527756,Approved
LN0004204,CUST001828,RM0129,Education Loan,124062,Active
LN0004205,CUST000477,RM0158,Education Loan,799413,Rejected
LN0004206,CUST002095,RM0226,Home Loan,116051,Approved
LN0004207,CUST001149,RM0241,Education Loan,663384,Active
LN0004208,CUST000921,RM0143,Car Loan,61006,Closed
LN0004209,CUST001251,RM0238,Business Loan,297073,Active
LN0004210,CUST001485,RM0237,Education Loan,201904,Pending
LN0004211,CUST000932,RM0105,Car Loan,179970,Closed
LN0004212,CUST000533,RM0209,Gold Loan,100590,Pending
LN0004213,CUST000710,RM0169,Gold Loan,294560,Defaulted
LN0004214,CUST000247,RM0038,Car Loan,999999999,Active
LN0004215,CUST000524,RM0122,Car Loan,92344,Rejected
LN0004216,CUST000669,RM0111,Car Loan,210968,Approved
LN0004217,CUST000146,RM0013,Plot Loan,108403,Active
LN0004218,CUST000517,RM0091,Education Loan,672999,Approved
LN0004219,CUST000156,RM0237,Gold Loan,55809,Pending
LN0004220,CUST000221,RM0113,Home Loan,94560,Defaulted
LN0004221,CUST001496,RM0249,Gold Loan,105496,Defaulted
LN0004222,CUST001856,RM0177,Gold Loan,156910,Rejected
LN0004223,CUST002279,RM0239,Home Loan,102983,Pending
LN0004224,CUST002239,RM0144,Plot Loan,185198,Approved
LN0004225,CUST000490,RM0232,Business Loan,461873,Approved
LN0004226,CUST000278,RM0123,Personal Loan,299003,Active
LN0004227,CUST000077,RM0125,Car Loan,223482,Rejected
LN0004228,CUST001775,RM0206,Education Loan,68643,Approved
LN0004229,CUST000260,RM0078,Personal Loan,286828,Pending
LN0004230,CUST000711,RM0204,Education Loan,86403,Closed
LN0004231,CUST001127,RM0024,Business Loan,358699,Pending
LN0004232,CUST000643,RM0033,Education Loan,107551,Active
LN0004233,CUST000951,RM0223,Education Loan,157930,Closed
LN0004234,CUST002051,RM0034,Personal Loan,136301,Pending
LN0004235,CUST002226,RM0094,Business Loan,441535,Pending
LN0004236,CUST001155,RM0236,Car Loan,77059,Approved
LN0004237,CUST002490,RM0137,Plot Loan,216778,Closed
LN0004238,CUST002268,RM0165,Plot Loan,80644,Defaulted
LN0004239,CUST000834,RM0121,Car Loan,294017,Pending
LN0004240,CUST001218,RM0091,Personal Loan,520940,Approved
LN0004241,CUST000235,RM0204,Business Loan,164047,Defaulted
LN0004242,CUST000052,RM0222,Business Loan,183922,Defaulted
LN0004243,CUST001568,RM0001,Car Loan,574620,Approved
LN0004244,CUST002033,RM0059,Education Loan,197207,Rejected
LN0004245,CUST001415,RM0038,Gold Loan,183729,Closed
LN0004246,CUST001547,RM0081,Personal Loan,222706,Closed
LN0004247,CUST000191,RM0025,Business Loan,283740,Defaulted
LN0004248,CUST000210,RM0125,Personal Loan,72607,Rejected
LN0004249,CUST000091,RM0170,Education Loan,394197,Approved
LN0004250,CUST002048,RM0034,Business Loan,164364,Pending
LN0004251,CUST001356,RM0147,Home Loan,65019,Defaulted
LN0004252,CUST002495,RM0007,Car Loan,358526,Defaulted
LN0004253,CUST002479,RM0234,Gold Loan,144625,Closed
LN0004254,CUST000044,RM0020,Business Loan,999999999,Active
LN0004255,CUST001489,RM0039,Gold Loan,71153,Approved
LN0004256,CUST002149,RM0148,Gold Loan,250903,Defaulted
LN0004257,CUST001190,RM0192,Gold Loan,474271,Approved
LN0004258,CUST002190,RM0217,Personal Loan,487411,Defaulted
LN0004259,CUST002262,RM0142,Gold Loan,682421,Pending
LN0004260,CUST002006,RM0151,Personal Loan,454544,Rejected
LN0004261,CUST001799,RM0237,Plot Loan,50428,Pending
LN0004262,CUST002271,RM0191,Business Loan,145684,Closed
LN0004263,CUST000673,RM0094,Education Loan,391346,Approved
LN0004264,CUST000985,RM0022,Plot Loan,141221,Defaulted
LN0004265,CUST000728,RM0052,Gold Loan,234033,Approved
LN0004266,CUST000630,RM0197,Gold Loan,236441,Closed
LN0004267,CUST001292,RM0135,Business Loan,140834,Rejected
LN0004268,CUST001918,RM0109,Personal Loan,519671,Approved
LN0004269,CUST000609,RM0036,Business Loan,189924,Closed
LN0004270,CUST001002,RM0123,Business Loan,175017,Active
LN0004271,CUST000682,RM0068,Plot Loan,1249395,Defaulted
LN0004272,CUST000390,RM0009,Plot Loan,186046,Defaulted
LN0004273,CUST000142,RM0148,Home Loan,89299,Active
LN0004274,CUST001522,RM0022,Car Loan,193926,Closed
LN0004275,CUST000440,RM0042,Home Loan,386419,Approved
LN0004276,CUST001358,RM0122,Personal Loan,349991,Approved
LN0004277,CUST002285,RM0070,Personal Loan,360783,Active
LN0004278,CUST000130,RM0029,Business Loan,296216,Active
LN0004279,CUST001303,RM0017,Car Loan,108664,Closed
LN0004280,CUST002442,RM0041,Gold Loan,446222,Pending
LN0004281,CUST000230,RM0196,Gold Loan,497815,Defaulted
LN0004282,CUST001762,RM0209,Personal Loan,93172,Pending
LN0004283,CUST001545,RM0070,Gold Loan,77957,Defaulted
LN0004284,CUST000300,RM0096,Home Loan,792675,Pending
LN0004285,CUST001746,RM0111,Home Loan,455482,Rejected
LN0004286,CUST000139,RM0200,Gold Loan,497427,Closed
LN0004287,CUST002167,RM0129,Business Loan,484972,Pending
LN0004288,CUST002300,RM0030,Gold Loan,206040,Defaulted
LN0004289,CUST001911,RM0016,Car Loan,257918,Defaulted
LN0004290,CUST002420,RM0106,Education Loan,207651,Approved
LN0004291,CUST000393,RM0179,Personal Loan,60512,Rejected
LN0004292,CUST001247,RM0082,Plot Loan,323693,Closed
LN0004293,CUST001930,RM0117,Plot Loan,190773,Active
LN0004294,CUST001607,RM0074,Plot Loan,258659,Pending
LN0004295,CUST000277,RM0139,Gold Loan,189688,Approved
LN0004296,CUST000990,RM0243,Personal Loan,185380,Approved
LN0004297,CUST000213,RM0002,Home Loan,87697,Defaulted
LN0004298,CUST001574,RM0001,Home Loan,115343,Active
LN0004299,CUST000748,RM0190,Plot Loan,84597,Pending
LN0004300,CUST002289,RM0114,Home Loan,93548,Defaulted
LN0004301,CUST001681,RM0199,Personal Loan,772216,Approved
LN0004302,CUST000939,RM0194,Plot Loan,83237,Active
LN0004303,CUST002421,RM0032,Education Loan,112742,Pending
LN0004304,CUST001301,RM0131,Plot Loan,228607,Defaulted
LN0004305,CUST002001,RM0089,Education Loan,238413,Rejected
LN0004306,CUST000128,RM0034,Personal Loan,83441,Closed
LN0004307,CUST000336,RM0037,Car Loan,365701,Pending
LN0004308,CUST000711,RM0009,Education Loan,357612,Rejected
LN0004309,CUST001283,RM0027,Plot Loan,104182,Closed
LN0004310,CUST000112,RM0153,Business Loan,118122,Rejected
LN0004311,CUST002388,RM0179,Gold Loan,606085,Active
LN0004312,CUST000460,RM0163,Home Loan,399362,Defaulted
LN0004313,CUST000291,RM0016,Education Loan,289331,Pending
LN0004314,CUST001477,RM0130,Plot Loan,67162,Pending
LN0004315,CUST000089,RM0167,Car Loan,158347,Pending
LN0004316,CUST001088,RM0157,Personal Loan,213879,Pending
LN0004317,CUST000239,RM0245,Personal Loan,91506,Closed
LN0004318,CUST002138,RM0218,Business Loan,168923,Active
LN0004319,CUST001789,RM0175,Gold Loan,233771,Rejected
LN0004320,CUST002208,RM0134,Gold Loan,129313,Rejected
LN0004321,CUST001348,RM0060,Education Loan,353686,Approved
LN0004322,CUST002496,RM0035,Home Loan,417079,Rejected
LN0004323,CUST002192,RM0165,Home Loan,128196,Approved
LN0004324,CUST000540,RM0051,Education Loan,414844,Closed
LN0004325,CUST001375,RM0222,Car Loan,71868,Pending
LN0004326,CUST001710,RM0065,Business Loan,413697,Active
LN0004327,CUST001813,RM0241,Education Loan,83151,Closed
LN0004328,CUST000663,RM0142,Car Loan,67313,Defaulted
LN0004329,CUST000558,RM0064,Business Loan,255319,Approved
LN0004330,CUST002153,RM0206,Plot Loan,177708,Closed
LN0004331,CUST001774,RM0046,Home Loan,526955,Rejected
LN0004332,CUST001499,RM0104,Business Loan,140256,Approved
LN0004333,CUST002492,RM0037,Car Loan,117697,Closed
LN0004334,CUST001188,RM0030,Plot Loan,188923,Approved
LN0004335,CUST001783,RM0122,Car Loan,171741,Rejected
LN0004336,CUST002226,RM0128,Business Loan,134449,Defaulted
LN0004337,CUST000759,RM0144,Personal Loan,286665,Active
LN0004338,CUST001271,RM0175,Gold Loan,335058,Pending
LN0004339,CUST000677,RM0170,Business Loan,433442,Active
LN0004340,CUST002297,RM0037,Education Loan,771324,Pending
LN0004341,CUST000812,RM0160,Business Loan,112028,Defaulted
LN0004342,CUST000210,RM0136,Plot Loan,301822,Approved
LN0004343,CUST001710,RM0175,Business Loan,150260,Closed
LN0004344,CUST001644,RM0180,Business Loan,50000,Pending
LN0004345,CUST000299,RM0215,Gold Loan,276071,Active
LN0004346,CUST000150,RM0036,Car Loan,179245,Defaulted
LN0004347,CUST001339,RM0158,Plot Loan,50000,Rejected
LN0004348,CUST000296,RM0093,Car Loan,382804,Pending
LN0004349,CUST000098,RM0204,Business Loan,1065775,Closed
LN0004350,CUST000978,RM0044,Business Loan,311055,Rejected
LN0004351,CUST002267,RM0072,Education Loan,659368,Closed
LN0004352,CUST002198,RM0162,Education Loan,410325,Rejected
LN0004353,CUST000873,RM0122,Personal Loan,516404,Pending
LN0004354,CUST000567,RM0109,Personal Loan,386852,Closed
LN0004355,CUST000967,RM0097,Personal Loan,172926,Closed
LN0004356,CUST001353,RM0128,Business Loan,108013,Rejected
LN0004357,CUST000294,RM0057,Home Loan,50000,Approved
LN0004358,CUST000588,RM0233,Plot Loan,142508,Pending
LN0004359,CUST001460,RM0127,Personal Loan,54088,Approved
LN0004360,CUST002008,RM0159,Business Loan,198464,Closed
LN0004361,CUST001798,RM0213,Plot Loan,190662,Defaulted
LN0004362,CUST001254,RM0154,Personal Loan,198993,Closed
LN0004363,CUST000947,RM0206,Car Loan,780172,Rejected
LN0004364,CUST000897,RM0088,Home Loan,534846,Pending
LN0004365,CUST000467,RM0235,Gold Loan,85278,Pending
LN0004366,CUST001816,RM0066,Car Loan,142052,Active
LN0004367,CUST000914,RM0203,Plot Loan,160314,Defaulted
LN0004368,CUST000502,RM0196,Gold Loan,139424,Rejected
LN0004369,CUST000320,RM0113,Personal Loan,370389,Rejected
LN0004370,CUST000132,RM0242,Personal Loan,198483,Rejected
LN0004371,CUST000162,RM0102,Business Loan,219773,Rejected
LN0004372,CUST000944,RM0239,Plot Loan,433482,Approved
LN0004373,CUST000936,RM0192,Education Loan,377905,Active
LN0004374,CUST002332,RM0147,Personal Loan,78361,Approved
LN0004375,CUST000851,RM0049,Education Loan,300292,Closed
LN0004376,CUST001592,RM0218,Gold Loan,164340,Rejected
LN0004377,CUST000994,RM0194,Personal Loan,278193,Approved
LN0004378,CUST001606,RM0248,Education Loan,119811,Rejected
LN0004379,CUST000303,RM0192,Plot Loan,60262,Pending
LN0004380,CUST002479,RM0050,Business Loan,183593,Closed
LN0004381,CUST000077,RM0193,Personal Loan,999999999,Rejected
LN0004382,CUST001537,RM0198,Personal Loan,137836,Active
LN0004383,CUST001096,RM0063,Car Loan,107940,Approved
LN0004384,CUST002460,RM0196,Gold Loan,287273,Approved
LN0004385,CUST000594,RM0108,Gold Loan,343488,Pending
LN0004386,CUST002289,RM0243,Plot Loan,106151,Rejected
LN0004387,CUST000399,RM0194,Plot Loan,60142,Pending
LN0004388,CUST001239,RM0174,Gold Loan,106283,Pending
LN0004389,CUST001661,RM0110,Home Loan,427767,Defaulted
LN0004390,CUST000315,RM0220,Personal Loan,52001,Pending
LN0004391,CUST000977,RM0021,Personal Loan,603281,Defaulted
LN0004392,CUST001410,RM0208,Plot Loan,247568,Defaulted
LN0004393,CUST001305,RM0233,Personal Loan,127676,Rejected
LN0004394,CUST002381,RM0055,Education Loan,106599,Rejected
LN0004395,CUST001571,RM0008,Plot Loan,51809,Defaulted
LN0004396,CUST002234,RM0062,Home Loan,103699,Closed
LN0004397,CUST002283,RM0002,Business Loan,79636,Rejected
LN0004398,CUST000951,RM0219,Education Loan,239435,Defaulted
LN0004399,CUST000581,RM0059,Education Loan,86435,Active
LN0004400,CUST001126,RM0037,Education Loan,200422,Pending
LN0004401,CUST000052,RM0104,Home Loan,228376,Closed
LN0004402,CUST000511,RM0084,Business Loan,120776,Closed
LN0004403,CUST002323,RM0072,Education Loan,57138,Approved
LN0004404,CUST000411,RM0212,Education Loan,57593,Approved
LN0004405,CUST000421,RM0227,Education Loan,55340,Defaulted
LN0004406,CUST001539,RM0142,Education Loan,318742,Pending
LN0004407,CUST001774,RM0174,Personal Loan,126547,Pending
LN0004408,CUST001682,RM0193,Gold Loan,368221,Defaulted
LN0004409,CUST000997,RM0208,Home Loan,163032,Pending
LN0004410,CUST002096,RM0238,Gold Loan,170660,Closed
LN0004411,CUST001082,RM0193,Personal Loan,193850,Defaulted
LN0004412,CUST002018,RM0087,Plot Loan,299676,Approved
LN0004413,CUST000179,RM0013,Car Loan,113904,Active
LN0004414,CUST001990,RM0216,Home Loan,50000,Closed
LN0004415,CUST002059,RM0016,Home Loan,75927,Pending
LN0004416,CUST001989,RM0032,Car Loan,212411,Rejected
LN0004417,CUST001770,RM0229,Personal Loan,129195,Rejected
LN0004418,CUST001728,RM0103,Plot Loan,166855,Pending
LN0004419,CUST001977,RM0084,Home Loan,258227,Closed
LN0004420,CUST001797,RM0193,Home Loan,186293,Defaulted
LN0004421,CUST001417,RM0156,Education Loan,243663,Rejected
LN0004422,CUST000480,RM0228,Personal Loan,207140,Rejected
LN0004423,CUST000192,RM0040,Gold Loan,145797,Rejected
LN0004424,CUST001826,RM0061,Personal Loan,319258,Approved
LN0004425,CUST001784,RM0231,Gold Loan,294791,Active
LN0004426,CUST002424,RM0190,Personal Loan,202795,Defaulted
LN0004427,CUST002490,RM0167,Plot Loan,277202,Approved
LN0004428,CUST000624,RM0045,Education Loan,463596,Active
LN0004429,CUST001069,RM0163,Business Loan,163222,Pending
LN0004430,CUST000299,RM0069,Home Loan,50000,Approved
LN0004431,CUST001006,RM0222,Plot Loan,156465,Approved
LN0004432,CUST001889,RM0049,Car Loan,338992,Approved
LN0004433,CUST001237,RM0070,Personal Loan,224719,Pending
LN0004434,CUST001343,RM0157,Plot Loan,64730,Pending
LN0004435,CUST002407,RM0025,Gold Loan,495332,Approved
LN0004436,CUST000173,RM0139,Plot Loan,56253,Active
LN0004437,CUST002175,RM0244,Gold Loan,325980,Defaulted
LN0004438,CUST001679,RM0156,Plot Loan,334420,Pending
LN0004439,CUST000078,RM0029,Plot Loan,661994,Pending
LN0004440,CUST001823,RM0162,Home Loan,61130,Pending
LN0004441,CUST001272,RM0035,Personal Loan,231692,Active
LN0004442,CUST000555,RM0162,Plot Loan,491212,Closed
LN0004443,CUST002154,RM0170,Business Loan,161667,Active
LN0004444,CUST002161,RM0071,Car Loan,130284,Closed
LN0004445,CUST002254,RM0210,Plot Loan,68932,Closed
LN0004446,CUST001830,RM0032,Home Loan,215406,Defaulted
LN0004447,CUST002062,RM0150,Gold Loan,180416,Pending
LN0004448,CUST000862,RM0057,Home Loan,72086,Active
LN0004449,CUST000656,RM0242,Gold Loan,239602,Defaulted
LN0004450,CUST000681,RM0056,Plot Loan,317846,Active
LN0004451,CUST001274,RM0229,Plot Loan,341582,Pending
LN0004452,CUST002341,RM0170,Plot Loan,521562,Closed
LN0004453,CUST001015,RM0081,Car Loan,155347,Rejected
LN0004454,CUST002107,RM0216,Gold Loan,661831,Closed
LN0004455,CUST002138,RM0070,Home Loan,451133,Approved
LN0004456,CUST001152,RM0056,Plot Loan,50000,Approved
LN0004457,CUST000250,RM0108,Personal Loan,120337,Approved
LN0004458,CUST001113,RM0063,Home Loan,84700,Pending
LN0004459,CUST000142,RM0119,Plot Loan,164323,Defaulted
LN0004460,CUST000132,RM0039,Home Loan,152799,Defaulted
LN0004461,CUST001370,RM0227,Home Loan,221472,Closed
LN0004462,CUST002020,RM0018,Personal Loan,225119,Approved
LN0004463,CUST001062,RM0174,Home Loan,327248,Approved
LN0004464,CUST002119,RM0072,Home Loan,192625,Approved
LN0004465,CUST000990,RM0188,Personal Loan,999999999,Approved
LN0004466,CUST002259,RM0103,Home Loan,72146,Defaulted
LN0004467,CUST000203,RM0006,Plot Loan,440796,Pending
LN0004468,CUST001789,RM0092,Business Loan,124144,Defaulted
LN0004469,CUST002323,RM0098,Plot Loan,760153,Pending
LN0004470,CUST002034,RM0233,Gold Loan,75080,Rejected
LN0004471,CUST001987,RM0215,Personal Loan,685216,Rejected
LN0004472,CUST000641,RM0179,Business Loan,69084,Approved
LN0004473,CUST002416,RM0187,Home Loan,102542,Active
LN0004474,CUST000779,RM0233,Home Loan,59539,Approved
LN0004475,CUST000238,RM0065,Business Loan,294232,Defaulted
LN0004476,CUST001543,RM0169,Plot Loan,429822,Active
LN0004477,CUST001574,RM0050,Personal Loan,163857,Closed
LN0004478,CUST001907,RM0175,Plot Loan,577673,Active
LN0004479,CUST002205,RM0182,Personal Loan,212736,Pending
LN0004480,CUST001682,RM0178,Plot Loan,228465,Defaulted
LN0004481,CUST000910,RM0228,Education Loan,248854,Approved
LN0004482,CUST001270,RM0047,Business Loan,423407,Active
LN0004483,CUST001528,RM0159,Business Loan,120422,Approved
LN0004484,CUST001850,RM0017,Gold Loan,137473,Pending
LN0004485,CUST001158,RM0209,Car Loan,522789,Closed
LN0004486,CUST000776,RM0186,Home Loan,512453,Closed
LN0004487,CUST002274,RM0150,Gold Loan,800004,Closed
LN0004488,CUST000431,RM0081,Gold Loan,514227,Defaulted
LN0004489,CUST000535,RM0151,Home Loan,77249,Pending
LN0004490,CUST001066,RM0233,Personal Loan,397141,Defaulted
LN0004491,CUST000459,RM0019,Education Loan,155471,Closed
LN0004492,CUST000262,RM0107,Gold Loan,987739,Approved
LN0004493,CUST001898,RM0156,Education Loan,177838,Active
LN0004494,CUST001892,RM0240,Personal Loan,211413,Approved
LN0004495,CUST000559,RM0202,Car Loan,50000,Pending
LN0004496,CUST002183,RM0064,Personal Loan,200908,Defaulted
LN0004497,CUST001881,RM0023,Business Loan,127644,Approved
LN0004498,CUST001123,RM0204,Home Loan,65597,Approved
LN0004499,CUST001531,RM0020,Personal Loan,502003,Rejected
LN0004500,CUST000141,RM0111,Education Loan,999999999,Active
LN0004501,CUST001179,RM0136,Home Loan,374581,Approved
LN0004502,CUST001980,RM0239,Home Loan,80054,Approved
LN0004503,CUST000655,RM0179,Education Loan,349908,Active
LN0004504,CUST000838,RM0109,Home Loan,246617,Pending
LN0004505,CUST000667,RM0050,Gold Loan,155236,Rejected
LN0004506,CUST001870,RM0240,Personal Loan,108611,Closed
LN0004507,CUST001723,RM0205,Home Loan,442835,Approved
LN0004508,CUST001768,RM0153,Education Loan,290920,Defaulted
LN0004509,CUST002236,RM0170,Education Loan,208699,Closed
LN0004510,CUST000455,RM0036,Home Loan,238100,Active
LN0004511,CUST001820,RM0246,Home Loan,555795,Pending
LN0004512,CUST001036,RM0159,Education Loan,69096,Rejected
LN0004513,CUST001833,RM0072,Gold Loan,999999999,Active
LN0004514,CUST000519,RM0132,Home Loan,178460,Approved
LN0004515,CUST002058,RM0026,Plot Loan,93059,Rejected
LN0004516,CUST002018,RM0026,Business Loan,96735,Rejected
LN0004517,CUST002306,RM0126,Business Loan,266530,Defaulted
LN0004518,CUST001295,RM0233,Home Loan,534400,Active
LN0004519,CUST002161,RM0123,Personal Loan,153421,Approved
LN0004520,CUST002011,RM0161,Education Loan,96575,Defaulted
LN0004521,CUST000664,RM0107,Business Loan,259249,Closed
LN0004522,CUST001394,RM0125,Home Loan,459878,Pending
LN0004523,CUST001664,RM0186,Gold Loan,325918,Defaulted
LN0004524,CUST000116,RM0099,Gold Loan,456141,Rejected
LN0004525,CUST000182,RM0157,Car Loan,203813,Rejected
LN0004526,CUST001683,RM0196,Business Loan,328765,Active
LN0004527,CUST000240,RM0161,Gold Loan,80179,Active
LN0004528,CUST001636,RM0175,Education Loan,135626,Defaulted
LN0004529,CUST001204,RM0245,Education Loan,148711,Pending
LN0004530,CUST000747,RM0015,Education Loan,193199,Approved
LN0004531,CUST001061,RM0135,Personal Loan,579230,Pending
LN0004532,CUST000267,RM0165,Education Loan,464765,Defaulted
LN0004533,CUST002150,RM0157,Gold Loan,78895,Rejected
LN0004534,CUST000408,RM0219,Home Loan,87939,Pending
LN0004535,CUST001060,RM0097,Home Loan,138521,Active
LN0004536,CUST001273,RM0071,Personal Loan,118707,Defaulted
LN0004537,CUST000325,RM0020,Gold Loan,240783,Closed
LN0004538,CUST001356,RM0109,Education Loan,516147,Closed
LN0004539,CUST000399,RM0202,Business Loan,705574,Active
LN0004540,CUST001595,RM0187,Education Loan,262033,Rejected
LN0004541,CUST000478,RM0218,Education Loan,414228,Pending
LN0004542,CUST000370,RM0045,Gold Loan,198973,Defaulted
LN0004543,CUST000291,RM0145,Home Loan,96721,Approved
LN0004544,CUST001671,RM0188,Gold Loan,198756,Rejected
LN0004545,CUST001154,RM0009,Gold Loan,211973,Rejected
LN0004546,CUST001375,RM0150,Gold Loan,321314,Defaulted
LN0004547,CUST001737,RM0179,Car Loan,99662,Active
LN0004548,CUST000015,RM0132,Plot Loan,141871,Active
LN0004549,CUST000119,RM0009,Plot Loan,140519,Defaulted
LN0004550,CUST001900,RM0177,Home Loan,690992,Defaulted
LN0004551,CUST000559,RM0138,Business Loan,167377,Approved
LN0004552,CUST000104,RM0065,Home Loan,331376,Active
LN0004553,CUST002056,RM0213,Home Loan,327909,Pending
LN0004554,CUST002291,RM0033,Business Loan,111725,Closed
LN0004555,CUST002066,RM0188,Car Loan,219665,Approved
LN0004556,CUST002443,RM0211,Plot Loan,499435,Pending
LN0004557,CUST002032,RM0176,Plot Loan,178946,Closed
LN0004558,CUST000134,RM0231,Gold Loan,630512,Pending
LN0004559,CUST001009,RM0084,Home Loan,98276,Active
LN0004560,CUST000419,RM0108,Gold Loan,65410,Rejected
LN0004561,CUST000616,RM0159,Education Loan,494116,Rejected
LN0004562,CUST001912,RM0084,Car Loan,426355,Rejected
LN0004563,CUST001164,RM0080,Home Loan,1030981,Defaulted
LN0004564,CUST001533,RM0179,Education Loan,277508,Approved
LN0004565,CUST000119,RM0153,Home Loan,601935,Closed
LN0004566,CUST001663,RM0035,Personal Loan,400833,Closed
LN0004567,CUST002300,RM0009,Car Loan,422127,Pending
LN0004568,CUST001721,RM0143,Plot Loan,218395,Active
LN0004569,CUST000219,RM0160,Personal Loan,146371,Approved
LN0004570,CUST002030,RM0073,Car Loan,595318,Pending
LN0004571,CUST000200,RM0052,Plot Loan,163168,Rejected
LN0004572,CUST000956,RM0244,Car Loan,204793,Closed
LN0004573,CUST001262,RM0072,Home Loan,168159,Pending
LN0004574,CUST001381,RM0160,Education Loan,216398,Pending
LN0004575,CUST000953,RM0173,Car Loan,177166,Active
LN0004576,CUST001449,RM0111,Plot Loan,59831,Defaulted
LN0004577,CUST001656,RM0095,Plot Loan,477495,Pending
LN0004578,CUST001665,RM0216,Education Loan,167539,Rejected
LN0004579,CUST000636,RM0199,Car Loan,227804,Pending
LN0004580,CUST000992,RM0124,Home Loan,79975,Active
LN0004581,CUST002377,RM0041,Education Loan,50678,Closed
LN0004582,CUST000162,RM0222,Home Loan,106284,Defaulted
LN0004583,CUST002329,RM0198,Car Loan,293875,Active
LN0004584,CUST000040,RM0121,Car Loan,70893,Rejected
LN0004585,CUST002489,RM0040,Car Loan,529131,Active
LN0004586,CUST000449,RM0199,Gold Loan,98420,Active
LN0004587,CUST001130,RM0056,Car Loan,95780,Closed
LN0004588,CUST001515,RM0224,Gold Loan,90058,Pending
LN0004589,CUST000321,RM0076,Gold Loan,52816,Approved
LN0004590,CUST000538,RM0227,Personal Loan,345511,Rejected
LN0004591,CUST001778,RM0015,Plot Loan,465943,Active
LN0004592,CUST002283,RM0058,Home Loan,240467,Active
LN0004593,CUST000356,RM0068,Plot Loan,91700,Active
LN0004594,CUST001302,RM0064,Personal Loan,117172,Pending
LN0004595,CUST000761,RM0114,Gold Loan,179224,Active
LN0004596,CUST000909,RM0230,Business Loan,667332,Closed
LN0004597,CUST000769,RM0082,Plot Loan,106831,Rejected
LN0004598,CUST001811,RM0074,Car Loan,313089,Defaulted
LN0004599,CUST001658,RM0011,Car Loan,165766,Approved
LN0004600,CUST002342,RM0188,Home Loan,120720,Defaulted
LN0004601,CUST001033,RM0158,Car Loan,171730,Approved
LN0004602,CUST000430,RM0222,Plot Loan,64773,Closed
LN0004603,CUST000336,RM0027,Plot Loan,370579,Rejected
LN0004604,CUST001719,RM0243,Plot Loan,105758,Rejected
LN0004605,CUST000518,RM0170,Home Loan,308496,Defaulted
LN0004606,CUST000579,RM0025,Plot Loan,50000,Approved
LN0004607,CUST002206,RM0231,Personal Loan,999999999,Approved
LN0004608,CUST000235,RM0098,Home Loan,64159,Closed
LN0004609,CUST001549,RM0225,Personal Loan,670657,Pending
LN0004610,CUST001096,RM0080,Business Loan,92890,Closed
LN0004611,CUST001050,RM0143,Personal Loan,478675,Approved
LN0004612,CUST000757,RM0159,Personal Loan,381592,Closed
LN0004613,CUST000861,RM0011,Education Loan,737530,Closed
LN0004614,CUST000138,RM0018,Car Loan,179975,Defaulted
LN0004615,CUST002126,RM0034,Car Loan,309947,Closed
LN0004616,CUST002028,RM0086,Education Loan,142632,Active
LN0004617,CUST000954,RM0234,Home Loan,90758,Pending
LN0004618,CUST000778,RM0210,Plot Loan,167065,Pending
LN0004619,CUST000502,RM0148,Gold Loan,86244,Active
LN0004620,CUST000792,RM0124,Business Loan,853973,Approved
LN0004621,CUST000150,RM0057,Business Loan,70239,Closed
LN0004622,CUST001266,RM0138,Gold Loan,227935,Approved
LN0004623,CUST001129,RM0138,Business Loan,246948,Approved
LN0004624,CUST002147,RM0192,Education Loan,204472,Defaulted
LN0004625,CUST002158,RM0017,Personal Loan,267051,Rejected
LN0004626,CUST000272,RM0196,Car Loan,74700,Approved
LN0004627,CUST000023,RM0014,Personal Loan,211944,Pending
LN0004628,CUST000208,RM0121,Plot Loan,117714,Active
LN0004629,CUST001388,RM0129,Personal Loan,613269,Approved
LN0004630,CUST001413,RM0222,Gold Loan,337157,Defaulted
LN0004631,CUST002175,RM0062,Home Loan,768819,Pending
LN0004632,CUST001297,RM0048,Gold Loan,57655,Active
LN0004633,CUST002094,RM0173,Car Loan,117131,Closed
LN0004634,CUST000499,RM0071,Plot Loan,93487,Rejected
LN0004635,CUST002246,RM0190,Plot Loan,52243,Rejected
LN0004636,CUST000406,RM0117,Education Loan,105500,Defaulted
LN0004637,CUST002264,RM0057,Education Loan,277123,Approved
LN0004638,CUST000488,RM0195,Personal Loan,102555,Approved
LN0004639,CUST000970,RM0128,Personal Loan,192263,Rejected
LN0004640,CUST002013,RM0190,Business Loan,487526,Active
LN0004641,CUST002001,RM0094,Personal Loan,286675,Closed
LN0004642,CUST001502,RM0166,Business Loan,150382,Rejected
LN0004643,CUST000992,RM0001,Plot Loan,143192,Rejected
LN0004644,CUST001678,RM0038,Home Loan,171664,Defaulted
LN0004645,CUST002001,RM0138,Personal Loan,88969,Active
LN0004646,CUST000119,RM0014,Plot Loan,251024,Pending
LN0004647,CUST000327,RM0075,Car Loan,140559,Active
LN0004648,CUST000061,RM0015,Education Loan,432602,Active
LN0004649,CUST002101,RM0063,Personal Loan,332570,Rejected
LN0004650,CUST000350,RM0175,Plot Loan,238585,Defaulted
LN0004651,CUST001947,RM0167,Plot Loan,140574,Active
LN0004652,CUST000495,RM0222,Personal Loan,97127,Active
LN0004653,CUST000493,RM0068,Education Loan,349357,Defaulted
LN0004654,CUST002062,RM0007,Personal Loan,183265,Defaulted
LN0004655,CUST001538,RM0153,Education Loan,100913,Approved
LN0004656,CUST002096,RM0156,Personal Loan,93425,Closed
LN0004657,CUST000999,RM0250,Business Loan,86160,Closed
LN0004658,CUST000601,RM0199,Gold Loan,350261,Approved
LN0004659,CUST000644,RM0096,Car Loan,102010,Approved
LN0004660,CUST000006,RM0130,Education Loan,199580,Approved
LN0004661,CUST000110,RM0242,Personal Loan,170130,Active
LN0004662,CUST001578,RM0152,Home Loan,223314,Closed
LN0004663,CUST001597,RM0241,Business Loan,469366,Active
LN0004664,CUST000797,RM0205,Plot Loan,454608,Closed
LN0004665,CUST001810,RM0008,Education Loan,169959,Pending
LN0004666,CUST001370,RM0134,Personal Loan,53097,Pending
LN0004667,CUST000954,RM0137,Business Loan,161179,Active
LN0004668,CUST000807,RM0166,Home Loan,236379,Pending
LN0004669,CUST001159,RM0065,Personal Loan,999999999,Active
LN0004670,CUST002138,RM0250,Personal Loan,213182,Pending
LN0004671,CUST000666,RM0243,Business Loan,260729,Pending
LN0004672,CUST000959,RM0049,Personal Loan,83465,Active
LN0004673,CUST002090,RM0222,Plot Loan,257994,Active
LN0004674,CUST002249,RM0115,Plot Loan,90337,Approved
LN0004675,CUST001784,RM0087,Home Loan,327678,Rejected
LN0004676,CUST001175,RM0228,Home Loan,132826,Rejected
LN0004677,CUST001533,RM0225,Car Loan,297502,Active
LN0004678,CUST000960,RM0141,Business Loan,59809,Defaulted
LN0004679,CUST001008,RM0046,Education Loan,154802,Closed
LN0004680,CUST002342,RM0167,Car Loan,294179,Active
LN0004681,CUST000442,RM0127,Education Loan,101461,Active
LN0004682,CUST001678,RM0197,Car Loan,367229,Active
LN0004683,CUST002382,RM0244,Personal Loan,249272,Closed
LN0004684,CUST000636,RM0092,Car Loan,227133,Rejected
LN0004685,CUST001388,RM0105,Plot Loan,137251,Active
LN0004686,CUST001740,RM0215,Home Loan,181730,Defaulted
LN0004687,CUST000763,RM0072,Education Loan,231937,Rejected
LN0004688,CUST000040,RM0232,Business Loan,177906,Closed
LN0004689,CUST000799,RM0065,Personal Loan,289673,Active
LN0004690,CUST001932,RM0102,Plot Loan,163725,Approved
LN0004691,CUST002408,RM0140,Gold Loan,95197,Defaulted
LN0004692,CUST001365,RM0128,Car Loan,98142,Closed
LN0004693,CUST001077,RM0223,Home Loan,51164,Approved
LN0004694,CUST000380,RM0208,Personal Loan,121608,Defaulted
LN0004695,CUST001347,RM0236,Car Loan,326394,Rejected
LN0004696,CUST002321,RM0192,Gold Loan,366133,Closed
LN0004697,CUST000806,RM0174,Car Loan,95246,Active
LN0004698,CUST002251,RM0162,Gold Loan,689051,Rejected
LN0004699,CUST001160,RM0138,Education Loan,999999999,Defaulted
LN0004700,CUST000750,RM0014,Home Loan,189592,Approved
LN0004701,CUST001204,RM0136,Gold Loan,547731,Approved
LN0004702,CUST000578,RM0232,Gold Loan,295356,Pending
LN0004703,CUST002345,RM0131,Home Loan,999999999,Active
LN0004704,CUST001859,RM0003,Home Loan,306338,Approved
LN0004705,CUST000088,RM0117,Home Loan,67775,Closed
LN0004706,CUST000710,RM0018,Plot Loan,99689,Defaulted
LN0004707,CUST002132,RM0145,Personal Loan,269906,Approved
LN0004708,CUST000279,RM0111,Business Loan,51770,Active
LN0004709,CUST002383,RM0127,Business Loan,301846,Approved
LN0004710,CUST001049,RM0204,Gold Loan,134452,Active
LN0004711,CUST001431,RM0224,Plot Loan,358966,Closed
LN0004712,CUST000869,RM0052,Business Loan,132780,Closed
LN0004713,CUST001664,RM0223,Gold Loan,392220,Pending
LN0004714,CUST001321,RM0188,Business Loan,78012,Active
LN0004715,CUST002254,RM0168,Personal Loan,88080,Pending
LN0004716,CUST000661,RM0234,Education Loan,133368,Pending
LN0004717,CUST002303,RM0194,Home Loan,155014,Approved
LN0004718,CUST001471,RM0165,Gold Loan,135757,Defaulted
LN0004719,CUST000293,RM0240,Plot Loan,338485,Pending
LN0004720,CUST001618,RM0247,Business Loan,70395,Approved
LN0004721,CUST000904,RM0088,Home Loan,136531,Rejected
LN0004722,CUST001782,RM0240,Home Loan,413095,Active
LN0004723,CUST002376,RM0104,Home Loan,63826,Active
LN0004724,CUST000655,RM0072,Business Loan,620650,Defaulted
LN0004725,CUST001296,RM0083,Car Loan,908317,Active
LN0004726,CUST000577,RM0217,Gold Loan,999999999,Pending
LN0004727,CUST000266,RM0058,Education Loan,68547,Active
LN0004728,CUST002001,RM0190,Education Loan,118856,Approved
LN0004729,CUST001471,RM0165,Business Loan,143170,Closed
LN0004730,CUST000293,RM0045,Car Loan,349571,Closed
LN0004731,CUST002129,RM0184,Home Loan,231231,Active
LN0004732,CUST001958,RM0116,Education Loan,256770,Rejected
LN0004733,CUST002110,RM0118,Gold Loan,333358,Rejected
LN0004734,CUST000028,RM0007,Home Loan,50000,Pending
LN0004735,CUST001259,RM0087,Car Loan,75107,Approved
LN0004736,CUST002051,RM0003,Plot Loan,408203,Active
LN0004737,CUST000377,RM0005,Plot Loan,294576,Rejected
LN0004738,CUST001720,RM0208,Car Loan,222238,Closed
LN0004739,CUST001603,RM0250,Gold Loan,490974,Approved
LN0004740,CUST001436,RM0063,Car Loan,290998,Rejected
LN0004741,CUST002486,RM0246,Plot Loan,95054,Closed
LN0004742,CUST001785,RM0178,Plot Loan,162334,Pending
LN0004743,CUST001123,RM0064,Plot Loan,186260,Pending
LN0004744,CUST000561,RM0032,Gold Loan,61360,Rejected
LN0004745,CUST000566,RM0250,Gold Loan,668613,Rejected
LN0004746,CUST000125,RM0124,Home Loan,77525,Approved
LN0004747,CUST000100,RM0099,Education Loan,289109,Pending
LN0004748,CUST000572,RM0101,Education Loan,191137,Closed
LN0004749,CUST002239,RM0224,Business Loan,55193,Active
LN0004750,CUST001094,RM0058,Car Loan,567381,Closed
LN0004751,CUST002271,RM0195,Home Loan,431888,Active
LN0004752,CUST002349,RM0027,Personal Loan,198575,Defaulted
LN0004753,CUST002031,RM0228,Personal Loan,50000,Pending
LN0004754,CUST002300,RM0241,Education Loan,101998,Active
LN0004755,CUST002261,RM0174,Gold Loan,75935,Pending
LN0004756,CUST002384,RM0238,Education Loan,140320,Approved
LN0004757,CUST002417,RM0019,Business Loan,108989,Defaulted
LN0004758,CUST001536,RM0193,Personal Loan,191323,Active
LN0004759,CUST002036,RM0209,Home Loan,728701,Pending
LN0004760,CUST000999,RM0095,Personal Loan,221111,Rejected
LN0004761,CUST001822,RM0238,Education Loan,491329,Pending
LN0004762,CUST002472,RM0226,Car Loan,260467,Rejected
LN0004763,CUST002135,RM0095,Business Loan,178965,Rejected
LN0004764,CUST001155,RM0066,Plot Loan,435663,Closed
LN0004765,CUST000584,RM0197,Car Loan,177492,Approved
LN0004766,CUST001029,RM0005,Plot Loan,455944,Approved
LN0004767,CUST000045,RM0058,Business Loan,118942,Pending
LN0004768,CUST001778,RM0138,Car Loan,77579,Rejected
LN0004769,CUST000510,RM0091,Car Loan,436638,Active
LN0004770,CUST001243,RM0035,Car Loan,227062,Active
LN0004771,CUST001827,RM0125,Car Loan,489811,Rejected
LN0004772,CUST000935,RM0178,Gold Loan,605567,Closed
LN0004773,CUST002331,RM0173,Home Loan,61023,Active
LN0004774,CUST001448,RM0127,Gold Loan,189017,Defaulted
LN0004775,CUST001428,RM0008,Personal Loan,143989,Active
LN0004776,CUST002474,RM0239,Car Loan,246624,Closed
LN0004777,CUST000577,RM0143,Gold Loan,365579,Rejected
LN0004778,CUST001972,RM0156,Car Loan,115864,Active
LN0004779,CUST001900,RM0247,Personal Loan,212746,Active
LN0004780,CUST000368,RM0191,Education Loan,296699,Defaulted
LN0004781,CUST000291,RM0216,Education Loan,78873,Pending
LN0004782,CUST001712,RM0045,Car Loan,386473,Pending
LN0004783,CUST000474,RM0137,Education Loan,236336,Approved
LN0004784,CUST000040,RM0093,Personal Loan,647304,Defaulted
LN0004785,CUST000861,RM0109,Plot Loan,132960,Approved
LN0004786,CUST001562,RM0052,Home Loan,72890,Pending
LN0004787,CUST001236,RM0007,Education Loan,191246,Defaulted
LN0004788,CUST002368,RM0021,Plot Loan,67943,Pending
LN0004789,CUST002330,RM0004,Business Loan,748179,Closed
LN0004790,CUST001493,RM0001,Car Loan,57890,Rejected
LN0004791,CUST000231,RM0160,Plot Loan,330081,Closed
LN0004792,CUST002126,RM0024,Home Loan,198931,Approved
LN0004793,CUST000145,RM0136,Plot Loan,141969,Rejected
LN0004794,CUST001839,RM0006,Home Loan,63621,Pending
LN0004795,CUST002285,RM0205,Plot Loan,244660,Active
LN0004796,CUST001072,RM0073,Business Loan,226001,Closed
LN0004797,CUST000259,RM0051,Car Loan,115946,Approved
LN0004798,CUST001341,RM0180,Plot Loan,532082,Closed
LN0004799,CUST002386,RM0119,Car Loan,122512,Pending
LN0004800,CUST002330,RM0178,Gold Loan,169467,Defaulted
LN0004801,CUST002133,RM0188,Gold Loan,206948,Pending
LN0004802,CUST000486,RM0219,Car Loan,71123,Approved
LN0004803,CUST001551,RM0222,Car Loan,588125,Rejected
LN0004804,CUST001166,RM0036,Home Loan,143852,Closed
LN0004805,CUST000207,RM0062,Education Loan,66845,Approved
LN0004806,CUST001728,RM0089,Education Loan,147973,Rejected
LN0004807,CUST000739,RM0249,Home Loan,233359,Defaulted
LN0004808,CUST000330,RM0121,Home Loan,194166,Rejected
LN0004809,CUST000251,RM0084,Gold Loan,287188,Closed
LN0004810,CUST001004,RM0050,Gold Loan,61416,Defaulted
LN0004811,CUST000196,RM0145,Home Loan,116966,Active
LN0004812,CUST000581,RM0044,Education Loan,392106,Rejected
LN0004813,CUST002434,RM0141,Car Loan,66653,Active
LN0004814,CUST001375,RM0063,Plot Loan,436875,Pending
LN0004815,CUST000624,RM0152,Education Loan,69279,Approved
LN0004816,CUST001779,RM0071,Business Loan,409701,Approved
LN0004817,CUST000607,RM0007,Plot Loan,236072,Rejected
LN0004818,CUST001680,RM0179,Personal Loan,139503,Active
LN0004819,CUST001005,RM0064,Personal Loan,239457,Approved
LN0004820,CUST001407,RM0072,Car Loan,83184,Rejected
LN0004821,CUST001379,RM0198,Personal Loan,63691,Pending
LN0004822,CUST000311,RM0035,Gold Loan,98653,Active
LN0004823,CUST000976,RM0080,Business Loan,77359,Closed
LN0004824,CUST000930,RM0229,Personal Loan,124911,Rejected
LN0004825,CUST000161,RM0004,Car Loan,194467,Approved
LN0004826,CUST001588,RM0154,Gold Loan,227715,Active
LN0004827,CUST002357,RM0168,Gold Loan,362003,Rejected
LN0004828,CUST001573,RM0017,Car Loan,263562,Pending
LN0004829,CUST000868,RM0010,Education Loan,237685,Pending
LN0004830,CUST001387,RM0164,Gold Loan,156131,Active
LN0004831,CUST000853,RM0077,Home Loan,178417,Approved
LN0004832,CUST000837,RM0236,Plot Loan,157064,Rejected
LN0004833,CUST002427,RM0063,Home Loan,419242,Pending
LN0004834,CUST001870,RM0092,Education Loan,102273,Closed
LN0004835,CUST002209,RM0096,Plot Loan,51147,Active
LN0004836,CUST001085,RM0018,Home Loan,260720,Defaulted
LN0004837,CUST000095,RM0145,Plot Loan,95245,Rejected
LN0004838,CUST001620,RM0108,Car Loan,491664,Active
LN0004839,CUST001003,RM0188,Car Loan,441864,Rejected
LN0004840,CUST002373,RM0048,Gold Loan,65966,Approved
LN0004841,CUST002381,RM0158,Car Loan,72496,Approved
LN0004842,CUST001534,RM0234,Plot Loan,186707,Rejected
LN0004843,CUST002269,RM0231,Business Loan,237923,Approved
LN0004844,CUST002023,RM0196,Business Loan,114291,Approved
LN0004845,CUST002358,RM0042,Gold Loan,302318,Active
LN0004846,CUST000623,RM0011,Gold Loan,66801,Approved
LN0004847,CUST001240,RM0107,Business Loan,230732,Defaulted
LN0004848,CUST001545,RM0001,Business Loan,128556,Rejected
LN0004849,CUST000844,RM0099,Home Loan,55139,Approved
LN0004850,CUST002191,RM0173,Education Loan,327379,Pending
LN0004851,CUST001952,RM0228,Plot Loan,98351,Approved
LN0004852,CUST001177,RM0080,Plot Loan,409725,Defaulted
LN0004853,CUST001508,RM0118,Education Loan,159045,Defaulted
LN0004854,CUST001049,RM0080,Education Loan,222113,Defaulted
LN0004855,CUST000295,RM0165,Personal Loan,462632,Closed
LN0004856,CUST002158,RM0097,Business Loan,448466,Defaulted
LN0004857,CUST000445,RM0052,Education Loan,142890,Approved
LN0004858,CUST001441,RM0225,Home Loan,96863,Pending
LN0004859,CUST000211,RM0196,Car Loan,348460,Rejected
LN0004860,CUST002059,RM0124,Personal Loan,163507,Approved
LN0004861,CUST000452,RM0241,Plot Loan,92649,Closed
LN0004862,CUST002150,RM0204,Car Loan,519569,Defaulted
LN0004863,CUST000897,RM0128,Car Loan,94155,Approved
LN0004864,CUST000849,RM0023,Education Loan,55229,Defaulted
LN0004865,CUST000557,RM0161,Education Loan,54097,Pending
LN0004866,CUST001921,RM0114,Car Loan,244739,Pending
LN0004867,CUST002043,RM0245,Home Loan,266749,Approved
LN0004868,CUST002418,RM0069,Personal Loan,124514,Defaulted
LN0004869,CUST001597,RM0150,Home Loan,127135,Approved
LN0004870,CUST001023,RM0184,Business Loan,132949,Pending
LN0004871,CUST000275,RM0070,Business Loan,277985,Pending
LN0004872,CUST000309,RM0238,Gold Loan,61978,Active
LN0004873,CUST001861,RM0080,Personal Loan,579343,Defaulted
LN0004874,CUST001334,RM0064,Plot Loan,100339,Pending
LN0004875,CUST001990,RM0169,Business Loan,1655235,Defaulted
LN0004876,CUST000907,RM0112,Plot Loan,87633,Approved
LN0004877,CUST002499,RM0165,Plot Loan,345284,Active
LN0004878,CUST001082,RM0014,Plot Loan,100569,Approved
LN0004879,CUST000970,RM0002,Personal Loan,66860,Approved
LN0004880,CUST001674,RM0060,Business Loan,465781,Closed
LN0004881,CUST000660,RM0238,Personal Loan,441446,Pending
LN0004882,CUST000081,RM0104,Car Loan,153358,Pending
LN0004883,CUST001034,RM0218,Education Loan,292398,Closed
LN0004884,CUST001143,RM0215,Personal Loan,212866,Pending
LN0004885,CUST001213,RM0210,Business Loan,433404,Defaulted
LN0004886,CUST002231,RM0121,Plot Loan,125683,Active
LN0004887,CUST001343,RM0186,Business Loan,198329,Closed
LN0004888,CUST001220,RM0096,Business Loan,182862,Pending
LN0004889,CUST001108,RM0079,Business Loan,137362,Defaulted
LN0004890,CUST002225,RM0147,Home Loan,494118,Pending
LN0004891,CUST000145,RM0037,Car Loan,86275,Closed
LN0004892,CUST001967,RM0164,Education Loan,82388,Approved
LN0004893,CUST002106,RM0073,Education Loan,222033,Approved
LN0004894,CUST002063,RM0229,Plot Loan,264293,Active
LN0004895,CUST002047,RM0102,Gold Loan,93288,Closed
LN0004896,CUST001459,RM0064,Personal Loan,149094,Closed
LN0004897,CUST000037,RM0239,Education Loan,635853,Closed
LN0004898,CUST002450,RM0047,Education Loan,106636,Active
LN0004899,CUST000870,RM0023,Education Loan,270741,Pending
LN0004900,CUST000580,RM0023,Home Loan,319529,Defaulted
LN0004901,CUST000373,RM0164,Gold Loan,168888,Active
LN0004902,CUST001066,RM0215,Business Loan,604600,Rejected
LN0004903,CUST001307,RM0031,Home Loan,316859,Active
LN0004904,CUST000871,RM0162,Gold Loan,172470,Active
LN0004905,CUST001683,RM0080,Business Loan,218485,Defaulted
LN0004906,CUST001330,RM0153,Business Loan,285929,Defaulted
LN0004907,CUST001978,RM0134,Car Loan,229390,Pending
LN0004908,CUST001027,RM0074,Home Loan,471893,Pending
LN0004909,CUST001315,RM0003,Gold Loan,138287,Pending
LN0004910,CUST000746,RM0145,Personal Loan,121302,Defaulted
LN0004911,CUST001689,RM0139,Personal Loan,98118,Defaulted
LN0004912,CUST001819,RM0172,Gold Loan,57703,Active
LN0004913,CUST000408,RM0185,Plot Loan,58793,Pending
LN0004914,CUST001498,RM0147,Car Loan,458129,Active
LN0004915,CUST001030,RM0098,Gold Loan,276885,Pending
LN0004916,CUST001220,RM0032,Plot Loan,266075,Active
LN0004917,CUST001192,RM0062,Car Loan,240716,Closed
LN0004918,CUST002424,RM0010,Home Loan,428385,Approved
LN0004919,CUST000594,RM0019,Education Loan,180887,Approved
LN0004920,CUST002369,RM0003,Gold Loan,458677,Pending
LN0004921,CUST001113,RM0217,Personal Loan,139084,Approved
LN0004922,CUST000388,RM0082,Education Loan,572659,Closed
LN0004923,CUST002253,RM0142,Car Loan,289901,Rejected
LN0004924,CUST001901,RM0207,Home Loan,109459,Pending
LN0004925,CUST002435,RM0018,Gold Loan,216061,Defaulted
LN0004926,CUST000507,RM0108,Business Loan,202298,Approved
LN0004927,CUST000911,RM0052,Personal Loan,79676,Closed
LN0004928,CUST002462,RM0002,Car Loan,228926,Rejected
LN0004929,CUST002314,RM0233,Education Loan,125604,Approved
LN0004930,CUST000860,RM0100,Business Loan,60753,Closed
LN0004931,CUST002440,RM0060,Gold Loan,643842,Active
LN0004932,CUST000900,RM0038,Plot Loan,255159,Active
LN0004933,CUST001201,RM0214,Home Loan,468982,Approved
LN0004934,CUST002115,RM0182,Gold Loan,275436,Defaulted
LN0004935,CUST000264,RM0010,Car Loan,138317,Pending
LN0004936,CUST001013,RM0078,Car Loan,50000,Defaulted
LN0004937,CUST000644,RM0095,Personal Loan,193770,Pending
LN0004938,CUST000214,RM0152,Business Loan,275246,Approved
LN0004939,CUST000842,RM0031,Personal Loan,695040,Pending
LN0004940,CUST001617,RM0233,Home Loan,108517,Closed
LN0004941,CUST001800,RM0056,Home Loan,465851,Defaulted
LN0004942,CUST002228,RM0088,Education Loan,565609,Defaulted
LN0004943,CUST001794,RM0052,Gold Loan,271984,Rejected
LN0004944,CUST000139,RM0228,Personal Loan,585504,Pending
LN0004945,CUST000738,RM0147,Education Loan,151459,Defaulted
LN0004946,CUST001461,RM0031,Business Loan,661590,Pending
LN0004947,CUST000335,RM0234,Plot Loan,999999999,Rejected
LN0004948,CUST000210,RM0168,Education Loan,114944,Closed
LN0004949,CUST000770,RM0005,Plot Loan,292658,Active
LN0004950,CUST001742,RM0185,Personal Loan,58582,Closed
LN0004951,CUST000468,RM0190,Business Loan,524757,Active
LN0004952,CUST001571,RM0002,Education Loan,182513,Pending
LN0004953,CUST000128,RM0124,Gold Loan,173358,Approved
LN0004954,CUST002084,RM0021,Home Loan,217157,Defaulted
LN0004955,CUST001495,RM0202,Business Loan,82359,Active
LN0004956,CUST000767,RM0197,Gold Loan,176661,Closed
LN0004957,CUST001056,RM0176,Personal Loan,405721,Closed
LN0004958,CUST000578,RM0169,Personal Loan,53120,Active
LN0004959,CUST000573,RM0229,Plot Loan,113742,Rejected
LN0004960,CUST001080,RM0231,Gold Loan,50491,Active
LN0004961,CUST001823,RM0185,Education Loan,157472,Pending
LN0004962,CUST001250,RM0238,Personal Loan,310622,Pending
LN0004963,CUST000898,RM0200,Gold Loan,370663,Closed
LN0004964,CUST001634,RM0053,Home Loan,630775,Defaulted
LN0004965,CUST000997,RM0238,Home Loan,237556,Rejected
LN0004966,CUST001961,RM0230,Education Loan,108774,Closed
LN0004967,CUST000689,RM0217,Personal Loan,565794,Active
LN0004968,CUST000968,RM0033,Education Loan,348611,Approved
LN0004969,CUST000533,RM0078,Car Loan,220864,Active
LN0004970,CUST001956,RM0061,Home Loan,287908,Approved
LN0004971,CUST001713,RM0215,Car Loan,566238,Defaulted
LN0004972,CUST002147,RM0195,Home Loan,299232,Approved
LN0004973,CUST002298,RM0045,Gold Loan,141891,Closed
LN0004974,CUST000995,RM0059,Car Loan,299674,Closed
LN0004975,CUST001538,RM0019,Business Loan,1115820,Approved
LN0004976,CUST000749,RM0046,Plot Loan,577977,Defaulted
LN0004977,CUST002434,RM0131,Personal Loan,58222,Active
LN0004978,CUST002158,RM0078,Personal Loan,147687,Defaulted
LN0004979,CUST000542,RM0106,Education Loan,154283,Closed
LN0004980,CUST000764,RM0118,Education Loan,86505,Defaulted
LN0004981,CUST000364,RM0149,Education Loan,54671,Defaulted
LN0004982,CUST001271,RM0080,Home Loan,78631,Approved
LN0004983,CUST002298,RM0248,Gold Loan,262622,Active
LN0004984,CUST002401,RM0247,Plot Loan,374189,Rejected
LN0004985,CUST002075,RM0173,Plot Loan,937990,Active
LN0004986,CUST000210,RM0071,Business Loan,135040,Rejected
LN0004987,CUST000381,RM0095,Education Loan,232947,Closed
LN0004988,CUST000555,RM0133,Home Loan,603384,Approved
LN0004989,CUST002256,RM0072,Business Loan,86554,Closed
LN0004990,CUST000284,RM0139,Personal Loan,302918,Pending
LN0004991,CUST001574,RM0037,Education Loan,331282,Pending
LN0004992,CUST002012,RM0033,Car Loan,68637,Pending
LN0004993,CUST001150,RM0141,Education Loan,445015,Defaulted
LN0004994,CUST001088,RM0236,Personal Loan,385441,Pending
LN0004995,CUST001176,RM0128,Education Loan,56794,Approved
LN0004996,CUST000643,RM0040,Home Loan,69100,Pending
LN0004997,CUST000441,RM0189,Personal Loan,60074,Closed
LN0004998,CUST002083,RM0160,Home Loan,131516,Approved
LN0004999,CUST000405,RM0077,Plot Loan,192379,Active
LN0005000,CUST000739,RM0184,Home Loan,202006,Approved
LN0005001,CUST002279,RM0188,Business Loan,112303,Closed
LN0005002,CUST002288,RM0114,Gold Loan,535169,Pending
LN0005003,CUST001861,RM0095,Personal Loan,141856,Pending
LN0005004,CUST002169,RM0151,Home Loan,59324,Approved
LN0005005,CUST000537,RM0133,Education Loan,121399,Pending
LN0005006,CUST001867,RM0114,Gold Loan,201477,Pending
LN0005007,CUST000449,RM0017,Education Loan,154924,Pending
LN0005008,CUST000547,RM0067,Business Loan,113997,Rejected
LN0005009,CUST000199,RM0151,Personal Loan,78156,Defaulted
LN0005010,CUST001008,RM0037,Gold Loan,392033,Rejected
LN0005011,CUST001170,RM0022,Personal Loan,1161689,Defaulted
LN0005012,CUST001401,RM0176,Business Loan,129958,Defaulted
LN0005013,CUST002160,RM0098,Personal Loan,146130,Defaulted
LN0005014,CUST000792,RM0199,Business Loan,242486,Rejected
LN0005015,CUST002226,RM0149,Plot Loan,303482,Closed
LN0005016,CUST001718,RM0163,Business Loan,149525,Pending
LN0005017,CUST000949,RM0157,Personal Loan,520627,Closed
LN0005018,CUST000747,RM0018,Gold Loan,214197,Closed
LN0005019,CUST000327,RM0027,Car Loan,169709,Pending
LN0005020,CUST002424,RM0001,Personal Loan,258072,Approved
LN0005021,CUST001182,RM0041,Car Loan,660688,Active
LN0005022,CUST000480,RM0204,Home Loan,366512,Approved
LN0005023,CUST000750,RM0168,Education Loan,58167,Approved
LN0005024,CUST001633,RM0172,Car Loan,130786,Pending
LN0005025,CUST000022,RM0107,Education Loan,177181,Rejected
LN0005026,CUST001999,RM0155,Education Loan,125526,Active
LN0005027,CUST000827,RM0106,Home Loan,290919,Active
LN0005028,CUST000580,RM0126,Car Loan,400049,Approved
LN0005029,CUST000839,RM0147,Car Loan,312865,Pending
LN0005030,CUST000367,RM0026,Business Loan,958125,Pending
LN0005031,CUST002103,RM0001,Plot Loan,113641,Defaulted
LN0005032,CUST002448,RM0008,Plot Loan,465871,Active
LN0005033,CUST000051,RM0190,Personal Loan,341019,Closed
LN0005034,CUST002001,RM0210,Education Loan,139939,Defaulted
LN0005035,CUST000307,RM0196,Business Loan,314945,Rejected
LN0005036,CUST001440,RM0101,Home Loan,71979,Pending
LN0005037,CUST002029,RM0154,Personal Loan,361495,Active
LN0005038,CUST000043,RM0028,Home Loan,999999999,Rejected
LN0005039,CUST001758,RM0029,Plot Loan,201998,Closed
LN0005040,CUST000438,RM0199,Car Loan,119144,Approved
LN0005041,CUST000480,RM0143,Business Loan,263293,Defaulted
LN0005042,CUST000791,RM0215,Car Loan,255232,Approved
LN0005043,CUST002426,RM0163,Business Loan,97014,Approved
LN0005044,CUST000605,RM0054,Car Loan,56173,Defaulted
LN0005045,CUST002035,RM0120,Gold Loan,163698,Rejected
LN0005046,CUST002227,RM0162,Business Loan,218567,Pending
LN0005047,CUST001995,RM0198,Education Loan,468473,Active
LN0005048,CUST001042,RM0129,Personal Loan,576820,Rejected
LN0005049,CUST000533,RM0110,Education Loan,200496,Approved
LN0005050,CUST000993,RM0219,Business Loan,330325,Rejected
LN0005051,CUST001467,RM0152,Car Loan,165715,Defaulted
LN0005052,CUST002287,RM0023,Home Loan,324148,Defaulted
LN0005053,CUST002183,RM0172,Business Loan,95832,Closed
LN0005054,CUST001629,RM0235,Business Loan,142745,Pending
LN0005055,CUST000402,RM0191,Gold Loan,251149,Active
LN0005056,CUST001575,RM0179,Personal Loan,53664,Rejected
LN0005057,CUST002430,RM0176,Car Loan,306358,Approved
LN0005058,CUST001253,RM0175,Personal Loan,411012,Defaulted
LN0005059,CUST002295,RM0021,Gold Loan,151879,Defaulted
LN0005060,CUST001483,RM0080,Business Loan,168820,Active
LN0005061,CUST000639,RM0195,Personal Loan,431140,Rejected
LN0005062,CUST002054,RM0250,Plot Loan,348913,Active
LN0005063,CUST000163,RM0058,Gold Loan,117977,Defaulted
LN0005064,CUST001891,RM0122,Plot Loan,128305,Closed
LN0005065,CUST000858,RM0005,Business Loan,277186,Defaulted
LN0005066,CUST000856,RM0057,Education Loan,215655,Defaulted
LN0005067,CUST000183,RM0170,Plot Loan,85402,Active
LN0005068,CUST000974,RM0082,Business Loan,124192,Pending
LN0005069,CUST000499,RM0042,Gold Loan,510483,Approved
LN0005070,CUST002063,RM0053,Home Loan,283062,Rejected
LN0005071,CUST001980,RM0120,Home Loan,903373,Defaulted
LN0005072,CUST002187,RM0005,Car Loan,341354,Approved
LN0005073,CUST001731,RM0043,Business Loan,619374,Pending
LN0005074,CUST000449,RM0006,Business Loan,98717,Closed
LN0005075,CUST001418,RM0220,Gold Loan,345230,Active
LN0005076,CUST000393,RM0249,Gold Loan,54084,Active
LN0005077,CUST001706,RM0160,Business Loan,272193,Defaulted
LN0005078,CUST001309,RM0034,Home Loan,176704,Defaulted
LN0005079,CUST001066,RM0027,Plot Loan,135162,Active
LN0005080,CUST001604,RM0018,Home Loan,446687,Active
LN0005081,CUST002466,RM0183,Car Loan,435196,Rejected
LN0005082,CUST000831,RM0103,Home Loan,54510,Pending
LN0005083,CUST001365,RM0120,Home Loan,238068,Closed
LN0005084,CUST002306,RM0057,Car Loan,141720,Pending
LN0005085,CUST000078,RM0014,Car Loan,157454,Closed
LN0005086,CUST002284,RM0019,Business Loan,406806,Closed
LN0005087,CUST000351,RM0154,Personal Loan,124166,Rejected
LN0005088,CUST001409,RM0156,Personal Loan,623112,Approved
LN0005089,CUST002481,RM0083,Plot Loan,89600,Rejected
LN0005090,CUST001194,RM0063,Business Loan,267369,Rejected
LN0005091,CUST001137,RM0072,Business Loan,273012,Closed
LN0005092,CUST002027,RM0129,Personal Loan,108122,Approved
LN0005093,CUST000900,RM0006,Personal Loan,128534,Active
LN0005094,CUST002090,RM0203,Education Loan,410117,Pending
LN0005095,CUST000614,RM0233,Home Loan,336933,Closed
LN0005096,CUST002149,RM0002,Personal Loan,129825,Defaulted
LN0005097,CUST000193,RM0194,Business Loan,202695,Rejected
LN0005098,CUST001191,RM0128,Car Loan,62732,Pending
LN0005099,CUST001459,RM0035,Home Loan,96827,Active
LN0005100,CUST001462,RM0091,Gold Loan,183036,Active
LN0005101,CUST001083,RM0013,Business Loan,67979,Closed
LN0005102,CUST001232,RM0152,Education Loan,420725,Rejected
LN0005103,CUST002164,RM0114,Business Loan,303174,Approved
LN0005104,CUST000052,RM0068,Personal Loan,625176,Defaulted
LN0005105,CUST001904,RM0205,Personal Loan,286485,Closed
LN0005106,CUST001148,RM0200,Car Loan,614024,Approved
LN0005107,CUST002098,RM0205,Business Loan,211717,Pending
LN0005108,CUST000482,RM0035,Plot Loan,233367,Closed
LN0005109,CUST000662,RM0077,Personal Loan,804200,Active
LN0005110,CUST000184,RM0048,Business Loan,255516,Defaulted
LN0005111,CUST000139,RM0026,Personal Loan,56254,Closed
LN0005112,CUST001975,RM0177,Home Loan,307328,Pending
LN0005113,CUST000451,RM0153,Home Loan,521764,Closed
LN0005114,CUST000146,RM0092,Gold Loan,367515,Active
LN0005115,CUST001691,RM0248,Plot Loan,225333,Approved
LN0005116,CUST000960,RM0202,Home Loan,272524,Rejected
LN0005117,CUST001794,RM0195,Car Loan,974907,Active
LN0005118,CUST002020,RM0019,Business Loan,69007,Closed
LN0005119,CUST002370,RM0208,Gold Loan,270069,Rejected
LN0005120,CUST002309,RM0120,Gold Loan,116646,Pending
LN0005121,CUST000474,RM0087,Business Loan,254380,Pending
LN0005122,CUST000634,RM0116,Gold Loan,237106,Active
LN0005123,CUST001547,RM0074,Education Loan,83318,Defaulted
LN0005124,CUST002458,RM0076,Business Loan,96322,Active
LN0005125,CUST000058,RM0246,Car Loan,244376,Defaulted
LN0005126,CUST000776,RM0100,Gold Loan,77445,Rejected
LN0005127,CUST000344,RM0011,Education Loan,111626,Rejected
LN0005128,CUST001769,RM0072,Home Loan,410659,Closed
LN0005129,CUST000407,RM0151,Education Loan,129229,Closed
LN0005130,CUST000138,RM0032,Plot Loan,183909,Active
LN0005131,CUST000756,RM0040,Car Loan,616519,Closed
LN0005132,CUST000346,RM0239,Personal Loan,101533,Active
LN0005133,CUST002078,RM0023,Education Loan,148736,Active
LN0005134,CUST000118,RM0219,Car Loan,236513,Defaulted
LN0005135,CUST001647,RM0199,Gold Loan,331576,Pending
LN0005136,CUST001962,RM0224,Car Loan,513851,Approved
LN0005137,CUST001599,RM0032,Gold Loan,544136,Rejected
LN0005138,CUST001634,RM0039,Business Loan,349794,Rejected
LN0005139,CUST000490,RM0011,Home Loan,101839,Defaulted
LN0005140,CUST001044,RM0128,Personal Loan,55024,Approved
LN0005141,CUST001182,RM0186,Education Loan,146828,Approved
LN0005142,CUST000231,RM0107,Business Loan,80525,Active
LN0005143,CUST001850,RM0149,Plot Loan,297842,Defaulted
LN0005144,CUST001649,RM0213,Business Loan,266428,Rejected
LN0005145,CUST002216,RM0202,Car Loan,58993,Defaulted
LN0005146,CUST002078,RM0075,Gold Loan,412303,Active
LN0005147,CUST001352,RM0127,Personal Loan,107201,Defaulted
LN0005148,CUST001295,RM0024,Personal Loan,163206,Closed
LN0005149,CUST002208,RM0142,Education Loan,270484,Defaulted
LN0005150,CUST002160,RM0107,Home Loan,162219,Pending
LN0005151,CUST001543,RM0215,Gold Loan,166424,Closed
LN0005152,CUST000749,RM0158,Home Loan,63576,Defaulted
LN0005153,CUST000337,RM0101,Car Loan,152646,Pending
LN0005154,CUST000754,RM0161,Gold Loan,339504,Defaulted
LN0005155,CUST000466,RM0201,Plot Loan,543436,Closed
LN0005156,CUST001863,RM0062,Car Loan,156715,Active
LN0005157,CUST000915,RM0157,Plot Loan,160185,Defaulted
LN0005158,CUST002211,RM0113,Car Loan,292553,Defaulted
LN0005159,CUST001040,RM0153,Gold Loan,622142,Defaulted
LN0005160,CUST001845,RM0249,Plot Loan,112138,Defaulted
LN0005161,CUST000418,RM0156,Car Loan,166015,Defaulted
LN0005162,CUST000477,RM0002,Business Loan,367900,Defaulted
LN0005163,CUST002427,RM0052,Education Loan,238164,Approved
LN0005164,CUST001476,RM0211,Car Loan,73438,Active
LN0005165,CUST001107,RM0119,Personal Loan,247628,Approved
LN0005166,CUST002038,RM0191,Plot Loan,91342,Pending
LN0005167,CUST000216,RM0154,Home Loan,192758,Approved
LN0005168,CUST001408,RM0227,Personal Loan,200623,Rejected
LN0005169,CUST000383,RM0133,Gold Loan,467823,Defaulted
LN0005170,CUST001306,RM0188,Plot Loan,174163,Approved
LN0005171,CUST001732,RM0064,Business Loan,115545,Defaulted
LN0005172,CUST001721,RM0233,Plot Loan,102524,Rejected
LN0005173,CUST001351,RM0233,Gold Loan,464694,Closed
LN0005174,CUST002500,RM0202,Car Loan,87509,Closed
LN0005175,CUST001761,RM0098,Gold Loan,160979,Active
LN0005176,CUST002387,RM0122,Plot Loan,91447,Active
LN0005177,CUST002025,RM0015,Home Loan,346829,Defaulted
LN0005178,CUST001722,RM0209,Home Loan,178632,Pending
LN0005179,CUST001791,RM0195,Gold Loan,136508,Defaulted
LN0005180,CUST000946,RM0137,Education Loan,139601,Active
LN0005181,CUST000061,RM0114,Gold Loan,432398,Rejected
LN0005182,CUST001385,RM0035,Plot Loan,211385,Defaulted
LN0005183,CUST000501,RM0040,Personal Loan,303075,Pending
LN0005184,CUST000803,RM0048,Car Loan,504680,Closed
LN0005185,CUST000266,RM0156,Plot Loan,514031,Closed
LN0005186,CUST001604,RM0210,Car Loan,129650,Active
LN0005187,CUST000610,RM0045,Plot Loan,659200,Closed
LN0005188,CUST001774,RM0164,Gold Loan,55038,Approved
LN0005189,CUST001114,RM0199,Personal Loan,144588,Rejected
LN0005190,CUST000218,RM0122,Plot Loan,502286,Defaulted
LN0005191,CUST000027,RM0227,Business Loan,114216,Pending
LN0005192,CUST000464,RM0144,Education Loan,113788,Approved
LN0005193,CUST000998,RM0036,Gold Loan,122085,Active
LN0005194,CUST001320,RM0079,Education Loan,239511,Active
LN0005195,CUST001183,RM0029,Car Loan,165369,Approved
LN0005196,CUST001914,RM0216,Education Loan,309462,Closed
LN0005197,CUST001521,RM0231,Gold Loan,500588,Closed
LN0005198,CUST001531,RM0116,Personal Loan,274293,Pending
LN0005199,CUST001715,RM0154,Gold Loan,95748,Rejected
LN0005200,CUST001366,RM0249,Gold Loan,589665,Defaulted
LN0005201,CUST000638,RM0081,Personal Loan,111439,Pending
LN0005202,CUST001624,RM0135,Education Loan,82478,Defaulted
LN0005203,CUST000293,RM0014,Business Loan,68854,Approved
LN0005204,CUST002221,RM0233,Home Loan,428085,Pending
LN0005205,CUST001931,RM0201,Business Loan,215740,Defaulted
LN0005206,CUST002437,RM0085,Personal Loan,74154,Closed
LN0005207,CUST001239,RM0234,Education Loan,79880,Active
LN0005208,CUST002187,RM0204,Home Loan,121343,Pending
LN0005209,CUST001184,RM0056,Personal Loan,116160,Approved
LN0005210,CUST000458,RM0142,Business Loan,235389,Rejected
LN0005211,CUST000431,RM0064,Home Loan,389375,Active
LN0005212,CUST000105,RM0158,Personal Loan,336551,Approved
LN0005213,CUST000084,RM0010,Home Loan,110893,Rejected
LN0005214,CUST000287,RM0148,Plot Loan,106289,Defaulted
LN0005215,CUST001294,RM0018,Car Loan,725056,Active
LN0005216,CUST000075,RM0095,Education Loan,51654,Active
LN0005217,CUST000937,RM0020,Plot Loan,473587,Approved
LN0005218,CUST000550,RM0133,Gold Loan,94560,Pending
LN0005219,CUST001960,RM0043,Plot Loan,638568,Approved
LN0005220,CUST000957,RM0108,Education Loan,133803,Closed
LN0005221,CUST001054,RM0035,Car Loan,166089,Active
LN0005222,CUST000356,RM0171,Home Loan,295598,Defaulted
LN0005223,CUST001564,RM0117,Education Loan,227185,Rejected
LN0005224,CUST000900,RM0029,Gold Loan,126527,Defaulted
LN0005225,CUST001067,RM0002,Home Loan,211411,Approved
LN0005226,CUST000052,RM0150,Plot Loan,312390,Pending
LN0005227,CUST001232,RM0109,Gold Loan,58651,Pending
LN0005228,CUST002251,RM0040,Education Loan,52252,Defaulted
LN0005229,CUST001511,RM0119,Personal Loan,172522,Active
LN0005230,CUST002154,RM0241,Business Loan,78275,Defaulted
LN0005231,CUST000170,RM0216,Business Loan,268333,Approved
LN0005232,CUST001921,RM0248,Personal Loan,98173,Active
LN0005233,CUST002083,RM0111,Education Loan,163426,Closed
LN0005234,CUST001771,RM0232,Gold Loan,94047,Active
LN0005235,CUST002386,RM0175,Education Loan,209028,Approved
LN0005236,CUST002379,RM0076,Personal Loan,74671,Pending
LN0005237,CUST000818,RM0081,Car Loan,54675,Pending
LN0005238,CUST002241,RM0118,Gold Loan,60497,Defaulted
LN0005239,CUST001882,RM0046,Gold Loan,666949,Approved
LN0005240,CUST000156,RM0038,Plot Loan,80696,Pending
LN0005241,CUST000212,RM0134,Education Loan,296528,Closed
LN0005242,CUST000546,RM0015,Plot Loan,64068,Closed
LN0005243,CUST000596,RM0180,Car Loan,72893,Pending
LN0005244,CUST002175,RM0245,Business Loan,192211,Active
LN0005245,CUST000611,RM0142,Home Loan,175049,Active
LN0005246,CUST001109,RM0104,Car Loan,655569,Active
LN0005247,CUST000861,RM0152,Education Loan,629486,Pending
LN0005248,CUST000844,RM0186,Gold Loan,352470,Active
LN0005249,CUST000641,RM0003,Education Loan,234311,Rejected
LN0005250,CUST001958,RM0062,Plot Loan,171379,Rejected
LN0005251,CUST001757,RM0196,Car Loan,138066,Closed
LN0005252,CUST001644,RM0237,Car Loan,637823,Active
LN0005253,CUST001008,RM0023,Car Loan,234717,Rejected
LN0005254,CUST000253,RM0092,Gold Loan,223058,Approved
LN0005255,CUST000046,RM0181,Home Loan,102767,Rejected
LN0005256,CUST001204,RM0001,Business Loan,59564,Closed
LN0005257,CUST001699,RM0013,Home Loan,630771,Active
LN0005258,CUST000350,RM0162,Gold Loan,125298,Defaulted
LN0005259,CUST000917,RM0127,Education Loan,166890,Defaulted
LN0005260,CUST000564,RM0181,Plot Loan,74352,Approved
LN0005261,CUST001288,RM0098,Business Loan,412708,Closed
LN0005262,CUST002202,RM0056,Home Loan,55604,Approved
LN0005263,CUST000223,RM0150,Home Loan,409142,Defaulted
LN0005264,CUST001884,RM0221,Education Loan,80230,Defaulted
LN0005265,CUST001399,RM0170,Car Loan,485303,Closed
LN0005266,CUST000635,RM0158,Car Loan,311698,Defaulted
LN0005267,CUST001358,RM0054,Gold Loan,85985,Active
LN0005268,CUST001708,RM0135,Education Loan,216858,Approved
LN0005269,CUST000758,RM0182,Plot Loan,124984,Approved
LN0005270,CUST001776,RM0136,Home Loan,89259,Rejected
LN0005271,CUST002336,RM0050,Education Loan,442057,Closed
LN0005272,CUST001115,RM0190,Business Loan,153342,Closed
LN0005273,CUST000338,RM0097,Home Loan,151680,Approved
LN0005274,CUST001798,RM0118,Gold Loan,87238,Rejected
LN0005275,CUST000080,RM0034,Plot Loan,146598,Rejected
LN0005276,CUST000245,RM0171,Education Loan,213578,Rejected
LN0005277,CUST002000,RM0235,Business Loan,460547,Active
LN0005278,CUST000126,RM0237,Education Loan,140237,Rejected
LN0005279,CUST002176,RM0094,Gold Loan,655665,Closed
LN0005280,CUST002476,RM0084,Home Loan,634901,Active
LN0005281,CUST001421,RM0159,Plot Loan,81307,Closed
LN0005282,CUST000910,RM0047,Business Loan,89035,Defaulted
LN0005283,CUST002040,RM0051,Personal Loan,447079,Closed
LN0005284,CUST000545,RM0071,Home Loan,149766,Closed
LN0005285,CUST001961,RM0006,Home Loan,50876,Pending
LN0005286,CUST002051,RM0100,Car Loan,114005,Rejected
LN0005287,CUST002384,RM0104,Home Loan,232076,Closed
LN0005288,CUST000035,RM0101,Education Loan,371154,Defaulted
LN0005289,CUST000514,RM0246,Business Loan,78632,Pending
LN0005290,CUST000983,RM0153,Plot Loan,73428,Rejected
LN0005291,CUST001000,RM0210,Gold Loan,560447,Closed
LN0005292,CUST001342,RM0101,Car Loan,328179,Rejected
LN0005293,CUST000083,RM0231,Personal Loan,228212,Approved
LN0005294,CUST001487,RM0097,Gold Loan,343229,Pending
LN0005295,CUST001544,RM0044,Car Loan,162022,Pending
LN0005296,CUST000217,RM0027,Personal Loan,334140,Rejected
LN0005297,CUST001313,RM0092,Gold Loan,142980,Defaulted
LN0005298,CUST000904,RM0138,Business Loan,105967,Closed
LN0005299,CUST002274,RM0205,Home Loan,311137,Active
LN0005300,CUST000498,RM0089,Personal Loan,158832,Active
LN0005301,CUST001300,RM0185,Home Loan,846672,Pending
LN0005302,CUST001358,RM0149,Gold Loan,135998,Defaulted
LN0005303,CUST002260,RM0127,Car Loan,559511,Defaulted
LN0005304,CUST002044,RM0013,Home Loan,590500,Rejected
LN0005305,CUST002124,RM0150,Gold Loan,105375,Closed
LN0005306,CUST000443,RM0120,Plot Loan,370116,Pending
LN0005307,CUST001218,RM0027,Education Loan,163505,Active
LN0005308,CUST000673,RM0052,Personal Loan,549051,Approved
LN0005309,CUST002353,RM0138,Gold Loan,169612,Pending
LN0005310,CUST001023,RM0117,Personal Loan,322752,Defaulted
LN0005311,CUST001554,RM0006,Business Loan,175834,Pending
LN0005312,CUST002269,RM0163,Car Loan,101702,Closed
LN0005313,CUST000423,RM0056,Personal Loan,94466,Approved
LN0005314,CUST001538,RM0117,Gold Loan,160827,Defaulted
LN0005315,CUST000023,RM0095,Home Loan,331703,Rejected
LN0005316,CUST001323,RM0192,Education Loan,235810,Closed
LN0005317,CUST000723,RM0182,Business Loan,283354,Defaulted
LN0005318,CUST001693,RM0194,Home Loan,116348,Defaulted
LN0005319,CUST002035,RM0206,Education Loan,181338,Rejected
LN0005320,CUST002315,RM0031,Gold Loan,59082,Active
LN0005321,CUST001742,RM0240,Personal Loan,390236,Rejected
LN0005322,CUST000435,RM0011,Education Loan,968888,Pending
LN0005323,CUST000101,RM0184,Home Loan,154471,Rejected
LN0005324,CUST000776,RM0093,Gold Loan,52204,Closed
LN0005325,CUST001007,RM0016,Business Loan,87215,Approved
LN0005326,CUST002213,RM0224,Car Loan,261413,Closed
LN0005327,CUST000073,RM0180,Gold Loan,239390,Defaulted
LN0005328,CUST002102,RM0211,Personal Loan,360106,Pending
LN0005329,CUST001206,RM0117,Plot Loan,108574,Approved
LN0005330,CUST000799,RM0110,Car Loan,338473,Approved
LN0005331,CUST002146,RM0003,Plot Loan,282940,Active
LN0005332,CUST001220,RM0039,Car Loan,127962,Active
LN0005333,CUST000153,RM0213,Plot Loan,207706,Defaulted
LN0005334,CUST001787,RM0075,Business Loan,81863,Rejected
LN0005335,CUST001323,RM0198,Education Loan,170502,Closed
LN0005336,CUST001163,RM0225,Gold Loan,476058,Rejected
LN0005337,CUST001606,RM0123,Car Loan,159356,Active
LN0005338,CUST000759,RM0031,Car Loan,415975,Approved
LN0005339,CUST002398,RM0004,Personal Loan,228443,Approved
LN0005340,CUST000054,RM0220,Personal Loan,92608,Defaulted
LN0005341,CUST002281,RM0001,Home Loan,224027,Pending
LN0005342,CUST000269,RM0240,Education Loan,191037,Defaulted
LN0005343,CUST001526,RM0216,Home Loan,151712,Defaulted
LN0005344,CUST002415,RM0213,Plot Loan,75482,Closed
LN0005345,CUST002009,RM0187,Personal Loan,157813,Defaulted
LN0005346,CUST000657,RM0051,Home Loan,65109,Approved
LN0005347,CUST001573,RM0163,Personal Loan,70798,Pending
LN0005348,CUST002447,RM0050,Education Loan,157542,Pending
LN0005349,CUST000614,RM0087,Business Loan,122878,Rejected
LN0005350,CUST001054,RM0079,Business Loan,569510,Defaulted
LN0005351,CUST001167,RM0209,Home Loan,144226,Pending
LN0005352,CUST000238,RM0189,Home Loan,333646,Active
LN0005353,CUST000809,RM0186,Education Loan,201109,Defaulted
LN0005354,CUST000334,RM0006,Plot Loan,293537,Pending
LN0005355,CUST000958,RM0229,Business Loan,110252,Closed
LN0005356,CUST000241,RM0140,Car Loan,619135,Approved
LN0005357,CUST001326,RM0247,Business Loan,201042,Rejected
LN0005358,CUST001893,RM0214,Personal Loan,405955,Closed
LN0005359,CUST002152,RM0105,Home Loan,140840,Rejected
LN0005360,CUST002180,RM0087,Gold Loan,999999999,Active
LN0005361,CUST002044,RM0104,Plot Loan,71119,Rejected
LN0005362,CUST001851,RM0143,Gold Loan,273994,Pending
LN0005363,CUST001980,RM0173,Gold Loan,51557,Active
LN0005364,CUST001067,RM0043,Personal Loan,178983,Approved
LN0005365,CUST001308,RM0004,Education Loan,92837,Active
LN0005366,CUST000526,RM0084,Plot Loan,247436,Closed
LN0005367,CUST002199,RM0082,Gold Loan,826685,Active
LN0005368,CUST000512,RM0099,Personal Loan,209369,Active
LN0005369,CUST000151,RM0132,Plot Loan,174874,Closed
LN0005370,CUST000827,RM0032,Car Loan,390199,Approved
LN0005371,CUST001949,RM0034,Business Loan,191767,Defaulted
LN0005372,CUST001954,RM0194,Plot Loan,186972,Rejected
LN0005373,CUST002453,RM0212,Business Loan,583065,Closed
LN0005374,CUST001566,RM0035,Gold Loan,491392,Closed
LN0005375,CUST000426,RM0024,Car Loan,358169,Defaulted
LN0005376,CUST001142,RM0024,Gold Loan,120268,Rejected
LN0005377,CUST002151,RM0044,Plot Loan,207495,Rejected
LN0005378,CUST001157,RM0054,Car Loan,100694,Defaulted
LN0005379,CUST001132,RM0056,Education Loan,167367,Rejected
LN0005380,CUST000101,RM0229,Business Loan,999999999,Active
LN0005381,CUST001890,RM0239,Car Loan,182412,Active
LN0005382,CUST002102,RM0082,Car Loan,406330,Approved
LN0005383,CUST001413,RM0172,Car Loan,999999999,Closed
LN0005384,CUST002276,RM0031,Home Loan,502727,Active
LN0005385,CUST001357,RM0010,Gold Loan,157098,Approved
LN0005386,CUST000610,RM0203,Plot Loan,53572,Pending
LN0005387,CUST001814,RM0074,Business Loan,445772,Pending
LN0005388,CUST000121,RM0238,Plot Loan,88299,Closed
LN0005389,CUST001282,RM0006,Plot Loan,244509,Active
LN0005390,CUST000666,RM0158,Gold Loan,55057,Closed
LN0005391,CUST000684,RM0193,Business Loan,152000,Active
LN0005392,CUST002221,RM0238,Plot Loan,903173,Closed
LN0005393,CUST000385,RM0222,Gold Loan,71226,Rejected
LN0005394,CUST002259,RM0104,Gold Loan,160223,Pending
LN0005395,CUST001970,RM0172,Business Loan,123388,Approved
LN0005396,CUST002374,RM0228,Gold Loan,520961,Approved
LN0005397,CUST001713,RM0143,Personal Loan,457031,Defaulted
LN0005398,CUST001711,RM0221,Plot Loan,104282,Pending
LN0005399,CUST001361,RM0071,Car Loan,66934,Approved
LN0005400,CUST000259,RM0161,Car Loan,247309,Closed
LN0005401,CUST001306,RM0061,Plot Loan,132005,Pending
LN0005402,CUST002099,RM0183,Business Loan,272999,Closed
LN0005403,CUST000102,RM0171,Business Loan,56529,Closed
LN0005404,CUST000264,RM0197,Gold Loan,78635,Defaulted
LN0005405,CUST000189,RM0135,Business Loan,281909,Rejected
LN0005406,CUST002201,RM0130,Home Loan,97745,Active
LN0005407,CUST001276,RM0060,Education Loan,439805,Rejected
LN0005408,CUST000792,RM0240,Business Loan,62075,Approved
LN0005409,CUST002278,RM0135,Business Loan,98537,Pending
LN0005410,CUST000218,RM0075,Car Loan,1358656,Closed
LN0005411,CUST002083,RM0023,Business Loan,163506,Approved
LN0005412,CUST001810,RM0168,Plot Loan,292781,Pending
LN0005413,CUST001043,RM0001,Business Loan,90340,Approved
LN0005414,CUST001799,RM0201,Education Loan,238254,Rejected
LN0005415,CUST002464,RM0121,Home Loan,309002,Rejected
LN0005416,CUST001889,RM0210,Business Loan,125514,Approved
LN0005417,CUST000663,RM0146,Gold Loan,403098,Approved
LN0005418,CUST000507,RM0122,Education Loan,234974,Closed
LN0005419,CUST002320,RM0125,Car Loan,148571,Defaulted
LN0005420,CUST001479,RM0130,Business Loan,213127,Defaulted
LN0005421,CUST000422,RM0224,Car Loan,221963,Closed
LN0005422,CUST000948,RM0185,Business Loan,86192,Closed
LN0005423,CUST002301,RM0044,Personal Loan,153077,Active
LN0005424,CUST001746,RM0191,Education Loan,134145,Pending
LN0005425,CUST000513,RM0209,Business Loan,152466,Closed
LN0005426,CUST002309,RM0238,Plot Loan,336350,Active
LN0005427,CUST000263,RM0092,Home Loan,181763,Pending
LN0005428,CUST002439,RM0062,Education Loan,613738,Rejected
LN0005429,CUST002234,RM0122,Home Loan,119536,Defaulted
LN0005430,CUST002477,RM0064,Education Loan,157469,Approved
LN0005431,CUST000118,RM0169,Car Loan,359252,Approved
LN0005432,CUST001588,RM0111,Gold Loan,207942,Pending
LN0005433,CUST001719,RM0240,Car Loan,208385,Defaulted
LN0005434,CUST000001,RM0166,Plot Loan,60963,Approved
LN0005435,CUST001714,RM0177,Business Loan,151698,Pending
LN0005436,CUST002286,RM0002,Plot Loan,113143,Closed
LN0005437,CUST001675,RM0217,Car Loan,1513181,Rejected
LN0005438,CUST000137,RM0152,Plot Loan,123736,Closed
LN0005439,CUST002496,RM0059,Home Loan,481690,Pending
LN0005440,CUST001018,RM0056,Gold Loan,275546,Closed
LN0005441,CUST001925,RM0205,Car Loan,133380,Rejected
LN0005442,CUST001736,RM0074,Gold Loan,206848,Rejected
LN0005443,CUST001103,RM0021,Personal Loan,417187,Rejected
LN0005444,CUST001319,RM0044,Plot Loan,479746,Defaulted
LN0005445,CUST001500,RM0008,Education Loan,84964,Pending
LN0005446,CUST000067,RM0125,Business Loan,132973,Active
LN0005447,CUST002160,RM0180,Business Loan,131660,Defaulted
LN0005448,CUST000147,RM0008,Gold Loan,58590,Defaulted
LN0005449,CUST001218,RM0089,Car Loan,232378,Active
LN0005450,CUST000637,RM0211,Business Loan,435956,Rejected
LN0005451,CUST001126,RM0198,Business Loan,146115,Rejected
LN0005452,CUST000574,RM0166,Plot Loan,319442,Rejected
LN0005453,CUST000775,RM0130,Education Loan,247611,Defaulted
LN0005454,CUST002220,RM0059,Personal Loan,144208,Approved
LN0005455,CUST000139,RM0100,Business Loan,80411,Defaulted
LN0005456,CUST001989,RM0017,Business Loan,297109,Closed
LN0005457,CUST001113,RM0134,Gold Loan,435605,Pending
LN0005458,CUST001251,RM0135,Personal Loan,281579,Approved
LN0005459,CUST001853,RM0225,Home Loan,53608,Active
LN0005460,CUST000447,RM0150,Personal Loan,98728,Approved
LN0005461,CUST000888,RM0130,Gold Loan,64402,Approved
LN0005462,CUST002059,RM0166,Gold Loan,218973,Defaulted
LN0005463,CUST002164,RM0058,Business Loan,332509,Active
LN0005464,CUST000667,RM0081,Plot Loan,73436,Approved
LN0005465,CUST000348,RM0005,Home Loan,414449,Rejected
LN0005466,CUST001945,RM0026,Personal Loan,212165,Defaulted
LN0005467,CUST002256,RM0200,Education Loan,284216,Active
LN0005468,CUST000171,RM0156,Gold Loan,760882,Approved
LN0005469,CUST002065,RM0193,Gold Loan,67478,Pending
LN0005470,CUST000620,RM0030,Personal Loan,512980,Rejected
LN0005471,CUST002218,RM0001,Business Loan,76958,Defaulted
LN0005472,CUST002235,RM0074,Personal Loan,149831,Pending
LN0005473,CUST001142,RM0142,Car Loan,431351,Approved
LN0005474,CUST001576,RM0220,Gold Loan,523433,Defaulted
LN0005475,CUST001007,RM0197,Plot Loan,191194,Closed
LN0005476,CUST002390,RM0091,Gold Loan,230331,Active
LN0005477,CUST001851,RM0096,Plot Loan,389309,Defaulted
LN0005478,CUST000664,RM0121,Business Loan,296301,Rejected
LN0005479,CUST000729,RM0130,Personal Loan,407663,Rejected
LN0005480,CUST002469,RM0201,Gold Loan,75910,Pending
LN0005481,CUST001148,RM0174,Personal Loan,382219,Pending
LN0005482,CUST000011,RM0215,Education Loan,181276,Pending
LN0005483,CUST000521,RM0234,Gold Loan,169794,Approved
LN0005484,CUST000962,RM0023,Home Loan,160294,Rejected
LN0005485,CUST000012,RM0033,Personal Loan,192348,Closed
LN0005486,CUST001844,RM0132,Education Loan,630268,Defaulted
LN0005487,CUST001334,RM0093,Personal Loan,208904,Defaulted
LN0005488,CUST000577,RM0171,Home Loan,999999999,Approved
LN0005489,CUST001845,RM0215,Gold Loan,662278,Defaulted
LN0005490,CUST000701,RM0168,Home Loan,89760,Rejected
LN0005491,CUST000012,RM0123,Car Loan,307569,Active
LN0005492,CUST001869,RM0178,Plot Loan,384517,Closed
LN0005493,CUST000668,RM0125,Home Loan,277343,Rejected
LN0005494,CUST001831,RM0250,Education Loan,236749,Rejected
LN0005495,CUST001409,RM0180,Business Loan,216395,Defaulted
LN0005496,CUST001904,RM0028,Education Loan,444556,Closed
LN0005497,CUST002280,RM0092,Plot Loan,394797,Approved
LN0005498,CUST001034,RM0113,Home Loan,76087,Rejected
LN0005499,CUST001521,RM0188,Gold Loan,427549,Active
LN0005500,CUST000017,RM0023,Personal Loan,156910,Active
LN0005501,CUST000267,RM0172,Car Loan,108524,Approved
LN0005502,CUST000788,RM0176,Business Loan,457688,Closed
LN0005503,CUST000427,RM0126,Business Loan,163135,Active
LN0005504,CUST000436,RM0112,Education Loan,380432,Active
LN0005505,CUST000831,RM0071,Home Loan,111143,Pending
LN0005506,CUST000030,RM0049,Home Loan,50787,Closed
LN0005507,CUST001414,RM0159,Education Loan,186821,Active
LN0005508,CUST001184,RM0019,Car Loan,71122,Closed
LN0005509,CUST001473,RM0157,Gold Loan,330790,Approved
LN0005510,CUST000797,RM0083,Education Loan,114613,Approved
LN0005511,CUST002303,RM0128,Home Loan,167269,Active
LN0005512,CUST000693,RM0193,Education Loan,68211,Rejected
LN0005513,CUST000277,RM0201,Personal Loan,117559,Pending
LN0005514,CUST001272,RM0232,Gold Loan,354184,Defaulted
LN0005515,CUST000045,RM0137,Business Loan,82877,Closed
LN0005516,CUST002261,RM0115,Education Loan,258347,Defaulted
LN0005517,CUST000332,RM0067,Gold Loan,548811,Closed
LN0005518,CUST002089,RM0228,Plot Loan,277784,Defaulted
LN0005519,CUST001345,RM0027,Car Loan,383224,Approved
LN0005520,CUST001976,RM0118,Business Loan,73075,Closed
LN0005521,CUST001093,RM0031,Education Loan,107731,Active
LN0005522,CUST002493,RM0101,Education Loan,499882,Defaulted
LN0005523,CUST002445,RM0144,Home Loan,301127,Approved
LN0005524,CUST000896,RM0083,Plot Loan,254082,Active
LN0005525,CUST001640,RM0041,Plot Loan,267990,Defaulted
LN0005526,CUST000952,RM0245,Business Loan,156955,Pending
LN0005527,CUST000176,RM0030,Business Loan,59115,Approved
LN0005528,CUST002396,RM0049,Car Loan,356904,Pending
LN0005529,CUST000851,RM0042,Car Loan,277084,Defaulted
LN0005530,CUST001656,RM0241,Gold Loan,178036,Pending
LN0005531,CUST002197,RM0235,Business Loan,510036,Rejected
LN0005532,CUST000075,RM0034,Personal Loan,131942,Closed
LN0005533,CUST000027,RM0054,Education Loan,119719,Closed
LN0005534,CUST002416,RM0060,Business Loan,462393,Closed
LN0005535,CUST001207,RM0029,Personal Loan,368897,Rejected
LN0005536,CUST001513,RM0165,Business Loan,194712,Pending
LN0005537,CUST002332,RM0041,Home Loan,78021,Pending
LN0005538,CUST001724,RM0012,Gold Loan,98432,Closed
LN0005539,CUST002315,RM0112,Personal Loan,263555,Defaulted
LN0005540,CUST000651,RM0054,Education Loan,147240,Pending
LN0005541,CUST001389,RM0105,Plot Loan,412155,Pending
LN0005542,CUST000904,RM0220,Plot Loan,648966,Approved
LN0005543,CUST000724,RM0223,Car Loan,377605,Closed
LN0005544,CUST001609,RM0175,Education Loan,144816,Pending
LN0005545,CUST001134,RM0036,Business Loan,360882,Defaulted
LN0005546,CUST000043,RM0169,Plot Loan,136600,Approved
LN0005547,CUST002430,RM0034,Education Loan,86568,Pending
LN0005548,CUST000978,RM0153,Car Loan,56792,Closed
LN0005549,CUST000253,RM0218,Gold Loan,147459,Defaulted
LN0005550,CUST001487,RM0068,Personal Loan,517765,Defaulted
LN0005551,CUST001764,RM0108,Gold Loan,104620,Pending
LN0005552,CUST000032,RM0092,Gold Loan,133276,Active
LN0005553,CUST000551,RM0247,Home Loan,96263,Pending
LN0005554,CUST001482,RM0129,Personal Loan,750120,Rejected
LN0005555,CUST001698,RM0228,Business Loan,55064,Approved
LN0005556,CUST001378,RM0231,Plot Loan,358152,Approved
LN0005557,CUST000285,RM0106,Personal Loan,127535,Pending
LN0005558,CUST001913,RM0016,Plot Loan,57641,Active
LN0005559,CUST000330,RM0206,Business Loan,549726,Closed
LN0005560,CUST000360,RM0054,Gold Loan,80081,Closed
LN0005561,CUST001122,RM0240,Plot Loan,210493,Defaulted
LN0005562,CUST001894,RM0118,Car Loan,114055,Pending
LN0005563,CUST002282,RM0212,Personal Loan,63482,Approved
LN0005564,CUST000947,RM0022,Home Loan,60242,Approved
LN0005565,CUST001956,RM0248,Business Loan,836866,Approved
LN0005566,CUST001616,RM0159,Car Loan,74559,Active
LN0005567,CUST000704,RM0019,Gold Loan,64808,Closed
LN0005568,CUST002161,RM0157,Business Loan,335888,Pending
LN0005569,CUST001715,RM0039,Home Loan,182937,Active
LN0005570,CUST000835,RM0178,Home Loan,133981,Closed
LN0005571,CUST000385,RM0078,Car Loan,158383,Approved
LN0005572,CUST002064,RM0065,Car Loan,578865,Closed
LN0005573,CUST000717,RM0150,Plot Loan,533266,Defaulted
LN0005574,CUST002371,RM0048,Gold Loan,95448,Approved
LN0005575,CUST002258,RM0175,Car Loan,301528,Approved
LN0005576,CUST002007,RM0058,Education Loan,482013,Approved
LN0005577,CUST000379,RM0233,Gold Loan,127029,Active
LN0005578,CUST001359,RM0247,Business Loan,145965,Approved
LN0005579,CUST000725,RM0156,Plot Loan,240234,Defaulted
LN0005580,CUST000975,RM0143,Personal Loan,245434,Pending
LN0005581,CUST000295,RM0214,Plot Loan,181440,Approved
LN0005582,CUST001889,RM0192,Car Loan,152384,Active
LN0005583,CUST000606,RM0168,Education Loan,906332,Rejected
LN0005584,CUST000051,RM0197,Gold Loan,394212,Pending
LN0005585,CUST000936,RM0170,Home Loan,164178,Closed
LN0005586,CUST000036,RM0225,Business Loan,309871,Approved
LN0005587,CUST000644,RM0245,Gold Loan,112822,Closed
LN0005588,CUST000953,RM0047,Plot Loan,71109,Approved
LN0005589,CUST001594,RM0016,Plot Loan,136905,Closed
LN0005590,CUST000016,RM0246,Home Loan,153158,Defaulted
LN0005591,CUST002064,RM0042,Home Loan,53335,Pending
LN0005592,CUST001153,RM0153,Personal Loan,387255,Active
LN0005593,CUST002381,RM0170,Gold Loan,139005,Active
LN0005594,CUST000817,RM0182,Business Loan,223699,Defaulted
LN0005595,CUST002499,RM0047,Education Loan,65368,Defaulted
LN0005596,CUST002454,RM0069,Home Loan,88473,Approved
LN0005597,CUST000917,RM0026,Home Loan,490898,Rejected
LN0005598,CUST001973,RM0167,Home Loan,237649,Approved
LN0005599,CUST001427,RM0104,Personal Loan,650285,Defaulted
LN0005600,CUST000307,RM0246,Plot Loan,1386927,Defaulted
LN0005601,CUST002221,RM0029,Plot Loan,142998,Rejected
LN0005602,CUST000039,RM0119,Business Loan,120993,Defaulted
LN0005603,CUST001372,RM0039,Gold Loan,440887,Approved
LN0005604,CUST001736,RM0143,Plot Loan,1365895,Defaulted
LN0005605,CUST001196,RM0148,Personal Loan,248656,Approved
LN0005606,CUST000939,RM0093,Home Loan,367086,Defaulted
LN0005607,CUST001581,RM0036,Personal Loan,354419,Pending
LN0005608,CUST000570,RM0215,Plot Loan,137806,Defaulted
LN0005609,CUST001716,RM0164,Business Loan,220790,Approved
LN0005610,CUST000645,RM0128,Gold Loan,408020,Approved
LN0005611,CUST002133,RM0210,Business Loan,283023,Defaulted
LN0005612,CUST001632,RM0092,Business Loan,54278,Defaulted
LN0005613,CUST000464,RM0057,Gold Loan,132107,Closed
LN0005614,CUST000532,RM0186,Home Loan,81208,Closed
LN0005615,CUST000261,RM0048,Business Loan,103046,Rejected
LN0005616,CUST000429,RM0116,Car Loan,521808,Rejected
LN0005617,CUST001609,RM0040,Gold Loan,57518,Pending
LN0005618,CUST000422,RM0001,Gold Loan,99641,Closed
LN0005619,CUST002236,RM0104,Plot Loan,124087,Active
LN0005620,CUST001480,RM0024,Home Loan,241883,Closed
LN0005621,CUST000800,RM0089,Education Loan,202757,Active
LN0005622,CUST001891,RM0193,Gold Loan,99249,Rejected
LN0005623,CUST000183,RM0108,Home Loan,85883,Closed
LN0005624,CUST001935,RM0143,Gold Loan,104046,Rejected
LN0005625,CUST002344,RM0087,Business Loan,189643,Defaulted
LN0005626,CUST001091,RM0178,Education Loan,113265,Rejected
LN0005627,CUST000808,RM0175,Personal Loan,639779,Pending
LN0005628,CUST000062,RM0215,Plot Loan,174673,Active
LN0005629,CUST000651,RM0001,Gold Loan,62119,Approved
LN0005630,CUST000944,RM0075,Education Loan,311323,Defaulted
LN0005631,CUST001087,RM0169,Plot Loan,129751,Active
LN0005632,CUST000591,RM0128,Plot Loan,261968,Active
LN0005633,CUST000060,RM0191,Personal Loan,115588,Active
LN0005634,CUST000559,RM0080,Gold Loan,219140,Active
LN0005635,CUST000136,RM0127,Gold Loan,345815,Defaulted
LN0005636,CUST000809,RM0179,Personal Loan,576242,Approved
LN0005637,CUST000424,RM0187,Gold Loan,110525,Defaulted
LN0005638,CUST000008,RM0072,Plot Loan,131550,Pending
LN0005639,CUST001146,RM0056,Gold Loan,51596,Active
LN0005640,CUST002492,RM0155,Education Loan,174823,Pending
LN0005641,CUST000329,RM0047,Plot Loan,573938,Closed
LN0005642,CUST001029,RM0079,Car Loan,513310,Closed
LN0005643,CUST001461,RM0026,Home Loan,68835,Active
LN0005644,CUST002163,RM0082,Business Loan,78296,Closed
LN0005645,CUST000552,RM0191,Personal Loan,186841,Closed
LN0005646,CUST002463,RM0190,Car Loan,72548,Closed
LN0005647,CUST000887,RM0080,Education Loan,134801,Approved
LN0005648,CUST002057,RM0177,Plot Loan,82124,Pending
LN0005649,CUST000595,RM0129,Plot Loan,252142,Closed
LN0005650,CUST002316,RM0242,Personal Loan,647138,Defaulted
LN0005651,CUST000107,RM0230,Education Loan,76934,Active
LN0005652,CUST002294,RM0184,Business Loan,1194823,Active
LN0005653,CUST002295,RM0019,Car Loan,144077,Defaulted
LN0005654,CUST000531,RM0046,Business Loan,232765,Active
LN0005655,CUST002407,RM0076,Personal Loan,437960,Closed
LN0005656,CUST002301,RM0077,Education Loan,74990,Active
LN0005657,CUST001751,RM0240,Car Loan,283955,Defaulted
LN0005658,CUST001075,RM0057,Education Loan,155134,Active
LN0005659,CUST001477,RM0013,Education Loan,96171,Active
LN0005660,CUST001002,RM0243,Home Loan,153085,Active
LN0005661,CUST002378,RM0054,Plot Loan,65800,Approved
LN0005662,CUST001323,RM0222,Education Loan,287755,Rejected
LN0005663,CUST000948,RM0174,Business Loan,108269,Pending
LN0005664,CUST000657,RM0133,Car Loan,124620,Active
LN0005665,CUST000840,RM0216,Home Loan,75812,Rejected
LN0005666,CUST001189,RM0201,Gold Loan,999999999,Active
LN0005667,CUST002008,RM0179,Home Loan,449991,Rejected
LN0005668,CUST002184,RM0114,Plot Loan,186024,Closed
LN0005669,CUST000264,RM0125,Education Loan,219795,Pending
LN0005670,CUST001059,RM0122,Business Loan,218530,Pending
LN0005671,CUST002150,RM0171,Gold Loan,155693,Defaulted
LN0005672,CUST000121,RM0075,Home Loan,92769,Rejected
LN0005673,CUST000350,RM0108,Business Loan,323402,Approved
LN0005674,CUST000812,RM0227,Business Loan,77176,Active
LN0005675,CUST001997,RM0212,Personal Loan,71934,Active
LN0005676,CUST002211,RM0158,Car Loan,297674,Defaulted
LN0005677,CUST000431,RM0195,Gold Loan,96850,Pending
LN0005678,CUST001894,RM0102,Personal Loan,225518,Defaulted
LN0005679,CUST001363,RM0176,Plot Loan,123279,Pending
LN0005680,CUST002437,RM0163,Plot Loan,178958,Active
LN0005681,CUST000494,RM0159,Education Loan,169331,Approved
LN0005682,CUST001562,RM0015,Gold Loan,296597,Closed
LN0005683,CUST000733,RM0194,Personal Loan,245331,Closed
LN0005684,CUST001536,RM0031,Gold Loan,256787,Pending
LN0005685,CUST002495,RM0108,Business Loan,300390,Active
LN0005686,CUST002169,RM0179,Education Loan,119235,Defaulted
LN0005687,CUST001759,RM0161,Gold Loan,127819,Active
LN0005688,CUST002268,RM0035,Business Loan,165249,Closed
LN0005689,CUST001818,RM0015,Home Loan,123478,Defaulted
LN0005690,CUST001865,RM0155,Education Loan,889114,Active
LN0005691,CUST002338,RM0118,Business Loan,458733,Approved
LN0005692,CUST001563,RM0118,Personal Loan,386457,Pending
LN0005693,CUST000328,RM0114,Personal Loan,85982,Approved
LN0005694,CUST000393,RM0153,Gold Loan,51121,Approved
LN0005695,CUST002369,RM0220,Personal Loan,58745,Rejected
LN0005696,CUST001670,RM0132,Business Loan,105959,Approved
LN0005697,CUST000471,RM0052,Plot Loan,74273,Active
LN0005698,CUST000057,RM0024,Gold Loan,202430,Approved
LN0005699,CUST002470,RM0184,Education Loan,440378,Closed
LN0005700,CUST001214,RM0028,Car Loan,316930,Defaulted
LN0005701,CUST000827,RM0088,Home Loan,98569,Pending
LN0005702,CUST002213,RM0005,Education Loan,151931,Approved
LN0005703,CUST002118,RM0225,Personal Loan,191812,Approved
LN0005704,CUST000597,RM0234,Business Loan,382363,Rejected
LN0005705,CUST001707,RM0102,Business Loan,415421,Active
LN0005706,CUST001842,RM0096,Home Loan,530964,Defaulted
LN0005707,CUST000881,RM0101,Car Loan,192362,Closed
LN0005708,CUST001148,RM0200,Gold Loan,287013,Approved
LN0005709,CUST000793,RM0241,Plot Loan,73711,Closed
LN0005710,CUST000239,RM0031,Plot Loan,216614,Pending
LN0005711,CUST000426,RM0028,Plot Loan,107187,Pending
LN0005712,CUST001184,RM0022,Plot Loan,999999999,Defaulted
LN0005713,CUST001871,RM0045,Gold Loan,163027,Closed
LN0005714,CUST000461,RM0248,Plot Loan,251051,Closed
LN0005715,CUST001222,RM0040,Personal Loan,109408,Defaulted
LN0005716,CUST000691,RM0055,Gold Loan,60719,Closed
LN0005717,CUST001389,RM0037,Plot Loan,52057,Defaulted
LN0005718,CUST000724,RM0101,Gold Loan,54481,Approved
LN0005719,CUST000596,RM0053,Personal Loan,51676,Approved
LN0005720,CUST002449,RM0012,Plot Loan,73386,Closed
LN0005721,CUST000729,RM0046,Home Loan,104752,Approved
LN0005722,CUST002247,RM0016,Gold Loan,100005,Pending
LN0005723,CUST002133,RM0014,Personal Loan,915456,Closed
LN0005724,CUST001262,RM0126,Car Loan,123058,Defaulted
LN0005725,CUST000931,RM0105,Personal Loan,77260,Active
LN0005726,CUST000889,RM0236,Home Loan,207738,Rejected
LN0005727,CUST000435,RM0021,Car Loan,440325,Active
LN0005728,CUST001089,RM0002,Education Loan,276678,Active
LN0005729,CUST001190,RM0125,Plot Loan,120218,Defaulted
LN0005730,CUST001089,RM0004,Plot Loan,214932,Approved
LN0005731,CUST002471,RM0174,Car Loan,300952,Rejected
LN0005732,CUST000689,RM0095,Plot Loan,310467,Active
LN0005733,CUST001495,RM0072,Plot Loan,269645,Defaulted
LN0005734,CUST000347,RM0145,Personal Loan,459294,Pending
LN0005735,CUST001846,RM0185,Plot Loan,458206,Approved
LN0005736,CUST001861,RM0054,Plot Loan,222994,Active
LN0005737,CUST000929,RM0202,Personal Loan,162373,Pending
LN0005738,CUST002207,RM0139,Business Loan,255204,Active
LN0005739,CUST001716,RM0146,Car Loan,390982,Closed
LN0005740,CUST000071,RM0170,Personal Loan,51133,Closed
LN0005741,CUST002206,RM0132,Education Loan,1015587,Defaulted
LN0005742,CUST000512,RM0176,Home Loan,90397,Active
LN0005743,CUST001041,RM0234,Home Loan,177069,Approved
LN0005744,CUST000974,RM0229,Gold Loan,461191,Rejected
LN0005745,CUST001067,RM0166,Home Loan,100988,Rejected
LN0005746,CUST002264,RM0163,Plot Loan,179556,Defaulted
LN0005747,CUST002275,RM0009,Education Loan,78446,Pending
LN0005748,CUST002364,RM0039,Car Loan,150530,Rejected
LN0005749,CUST001988,RM0179,Gold Loan,88992,Approved
LN0005750,CUST001103,RM0063,Plot Loan,140394,Defaulted
LN0005751,CUST001503,RM0187,Personal Loan,143509,Closed
LN0005752,CUST000102,RM0004,Gold Loan,1047309,Rejected
LN0005753,CUST002063,RM0161,Education Loan,1102321,Approved
LN0005754,CUST000226,RM0162,Business Loan,74385,Defaulted
LN0005755,CUST002093,RM0056,Home Loan,308902,Approved
LN0005756,CUST001166,RM0083,Car Loan,60626,Closed
LN0005757,CUST000112,RM0231,Plot Loan,56131,Defaulted
LN0005758,CUST000315,RM0022,Business Loan,72260,Active
LN0005759,CUST002167,RM0217,Personal Loan,723276,Closed
LN0005760,CUST001340,RM0225,Home Loan,615581,Rejected
LN0005761,CUST002431,RM0105,Plot Loan,93116,Approved
LN0005762,CUST001457,RM0170,Business Loan,85269,Rejected
LN0005763,CUST001317,RM0077,Gold Loan,105028,Pending
LN0005764,CUST000384,RM0092,Car Loan,194946,Defaulted
LN0005765,CUST002465,RM0106,Education Loan,218656,Pending
LN0005766,CUST002337,RM0014,Home Loan,100101,Active
LN0005767,CUST000999,RM0222,Car Loan,332628,Pending
LN0005768,CUST000571,RM0079,Home Loan,124083,Pending
LN0005769,CUST001971,RM0040,Education Loan,560546,Approved
LN0005770,CUST002065,RM0065,Gold Loan,263843,Closed
LN0005771,CUST000101,RM0051,Personal Loan,164664,Rejected
LN0005772,CUST001424,RM0064,Plot Loan,362045,Defaulted
LN0005773,CUST001913,RM0034,Gold Loan,390655,Rejected
LN0005774,CUST001968,RM0095,Business Loan,118633,Rejected
LN0005775,CUST000254,RM0112,Personal Loan,133016,Rejected
LN0005776,CUST002302,RM0135,Gold Loan,599634,Pending
LN0005777,CUST000171,RM0032,Business Loan,86002,Closed
LN0005778,CUST001779,RM0060,Plot Loan,58612,Approved
LN0005779,CUST000371,RM0158,Personal Loan,171047,Rejected
LN0005780,CUST000736,RM0160,Car Loan,373101,Active
LN0005781,CUST000317,RM0212,Personal Loan,345391,Closed
LN0005782,CUST000630,RM0051,Plot Loan,553975,Approved
LN0005783,CUST001584,RM0085,Business Loan,202371,Defaulted
LN0005784,CUST001912,RM0020,Home Loan,71086,Pending
LN0005785,CUST000155,RM0214,Business Loan,227681,Closed
LN0005786,CUST000331,RM0137,Car Loan,371083,Rejected
LN0005787,CUST000034,RM0244,Home Loan,351372,Defaulted
LN0005788,CUST000881,RM0018,Car Loan,69594,Approved
LN0005789,CUST001659,RM0115,Business Loan,87907,Pending
LN0005790,CUST000725,RM0184,Business Loan,52473,Defaulted
LN0005791,CUST000419,RM0010,Personal Loan,230109,Pending
LN0005792,CUST001637,RM0039,Personal Loan,485603,Rejected
LN0005793,CUST000918,RM0133,Personal Loan,999999999,Defaulted
LN0005794,CUST001209,RM0076,Education Loan,272134,Closed
LN0005795,CUST001318,RM0245,Business Loan,853922,Pending
LN0005796,CUST001234,RM0022,Personal Loan,63021,Defaulted
LN0005797,CUST002212,RM0138,Home Loan,516611,Defaulted
LN0005798,CUST001845,RM0018,Home Loan,386475,Closed
LN0005799,CUST001818,RM0026,Home Loan,125445,Closed
LN0005800,CUST002258,RM0186,Personal Loan,776322,Defaulted
LN0005801,CUST002444,RM0057,Business Loan,117917,Closed
LN0005802,CUST000139,RM0174,Gold Loan,490194,Active
LN0005803,CUST001624,RM0054,Personal Loan,475304,Approved
LN0005804,CUST000042,RM0018,Car Loan,333480,Pending
LN0005805,CUST001014,RM0106,Plot Loan,215779,Defaulted
LN0005806,CUST002117,RM0101,Car Loan,75567,Approved
LN0005807,CUST000631,RM0147,Education Loan,201845,Closed
LN0005808,CUST000182,RM0209,Gold Loan,138258,Pending
LN0005809,CUST000788,RM0205,Personal Loan,364252,Active
LN0005810,CUST002088,RM0056,Gold Loan,333870,Closed
LN0005811,CUST000910,RM0139,Car Loan,532954,Rejected
LN0005812,CUST000705,RM0060,Car Loan,52988,Active
LN0005813,CUST001300,RM0110,Personal Loan,381204,Active
LN0005814,CUST001014,RM0203,Gold Loan,607620,Rejected
LN0005815,CUST001351,RM0189,Education Loan,361464,Approved
LN0005816,CUST000146,RM0227,Car Loan,77897,Active
LN0005817,CUST002094,RM0170,Plot Loan,66954,Active
LN0005818,CUST000198,RM0072,Gold Loan,54213,Defaulted
LN0005819,CUST000605,RM0117,Plot Loan,248173,Defaulted
LN0005820,CUST000777,RM0034,Personal Loan,248673,Closed
LN0005821,CUST001134,RM0054,Business Loan,917238,Rejected
LN0005822,CUST001654,RM0056,Personal Loan,151513,Pending
LN0005823,CUST002476,RM0129,Plot Loan,130665,Defaulted
LN0005824,CUST000686,RM0068,Car Loan,245859,Pending
LN0005825,CUST000597,RM0210,Car Loan,399290,Defaulted
LN0005826,CUST002033,RM0100,Plot Loan,602207,Rejected
LN0005827,CUST002368,RM0028,Personal Loan,375036,Rejected
LN0005828,CUST001797,RM0109,Home Loan,161260,Closed
LN0005829,CUST002069,RM0218,Plot Loan,251524,Pending
LN0005830,CUST002379,RM0221,Car Loan,438004,Pending
LN0005831,CUST002445,RM0127,Car Loan,184908,Closed
LN0005832,CUST002383,RM0219,Gold Loan,98844,Defaulted
LN0005833,CUST002454,RM0080,Car Loan,87199,Closed
LN0005834,CUST001136,RM0082,Plot Loan,50031,Approved
LN0005835,CUST001354,RM0079,Personal Loan,303338,Rejected
LN0005836,CUST000276,RM0190,Education Loan,73553,Active
LN0005837,CUST001293,RM0213,Business Loan,105900,Approved
LN0005838,CUST002479,RM0208,Home Loan,120729,Rejected
LN0005839,CUST001745,RM0247,Car Loan,214368,Pending
LN0005840,CUST002107,RM0066,Personal Loan,151485,Pending
LN0005841,CUST002467,RM0130,Plot Loan,274585,Defaulted
LN0005842,CUST001664,RM0164,Personal Loan,61449,Defaulted
LN0005843,CUST000556,RM0027,Personal Loan,76463,Closed
LN0005844,CUST002025,RM0154,Personal Loan,188314,Approved
LN0005845,CUST002128,RM0131,Home Loan,132185,Rejected
LN0005846,CUST001320,RM0153,Personal Loan,120142,Closed
LN0005847,CUST000339,RM0198,Car Loan,63876,Defaulted
LN0005848,CUST001030,RM0092,Plot Loan,502133,Closed
LN0005849,CUST000212,RM0231,Personal Loan,285413,Active
LN0005850,CUST001029,RM0103,Home Loan,999999999,Closed
LN0005851,CUST002061,RM0099,Plot Loan,75934,Approved
LN0005852,CUST001264,RM0009,Car Loan,63451,Closed
LN0005853,CUST001299,RM0071,Business Loan,786758,Rejected
LN0005854,CUST000216,RM0170,Gold Loan,278621,Active
LN0005855,CUST000421,RM0066,Business Loan,158070,Rejected
LN0005856,CUST001164,RM0101,Gold Loan,112234,Active
LN0005857,CUST002057,RM0042,Gold Loan,291951,Active
LN0005858,CUST001544,RM0034,Education Loan,332389,Active
LN0005859,CUST000747,RM0137,Plot Loan,352791,Active
LN0005860,CUST001113,RM0214,Plot Loan,179970,Closed
LN0005861,CUST001493,RM0250,Business Loan,162382,Approved
LN0005862,CUST001296,RM0244,Gold Loan,52217,Pending
LN0005863,CUST001584,RM0171,Gold Loan,572249,Rejected
LN0005864,CUST001058,RM0101,Personal Loan,234918,Rejected
LN0005865,CUST002224,RM0248,Education Loan,95418,Rejected
LN0005866,CUST001200,RM0164,Education Loan,554156,Pending
LN0005867,CUST001802,RM0076,Car Loan,542860,Defaulted
LN0005868,CUST000461,RM0138,Personal Loan,955348,Rejected
LN0005869,CUST001915,RM0061,Education Loan,464384,Defaulted
LN0005870,CUST001142,RM0165,Plot Loan,1272445,Closed
LN0005871,CUST000025,RM0190,Gold Loan,106124,Approved
LN0005872,CUST001069,RM0099,Gold Loan,419348,Pending
LN0005873,CUST001704,RM0079,Business Loan,396353,Closed
LN0005874,CUST001289,RM0002,Home Loan,102517,Rejected
LN0005875,CUST001977,RM0102,Education Loan,70725,Closed
LN0005876,CUST000360,RM0126,Personal Loan,826692,Active
LN0005877,CUST001312,RM0247,Home Loan,120202,Rejected
LN0005878,CUST002046,RM0006,Plot Loan,459420,Approved
LN0005879,CUST001915,RM0049,Gold Loan,50827,Rejected
LN0005880,CUST000164,RM0012,Home Loan,54249,Rejected
LN0005881,CUST000271,RM0051,Personal Loan,175423,Closed
LN0005882,CUST001116,RM0024,Plot Loan,104549,Pending
LN0005883,CUST002482,RM0205,Personal Loan,284134,Closed
LN0005884,CUST000467,RM0235,Car Loan,216741,Approved
LN0005885,CUST001878,RM0243,Education Loan,66130,Active
LN0005886,CUST001774,RM0058,Car Loan,85497,Closed
LN0005887,CUST002351,RM0234,Gold Loan,148220,Defaulted
LN0005888,CUST000516,RM0206,Personal Loan,91061,Approved
LN0005889,CUST001374,RM0082,Home Loan,364257,Pending
LN0005890,CUST001987,RM0026,Gold Loan,157594,Approved
LN0005891,CUST002016,RM0139,Education Loan,69617,Active
LN0005892,CUST000838,RM0044,Gold Loan,182462,Pending
LN0005893,CUST001305,RM0097,Personal Loan,69046,Approved
LN0005894,CUST000023,RM0088,Plot Loan,77608,Rejected
LN0005895,CUST000433,RM0182,Car Loan,104784,Approved
LN0005896,CUST001373,RM0021,Personal Loan,442549,Active
LN0005897,CUST001110,RM0029,Gold Loan,567022,Approved
LN0005898,CUST000171,RM0057,Home Loan,400036,Closed
LN0005899,CUST000129,RM0006,Car Loan,131316,Pending
LN0005900,CUST000691,RM0211,Education Loan,143659,Rejected
LN0005901,CUST001197,RM0110,Home Loan,113613,Closed
LN0005902,CUST000988,RM0188,Plot Loan,209326,Defaulted
LN0005903,CUST000009,RM0004,Car Loan,305921,Closed
LN0005904,CUST000653,RM0125,Home Loan,1053314,Approved
LN0005905,CUST002008,RM0009,Car Loan,78213,Active
LN0005906,CUST000275,RM0110,Personal Loan,60109,Active
LN0005907,CUST001005,RM0051,Personal Loan,287066,Pending
LN0005908,CUST000862,RM0123,Personal Loan,407027,Closed
LN0005909,CUST001271,RM0146,Business Loan,424614,Approved
LN0005910,CUST001661,RM0203,Personal Loan,276928,Approved
LN0005911,CUST000992,RM0022,Education Loan,665891,Closed
LN0005912,CUST001549,RM0132,Plot Loan,193080,Approved
LN0005913,CUST002178,RM0033,Education Loan,540251,Defaulted
LN0005914,CUST001903,RM0054,Education Loan,737233,Defaulted
LN0005915,CUST000150,RM0071,Car Loan,425669,Rejected
LN0005916,CUST002338,RM0131,Car Loan,124142,Closed
LN0005917,CUST000923,RM0044,Home Loan,93684,Approved
LN0005918,CUST001205,RM0154,Car Loan,208867,Closed
LN0005919,CUST000858,RM0052,Personal Loan,170666,Defaulted
LN0005920,CUST001273,RM0168,Plot Loan,470351,Approved
LN0005921,CUST000622,RM0104,Business Loan,71079,Defaulted
LN0005922,CUST001712,RM0225,Gold Loan,109611,Closed
LN0005923,CUST002401,RM0187,Car Loan,328703,Defaulted
LN0005924,CUST001575,RM0174,Education Loan,69961,Defaulted
LN0005925,CUST000248,RM0107,Car Loan,127357,Active
LN0005926,CUST001673,RM0058,Gold Loan,147928,Pending
LN0005927,CUST002312,RM0117,Plot Loan,244886,Active
LN0005928,CUST002302,RM0179,Car Loan,84426,Rejected
LN0005929,CUST001542,RM0196,Gold Loan,444087,Defaulted
LN0005930,CUST001530,RM0110,Personal Loan,168675,Closed
LN0005931,CUST000693,RM0246,Personal Loan,547835,Defaulted
LN0005932,CUST001136,RM0039,Business Loan,176173,Approved
LN0005933,CUST002400,RM0128,Gold Loan,114327,Pending
LN0005934,CUST002363,RM0063,Business Loan,80590,Approved
LN0005935,CUST001003,RM0062,Plot Loan,50750,Defaulted
LN0005936,CUST001157,RM0113,Home Loan,201924,Defaulted
LN0005937,CUST002398,RM0219,Plot Loan,72668,Closed
LN0005938,CUST000057,RM0107,Car Loan,149426,Active
LN0005939,CUST001333,RM0065,Home Loan,227964,Pending
LN0005940,CUST001182,RM0085,Education Loan,114506,Approved
LN0005941,CUST002313,RM0176,Home Loan,88528,Defaulted
LN0005942,CUST001709,RM0034,Car Loan,348083,Closed
LN0005943,CUST001682,RM0213,Home Loan,636706,Active
LN0005944,CUST000016,RM0182,Plot Loan,50000,Rejected
LN0005945,CUST000057,RM0145,Home Loan,71169,Active
LN0005946,CUST000358,RM0068,Car Loan,83823,Active
LN0005947,CUST000795,RM0060,Plot Loan,693838,Approved
LN0005948,CUST000799,RM0218,Personal Loan,57703,Approved
LN0005949,CUST002066,RM0209,Car Loan,810027,Approved
LN0005950,CUST001425,RM0047,Gold Loan,50931,Rejected
LN0005951,CUST002426,RM0087,Education Loan,463769,Approved
LN0005952,CUST000488,RM0069,Business Loan,123438,Rejected
LN0005953,CUST001271,RM0076,Home Loan,608032,Closed
LN0005954,CUST001496,RM0165,Business Loan,126236,Approved
LN0005955,CUST000489,RM0182,Business Loan,262440,Approved
LN0005956,CUST000687,RM0175,Personal Loan,999999999,Pending
LN0005957,CUST001567,RM0151,Business Loan,66683,Rejected
LN0005958,CUST001935,RM0049,Home Loan,105501,Closed
LN0005959,CUST001349,RM0160,Car Loan,347160,Pending
LN0005960,CUST001269,RM0243,Home Loan,200446,Active
LN0005961,CUST000980,RM0150,Car Loan,576131,Pending
LN0005962,CUST000576,RM0093,Business Loan,161986,Closed
LN0005963,CUST001219,RM0129,Gold Loan,457755,Closed
LN0005964,CUST001188,RM0010,Business Loan,169187,Active
LN0005965,CUST001192,RM0166,Home Loan,825025,Pending
LN0005966,CUST001486,RM0128,Personal Loan,692948,Defaulted
LN0005967,CUST002174,RM0200,Personal Loan,129837,Approved
LN0005968,CUST000008,RM0126,Car Loan,484177,Closed
LN0005969,CUST000869,RM0003,Personal Loan,426264,Pending
LN0005970,CUST001749,RM0170,Personal Loan,97316,Approved
LN0005971,CUST001624,RM0206,Car Loan,245787,Approved
LN0005972,CUST000462,RM0036,Gold Loan,65091,Rejected
LN0005973,CUST000346,RM0095,Personal Loan,412446,Closed
LN0005974,CUST002206,RM0074,Car Loan,88364,Approved
LN0005975,CUST001216,RM0192,Education Loan,64689,Active
LN0005976,CUST001937,RM0244,Gold Loan,152238,Rejected
LN0005977,CUST000190,RM0093,Home Loan,222039,Active
LN0005978,CUST002083,RM0082,Car Loan,436089,Pending
LN0005979,CUST000785,RM0232,Plot Loan,781806,Approved
LN0005980,CUST000318,RM0247,Gold Loan,165782,Closed
LN0005981,CUST002231,RM0010,Car Loan,50000,Approved
LN0005982,CUST001941,RM0091,Home Loan,62470,Pending
LN0005983,CUST001093,RM0073,Car Loan,326552,Closed
LN0005984,CUST001113,RM0215,Gold Loan,216561,Closed
LN0005985,CUST000610,RM0145,Education Loan,168802,Active
LN0005986,CUST000838,RM0166,Home Loan,124000,Defaulted
LN0005987,CUST000137,RM0160,Home Loan,189591,Rejected
LN0005988,CUST002206,RM0039,Plot Loan,132703,Closed
LN0005989,CUST001701,RM0151,Plot Loan,332948,Rejected
LN0005990,CUST001497,RM0161,Gold Loan,207005,Closed
LN0005991,CUST001678,RM0218,Plot Loan,468866,Active
LN0005992,CUST001717,RM0150,Home Loan,206852,Rejected
LN0005993,CUST000554,RM0213,Business Loan,104430,Approved
LN0005994,CUST002457,RM0128,Business Loan,430885,Closed
LN0005995,CUST000728,RM0038,Car Loan,212936,Defaulted
LN0005996,CUST000803,RM0212,Gold Loan,96346,Approved
LN0005997,CUST000668,RM0024,Home Loan,245371,Active
LN0005998,CUST001864,RM0058,Personal Loan,138545,Active
LN0005999,CUST002369,RM0134,Plot Loan,422100,Rejected
LN0006000,CUST001139,RM0163,Education Loan,170770,Pending
LN0006001,CUST000486,RM0031,Personal Loan,309247,Closed
LN0006002,CUST000932,RM0192,Education Loan,70082,Active
LN0006003,CUST001753,RM0093,Business Loan,150844,Pending
LN0006004,CUST000253,RM0010,Business Loan,867769,Closed
LN0006005,CUST000761,RM0071,Personal Loan,380532,Rejected
LN0006006,CUST000241,RM0039,Personal Loan,84856,Closed
LN0006007,CUST002377,RM0244,Business Loan,115080,Defaulted
LN0006008,CUST000866,RM0176,Plot Loan,130040,Active
LN0006009,CUST000769,RM0228,Gold Loan,260173,Closed
LN0006010,CUST001427,RM0188,Plot Loan,332934,Closed
LN0006011,CUST002169,RM0212,Gold Loan,326880,Active
LN0006012,CUST001339,RM0160,Personal Loan,192618,Pending
LN0006013,CUST000420,RM0138,Personal Loan,383011,Approved
LN0006014,CUST001513,RM0239,Personal Loan,164922,Defaulted
LN0006015,CUST001134,RM0054,Home Loan,76450,Active
LN0006016,CUST000328,RM0162,Gold Loan,216225,Rejected
LN0006017,CUST000701,RM0192,Car Loan,658570,Rejected
LN0006018,CUST002082,RM0138,Business Loan,365001,Defaulted
LN0006019,CUST001464,RM0105,Home Loan,222882,Closed
LN0006020,CUST001542,RM0067,Gold Loan,258147,Rejected
LN0006021,CUST000017,RM0247,Home Loan,583464,Closed
LN0006022,CUST002099,RM0097,Plot Loan,161843,Approved
LN0006023,CUST002306,RM0232,Gold Loan,130512,Pending
LN0006024,CUST000558,RM0121,Home Loan,806563,Closed
LN0006025,CUST001976,RM0091,Personal Loan,448202,Active
LN0006026,CUST002004,RM0049,Personal Loan,128029,Defaulted
LN0006027,CUST002211,RM0013,Personal Loan,174642,Active
LN0006028,CUST001166,RM0166,Business Loan,157255,Approved
LN0006029,CUST000544,RM0021,Gold Loan,82291,Approved
LN0006030,CUST001079,RM0037,Car Loan,683158,Defaulted
LN0006031,CUST002142,RM0134,Car Loan,153607,Approved
LN0006032,CUST001617,RM0160,Car Loan,466415,Approved
LN0006033,CUST001568,RM0119,Gold Loan,91985,Rejected
LN0006034,CUST001509,RM0002,Personal Loan,208757,Approved
LN0006035,CUST001311,RM0232,Gold Loan,54850,Active
LN0006036,CUST000925,RM0209,Car Loan,338971,Defaulted
LN0006037,CUST000790,RM0158,Education Loan,223935,Active
LN0006038,CUST001496,RM0181,Home Loan,246480,Active
LN0006039,CUST000054,RM0198,Business Loan,60621,Active
LN0006040,CUST000463,RM0226,Business Loan,97407,Defaulted
LN0006041,CUST002054,RM0060,Business Loan,65447,Rejected
LN0006042,CUST002392,RM0192,Personal Loan,118192,Approved
LN0006043,CUST000741,RM0241,Personal Loan,247470,Pending
LN0006044,CUST000182,RM0185,Business Loan,217027,Pending
LN0006045,CUST001418,RM0223,Car Loan,239427,Pending
LN0006046,CUST002402,RM0080,Gold Loan,209369,Active
LN0006047,CUST001119,RM0005,Home Loan,113773,Rejected
LN0006048,CUST000908,RM0026,Car Loan,106077,Pending
LN0006049,CUST001139,RM0053,Personal Loan,79481,Rejected
LN0006050,CUST001267,RM0049,Gold Loan,428188,Approved
LN0006051,CUST002299,RM0108,Personal Loan,241672,Closed
LN0006052,CUST000866,RM0196,Car Loan,91284,Rejected
LN0006053,CUST000742,RM0111,Business Loan,89010,Pending
LN0006054,CUST000322,RM0082,Personal Loan,462769,Active
LN0006055,CUST000277,RM0059,Car Loan,321526,Approved
LN0006056,CUST000461,RM0205,Plot Loan,265408,Rejected
LN0006057,CUST001029,RM0070,Personal Loan,154466,Defaulted
LN0006058,CUST001544,RM0005,Education Loan,110755,Pending
LN0006059,CUST002312,RM0024,Gold Loan,826986,Active
LN0006060,CUST000173,RM0123,Business Loan,369146,Pending
LN0006061,CUST000622,RM0227,Education Loan,121843,Defaulted
LN0006062,CUST001450,RM0245,Gold Loan,426203,Closed
LN0006063,CUST002160,RM0116,Education Loan,334535,Pending
LN0006064,CUST000821,RM0221,Education Loan,120502,Defaulted
LN0006065,CUST000263,RM0121,Education Loan,161217,Rejected
LN0006066,CUST001389,RM0070,Home Loan,91147,Approved
LN0006067,CUST002140,RM0179,Business Loan,73543,Defaulted
LN0006068,CUST000584,RM0015,Gold Loan,306575,Closed
LN0006069,CUST000877,RM0240,Personal Loan,241960,Approved
LN0006070,CUST001122,RM0066,Gold Loan,112261,Defaulted
LN0006071,CUST002208,RM0092,Home Loan,393025,Rejected
LN0006072,CUST001348,RM0210,Personal Loan,1135626,Approved
LN0006073,CUST002126,RM0204,Personal Loan,65942,Defaulted
LN0006074,CUST000687,RM0223,Plot Loan,178124,Approved
LN0006075,CUST000442,RM0194,Car Loan,373960,Active
LN0006076,CUST000175,RM0113,Gold Loan,361132,Approved
LN0006077,CUST001992,RM0016,Education Loan,335420,Approved
LN0006078,CUST000217,RM0177,Business Loan,135847,Rejected
LN0006079,CUST001508,RM0167,Plot Loan,170973,Closed
LN0006080,CUST000178,RM0143,Gold Loan,230758,Active
LN0006081,CUST000880,RM0097,Business Loan,779475,Approved
LN0006082,CUST001569,RM0220,Plot Loan,597228,Approved
LN0006083,CUST001314,RM0035,Personal Loan,129364,Approved
LN0006084,CUST000541,RM0027,Education Loan,563164,Defaulted
LN0006085,CUST000793,RM0072,Gold Loan,112766,Pending
LN0006086,CUST001646,RM0097,Plot Loan,953330,Closed
LN0006087,CUST000393,RM0133,Education Loan,271892,Pending
LN0006088,CUST000305,RM0156,Personal Loan,174542,Closed
LN0006089,CUST001877,RM0161,Personal Loan,240067,Approved
LN0006090,CUST000617,RM0145,Business Loan,113636,Approved
LN0006091,CUST000110,RM0005,Education Loan,114088,Defaulted
LN0006092,CUST000167,RM0047,Business Loan,74107,Pending
LN0006093,CUST000837,RM0089,Education Loan,74219,Defaulted
LN0006094,CUST001379,RM0134,Gold Loan,135441,Pending
LN0006095,CUST001271,RM0138,Personal Loan,337817,Active
LN0006096,CUST000603,RM0148,Business Loan,237283,Rejected
LN0006097,CUST002055,RM0108,Personal Loan,71647,Approved
LN0006098,CUST002051,RM0192,Education Loan,432428,Closed
LN0006099,CUST000625,RM0021,Gold Loan,233943,Defaulted
LN0006100,CUST000080,RM0190,Home Loan,373178,Approved
LN0006101,CUST001054,RM0075,Business Loan,698099,Approved
LN0006102,CUST001397,RM0161,Home Loan,271844,Closed
LN0006103,CUST000652,RM0060,Gold Loan,88516,Active
LN0006104,CUST002178,RM0011,Education Loan,178408,Closed
LN0006105,CUST000969,RM0060,Gold Loan,259107,Active
LN0006106,CUST000771,RM0053,Business Loan,55734,Rejected
LN0006107,CUST002267,RM0042,Plot Loan,53004,Defaulted
LN0006108,CUST000456,RM0180,Plot Loan,77715,Defaulted
LN0006109,CUST002430,RM0002,Car Loan,107980,Active
LN0006110,CUST001958,RM0077,Gold Loan,162265,Pending
LN0006111,CUST000632,RM0158,Personal Loan,183667,Rejected
LN0006112,CUST000371,RM0247,Personal Loan,79706,Pending
LN0006113,CUST000106,RM0143,Personal Loan,273798,Active
LN0006114,CUST001849,RM0012,Education Loan,231336,Approved
LN0006115,CUST001970,RM0029,Gold Loan,119759,Pending
LN0006116,CUST000926,RM0081,Education Loan,52750,Defaulted
LN0006117,CUST000543,RM0012,Business Loan,66165,Approved
LN0006118,CUST000276,RM0225,Plot Loan,149415,Defaulted
LN0006119,CUST000324,RM0170,Education Loan,83441,Approved
LN0006120,CUST001515,RM0087,Personal Loan,144583,Closed
LN0006121,CUST000614,RM0086,Education Loan,247870,Active
LN0006122,CUST001257,RM0178,Plot Loan,208477,Active
LN0006123,CUST001994,RM0082,Business Loan,102578,Approved
LN0006124,CUST001429,RM0152,Personal Loan,134264,Defaulted
LN0006125,CUST001800,RM0001,Car Loan,240399,Pending
LN0006126,CUST001228,RM0150,Plot Loan,444447,Active
LN0006127,CUST002070,RM0191,Business Loan,329846,Closed
LN0006128,CUST001108,RM0026,Education Loan,211218,Pending
LN0006129,CUST000591,RM0152,Gold Loan,139975,Rejected
LN0006130,CUST000363,RM0199,Car Loan,140842,Pending
LN0006131,CUST002250,RM0182,Plot Loan,473083,Pending
LN0006132,CUST001872,RM0162,Plot Loan,58006,Closed
LN0006133,CUST000660,RM0054,Car Loan,934280,Pending
LN0006134,CUST001217,RM0079,Personal Loan,50000,Defaulted
LN0006135,CUST001240,RM0078,Education Loan,268352,Rejected
LN0006136,CUST001306,RM0016,Home Loan,278599,Approved
LN0006137,CUST002059,RM0052,Education Loan,57747,Closed
LN0006138,CUST000006,RM0172,Car Loan,236042,Pending
LN0006139,CUST000480,RM0207,Plot Loan,182631,Defaulted
LN0006140,CUST002458,RM0077,Car Loan,72360,Approved
LN0006141,CUST002078,RM0096,Personal Loan,115124,Active
LN0006142,CUST000765,RM0042,Gold Loan,492027,Active
LN0006143,CUST002320,RM0197,Personal Loan,209696,Closed
LN0006144,CUST001392,RM0096,Business Loan,156688,Pending
LN0006145,CUST002472,RM0045,Education Loan,65091,Approved
LN0006146,CUST001829,RM0201,Business Loan,300437,Pending
LN0006147,CUST001267,RM0233,Home Loan,292704,Pending
LN0006148,CUST000139,RM0059,Education Loan,240406,Rejected
LN0006149,CUST000771,RM0043,Plot Loan,192777,Approved
LN0006150,CUST001585,RM0172,Business Loan,999999999,Pending
LN0006151,CUST002072,RM0133,Personal Loan,163756,Pending
LN0006152,CUST001053,RM0198,Car Loan,229921,Rejected
LN0006153,CUST000040,RM0140,Education Loan,103156,Approved
LN0006154,CUST001707,RM0139,Car Loan,616923,Rejected
LN0006155,CUST000628,RM0142,Gold Loan,227732,Closed
LN0006156,CUST001369,RM0014,Car Loan,124558,Rejected
LN0006157,CUST001343,RM0175,Plot Loan,169451,Pending
LN0006158,CUST001489,RM0134,Home Loan,377654,Defaulted
LN0006159,CUST001642,RM0060,Business Loan,85255,Defaulted
LN0006160,CUST000624,RM0004,Gold Loan,119298,Approved
LN0006161,CUST001077,RM0230,Gold Loan,277579,Rejected
LN0006162,CUST000562,RM0040,Car Loan,125810,Closed
LN0006163,CUST001689,RM0242,Business Loan,364526,Rejected
LN0006164,CUST000395,RM0071,Gold Loan,77956,Defaulted
LN0006165,CUST000216,RM0030,Education Loan,337674,Active
LN0006166,CUST000289,RM0039,Plot Loan,64159,Pending
LN0006167,CUST000600,RM0048,Gold Loan,52534,Active
LN0006168,CUST002392,RM0167,Plot Loan,506995,Rejected
LN0006169,CUST001961,RM0208,Personal Loan,224138,Defaulted
LN0006170,CUST000660,RM0172,Personal Loan,136719,Defaulted
LN0006171,CUST000250,RM0139,Plot Loan,102948,Defaulted
LN0006172,CUST001526,RM0034,Business Loan,241884,Rejected
LN0006173,CUST001313,RM0009,Car Loan,192263,Defaulted
LN0006174,CUST002223,RM0022,Car Loan,1005851,Closed
LN0006175,CUST000397,RM0040,Gold Loan,867465,Active
LN0006176,CUST000765,RM0217,Home Loan,251585,Active
LN0006177,CUST001027,RM0078,Car Loan,166991,Approved
LN0006178,CUST001883,RM0203,Home Loan,185116,Pending
LN0006179,CUST002448,RM0109,Business Loan,279442,Closed
LN0006180,CUST002268,RM0216,Home Loan,71422,Active
LN0006181,CUST001921,RM0103,Home Loan,129604,Approved
LN0006182,CUST000199,RM0050,Car Loan,65651,Pending
LN0006183,CUST002333,RM0089,Business Loan,65238,Closed
LN0006184,CUST001042,RM0114,Car Loan,93591,Approved
LN0006185,CUST002120,RM0135,Plot Loan,182816,Active
LN0006186,CUST000574,RM0060,Personal Loan,357213,Closed
LN0006187,CUST002435,RM0210,Personal Loan,182910,Rejected
LN0006188,CUST001967,RM0200,Car Loan,131737,Approved
LN0006189,CUST002398,RM0045,Plot Loan,67188,Rejected
LN0006190,CUST001880,RM0157,Education Loan,209832,Rejected
LN0006191,CUST000789,RM0027,Gold Loan,113290,Pending
LN0006192,CUST001761,RM0190,Personal Loan,240868,Approved
LN0006193,CUST001710,RM0238,Gold Loan,806091,Defaulted
LN0006194,CUST000597,RM0215,Personal Loan,73602,Defaulted
LN0006195,CUST001187,RM0110,Education Loan,97683,Active
LN0006196,CUST002422,RM0123,Personal Loan,178146,Active
LN0006197,CUST001243,RM0099,Business Loan,742277,Active
LN0006198,CUST001139,RM0081,Education Loan,345515,Defaulted
LN0006199,CUST001362,RM0008,Personal Loan,507006,Closed
LN0006200,CUST002459,RM0139,Plot Loan,131207,Active
LN0006201,CUST001739,RM0177,Business Loan,1016626,Active
LN0006202,CUST000327,RM0028,Home Loan,71702,Pending
LN0006203,CUST002230,RM0062,Home Loan,60885,Rejected
LN0006204,CUST000346,RM0047,Plot Loan,437037,Defaulted
LN0006205,CUST001553,RM0061,Gold Loan,574186,Closed
LN0006206,CUST001751,RM0020,Plot Loan,68990,Approved
LN0006207,CUST002138,RM0168,Business Loan,74078,Active
LN0006208,CUST000146,RM0099,Education Loan,56747,Defaulted
LN0006209,CUST001729,RM0023,Gold Loan,72076,Active
LN0006210,CUST002336,RM0181,Plot Loan,96997,Closed
LN0006211,CUST000825,RM0004,Gold Loan,751823,Closed
LN0006212,CUST001564,RM0121,Plot Loan,270439,Active
LN0006213,CUST001340,RM0040,Gold Loan,351514,Pending
LN0006214,CUST001561,RM0029,Plot Loan,349346,Approved
LN0006215,CUST002062,RM0183,Gold Loan,203175,Defaulted
LN0006216,CUST001220,RM0228,Education Loan,369392,Approved
LN0006217,CUST001807,RM0173,Plot Loan,231172,Closed
LN0006218,CUST000775,RM0160,Gold Loan,125534,Active
LN0006219,CUST001737,RM0239,Home Loan,214701,Defaulted
LN0006220,CUST000655,RM0241,Business Loan,202503,Rejected
LN0006221,CUST000769,RM0170,Gold Loan,396833,Rejected
LN0006222,CUST000194,RM0165,Car Loan,850468,Rejected
LN0006223,CUST000243,RM0101,Business Loan,155880,Closed
LN0006224,CUST001543,RM0152,Education Loan,338268,Active
LN0006225,CUST002099,RM0190,Business Loan,71019,Rejected
LN0006226,CUST001868,RM0132,Car Loan,349965,Approved
LN0006227,CUST001477,RM0009,Plot Loan,142857,Closed
LN0006228,CUST001145,RM0014,Personal Loan,58037,Rejected
LN0006229,CUST000817,RM0155,Education Loan,140274,Rejected
LN0006230,CUST002110,RM0139,Personal Loan,238651,Pending
LN0006231,CUST000210,RM0142,Business Loan,75396,Defaulted
LN0006232,CUST002028,RM0125,Plot Loan,565495,Pending
LN0006233,CUST001108,RM0172,Plot Loan,66170,Closed
LN0006234,CUST001745,RM0088,Gold Loan,581871,Defaulted
LN0006235,CUST002315,RM0196,Education Loan,295610,Pending
LN0006236,CUST001613,RM0162,Gold Loan,130009,Active
LN0006237,CUST001797,RM0094,Business Loan,149105,Rejected
LN0006238,CUST001560,RM0013,Plot Loan,320038,Pending
LN0006239,CUST000389,RM0036,Personal Loan,233995,Defaulted
LN0006240,CUST001923,RM0036,Gold Loan,272730,Rejected
LN0006241,CUST002466,RM0016,Business Loan,148585,Pending
LN0006242,CUST002368,RM0216,Business Loan,183813,Active
LN0006243,CUST000159,RM0144,Business Loan,968401,Rejected
LN0006244,CUST000716,RM0190,Gold Loan,98140,Pending
LN0006245,CUST000122,RM0101,Business Loan,158207,Approved
LN0006246,CUST000226,RM0051,Business Loan,119012,Pending
LN0006247,CUST001456,RM0121,Home Loan,339728,Active
LN0006248,CUST001274,RM0044,Gold Loan,338795,Rejected
LN0006249,CUST001879,RM0020,Business Loan,119188,Active
LN0006250,CUST001820,RM0090,Car Loan,66978,Active
LN0006251,CUST000260,RM0081,Gold Loan,52299,Defaulted
LN0006252,CUST002225,RM0173,Car Loan,161531,Pending
LN0006253,CUST001817,RM0176,Education Loan,155641,Defaulted
LN0006254,CUST002361,RM0116,Education Loan,941175,Active
LN0006255,CUST002096,RM0225,Gold Loan,176900,Closed
LN0006256,CUST001779,RM0239,Car Loan,109255,Pending
LN0006257,CUST000818,RM0104,Education Loan,493702,Approved
LN0006258,CUST001599,RM0114,Car Loan,185088,Closed
LN0006259,CUST001986,RM0121,Plot Loan,232846,Approved
LN0006260,CUST002489,RM0072,Gold Loan,70111,Approved
LN0006261,CUST000431,RM0178,Gold Loan,146550,Active
LN0006262,CUST002236,RM0133,Business Loan,627281,Approved
LN0006263,CUST000340,RM0160,Plot Loan,228078,Defaulted
LN0006264,CUST002092,RM0207,Personal Loan,134471,Active
LN0006265,CUST001678,RM0076,Personal Loan,246521,Approved
LN0006266,CUST000878,RM0155,Business Loan,532504,Approved
LN0006267,CUST002029,RM0202,Gold Loan,114038,Rejected
LN0006268,CUST001779,RM0235,Plot Loan,190686,Closed
LN0006269,CUST000412,RM0233,Education Loan,687333,Defaulted
LN0006270,CUST000308,RM0163,Car Loan,87844,Approved
LN0006271,CUST000938,RM0054,Education Loan,304353,Closed
LN0006272,CUST000489,RM0028,Plot Loan,240632,Pending
LN0006273,CUST002102,RM0060,Car Loan,277683,Defaulted
LN0006274,CUST000534,RM0234,Gold Loan,136532,Approved
LN0006275,CUST000926,RM0013,Home Loan,125340,Active
LN0006276,CUST001954,RM0062,Personal Loan,280535,Pending
LN0006277,CUST001917,RM0214,Gold Loan,98552,Rejected
LN0006278,CUST001566,RM0168,Education Loan,158826,Closed
LN0006279,CUST002222,RM0023,Education Loan,91694,Rejected
LN0006280,CUST002000,RM0142,Personal Loan,51667,Rejected
LN0006281,CUST001074,RM0092,Education Loan,751694,Approved
LN0006282,CUST002251,RM0167,Business Loan,163022,Rejected
LN0006283,CUST002110,RM0200,Business Loan,747022,Rejected
LN0006284,CUST000522,RM0244,Personal Loan,80239,Defaulted
LN0006285,CUST001409,RM0037,Car Loan,227039,Rejected
LN0006286,CUST002106,RM0245,Gold Loan,94872,Closed
LN0006287,CUST002053,RM0006,Business Loan,362200,Active
LN0006288,CUST001907,RM0059,Car Loan,356220,Pending
LN0006289,CUST002265,RM0215,Business Loan,73893,Defaulted
LN0006290,CUST001198,RM0180,Car Loan,536230,Rejected
LN0006291,CUST001933,RM0091,Business Loan,93290,Pending
LN0006292,CUST001384,RM0128,Car Loan,239854,Approved
LN0006293,CUST000019,RM0228,Business Loan,898572,Active
LN0006294,CUST002487,RM0191,Gold Loan,478087,Pending
LN0006295,CUST000005,RM0002,Plot Loan,677293,Closed
LN0006296,CUST000669,RM0181,Gold Loan,133892,Closed
LN0006297,CUST002049,RM0056,Personal Loan,72314,Closed
LN0006298,CUST001381,RM0181,Plot Loan,91736,Approved
LN0006299,CUST000822,RM0041,Business Loan,188827,Rejected
LN0006300,CUST000007,RM0039,Personal Loan,999999999,Closed
LN0006301,CUST000389,RM0015,Gold Loan,365229,Closed
LN0006302,CUST001297,RM0185,Business Loan,82539,Approved
LN0006303,CUST000222,RM0179,Education Loan,265604,Active
LN0006304,CUST000624,RM0071,Plot Loan,50000,Pending
LN0006305,CUST001711,RM0069,Education Loan,128187,Active
LN0006306,CUST000563,RM0117,Gold Loan,133467,Rejected
LN0006307,CUST002233,RM0007,Business Loan,266893,Pending
LN0006308,CUST001829,RM0199,Education Loan,175846,Rejected
LN0006309,CUST000561,RM0119,Plot Loan,384298,Defaulted
LN0006310,CUST002141,RM0064,Gold Loan,83901,Rejected
LN0006311,CUST001081,RM0195,Home Loan,362080,Approved
LN0006312,CUST002162,RM0216,Gold Loan,63278,Active
LN0006313,CUST002223,RM0044,Gold Loan,93147,Defaulted
LN0006314,CUST001511,RM0045,Gold Loan,263509,Closed
LN0006315,CUST000307,RM0065,Education Loan,436101,Rejected
LN0006316,CUST002329,RM0209,Gold Loan,108252,Pending
LN0006317,CUST000433,RM0178,Personal Loan,129258,Approved
LN0006318,CUST001746,RM0044,Education Loan,204057,Defaulted
LN0006319,CUST000924,RM0040,Plot Loan,97543,Closed
LN0006320,CUST001792,RM0060,Business Loan,383367,Closed
LN0006321,CUST002131,RM0077,Education Loan,347122,Active
LN0006322,CUST001688,RM0057,Personal Loan,81399,Pending
LN0006323,CUST000947,RM0076,Personal Loan,174660,Rejected
LN0006324,CUST001617,RM0122,Car Loan,348177,Approved
LN0006325,CUST002043,RM0013,Plot Loan,132295,Pending
LN0006326,CUST002272,RM0227,Education Loan,250536,Pending
LN0006327,CUST000927,RM0142,Gold Loan,60303,Pending
LN0006328,CUST001426,RM0002,Car Loan,237650,Pending
LN0006329,CUST001295,RM0047,Business Loan,83128,Defaulted
LN0006330,CUST002261,RM0152,Business Loan,405078,Defaulted
LN0006331,CUST001871,RM0235,Car Loan,137840,Pending
LN0006332,CUST000441,RM0011,Gold Loan,116132,Closed
LN0006333,CUST001246,RM0024,Business Loan,417630,Approved
LN0006334,CUST001465,RM0141,Business Loan,60288,Rejected
LN0006335,CUST002102,RM0195,Home Loan,151037,Defaulted
LN0006336,CUST001570,RM0218,Car Loan,142408,Defaulted
LN0006337,CUST001674,RM0189,Car Loan,117038,Approved
LN0006338,CUST000542,RM0043,Plot Loan,535526,Defaulted
LN0006339,CUST002372,RM0022,Gold Loan,328002,Closed
LN0006340,CUST002397,RM0222,Business Loan,63211,Defaulted
LN0006341,CUST000664,RM0175,Plot Loan,300834,Closed
LN0006342,CUST000374,RM0020,Personal Loan,199858,Rejected
LN0006343,CUST001672,RM0182,Personal Loan,512260,Approved
LN0006344,CUST001457,RM0065,Gold Loan,125068,Approved
LN0006345,CUST001479,RM0086,Plot Loan,220739,Approved
LN0006346,CUST000054,RM0133,Gold Loan,188931,Pending
LN0006347,CUST000061,RM0154,Personal Loan,184496,Closed
LN0006348,CUST001471,RM0175,Education Loan,171799,Closed
LN0006349,CUST002131,RM0159,Education Loan,96041,Active
LN0006350,CUST001613,RM0036,Car Loan,331879,Defaulted
LN0006351,CUST001483,RM0191,Gold Loan,170053,Approved
LN0006352,CUST002235,RM0086,Plot Loan,686490,Closed
LN0006353,CUST001668,RM0202,Gold Loan,110439,Defaulted
LN0006354,CUST001147,RM0233,Plot Loan,279609,Defaulted
LN0006355,CUST002076,RM0225,Plot Loan,615086,Defaulted
LN0006356,CUST001570,RM0124,Business Loan,267806,Defaulted
LN0006357,CUST002413,RM0029,Personal Loan,460012,Defaulted
LN0006358,CUST000771,RM0022,Business Loan,401449,Defaulted
LN0006359,CUST001730,RM0224,Gold Loan,139294,Approved
LN0006360,CUST001089,RM0030,Gold Loan,233320,Pending
LN0006361,CUST000049,RM0142,Plot Loan,83982,Approved
LN0006362,CUST001640,RM0158,Plot Loan,203369,Approved
LN0006363,CUST000365,RM0200,Business Loan,102382,Pending
LN0006364,CUST002347,RM0025,Business Loan,322310,Rejected
LN0006365,CUST000127,RM0103,Personal Loan,211411,Approved
LN0006366,CUST002377,RM0068,Home Loan,200180,Active
LN0006367,CUST001101,RM0019,Education Loan,155943,Active
LN0006368,CUST002028,RM0228,Car Loan,112612,Pending
LN0006369,CUST001772,RM0079,Home Loan,1378844,Pending
LN0006370,CUST002340,RM0054,Plot Loan,64882,Approved
LN0006371,CUST002229,RM0161,Business Loan,58907,Pending
LN0006372,CUST001679,RM0025,Home Loan,98990,Pending
LN0006373,CUST001127,RM0224,Education Loan,758592,Closed
LN0006374,CUST000058,RM0032,Plot Loan,824927,Approved
LN0006375,CUST000232,RM0027,Business Loan,262800,Approved
LN0006376,CUST001146,RM0029,Car Loan,402856,Defaulted
LN0006377,CUST001859,RM0182,Home Loan,474230,Rejected
LN0006378,CUST000753,RM0152,Personal Loan,98149,Approved
LN0006379,CUST002336,RM0048,Plot Loan,765411,Rejected
LN0006380,CUST002099,RM0110,Personal Loan,80813,Defaulted
LN0006381,CUST000889,RM0161,Business Loan,71322,Approved
LN0006382,CUST002295,RM0168,Business Loan,73804,Pending
LN0006383,CUST000615,RM0029,Gold Loan,220254,Approved
LN0006384,CUST001274,RM0237,Plot Loan,353713,Active
LN0006385,CUST002423,RM0053,Gold Loan,141351,Closed
LN0006386,CUST000377,RM0100,Gold Loan,812399,Active
LN0006387,CUST002072,RM0126,Education Loan,163980,Closed
LN0006388,CUST001589,RM0235,Plot Loan,82609,Active
LN0006389,CUST001061,RM0034,Car Loan,175459,Active
LN0006390,CUST001693,RM0193,Plot Loan,277285,Closed
LN0006391,CUST000849,RM0182,Home Loan,407027,Defaulted
LN0006392,CUST002416,RM0181,Plot Loan,172781,Rejected
LN0006393,CUST001896,RM0167,Business Loan,230086,Approved
LN0006394,CUST002014,RM0205,Home Loan,112215,Rejected
LN0006395,CUST001987,RM0039,Personal Loan,257644,Active
LN0006396,CUST001225,RM0047,Business Loan,903339,Pending
LN0006397,CUST001012,RM0083,Education Loan,60059,Pending
LN0006398,CUST001298,RM0208,Gold Loan,485244,Active
LN0006399,CUST000452,RM0245,Gold Loan,215236,Closed
LN0006400,CUST001737,RM0043,Gold Loan,108096,Rejected
LN0006401,CUST001175,RM0206,Plot Loan,669728,Closed
LN0006402,CUST001497,RM0206,Gold Loan,182079,Defaulted
LN0006403,CUST001606,RM0225,Education Loan,130600,Active
LN0006404,CUST000237,RM0065,Gold Loan,90055,Closed
LN0006405,CUST000458,RM0157,Gold Loan,106062,Defaulted
LN0006406,CUST001489,RM0064,Education Loan,407771,Rejected
LN0006407,CUST000259,RM0146,Business Loan,240596,Active
LN0006408,CUST000366,RM0008,Plot Loan,538934,Active
LN0006409,CUST002498,RM0046,Business Loan,413499,Closed
LN0006410,CUST001279,RM0228,Home Loan,102784,Closed
LN0006411,CUST000541,RM0202,Gold Loan,75825,Pending
LN0006412,CUST000360,RM0035,Plot Loan,51221,Defaulted
LN0006413,CUST000262,RM0091,Personal Loan,191799,Pending
LN0006414,CUST002426,RM0078,Personal Loan,1326242,Approved
LN0006415,CUST000802,RM0167,Business Loan,287465,Active
LN0006416,CUST002365,RM0243,Home Loan,123747,Defaulted
LN0006417,CUST002013,RM0227,Personal Loan,468884,Pending
LN0006418,CUST001175,RM0051,Home Loan,354397,Active
LN0006419,CUST001905,RM0003,Car Loan,53107,Pending
LN0006420,CUST000696,RM0085,Personal Loan,389501,Approved
LN0006421,CUST000133,RM0085,Car Loan,121485,Defaulted
LN0006422,CUST001207,RM0063,Education Loan,82426,Defaulted
LN0006423,CUST001128,RM0086,Home Loan,101322,Defaulted
LN0006424,CUST000653,RM0018,Business Loan,176440,Pending
LN0006425,CUST002291,RM0242,Car Loan,160631,Closed
LN0006426,CUST001491,RM0216,Business Loan,118184,Active
LN0006427,CUST000574,RM0062,Personal Loan,87801,Active
LN0006428,CUST002447,RM0051,Gold Loan,337290,Defaulted
LN0006429,CUST000349,RM0124,Car Loan,973241,Defaulted
LN0006430,CUST000967,RM0020,Education Loan,350827,Active
LN0006431,CUST000133,RM0141,Car Loan,120177,Rejected
LN0006432,CUST002122,RM0092,Plot Loan,106156,Rejected
LN0006433,CUST000853,RM0246,Home Loan,99094,Defaulted
LN0006434,CUST001854,RM0233,Gold Loan,79397,Closed
LN0006435,CUST001629,RM0021,Personal Loan,210293,Rejected
LN0006436,CUST002027,RM0120,Education Loan,235976,Defaulted
LN0006437,CUST000722,RM0120,Home Loan,294497,Defaulted
LN0006438,CUST000235,RM0144,Gold Loan,278020,Pending
LN0006439,CUST000958,RM0103,Plot Loan,119156,Approved
LN0006440,CUST000744,RM0216,Education Loan,130188,Pending
LN0006441,CUST001751,RM0186,Business Loan,278835,Pending
LN0006442,CUST001364,RM0184,Business Loan,135986,Defaulted
LN0006443,CUST001095,RM0038,Home Loan,97809,Rejected
LN0006444,CUST000320,RM0132,Gold Loan,143788,Active
LN0006445,CUST001313,RM0143,Personal Loan,113513,Pending
LN0006446,CUST001793,RM0155,Personal Loan,68491,Rejected
LN0006447,CUST001377,RM0091,Plot Loan,404554,Active
LN0006448,CUST001288,RM0087,Car Loan,433616,Active
LN0006449,CUST000742,RM0206,Gold Loan,99628,Active
LN0006450,CUST002394,RM0210,Plot Loan,63393,Pending
LN0006451,CUST002218,RM0138,Education Loan,999999999,Defaulted
LN0006452,CUST002154,RM0033,Home Loan,318514,Approved
LN0006453,CUST001195,RM0060,Home Loan,97531,Approved
LN0006454,CUST001146,RM0062,Personal Loan,149988,Pending
LN0006455,CUST000073,RM0142,Gold Loan,63256,Active
LN0006456,CUST001585,RM0079,Business Loan,101306,Closed
LN0006457,CUST001405,RM0126,Education Loan,364912,Defaulted
LN0006458,CUST000374,RM0230,Personal Loan,376333,Pending
LN0006459,CUST000631,RM0199,Business Loan,96407,Pending
LN0006460,CUST002487,RM0138,Education Loan,50000,Approved
LN0006461,CUST002171,RM0182,Business Loan,131868,Defaulted
LN0006462,CUST001373,RM0024,Business Loan,78829,Pending
LN0006463,CUST000237,RM0170,Business Loan,65413,Active
LN0006464,CUST000617,RM0024,Plot Loan,1020002,Rejected
LN0006465,CUST000167,RM0037,Car Loan,211052,Defaulted
LN0006466,CUST001921,RM0138,Plot Loan,263186,Closed
LN0006467,CUST001157,RM0124,Education Loan,206219,Defaulted
LN0006468,CUST000270,RM0047,Education Loan,340058,Approved
LN0006469,CUST000552,RM0205,Business Loan,416612,Active
LN0006470,CUST001044,RM0154,Business Loan,378717,Closed
LN0006471,CUST001537,RM0218,Gold Loan,53335,Rejected
LN0006472,CUST001827,RM0225,Gold Loan,91357,Approved
LN0006473,CUST002044,RM0152,Business Loan,262787,Approved
LN0006474,CUST000480,RM0021,Education Loan,144243,Rejected
LN0006475,CUST000062,RM0013,Car Loan,858912,Rejected
LN0006476,CUST001322,RM0049,Gold Loan,268966,Pending
LN0006477,CUST001984,RM0217,Plot Loan,677223,Active
LN0006478,CUST002191,RM0101,Education Loan,94990,Closed
LN0006479,CUST002104,RM0079,Personal Loan,448956,Approved
LN0006480,CUST000370,RM0074,Home Loan,127530,Defaulted
LN0006481,CUST001321,RM0033,Business Loan,962514,Closed
LN0006482,CUST002131,RM0175,Plot Loan,84321,Closed
LN0006483,CUST001801,RM0011,Education Loan,195274,Defaulted
LN0006484,CUST000829,RM0202,Gold Loan,364857,Approved
LN0006485,CUST001849,RM0218,Gold Loan,163353,Closed
LN0006486,CUST000037,RM0101,Plot Loan,176253,Active
LN0006487,CUST001154,RM0069,Personal Loan,908888,Rejected
LN0006488,CUST000039,RM0186,Business Loan,160784,Closed
LN0006489,CUST000444,RM0194,Car Loan,235304,Active
LN0006490,CUST001463,RM0064,Education Loan,61216,Closed
LN0006491,CUST000488,RM0096,Gold Loan,419298,Rejected
LN0006492,CUST002030,RM0136,Car Loan,258920,Approved
LN0006493,CUST000400,RM0160,Plot Loan,153509,Defaulted
LN0006494,CUST002286,RM0190,Car Loan,53260,Active
LN0006495,CUST000481,RM0245,Education Loan,229135,Rejected
LN0006496,CUST000130,RM0235,Plot Loan,408383,Pending
LN0006497,CUST001637,RM0191,Car Loan,52547,Closed
LN0006498,CUST001567,RM0239,Plot Loan,50240,Rejected
LN0006499,CUST000949,RM0186,Car Loan,241473,Defaulted
LN0006500,CUST001810,RM0146,Gold Loan,91901,Defaulted
LN0006501,CUST000362,RM0081,Business Loan,92610,Defaulted
LN0006502,CUST000920,RM0102,Gold Loan,261842,Approved
LN0006503,CUST000224,RM0038,Car Loan,61038,Closed
LN0006504,CUST000977,RM0245,Personal Loan,125202,Rejected
LN0006505,CUST000825,RM0201,Education Loan,82370,Pending
LN0006506,CUST000328,RM0135,Business Loan,223584,Pending
LN0006507,CUST002077,RM0124,Home Loan,266802,Approved
LN0006508,CUST001507,RM0126,Business Loan,305406,Defaulted
LN0006509,CUST000522,RM0105,Gold Loan,108936,Approved
LN0006510,CUST001744,RM0003,Business Loan,68697,Active
LN0006511,CUST000098,RM0240,Personal Loan,66390,Closed
LN0006512,CUST001746,RM0167,Car Loan,161077,Rejected
LN0006513,CUST000253,RM0196,Plot Loan,633178,Closed
LN0006514,CUST000501,RM0127,Personal Loan,99110,Defaulted
LN0006515,CUST002201,RM0217,Personal Loan,109342,Pending
LN0006516,CUST001431,RM0013,Home Loan,71269,Approved
LN0006517,CUST002424,RM0041,Business Loan,236062,Pending
LN0006518,CUST000967,RM0199,Business Loan,277807,Pending
LN0006519,CUST001583,RM0140,Plot Loan,255965,Closed
LN0006520,CUST001859,RM0027,Plot Loan,444843,Closed
LN0006521,CUST001608,RM0222,Car Loan,183272,Defaulted
LN0006522,CUST001361,RM0109,Car Loan,78879,Rejected
LN0006523,CUST000511,RM0144,Business Loan,118330,Pending
LN0006524,CUST001904,RM0143,Gold Loan,267196,Rejected
LN0006525,CUST000092,RM0113,Car Loan,239929,Defaulted
LN0006526,CUST000868,RM0042,Business Loan,201431,Active
LN0006527,CUST002172,RM0114,Home Loan,279748,Active
LN0006528,CUST000206,RM0131,Personal Loan,252885,Approved
LN0006529,CUST000408,RM0196,Gold Loan,476273,Rejected
LN0006530,CUST001101,RM0009,Car Loan,226385,Rejected
LN0006531,CUST001090,RM0026,Business Loan,351558,Rejected
LN0006532,CUST000951,RM0245,Plot Loan,107191,Defaulted
LN0006533,CUST000282,RM0066,Car Loan,276754,Approved
LN0006534,CUST000220,RM0226,Plot Loan,514954,Closed
LN0006535,CUST000167,RM0017,Education Loan,147464,Pending
LN0006536,CUST000769,RM0068,Car Loan,352012,Approved
LN0006537,CUST002210,RM0162,Personal Loan,308043,Approved
LN0006538,CUST001748,RM0045,Gold Loan,62274,Closed
LN0006539,CUST000368,RM0185,Gold Loan,224219,Rejected
LN0006540,CUST001739,RM0120,Plot Loan,77895,Active
LN0006541,CUST001987,RM0086,Gold Loan,734193,Closed
LN0006542,CUST001513,RM0217,Education Loan,383633,Pending
LN0006543,CUST000521,RM0068,Plot Loan,73244,Active
LN0006544,CUST001117,RM0163,Education Loan,75965,Approved
LN0006545,CUST002186,RM0086,Home Loan,230513,Pending
LN0006546,CUST002277,RM0099,Gold Loan,134590,Pending
LN0006547,CUST001865,RM0185,Personal Loan,57105,Approved
LN0006548,CUST000908,RM0203,Home Loan,206020,Rejected
LN0006549,CUST000031,RM0068,Car Loan,148153,Rejected
LN0006550,CUST001786,RM0112,Plot Loan,71311,Active
LN0006551,CUST001081,RM0120,Education Loan,373817,Active
LN0006552,CUST002145,RM0050,Gold Loan,543201,Active
LN0006553,CUST001587,RM0171,Gold Loan,332604,Active
LN0006554,CUST002003,RM0245,Business Loan,395669,Rejected
LN0006555,CUST002251,RM0177,Plot Loan,98794,Closed
LN0006556,CUST001322,RM0074,Home Loan,111189,Rejected
LN0006557,CUST001473,RM0015,Plot Loan,96772,Rejected
LN0006558,CUST002447,RM0233,Education Loan,339687,Pending
LN0006559,CUST001063,RM0020,Business Loan,841796,Approved
LN0006560,CUST001342,RM0129,Business Loan,640983,Active
LN0006561,CUST000130,RM0186,Education Loan,302346,Defaulted
LN0006562,CUST001854,RM0229,Business Loan,476512,Pending
LN0006563,CUST002447,RM0195,Personal Loan,253608,Rejected
LN0006564,CUST000503,RM0143,Personal Loan,148093,Defaulted
LN0006565,CUST001428,RM0084,Gold Loan,160942,Approved
LN0006566,CUST001164,RM0149,Home Loan,65661,Pending
LN0006567,CUST002494,RM0008,Business Loan,56392,Active
LN0006568,CUST000423,RM0186,Gold Loan,287800,Defaulted
LN0006569,CUST002009,RM0026,Home Loan,165403,Defaulted
LN0006570,CUST000720,RM0128,Education Loan,210688,Defaulted
LN0006571,CUST001941,RM0156,Business Loan,213135,Rejected
LN0006572,CUST000927,RM0067,Plot Loan,114973,Pending
LN0006573,CUST000464,RM0209,Business Loan,179211,Defaulted
LN0006574,CUST000306,RM0185,Car Loan,177262,Active
LN0006575,CUST001715,RM0209,Gold Loan,148344,Defaulted
LN0006576,CUST000817,RM0033,Education Loan,393711,Pending
LN0006577,CUST001101,RM0076,Personal Loan,169991,Rejected
LN0006578,CUST000945,RM0249,Car Loan,235088,Pending
LN0006579,CUST001776,RM0095,Personal Loan,501752,Closed
LN0006580,CUST000687,RM0118,Personal Loan,452332,Pending
LN0006581,CUST000191,RM0197,Car Loan,492224,Rejected
LN0006582,CUST002348,RM0225,Gold Loan,112943,Pending
LN0006583,CUST001217,RM0077,Business Loan,57121,Approved
LN0006584,CUST001718,RM0222,Plot Loan,110509,Closed
LN0006585,CUST001940,RM0196,Education Loan,115342,Closed
LN0006586,CUST001891,RM0248,Plot Loan,530172,Approved
LN0006587,CUST001649,RM0238,Gold Loan,58633,Approved
LN0006588,CUST002188,RM0186,Car Loan,259532,Closed
LN0006589,CUST002184,RM0175,Business Loan,67047,Defaulted
LN0006590,CUST001221,RM0070,Education Loan,79092,Active
LN0006591,CUST002099,RM0074,Education Loan,83843,Approved
LN0006592,CUST002370,RM0232,Plot Loan,249078,Approved
LN0006593,CUST001964,RM0115,Car Loan,315917,Rejected
LN0006594,CUST000295,RM0083,Business Loan,442714,Approved
LN0006595,CUST002101,RM0016,Car Loan,614815,Approved
LN0006596,CUST002125,RM0207,Business Loan,95055,Closed
LN0006597,CUST001515,RM0170,Gold Loan,50000,Approved
LN0006598,CUST000877,RM0012,Personal Loan,124146,Pending
LN0006599,CUST000145,RM0157,Gold Loan,104972,Pending
LN0006600,CUST002292,RM0137,Education Loan,138870,Defaulted
LN0006601,CUST000039,RM0106,Personal Loan,542234,Rejected
LN0006602,CUST000838,RM0051,Car Loan,221186,Rejected
LN0006603,CUST000604,RM0246,Business Loan,318028,Defaulted
LN0006604,CUST001744,RM0053,Car Loan,184715,Approved
LN0006605,CUST001073,RM0119,Business Loan,55856,Closed
LN0006606,CUST001520,RM0210,Home Loan,63269,Defaulted
LN0006607,CUST000403,RM0085,Business Loan,204404,Approved
LN0006608,CUST001992,RM0104,Car Loan,303730,Approved
LN0006609,CUST002278,RM0069,Gold Loan,98498,Active
LN0006610,CUST000103,RM0061,Car Loan,305961,Approved
LN0006611,CUST001210,RM0223,Car Loan,382848,Closed
LN0006612,CUST001411,RM0135,Plot Loan,156170,Rejected
LN0006613,CUST001173,RM0089,Gold Loan,324414,Pending
LN0006614,CUST000320,RM0206,Car Loan,153512,Approved
LN0006615,CUST000963,RM0197,Education Loan,276858,Defaulted
LN0006616,CUST001202,RM0052,Plot Loan,338782,Rejected
LN0006617,CUST000403,RM0065,Education Loan,1013836,Pending
LN0006618,CUST000524,RM0198,Gold Loan,134745,Rejected
LN0006619,CUST000155,RM0095,Home Loan,155879,Rejected
LN0006620,CUST000504,RM0032,Personal Loan,86213,Rejected
LN0006621,CUST000404,RM0086,Home Loan,95649,Defaulted
LN0006622,CUST000299,RM0114,Plot Loan,286439,Approved
LN0006623,CUST002242,RM0187,Plot Loan,547892,Active
LN0006624,CUST000089,RM0216,Car Loan,150374,Defaulted
LN0006625,CUST001271,RM0043,Gold Loan,89652,Approved
LN0006626,CUST000959,RM0147,Home Loan,117122,Active
LN0006627,CUST001823,RM0111,Gold Loan,171412,Pending
LN0006628,CUST000734,RM0164,Personal Loan,118681,Rejected
LN0006629,CUST002053,RM0156,Gold Loan,103204,Active
LN0006630,CUST001101,RM0151,Gold Loan,316349,Defaulted
LN0006631,CUST001940,RM0153,Home Loan,51575,Closed
LN0006632,CUST001452,RM0199,Education Loan,204971,Rejected
LN0006633,CUST001150,RM0085,Plot Loan,365749,Pending
LN0006634,CUST000275,RM0117,Gold Loan,111911,Pending
LN0006635,CUST001512,RM0204,Business Loan,234910,Approved
LN0006636,CUST002071,RM0109,Personal Loan,271067,Defaulted
LN0006637,CUST002244,RM0237,Home Loan,262856,Rejected
LN0006638,CUST001048,RM0218,Gold Loan,168063,Active
LN0006639,CUST001563,RM0170,Plot Loan,135106,Pending
LN0006640,CUST000883,RM0214,Gold Loan,411485,Closed
LN0006641,CUST002387,RM0054,Business Loan,334132,Active
LN0006642,CUST001803,RM0188,Personal Loan,127502,Approved
LN0006643,CUST001782,RM0040,Plot Loan,71744,Defaulted
LN0006644,CUST001561,RM0233,Gold Loan,64903,Rejected
LN0006645,CUST001280,RM0003,Car Loan,69804,Pending
LN0006646,CUST000604,RM0199,Personal Loan,224871,Pending
LN0006647,CUST001537,RM0243,Business Loan,60608,Approved
LN0006648,CUST000082,RM0171,Business Loan,132174,Approved
LN0006649,CUST001510,RM0097,Personal Loan,329835,Closed
LN0006650,CUST000691,RM0093,Business Loan,119726,Pending
LN0006651,CUST000876,RM0080,Car Loan,338199,Defaulted
LN0006652,CUST002428,RM0172,Plot Loan,323664,Defaulted
LN0006653,CUST001179,RM0105,Education Loan,106426,Rejected
LN0006654,CUST001008,RM0180,Business Loan,310996,Pending
LN0006655,CUST000337,RM0164,Education Loan,325488,Pending
LN0006656,CUST000158,RM0087,Car Loan,151318,Approved
LN0006657,CUST002383,RM0090,Education Loan,97250,Closed
LN0006658,CUST001496,RM0243,Education Loan,197324,Closed
LN0006659,CUST002298,RM0228,Business Loan,558670,Closed
LN0006660,CUST000014,RM0221,Personal Loan,254117,Defaulted
LN0006661,CUST001316,RM0097,Personal Loan,87971,Active
LN0006662,CUST001123,RM0185,Gold Loan,279617,Pending
LN0006663,CUST001588,RM0142,Plot Loan,161444,Active
LN0006664,CUST001880,RM0176,Car Loan,229066,Active
LN0006665,CUST001473,RM0002,Education Loan,314899,Defaulted
LN0006666,CUST000734,RM0112,Plot Loan,194699,Defaulted
LN0006667,CUST002435,RM0159,Business Loan,386384,Defaulted
LN0006668,CUST001893,RM0172,Home Loan,306138,Rejected
LN0006669,CUST000439,RM0202,Plot Loan,999999999,Approved
LN0006670,CUST001073,RM0057,Education Loan,240940,Approved
LN0006671,CUST000365,RM0167,Plot Loan,82690,Defaulted
LN0006672,CUST000770,RM0022,Gold Loan,411515,Pending
LN0006673,CUST000436,RM0238,Plot Loan,599479,Closed
LN0006674,CUST000515,RM0163,Personal Loan,79460,Defaulted
LN0006675,CUST001803,RM0109,Car Loan,183980,Active
LN0006676,CUST000731,RM0154,Home Loan,109920,Active
LN0006677,CUST000385,RM0202,Gold Loan,330910,Defaulted
LN0006678,CUST002298,RM0017,Car Loan,305760,Rejected
LN0006679,CUST001610,RM0038,Business Loan,725943,Pending
LN0006680,CUST001051,RM0001,Business Loan,80370,Pending
LN0006681,CUST001847,RM0016,Home Loan,469158,Approved
LN0006682,CUST001713,RM0079,Plot Loan,89927,Rejected
LN0006683,CUST002173,RM0017,Education Loan,369165,Closed
LN0006684,CUST001483,RM0169,Plot Loan,172121,Closed
LN0006685,CUST001085,RM0218,Gold Loan,129580,Pending
LN0006686,CUST000048,RM0224,Gold Loan,84451,Defaulted
LN0006687,CUST000836,RM0225,Car Loan,86691,Approved
LN0006688,CUST001492,RM0131,Business Loan,266877,Defaulted
LN0006689,CUST001718,RM0223,Education Loan,209892,Closed
LN0006690,CUST001823,RM0097,Plot Loan,76041,Approved
LN0006691,CUST000296,RM0060,Personal Loan,73913,Pending
LN0006692,CUST000273,RM0131,Plot Loan,65011,Approved
LN0006693,CUST001388,RM0127,Car Loan,322333,Approved
LN0006694,CUST001470,RM0076,Car Loan,298877,Approved
LN0006695,CUST001919,RM0156,Home Loan,62041,Rejected
LN0006696,CUST002154,RM0030,Plot Loan,214318,Defaulted
LN0006697,CUST002330,RM0100,Home Loan,67695,Approved
LN0006698,CUST000172,RM0143,Car Loan,518152,Defaulted
LN0006699,CUST001540,RM0105,Gold Loan,525283,Active
LN0006700,CUST001868,RM0138,Personal Loan,289620,Pending
LN0006701,CUST001602,RM0032,Personal Loan,571249,Rejected
LN0006702,CUST001104,RM0238,Business Loan,383681,Pending
LN0006703,CUST000983,RM0085,Car Loan,402679,Active
LN0006704,CUST001441,RM0200,Gold Loan,218658,Approved
LN0006705,CUST000006,RM0166,Car Loan,123073,Defaulted
LN0006706,CUST000404,RM0078,Gold Loan,99128,Closed
LN0006707,CUST001467,RM0248,Car Loan,129261,Approved
LN0006708,CUST000040,RM0076,Education Loan,248038,Defaulted
LN0006709,CUST000162,RM0074,Personal Loan,87907,Closed
LN0006710,CUST002193,RM0063,Gold Loan,109853,Closed
LN0006711,CUST002313,RM0088,Plot Loan,176245,Rejected
LN0006712,CUST000761,RM0155,Car Loan,103066,Pending
LN0006713,CUST000100,RM0198,Home Loan,227659,Defaulted
LN0006714,CUST000198,RM0070,Education Loan,563247,Active
LN0006715,CUST002273,RM0113,Plot Loan,325736,Defaulted
LN0006716,CUST000566,RM0236,Education Loan,269578,Defaulted
LN0006717,CUST002322,RM0118,Gold Loan,224800,Approved
LN0006718,CUST002000,RM0242,Car Loan,183865,Pending
LN0006719,CUST001503,RM0196,Car Loan,91297,Approved
LN0006720,CUST000940,RM0076,Plot Loan,500208,Active
LN0006721,CUST001304,RM0030,Gold Loan,107146,Pending
LN0006722,CUST000723,RM0167,Plot Loan,69150,Closed
LN0006723,CUST002490,RM0165,Car Loan,327271,Pending
LN0006724,CUST000514,RM0168,Education Loan,88623,Rejected
LN0006725,CUST002460,RM0043,Car Loan,143009,Rejected
LN0006726,CUST000613,RM0056,Plot Loan,55738,Defaulted
LN0006727,CUST001659,RM0054,Business Loan,79483,Active
LN0006728,CUST002403,RM0100,Business Loan,88039,Active
LN0006729,CUST000576,RM0152,Education Loan,61189,Active
LN0006730,CUST000364,RM0035,Home Loan,263805,Active
LN0006731,CUST000502,RM0026,Business Loan,412810,Pending
LN0006732,CUST000305,RM0068,Business Loan,143462,Rejected
LN0006733,CUST002117,RM0200,Business Loan,465211,Active
LN0006734,CUST001930,RM0137,Business Loan,97993,Rejected
LN0006735,CUST000131,RM0008,Gold Loan,128724,Defaulted
LN0006736,CUST000316,RM0007,Plot Loan,82677,Rejected
LN0006737,CUST002422,RM0065,Car Loan,243811,Active
LN0006738,CUST002052,RM0159,Home Loan,50000,Approved
LN0006739,CUST000461,RM0236,Home Loan,158900,Defaulted
LN0006740,CUST000584,RM0246,Home Loan,240012,Approved
LN0006741,CUST001602,RM0249,Home Loan,336823,Pending
LN0006742,CUST001985,RM0126,Plot Loan,207800,Closed
LN0006743,CUST002235,RM0050,Car Loan,247573,Approved
LN0006744,CUST000638,RM0198,Personal Loan,597445,Pending
LN0006745,CUST001949,RM0091,Car Loan,121067,Approved
LN0006746,CUST000473,RM0055,Car Loan,138996,Approved
LN0006747,CUST002088,RM0147,Gold Loan,302959,Defaulted
LN0006748,CUST001370,RM0207,Business Loan,238992,Pending
LN0006749,CUST002175,RM0153,Personal Loan,89332,Defaulted
LN0006750,CUST001790,RM0006,Home Loan,144368,Rejected
LN0006751,CUST000027,RM0130,Gold Loan,176161,Closed
LN0006752,CUST001371,RM0056,Car Loan,158735,Approved
LN0006753,CUST000254,RM0136,Home Loan,89269,Active
LN0006754,CUST000190,RM0156,Personal Loan,566539,Closed
LN0006755,CUST001227,RM0247,Business Loan,337364,Closed
LN0006756,CUST000841,RM0212,Home Loan,181307,Approved
LN0006757,CUST000741,RM0138,Car Loan,277925,Defaulted
LN0006758,CUST002173,RM0036,Personal Loan,505154,Pending
LN0006759,CUST001377,RM0004,Home Loan,999999999,Defaulted
LN0006760,CUST001267,RM0107,Home Loan,79276,Rejected
LN0006761,CUST000826,RM0119,Gold Loan,107635,Approved
LN0006762,CUST000990,RM0127,Car Loan,206483,Rejected
LN0006763,CUST002409,RM0150,Car Loan,370900,Defaulted
LN0006764,CUST002458,RM0210,Home Loan,57385,Closed
LN0006765,CUST000440,RM0222,Personal Loan,877260,Approved
LN0006766,CUST000631,RM0222,Home Loan,171359,Pending
LN0006767,CUST002051,RM0047,Gold Loan,139017,Closed
LN0006768,CUST001049,RM0114,Business Loan,119266,Approved
LN0006769,CUST001407,RM0167,Car Loan,88318,Active
LN0006770,CUST001700,RM0138,Personal Loan,363634,Active
LN0006771,CUST002003,RM0049,Business Loan,672067,Rejected
LN0006772,CUST001048,RM0153,Personal Loan,156765,Rejected
LN0006773,CUST002350,RM0234,Car Loan,659071,Approved
LN0006774,CUST002472,RM0055,Gold Loan,397224,Active
LN0006775,CUST000444,RM0188,Car Loan,181189,Pending
LN0006776,CUST000334,RM0064,Gold Loan,274187,Closed
LN0006777,CUST000466,RM0113,Home Loan,164180,Active
LN0006778,CUST000154,RM0120,Business Loan,213616,Pending
LN0006779,CUST001745,RM0087,Gold Loan,61959,Rejected
LN0006780,CUST002379,RM0012,Business Loan,288318,Active
LN0006781,CUST000895,RM0082,Gold Loan,60854,Approved
LN0006782,CUST002230,RM0101,Personal Loan,389746,Closed
LN0006783,CUST001371,RM0157,Education Loan,398533,Rejected
LN0006784,CUST001103,RM0072,Plot Loan,104119,Approved
LN0006785,CUST002069,RM0238,Gold Loan,128212,Rejected
LN0006786,CUST001780,RM0176,Education Loan,181289,Approved
LN0006787,CUST000063,RM0168,Home Loan,231596,Rejected
LN0006788,CUST001112,RM0039,Car Loan,117754,Pending
LN0006789,CUST002123,RM0018,Car Loan,229536,Active
LN0006790,CUST001605,RM0014,Plot Loan,120703,Pending
LN0006791,CUST001674,RM0108,Personal Loan,61417,Closed
LN0006792,CUST000626,RM0200,Plot Loan,50506,Closed
LN0006793,CUST000643,RM0168,Education Loan,71328,Defaulted
LN0006794,CUST001250,RM0141,Plot Loan,364284,Defaulted
LN0006795,CUST001347,RM0034,Personal Loan,701062,Pending
LN0006796,CUST001853,RM0113,Plot Loan,161362,Active
LN0006797,CUST000114,RM0163,Car Loan,193768,Defaulted
LN0006798,CUST000358,RM0214,Education Loan,81763,Pending
LN0006799,CUST002090,RM0209,Business Loan,210160,Closed
LN0006800,CUST000179,RM0233,Car Loan,81250,Closed
LN0006801,CUST001116,RM0232,Gold Loan,238945,Closed
LN0006802,CUST001109,RM0075,Business Loan,50000,Approved
LN0006803,CUST001886,RM0116,Business Loan,591386,Closed
LN0006804,CUST000120,RM0161,Car Loan,93556,Rejected
LN0006805,CUST000285,RM0047,Plot Loan,339262,Approved
LN0006806,CUST002391,RM0049,Gold Loan,54756,Closed
LN0006807,CUST002237,RM0188,Business Loan,144159,Pending
LN0006808,CUST001401,RM0101,Home Loan,73475,Closed
LN0006809,CUST001115,RM0007,Home Loan,136919,Closed
LN0006810,CUST002284,RM0230,Car Loan,88120,Pending
LN0006811,CUST002024,RM0019,Business Loan,815827,Approved
LN0006812,CUST000863,RM0022,Gold Loan,143459,Defaulted
LN0006813,CUST000869,RM0225,Gold Loan,158093,Closed
LN0006814,CUST001600,RM0172,Gold Loan,121503,Defaulted
LN0006815,CUST001840,RM0176,Personal Loan,263784,Rejected
LN0006816,CUST001557,RM0140,Education Loan,552296,Pending
LN0006817,CUST000261,RM0073,Education Loan,152363,Pending
LN0006818,CUST000927,RM0220,Education Loan,92723,Closed
LN0006819,CUST001432,RM0194,Personal Loan,113140,Pending
LN0006820,CUST001343,RM0027,Car Loan,434830,Rejected
LN0006821,CUST002305,RM0194,Plot Loan,219558,Approved
LN0006822,CUST002114,RM0020,Plot Loan,171397,Rejected
LN0006823,CUST001516,RM0027,Car Loan,82418,Rejected
LN0006824,CUST001560,RM0211,Gold Loan,169468,Rejected
LN0006825,CUST001121,RM0236,Plot Loan,115282,Approved
LN0006826,CUST001440,RM0207,Home Loan,623514,Active
LN0006827,CUST000301,RM0147,Car Loan,480953,Approved
LN0006828,CUST000179,RM0026,Education Loan,50000,Pending
LN0006829,CUST002266,RM0144,Car Loan,67526,Rejected
LN0006830,CUST001823,RM0247,Plot Loan,195404,Closed
LN0006831,CUST001537,RM0027,Plot Loan,100993,Closed
LN0006832,CUST000361,RM0230,Home Loan,155790,Defaulted
LN0006833,CUST000326,RM0143,Home Loan,468867,Closed
LN0006834,CUST002236,RM0013,Personal Loan,199949,Pending
LN0006835,CUST001675,RM0037,Home Loan,131357,Defaulted
LN0006836,CUST001484,RM0073,Personal Loan,96610,Closed
LN0006837,CUST000165,RM0042,Business Loan,372212,Approved
LN0006838,CUST001420,RM0005,Gold Loan,245908,Approved
LN0006839,CUST002040,RM0114,Education Loan,176246,Defaulted
LN0006840,CUST002286,RM0237,Business Loan,99048,Active
LN0006841,CUST000204,RM0237,Business Loan,131367,Pending
LN0006842,CUST001362,RM0102,Education Loan,692993,Pending
LN0006843,CUST002221,RM0120,Personal Loan,196831,Approved
LN0006844,CUST000439,RM0051,Plot Loan,152398,Approved
LN0006845,CUST001999,RM0104,Personal Loan,197387,Closed
LN0006846,CUST001106,RM0231,Plot Loan,351908,Rejected
LN0006847,CUST000557,RM0145,Education Loan,133136,Closed
LN0006848,CUST001658,RM0024,Plot Loan,89374,Pending
LN0006849,CUST002408,RM0170,Gold Loan,225864,Pending
LN0006850,CUST001587,RM0074,Gold Loan,268846,Closed
LN0006851,CUST000080,RM0130,Car Loan,299458,Rejected
LN0006852,CUST001203,RM0012,Gold Loan,477393,Closed
LN0006853,CUST001155,RM0013,Car Loan,142780,Approved
LN0006854,CUST000567,RM0176,Gold Loan,65669,Approved
LN0006855,CUST000188,RM0099,Education Loan,685683,Active
LN0006856,CUST001598,RM0225,Home Loan,164190,Pending
LN0006857,CUST002421,RM0211,Gold Loan,245238,Active
LN0006858,CUST001378,RM0116,Gold Loan,269505,Rejected
LN0006859,CUST000112,RM0097,Personal Loan,208158,Rejected
LN0006860,CUST000179,RM0055,Car Loan,95947,Active
LN0006861,CUST000223,RM0166,Business Loan,331416,Rejected
LN0006862,CUST000439,RM0108,Business Loan,375675,Active
LN0006863,CUST001463,RM0119,Gold Loan,211028,Approved
LN0006864,CUST000685,RM0189,Plot Loan,184105,Approved
LN0006865,CUST001025,RM0167,Personal Loan,74193,Defaulted
LN0006866,CUST002127,RM0166,Home Loan,67537,Defaulted
LN0006867,CUST002319,RM0227,Business Loan,132971,Defaulted
LN0006868,CUST001980,RM0148,Car Loan,124458,Closed
LN0006869,CUST001085,RM0038,Education Loan,664334,Rejected
LN0006870,CUST002323,RM0124,Personal Loan,356146,Approved
LN0006871,CUST001837,RM0124,Education Loan,265717,Approved
LN0006872,CUST002322,RM0164,Business Loan,195816,Pending
LN0006873,CUST002315,RM0227,Gold Loan,86632,Pending
LN0006874,CUST001426,RM0238,Business Loan,817537,Pending
LN0006875,CUST000454,RM0114,Home Loan,144013,Defaulted
LN0006876,CUST000636,RM0147,Home Loan,72617,Closed
LN0006877,CUST001352,RM0038,Car Loan,186164,Pending
LN0006878,CUST001281,RM0136,Personal Loan,464291,Approved
LN0006879,CUST000452,RM0154,Car Loan,486589,Active
LN0006880,CUST002242,RM0160,Gold Loan,52205,Pending
LN0006881,CUST000218,RM0028,Personal Loan,484830,Active
LN0006882,CUST001259,RM0152,Car Loan,113349,Defaulted
LN0006883,CUST000524,RM0222,Business Loan,57950,Closed
LN0006884,CUST001961,RM0182,Personal Loan,426499,Pending
LN0006885,CUST000899,RM0165,Personal Loan,448824,Pending
LN0006886,CUST001280,RM0188,Plot Loan,231382,Closed
LN0006887,CUST002418,RM0149,Business Loan,220866,Rejected
LN0006888,CUST001748,RM0191,Personal Loan,385458,Pending
LN0006889,CUST002237,RM0053,Home Loan,358645,Approved
LN0006890,CUST001464,RM0004,Plot Loan,491646,Defaulted
LN0006891,CUST000470,RM0216,Car Loan,210926,Closed
LN0006892,CUST001884,RM0233,Plot Loan,736210,Approved
LN0006893,CUST000274,RM0093,Gold Loan,1161771,Approved
LN0006894,CUST002410,RM0178,Education Loan,74782,Defaulted
LN0006895,CUST002352,RM0102,Personal Loan,428816,Pending
LN0006896,CUST001111,RM0223,Business Loan,188558,Rejected
LN0006897,CUST001073,RM0071,Business Loan,738380,Defaulted
LN0006898,CUST001065,RM0213,Business Loan,148062,Rejected
LN0006899,CUST002323,RM0242,Business Loan,239903,Approved
LN0006900,CUST000844,RM0236,Business Loan,61518,Rejected
LN0006901,CUST001584,RM0089,Gold Loan,191230,Defaulted
LN0006902,CUST000872,RM0136,Home Loan,50000,Active
LN0006903,CUST001118,RM0045,Personal Loan,459418,Active
LN0006904,CUST000569,RM0115,Business Loan,98022,Defaulted
LN0006905,CUST001153,RM0066,Education Loan,161161,Approved
LN0006906,CUST000145,RM0063,Business Loan,610959,Closed
LN0006907,CUST001492,RM0078,Gold Loan,161920,Active
LN0006908,CUST000019,RM0241,Plot Loan,138747,Approved
LN0006909,CUST002296,RM0183,Business Loan,166155,Closed
LN0006910,CUST001313,RM0169,Personal Loan,196565,Defaulted
LN0006911,CUST001327,RM0047,Personal Loan,249929,Rejected
LN0006912,CUST002438,RM0021,Plot Loan,372581,Active
LN0006913,CUST000536,RM0193,Personal Loan,170333,Defaulted
LN0006914,CUST001067,RM0128,Business Loan,390180,Closed
LN0006915,CUST002252,RM0241,Plot Loan,202594,Pending
LN0006916,CUST002096,RM0206,Business Loan,132643,Pending
LN0006917,CUST002083,RM0179,Business Loan,264560,Active
LN0006918,CUST000015,RM0030,Business Loan,302972,Pending
LN0006919,CUST001954,RM0192,Car Loan,213311,Rejected
LN0006920,CUST000584,RM0231,Plot Loan,61656,Defaulted
LN0006921,CUST000040,RM0165,Gold Loan,87237,Closed
LN0006922,CUST001727,RM0196,Plot Loan,117177,Rejected
LN0006923,CUST002364,RM0197,Gold Loan,116431,Active
LN0006924,CUST001426,RM0183,Business Loan,273816,Rejected
LN0006925,CUST001960,RM0010,Home Loan,53703,Defaulted
LN0006926,CUST000908,RM0119,Plot Loan,331856,Approved
LN0006927,CUST001340,RM0229,Business Loan,111670,Closed
LN0006928,CUST002001,RM0070,Business Loan,124219,Defaulted
LN0006929,CUST000177,RM0102,Home Loan,200117,Pending
LN0006930,CUST000561,RM0218,Gold Loan,98650,Defaulted
LN0006931,CUST001498,RM0012,Education Loan,481647,Defaulted
LN0006932,CUST002110,RM0022,Gold Loan,67846,Pending
LN0006933,CUST000652,RM0013,Education Loan,167534,Closed
LN0006934,CUST000650,RM0113,Home Loan,428655,Rejected
LN0006935,CUST000508,RM0199,Business Loan,241341,Active
LN0006936,CUST001019,RM0194,Car Loan,119155,Defaulted
LN0006937,CUST002352,RM0244,Home Loan,159207,Active
LN0006938,CUST000386,RM0225,Business Loan,295308,Approved
LN0006939,CUST001095,RM0197,Business Loan,774324,Closed
LN0006940,CUST001060,RM0203,Car Loan,497244,Approved
LN0006941,CUST002188,RM0080,Gold Loan,133841,Active
LN0006942,CUST001570,RM0208,Plot Loan,1313758,Defaulted
LN0006943,CUST000901,RM0037,Personal Loan,50702,Defaulted
LN0006944,CUST001535,RM0077,Home Loan,55603,Defaulted
LN0006945,CUST001618,RM0112,Gold Loan,397273,Active
LN0006946,CUST000914,RM0198,Car Loan,360178,Rejected
LN0006947,CUST000337,RM0068,Personal Loan,94494,Closed
LN0006948,CUST000035,RM0100,Home Loan,62538,Pending
LN0006949,CUST001924,RM0079,Personal Loan,104138,Defaulted
LN0006950,CUST001296,RM0111,Business Loan,161060,Closed
LN0006951,CUST001386,RM0024,Personal Loan,312286,Pending
LN0006952,CUST001756,RM0153,Car Loan,245811,Defaulted
LN0006953,CUST000481,RM0090,Home Loan,104262,Pending
LN0006954,CUST000385,RM0153,Car Loan,189941,Defaulted
LN0006955,CUST001744,RM0118,Gold Loan,571317,Defaulted
LN0006956,CUST000356,RM0172,Car Loan,387488,Closed
LN0006957,CUST001566,RM0095,Plot Loan,128072,Active
LN0006958,CUST000818,RM0140,Education Loan,856438,Pending
LN0006959,CUST001635,RM0125,Plot Loan,296625,Rejected
LN0006960,CUST001682,RM0045,Home Loan,62896,Rejected
LN0006961,CUST000728,RM0062,Car Loan,57158,Defaulted
LN0006962,CUST000672,RM0034,Gold Loan,86882,Closed
LN0006963,CUST001550,RM0102,Plot Loan,310284,Pending
LN0006964,CUST000867,RM0183,Plot Loan,90604,Closed
LN0006965,CUST001367,RM0241,Plot Loan,193277,Rejected
LN0006966,CUST001583,RM0113,Plot Loan,69579,Approved
LN0006967,CUST000443,RM0239,Gold Loan,557373,Active
LN0006968,CUST000278,RM0062,Personal Loan,134306,Pending
LN0006969,CUST000693,RM0021,Gold Loan,527480,Approved
LN0006970,CUST002398,RM0115,Gold Loan,629632,Active
LN0006971,CUST000910,RM0052,Education Loan,51229,Active
LN0006972,CUST001141,RM0091,Plot Loan,174774,Closed
LN0006973,CUST000546,RM0217,Home Loan,54993,Rejected
LN0006974,CUST001454,RM0237,Car Loan,528705,Approved
LN0006975,CUST001125,RM0067,Home Loan,196131,Rejected
LN0006976,CUST000508,RM0046,Car Loan,65580,Approved
LN0006977,CUST002247,RM0100,Plot Loan,73368,Closed
LN0006978,CUST000398,RM0186,Gold Loan,146742,Active
LN0006979,CUST001530,RM0069,Gold Loan,613464,Approved
LN0006980,CUST001408,RM0058,Personal Loan,286122,Rejected
LN0006981,CUST001957,RM0217,Car Loan,454414,Approved
LN0006982,CUST001510,RM0113,Education Loan,141285,Active
LN0006983,CUST002048,RM0068,Personal Loan,58835,Approved
LN0006984,CUST001966,RM0052,Gold Loan,782390,Defaulted
LN0006985,CUST000605,RM0211,Home Loan,53464,Active
LN0006986,CUST001484,RM0168,Education Loan,639966,Approved
LN0006987,CUST000747,RM0122,Personal Loan,141987,Rejected
LN0006988,CUST001907,RM0047,Car Loan,52028,Rejected
LN0006989,CUST001206,RM0057,Plot Loan,283693,Rejected
LN0006990,CUST000546,RM0208,Business Loan,999999999,Pending
LN0006991,CUST000894,RM0026,Personal Loan,837881,Rejected
LN0006992,CUST002393,RM0014,Business Loan,724089,Rejected
LN0006993,CUST001468,RM0071,Plot Loan,85093,Rejected
LN0006994,CUST000284,RM0169,Business Loan,89994,Approved
LN0006995,CUST000928,RM0048,Car Loan,216729,Pending
LN0006996,CUST002077,RM0005,Home Loan,252838,Defaulted
LN0006997,CUST002273,RM0013,Personal Loan,318967,Active
LN0006998,CUST000906,RM0043,Business Loan,89946,Approved
LN0006999,CUST000163,RM0049,Education Loan,688871,Defaulted
LN0007000,CUST000177,RM0029,Business Loan,253631,Approved
LN0007001,CUST001198,RM0028,Home Loan,425524,Closed
LN0007002,CUST000752,RM0212,Gold Loan,205334,Closed
LN0007003,CUST001540,RM0174,Car Loan,156981,Closed
LN0007004,CUST001091,RM0221,Business Loan,806049,Pending
LN0007005,CUST002372,RM0197,Business Loan,224512,Defaulted
LN0007006,CUST002299,RM0202,Plot Loan,453291,Closed
LN0007007,CUST002225,RM0039,Education Loan,662769,Closed
LN0007008,CUST000942,RM0133,Education Loan,275004,Active
LN0007009,CUST000701,RM0105,Business Loan,209230,Rejected
LN0007010,CUST001789,RM0066,Car Loan,50703,Closed
LN0007011,CUST001381,RM0059,Gold Loan,58168,Active
LN0007012,CUST002093,RM0176,Gold Loan,94841,Rejected
LN0007013,CUST002274,RM0074,Plot Loan,91161,Approved
LN0007014,CUST000896,RM0088,Education Loan,108809,Active
LN0007015,CUST000826,RM0123,Gold Loan,122749,Rejected
LN0007016,CUST001711,RM0179,Education Loan,999999999,Approved
LN0007017,CUST000665,RM0164,Education Loan,139277,Rejected
LN0007018,CUST001121,RM0171,Home Loan,159130,Closed
LN0007019,CUST000259,RM0053,Education Loan,70820,Approved
LN0007020,CUST002496,RM0138,Car Loan,58657,Defaulted
LN0007021,CUST000117,RM0233,Personal Loan,274137,Closed
LN0007022,CUST002465,RM0180,Car Loan,204150,Rejected
LN0007023,CUST000955,RM0236,Personal Loan,167449,Rejected
LN0007024,CUST000970,RM0085,Plot Loan,251264,Rejected
LN0007025,CUST001628,RM0239,Home Loan,401679,Rejected
LN0007026,CUST000906,RM0049,Plot Loan,161615,Rejected
LN0007027,CUST001454,RM0091,Personal Loan,254953,Active
LN0007028,CUST000399,RM0093,Home Loan,663971,Rejected
LN0007029,CUST002365,RM0186,Car Loan,416047,Approved
LN0007030,CUST001889,RM0158,Car Loan,161025,Rejected
LN0007031,CUST000916,RM0082,Gold Loan,256968,Defaulted
LN0007032,CUST000737,RM0107,Plot Loan,88977,Closed
LN0007033,CUST001826,RM0160,Business Loan,214433,Pending
LN0007034,CUST001740,RM0051,Car Loan,846149,Pending
LN0007035,CUST002238,RM0214,Home Loan,196093,Approved
LN0007036,CUST001877,RM0066,Business Loan,575215,Approved
LN0007037,CUST001718,RM0124,Car Loan,154625,Active
LN0007038,CUST000288,RM0026,Education Loan,1402701,Pending
LN0007039,CUST000184,RM0011,Business Loan,223129,Active
LN0007040,CUST001650,RM0248,Education Loan,58637,Approved
LN0007041,CUST002300,RM0157,Car Loan,226742,Active
LN0007042,CUST002099,RM0107,Home Loan,114198,Closed
LN0007043,CUST001058,RM0233,Gold Loan,56604,Closed
LN0007044,CUST002407,RM0107,Car Loan,393910,Defaulted
LN0007045,CUST000452,RM0029,Plot Loan,114518,Approved
LN0007046,CUST000502,RM0182,Gold Loan,368465,Pending
LN0007047,CUST002255,RM0187,Home Loan,117996,Closed
LN0007048,CUST000030,RM0227,Plot Loan,93215,Rejected
LN0007049,CUST001483,RM0082,Personal Loan,779436,Pending
LN0007050,CUST001946,RM0181,Car Loan,139772,Active
LN0007051,CUST000624,RM0132,Education Loan,233947,Closed
LN0007052,CUST001226,RM0213,Personal Loan,238312,Closed
LN0007053,CUST000943,RM0159,Personal Loan,214411,Active
LN0007054,CUST001826,RM0100,Gold Loan,542306,Approved
LN0007055,CUST001458,RM0192,Education Loan,274442,Active
LN0007056,CUST001911,RM0249,Gold Loan,153413,Approved
LN0007057,CUST001662,RM0159,Business Loan,446652,Defaulted
LN0007058,CUST001125,RM0163,Home Loan,89949,Active
LN0007059,CUST000329,RM0006,Business Loan,207156,Active
LN0007060,CUST002111,RM0202,Education Loan,651360,Closed
LN0007061,CUST002165,RM0110,Car Loan,246378,Closed
LN0007062,CUST000594,RM0099,Personal Loan,389619,Rejected
LN0007063,CUST001506,RM0117,Business Loan,262009,Approved
LN0007064,CUST000026,RM0006,Home Loan,415731,Pending
LN0007065,CUST001096,RM0226,Car Loan,628230,Approved
LN0007066,CUST002109,RM0157,Personal Loan,113744,Pending
LN0007067,CUST000361,RM0056,Home Loan,999999999,Defaulted
LN0007068,CUST002437,RM0158,Gold Loan,999999999,Defaulted
LN0007069,CUST001684,RM0176,Business Loan,87184,Rejected
LN0007070,CUST000762,RM0209,Gold Loan,182326,Pending
LN0007071,CUST000886,RM0059,Education Loan,292040,Approved
LN0007072,CUST001074,RM0149,Business Loan,101544,Defaulted
LN0007073,CUST002157,RM0031,Plot Loan,50821,Approved
LN0007074,CUST000439,RM0175,Business Loan,133994,Rejected
LN0007075,CUST001898,RM0073,Plot Loan,743848,Rejected
LN0007076,CUST002416,RM0064,Plot Loan,287467,Pending
LN0007077,CUST001588,RM0018,Car Loan,152607,Closed
LN0007078,CUST000443,RM0098,Home Loan,92781,Pending
LN0007079,CUST001157,RM0227,Education Loan,138039,Defaulted
LN0007080,CUST001187,RM0222,Education Loan,87227,Active
LN0007081,CUST000667,RM0158,Gold Loan,72478,Approved
LN0007082,CUST000095,RM0146,Education Loan,524477,Active
LN0007083,CUST001915,RM0156,Education Loan,1260696,Active
LN0007084,CUST001295,RM0012,Plot Loan,85852,Active
LN0007085,CUST002252,RM0215,Business Loan,61213,Active
LN0007086,CUST002098,RM0042,Personal Loan,130015,Closed
LN0007087,CUST001173,RM0046,Personal Loan,173852,Approved
LN0007088,CUST001742,RM0160,Gold Loan,95837,Rejected
LN0007089,CUST002100,RM0187,Car Loan,121742,Approved
LN0007090,CUST000650,RM0242,Personal Loan,94846,Rejected
LN0007091,CUST001907,RM0170,Personal Loan,347674,Approved
LN0007092,CUST001929,RM0240,Personal Loan,299360,Approved
LN0007093,CUST000775,RM0180,Personal Loan,251545,Rejected
LN0007094,CUST000149,RM0054,Business Loan,147949,Active
LN0007095,CUST001250,RM0063,Gold Loan,529469,Pending
LN0007096,CUST001402,RM0100,Education Loan,748219,Defaulted
LN0007097,CUST000209,RM0047,Plot Loan,88144,Approved
LN0007098,CUST000215,RM0075,Education Loan,100466,Closed
LN0007099,CUST001523,RM0160,Plot Loan,199153,Pending
LN0007100,CUST001837,RM0230,Gold Loan,69137,Defaulted
LN0007101,CUST002031,RM0047,Car Loan,164699,Closed
LN0007102,CUST000925,RM0095,Education Loan,224354,Pending
LN0007103,CUST000986,RM0240,Education Loan,999999999,Approved
LN0007104,CUST000295,RM0064,Education Loan,197659,Rejected
LN0007105,CUST000407,RM0081,Education Loan,130366,Defaulted
LN0007106,CUST001874,RM0091,Home Loan,50000,Pending
LN0007107,CUST001339,RM0231,Car Loan,206371,Active
LN0007108,CUST001621,RM0059,Home Loan,687868,Pending
LN0007109,CUST002116,RM0237,Plot Loan,96138,Rejected
LN0007110,CUST001583,RM0234,Plot Loan,262744,Approved
LN0007111,CUST000863,RM0028,Personal Loan,58873,Rejected
LN0007112,CUST001003,RM0223,Plot Loan,50000,Defaulted
LN0007113,CUST000855,RM0207,Gold Loan,63744,Defaulted
LN0007114,CUST002118,RM0210,Plot Loan,210515,Closed
LN0007115,CUST000900,RM0031,Personal Loan,72172,Active
LN0007116,CUST001760,RM0224,Plot Loan,54520,Closed
LN0007117,CUST000110,RM0155,Gold Loan,87630,Defaulted
LN0007118,CUST000251,RM0152,Car Loan,216412,Defaulted
LN0007119,CUST001509,RM0057,Education Loan,293034,Pending
LN0007120,CUST002389,RM0119,Home Loan,95249,Pending
LN0007121,CUST001465,RM0001,Personal Loan,270680,Approved
LN0007122,CUST001375,RM0018,Personal Loan,90295,Approved
LN0007123,CUST001815,RM0094,Car Loan,240102,Closed
LN0007124,CUST000532,RM0135,Business Loan,156191,Approved
LN0007125,CUST000404,RM0196,Business Loan,262147,Closed
LN0007126,CUST000630,RM0164,Education Loan,1111784,Rejected
LN0007127,CUST001348,RM0111,Plot Loan,605534,Defaulted
LN0007128,CUST000409,RM0205,Car Loan,50858,Rejected
LN0007129,CUST000032,RM0183,Home Loan,483329,Closed
LN0007130,CUST002080,RM0101,Business Loan,63760,Approved
LN0007131,CUST001072,RM0208,Gold Loan,661719,Approved
LN0007132,CUST001980,RM0006,Home Loan,116208,Approved
LN0007133,CUST001168,RM0113,Car Loan,146264,Rejected
LN0007134,CUST002213,RM0089,Plot Loan,69222,Defaulted
LN0007135,CUST000212,RM0157,Education Loan,73818,Defaulted
LN0007136,CUST000833,RM0079,Home Loan,309466,Closed
LN0007137,CUST002286,RM0123,Home Loan,627670,Approved
LN0007138,CUST000033,RM0018,Education Loan,238705,Defaulted
LN0007139,CUST000364,RM0222,Plot Loan,301650,Approved
LN0007140,CUST000892,RM0178,Car Loan,337071,Approved
LN0007141,CUST002140,RM0207,Personal Loan,110983,Rejected
LN0007142,CUST001605,RM0242,Personal Loan,59256,Rejected
LN0007143,CUST001614,RM0009,Business Loan,50374,Rejected
LN0007144,CUST001563,RM0046,Gold Loan,136356,Rejected
LN0007145,CUST001794,RM0136,Home Loan,105273,Closed
LN0007146,CUST002266,RM0220,Car Loan,62868,Closed
LN0007147,CUST000708,RM0023,Car Loan,89575,Pending
LN0007148,CUST001325,RM0202,Car Loan,76591,Closed
LN0007149,CUST002388,RM0076,Car Loan,542734,Rejected
LN0007150,CUST000047,RM0188,Education Loan,80226,Active
LN0007151,CUST002343,RM0066,Education Loan,204285,Active
LN0007152,CUST002088,RM0092,Plot Loan,229840,Defaulted
LN0007153,CUST001765,RM0168,Business Loan,206828,Closed
LN0007154,CUST002002,RM0108,Gold Loan,70862,Rejected
LN0007155,CUST000444,RM0250,Plot Loan,126779,Defaulted
LN0007156,CUST000053,RM0233,Car Loan,60526,Approved
LN0007157,CUST001213,RM0073,Car Loan,150726,Pending
LN0007158,CUST002426,RM0168,Gold Loan,91798,Pending
LN0007159,CUST002359,RM0067,Gold Loan,214939,Approved
LN0007160,CUST000991,RM0012,Car Loan,286056,Closed
LN0007161,CUST002288,RM0079,Business Loan,201908,Rejected
LN0007162,CUST001164,RM0221,Personal Loan,163915,Approved
LN0007163,CUST001598,RM0058,Home Loan,147986,Active
LN0007164,CUST000447,RM0131,Personal Loan,418642,Defaulted
LN0007165,CUST001740,RM0236,Business Loan,99530,Defaulted
LN0007166,CUST001668,RM0021,Business Loan,315016,Active
LN0007167,CUST002027,RM0054,Personal Loan,333336,Defaulted
LN0007168,CUST001587,RM0216,Business Loan,158669,Pending
LN0007169,CUST002324,RM0074,Education Loan,120565,Active
LN0007170,CUST002292,RM0095,Business Loan,177180,Rejected
LN0007171,CUST001047,RM0017,Business Loan,69569,Approved
LN0007172,CUST002081,RM0215,Car Loan,59403,Pending
LN0007173,CUST000548,RM0123,Car Loan,73667,Rejected
LN0007174,CUST002107,RM0056,Business Loan,91440,Defaulted
LN0007175,CUST002010,RM0195,Car Loan,190307,Approved
LN0007176,CUST001824,RM0067,Plot Loan,428276,Defaulted
LN0007177,CUST002477,RM0232,Education Loan,103743,Pending
LN0007178,CUST000403,RM0014,Business Loan,597172,Closed
LN0007179,CUST001583,RM0090,Education Loan,669809,Pending
LN0007180,CUST001186,RM0066,Education Loan,688371,Pending
LN0007181,CUST001358,RM0074,Business Loan,413492,Active
LN0007182,CUST000775,RM0246,Business Loan,140456,Approved
LN0007183,CUST002109,RM0169,Personal Loan,65092,Defaulted
LN0007184,CUST001698,RM0089,Car Loan,218245,Active
LN0007185,CUST001962,RM0213,Gold Loan,213597,Defaulted
LN0007186,CUST001759,RM0213,Plot Loan,429391,Pending
LN0007187,CUST001200,RM0178,Gold Loan,1153845,Approved
LN0007188,CUST000513,RM0143,Education Loan,191919,Rejected
LN0007189,CUST001051,RM0152,Home Loan,134686,Active
LN0007190,CUST000282,RM0230,Home Loan,91134,Rejected
LN0007191,CUST001038,RM0226,Home Loan,50962,Rejected
LN0007192,CUST001989,RM0115,Gold Loan,192308,Rejected
LN0007193,CUST000424,RM0218,Gold Loan,212169,Defaulted
LN0007194,CUST002337,RM0040,Plot Loan,398523,Pending
LN0007195,CUST001284,RM0048,Business Loan,190468,Active
LN0007196,CUST000313,RM0087,Business Loan,546505,Rejected
LN0007197,CUST001454,RM0245,Car Loan,247817,Defaulted
LN0007198,CUST001295,RM0032,Gold Loan,416937,Active
LN0007199,CUST001459,RM0133,Education Loan,82104,Defaulted
LN0007200,CUST000210,RM0150,Education Loan,436668,Approved
LN0007201,CUST002399,RM0030,Car Loan,274874,Rejected
LN0007202,CUST001207,RM0172,Plot Loan,87322,Approved
LN0007203,CUST000135,RM0066,Car Loan,92085,Closed
LN0007204,CUST000221,RM0109,Personal Loan,572095,Closed
LN0007205,CUST002357,RM0233,Plot Loan,56549,Active
LN0007206,CUST002195,RM0143,Business Loan,174178,Active
LN0007207,CUST001371,RM0212,Business Loan,125222,Pending
LN0007208,CUST000480,RM0248,Education Loan,268771,Rejected
LN0007209,CUST001281,RM0052,Education Loan,416053,Closed
LN0007210,CUST000637,RM0171,Business Loan,139375,Rejected
LN0007211,CUST001390,RM0125,Personal Loan,161339,Defaulted
LN0007212,CUST000160,RM0213,Home Loan,852565,Pending
LN0007213,CUST001932,RM0166,Car Loan,356418,Rejected
LN0007214,CUST002168,RM0198,Plot Loan,505002,Rejected
LN0007215,CUST001874,RM0228,Car Loan,165522,Rejected
LN0007216,CUST001006,RM0094,Car Loan,103334,Rejected
LN0007217,CUST001386,RM0164,Education Loan,156159,Approved
LN0007218,CUST000113,RM0010,Education Loan,301820,Rejected
LN0007219,CUST001557,RM0155,Education Loan,73178,Approved
LN0007220,CUST001774,RM0003,Personal Loan,254272,Closed
LN0007221,CUST001410,RM0212,Home Loan,113070,Active
LN0007222,CUST002065,RM0144,Business Loan,59551,Rejected
LN0007223,CUST000715,RM0068,Car Loan,163249,Defaulted
LN0007224,CUST002031,RM0133,Gold Loan,401408,Rejected
LN0007225,CUST002418,RM0124,Home Loan,54994,Approved
LN0007226,CUST001503,RM0042,Personal Loan,274985,Rejected
LN0007227,CUST002008,RM0034,Home Loan,589113,Rejected
LN0007228,CUST001760,RM0076,Plot Loan,104080,Approved
LN0007229,CUST001909,RM0080,Education Loan,286595,Active
LN0007230,CUST000109,RM0007,Plot Loan,788592,Approved
LN0007231,CUST000171,RM0196,Personal Loan,50000,Approved
LN0007232,CUST000595,RM0143,Business Loan,705502,Pending
LN0007233,CUST001121,RM0249,Plot Loan,103557,Pending
LN0007234,CUST000597,RM0170,Home Loan,71145,Closed
LN0007235,CUST001684,RM0094,Car Loan,82100,Defaulted
LN0007236,CUST000070,RM0221,Personal Loan,292156,Active
LN0007237,CUST001507,RM0119,Gold Loan,308749,Rejected
LN0007238,CUST002475,RM0141,Gold Loan,274316,Defaulted
LN0007239,CUST001934,RM0062,Personal Loan,131918,Pending
LN0007240,CUST000006,RM0219,Car Loan,87212,Closed
LN0007241,CUST000412,RM0053,Car Loan,223862,Rejected
LN0007242,CUST000128,RM0027,Education Loan,182205,Closed
LN0007243,CUST001126,RM0119,Education Loan,311004,Closed
LN0007244,CUST002331,RM0105,Business Loan,166450,Active
LN0007245,CUST001615,RM0197,Car Loan,132691,Defaulted
LN0007246,CUST000399,RM0066,Car Loan,119480,Approved
LN0007247,CUST001156,RM0181,Education Loan,97517,Rejected
LN0007248,CUST000374,RM0201,Plot Loan,111780,Approved
LN0007249,CUST001700,RM0003,Gold Loan,69926,Closed
LN0007250,CUST000083,RM0184,Plot Loan,135191,Pending
LN0007251,CUST001102,RM0050,Personal Loan,57451,Pending
LN0007252,CUST000350,RM0195,Gold Loan,91260,Defaulted
LN0007253,CUST001454,RM0173,Home Loan,324691,Pending
LN0007254,CUST001077,RM0075,Gold Loan,128747,Active
LN0007255,CUST001131,RM0183,Car Loan,270666,Active
LN0007256,CUST002103,RM0244,Car Loan,302379,Rejected
LN0007257,CUST000097,RM0233,Gold Loan,224065,Pending
LN0007258,CUST001098,RM0174,Education Loan,687367,Defaulted
LN0007259,CUST000929,RM0140,Education Loan,54334,Closed
LN0007260,CUST000295,RM0142,Gold Loan,318380,Rejected
LN0007261,CUST000632,RM0057,Car Loan,687798,Closed
LN0007262,CUST000156,RM0096,Education Loan,446494,Closed
LN0007263,CUST000041,RM0097,Personal Loan,86758,Closed
LN0007264,CUST001053,RM0231,Gold Loan,129148,Closed
LN0007265,CUST001980,RM0036,Business Loan,87857,Approved
LN0007266,CUST000210,RM0247,Gold Loan,233913,Closed
LN0007267,CUST000573,RM0151,Gold Loan,299089,Defaulted
LN0007268,CUST001504,RM0042,Business Loan,126273,Pending
LN0007269,CUST000037,RM0020,Business Loan,205091,Approved
LN0007270,CUST000729,RM0205,Plot Loan,284831,Approved
LN0007271,CUST001649,RM0088,Business Loan,159407,Closed
LN0007272,CUST000592,RM0214,Gold Loan,434851,Approved
LN0007273,CUST000294,RM0009,Plot Loan,345287,Approved
LN0007274,CUST001580,RM0036,Education Loan,63370,Approved
LN0007275,CUST002133,RM0091,Plot Loan,244109,Approved
LN0007276,CUST002498,RM0120,Car Loan,103661,Defaulted
LN0007277,CUST001010,RM0226,Education Loan,213071,Approved
LN0007278,CUST002383,RM0046,Car Loan,678792,Active
LN0007279,CUST001413,RM0226,Car Loan,472495,Approved
LN0007280,CUST001405,RM0012,Home Loan,153676,Approved
LN0007281,CUST001047,RM0117,Personal Loan,118924,Approved
LN0007282,CUST001359,RM0159,Personal Loan,103420,Defaulted
LN0007283,CUST001719,RM0155,Gold Loan,202077,Rejected
LN0007284,CUST000118,RM0173,Gold Loan,74263,Rejected
LN0007285,CUST001484,RM0130,Personal Loan,209379,Pending
LN0007286,CUST002402,RM0144,Car Loan,50266,Pending
LN0007287,CUST000754,RM0113,Car Loan,128267,Defaulted
LN0007288,CUST001359,RM0036,Education Loan,99675,Defaulted
LN0007289,CUST000458,RM0002,Personal Loan,759606,Closed
LN0007290,CUST001068,RM0047,Education Loan,309834,Defaulted
LN0007291,CUST002446,RM0079,Personal Loan,136049,Active
LN0007292,CUST001863,RM0175,Business Loan,69488,Rejected
LN0007293,CUST000249,RM0028,Education Loan,195465,Active
LN0007294,CUST000257,RM0033,Personal Loan,98019,Defaulted
LN0007295,CUST002182,RM0176,Home Loan,203759,Active
LN0007296,CUST002235,RM0083,Home Loan,410801,Active
LN0007297,CUST001436,RM0058,Car Loan,241314,Pending
LN0007298,CUST000294,RM0156,Personal Loan,250908,Pending
LN0007299,CUST000923,RM0073,Plot Loan,205754,Closed
LN0007300,CUST001232,RM0244,Business Loan,574188,Approved
LN0007301,CUST002065,RM0160,Plot Loan,587363,Defaulted
LN0007302,CUST001674,RM0135,Personal Loan,193784,Rejected
LN0007303,CUST001739,RM0111,Education Loan,122987,Closed
LN0007304,CUST001916,RM0090,Education Loan,173084,Defaulted
LN0007305,CUST000878,RM0193,Home Loan,91296,Closed
LN0007306,CUST001920,RM0108,Gold Loan,252309,Rejected
LN0007307,CUST001965,RM0054,Gold Loan,188666,Rejected
LN0007308,CUST002374,RM0103,Plot Loan,71806,Active
LN0007309,CUST000252,RM0086,Car Loan,94041,Approved
LN0007310,CUST001564,RM0226,Business Loan,50000,Closed
LN0007311,CUST002430,RM0243,Home Loan,180643,Pending
LN0007312,CUST002103,RM0019,Gold Loan,487118,Active
LN0007313,CUST001052,RM0121,Home Loan,217122,Pending
LN0007314,CUST001592,RM0087,Education Loan,278848,Approved
LN0007315,CUST002413,RM0021,Personal Loan,132808,Defaulted
LN0007316,CUST001297,RM0153,Plot Loan,219451,Active
LN0007317,CUST001100,RM0219,Gold Loan,168616,Pending
LN0007318,CUST000835,RM0027,Business Loan,265250,Pending
LN0007319,CUST001346,RM0071,Plot Loan,60379,Active
LN0007320,CUST000125,RM0042,Business Loan,185967,Active
LN0007321,CUST001709,RM0097,Home Loan,120193,Pending
LN0007322,CUST001211,RM0056,Home Loan,128959,Active
LN0007323,CUST002047,RM0195,Plot Loan,698415,Pending
LN0007324,CUST001884,RM0056,Gold Loan,90348,Pending
LN0007325,CUST002023,RM0096,Car Loan,124574,Active
LN0007326,CUST002149,RM0100,Plot Loan,192626,Rejected
LN0007327,CUST002258,RM0158,Gold Loan,447594,Pending
LN0007328,CUST000705,RM0009,Personal Loan,157800,Approved
LN0007329,CUST001467,RM0208,Personal Loan,322410,Rejected
LN0007330,CUST000588,RM0053,Home Loan,438108,Defaulted
LN0007331,CUST001739,RM0038,Car Loan,124217,Closed
LN0007332,CUST000411,RM0099,Business Loan,149763,Approved
LN0007333,CUST001845,RM0218,Plot Loan,138184,Rejected
LN0007334,CUST000010,RM0216,Personal Loan,407779,Pending
LN0007335,CUST000994,RM0049,Education Loan,59072,Active
LN0007336,CUST002291,RM0021,Business Loan,123755,Active
LN0007337,CUST001415,RM0006,Education Loan,277517,Defaulted
LN0007338,CUST000416,RM0084,Car Loan,216685,Pending
LN0007339,CUST000038,RM0024,Business Loan,164642,Approved
LN0007340,CUST000869,RM0198,Personal Loan,205283,Active
LN0007341,CUST002358,RM0176,Personal Loan,94025,Rejected
LN0007342,CUST000523,RM0107,Gold Loan,162675,Closed
LN0007343,CUST000173,RM0189,Gold Loan,189311,Defaulted
LN0007344,CUST000673,RM0126,Plot Loan,512909,Active
LN0007345,CUST001910,RM0065,Personal Loan,110446,Rejected
LN0007346,CUST002476,RM0022,Home Loan,454730,Rejected
LN0007347,CUST001805,RM0163,Business Loan,256700,Defaulted
LN0007348,CUST001777,RM0103,Business Loan,54110,Defaulted
LN0007349,CUST001425,RM0019,Gold Loan,307928,Approved
LN0007350,CUST000301,RM0147,Personal Loan,57239,Active
LN0007351,CUST000473,RM0207,Plot Loan,1239002,Approved
LN0007352,CUST002437,RM0038,Personal Loan,462142,Approved
LN0007353,CUST000057,RM0195,Gold Loan,120577,Closed
LN0007354,CUST001040,RM0188,Gold Loan,109522,Pending
LN0007355,CUST001144,RM0012,Business Loan,146072,Closed
LN0007356,CUST001067,RM0168,Gold Loan,138063,Approved
LN0007357,CUST001958,RM0157,Car Loan,143150,Active
LN0007358,CUST000308,RM0099,Personal Loan,126626,Approved
LN0007359,CUST002139,RM0156,Business Loan,244114,Rejected
LN0007360,CUST000459,RM0083,Business Loan,85888,Approved
LN0007361,CUST001464,RM0033,Gold Loan,424136,Active
LN0007362,CUST002122,RM0192,Business Loan,768209,Active
LN0007363,CUST000806,RM0157,Gold Loan,92565,Approved
LN0007364,CUST001305,RM0049,Car Loan,384691,Approved
LN0007365,CUST002020,RM0045,Home Loan,179437,Defaulted
LN0007366,CUST002368,RM0144,Education Loan,433097,Pending
LN0007367,CUST001963,RM0159,Car Loan,106776,Pending
LN0007368,CUST002092,RM0191,Business Loan,53544,Rejected
LN0007369,CUST000145,RM0205,Plot Loan,243100,Pending
LN0007370,CUST000854,RM0119,Car Loan,172464,Defaulted
LN0007371,CUST001382,RM0163,Business Loan,217479,Rejected
LN0007372,CUST001703,RM0192,Gold Loan,509200,Pending
LN0007373,CUST001923,RM0169,Personal Loan,750816,Pending
LN0007374,CUST000162,RM0248,Plot Loan,251272,Defaulted
LN0007375,CUST002329,RM0185,Business Loan,338831,Pending
LN0007376,CUST002015,RM0002,Gold Loan,67505,Approved
LN0007377,CUST000328,RM0096,Business Loan,85041,Rejected
LN0007378,CUST001618,RM0236,Car Loan,314254,Approved
LN0007379,CUST000662,RM0179,Business Loan,162903,Rejected
LN0007380,CUST001738,RM0015,Education Loan,168105,Defaulted
LN0007381,CUST001934,RM0213,Plot Loan,123809,Closed
LN0007382,CUST000530,RM0117,Education Loan,236970,Approved
LN0007383,CUST001563,RM0037,Home Loan,90953,Closed
LN0007384,CUST000185,RM0109,Car Loan,247190,Active
LN0007385,CUST002364,RM0035,Plot Loan,88183,Pending
LN0007386,CUST001914,RM0142,Car Loan,63190,Rejected
LN0007387,CUST000494,RM0248,Gold Loan,130202,Closed
LN0007388,CUST000410,RM0173,Plot Loan,102569,Pending
LN0007389,CUST000903,RM0210,Gold Loan,489629,Approved
LN0007390,CUST001840,RM0055,Car Loan,61304,Rejected
LN0007391,CUST000540,RM0230,Business Loan,88865,Approved
LN0007392,CUST001472,RM0125,Personal Loan,209133,Rejected
LN0007393,CUST000717,RM0063,Business Loan,181196,Active
LN0007394,CUST000957,RM0202,Car Loan,59387,Rejected
LN0007395,CUST001902,RM0050,Car Loan,51455,Pending
LN0007396,CUST000909,RM0104,Business Loan,935705,Approved
LN0007397,CUST000060,RM0082,Education Loan,265077,Pending
LN0007398,CUST001104,RM0019,Plot Loan,482145,Rejected
LN0007399,CUST001778,RM0058,Plot Loan,140954,Defaulted
LN0007400,CUST000410,RM0064,Education Loan,177138,Approved
LN0007401,CUST001097,RM0136,Car Loan,111999,Pending
LN0007402,CUST002203,RM0065,Education Loan,134585,Defaulted
LN0007403,CUST001778,RM0132,Education Loan,259419,Defaulted
LN0007404,CUST000187,RM0074,Education Loan,478794,Defaulted
LN0007405,CUST000571,RM0249,Personal Loan,90700,Defaulted
LN0007406,CUST002377,RM0120,Gold Loan,416968,Pending
LN0007407,CUST000981,RM0001,Car Loan,75920,Active
LN0007408,CUST001947,RM0125,Business Loan,98412,Closed
LN0007409,CUST002092,RM0112,Home Loan,57576,Active
LN0007410,CUST000629,RM0218,Plot Loan,422120,Closed
LN0007411,CUST002084,RM0053,Home Loan,80353,Approved
LN0007412,CUST001727,RM0086,Education Loan,548514,Closed
LN0007413,CUST002083,RM0165,Plot Loan,173029,Closed
LN0007414,CUST000114,RM0051,Plot Loan,66169,Rejected
LN0007415,CUST000219,RM0085,Personal Loan,274087,Closed
LN0007416,CUST001948,RM0220,Personal Loan,692413,Approved
LN0007417,CUST001563,RM0142,Personal Loan,472380,Approved
LN0007418,CUST002285,RM0108,Education Loan,331040,Defaulted
LN0007419,CUST000225,RM0062,Business Loan,592028,Active
LN0007420,CUST002035,RM0182,Home Loan,99725,Defaulted
LN0007421,CUST001850,RM0130,Education Loan,412028,Active
LN0007422,CUST001109,RM0078,Home Loan,284230,Rejected
LN0007423,CUST001744,RM0208,Business Loan,457674,Approved
LN0007424,CUST000758,RM0041,Home Loan,368822,Closed
LN0007425,CUST000649,RM0184,Business Loan,135081,Pending
LN0007426,CUST002033,RM0249,Education Loan,347797,Closed
LN0007427,CUST001403,RM0007,Plot Loan,110885,Approved
LN0007428,CUST001662,RM0243,Business Loan,129675,Approved
LN0007429,CUST001624,RM0026,Car Loan,72836,Closed
LN0007430,CUST000213,RM0224,Home Loan,596909,Rejected
LN0007431,CUST002278,RM0063,Personal Loan,118780,Defaulted
LN0007432,CUST000775,RM0004,Personal Loan,197053,Rejected
LN0007433,CUST001549,RM0020,Home Loan,149296,Active
LN0007434,CUST000422,RM0135,Home Loan,490573,Closed
LN0007435,CUST002086,RM0144,Gold Loan,693416,Pending
LN0007436,CUST000610,RM0147,Education Loan,131608,Defaulted
LN0007437,CUST002218,RM0168,Plot Loan,351507,Approved
LN0007438,CUST000971,RM0207,Plot Loan,436779,Closed
LN0007439,CUST002261,RM0088,Plot Loan,164400,Pending
LN0007440,CUST001287,RM0051,Plot Loan,145018,Closed
LN0007441,CUST002278,RM0210,Plot Loan,325463,Rejected
LN0007442,CUST000567,RM0207,Car Loan,538130,Approved
LN0007443,CUST002092,RM0133,Business Loan,331243,Approved
LN0007444,CUST000043,RM0011,Home Loan,101527,Defaulted
LN0007445,CUST001709,RM0247,Personal Loan,488401,Active
LN0007446,CUST000451,RM0126,Gold Loan,148067,Pending
LN0007447,CUST001967,RM0052,Education Loan,221712,Active
LN0007448,CUST001617,RM0135,Personal Loan,406087,Active
LN0007449,CUST001494,RM0073,Plot Loan,91748,Pending
LN0007450,CUST001791,RM0026,Plot Loan,356968,Pending
LN0007451,CUST001494,RM0177,Plot Loan,231348,Closed
LN0007452,CUST001053,RM0182,Business Loan,497624,Pending
LN0007453,CUST000678,RM0100,Personal Loan,87741,Approved
LN0007454,CUST001207,RM0214,Education Loan,159180,Closed
LN0007455,CUST000230,RM0034,Business Loan,407764,Defaulted
LN0007456,CUST002373,RM0228,Plot Loan,53883,Approved
LN0007457,CUST000781,RM0030,Personal Loan,73802,Active
LN0007458,CUST000328,RM0047,Plot Loan,982670,Defaulted
LN0007459,CUST002493,RM0066,Car Loan,115810,Closed
LN0007460,CUST001150,RM0087,Car Loan,322298,Rejected
LN0007461,CUST000470,RM0161,Education Loan,792169,Active
LN0007462,CUST000275,RM0172,Education Loan,90308,Defaulted
LN0007463,CUST001925,RM0055,Car Loan,139599,Pending
LN0007464,CUST000945,RM0111,Gold Loan,329567,Closed
LN0007465,CUST001733,RM0195,Home Loan,264459,Active
LN0007466,CUST000828,RM0164,Business Loan,224035,Active
LN0007467,CUST000601,RM0008,Plot Loan,200961,Closed
LN0007468,CUST002216,RM0187,Car Loan,420863,Closed
LN0007469,CUST000278,RM0010,Plot Loan,103562,Pending
LN0007470,CUST000261,RM0198,Education Loan,166848,Pending
LN0007471,CUST000857,RM0062,Business Loan,83790,Rejected
LN0007472,CUST001336,RM0017,Business Loan,231239,Pending
LN0007473,CUST000144,RM0101,Personal Loan,107681,Closed
LN0007474,CUST000842,RM0226,Gold Loan,131245,Defaulted
LN0007475,CUST001001,RM0003,Personal Loan,177448,Approved
LN0007476,CUST001568,RM0245,Home Loan,55427,Approved
LN0007477,CUST001498,RM0187,Home Loan,69288,Pending
LN0007478,CUST001611,RM0209,Gold Loan,281627,Pending
LN0007479,CUST002172,RM0152,Gold Loan,162062,Approved
LN0007480,CUST001250,RM0183,Car Loan,450185,Defaulted
LN0007481,CUST002296,RM0207,Education Loan,287273,Active
LN0007482,CUST000666,RM0133,Home Loan,51626,Approved
LN0007483,CUST001029,RM0169,Car Loan,241793,Closed
LN0007484,CUST001299,RM0191,Home Loan,69682,Rejected
LN0007485,CUST001746,RM0012,Education Loan,353675,Closed
LN0007486,CUST000510,RM0232,Personal Loan,1003718,Closed
LN0007487,CUST001200,RM0156,Car Loan,201515,Pending
LN0007488,CUST001045,RM0155,Business Loan,279631,Pending
LN0007489,CUST000940,RM0112,Personal Loan,104181,Closed
LN0007490,CUST000474,RM0070,Personal Loan,165107,Defaulted
LN0007491,CUST001322,RM0149,Education Loan,437720,Defaulted
LN0007492,CUST002050,RM0202,Home Loan,86645,Active
LN0007493,CUST000036,RM0221,Personal Loan,111722,Approved
LN0007494,CUST001621,RM0240,Gold Loan,167913,Approved
LN0007495,CUST002462,RM0072,Education Loan,299131,Defaulted
LN0007496,CUST000236,RM0218,Education Loan,144283,Rejected
LN0007497,CUST000489,RM0230,Car Loan,575475,Closed
LN0007498,CUST000851,RM0094,Education Loan,69844,Defaulted
LN0007499,CUST002172,RM0123,Personal Loan,142662,Approved
LN0007500,CUST001543,RM0119,Gold Loan,296854,Pending
LN0007501,CUST001216,RM0101,Gold Loan,101233,Closed
LN0007502,CUST001908,RM0153,Education Loan,263663,Approved
LN0007503,CUST000931,RM0171,Personal Loan,85877,Rejected
LN0007504,CUST001754,RM0214,Education Loan,61521,Rejected
LN0007505,CUST001638,RM0071,Personal Loan,75797,Closed
LN0007506,CUST000226,RM0054,Home Loan,581808,Approved
LN0007507,CUST000033,RM0055,Home Loan,210481,Rejected
LN0007508,CUST000687,RM0150,Home Loan,314402,Approved
LN0007509,CUST001569,RM0085,Plot Loan,368266,Pending
LN0007510,CUST001498,RM0011,Gold Loan,130889,Pending
LN0007511,CUST002015,RM0057,Gold Loan,229620,Pending
LN0007512,CUST002454,RM0245,Plot Loan,186620,Rejected
LN0007513,CUST000061,RM0099,Car Loan,632786,Defaulted
LN0007514,CUST001364,RM0046,Personal Loan,325327,Closed
LN0007515,CUST001902,RM0121,Personal Loan,312269,Active
LN0007516,CUST000024,RM0082,Business Loan,59492,Closed
LN0007517,CUST001091,RM0154,Personal Loan,209554,Approved
LN0007518,CUST001674,RM0192,Personal Loan,175843,Defaulted
LN0007519,CUST000759,RM0055,Personal Loan,575780,Active
LN0007520,CUST001658,RM0212,Personal Loan,109503,Rejected
LN0007521,CUST002290,RM0176,Home Loan,112896,Active
LN0007522,CUST001597,RM0125,Car Loan,155983,Approved
LN0007523,CUST001169,RM0180,Home Loan,105776,Rejected
LN0007524,CUST001512,RM0044,Plot Loan,77664,Pending
LN0007525,CUST001239,RM0171,Home Loan,439563,Active
LN0007526,CUST001031,RM0129,Business Loan,213414,Rejected
LN0007527,CUST001562,RM0202,Business Loan,50000,Closed
LN0007528,CUST000373,RM0207,Gold Loan,445178,Closed
LN0007529,CUST000837,RM0188,Personal Loan,405730,Defaulted
LN0007530,CUST001825,RM0164,Plot Loan,116268,Rejected
LN0007531,CUST000583,RM0241,Personal Loan,208698,Rejected
LN0007532,CUST002063,RM0194,Personal Loan,67377,Approved
LN0007533,CUST001390,RM0030,Personal Loan,543614,Approved
LN0007534,CUST000471,RM0209,Gold Loan,153591,Defaulted
LN0007535,CUST001113,RM0004,Car Loan,150068,Active
LN0007536,CUST002289,RM0098,Gold Loan,122123,Approved
LN0007537,CUST002014,RM0152,Gold Loan,173483,Active
LN0007538,CUST001845,RM0063,Personal Loan,108006,Rejected
LN0007539,CUST001968,RM0113,Home Loan,143953,Approved
LN0007540,CUST002033,RM0141,Education Loan,371834,Active
LN0007541,CUST001637,RM0242,Business Loan,409461,Approved
LN0007542,CUST000991,RM0152,Business Loan,122533,Active
LN0007543,CUST000586,RM0063,Home Loan,176604,Rejected
LN0007544,CUST002120,RM0126,Education Loan,464008,Closed
LN0007545,CUST000463,RM0022,Business Loan,60822,Approved
LN0007546,CUST002023,RM0210,Personal Loan,489906,Rejected
LN0007547,CUST001139,RM0168,Business Loan,99483,Pending
LN0007548,CUST002331,RM0108,Business Loan,276975,Defaulted
LN0007549,CUST001383,RM0066,Home Loan,224718,Active
LN0007550,CUST001481,RM0189,Plot Loan,211012,Active
LN0007551,CUST001801,RM0061,Education Loan,442310,Closed
LN0007552,CUST001795,RM0201,Business Loan,71421,Approved
LN0007553,CUST001594,RM0151,Business Loan,135244,Approved
LN0007554,CUST001234,RM0112,Education Loan,204547,Pending
LN0007555,CUST001454,RM0022,Car Loan,383507,Pending
LN0007556,CUST002404,RM0195,Personal Loan,98782,Active
LN0007557,CUST001800,RM0221,Home Loan,374839,Active
LN0007558,CUST000648,RM0149,Plot Loan,152044,Pending
LN0007559,CUST002490,RM0177,Plot Loan,91876,Approved
LN0007560,CUST002154,RM0100,Home Loan,334580,Defaulted
LN0007561,CUST000515,RM0238,Car Loan,69059,Closed
LN0007562,CUST001362,RM0063,Education Loan,194625,Defaulted
LN0007563,CUST001319,RM0063,Gold Loan,63201,Defaulted
LN0007564,CUST001604,RM0244,Personal Loan,138141,Pending
LN0007565,CUST001248,RM0140,Education Loan,233797,Approved
LN0007566,CUST001360,RM0003,Gold Loan,212438,Closed
LN0007567,CUST001165,RM0080,Personal Loan,153722,Closed
LN0007568,CUST001469,RM0115,Home Loan,162090,Rejected
LN0007569,CUST002495,RM0095,Business Loan,101435,Rejected
LN0007570,CUST001541,RM0084,Personal Loan,171718,Pending
LN0007571,CUST000346,RM0240,Gold Loan,662608,Defaulted
LN0007572,CUST002473,RM0084,Personal Loan,430028,Defaulted
LN0007573,CUST000786,RM0072,Gold Loan,81385,Defaulted
LN0007574,CUST001987,RM0117,Home Loan,56046,Rejected
LN0007575,CUST002384,RM0028,Gold Loan,133599,Rejected
LN0007576,CUST000395,RM0137,Business Loan,592183,Closed
LN0007577,CUST001194,RM0024,Car Loan,199626,Rejected
LN0007578,CUST001766,RM0142,Plot Loan,204367,Pending
LN0007579,CUST000449,RM0052,Gold Loan,92229,Closed
LN0007580,CUST000056,RM0068,Car Loan,353479,Approved
LN0007581,CUST001921,RM0174,Gold Loan,125576,Rejected
LN0007582,CUST001389,RM0023,Business Loan,181520,Approved
LN0007583,CUST001964,RM0095,Plot Loan,742590,Approved
LN0007584,CUST001184,RM0040,Home Loan,273039,Pending
LN0007585,CUST001113,RM0225,Business Loan,83386,Active
LN0007586,CUST000700,RM0156,Plot Loan,78595,Closed
LN0007587,CUST000823,RM0012,Home Loan,95697,Closed
LN0007588,CUST000624,RM0230,Plot Loan,341096,Closed
LN0007589,CUST000903,RM0017,Education Loan,120018,Closed
LN0007590,CUST002449,RM0112,Business Loan,54324,Defaulted
LN0007591,CUST000301,RM0011,Home Loan,627104,Active
LN0007592,CUST000990,RM0110,Gold Loan,87196,Rejected
LN0007593,CUST002268,RM0048,Car Loan,51920,Pending
LN0007594,CUST000463,RM0230,Personal Loan,104133,Pending
LN0007595,CUST000404,RM0100,Car Loan,103583,Defaulted
LN0007596,CUST001775,RM0076,Home Loan,159638,Rejected
LN0007597,CUST001235,RM0242,Home Loan,556122,Closed
LN0007598,CUST001513,RM0128,Home Loan,472698,Active
LN0007599,CUST001454,RM0178,Personal Loan,172090,Closed
LN0007600,CUST002446,RM0101,Plot Loan,155831,Active
LN0007601,CUST000203,RM0099,Personal Loan,211940,Pending
LN0007602,CUST000118,RM0019,Gold Loan,105798,Rejected
LN0007603,CUST002499,RM0063,Business Loan,60719,Approved
LN0007604,CUST002356,RM0076,Car Loan,610112,Defaulted
LN0007605,CUST002021,RM0114,Business Loan,91330,Rejected
LN0007606,CUST000173,RM0023,Education Loan,94229,Approved
LN0007607,CUST000734,RM0234,Home Loan,177906,Rejected
LN0007608,CUST001172,RM0202,Home Loan,185302,Closed
LN0007609,CUST002342,RM0206,Education Loan,53721,Defaulted
LN0007610,CUST000146,RM0062,Car Loan,82023,Active
LN0007611,CUST000117,RM0184,Plot Loan,145012,Approved
LN0007612,CUST001802,RM0037,Personal Loan,280232,Approved
LN0007613,CUST001491,RM0249,Business Loan,101862,Active
LN0007614,CUST001126,RM0242,Education Loan,159987,Closed
LN0007615,CUST002116,RM0070,Education Loan,212992,Closed
LN0007616,CUST002455,RM0241,Home Loan,488912,Pending
LN0007617,CUST000306,RM0238,Gold Loan,128925,Rejected
LN0007618,CUST001702,RM0128,Plot Loan,78672,Defaulted
LN0007619,CUST001911,RM0184,Education Loan,184383,Rejected
LN0007620,CUST001709,RM0161,Education Loan,324653,Pending
LN0007621,CUST000799,RM0231,Education Loan,73275,Pending
LN0007622,CUST001030,RM0150,Education Loan,160566,Rejected
LN0007623,CUST001442,RM0031,Personal Loan,53589,Active
LN0007624,CUST000707,RM0056,Home Loan,56827,Rejected
LN0007625,CUST002068,RM0105,Business Loan,181924,Closed
LN0007626,CUST000467,RM0058,Plot Loan,120820,Rejected
LN0007627,CUST001002,RM0226,Education Loan,423004,Defaulted
LN0007628,CUST000542,RM0057,Plot Loan,234338,Defaulted
LN0007629,CUST002260,RM0050,Car Loan,171002,Defaulted
LN0007630,CUST002200,RM0199,Gold Loan,154827,Closed
LN0007631,CUST001130,RM0001,Business Loan,999999999,Approved
LN0007632,CUST000776,RM0006,Car Loan,187530,Defaulted
LN0007633,CUST000154,RM0162,Gold Loan,58255,Pending
LN0007634,CUST001637,RM0139,Gold Loan,496599,Approved
LN0007635,CUST000247,RM0197,Car Loan,1325797,Pending
LN0007636,CUST000663,RM0182,Plot Loan,90053,Active
LN0007637,CUST002457,RM0154,Car Loan,75653,Defaulted
LN0007638,CUST001727,RM0127,Education Loan,80998,Approved
LN0007639,CUST002297,RM0040,Plot Loan,266366,Pending
LN0007640,CUST001068,RM0098,Gold Loan,266611,Pending
LN0007641,CUST001147,RM0003,Education Loan,426675,Pending
LN0007642,CUST001149,RM0030,Home Loan,328725,Rejected
LN0007643,CUST000281,RM0037,Business Loan,169454,Pending
LN0007644,CUST002190,RM0036,Education Loan,239791,Closed
LN0007645,CUST002370,RM0129,Home Loan,283132,Defaulted
LN0007646,CUST001685,RM0197,Plot Loan,193790,Pending
LN0007647,CUST000892,RM0116,Gold Loan,179119,Defaulted
LN0007648,CUST000282,RM0115,Education Loan,257182,Approved
LN0007649,CUST001357,RM0190,Gold Loan,213051,Defaulted
LN0007650,CUST000380,RM0197,Gold Loan,256532,Defaulted
LN0007651,CUST000433,RM0201,Personal Loan,239791,Active
LN0007652,CUST002109,RM0078,Business Loan,304020,Approved
LN0007653,CUST002423,RM0134,Education Loan,255893,Rejected
LN0007654,CUST000986,RM0025,Car Loan,196686,Closed
LN0007655,CUST001222,RM0070,Gold Loan,279013,Defaulted
LN0007656,CUST000421,RM0202,Car Loan,169379,Rejected
LN0007657,CUST002401,RM0129,Gold Loan,105327,Rejected
LN0007658,CUST001794,RM0115,Car Loan,50283,Defaulted
LN0007659,CUST001599,RM0035,Gold Loan,214179,Rejected
LN0007660,CUST000164,RM0030,Business Loan,228639,Defaulted
LN0007661,CUST001443,RM0019,Personal Loan,765460,Closed
LN0007662,CUST000810,RM0112,Car Loan,139719,Closed
LN0007663,CUST001058,RM0103,Education Loan,150219,Active
LN0007664,CUST001202,RM0057,Plot Loan,95079,Defaulted
LN0007665,CUST000001,RM0074,Car Loan,64629,Pending
LN0007666,CUST001184,RM0005,Car Loan,346388,Pending
LN0007667,CUST000787,RM0084,Business Loan,107451,Rejected
LN0007668,CUST001393,RM0235,Home Loan,237760,Pending
LN0007669,CUST000504,RM0036,Education Loan,282804,Defaulted
LN0007670,CUST001647,RM0127,Plot Loan,177442,Closed
LN0007671,CUST001762,RM0127,Personal Loan,468063,Rejected
LN0007672,CUST001142,RM0107,Education Loan,167323,Active
LN0007673,CUST000032,RM0015,Business Loan,117068,Rejected
LN0007674,CUST001667,RM0196,Business Loan,502702,Rejected
LN0007675,CUST002072,RM0051,Home Loan,445469,Rejected
LN0007676,CUST001114,RM0244,Personal Loan,85834,Pending
LN0007677,CUST001034,RM0238,Personal Loan,55260,Closed
LN0007678,CUST001420,RM0129,Plot Loan,68858,Closed
LN0007679,CUST000148,RM0005,Education Loan,117527,Rejected
LN0007680,CUST000255,RM0155,Gold Loan,766974,Defaulted
LN0007681,CUST000806,RM0070,Gold Loan,213522,Rejected
LN0007682,CUST000441,RM0119,Plot Loan,143445,Closed
LN0007683,CUST002492,RM0039,Plot Loan,999999999,Closed
LN0007684,CUST000657,RM0173,Education Loan,489134,Defaulted
LN0007685,CUST000005,RM0048,Personal Loan,170711,Approved
LN0007686,CUST001157,RM0221,Education Loan,125736,Closed
LN0007687,CUST000955,RM0102,Personal Loan,616789,Active
LN0007688,CUST001877,RM0236,Personal Loan,428781,Active
LN0007689,CUST000243,RM0241,Plot Loan,421155,Rejected
LN0007690,CUST001617,RM0186,Business Loan,193604,Pending
LN0007691,CUST001127,RM0199,Gold Loan,361595,Rejected
LN0007692,CUST000263,RM0036,Business Loan,89532,Closed
LN0007693,CUST000811,RM0190,Plot Loan,220298,Pending
LN0007694,CUST000842,RM0008,Gold Loan,875116,Approved
LN0007695,CUST000779,RM0044,Gold Loan,118768,Defaulted
LN0007696,CUST001761,RM0209,Car Loan,366318,Pending
LN0007697,CUST000958,RM0176,Home Loan,184856,Defaulted
LN0007698,CUST002367,RM0034,Education Loan,58123,Active
LN0007699,CUST000885,RM0137,Education Loan,337955,Approved
LN0007700,CUST000078,RM0173,Education Loan,86921,Closed
LN0007701,CUST001523,RM0171,Plot Loan,249648,Pending
LN0007702,CUST001842,RM0147,Gold Loan,67911,Closed
LN0007703,CUST001175,RM0248,Business Loan,636992,Pending
LN0007704,CUST000230,RM0182,Plot Loan,118984,Closed
LN0007705,CUST000792,RM0242,Plot Loan,101356,Closed
LN0007706,CUST002402,RM0048,Business Loan,77653,Approved
LN0007707,CUST000691,RM0035,Gold Loan,633762,Rejected
LN0007708,CUST001945,RM0234,Business Loan,298892,Approved
LN0007709,CUST001159,RM0102,Education Loan,320696,Active
LN0007710,CUST002137,RM0188,Car Loan,188391,Approved
LN0007711,CUST002217,RM0247,Personal Loan,178767,Active
LN0007712,CUST001206,RM0104,Home Loan,73311,Defaulted
LN0007713,CUST002340,RM0143,Education Loan,214123,Rejected
LN0007714,CUST001721,RM0089,Plot Loan,106715,Rejected
LN0007715,CUST002487,RM0045,Car Loan,805719,Rejected
LN0007716,CUST002090,RM0128,Education Loan,368497,Closed
LN0007717,CUST000937,RM0025,Business Loan,156543,Approved
LN0007718,CUST000500,RM0095,Business Loan,82819,Pending
LN0007719,CUST000894,RM0057,Business Loan,357732,Rejected
LN0007720,CUST001142,RM0221,Education Loan,76033,Rejected
LN0007721,CUST000419,RM0142,Car Loan,50000,Rejected
LN0007722,CUST000973,RM0235,Business Loan,91979,Approved
LN0007723,CUST001441,RM0082,Plot Loan,999999999,Pending
LN0007724,CUST000116,RM0130,Personal Loan,97529,Rejected
LN0007725,CUST000734,RM0182,Business Loan,212787,Active
LN0007726,CUST000030,RM0219,Gold Loan,359345,Active
LN0007727,CUST002073,RM0236,Personal Loan,125467,Defaulted
LN0007728,CUST001095,RM0220,Business Loan,67694,Closed
LN0007729,CUST001741,RM0083,Car Loan,174925,Active
LN0007730,CUST001812,RM0124,Business Loan,325752,Defaulted
LN0007731,CUST002414,RM0167,Personal Loan,100119,Pending
LN0007732,CUST001329,RM0038,Gold Loan,99672,Closed
LN0007733,CUST001406,RM0148,Plot Loan,638351,Defaulted
LN0007734,CUST001635,RM0146,Car Loan,666492,Rejected
LN0007735,CUST000431,RM0167,Gold Loan,980572,Defaulted
LN0007736,CUST001223,RM0250,Gold Loan,379697,Approved
LN0007737,CUST000276,RM0076,Car Loan,91696,Defaulted
LN0007738,CUST001172,RM0014,Gold Loan,50000,Pending
LN0007739,CUST000569,RM0002,Gold Loan,97646,Active
LN0007740,CUST002490,RM0104,Home Loan,133171,Active
LN0007741,CUST001537,RM0040,Car Loan,126583,Rejected
LN0007742,CUST001480,RM0170,Gold Loan,677126,Pending
LN0007743,CUST001281,RM0145,Plot Loan,361249,Closed
LN0007744,CUST000896,RM0224,Gold Loan,307477,Approved
LN0007745,CUST002086,RM0160,Personal Loan,91149,Pending
LN0007746,CUST001811,RM0118,Gold Loan,530537,Approved
LN0007747,CUST000897,RM0150,Education Loan,401901,Active
LN0007748,CUST000496,RM0161,Business Loan,85739,Defaulted
LN0007749,CUST001720,RM0198,Personal Loan,459852,Approved
LN0007750,CUST002166,RM0028,Education Loan,113558,Rejected
LN0007751,CUST000039,RM0194,Plot Loan,66865,Rejected
LN0007752,CUST001023,RM0169,Education Loan,263901,Approved
LN0007753,CUST000741,RM0214,Gold Loan,262150,Active
LN0007754,CUST000318,RM0033,Business Loan,69949,Approved
LN0007755,CUST002247,RM0203,Home Loan,126795,Closed
LN0007756,CUST000273,RM0067,Gold Loan,1037136,Defaulted
LN0007757,CUST000979,RM0076,Plot Loan,276905,Closed
LN0007758,CUST001140,RM0015,Business Loan,311922,Closed
LN0007759,CUST001532,RM0003,Home Loan,97884,Rejected
LN0007760,CUST001940,RM0014,Education Loan,66411,Defaulted
LN0007761,CUST001986,RM0242,Home Loan,114842,Pending
LN0007762,CUST002120,RM0027,Education Loan,107242,Rejected
LN0007763,CUST001499,RM0123,Education Loan,103456,Approved
LN0007764,CUST001792,RM0166,Education Loan,92825,Active
LN0007765,CUST000339,RM0003,Plot Loan,221018,Defaulted
LN0007766,CUST000254,RM0016,Plot Loan,129530,Rejected
LN0007767,CUST000262,RM0247,Home Loan,393343,Pending
LN0007768,CUST001332,RM0089,Education Loan,90655,Active
LN0007769,CUST002076,RM0047,Plot Loan,174958,Active
LN0007770,CUST000965,RM0003,Gold Loan,52750,Pending
LN0007771,CUST000951,RM0184,Gold Loan,181433,Active
LN0007772,CUST000093,RM0153,Gold Loan,61491,Approved
LN0007773,CUST001065,RM0108,Car Loan,810844,Rejected
LN0007774,CUST002020,RM0067,Personal Loan,362694,Rejected
LN0007775,CUST001185,RM0170,Personal Loan,184712,Active
LN0007776,CUST000488,RM0233,Education Loan,68113,Closed
LN0007777,CUST001621,RM0070,Personal Loan,50000,Defaulted
LN0007778,CUST002141,RM0142,Home Loan,229516,Approved
LN0007779,CUST000569,RM0160,Business Loan,999999999,Closed
LN0007780,CUST002427,RM0108,Education Loan,334395,Closed
LN0007781,CUST002264,RM0161,Home Loan,92321,Pending
LN0007782,CUST002053,RM0032,Gold Loan,217962,Pending
LN0007783,CUST000919,RM0048,Home Loan,386628,Closed
LN0007784,CUST000218,RM0117,Education Loan,342417,Pending
LN0007785,CUST002197,RM0250,Business Loan,374902,Active
LN0007786,CUST002324,RM0223,Business Loan,472928,Defaulted
LN0007787,CUST001598,RM0105,Home Loan,605101,Pending
LN0007788,CUST002066,RM0169,Car Loan,50000,Rejected
LN0007789,CUST000895,RM0134,Home Loan,154014,Defaulted
LN0007790,CUST002272,RM0228,Gold Loan,218222,Pending
LN0007791,CUST001692,RM0224,Gold Loan,362758,Pending
LN0007792,CUST002336,RM0082,Gold Loan,288896,Defaulted
LN0007793,CUST000967,RM0120,Home Loan,1131636,Rejected
LN0007794,CUST001077,RM0068,Plot Loan,52754,Rejected
LN0007795,CUST001009,RM0170,Personal Loan,137742,Closed
LN0007796,CUST000604,RM0045,Gold Loan,115986,Pending
LN0007797,CUST000655,RM0237,Gold Loan,110847,Rejected
LN0007798,CUST000805,RM0219,Personal Loan,100341,Rejected
LN0007799,CUST002157,RM0050,Gold Loan,296971,Rejected
LN0007800,CUST001533,RM0040,Education Loan,67713,Rejected
LN0007801,CUST001337,RM0186,Car Loan,320656,Defaulted
LN0007802,CUST000760,RM0072,Gold Loan,286459,Defaulted
LN0007803,CUST001037,RM0115,Home Loan,107750,Defaulted
LN0007804,CUST000171,RM0123,Home Loan,108293,Approved
LN0007805,CUST001380,RM0105,Car Loan,248235,Pending
LN0007806,CUST000046,RM0151,Plot Loan,337240,Active
LN0007807,CUST001424,RM0150,Business Loan,468279,Closed
LN0007808,CUST001957,RM0032,Home Loan,432297,Closed
LN0007809,CUST000979,RM0042,Business Loan,719813,Pending
LN0007810,CUST000176,RM0113,Car Loan,224160,Approved
LN0007811,CUST001259,RM0233,Plot Loan,528623,Closed
LN0007812,CUST002058,RM0002,Gold Loan,380587,Approved
LN0007813,CUST001805,RM0200,Business Loan,500126,Active
LN0007814,CUST000886,RM0113,Gold Loan,52338,Closed
LN0007815,CUST001737,RM0021,Home Loan,725709,Approved
LN0007816,CUST001554,RM0008,Gold Loan,178312,Defaulted
LN0007817,CUST002229,RM0240,Car Loan,370078,Active
LN0007818,CUST001481,RM0037,Car Loan,77210,Closed
LN0007819,CUST000823,RM0008,Home Loan,150816,Defaulted
LN0007820,CUST000436,RM0226,Gold Loan,113342,Defaulted
LN0007821,CUST001368,RM0126,Home Loan,118965,Pending
LN0007822,CUST000982,RM0100,Plot Loan,76307,Closed
LN0007823,CUST000771,RM0102,Plot Loan,377736,Pending
LN0007824,CUST000811,RM0007,Home Loan,51857,Pending
LN0007825,CUST000344,RM0237,Education Loan,124940,Active
LN0007826,CUST001148,RM0188,Plot Loan,88331,Active
LN0007827,CUST001041,RM0125,Gold Loan,227851,Active
LN0007828,CUST000324,RM0121,Business Loan,108673,Defaulted
LN0007829,CUST001838,RM0171,Education Loan,109950,Defaulted
LN0007830,CUST001505,RM0025,Car Loan,184018,Defaulted
LN0007831,CUST002072,RM0186,Education Loan,261506,Rejected
LN0007832,CUST002077,RM0184,Plot Loan,75863,Closed
LN0007833,CUST001647,RM0094,Personal Loan,88598,Pending
LN0007834,CUST000482,RM0048,Home Loan,106784,Active
LN0007835,CUST002204,RM0027,Home Loan,778004,Rejected
LN0007836,CUST001531,RM0099,Business Loan,151218,Rejected
LN0007837,CUST000649,RM0129,Car Loan,232753,Closed
LN0007838,CUST002319,RM0249,Business Loan,105293,Rejected
LN0007839,CUST002152,RM0196,Education Loan,184849,Pending
LN0007840,CUST001692,RM0222,Education Loan,65401,Closed
LN0007841,CUST000171,RM0063,Education Loan,57072,Active
LN0007842,CUST001294,RM0226,Personal Loan,176498,Active
LN0007843,CUST001580,RM0188,Personal Loan,151718,Pending
LN0007844,CUST001507,RM0207,Car Loan,79440,Active
LN0007845,CUST000453,RM0181,Home Loan,282695,Active
LN0007846,CUST000629,RM0201,Plot Loan,1039630,Active
LN0007847,CUST000263,RM0002,Car Loan,150719,Pending
LN0007848,CUST000764,RM0087,Home Loan,245930,Defaulted
LN0007849,CUST001629,RM0067,Car Loan,709237,Active
LN0007850,CUST001791,RM0043,Car Loan,406205,Defaulted
LN0007851,CUST000006,RM0145,Gold Loan,121906,Pending
LN0007852,CUST001327,RM0165,Gold Loan,174557,Closed
LN0007853,CUST002239,RM0203,Car Loan,317492,Closed
LN0007854,CUST001885,RM0020,Education Loan,77424,Approved
LN0007855,CUST000609,RM0092,Education Loan,193530,Closed
LN0007856,CUST000326,RM0152,Plot Loan,115439,Pending
LN0007857,CUST001897,RM0017,Business Loan,85147,Approved
LN0007858,CUST002106,RM0098,Gold Loan,161123,Pending
LN0007859,CUST001890,RM0056,Gold Loan,78085,Closed
LN0007860,CUST000305,RM0149,Personal Loan,290119,Defaulted
LN0007861,CUST000777,RM0183,Education Loan,171849,Closed
LN0007862,CUST001674,RM0147,Education Loan,201492,Approved
LN0007863,CUST000145,RM0188,Plot Loan,81652,Rejected
LN0007864,CUST000817,RM0008,Education Loan,80111,Defaulted
LN0007865,CUST001414,RM0037,Plot Loan,225133,Approved
LN0007866,CUST000105,RM0203,Gold Loan,890071,Rejected
LN0007867,CUST002453,RM0235,Home Loan,70240,Defaulted
LN0007868,CUST002487,RM0013,Gold Loan,117299,Active
LN0007869,CUST002187,RM0116,Personal Loan,457213,Active
LN0007870,CUST001922,RM0086,Plot Loan,65003,Pending
LN0007871,CUST001088,RM0092,Home Loan,467310,Pending
LN0007872,CUST001768,RM0136,Car Loan,198587,Closed
LN0007873,CUST001671,RM0207,Car Loan,154939,Active
LN0007874,CUST001223,RM0103,Home Loan,124120,Defaulted
LN0007875,CUST000480,RM0073,Business Loan,50000,Pending
LN0007876,CUST002308,RM0145,Business Loan,120513,Pending
LN0007877,CUST001124,RM0164,Business Loan,122999,Defaulted
LN0007878,CUST000114,RM0129,Education Loan,482222,Active
LN0007879,CUST000471,RM0207,Business Loan,307322,Rejected
LN0007880,CUST001325,RM0210,Plot Loan,271564,Closed
LN0007881,CUST000707,RM0142,Home Loan,370640,Active
LN0007882,CUST001646,RM0078,Education Loan,109442,Closed
LN0007883,CUST002308,RM0177,Business Loan,242489,Defaulted
LN0007884,CUST002112,RM0240,Personal Loan,173261,Closed
LN0007885,CUST001156,RM0108,Home Loan,355057,Active
LN0007886,CUST002277,RM0242,Plot Loan,123997,Closed
LN0007887,CUST000432,RM0065,Car Loan,256103,Active
LN0007888,CUST001343,RM0178,Home Loan,477774,Rejected
LN0007889,CUST001594,RM0179,Gold Loan,152883,Approved
LN0007890,CUST002210,RM0074,Education Loan,63789,Closed
LN0007891,CUST001558,RM0017,Car Loan,195155,Active
LN0007892,CUST001250,RM0106,Gold Loan,134921,Rejected
LN0007893,CUST001172,RM0003,Business Loan,273085,Closed
LN0007894,CUST000997,RM0166,Home Loan,653321,Rejected
LN0007895,CUST001248,RM0087,Personal Loan,182954,Approved
LN0007896,CUST000046,RM0088,Gold Loan,175543,Pending
LN0007897,CUST000579,RM0217,Business Loan,262601,Rejected
LN0007898,CUST000606,RM0004,Gold Loan,71850,Defaulted
LN0007899,CUST001218,RM0172,Personal Loan,108473,Active
LN0007900,CUST001977,RM0139,Business Loan,552610,Closed
LN0007901,CUST001157,RM0221,Business Loan,271697,Pending
LN0007902,CUST002371,RM0185,Personal Loan,52707,Approved
LN0007903,CUST001890,RM0108,Car Loan,95788,Active
LN0007904,CUST002157,RM0125,Home Loan,279668,Defaulted
LN0007905,CUST001030,RM0175,Personal Loan,339123,Pending
LN0007906,CUST000329,RM0250,Business Loan,416340,Active
LN0007907,CUST001954,RM0003,Gold Loan,119112,Pending
LN0007908,CUST001175,RM0176,Education Loan,584812,Rejected
LN0007909,CUST000804,RM0227,Home Loan,211015,Closed
LN0007910,CUST001209,RM0072,Plot Loan,288500,Closed
LN0007911,CUST001854,RM0124,Personal Loan,231634,Approved
LN0007912,CUST002104,RM0047,Plot Loan,76190,Active
LN0007913,CUST000989,RM0076,Home Loan,709988,Closed
LN0007914,CUST001932,RM0053,Education Loan,76221,Defaulted
LN0007915,CUST002040,RM0226,Business Loan,108842,Defaulted
LN0007916,CUST001369,RM0095,Personal Loan,386001,Defaulted
LN0007917,CUST000747,RM0194,Education Loan,242779,Active
LN0007918,CUST000623,RM0010,Personal Loan,414216,Rejected
LN0007919,CUST001757,RM0073,Education Loan,195025,Closed
LN0007920,CUST001348,RM0244,Home Loan,144639,Closed
LN0007921,CUST001318,RM0049,Business Loan,559813,Approved
LN0007922,CUST000666,RM0054,Education Loan,57385,Closed
LN0007923,CUST000379,RM0185,Personal Loan,437769,Active
LN0007924,CUST000193,RM0073,Business Loan,102485,Active
LN0007925,CUST001052,RM0007,Home Loan,427746,Rejected
LN0007926,CUST000898,RM0182,Home Loan,79977,Closed
LN0007927,CUST001984,RM0092,Business Loan,223604,Closed
LN0007928,CUST000891,RM0054,Personal Loan,488044,Pending
LN0007929,CUST000366,RM0047,Car Loan,178315,Closed
LN0007930,CUST001998,RM0055,Personal Loan,324530,Approved
LN0007931,CUST000749,RM0167,Plot Loan,376614,Pending
LN0007932,CUST000297,RM0166,Education Loan,316735,Rejected
LN0007933,CUST001021,RM0198,Home Loan,568934,Approved
LN0007934,CUST000999,RM0209,Gold Loan,168419,Closed
LN0007935,CUST000007,RM0204,Home Loan,88020,Closed
LN0007936,CUST001572,RM0081,Business Loan,59798,Rejected
LN0007937,CUST000652,RM0063,Home Loan,106594,Pending
LN0007938,CUST002397,RM0198,Plot Loan,80909,Approved
LN0007939,CUST000121,RM0178,Education Loan,213265,Active
LN0007940,CUST001971,RM0086,Home Loan,90900,Closed
LN0007941,CUST000327,RM0073,Business Loan,57942,Pending
LN0007942,CUST001567,RM0174,Personal Loan,57330,Active
LN0007943,CUST001021,RM0204,Car Loan,406246,Active
LN0007944,CUST000788,RM0063,Personal Loan,229028,Active
LN0007945,CUST000469,RM0090,Personal Loan,138659,Defaulted
LN0007946,CUST002160,RM0062,Gold Loan,499293,Defaulted
LN0007947,CUST002461,RM0182,Car Loan,64556,Pending
LN0007948,CUST001244,RM0135,Personal Loan,835651,Defaulted
LN0007949,CUST001708,RM0215,Home Loan,241574,Approved
LN0007950,CUST001531,RM0060,Business Loan,90536,Closed
LN0007951,CUST000747,RM0084,Personal Loan,277305,Closed
LN0007952,CUST002432,RM0138,Home Loan,338261,Active
LN0007953,CUST001273,RM0089,Car Loan,162193,Approved
LN0007954,CUST001473,RM0158,Business Loan,445568,Defaulted
LN0007955,CUST001927,RM0196,Business Loan,82676,Approved
LN0007956,CUST000022,RM0181,Education Loan,115378,Defaulted
LN0007957,CUST002147,RM0049,Personal Loan,69631,Closed
LN0007958,CUST002068,RM0122,Plot Loan,97366,Rejected
LN0007959,CUST001456,RM0173,Business Loan,104553,Pending
LN0007960,CUST001451,RM0036,Personal Loan,549314,Defaulted
LN0007961,CUST001811,RM0133,Business Loan,66265,Approved
LN0007962,CUST000132,RM0050,Gold Loan,50000,Approved
LN0007963,CUST002491,RM0187,Education Loan,139422,Pending
LN0007964,CUST000911,RM0140,Car Loan,161518,Defaulted
LN0007965,CUST000632,RM0130,Business Loan,202027,Approved
LN0007966,CUST002235,RM0086,Education Loan,507920,Rejected
LN0007967,CUST001076,RM0223,Plot Loan,1264640,Pending
LN0007968,CUST000181,RM0051,Gold Loan,329987,Pending
LN0007969,CUST000715,RM0118,Personal Loan,756655,Pending
LN0007970,CUST001528,RM0181,Personal Loan,359387,Pending
LN0007971,CUST002003,RM0145,Education Loan,710465,Active
LN0007972,CUST000328,RM0248,Home Loan,295701,Rejected
LN0007973,CUST000672,RM0108,Business Loan,66624,Active
LN0007974,CUST002239,RM0221,Plot Loan,152806,Closed
LN0007975,CUST000445,RM0091,Plot Loan,258029,Rejected
LN0007976,CUST001570,RM0109,Plot Loan,136377,Rejected
LN0007977,CUST000381,RM0202,Personal Loan,113871,Defaulted
LN0007978,CUST000493,RM0064,Car Loan,222265,Closed
LN0007979,CUST001180,RM0244,Personal Loan,592116,Rejected
LN0007980,CUST000230,RM0164,Business Loan,57121,Pending
LN0007981,CUST001237,RM0121,Education Loan,343267,Approved
LN0007982,CUST001105,RM0012,Education Loan,306550,Defaulted
LN0007983,CUST001090,RM0150,Business Loan,714588,Defaulted
LN0007984,CUST001636,RM0181,Home Loan,583894,Rejected
LN0007985,CUST000992,RM0119,Gold Loan,337292,Rejected
LN0007986,CUST002314,RM0078,Home Loan,196964,Pending
LN0007987,CUST000927,RM0187,Gold Loan,95698,Defaulted
LN0007988,CUST002163,RM0125,Car Loan,207595,Approved
LN0007989,CUST000130,RM0015,Car Loan,339933,Closed
LN0007990,CUST001166,RM0105,Personal Loan,502037,Active
LN0007991,CUST000158,RM0049,Personal Loan,361855,Approved
LN0007992,CUST001680,RM0140,Gold Loan,93448,Active
LN0007993,CUST000759,RM0045,Personal Loan,233101,Rejected
LN0007994,CUST001940,RM0045,Personal Loan,130745,Closed
LN0007995,CUST002348,RM0227,Home Loan,999999999,Approved
LN0007996,CUST002332,RM0224,Education Loan,51849,Pending
LN0007997,CUST000156,RM0156,Business Loan,94683,Active
LN0007998,CUST000587,RM0241,Education Loan,74031,Rejected
LN0007999,CUST002139,RM0112,Personal Loan,419944,Pending
LN0008000,CUST000220,RM0093,Car Loan,109817,Defaulted
LN0008001,CUST001392,RM0100,Car Loan,117010,Defaulted
LN0008002,CUST000483,RM0002,Business Loan,693458,Pending
LN0008003,CUST000936,RM0078,Education Loan,145312,Rejected
LN0008004,CUST001701,RM0207,Education Loan,51926,Approved
LN0008005,CUST001438,RM0017,Personal Loan,116772,Active
LN0008006,CUST002416,RM0185,Gold Loan,75407,Closed
LN0008007,CUST000092,RM0015,Plot Loan,71697,Pending
LN0008008,CUST002312,RM0015,Gold Loan,66130,Pending
LN0008009,CUST001735,RM0175,Gold Loan,229915,Closed
LN0008010,CUST001991,RM0005,Education Loan,91983,Approved
LN0008011,CUST000638,RM0227,Plot Loan,139646,Rejected
LN0008012,CUST001273,RM0039,Home Loan,446125,Rejected
LN0008013,CUST002216,RM0219,Car Loan,160446,Pending
LN0008014,CUST001854,RM0063,Plot Loan,544654,Pending
LN0008015,CUST002341,RM0201,Personal Loan,187806,Defaulted
LN0008016,CUST002453,RM0203,Plot Loan,151777,Rejected
LN0008017,CUST002286,RM0103,Personal Loan,327570,Approved
LN0008018,CUST000398,RM0178,Education Loan,65198,Defaulted
LN0008019,CUST000787,RM0132,Car Loan,68747,Active
LN0008020,CUST000413,RM0117,Car Loan,261095,Active
LN0008021,CUST002149,RM0167,Car Loan,183472,Approved
LN0008022,CUST000732,RM0106,Home Loan,362525,Active
LN0008023,CUST000794,RM0140,Gold Loan,50000,Defaulted
LN0008024,CUST002037,RM0135,Personal Loan,546033,Rejected
LN0008025,CUST001624,RM0088,Plot Loan,148324,Approved
LN0008026,CUST001484,RM0132,Car Loan,231471,Active
LN0008027,CUST002474,RM0061,Gold Loan,188908,Closed
LN0008028,CUST001937,RM0234,Education Loan,849196,Closed
LN0008029,CUST001113,RM0034,Plot Loan,200404,Rejected
LN0008030,CUST001761,RM0233,Business Loan,405671,Active
LN0008031,CUST000057,RM0227,Personal Loan,535488,Pending
LN0008032,CUST000857,RM0203,Plot Loan,108697,Defaulted
LN0008033,CUST001756,RM0048,Car Loan,346144,Pending
LN0008034,CUST001563,RM0230,Gold Loan,111705,Closed
LN0008035,CUST000773,RM0077,Education Loan,96826,Rejected
LN0008036,CUST001458,RM0044,Business Loan,627433,Closed
LN0008037,CUST000900,RM0046,Business Loan,53898,Defaulted
LN0008038,CUST001681,RM0189,Home Loan,722715,Closed
LN0008039,CUST002162,RM0072,Home Loan,82330,Rejected
LN0008040,CUST000213,RM0203,Education Loan,392336,Approved
LN0008041,CUST001938,RM0033,Gold Loan,114571,Closed
LN0008042,CUST002375,RM0044,Education Loan,136372,Closed
LN0008043,CUST002144,RM0029,Business Loan,98862,Closed
LN0008044,CUST002253,RM0174,Gold Loan,226143,Defaulted
LN0008045,CUST001715,RM0095,Gold Loan,135571,Rejected
LN0008046,CUST002266,RM0117,Gold Loan,264234,Active
LN0008047,CUST000404,RM0073,Business Loan,53154,Pending
LN0008048,CUST000085,RM0118,Car Loan,63308,Rejected
LN0008049,CUST002431,RM0186,Personal Loan,70996,Active
LN0008050,CUST000416,RM0184,Business Loan,158598,Defaulted
LN0008051,CUST000356,RM0201,Business Loan,387259,Pending
LN0008052,CUST002240,RM0115,Education Loan,488169,Active
LN0008053,CUST001354,RM0202,Gold Loan,90041,Closed
LN0008054,CUST002275,RM0117,Gold Loan,106157,Approved
LN0008055,CUST001750,RM0139,Car Loan,220836,Closed
LN0008056,CUST000402,RM0185,Personal Loan,342518,Rejected
LN0008057,CUST001048,RM0204,Plot Loan,118168,Closed
LN0008058,CUST002486,RM0006,Plot Loan,259000,Closed
LN0008059,CUST001948,RM0120,Plot Loan,155190,Active
LN0008060,CUST001165,RM0216,Plot Loan,198456,Pending
LN0008061,CUST002109,RM0091,Car Loan,78976,Closed
LN0008062,CUST002162,RM0037,Personal Loan,55265,Approved
LN0008063,CUST000937,RM0056,Plot Loan,83165,Approved
LN0008064,CUST000020,RM0004,Personal Loan,247156,Rejected
LN0008065,CUST000344,RM0194,Plot Loan,65293,Active
LN0008066,CUST000820,RM0237,Home Loan,92069,Pending
LN0008067,CUST001061,RM0092,Car Loan,132453,Defaulted
LN0008068,CUST000838,RM0072,Personal Loan,66213,Active
LN0008069,CUST000886,RM0206,Personal Loan,92564,Rejected
LN0008070,CUST001343,RM0010,Plot Loan,534430,Closed
LN0008071,CUST000051,RM0050,Education Loan,53897,Closed
LN0008072,CUST000181,RM0046,Gold Loan,261935,Rejected
LN0008073,CUST000089,RM0220,Education Loan,147034,Active
LN0008074,CUST000437,RM0107,Business Loan,273344,Closed
LN0008075,CUST002209,RM0206,Education Loan,227682,Pending
LN0008076,CUST001019,RM0136,Home Loan,100591,Active
LN0008077,CUST001831,RM0185,Business Loan,425737,Rejected
LN0008078,CUST002150,RM0193,Business Loan,185431,Rejected
LN0008079,CUST001485,RM0088,Home Loan,395797,Approved
LN0008080,CUST001249,RM0097,Car Loan,154179,Defaulted
LN0008081,CUST002308,RM0038,Business Loan,885791,Closed
LN0008082,CUST000640,RM0186,Personal Loan,344361,Closed
LN0008083,CUST002244,RM0169,Personal Loan,725986,Pending
LN0008084,CUST002336,RM0035,Business Loan,194443,Pending
LN0008085,CUST000298,RM0105,Business Loan,178373,Defaulted
LN0008086,CUST000822,RM0196,Gold Loan,331670,Active
LN0008087,CUST000822,RM0126,Home Loan,474538,Active
LN0008088,CUST000295,RM0092,Gold Loan,715658,Closed
LN0008089,CUST001759,RM0070,Car Loan,128475,Defaulted
LN0008090,CUST002255,RM0141,Plot Loan,370596,Active
LN0008091,CUST001344,RM0227,Business Loan,97307,Defaulted
LN0008092,CUST001228,RM0223,Business Loan,207744,Closed
LN0008093,CUST000986,RM0077,Education Loan,89653,Pending
LN0008094,CUST000004,RM0013,Plot Loan,135357,Defaulted
LN0008095,CUST002238,RM0102,Plot Loan,585771,Pending
LN0008096,CUST000909,RM0178,Education Loan,81586,Rejected
LN0008097,CUST002227,RM0177,Plot Loan,250152,Approved
LN0008098,CUST000359,RM0004,Business Loan,229765,Rejected
LN0008099,CUST000112,RM0043,Education Loan,75734,Defaulted
LN0008100,CUST000749,RM0201,Plot Loan,128898,Pending
LN0008101,CUST000358,RM0138,Car Loan,215555,Pending
LN0008102,CUST001688,RM0045,Plot Loan,91448,Active
LN0008103,CUST001250,RM0192,Gold Loan,372512,Rejected
LN0008104,CUST000182,RM0194,Education Loan,50000,Rejected
LN0008105,CUST002087,RM0173,Gold Loan,766231,Approved
LN0008106,CUST000565,RM0149,Education Loan,98353,Active
LN0008107,CUST000100,RM0116,Education Loan,91383,Pending
LN0008108,CUST002109,RM0155,Education Loan,171370,Rejected
LN0008109,CUST000966,RM0243,Plot Loan,325479,Defaulted
LN0008110,CUST000580,RM0072,Business Loan,116145,Active
LN0008111,CUST002355,RM0087,Plot Loan,54016,Active
LN0008112,CUST001518,RM0050,Car Loan,205837,Approved
LN0008113,CUST000245,RM0107,Business Loan,677461,Approved
LN0008114,CUST002025,RM0236,Plot Loan,149278,Closed
LN0008115,CUST001092,RM0206,Education Loan,158991,Active
LN0008116,CUST001972,RM0202,Business Loan,744120,Defaulted
LN0008117,CUST001243,RM0108,Business Loan,287231,Defaulted
LN0008118,CUST000624,RM0169,Home Loan,304002,Active
LN0008119,CUST002208,RM0173,Business Loan,215428,Approved
LN0008120,CUST001510,RM0136,Home Loan,784673,Active
LN0008121,CUST001514,RM0016,Education Loan,283506,Rejected
LN0008122,CUST001975,RM0241,Business Loan,500821,Defaulted
LN0008123,CUST000582,RM0037,Home Loan,290380,Approved
LN0008124,CUST000256,RM0198,Home Loan,315692,Pending
LN0008125,CUST000879,RM0011,Plot Loan,118613,Active
LN0008126,CUST001112,RM0009,Gold Loan,122331,Active
LN0008127,CUST001319,RM0147,Plot Loan,355557,Pending
LN0008128,CUST001601,RM0099,Plot Loan,120396,Approved
LN0008129,CUST001350,RM0179,Personal Loan,215459,Approved
LN0008130,CUST001632,RM0104,Personal Loan,107363,Approved
LN0008131,CUST001188,RM0044,Car Loan,389635,Closed
LN0008132,CUST000432,RM0151,Plot Loan,73419,Active
LN0008133,CUST000189,RM0118,Gold Loan,403741,Rejected
LN0008134,CUST001961,RM0035,Plot Loan,234627,Defaulted
LN0008135,CUST002190,RM0099,Car Loan,91382,Approved
LN0008136,CUST001042,RM0034,Personal Loan,206192,Active
LN0008137,CUST000594,RM0197,Personal Loan,116396,Pending
LN0008138,CUST000429,RM0225,Car Loan,128154,Rejected
LN0008139,CUST000395,RM0112,Gold Loan,136627,Approved
LN0008140,CUST001220,RM0202,Gold Loan,63082,Active
LN0008141,CUST001649,RM0204,Home Loan,903192,Approved
LN0008142,CUST000944,RM0210,Business Loan,56408,Rejected
LN0008143,CUST002169,RM0076,Gold Loan,267236,Defaulted
LN0008144,CUST002274,RM0065,Education Loan,142797,Closed
LN0008145,CUST000679,RM0166,Home Loan,257697,Pending
LN0008146,CUST000129,RM0031,Car Loan,138088,Active
LN0008147,CUST000733,RM0244,Plot Loan,274018,Approved
LN0008148,CUST000348,RM0096,Business Loan,718892,Active
LN0008149,CUST002354,RM0064,Gold Loan,311301,Closed
LN0008150,CUST000226,RM0058,Education Loan,284593,Rejected
LN0008151,CUST000419,RM0116,Plot Loan,74199,Rejected
LN0008152,CUST000005,RM0151,Education Loan,263942,Pending
LN0008153,CUST002324,RM0196,Home Loan,115697,Approved
LN0008154,CUST001873,RM0095,Gold Loan,55844,Rejected
LN0008155,CUST000799,RM0031,Home Loan,157170,Approved
LN0008156,CUST001063,RM0009,Home Loan,163670,Approved
LN0008157,CUST001929,RM0112,Personal Loan,175912,Closed
LN0008158,CUST001642,RM0094,Home Loan,294036,Closed
LN0008159,CUST001428,RM0145,Business Loan,123877,Active
LN0008160,CUST000705,RM0097,Personal Loan,125749,Defaulted
LN0008161,CUST001706,RM0088,Car Loan,246403,Active
LN0008162,CUST001827,RM0068,Business Loan,62492,Closed
LN0008163,CUST001063,RM0244,Home Loan,282196,Defaulted
LN0008164,CUST000906,RM0061,Gold Loan,217785,Defaulted
LN0008165,CUST001737,RM0172,Home Loan,135979,Defaulted
LN0008166,CUST000649,RM0198,Business Loan,294284,Defaulted
LN0008167,CUST000264,RM0001,Gold Loan,204160,Pending
LN0008168,CUST001183,RM0245,Gold Loan,176690,Rejected
LN0008169,CUST001239,RM0020,Education Loan,193211,Rejected
LN0008170,CUST002359,RM0171,Car Loan,252311,Pending
LN0008171,CUST000150,RM0096,Plot Loan,265763,Active
LN0008172,CUST000481,RM0149,Home Loan,118204,Rejected
LN0008173,CUST002324,RM0164,Personal Loan,80337,Closed
LN0008174,CUST000281,RM0014,Education Loan,84070,Closed
LN0008175,CUST000943,RM0113,Plot Loan,253992,Active
LN0008176,CUST001971,RM0008,Plot Loan,462514,Defaulted
LN0008177,CUST000762,RM0208,Business Loan,155355,Closed
LN0008178,CUST000065,RM0188,Gold Loan,87150,Pending
LN0008179,CUST000740,RM0235,Plot Loan,332611,Pending
LN0008180,CUST000981,RM0177,Plot Loan,407341,Rejected
LN0008181,CUST000833,RM0030,Personal Loan,475025,Approved
LN0008182,CUST000385,RM0032,Car Loan,236703,Rejected
LN0008183,CUST000884,RM0011,Gold Loan,444266,Active
LN0008184,CUST001550,RM0088,Gold Loan,53107,Pending
LN0008185,CUST001754,RM0081,Personal Loan,72686,Active
LN0008186,CUST002222,RM0222,Home Loan,69429,Defaulted
LN0008187,CUST001113,RM0133,Plot Loan,299379,Active
LN0008188,CUST002156,RM0204,Home Loan,64424,Closed
LN0008189,CUST001431,RM0182,Plot Loan,187180,Pending
LN0008190,CUST000143,RM0075,Gold Loan,177999,Pending
LN0008191,CUST002374,RM0022,Car Loan,124416,Pending
LN0008192,CUST001911,RM0103,Personal Loan,458668,Pending
LN0008193,CUST000525,RM0044,Home Loan,87370,Active
LN0008194,CUST000983,RM0168,Personal Loan,136915,Active
LN0008195,CUST000015,RM0013,Business Loan,347595,Rejected
LN0008196,CUST002475,RM0082,Car Loan,56178,Closed
LN0008197,CUST000561,RM0090,Gold Loan,273528,Active
LN0008198,CUST001677,RM0020,Plot Loan,388996,Defaulted
LN0008199,CUST000692,RM0164,Education Loan,588438,Active
LN0008200,CUST000520,RM0148,Gold Loan,467973,Approved
LN0008201,CUST002375,RM0164,Education Loan,126951,Rejected
LN0008202,CUST000173,RM0017,Business Loan,226553,Defaulted
LN0008203,CUST000123,RM0053,Gold Loan,66088,Defaulted
LN0008204,CUST001141,RM0103,Car Loan,109646,Active
LN0008205,CUST000493,RM0239,Home Loan,69792,Pending
LN0008206,CUST001175,RM0201,Plot Loan,125721,Active
LN0008207,CUST000937,RM0118,Gold Loan,466188,Closed
LN0008208,CUST002123,RM0213,Gold Loan,135286,Closed
LN0008209,CUST002457,RM0143,Gold Loan,215060,Active
LN0008210,CUST000360,RM0188,Plot Loan,163613,Active
LN0008211,CUST002332,RM0070,Gold Loan,172836,Approved
LN0008212,CUST000986,RM0045,Personal Loan,748478,Pending
LN0008213,CUST000998,RM0127,Personal Loan,120239,Defaulted
LN0008214,CUST001597,RM0183,Car Loan,247409,Defaulted
LN0008215,CUST001608,RM0166,Personal Loan,158967,Approved
LN0008216,CUST000035,RM0185,Business Loan,62619,Approved
LN0008217,CUST002414,RM0030,Gold Loan,184406,Approved
LN0008218,CUST000505,RM0225,Business Loan,385696,Rejected
LN0008219,CUST000058,RM0225,Home Loan,70795,Active
LN0008220,CUST001172,RM0133,Business Loan,64426,Closed
LN0008221,CUST000931,RM0047,Car Loan,83360,Pending
LN0008222,CUST001153,RM0218,Plot Loan,339124,Pending
LN0008223,CUST000031,RM0108,Personal Loan,307467,Pending
LN0008224,CUST001124,RM0195,Personal Loan,216490,Closed
LN0008225,CUST002002,RM0164,Business Loan,176307,Rejected
LN0008226,CUST001058,RM0137,Personal Loan,50000,Closed
LN0008227,CUST001957,RM0060,Car Loan,488433,Approved
LN0008228,CUST001674,RM0060,Car Loan,341084,Closed
LN0008229,CUST000650,RM0199,Personal Loan,384201,Approved
LN0008230,CUST001975,RM0104,Gold Loan,50000,Active
LN0008231,CUST002462,RM0179,Education Loan,385610,Closed
LN0008232,CUST000614,RM0168,Home Loan,255845,Active
LN0008233,CUST002409,RM0081,Gold Loan,172503,Active
LN0008234,CUST000279,RM0155,Home Loan,450019,Closed
LN0008235,CUST001527,RM0019,Home Loan,570758,Pending
LN0008236,CUST000694,RM0119,Home Loan,54818,Approved
LN0008237,CUST000787,RM0094,Plot Loan,60586,Defaulted
LN0008238,CUST002100,RM0093,Car Loan,687588,Pending
LN0008239,CUST000557,RM0211,Home Loan,114913,Active
LN0008240,CUST000199,RM0217,Gold Loan,463296,Approved
LN0008241,CUST002275,RM0078,Education Loan,148464,Active
LN0008242,CUST000610,RM0146,Education Loan,75362,Rejected
LN0008243,CUST000445,RM0133,Car Loan,66772,Active
LN0008244,CUST002430,RM0224,Car Loan,84040,Active
LN0008245,CUST002013,RM0010,Business Loan,107507,Rejected
LN0008246,CUST000241,RM0062,Gold Loan,184088,Active
LN0008247,CUST002370,RM0056,Home Loan,291795,Defaulted
LN0008248,CUST001706,RM0048,Education Loan,909516,Closed
LN0008249,CUST002034,RM0080,Plot Loan,166502,Rejected
LN0008250,CUST001623,RM0201,Education Loan,196038,Closed
LN0008251,CUST002286,RM0243,Business Loan,197551,Closed
LN0008252,CUST001490,RM0054,Education Loan,205059,Approved
LN0008253,CUST000510,RM0040,Home Loan,195854,Rejected
LN0008254,CUST001590,RM0021,Education Loan,51762,Closed
LN0008255,CUST000547,RM0150,Personal Loan,50345,Approved
LN0008256,CUST002004,RM0154,Plot Loan,70554,Rejected
LN0008257,CUST000507,RM0200,Plot Loan,71418,Rejected
LN0008258,CUST000181,RM0019,Gold Loan,294086,Active
LN0008259,CUST000264,RM0121,Business Loan,95861,Approved
LN0008260,CUST000346,RM0073,Car Loan,500215,Approved
LN0008261,CUST000472,RM0033,Home Loan,577909,Rejected
LN0008262,CUST002403,RM0120,Home Loan,795053,Active
LN0008263,CUST002298,RM0065,Education Loan,609643,Closed
LN0008264,CUST002217,RM0043,Business Loan,113460,Active
LN0008265,CUST001632,RM0144,Personal Loan,192578,Pending
LN0008266,CUST001459,RM0057,Education Loan,88584,Defaulted
LN0008267,CUST001608,RM0023,Plot Loan,378195,Rejected
LN0008268,CUST000410,RM0130,Gold Loan,488623,Closed
LN0008269,CUST000045,RM0056,Home Loan,431149,Approved
LN0008270,CUST001046,RM0008,Car Loan,163608,Defaulted
LN0008271,CUST000609,RM0173,Gold Loan,334321,Pending
LN0008272,CUST001672,RM0022,Personal Loan,70534,Active
LN0008273,CUST001685,RM0099,Business Loan,58215,Active
LN0008274,CUST002456,RM0204,Home Loan,329864,Defaulted
LN0008275,CUST002184,RM0166,Education Loan,160800,Closed
LN0008276,CUST001785,RM0227,Home Loan,1132937,Rejected
LN0008277,CUST000188,RM0032,Education Loan,70462,Rejected
LN0008278,CUST000800,RM0213,Car Loan,437071,Rejected
LN0008279,CUST002254,RM0181,Personal Loan,180778,Active
LN0008280,CUST001343,RM0244,Home Loan,401066,Pending
LN0008281,CUST002205,RM0222,Personal Loan,389792,Pending
LN0008282,CUST001934,RM0118,Plot Loan,545368,Defaulted
LN0008283,CUST000326,RM0198,Car Loan,120721,Pending
LN0008284,CUST001674,RM0196,Education Loan,648345,Active
LN0008285,CUST000734,RM0099,Personal Loan,82896,Approved
LN0008286,CUST001566,RM0153,Gold Loan,67104,Defaulted
LN0008287,CUST002152,RM0130,Education Loan,162991,Pending
LN0008288,CUST001832,RM0012,Personal Loan,402428,Active
LN0008289,CUST001158,RM0040,Gold Loan,178270,Approved
LN0008290,CUST001404,RM0210,Personal Loan,403553,Approved
LN0008291,CUST001652,RM0085,Plot Loan,311634,Pending
LN0008292,CUST000591,RM0245,Business Loan,96999,Pending
LN0008293,CUST001613,RM0225,Personal Loan,644722,Defaulted
LN0008294,CUST001926,RM0011,Plot Loan,62541,Approved
LN0008295,CUST002323,RM0009,Plot Loan,507105,Closed
LN0008296,CUST001488,RM0004,Personal Loan,50000,Rejected
LN0008297,CUST000107,RM0155,Gold Loan,122608,Approved
LN0008298,CUST001072,RM0142,Home Loan,188688,Defaulted
LN0008299,CUST000243,RM0102,Gold Loan,159758,Approved
LN0008300,CUST001088,RM0107,Plot Loan,87708,Approved
LN0008301,CUST001469,RM0021,Home Loan,138679,Rejected
LN0008302,CUST000965,RM0193,Personal Loan,92870,Defaulted
LN0008303,CUST001770,RM0038,Gold Loan,95602,Approved
LN0008304,CUST001791,RM0009,Gold Loan,91418,Active
LN0008305,CUST002302,RM0044,Business Loan,184283,Active
LN0008306,CUST002294,RM0106,Personal Loan,369829,Closed
LN0008307,CUST002197,RM0029,Car Loan,218315,Defaulted
LN0008308,CUST001759,RM0071,Gold Loan,497371,Rejected
LN0008309,CUST001927,RM0081,Home Loan,252419,Active
LN0008310,CUST000952,RM0121,Personal Loan,283811,Approved
LN0008311,CUST002192,RM0092,Home Loan,270287,Rejected
LN0008312,CUST001883,RM0225,Plot Loan,169370,Active
LN0008313,CUST000326,RM0225,Plot Loan,283810,Pending
LN0008314,CUST000291,RM0156,Personal Loan,64451,Pending
LN0008315,CUST002010,RM0012,Personal Loan,443010,Active
LN0008316,CUST002426,RM0048,Education Loan,350846,Rejected
LN0008317,CUST002132,RM0125,Personal Loan,106268,Defaulted
LN0008318,CUST001435,RM0198,Home Loan,342231,Pending
LN0008319,CUST000895,RM0175,Personal Loan,52544,Pending
LN0008320,CUST000785,RM0086,Plot Loan,98987,Approved
LN0008321,CUST002219,RM0093,Car Loan,63471,Closed
LN0008322,CUST000169,RM0236,Plot Loan,353031,Active
LN0008323,CUST000561,RM0203,Business Loan,332014,Rejected
LN0008324,CUST000491,RM0103,Plot Loan,386010,Rejected
LN0008325,CUST001332,RM0060,Home Loan,50898,Closed
LN0008326,CUST000689,RM0206,Car Loan,189123,Pending
LN0008327,CUST001509,RM0065,Gold Loan,294044,Closed
LN0008328,CUST002090,RM0202,Home Loan,83778,Defaulted
LN0008329,CUST002490,RM0167,Plot Loan,259844,Defaulted
LN0008330,CUST001222,RM0166,Plot Loan,67571,Pending
LN0008331,CUST001510,RM0199,Plot Loan,90013,Pending
LN0008332,CUST001471,RM0147,Car Loan,179175,Active
LN0008333,CUST000018,RM0114,Home Loan,262012,Approved
LN0008334,CUST002095,RM0071,Education Loan,81534,Defaulted
LN0008335,CUST000969,RM0002,Gold Loan,90968,Approved
LN0008336,CUST002087,RM0120,Plot Loan,95743,Rejected
LN0008337,CUST000235,RM0119,Education Loan,104545,Defaulted
LN0008338,CUST002392,RM0076,Car Loan,101379,Defaulted
LN0008339,CUST000500,RM0112,Car Loan,150554,Pending
LN0008340,CUST000425,RM0142,Home Loan,262141,Pending
LN0008341,CUST000300,RM0050,Business Loan,165261,Defaulted
LN0008342,CUST002320,RM0175,Personal Loan,349198,Pending
LN0008343,CUST001496,RM0174,Personal Loan,304071,Defaulted
LN0008344,CUST000960,RM0003,Gold Loan,77055,Pending
LN0008345,CUST000677,RM0139,Business Loan,60014,Approved
LN0008346,CUST000193,RM0049,Business Loan,470651,Defaulted
LN0008347,CUST000887,RM0093,Personal Loan,66639,Approved
LN0008348,CUST001888,RM0175,Home Loan,82113,Pending
LN0008349,CUST000015,RM0037,Home Loan,54476,Pending
LN0008350,CUST001555,RM0105,Personal Loan,247953,Defaulted
LN0008351,CUST001942,RM0197,Personal Loan,224632,Active
LN0008352,CUST000489,RM0226,Plot Loan,917084,Approved
LN0008353,CUST001864,RM0058,Plot Loan,485953,Rejected
LN0008354,CUST001762,RM0138,Business Loan,155812,Rejected
LN0008355,CUST001376,RM0117,Gold Loan,142911,Active
LN0008356,CUST001810,RM0057,Car Loan,120437,Closed
LN0008357,CUST000602,RM0201,Gold Loan,83070,Pending
LN0008358,CUST000468,RM0146,Plot Loan,79719,Rejected
LN0008359,CUST000558,RM0090,Business Loan,78378,Closed
LN0008360,CUST001759,RM0174,Plot Loan,74233,Defaulted
LN0008361,CUST002359,RM0250,Education Loan,105022,Rejected
LN0008362,CUST002144,RM0223,Car Loan,123249,Defaulted
LN0008363,CUST000058,RM0128,Personal Loan,701830,Closed
LN0008364,CUST001739,RM0242,Personal Loan,222774,Rejected
LN0008365,CUST001967,RM0242,Gold Loan,927943,Approved
LN0008366,CUST000873,RM0218,Personal Loan,143191,Approved
LN0008367,CUST001206,RM0190,Personal Loan,172360,Pending
LN0008368,CUST000578,RM0018,Education Loan,128483,Active
LN0008369,CUST002207,RM0172,Home Loan,90395,Active
LN0008370,CUST000635,RM0214,Personal Loan,140509,Active
LN0008371,CUST002384,RM0204,Education Loan,80901,Approved
LN0008372,CUST000874,RM0227,Education Loan,630372,Active
LN0008373,CUST001725,RM0140,Personal Loan,915669,Approved
LN0008374,CUST002232,RM0159,Home Loan,59189,Rejected
LN0008375,CUST002097,RM0192,Home Loan,82585,Active
LN0008376,CUST000377,RM0203,Business Loan,160164,Rejected
LN0008377,CUST001798,RM0227,Personal Loan,91240,Rejected
LN0008378,CUST000353,RM0070,Business Loan,140473,Active
LN0008379,CUST000731,RM0062,Personal Loan,77644,Rejected
LN0008380,CUST000004,RM0060,Business Loan,171949,Pending
LN0008381,CUST000569,RM0064,Home Loan,113406,Active
LN0008382,CUST002226,RM0014,Gold Loan,136743,Rejected
LN0008383,CUST001156,RM0144,Personal Loan,69812,Active
LN0008384,CUST002205,RM0108,Personal Loan,161768,Approved
LN0008385,CUST000824,RM0219,Home Loan,867962,Approved
LN0008386,CUST001064,RM0240,Home Loan,129747,Pending
LN0008387,CUST001069,RM0247,Home Loan,468188,Defaulted
LN0008388,CUST002052,RM0208,Plot Loan,420555,Rejected
LN0008389,CUST000839,RM0085,Plot Loan,657554,Pending
LN0008390,CUST001100,RM0106,Plot Loan,362233,Pending
LN0008391,CUST000321,RM0045,Home Loan,265524,Rejected
LN0008392,CUST000571,RM0070,Plot Loan,438401,Pending
LN0008393,CUST000606,RM0165,Car Loan,65731,Active
LN0008394,CUST001320,RM0126,Home Loan,174288,Active
LN0008395,CUST001797,RM0209,Gold Loan,956686,Rejected
LN0008396,CUST001589,RM0042,Education Loan,343587,Approved
LN0008397,CUST000492,RM0099,Personal Loan,704430,Closed
LN0008398,CUST001616,RM0075,Education Loan,352493,Active
LN0008399,CUST002205,RM0140,Plot Loan,465699,Closed
LN0008400,CUST000553,RM0039,Personal Loan,295195,Approved
LN0008401,CUST001377,RM0072,Gold Loan,335842,Rejected
LN0008402,CUST000741,RM0035,Plot Loan,198122,Closed
LN0008403,CUST000754,RM0146,Car Loan,566030,Approved
LN0008404,CUST000317,RM0191,Personal Loan,398638,Defaulted
LN0008405,CUST001724,RM0114,Personal Loan,421432,Defaulted
LN0008406,CUST001489,RM0041,Gold Loan,273564,Closed
LN0008407,CUST000829,RM0058,Education Loan,122647,Rejected
LN0008408,CUST001576,RM0020,Home Loan,57256,Approved
LN0008409,CUST000480,RM0205,Personal Loan,598699,Defaulted
LN0008410,CUST000310,RM0171,Education Loan,226436,Rejected
LN0008411,CUST000560,RM0209,Gold Loan,120805,Pending
LN0008412,CUST000870,RM0228,Home Loan,82300,Defaulted
LN0008413,CUST000058,RM0202,Business Loan,403831,Closed
LN0008414,CUST000082,RM0064,Gold Loan,412213,Rejected
LN0008415,CUST001508,RM0234,Education Loan,386948,Approved
LN0008416,CUST001442,RM0021,Gold Loan,257174,Active
LN0008417,CUST000976,RM0186,Personal Loan,141146,Pending
LN0008418,CUST001364,RM0157,Plot Loan,122501,Rejected
LN0008419,CUST000885,RM0220,Home Loan,51718,Pending
LN0008420,CUST001996,RM0202,Business Loan,408681,Approved
LN0008421,CUST002369,RM0128,Gold Loan,68298,Rejected
LN0008422,CUST002049,RM0176,Home Loan,249258,Approved
LN0008423,CUST001097,RM0007,Education Loan,190266,Approved
LN0008424,CUST000829,RM0170,Car Loan,199600,Pending
LN0008425,CUST001744,RM0140,Personal Loan,572673,Approved
LN0008426,CUST001630,RM0065,Home Loan,56425,Active
LN0008427,CUST000445,RM0187,Plot Loan,346906,Active
LN0008428,CUST001071,RM0093,Personal Loan,60691,Rejected
LN0008429,CUST002427,RM0102,Gold Loan,62377,Closed
LN0008430,CUST000509,RM0115,Education Loan,57780,Rejected
LN0008431,CUST001266,RM0207,Car Loan,162359,Defaulted
LN0008432,CUST001482,RM0076,Education Loan,63030,Defaulted
LN0008433,CUST002203,RM0177,Personal Loan,245712,Approved
LN0008434,CUST000087,RM0113,Plot Loan,361315,Closed
LN0008435,CUST000956,RM0224,Gold Loan,200818,Rejected
LN0008436,CUST000700,RM0246,Business Loan,55893,Active
LN0008437,CUST001675,RM0155,Car Loan,58268,Rejected
LN0008438,CUST000829,RM0172,Plot Loan,239694,Closed
LN0008439,CUST000615,RM0038,Car Loan,378094,Closed
LN0008440,CUST000098,RM0208,Gold Loan,165179,Pending
LN0008441,CUST000551,RM0097,Education Loan,211747,Pending
LN0008442,CUST000471,RM0190,Home Loan,371717,Rejected
LN0008443,CUST002139,RM0121,Car Loan,238581,Defaulted
LN0008444,CUST002082,RM0017,Personal Loan,100916,Approved
LN0008445,CUST000360,RM0249,Education Loan,239893,Defaulted
LN0008446,CUST001534,RM0214,Personal Loan,247922,Active
LN0008447,CUST001111,RM0070,Plot Loan,314932,Defaulted
LN0008448,CUST002198,RM0037,Home Loan,243977,Pending
LN0008449,CUST000811,RM0058,Plot Loan,746321,Closed
LN0008450,CUST000769,RM0014,Gold Loan,93951,Closed
LN0008451,CUST001157,RM0191,Business Loan,653557,Approved
LN0008452,CUST001531,RM0072,Education Loan,204585,Rejected
LN0008453,CUST000106,RM0112,Gold Loan,272921,Pending
LN0008454,CUST001744,RM0061,Gold Loan,70952,Defaulted
LN0008455,CUST001086,RM0201,Education Loan,145793,Approved
LN0008456,CUST000007,RM0035,Home Loan,343396,Closed
LN0008457,CUST000111,RM0177,Home Loan,295455,Defaulted
LN0008458,CUST001661,RM0059,Gold Loan,58193,Defaulted
LN0008459,CUST000755,RM0099,Personal Loan,208193,Rejected
LN0008460,CUST001751,RM0085,Car Loan,68484,Pending
LN0008461,CUST001828,RM0143,Plot Loan,1147239,Pending
LN0008462,CUST002021,RM0197,Business Loan,505181,Closed
LN0008463,CUST001025,RM0140,Business Loan,54261,Approved
LN0008464,CUST001931,RM0042,Home Loan,441302,Active
LN0008465,CUST002228,RM0034,Gold Loan,553724,Pending
LN0008466,CUST002440,RM0092,Car Loan,137251,Pending
LN0008467,CUST000801,RM0170,Gold Loan,304237,Active
LN0008468,CUST000028,RM0237,Plot Loan,166716,Defaulted
LN0008469,CUST001106,RM0142,Plot Loan,262976,Rejected
LN0008470,CUST002410,RM0018,Gold Loan,133199,Closed
LN0008471,CUST000583,RM0131,Personal Loan,127886,Active
LN0008472,CUST000391,RM0003,Car Loan,160480,Active
LN0008473,CUST002031,RM0247,Car Loan,81463,Approved
LN0008474,CUST001014,RM0143,Car Loan,405735,Approved
LN0008475,CUST001968,RM0157,Education Loan,135756,Defaulted
LN0008476,CUST001020,RM0051,Personal Loan,152214,Active
LN0008477,CUST000374,RM0178,Plot Loan,498966,Pending
LN0008478,CUST000674,RM0002,Gold Loan,187283,Rejected
LN0008479,CUST000978,RM0200,Education Loan,207163,Defaulted
LN0008480,CUST001783,RM0153,Home Loan,676990,Closed
LN0008481,CUST001974,RM0183,Education Loan,485589,Pending
LN0008482,CUST000194,RM0223,Gold Loan,87137,Pending
LN0008483,CUST001250,RM0023,Gold Loan,178192,Defaulted
LN0008484,CUST001505,RM0165,Home Loan,760145,Rejected
LN0008485,CUST002279,RM0161,Home Loan,143159,Pending
LN0008486,CUST002331,RM0055,Gold Loan,142907,Pending
LN0008487,CUST001695,RM0045,Car Loan,93390,Rejected
LN0008488,CUST000786,RM0112,Business Loan,74280,Defaulted
LN0008489,CUST001041,RM0134,Plot Loan,319649,Closed
LN0008490,CUST000246,RM0044,Car Loan,343961,Rejected
LN0008491,CUST000983,RM0199,Car Loan,744837,Active
LN0008492,CUST002223,RM0021,Education Loan,346929,Rejected
LN0008493,CUST001250,RM0212,Home Loan,105771,Rejected
LN0008494,CUST000328,RM0167,Home Loan,58188,Pending
LN0008495,CUST001974,RM0193,Education Loan,895859,Active
LN0008496,CUST001387,RM0152,Personal Loan,133239,Pending
LN0008497,CUST000653,RM0161,Car Loan,124785,Closed
LN0008498,CUST002319,RM0188,Plot Loan,522796,Approved
LN0008499,CUST001180,RM0180,Education Loan,225943,Approved
LN0008500,CUST000886,RM0127,Education Loan,98381,Rejected
LN0008501,CUST001122,RM0145,Gold Loan,489818,Pending
LN0008502,CUST000031,RM0084,Car Loan,1052954,Defaulted
LN0008503,CUST001504,RM0030,Personal Loan,68133,Defaulted
LN0008504,CUST001335,RM0181,Plot Loan,446465,Active
LN0008505,CUST001584,RM0162,Car Loan,149028,Defaulted
LN0008506,CUST000256,RM0063,Car Loan,198497,Closed
LN0008507,CUST001684,RM0201,Home Loan,542588,Defaulted
LN0008508,CUST001466,RM0205,Education Loan,775212,Closed
LN0008509,CUST000688,RM0097,Personal Loan,110806,Defaulted
LN0008510,CUST002318,RM0202,Plot Loan,97867,Active
LN0008511,CUST000303,RM0078,Home Loan,66788,Pending
LN0008512,CUST000376,RM0071,Education Loan,215014,Rejected
LN0008513,CUST001386,RM0170,Home Loan,52739,Defaulted
LN0008514,CUST001597,RM0023,Personal Loan,156171,Active
LN0008515,CUST002247,RM0139,Business Loan,65243,Approved
LN0008516,CUST002260,RM0087,Education Loan,153914,Approved
LN0008517,CUST001095,RM0191,Plot Loan,58150,Defaulted
LN0008518,CUST000077,RM0160,Plot Loan,410625,Rejected
LN0008519,CUST001431,RM0171,Education Loan,97078,Closed
LN0008520,CUST000684,RM0240,Business Loan,50000,Defaulted
LN0008521,CUST000255,RM0096,Education Loan,129591,Active
LN0008522,CUST000385,RM0196,Gold Loan,458118,Active
LN0008523,CUST000511,RM0094,Plot Loan,324293,Active
LN0008524,CUST001553,RM0227,Home Loan,99445,Pending
LN0008525,CUST000535,RM0069,Personal Loan,64923,Closed
LN0008526,CUST000301,RM0199,Home Loan,301526,Pending
LN0008527,CUST001339,RM0142,Car Loan,149089,Rejected
LN0008528,CUST001287,RM0070,Education Loan,340555,Pending
LN0008529,CUST001115,RM0104,Plot Loan,167863,Closed
LN0008530,CUST000332,RM0196,Home Loan,134930,Approved
LN0008531,CUST000249,RM0001,Home Loan,170006,Rejected
LN0008532,CUST001691,RM0038,Business Loan,326109,Rejected
LN0008533,CUST001466,RM0218,Gold Loan,515007,Rejected
LN0008534,CUST000674,RM0077,Education Loan,60209,Closed
LN0008535,CUST001380,RM0077,Education Loan,198514,Closed
LN0008536,CUST000685,RM0048,Car Loan,56677,Active
LN0008537,CUST000754,RM0150,Car Loan,176376,Rejected
LN0008538,CUST002281,RM0209,Personal Loan,483057,Approved
LN0008539,CUST002486,RM0233,Car Loan,139754,Active
LN0008540,CUST002061,RM0055,Business Loan,588978,Closed
LN0008541,CUST000961,RM0028,Personal Loan,249179,Pending
LN0008542,CUST002139,RM0204,Plot Loan,594091,Pending
LN0008543,CUST002351,RM0116,Car Loan,333075,Closed
LN0008544,CUST001005,RM0177,Car Loan,71836,Defaulted
LN0008545,CUST001565,RM0183,Gold Loan,102572,Rejected
LN0008546,CUST001193,RM0207,Education Loan,150231,Active
LN0008547,CUST000451,RM0212,Education Loan,87291,Closed
LN0008548,CUST000423,RM0181,Education Loan,186604,Approved
LN0008549,CUST000120,RM0182,Education Loan,177492,Approved
LN0008550,CUST002052,RM0228,Home Loan,675894,Rejected
LN0008551,CUST002331,RM0125,Plot Loan,163736,Approved
LN0008552,CUST001061,RM0114,Education Loan,358007,Approved
LN0008553,CUST000088,RM0149,Business Loan,619154,Pending
LN0008554,CUST000434,RM0037,Business Loan,469096,Approved
LN0008555,CUST000900,RM0088,Plot Loan,96807,Defaulted
LN0008556,CUST000583,RM0110,Education Loan,187047,Defaulted
LN0008557,CUST000861,RM0112,Plot Loan,135462,Rejected
LN0008558,CUST001794,RM0220,Home Loan,152118,Defaulted
LN0008559,CUST000703,RM0110,Business Loan,139509,Defaulted
LN0008560,CUST000482,RM0186,Education Loan,400153,Closed
LN0008561,CUST000806,RM0134,Gold Loan,170346,Defaulted
LN0008562,CUST000599,RM0216,Gold Loan,198339,Closed
LN0008563,CUST002328,RM0042,Gold Loan,858510,Rejected
LN0008564,CUST001567,RM0001,Car Loan,62370,Defaulted
LN0008565,CUST000698,RM0053,Personal Loan,183869,Approved
LN0008566,CUST001495,RM0067,Gold Loan,347498,Pending
LN0008567,CUST001095,RM0011,Gold Loan,82777,Approved
LN0008568,CUST002439,RM0101,Home Loan,239108,Approved
LN0008569,CUST000002,RM0187,Personal Loan,104746,Defaulted
LN0008570,CUST001967,RM0140,Gold Loan,454089,Rejected
LN0008571,CUST000409,RM0191,Car Loan,129231,Rejected
LN0008572,CUST000727,RM0105,Business Loan,129815,Pending
LN0008573,CUST001695,RM0085,Education Loan,232357,Rejected
LN0008574,CUST002314,RM0204,Home Loan,90561,Pending
LN0008575,CUST000226,RM0222,Plot Loan,117063,Defaulted
LN0008576,CUST000229,RM0045,Plot Loan,157787,Rejected
LN0008577,CUST001407,RM0175,Home Loan,137279,Pending
LN0008578,CUST001122,RM0044,Home Loan,198836,Defaulted
LN0008579,CUST002008,RM0057,Plot Loan,233078,Rejected
LN0008580,CUST000532,RM0218,Personal Loan,217249,Active
LN0008581,CUST002121,RM0134,Gold Loan,262360,Rejected
LN0008582,CUST001203,RM0170,Plot Loan,123561,Rejected
LN0008583,CUST000619,RM0228,Personal Loan,77032,Pending
LN0008584,CUST000160,RM0042,Car Loan,336097,Rejected
LN0008585,CUST002175,RM0123,Education Loan,430467,Closed
LN0008586,CUST001432,RM0091,Plot Loan,109413,Defaulted
LN0008587,CUST000584,RM0091,Home Loan,154543,Closed
LN0008588,CUST002215,RM0125,Personal Loan,188057,Active
LN0008589,CUST000707,RM0196,Plot Loan,202425,Active
LN0008590,CUST001931,RM0127,Business Loan,265462,Rejected
LN0008591,CUST000941,RM0144,Business Loan,58498,Approved
LN0008592,CUST001982,RM0248,Gold Loan,305650,Pending
LN0008593,CUST000954,RM0095,Personal Loan,62794,Rejected
LN0008594,CUST000748,RM0144,Plot Loan,176330,Closed
LN0008595,CUST000228,RM0215,Car Loan,401670,Approved
LN0008596,CUST000726,RM0080,Education Loan,170009,Active
LN0008597,CUST000660,RM0047,Home Loan,82289,Pending
LN0008598,CUST001837,RM0043,Gold Loan,890392,Active
LN0008599,CUST001651,RM0061,Home Loan,490160,Active
LN0008600,CUST000383,RM0093,Home Loan,345080,Pending
LN0008601,CUST001556,RM0190,Education Loan,156039,Approved
LN0008602,CUST002154,RM0035,Home Loan,90630,Closed
LN0008603,CUST001189,RM0224,Plot Loan,617442,Approved
LN0008604,CUST001014,RM0035,Home Loan,202007,Pending
LN0008605,CUST001025,RM0137,Gold Loan,432589,Active
LN0008606,CUST000663,RM0008,Business Loan,133738,Defaulted
LN0008607,CUST000023,RM0090,Personal Loan,131680,Approved
LN0008608,CUST001946,RM0040,Home Loan,897280,Closed
LN0008609,CUST001869,RM0094,Home Loan,197559,Active
LN0008610,CUST000987,RM0042,Education Loan,80326,Approved
LN0008611,CUST001390,RM0232,Business Loan,99608,Defaulted
LN0008612,CUST000039,RM0162,Education Loan,181534,Pending
LN0008613,CUST000145,RM0060,Personal Loan,58679,Rejected
LN0008614,CUST001747,RM0104,Education Loan,174177,Defaulted
LN0008615,CUST001299,RM0162,Business Loan,158580,Rejected
LN0008616,CUST000369,RM0176,Education Loan,352223,Pending
LN0008617,CUST002361,RM0100,Business Loan,137682,Defaulted
LN0008618,CUST000414,RM0031,Personal Loan,859668,Rejected
LN0008619,CUST000011,RM0143,Business Loan,89878,Pending
LN0008620,CUST001429,RM0090,Personal Loan,228801,Approved
LN0008621,CUST000959,RM0051,Education Loan,188229,Closed
LN0008622,CUST002251,RM0158,Gold Loan,68796,Approved
LN0008623,CUST000893,RM0171,Personal Loan,314749,Approved
LN0008624,CUST000364,RM0166,Car Loan,229499,Pending
LN0008625,CUST000536,RM0219,Home Loan,1100045,Closed
LN0008626,CUST001034,RM0180,Education Loan,392004,Rejected
LN0008627,CUST000635,RM0226,Education Loan,212252,Defaulted
LN0008628,CUST000885,RM0154,Car Loan,298557,Defaulted
LN0008629,CUST000493,RM0059,Plot Loan,182617,Defaulted
LN0008630,CUST001305,RM0059,Personal Loan,410398,Rejected
LN0008631,CUST000631,RM0086,Home Loan,599693,Defaulted
LN0008632,CUST000879,RM0126,Personal Loan,955762,Pending
LN0008633,CUST000261,RM0043,Business Loan,151014,Closed
LN0008634,CUST000050,RM0124,Gold Loan,990280,Rejected
LN0008635,CUST001476,RM0223,Education Loan,83903,Pending
LN0008636,CUST001667,RM0096,Personal Loan,999999999,Approved
LN0008637,CUST000900,RM0210,Plot Loan,108485,Pending
LN0008638,CUST001758,RM0075,Personal Loan,68646,Closed
LN0008639,CUST000338,RM0080,Plot Loan,113419,Defaulted
LN0008640,CUST000362,RM0217,Home Loan,342149,Closed
LN0008641,CUST000851,RM0159,Business Loan,433361,Closed
LN0008642,CUST001132,RM0152,Home Loan,351821,Approved
LN0008643,CUST000439,RM0115,Plot Loan,249427,Closed
LN0008644,CUST001404,RM0131,Home Loan,194295,Rejected
LN0008645,CUST000686,RM0207,Education Loan,296683,Defaulted
LN0008646,CUST002104,RM0070,Home Loan,149132,Defaulted
LN0008647,CUST001584,RM0144,Personal Loan,418158,Rejected
LN0008648,CUST000698,RM0077,Gold Loan,276138,Rejected
LN0008649,CUST002056,RM0250,Home Loan,289336,Rejected
LN0008650,CUST001364,RM0240,Home Loan,203546,Defaulted
LN0008651,CUST002071,RM0099,Plot Loan,482963,Closed
LN0008652,CUST002009,RM0044,Plot Loan,108074,Rejected
LN0008653,CUST001901,RM0224,Car Loan,145977,Approved
LN0008654,CUST000282,RM0240,Car Loan,350693,Pending
LN0008655,CUST000836,RM0197,Home Loan,185749,Active
LN0008656,CUST001937,RM0107,Personal Loan,490030,Pending
LN0008657,CUST001932,RM0184,Home Loan,135051,Approved
LN0008658,CUST000942,RM0227,Personal Loan,142194,Closed
LN0008659,CUST001630,RM0098,Plot Loan,489169,Active
LN0008660,CUST000970,RM0158,Home Loan,174862,Rejected
LN0008661,CUST001577,RM0107,Car Loan,195185,Rejected
LN0008662,CUST000659,RM0010,Gold Loan,130922,Approved
LN0008663,CUST001086,RM0009,Home Loan,114777,Pending
LN0008664,CUST000852,RM0147,Car Loan,263392,Defaulted
LN0008665,CUST000515,RM0217,Business Loan,75530,Pending
LN0008666,CUST000012,RM0023,Personal Loan,472844,Rejected
LN0008667,CUST002265,RM0017,Education Loan,352102,Defaulted
LN0008668,CUST000740,RM0082,Plot Loan,92329,Active
LN0008669,CUST000806,RM0054,Education Loan,286847,Active
LN0008670,CUST002446,RM0241,Business Loan,234578,Pending
LN0008671,CUST001137,RM0054,Business Loan,90799,Active
LN0008672,CUST001424,RM0124,Education Loan,113821,Approved
LN0008673,CUST002158,RM0027,Home Loan,155183,Defaulted
LN0008674,CUST002043,RM0098,Education Loan,290290,Closed
LN0008675,CUST000710,RM0117,Personal Loan,253622,Closed
LN0008676,CUST001764,RM0174,Gold Loan,201957,Pending
LN0008677,CUST000432,RM0227,Business Loan,342557,Approved
LN0008678,CUST000187,RM0137,Car Loan,333712,Defaulted
LN0008679,CUST002420,RM0022,Education Loan,242393,Closed
LN0008680,CUST001742,RM0233,Business Loan,359283,Active
LN0008681,CUST001571,RM0228,Education Loan,131372,Closed
LN0008682,CUST000397,RM0202,Plot Loan,476146,Pending
LN0008683,CUST001051,RM0147,Personal Loan,240855,Pending
LN0008684,CUST000166,RM0027,Home Loan,395603,Closed
LN0008685,CUST000773,RM0055,Plot Loan,208054,Active
LN0008686,CUST000133,RM0171,Car Loan,99292,Closed
LN0008687,CUST001644,RM0021,Personal Loan,206356,Active
LN0008688,CUST002268,RM0149,Gold Loan,142760,Active
LN0008689,CUST001792,RM0195,Business Loan,289134,Active
LN0008690,CUST002488,RM0204,Plot Loan,179174,Closed
LN0008691,CUST001825,RM0180,Education Loan,411715,Pending
LN0008692,CUST002358,RM0214,Education Loan,276685,Defaulted
LN0008693,CUST001643,RM0138,Gold Loan,280747,Pending
LN0008694,CUST001936,RM0108,Business Loan,98964,Active
LN0008695,CUST000842,RM0052,Plot Loan,880180,Approved
LN0008696,CUST000684,RM0109,Home Loan,418621,Defaulted
LN0008697,CUST000944,RM0221,Education Loan,361184,Pending
LN0008698,CUST000398,RM0073,Home Loan,130159,Pending
LN0008699,CUST000457,RM0151,Home Loan,203415,Pending
LN0008700,CUST000601,RM0190,Business Loan,79492,Active
LN0008701,CUST000597,RM0180,Business Loan,204644,Rejected
LN0008702,CUST000590,RM0090,Plot Loan,81538,Active
LN0008703,CUST000466,RM0171,Home Loan,211056,Defaulted
LN0008704,CUST002024,RM0050,Business Loan,259235,Approved
LN0008705,CUST002160,RM0033,Education Loan,148923,Approved
LN0008706,CUST000966,RM0006,Car Loan,188048,Approved
LN0008707,CUST001671,RM0139,Personal Loan,466936,Rejected
LN0008708,CUST000693,RM0220,Education Loan,72984,Pending
LN0008709,CUST000959,RM0160,Personal Loan,363786,Defaulted
LN0008710,CUST000308,RM0117,Home Loan,50000,Defaulted
LN0008711,CUST000794,RM0139,Home Loan,87447,Rejected
LN0008712,CUST002419,RM0182,Personal Loan,57479,Approved
LN0008713,CUST000797,RM0235,Home Loan,91054,Active
LN0008714,CUST002123,RM0226,Business Loan,339670,Approved
LN0008715,CUST001763,RM0070,Home Loan,153881,Rejected
LN0008716,CUST002078,RM0232,Personal Loan,461959,Rejected
LN0008717,CUST002185,RM0210,Car Loan,198764,Rejected
LN0008718,CUST000955,RM0119,Education Loan,54500,Defaulted
LN0008719,CUST000194,RM0228,Car Loan,302259,Approved
LN0008720,CUST002186,RM0148,Personal Loan,73359,Approved
LN0008721,CUST001813,RM0152,Plot Loan,361539,Approved
LN0008722,CUST002385,RM0040,Car Loan,86809,Active
LN0008723,CUST001394,RM0185,Education Loan,134760,Rejected
LN0008724,CUST001035,RM0031,Gold Loan,336485,Closed
LN0008725,CUST000603,RM0189,Education Loan,666831,Active
LN0008726,CUST001894,RM0109,Home Loan,142862,Approved
LN0008727,CUST000415,RM0046,Gold Loan,403686,Rejected
LN0008728,CUST000723,RM0238,Plot Loan,92339,Rejected
LN0008729,CUST002487,RM0205,Personal Loan,379199,Closed
LN0008730,CUST002246,RM0037,Plot Loan,264293,Defaulted
LN0008731,CUST002061,RM0016,Car Loan,92822,Closed
LN0008732,CUST001289,RM0121,Gold Loan,122051,Rejected
LN0008733,CUST001987,RM0090,Gold Loan,78259,Approved
LN0008734,CUST001554,RM0098,Car Loan,146566,Approved
LN0008735,CUST001544,RM0040,Gold Loan,95542,Approved
LN0008736,CUST000483,RM0068,Education Loan,256563,Pending
LN0008737,CUST002253,RM0231,Education Loan,1090787,Active
LN0008738,CUST001461,RM0021,Education Loan,52416,Pending
LN0008739,CUST002430,RM0070,Personal Loan,205706,Active
LN0008740,CUST000550,RM0175,Home Loan,220506,Active
LN0008741,CUST000086,RM0080,Plot Loan,541167,Pending
LN0008742,CUST002115,RM0057,Business Loan,191046,Pending
LN0008743,CUST000011,RM0107,Education Loan,206921,Defaulted
LN0008744,CUST001317,RM0239,Home Loan,177600,Closed
LN0008745,CUST002445,RM0177,Business Loan,112642,Rejected
LN0008746,CUST000487,RM0078,Plot Loan,61531,Approved
LN0008747,CUST001154,RM0018,Gold Loan,155072,Rejected
LN0008748,CUST000333,RM0151,Home Loan,60804,Pending
LN0008749,CUST000700,RM0100,Education Loan,209920,Pending
LN0008750,CUST002462,RM0016,Business Loan,123429,Approved
LN0008751,CUST000033,RM0098,Business Loan,202543,Approved
LN0008752,CUST001923,RM0224,Gold Loan,78842,Pending
LN0008753,CUST002329,RM0038,Home Loan,50000,Defaulted
LN0008754,CUST001556,RM0213,Business Loan,589510,Closed
LN0008755,CUST000672,RM0098,Car Loan,499849,Approved
LN0008756,CUST001081,RM0111,Personal Loan,92143,Approved
LN0008757,CUST000921,RM0181,Home Loan,134149,Closed
LN0008758,CUST001280,RM0007,Plot Loan,240120,Active
LN0008759,CUST000041,RM0197,Business Loan,70115,Pending
LN0008760,CUST002153,RM0065,Car Loan,137567,Approved
LN0008761,CUST001742,RM0176,Business Loan,107833,Rejected
LN0008762,CUST001193,RM0096,Education Loan,544240,Rejected
LN0008763,CUST002339,RM0146,Education Loan,432799,Defaulted
LN0008764,CUST000418,RM0077,Car Loan,223420,Closed
LN0008765,CUST000615,RM0224,Personal Loan,196938,Active
LN0008766,CUST001219,RM0054,Gold Loan,583936,Defaulted
LN0008767,CUST001320,RM0038,Plot Loan,588911,Rejected
LN0008768,CUST000265,RM0185,Business Loan,746894,Closed
LN0008769,CUST001469,RM0074,Business Loan,76792,Approved
LN0008770,CUST001654,RM0021,Gold Loan,85003,Approved
LN0008771,CUST002273,RM0245,Plot Loan,275857,Pending
LN0008772,CUST001860,RM0141,Plot Loan,205930,Defaulted
LN0008773,CUST000373,RM0229,Home Loan,53727,Rejected
LN0008774,CUST000751,RM0086,Business Loan,62795,Defaulted
LN0008775,CUST001796,RM0247,Business Loan,487994,Active
LN0008776,CUST002467,RM0051,Personal Loan,456314,Defaulted
LN0008777,CUST000086,RM0121,Car Loan,138406,Active
LN0008778,CUST000719,RM0202,Home Loan,493374,Rejected
LN0008779,CUST000691,RM0003,Home Loan,230120,Rejected
LN0008780,CUST001265,RM0193,Education Loan,377882,Defaulted
LN0008781,CUST000679,RM0170,Home Loan,161524,Defaulted
LN0008782,CUST000438,RM0076,Gold Loan,74071,Pending
LN0008783,CUST002129,RM0033,Education Loan,163735,Closed
LN0008784,CUST000833,RM0070,Gold Loan,172239,Active
LN0008785,CUST002114,RM0114,Home Loan,210121,Rejected
LN0008786,CUST000170,RM0059,Gold Loan,72316,Active
LN0008787,CUST002354,RM0107,Education Loan,1001241,Active
LN0008788,CUST001502,RM0090,Car Loan,105978,Pending
LN0008789,CUST001676,RM0037,Plot Loan,94267,Pending
LN0008790,CUST000598,RM0083,Gold Loan,199648,Rejected
LN0008791,CUST001325,RM0096,Gold Loan,204095,Defaulted
LN0008792,CUST000223,RM0065,Education Loan,165899,Rejected
LN0008793,CUST002445,RM0245,Education Loan,345587,Defaulted
LN0008794,CUST001929,RM0215,Plot Loan,195404,Rejected
LN0008795,CUST001043,RM0104,Gold Loan,238165,Rejected
LN0008796,CUST002120,RM0136,Home Loan,307287,Active
LN0008797,CUST000063,RM0224,Gold Loan,55068,Approved
LN0008798,CUST000193,RM0121,Home Loan,219093,Approved
LN0008799,CUST001343,RM0123,Plot Loan,481168,Defaulted
LN0008800,CUST001472,RM0179,Personal Loan,53508,Active
LN0008801,CUST001910,RM0096,Home Loan,153899,Defaulted
LN0008802,CUST000148,RM0224,Personal Loan,571353,Approved
LN0008803,CUST000188,RM0186,Home Loan,137129,Closed
LN0008804,CUST001272,RM0238,Gold Loan,172766,Active
LN0008805,CUST000956,RM0149,Car Loan,848444,Pending
LN0008806,CUST002028,RM0102,Plot Loan,94459,Pending
LN0008807,CUST000719,RM0238,Business Loan,63496,Defaulted
LN0008808,CUST000254,RM0142,Gold Loan,442399,Active
LN0008809,CUST002194,RM0119,Plot Loan,455696,Closed
LN0008810,CUST000639,RM0038,Business Loan,177761,Pending
LN0008811,CUST002210,RM0083,Business Loan,194394,Closed
LN0008812,CUST000920,RM0140,Gold Loan,411341,Defaulted
LN0008813,CUST001897,RM0168,Business Loan,318309,Defaulted
LN0008814,CUST002089,RM0186,Gold Loan,111617,Closed
LN0008815,CUST001445,RM0105,Plot Loan,53407,Rejected
LN0008816,CUST002054,RM0211,Car Loan,180670,Active
LN0008817,CUST002200,RM0017,Personal Loan,441674,Active
LN0008818,CUST001370,RM0165,Personal Loan,502355,Rejected
LN0008819,CUST001780,RM0148,Home Loan,675743,Pending
LN0008820,CUST001966,RM0154,Education Loan,473326,Pending
LN0008821,CUST002328,RM0217,Home Loan,223520,Defaulted
LN0008822,CUST001091,RM0012,Gold Loan,167615,Approved
LN0008823,CUST000768,RM0137,Education Loan,348197,Approved
LN0008824,CUST001414,RM0221,Plot Loan,319277,Closed
LN0008825,CUST000655,RM0143,Education Loan,204500,Approved
LN0008826,CUST001778,RM0080,Car Loan,68275,Closed
LN0008827,CUST000892,RM0050,Education Loan,570958,Approved
LN0008828,CUST000895,RM0064,Business Loan,171615,Pending
LN0008829,CUST000749,RM0098,Plot Loan,140301,Approved
LN0008830,CUST000749,RM0185,Gold Loan,248616,Rejected
LN0008831,CUST000240,RM0047,Gold Loan,274072,Active
LN0008832,CUST001587,RM0156,Plot Loan,97318,Pending
LN0008833,CUST000193,RM0034,Business Loan,412725,Active
LN0008834,CUST001719,RM0061,Education Loan,118480,Rejected
LN0008835,CUST000973,RM0079,Business Loan,91327,Active
LN0008836,CUST002291,RM0076,Home Loan,154309,Closed
LN0008837,CUST001456,RM0007,Personal Loan,312281,Approved
LN0008838,CUST001144,RM0032,Personal Loan,723116,Closed
LN0008839,CUST000688,RM0221,Education Loan,381391,Approved
LN0008840,CUST000822,RM0214,Plot Loan,613846,Rejected
LN0008841,CUST000324,RM0136,Plot Loan,80305,Defaulted
LN0008842,CUST001841,RM0072,Education Loan,64767,Defaulted
LN0008843,CUST001471,RM0129,Car Loan,213155,Closed
LN0008844,CUST001776,RM0191,Education Loan,118581,Approved
LN0008845,CUST001993,RM0069,Business Loan,402116,Pending
LN0008846,CUST000537,RM0200,Plot Loan,272940,Approved
LN0008847,CUST001159,RM0174,Home Loan,756225,Active
LN0008848,CUST000141,RM0245,Car Loan,108818,Closed
LN0008849,CUST001539,RM0239,Home Loan,183022,Closed
LN0008850,CUST000416,RM0191,Gold Loan,189126,Active
LN0008851,CUST000764,RM0008,Education Loan,104670,Defaulted
LN0008852,CUST000006,RM0043,Business Loan,228365,Active
LN0008853,CUST000472,RM0009,Plot Loan,50000,Approved
LN0008854,CUST001553,RM0051,Gold Loan,167140,Pending
LN0008855,CUST001965,RM0165,Home Loan,168378,Pending
LN0008856,CUST002063,RM0114,Home Loan,140114,Approved
LN0008857,CUST001652,RM0047,Gold Loan,53414,Pending
LN0008858,CUST001308,RM0192,Gold Loan,197668,Closed
LN0008859,CUST001703,RM0081,Education Loan,131668,Rejected
LN0008860,CUST000994,RM0139,Home Loan,50264,Active
LN0008861,CUST000320,RM0112,Home Loan,123617,Pending
LN0008862,CUST002120,RM0206,Home Loan,115320,Defaulted
LN0008863,CUST000024,RM0175,Car Loan,149993,Pending
LN0008864,CUST001480,RM0147,Home Loan,482035,Approved
LN0008865,CUST001651,RM0139,Personal Loan,78278,Pending
LN0008866,CUST002418,RM0208,Plot Loan,191726,Defaulted
LN0008867,CUST002315,RM0065,Personal Loan,285817,Pending
LN0008868,CUST001507,RM0039,Education Loan,248950,Defaulted
LN0008869,CUST001796,RM0222,Plot Loan,375678,Rejected
LN0008870,CUST002005,RM0205,Personal Loan,170299,Approved
LN0008871,CUST000276,RM0029,Car Loan,196415,Approved
LN0008872,CUST000622,RM0166,Education Loan,382569,Closed
LN0008873,CUST002047,RM0051,Personal Loan,161618,Approved
LN0008874,CUST001766,RM0160,Home Loan,291863,Active
LN0008875,CUST000973,RM0081,Gold Loan,164045,Pending
LN0008876,CUST001198,RM0118,Education Loan,158166,Rejected
LN0008877,CUST001035,RM0219,Education Loan,335594,Pending
LN0008878,CUST002376,RM0238,Education Loan,88434,Approved
LN0008879,CUST002213,RM0176,Home Loan,132675,Rejected
LN0008880,CUST000810,RM0147,Personal Loan,100764,Pending
LN0008881,CUST001958,RM0082,Education Loan,50000,Closed
LN0008882,CUST001758,RM0143,Gold Loan,138979,Closed
LN0008883,CUST001474,RM0159,Business Loan,684198,Closed
LN0008884,CUST000418,RM0031,Gold Loan,102370,Defaulted
LN0008885,CUST000808,RM0122,Home Loan,223217,Active
LN0008886,CUST001351,RM0237,Personal Loan,370066,Closed
LN0008887,CUST002428,RM0076,Plot Loan,358929,Active
LN0008888,CUST000048,RM0091,Business Loan,140668,Defaulted
LN0008889,CUST000240,RM0055,Gold Loan,947662,Approved
LN0008890,CUST002499,RM0154,Gold Loan,230208,Defaulted
LN0008891,CUST002388,RM0190,Education Loan,151965,Defaulted
LN0008892,CUST001479,RM0208,Home Loan,411016,Approved
LN0008893,CUST001963,RM0212,Personal Loan,311773,Active
LN0008894,CUST001786,RM0104,Personal Loan,326679,Approved
LN0008895,CUST002425,RM0171,Car Loan,93665,Active
LN0008896,CUST001548,RM0187,Car Loan,176344,Active
LN0008897,CUST000654,RM0146,Education Loan,445851,Defaulted
LN0008898,CUST000718,RM0002,Education Loan,190251,Approved
LN0008899,CUST000470,RM0011,Car Loan,280056,Closed
LN0008900,CUST000198,RM0118,Home Loan,227314,Closed
LN0008901,CUST001122,RM0021,Personal Loan,419484,Rejected
LN0008902,CUST000455,RM0166,Home Loan,116971,Rejected
LN0008903,CUST001757,RM0209,Education Loan,221357,Pending
LN0008904,CUST001381,RM0034,Home Loan,76303,Active
LN0008905,CUST000687,RM0040,Education Loan,284372,Active
LN0008906,CUST002486,RM0138,Personal Loan,313329,Defaulted
LN0008907,CUST001641,RM0179,Personal Loan,58756,Defaulted
LN0008908,CUST000826,RM0104,Home Loan,275273,Defaulted
LN0008909,CUST002459,RM0057,Personal Loan,157122,Rejected
LN0008910,CUST000816,RM0090,Plot Loan,76499,Defaulted
LN0008911,CUST002236,RM0027,Education Loan,158913,Defaulted
LN0008912,CUST001371,RM0031,Personal Loan,93192,Rejected
LN0008913,CUST000670,RM0043,Education Loan,157420,Rejected
LN0008914,CUST001845,RM0023,Personal Loan,147011,Rejected
LN0008915,CUST001196,RM0114,Plot Loan,318181,Active
LN0008916,CUST001182,RM0039,Gold Loan,347634,Closed
LN0008917,CUST001112,RM0236,Home Loan,236803,Active
LN0008918,CUST002459,RM0104,Car Loan,54589,Pending
LN0008919,CUST001283,RM0170,Home Loan,584794,Defaulted
LN0008920,CUST000734,RM0231,Education Loan,281821,Pending
LN0008921,CUST001102,RM0035,Plot Loan,56958,Approved
LN0008922,CUST002456,RM0240,Education Loan,391667,Defaulted
LN0008923,CUST001223,RM0105,Plot Loan,94695,Pending
LN0008924,CUST002369,RM0041,Car Loan,223129,Approved
LN0008925,CUST001711,RM0102,Car Loan,175709,Closed
LN0008926,CUST002109,RM0017,Education Loan,158889,Pending
LN0008927,CUST001569,RM0042,Car Loan,233291,Pending
LN0008928,CUST001302,RM0101,Education Loan,490935,Active
LN0008929,CUST000259,RM0232,Gold Loan,165023,Closed
LN0008930,CUST000986,RM0119,Personal Loan,65666,Approved
LN0008931,CUST001404,RM0242,Home Loan,636134,Closed
LN0008932,CUST002076,RM0121,Car Loan,556488,Defaulted
LN0008933,CUST001890,RM0245,Home Loan,280676,Active
LN0008934,CUST002214,RM0048,Gold Loan,176181,Closed
LN0008935,CUST002260,RM0092,Gold Loan,69491,Approved
LN0008936,CUST001948,RM0006,Business Loan,362843,Rejected
LN0008937,CUST000965,RM0242,Personal Loan,65695,Rejected
LN0008938,CUST000444,RM0191,Home Loan,64213,Rejected
LN0008939,CUST001103,RM0151,Personal Loan,204171,Pending
LN0008940,CUST000592,RM0114,Business Loan,84901,Active
LN0008941,CUST000690,RM0088,Plot Loan,51552,Approved
LN0008942,CUST002377,RM0082,Home Loan,160021,Active
LN0008943,CUST002059,RM0234,Education Loan,79518,Approved
LN0008944,CUST000584,RM0202,Personal Loan,84993,Rejected
LN0008945,CUST000095,RM0026,Car Loan,66005,Defaulted
LN0008946,CUST000873,RM0127,Home Loan,95906,Approved
LN0008947,CUST000408,RM0215,Personal Loan,301393,Pending
LN0008948,CUST002495,RM0067,Education Loan,381020,Defaulted
LN0008949,CUST001830,RM0225,Home Loan,170490,Pending
LN0008950,CUST001914,RM0236,Gold Loan,191268,Active
LN0008951,CUST001016,RM0093,Plot Loan,56640,Rejected
LN0008952,CUST000629,RM0120,Car Loan,64367,Rejected
LN0008953,CUST000549,RM0190,Business Loan,109564,Rejected
LN0008954,CUST001858,RM0142,Car Loan,207007,Approved
LN0008955,CUST000191,RM0248,Plot Loan,319069,Approved
LN0008956,CUST001719,RM0079,Business Loan,235775,Closed
LN0008957,CUST001347,RM0217,Car Loan,149558,Pending
LN0008958,CUST001609,RM0131,Education Loan,75186,Approved
LN0008959,CUST002337,RM0190,Gold Loan,353529,Approved
LN0008960,CUST000595,RM0193,Personal Loan,140444,Closed
LN0008961,CUST002391,RM0135,Home Loan,316402,Closed
LN0008962,CUST001253,RM0066,Business Loan,193889,Approved
LN0008963,CUST000703,RM0037,Personal Loan,318388,Rejected
LN0008964,CUST002074,RM0202,Plot Loan,525654,Closed
LN0008965,CUST000874,RM0043,Business Loan,557736,Pending
LN0008966,CUST000252,RM0050,Personal Loan,203189,Defaulted
LN0008967,CUST000146,RM0085,Plot Loan,193286,Closed
LN0008968,CUST001026,RM0222,Education Loan,111761,Active
LN0008969,CUST001719,RM0008,Personal Loan,137206,Rejected
LN0008970,CUST000411,RM0126,Business Loan,599149,Approved
LN0008971,CUST002309,RM0009,Gold Loan,172468,Pending
LN0008972,CUST001046,RM0061,Plot Loan,77299,Closed
LN0008973,CUST000272,RM0010,Gold Loan,163375,Defaulted
LN0008974,CUST001636,RM0015,Gold Loan,77176,Rejected
LN0008975,CUST000994,RM0224,Personal Loan,189644,Approved
LN0008976,CUST001784,RM0196,Business Loan,214776,Closed
LN0008977,CUST000717,RM0130,Plot Loan,132424,Active
LN0008978,CUST002024,RM0064,Home Loan,64869,Rejected
LN0008979,CUST001881,RM0095,Personal Loan,624715,Active
LN0008980,CUST001740,RM0232,Business Loan,346872,Rejected
LN0008981,CUST001788,RM0163,Education Loan,415122,Active
LN0008982,CUST001733,RM0169,Gold Loan,141415,Defaulted
LN0008983,CUST001089,RM0169,Plot Loan,336116,Closed
LN0008984,CUST001760,RM0235,Education Loan,182862,Defaulted
LN0008985,CUST001609,RM0096,Car Loan,94899,Defaulted
LN0008986,CUST000182,RM0202,Personal Loan,76574,Rejected
LN0008987,CUST000053,RM0149,Plot Loan,134639,Rejected
LN0008988,CUST001719,RM0038,Education Loan,79596,Pending
LN0008989,CUST002416,RM0137,Personal Loan,1321808,Defaulted
LN0008990,CUST000222,RM0008,Home Loan,60087,Closed
LN0008991,CUST000790,RM0122,Business Loan,999999999,Defaulted
LN0008992,CUST002085,RM0066,Plot Loan,166372,Pending
LN0008993,CUST000455,RM0063,Gold Loan,170330,Defaulted
LN0008994,CUST001475,RM0186,Car Loan,121515,Active
LN0008995,CUST001532,RM0139,Business Loan,219423,Closed
LN0008996,CUST000073,RM0228,Education Loan,82498,Pending
LN0008997,CUST001195,RM0146,Personal Loan,356414,Active
LN0008998,CUST002070,RM0247,Personal Loan,130827,Defaulted
LN0008999,CUST001492,RM0008,Car Loan,228975,Closed
LN0009000,CUST001876,RM0027,Business Loan,301502,Defaulted
LN0009001,CUST001956,RM0026,Personal Loan,489720,Approved
LN0009002,CUST000644,RM0013,Personal Loan,411318,Closed
LN0009003,CUST000175,RM0190,Home Loan,237456,Approved
LN0009004,CUST001730,RM0210,Home Loan,148333,Approved
LN0009005,CUST000877,RM0225,Car Loan,189915,Pending
LN0009006,CUST002225,RM0051,Business Loan,342838,Approved
LN0009007,CUST002218,RM0145,Education Loan,470003,Rejected
LN0009008,CUST001688,RM0024,Business Loan,71914,Pending
LN0009009,CUST000849,RM0157,Home Loan,147179,Approved
LN0009010,CUST001113,RM0225,Car Loan,349325,Closed
LN0009011,CUST001291,RM0215,Plot Loan,163004,Pending
LN0009012,CUST002116,RM0046,Car Loan,130761,Approved
LN0009013,CUST001867,RM0037,Education Loan,155975,Defaulted
LN0009014,CUST001111,RM0099,Education Loan,234685,Active
LN0009015,CUST001283,RM0062,Personal Loan,999999999,Defaulted
LN0009016,CUST002062,RM0021,Car Loan,1758650,Defaulted
LN0009017,CUST001967,RM0002,Personal Loan,185845,Approved
LN0009018,CUST000633,RM0096,Home Loan,96763,Active
LN0009019,CUST001861,RM0042,Personal Loan,85549,Closed
LN0009020,CUST000886,RM0179,Education Loan,58654,Defaulted
LN0009021,CUST001864,RM0144,Education Loan,213659,Pending
LN0009022,CUST000698,RM0089,Business Loan,207303,Active
LN0009023,CUST001436,RM0212,Gold Loan,95941,Pending
LN0009024,CUST001739,RM0167,Gold Loan,287704,Defaulted
LN0009025,CUST002210,RM0031,Business Loan,320268,Active
LN0009026,CUST001432,RM0135,Education Loan,109977,Rejected
LN0009027,CUST001880,RM0165,Home Loan,134349,Rejected
LN0009028,CUST000603,RM0121,Personal Loan,980697,Active
LN0009029,CUST001891,RM0207,Education Loan,143765,Pending
LN0009030,CUST001910,RM0068,Home Loan,336092,Pending
LN0009031,CUST000294,RM0080,Education Loan,170560,Pending
LN0009032,CUST001130,RM0202,Car Loan,365340,Approved
LN0009033,CUST001949,RM0091,Personal Loan,343087,Approved
LN0009034,CUST000342,RM0164,Car Loan,270377,Closed
LN0009035,CUST001234,RM0165,Business Loan,435898,Approved
LN0009036,CUST000506,RM0109,Business Loan,610093,Rejected
LN0009037,CUST002361,RM0090,Gold Loan,223492,Closed
LN0009038,CUST001347,RM0187,Home Loan,104222,Defaulted
LN0009039,CUST001035,RM0202,Education Loan,151708,Active
LN0009040,CUST001102,RM0170,Personal Loan,334016,Rejected
LN0009041,CUST002177,RM0125,Business Loan,260469,Active
LN0009042,CUST001400,RM0011,Personal Loan,89153,Approved
LN0009043,CUST000643,RM0090,Plot Loan,60519,Active
LN0009044,CUST000253,RM0183,Plot Loan,279746,Rejected
LN0009045,CUST001784,RM0011,Car Loan,107824,Rejected
LN0009046,CUST001277,RM0056,Business Loan,188497,Approved
LN0009047,CUST001193,RM0076,Home Loan,324673,Closed
LN0009048,CUST000469,RM0069,Home Loan,215411,Defaulted
LN0009049,CUST002147,RM0163,Home Loan,67395,Rejected
LN0009050,CUST000378,RM0004,Plot Loan,91055,Closed
LN0009051,CUST000332,RM0036,Education Loan,99520,Closed
LN0009052,CUST002030,RM0190,Business Loan,109644,Pending
LN0009053,CUST000411,RM0186,Gold Loan,216667,Rejected
LN0009054,CUST000496,RM0197,Personal Loan,190222,Approved
LN0009055,CUST001677,RM0116,Education Loan,95420,Rejected
LN0009056,CUST002306,RM0108,Personal Loan,999999999,Pending
LN0009057,CUST001438,RM0162,Education Loan,63988,Approved
LN0009058,CUST001256,RM0236,Home Loan,87611,Rejected
LN0009059,CUST001890,RM0229,Plot Loan,881857,Rejected
LN0009060,CUST002158,RM0215,Car Loan,176428,Pending
LN0009061,CUST001377,RM0024,Car Loan,411867,Rejected
LN0009062,CUST000080,RM0246,Home Loan,454001,Active
LN0009063,CUST002422,RM0105,Education Loan,427767,Pending
LN0009064,CUST001390,RM0188,Personal Loan,193291,Active
LN0009065,CUST001775,RM0130,Personal Loan,295303,Pending
LN0009066,CUST002400,RM0032,Business Loan,92824,Approved
LN0009067,CUST001209,RM0249,Plot Loan,283204,Pending
LN0009068,CUST002105,RM0186,Business Loan,113596,Closed
LN0009069,CUST000188,RM0215,Education Loan,199996,Approved
LN0009070,CUST000780,RM0065,Business Loan,406832,Approved
LN0009071,CUST000742,RM0139,Education Loan,67487,Active
LN0009072,CUST002153,RM0238,Plot Loan,346683,Defaulted
LN0009073,CUST000448,RM0200,Business Loan,71058,Pending
LN0009074,CUST002144,RM0144,Business Loan,476044,Active
LN0009075,CUST000153,RM0113,Plot Loan,122539,Active
LN0009076,CUST001314,RM0112,Personal Loan,262490,Closed
LN0009077,CUST001556,RM0186,Home Loan,183691,Active
LN0009078,CUST000375,RM0245,Business Loan,141236,Approved
LN0009079,CUST000655,RM0114,Home Loan,257376,Defaulted
LN0009080,CUST001171,RM0073,Car Loan,639475,Pending
LN0009081,CUST000032,RM0152,Education Loan,58429,Closed
LN0009082,CUST000134,RM0202,Gold Loan,552298,Active
LN0009083,CUST002281,RM0207,Gold Loan,237851,Pending
LN0009084,CUST002037,RM0065,Gold Loan,379338,Active
LN0009085,CUST001021,RM0189,Plot Loan,146861,Pending
LN0009086,CUST002490,RM0205,Personal Loan,177672,Rejected
LN0009087,CUST002208,RM0059,Plot Loan,456283,Defaulted
LN0009088,CUST000320,RM0099,Home Loan,157176,Closed
LN0009089,CUST002050,RM0089,Home Loan,202997,Defaulted
LN0009090,CUST002397,RM0122,Business Loan,54080,Active
LN0009091,CUST002197,RM0093,Plot Loan,84537,Rejected
LN0009092,CUST000917,RM0015,Home Loan,255269,Closed
LN0009093,CUST001471,RM0245,Gold Loan,302445,Defaulted
LN0009094,CUST002497,RM0213,Gold Loan,224742,Rejected
LN0009095,CUST001215,RM0136,Car Loan,80935,Approved
LN0009096,CUST000380,RM0066,Business Loan,167903,Defaulted
LN0009097,CUST002411,RM0062,Personal Loan,137730,Closed
LN0009098,CUST001400,RM0188,Car Loan,186901,Pending
LN0009099,CUST001582,RM0222,Business Loan,458551,Pending
LN0009100,CUST002214,RM0159,Home Loan,349098,Approved
LN0009101,CUST000819,RM0103,Business Loan,67545,Approved
LN0009102,CUST000786,RM0216,Plot Loan,492017,Defaulted
LN0009103,CUST002148,RM0244,Car Loan,177643,Pending
LN0009104,CUST002445,RM0229,Business Loan,322407,Approved
LN0009105,CUST001204,RM0206,Home Loan,80173,Rejected
LN0009106,CUST001370,RM0250,Plot Loan,272169,Defaulted
LN0009107,CUST002196,RM0045,Plot Loan,103922,Rejected
LN0009108,CUST000740,RM0242,Plot Loan,165386,Pending
LN0009109,CUST000646,RM0032,Education Loan,53401,Pending
LN0009110,CUST000665,RM0102,Business Loan,82883,Closed
LN0009111,CUST000565,RM0016,Business Loan,69319,Pending
LN0009112,CUST001215,RM0022,Education Loan,104820,Pending
LN0009113,CUST000976,RM0231,Personal Loan,71076,Approved
LN0009114,CUST000386,RM0014,Education Loan,285472,Pending
LN0009115,CUST002439,RM0236,Education Loan,55893,Defaulted
LN0009116,CUST001559,RM0014,Business Loan,242331,Pending
LN0009117,CUST002098,RM0083,Car Loan,80329,Closed
LN0009118,CUST001541,RM0210,Education Loan,630672,Rejected
LN0009119,CUST002456,RM0051,Plot Loan,590893,Closed
LN0009120,CUST000336,RM0225,Personal Loan,101108,Pending
LN0009121,CUST002405,RM0018,Car Loan,240601,Pending
LN0009122,CUST002203,RM0025,Personal Loan,55680,Pending
LN0009123,CUST001985,RM0090,Business Loan,587028,Rejected
LN0009124,CUST000327,RM0058,Personal Loan,198042,Approved
LN0009125,CUST000431,RM0180,Home Loan,58837,Closed
LN0009126,CUST001054,RM0104,Gold Loan,133862,Approved
LN0009127,CUST001578,RM0211,Education Loan,65992,Approved
LN0009128,CUST001221,RM0115,Gold Loan,149826,Defaulted
LN0009129,CUST000485,RM0244,Business Loan,271687,Rejected
LN0009130,CUST001263,RM0167,Personal Loan,183435,Closed
LN0009131,CUST001739,RM0165,Education Loan,176934,Closed
LN0009132,CUST001695,RM0101,Plot Loan,146811,Approved
LN0009133,CUST000694,RM0102,Education Loan,75375,Rejected
LN0009134,CUST001252,RM0134,Education Loan,106191,Closed
LN0009135,CUST002429,RM0051,Personal Loan,71103,Defaulted
LN0009136,CUST000996,RM0204,Home Loan,379530,Active
LN0009137,CUST001087,RM0025,Gold Loan,79060,Rejected
LN0009138,CUST001978,RM0055,Home Loan,230958,Closed
LN0009139,CUST000578,RM0139,Car Loan,133935,Pending
LN0009140,CUST000725,RM0025,Car Loan,101231,Pending
LN0009141,CUST001452,RM0203,Business Loan,254035,Pending
LN0009142,CUST001957,RM0193,Plot Loan,172130,Active
LN0009143,CUST000800,RM0119,Home Loan,152213,Rejected
LN0009144,CUST001525,RM0035,Personal Loan,229715,Active
LN0009145,CUST000711,RM0104,Business Loan,185166,Pending
LN0009146,CUST001574,RM0196,Gold Loan,122332,Approved
LN0009147,CUST000615,RM0089,Business Loan,213769,Active
LN0009148,CUST000673,RM0104,Home Loan,610600,Closed
LN0009149,CUST000840,RM0090,Personal Loan,271428,Defaulted
LN0009150,CUST000782,RM0054,Home Loan,55411,Rejected
LN0009151,CUST001555,RM0131,Home Loan,175423,Approved
LN0009152,CUST001852,RM0174,Personal Loan,61882,Rejected
LN0009153,CUST002320,RM0059,Education Loan,91258,Defaulted
LN0009154,CUST000891,RM0164,Car Loan,214427,Closed
LN0009155,CUST000958,RM0209,Plot Loan,452265,Pending
LN0009156,CUST001921,RM0003,Car Loan,478784,Closed
LN0009157,CUST001723,RM0083,Personal Loan,64502,Defaulted
LN0009158,CUST001700,RM0188,Home Loan,158637,Active
LN0009159,CUST000066,RM0101,Home Loan,224936,Closed
LN0009160,CUST000058,RM0242,Business Loan,81815,Active
LN0009161,CUST000762,RM0062,Personal Loan,340002,Defaulted
LN0009162,CUST002250,RM0243,Home Loan,322699,Pending
LN0009163,CUST001123,RM0015,Home Loan,517313,Active
LN0009164,CUST000603,RM0209,Plot Loan,51704,Closed
LN0009165,CUST000328,RM0140,Personal Loan,98843,Active
LN0009166,CUST000554,RM0105,Personal Loan,401108,Active
LN0009167,CUST001643,RM0079,Personal Loan,272084,Active
LN0009168,CUST001150,RM0056,Home Loan,499600,Closed
LN0009169,CUST000365,RM0213,Home Loan,61775,Active
LN0009170,CUST002496,RM0048,Car Loan,231745,Active
LN0009171,CUST002225,RM0053,Business Loan,218351,Defaulted
LN0009172,CUST000233,RM0235,Car Loan,57265,Approved
LN0009173,CUST001239,RM0204,Home Loan,194112,Pending
LN0009174,CUST000459,RM0131,Home Loan,238075,Pending
LN0009175,CUST000653,RM0092,Business Loan,92463,Pending
LN0009176,CUST002434,RM0122,Education Loan,113856,Pending
LN0009177,CUST000781,RM0182,Gold Loan,254523,Active
LN0009178,CUST001976,RM0027,Personal Loan,176335,Rejected
LN0009179,CUST000564,RM0214,Home Loan,440404,Pending
LN0009180,CUST000201,RM0102,Car Loan,133826,Active
LN0009181,CUST001321,RM0196,Gold Loan,112029,Defaulted
LN0009182,CUST001259,RM0126,Personal Loan,888161,Defaulted
LN0009183,CUST001815,RM0155,Business Loan,534129,Active
LN0009184,CUST001418,RM0112,Business Loan,55884,Active
LN0009185,CUST001258,RM0169,Plot Loan,344569,Closed
LN0009186,CUST000419,RM0154,Personal Loan,73382,Approved
LN0009187,CUST001168,RM0104,Plot Loan,55573,Rejected
LN0009188,CUST001681,RM0231,Car Loan,113957,Active
LN0009189,CUST001815,RM0109,Business Loan,112763,Active
LN0009190,CUST000339,RM0020,Education Loan,392204,Active
LN0009191,CUST001222,RM0165,Car Loan,298035,Rejected
LN0009192,CUST000609,RM0184,Education Loan,849183,Defaulted
LN0009193,CUST000337,RM0067,Personal Loan,298620,Rejected
LN0009194,CUST000637,RM0058,Gold Loan,158344,Defaulted
LN0009195,CUST001554,RM0093,Education Loan,290080,Rejected
LN0009196,CUST001605,RM0113,Car Loan,1554443,Defaulted
LN0009197,CUST000543,RM0029,Gold Loan,297672,Approved
LN0009198,CUST001468,RM0163,Personal Loan,336829,Rejected
LN0009199,CUST002353,RM0194,Home Loan,607305,Approved
LN0009200,CUST002317,RM0186,Plot Loan,74128,Defaulted
LN0009201,CUST001711,RM0207,Business Loan,294009,Closed
LN0009202,CUST001862,RM0244,Plot Loan,430501,Approved
LN0009203,CUST001673,RM0150,Gold Loan,50000,Defaulted
LN0009204,CUST001765,RM0020,Business Loan,667475,Pending
LN0009205,CUST000850,RM0149,Business Loan,97390,Closed
LN0009206,CUST001931,RM0211,Personal Loan,190207,Active
LN0009207,CUST001425,RM0058,Plot Loan,278233,Active
LN0009208,CUST002289,RM0235,Plot Loan,106862,Active
LN0009209,CUST002343,RM0051,Gold Loan,233494,Defaulted
LN0009210,CUST000757,RM0149,Car Loan,109567,Rejected
LN0009211,CUST001480,RM0017,Business Loan,131130,Closed
LN0009212,CUST001352,RM0088,Education Loan,166506,Pending
LN0009213,CUST001991,RM0077,Plot Loan,999999999,Pending
LN0009214,CUST002450,RM0231,Business Loan,200660,Active
LN0009215,CUST000680,RM0195,Home Loan,169336,Pending
LN0009216,CUST000412,RM0037,Education Loan,185925,Approved
LN0009217,CUST001732,RM0189,Personal Loan,120932,Closed
LN0009218,CUST000355,RM0062,Personal Loan,84624,Closed
LN0009219,CUST002473,RM0174,Personal Loan,59701,Approved
LN0009220,CUST002337,RM0049,Personal Loan,93625,Approved
LN0009221,CUST001049,RM0013,Personal Loan,224427,Closed
LN0009222,CUST001307,RM0150,Car Loan,358463,Approved
LN0009223,CUST000436,RM0070,Education Loan,87084,Pending
LN0009224,CUST001963,RM0164,Education Loan,72982,Rejected
LN0009225,CUST000332,RM0192,Plot Loan,326691,Defaulted
LN0009226,CUST000428,RM0206,Business Loan,122814,Approved
LN0009227,CUST001352,RM0151,Business Loan,655235,Pending
LN0009228,CUST000726,RM0063,Home Loan,300575,Approved
LN0009229,CUST001897,RM0228,Car Loan,129129,Approved
LN0009230,CUST002273,RM0162,Gold Loan,118369,Active
LN0009231,CUST001820,RM0012,Gold Loan,198340,Rejected
LN0009232,CUST001657,RM0003,Business Loan,66490,Pending
LN0009233,CUST001296,RM0096,Home Loan,75039,Active
LN0009234,CUST002047,RM0234,Personal Loan,88682,Active
LN0009235,CUST001316,RM0142,Education Loan,348085,Pending
LN0009236,CUST001674,RM0187,Home Loan,194250,Pending
LN0009237,CUST001207,RM0219,Car Loan,52124,Closed
LN0009238,CUST001792,RM0197,Plot Loan,273875,Closed
LN0009239,CUST001975,RM0208,Home Loan,160221,Active
LN0009240,CUST001323,RM0035,Car Loan,193018,Pending
LN0009241,CUST001500,RM0065,Home Loan,98189,Closed
LN0009242,CUST001338,RM0136,Home Loan,210495,Pending
LN0009243,CUST002317,RM0207,Gold Loan,824111,Active
LN0009244,CUST002275,RM0080,Personal Loan,65256,Rejected
LN0009245,CUST002264,RM0050,Home Loan,116791,Defaulted
LN0009246,CUST001388,RM0151,Business Loan,105677,Rejected
LN0009247,CUST000543,RM0154,Personal Loan,107149,Approved
LN0009248,CUST001923,RM0103,Gold Loan,145190,Rejected
LN0009249,CUST000809,RM0094,Plot Loan,390870,Defaulted
LN0009250,CUST002390,RM0214,Personal Loan,538044,Approved
LN0009251,CUST001944,RM0184,Personal Loan,95183,Closed
LN0009252,CUST000814,RM0107,Education Loan,206592,Rejected
LN0009253,CUST000721,RM0233,Business Loan,252614,Closed
LN0009254,CUST000704,RM0147,Personal Loan,197556,Pending
LN0009255,CUST000298,RM0126,Home Loan,163859,Closed
LN0009256,CUST001015,RM0129,Education Loan,92632,Approved
LN0009257,CUST001817,RM0235,Car Loan,183971,Closed
LN0009258,CUST001928,RM0155,Education Loan,152570,Active
LN0009259,CUST000941,RM0199,Car Loan,367499,Closed
LN0009260,CUST002204,RM0113,Car Loan,338449,Approved
LN0009261,CUST001445,RM0014,Plot Loan,78773,Approved
LN0009262,CUST000451,RM0094,Education Loan,68536,Active
LN0009263,CUST001033,RM0074,Car Loan,527528,Approved
LN0009264,CUST001141,RM0131,Plot Loan,203362,Active
LN0009265,CUST000036,RM0193,Plot Loan,440105,Rejected
LN0009266,CUST001358,RM0067,Business Loan,61982,Rejected
LN0009267,CUST000448,RM0075,Home Loan,199527,Pending
LN0009268,CUST001033,RM0027,Car Loan,205056,Closed
LN0009269,CUST001148,RM0031,Business Loan,444227,Approved
LN0009270,CUST000559,RM0018,Car Loan,70541,Active
LN0009271,CUST000932,RM0011,Personal Loan,105004,Approved
LN0009272,CUST002421,RM0057,Car Loan,154356,Approved
LN0009273,CUST000953,RM0104,Personal Loan,451746,Approved
LN0009274,CUST001293,RM0245,Home Loan,608994,Active
LN0009275,CUST001057,RM0228,Gold Loan,1034651,Pending
LN0009276,CUST001794,RM0172,Gold Loan,689782,Active
LN0009277,CUST001717,RM0119,Gold Loan,51191,Active
LN0009278,CUST001030,RM0169,Business Loan,59776,Rejected
LN0009279,CUST000643,RM0212,Business Loan,81941,Approved
LN0009280,CUST002054,RM0222,Home Loan,135806,Rejected
LN0009281,CUST001645,RM0110,Business Loan,404294,Closed
LN0009282,CUST000417,RM0045,Business Loan,496343,Pending
LN0009283,CUST000893,RM0207,Plot Loan,91364,Approved
LN0009284,CUST000108,RM0211,Gold Loan,243340,Approved
LN0009285,CUST000197,RM0140,Home Loan,548657,Closed
LN0009286,CUST002066,RM0151,Business Loan,174624,Pending
LN0009287,CUST002021,RM0152,Car Loan,71861,Pending
LN0009288,CUST002258,RM0056,Personal Loan,172429,Active
LN0009289,CUST000459,RM0212,Gold Loan,144255,Rejected
LN0009290,CUST001044,RM0062,Education Loan,222387,Closed
LN0009291,CUST000301,RM0125,Home Loan,165485,Closed
LN0009292,CUST000144,RM0188,Education Loan,53499,Closed
LN0009293,CUST000841,RM0116,Education Loan,1073123,Approved
LN0009294,CUST002400,RM0053,Business Loan,206850,Rejected
LN0009295,CUST001514,RM0008,Personal Loan,178350,Rejected
LN0009296,CUST000239,RM0155,Plot Loan,668525,Active
LN0009297,CUST002163,RM0100,Gold Loan,83887,Defaulted
LN0009298,CUST002246,RM0227,Business Loan,91956,Defaulted
LN0009299,CUST002118,RM0201,Home Loan,380067,Closed
LN0009300,CUST001830,RM0100,Car Loan,110445,Pending
LN0009301,CUST000089,RM0150,Plot Loan,371116,Approved
LN0009302,CUST001234,RM0137,Personal Loan,113362,Pending
LN0009303,CUST001885,RM0083,Business Loan,56750,Pending
LN0009304,CUST001965,RM0250,Car Loan,195553,Closed
LN0009305,CUST000432,RM0164,Plot Loan,93802,Rejected
LN0009306,CUST001602,RM0147,Education Loan,333636,Pending
LN0009307,CUST001076,RM0039,Home Loan,254997,Rejected
LN0009308,CUST000464,RM0189,Car Loan,564361,Closed
LN0009309,CUST001338,RM0237,Business Loan,355560,Closed
LN0009310,CUST002473,RM0132,Car Loan,89879,Rejected
LN0009311,CUST000859,RM0092,Home Loan,372045,Active
LN0009312,CUST002330,RM0241,Gold Loan,255297,Approved
LN0009313,CUST001021,RM0015,Gold Loan,271098,Defaulted
LN0009314,CUST000326,RM0018,Plot Loan,407071,Approved
LN0009315,CUST001149,RM0148,Car Loan,220580,Approved
LN0009316,CUST000561,RM0071,Personal Loan,175473,Rejected
LN0009317,CUST000994,RM0148,Personal Loan,252472,Pending
LN0009318,CUST001088,RM0205,Personal Loan,120752,Approved
LN0009319,CUST000930,RM0008,Car Loan,90324,Rejected
LN0009320,CUST000124,RM0070,Education Loan,241728,Rejected
LN0009321,CUST002038,RM0167,Gold Loan,103275,Approved
LN0009322,CUST001930,RM0195,Car Loan,66657,Approved
LN0009323,CUST000279,RM0107,Education Loan,50110,Closed
LN0009324,CUST002178,RM0098,Plot Loan,237461,Closed
LN0009325,CUST001681,RM0178,Home Loan,139930,Approved
LN0009326,CUST001327,RM0163,Business Loan,329116,Pending
LN0009327,CUST002359,RM0164,Personal Loan,144057,Pending
LN0009328,CUST000410,RM0249,Personal Loan,183107,Closed
LN0009329,CUST002306,RM0203,Car Loan,154540,Active
LN0009330,CUST001398,RM0250,Car Loan,260293,Approved
LN0009331,CUST000515,RM0230,Home Loan,138054,Closed
LN0009332,CUST000321,RM0089,Gold Loan,50000,Closed
LN0009333,CUST001231,RM0237,Car Loan,713560,Active
LN0009334,CUST002015,RM0221,Personal Loan,600234,Closed
LN0009335,CUST000785,RM0035,Home Loan,426811,Approved
LN0009336,CUST001322,RM0147,Plot Loan,555897,Pending
LN0009337,CUST000588,RM0165,Car Loan,169254,Active
LN0009338,CUST001434,RM0233,Personal Loan,203759,Closed
LN0009339,CUST000649,RM0190,Home Loan,321030,Active
LN0009340,CUST002160,RM0147,Car Loan,288241,Closed
LN0009341,CUST002312,RM0205,Car Loan,492692,Rejected
LN0009342,CUST001815,RM0031,Gold Loan,301989,Rejected
LN0009343,CUST000895,RM0150,Education Loan,1281712,Defaulted
LN0009344,CUST001999,RM0156,Car Loan,135697,Rejected
LN0009345,CUST001867,RM0076,Plot Loan,407949,Active
LN0009346,CUST001873,RM0225,Personal Loan,289223,Active
LN0009347,CUST000619,RM0007,Business Loan,285133,Approved
LN0009348,CUST000886,RM0076,Personal Loan,128856,Approved
LN0009349,CUST001380,RM0023,Gold Loan,357984,Active
LN0009350,CUST000723,RM0074,Car Loan,511270,Approved
LN0009351,CUST001642,RM0020,Business Loan,99320,Active
LN0009352,CUST000370,RM0007,Gold Loan,246431,Closed
LN0009353,CUST001095,RM0090,Car Loan,149560,Defaulted
LN0009354,CUST001231,RM0067,Home Loan,962194,Rejected
LN0009355,CUST000505,RM0056,Education Loan,180336,Closed
LN0009356,CUST001566,RM0126,Home Loan,101837,Rejected
LN0009357,CUST000831,RM0007,Car Loan,146207,Approved
LN0009358,CUST000772,RM0156,Personal Loan,262169,Active
LN0009359,CUST001291,RM0204,Education Loan,65827,Approved
LN0009360,CUST000348,RM0170,Education Loan,235067,Closed
LN0009361,CUST000985,RM0235,Plot Loan,585382,Active
LN0009362,CUST000377,RM0079,Education Loan,149749,Approved
LN0009363,CUST000983,RM0138,Gold Loan,429908,Defaulted
LN0009364,CUST001699,RM0068,Car Loan,64014,Rejected
LN0009365,CUST001941,RM0009,Home Loan,1053830,Active
LN0009366,CUST001737,RM0097,Business Loan,289947,Pending
LN0009367,CUST001215,RM0094,Gold Loan,85414,Pending
LN0009368,CUST002033,RM0032,Gold Loan,52498,Defaulted
LN0009369,CUST001707,RM0144,Education Loan,87575,Approved
LN0009370,CUST001859,RM0156,Car Loan,414249,Rejected
LN0009371,CUST001023,RM0244,Gold Loan,54375,Defaulted
LN0009372,CUST001256,RM0197,Gold Loan,103092,Pending
LN0009373,CUST000391,RM0137,Business Loan,333190,Defaulted
LN0009374,CUST001570,RM0061,Business Loan,226431,Closed
LN0009375,CUST000450,RM0157,Car Loan,355328,Rejected
LN0009376,CUST000210,RM0156,Home Loan,999999999,Rejected
LN0009377,CUST002360,RM0138,Education Loan,324202,Pending
LN0009378,CUST002414,RM0072,Business Loan,60385,Defaulted
LN0009379,CUST001329,RM0225,Personal Loan,496074,Pending
LN0009380,CUST001550,RM0009,Education Loan,101503,Approved
LN0009381,CUST000240,RM0039,Home Loan,211215,Defaulted
LN0009382,CUST002054,RM0180,Plot Loan,256726,Active
LN0009383,CUST002469,RM0038,Business Loan,86935,Pending
LN0009384,CUST001584,RM0059,Personal Loan,797876,Pending
LN0009385,CUST001672,RM0151,Gold Loan,183947,Active
LN0009386,CUST001963,RM0087,Gold Loan,61874,Approved
LN0009387,CUST001113,RM0244,Education Loan,603757,Defaulted
LN0009388,CUST000824,RM0156,Education Loan,226507,Closed
LN0009389,CUST000469,RM0127,Business Loan,290257,Pending
LN0009390,CUST000824,RM0119,Gold Loan,198962,Rejected
LN0009391,CUST001688,RM0134,Plot Loan,410044,Active
LN0009392,CUST001243,RM0011,Business Loan,56738,Defaulted
LN0009393,CUST001303,RM0206,Business Loan,112498,Rejected
LN0009394,CUST002281,RM0009,Home Loan,176843,Defaulted
LN0009395,CUST000103,RM0198,Home Loan,65939,Defaulted
LN0009396,CUST000228,RM0012,Gold Loan,294771,Rejected
LN0009397,CUST000195,RM0066,Car Loan,150064,Pending
LN0009398,CUST001655,RM0123,Car Loan,113674,Active
LN0009399,CUST001916,RM0062,Home Loan,50676,Defaulted
LN0009400,CUST000349,RM0035,Gold Loan,304471,Rejected
LN0009401,CUST001205,RM0215,Plot Loan,408923,Defaulted
LN0009402,CUST001298,RM0185,Gold Loan,150518,Closed
LN0009403,CUST002252,RM0050,Gold Loan,216122,Active
LN0009404,CUST000916,RM0233,Business Loan,101672,Pending
LN0009405,CUST001453,RM0024,Plot Loan,244676,Rejected
LN0009406,CUST001343,RM0237,Gold Loan,52442,Defaulted
LN0009407,CUST000028,RM0166,Gold Loan,184137,Approved
LN0009408,CUST001452,RM0095,Gold Loan,50000,Rejected
LN0009409,CUST001578,RM0168,Gold Loan,256680,Rejected
LN0009410,CUST000049,RM0045,Education Loan,550675,Rejected
LN0009411,CUST001914,RM0002,Home Loan,146038,Active
LN0009412,CUST001151,RM0182,Education Loan,339795,Defaulted
LN0009413,CUST001480,RM0209,Plot Loan,232104,Defaulted
LN0009414,CUST001805,RM0131,Car Loan,573492,Rejected
LN0009415,CUST002403,RM0191,Car Loan,151625,Pending
LN0009416,CUST000824,RM0236,Home Loan,126866,Approved
LN0009417,CUST002200,RM0175,Business Loan,486324,Rejected
LN0009418,CUST000816,RM0032,Personal Loan,60099,Pending
LN0009419,CUST000308,RM0116,Car Loan,79325,Closed
LN0009420,CUST001691,RM0182,Car Loan,67199,Closed
LN0009421,CUST000270,RM0115,Plot Loan,420442,Active
LN0009422,CUST002429,RM0073,Car Loan,52132,Rejected
LN0009423,CUST001989,RM0035,Plot Loan,445604,Pending
LN0009424,CUST001867,RM0161,Plot Loan,170028,Active
LN0009425,CUST002496,RM0166,Plot Loan,50806,Approved
LN0009426,CUST002072,RM0171,Education Loan,152714,Rejected
LN0009427,CUST001815,RM0011,Business Loan,91355,Rejected
LN0009428,CUST001595,RM0017,Car Loan,245846,Rejected
LN0009429,CUST001459,RM0193,Personal Loan,277486,Approved
LN0009430,CUST000537,RM0022,Home Loan,183701,Closed
LN0009431,CUST001874,RM0124,Business Loan,58272,Active
LN0009432,CUST001422,RM0240,Car Loan,263497,Defaulted
LN0009433,CUST001121,RM0024,Personal Loan,419081,Closed
LN0009434,CUST002345,RM0205,Education Loan,304824,Defaulted
LN0009435,CUST001973,RM0241,Gold Loan,404341,Rejected
LN0009436,CUST001663,RM0210,Business Loan,94756,Closed
LN0009437,CUST002086,RM0032,Home Loan,489443,Closed
LN0009438,CUST001947,RM0190,Education Loan,127778,Active
LN0009439,CUST000860,RM0224,Home Loan,52699,Approved
LN0009440,CUST001066,RM0182,Gold Loan,420801,Rejected
LN0009441,CUST000743,RM0108,Personal Loan,618847,Closed
LN0009442,CUST000241,RM0183,Education Loan,263166,Rejected
LN0009443,CUST002203,RM0213,Car Loan,102646,Defaulted
LN0009444,CUST000614,RM0017,Gold Loan,108002,Closed
LN0009445,CUST002389,RM0172,Business Loan,175694,Pending
LN0009446,CUST001836,RM0165,Home Loan,506225,Closed
LN0009447,CUST000666,RM0004,Home Loan,82409,Active
LN0009448,CUST000296,RM0219,Car Loan,399709,Approved
LN0009449,CUST000449,RM0240,Gold Loan,118865,Rejected
LN0009450,CUST000700,RM0147,Gold Loan,380663,Approved
LN0009451,CUST000364,RM0187,Gold Loan,555824,Active
LN0009452,CUST001598,RM0053,Plot Loan,161546,Pending
LN0009453,CUST001750,RM0047,Education Loan,140842,Pending
LN0009454,CUST002100,RM0185,Home Loan,374121,Defaulted
LN0009455,CUST002100,RM0035,Home Loan,200784,Defaulted
LN0009456,CUST000290,RM0194,Home Loan,280687,Active
LN0009457,CUST002036,RM0069,Business Loan,245011,Active
LN0009458,CUST002448,RM0141,Car Loan,83184,Defaulted
LN0009459,CUST001367,RM0244,Plot Loan,422595,Defaulted
LN0009460,CUST001635,RM0101,Business Loan,93575,Closed
LN0009461,CUST000139,RM0246,Plot Loan,588481,Closed
LN0009462,CUST001702,RM0240,Business Loan,107688,Defaulted
LN0009463,CUST001058,RM0185,Plot Loan,314762,Approved
LN0009464,CUST000936,RM0197,Gold Loan,116998,Active
LN0009465,CUST000408,RM0046,Personal Loan,126482,Active
LN0009466,CUST001639,RM0007,Car Loan,124213,Defaulted
LN0009467,CUST000148,RM0250,Plot Loan,325579,Rejected
LN0009468,CUST000120,RM0002,Car Loan,212753,Closed
LN0009469,CUST001417,RM0218,Home Loan,479035,Rejected
LN0009470,CUST000068,RM0062,Home Loan,123452,Defaulted
LN0009471,CUST002398,RM0211,Car Loan,285526,Rejected
LN0009472,CUST001167,RM0193,Education Loan,329631,Active
LN0009473,CUST001285,RM0221,Home Loan,82852,Rejected
LN0009474,CUST000444,RM0021,Home Loan,152361,Defaulted
LN0009475,CUST001406,RM0169,Gold Loan,181871,Closed
LN0009476,CUST000678,RM0171,Education Loan,137914,Rejected
LN0009477,CUST001994,RM0089,Education Loan,127754,Closed
LN0009478,CUST001841,RM0216,Personal Loan,281940,Defaulted
LN0009479,CUST000196,RM0154,Home Loan,98635,Pending
LN0009480,CUST000810,RM0169,Home Loan,297155,Active
LN0009481,CUST002418,RM0022,Plot Loan,596809,Active
LN0009482,CUST000571,RM0205,Education Loan,216572,Defaulted
LN0009483,CUST000374,RM0199,Car Loan,239058,Defaulted
LN0009484,CUST001015,RM0249,Business Loan,64284,Rejected
LN0009485,CUST000236,RM0132,Gold Loan,449722,Defaulted
LN0009486,CUST001890,RM0039,Gold Loan,117219,Approved
LN0009487,CUST000397,RM0173,Education Loan,240928,Closed
LN0009488,CUST001152,RM0232,Plot Loan,50000,Active
LN0009489,CUST001894,RM0003,Plot Loan,823717,Pending
LN0009490,CUST001136,RM0212,Business Loan,231021,Closed
LN0009491,CUST001180,RM0096,Car Loan,307985,Closed
LN0009492,CUST000688,RM0150,Personal Loan,167872,Active
LN0009493,CUST002103,RM0018,Gold Loan,62452,Closed
LN0009494,CUST000786,RM0197,Plot Loan,369501,Defaulted
LN0009495,CUST001223,RM0136,Personal Loan,57125,Defaulted
LN0009496,CUST002452,RM0106,Personal Loan,291233,Rejected
LN0009497,CUST000243,RM0248,Business Loan,54637,Approved
LN0009498,CUST001505,RM0166,Car Loan,446543,Defaulted
LN0009499,CUST001754,RM0084,Car Loan,84308,Defaulted
LN0009500,CUST000188,RM0048,Gold Loan,194421,Pending
LN0009501,CUST001931,RM0185,Business Loan,231838,Approved
LN0009502,CUST002014,RM0054,Gold Loan,172330,Approved
LN0009503,CUST001248,RM0101,Gold Loan,133334,Defaulted
LN0009504,CUST000631,RM0112,Business Loan,176152,Active
LN0009505,CUST000414,RM0135,Home Loan,124623,Pending
LN0009506,CUST001893,RM0147,Personal Loan,165294,Closed
LN0009507,CUST001746,RM0163,Gold Loan,138918,Active
LN0009508,CUST000682,RM0138,Car Loan,217036,Active
LN0009509,CUST000965,RM0099,Car Loan,104341,Approved
LN0009510,CUST001417,RM0062,Education Loan,945823,Pending
LN0009511,CUST000050,RM0203,Business Loan,188977,Active
LN0009512,CUST001609,RM0104,Gold Loan,93174,Active
LN0009513,CUST001650,RM0195,Car Loan,179660,Rejected
LN0009514,CUST002172,RM0127,Business Loan,452603,Approved
LN0009515,CUST002273,RM0047,Gold Loan,54409,Pending
LN0009516,CUST001390,RM0172,Home Loan,277608,Defaulted
LN0009517,CUST001567,RM0198,Gold Loan,208800,Pending
LN0009518,CUST001200,RM0012,Education Loan,87159,Closed
LN0009519,CUST000348,RM0050,Plot Loan,390175,Active
LN0009520,CUST000708,RM0018,Education Loan,142053,Pending
LN0009521,CUST000996,RM0153,Business Loan,119571,Closed
LN0009522,CUST000958,RM0059,Business Loan,402197,Active
LN0009523,CUST001525,RM0166,Home Loan,292691,Pending
LN0009524,CUST001006,RM0024,Education Loan,253512,Defaulted
LN0009525,CUST001637,RM0201,Car Loan,507065,Approved
LN0009526,CUST002376,RM0201,Gold Loan,248787,Pending
LN0009527,CUST000380,RM0014,Car Loan,320044,Rejected
LN0009528,CUST002374,RM0065,Gold Loan,412122,Active
LN0009529,CUST002296,RM0092,Gold Loan,61258,Approved
LN0009530,CUST000074,RM0165,Home Loan,349265,Defaulted
LN0009531,CUST001133,RM0080,Home Loan,240231,Approved
LN0009532,CUST000031,RM0214,Gold Loan,64408,Pending
LN0009533,CUST000581,RM0007,Plot Loan,192090,Active
LN0009534,CUST001277,RM0020,Car Loan,67211,Rejected
LN0009535,CUST000722,RM0059,Car Loan,316321,Approved
LN0009536,CUST000082,RM0103,Car Loan,208152,Active
LN0009537,CUST001120,RM0024,Plot Loan,663977,Defaulted
LN0009538,CUST001221,RM0087,Personal Loan,90456,Approved
LN0009539,CUST000636,RM0178,Home Loan,236297,Defaulted
LN0009540,CUST001918,RM0045,Car Loan,97545,Closed
LN0009541,CUST002114,RM0042,Education Loan,240417,Approved
LN0009542,CUST000927,RM0214,Gold Loan,306494,Approved
LN0009543,CUST001145,RM0102,Car Loan,306245,Rejected
LN0009544,CUST000442,RM0248,Gold Loan,387559,Pending
LN0009545,CUST000443,RM0147,Business Loan,434214,Defaulted
LN0009546,CUST000036,RM0132,Car Loan,66084,Approved
LN0009547,CUST002052,RM0025,Business Loan,134095,Rejected
LN0009548,CUST000497,RM0201,Plot Loan,282388,Active
LN0009549,CUST001099,RM0069,Education Loan,188064,Closed
LN0009550,CUST000351,RM0192,Personal Loan,92311,Pending
LN0009551,CUST001707,RM0153,Education Loan,210909,Closed
LN0009552,CUST002139,RM0023,Car Loan,154659,Pending
LN0009553,CUST001554,RM0193,Home Loan,148871,Approved
LN0009554,CUST001837,RM0245,Home Loan,381887,Closed
LN0009555,CUST001756,RM0096,Personal Loan,264478,Approved
LN0009556,CUST001074,RM0067,Plot Loan,154714,Pending
LN0009557,CUST001207,RM0076,Personal Loan,55362,Pending
LN0009558,CUST001675,RM0115,Business Loan,61963,Closed
LN0009559,CUST000157,RM0178,Car Loan,437927,Rejected
LN0009560,CUST000530,RM0083,Plot Loan,696802,Defaulted
LN0009561,CUST002485,RM0035,Personal Loan,283212,Defaulted
LN0009562,CUST001601,RM0066,Home Loan,140627,Pending
LN0009563,CUST001050,RM0203,Education Loan,608070,Rejected
LN0009564,CUST000409,RM0146,Plot Loan,267417,Approved
LN0009565,CUST000505,RM0236,Gold Loan,422007,Defaulted
LN0009566,CUST002466,RM0016,Gold Loan,340360,Active
LN0009567,CUST001585,RM0203,Home Loan,145329,Defaulted
LN0009568,CUST000166,RM0202,Plot Loan,180286,Rejected
LN0009569,CUST002296,RM0073,Car Loan,91191,Defaulted
LN0009570,CUST001057,RM0102,Home Loan,119066,Closed
LN0009571,CUST000021,RM0237,Gold Loan,351128,Defaulted
LN0009572,CUST001258,RM0202,Gold Loan,498822,Active
LN0009573,CUST002250,RM0097,Gold Loan,307804,Approved
LN0009574,CUST001822,RM0170,Gold Loan,175162,Pending
LN0009575,CUST002413,RM0168,Plot Loan,68096,Approved
LN0009576,CUST001527,RM0189,Home Loan,359635,Pending
LN0009577,CUST001675,RM0075,Personal Loan,61726,Approved
LN0009578,CUST000822,RM0009,Personal Loan,143785,Active
LN0009579,CUST002333,RM0079,Business Loan,174657,Active
LN0009580,CUST000104,RM0227,Business Loan,237871,Closed
LN0009581,CUST001374,RM0167,Personal Loan,51302,Closed
LN0009582,CUST001411,RM0193,Personal Loan,965567,Closed
LN0009583,CUST000216,RM0185,Home Loan,140492,Closed
LN0009584,CUST000824,RM0055,Gold Loan,426899,Closed
LN0009585,CUST000578,RM0210,Gold Loan,203129,Pending
LN0009586,CUST000026,RM0250,Home Loan,77953,Active
LN0009587,CUST002013,RM0040,Personal Loan,369467,Closed
LN0009588,CUST001110,RM0189,Gold Loan,120681,Defaulted
LN0009589,CUST001041,RM0048,Car Loan,297455,Closed
LN0009590,CUST001658,RM0211,Business Loan,199916,Closed
LN0009591,CUST001813,RM0142,Education Loan,194537,Active
LN0009592,CUST001216,RM0222,Personal Loan,68308,Rejected
LN0009593,CUST002104,RM0062,Personal Loan,263334,Approved
LN0009594,CUST001539,RM0160,Personal Loan,534375,Defaulted
LN0009595,CUST002014,RM0050,Gold Loan,69576,Rejected
LN0009596,CUST001220,RM0182,Plot Loan,111172,Closed
LN0009597,CUST000876,RM0176,Car Loan,515187,Defaulted
LN0009598,CUST000784,RM0206,Home Loan,116911,Approved
LN0009599,CUST001329,RM0245,Personal Loan,262230,Rejected
LN0009600,CUST000869,RM0203,Home Loan,513698,Closed
LN0009601,CUST000326,RM0054,Business Loan,203065,Active
LN0009602,CUST000302,RM0200,Personal Loan,231430,Defaulted
LN0009603,CUST001933,RM0077,Car Loan,157498,Active
LN0009604,CUST001869,RM0023,Education Loan,121332,Defaulted
LN0009605,CUST001996,RM0192,Home Loan,59950,Defaulted
LN0009606,CUST000457,RM0229,Personal Loan,322735,Closed
LN0009607,CUST000407,RM0107,Education Loan,324157,Pending
LN0009608,CUST000376,RM0050,Education Loan,272172,Rejected
LN0009609,CUST002242,RM0003,Plot Loan,256359,Closed
LN0009610,CUST000735,RM0232,Gold Loan,105867,Closed
LN0009611,CUST001774,RM0017,Plot Loan,54519,Active
LN0009612,CUST000206,RM0234,Car Loan,380798,Rejected
LN0009613,CUST000268,RM0202,Car Loan,185115,Closed
LN0009614,CUST001018,RM0146,Home Loan,123298,Closed
LN0009615,CUST002119,RM0209,Gold Loan,71501,Pending
LN0009616,CUST002040,RM0163,Gold Loan,62954,Defaulted
LN0009617,CUST001387,RM0164,Plot Loan,135808,Approved
LN0009618,CUST002009,RM0095,Personal Loan,376681,Closed
LN0009619,CUST001261,RM0051,Personal Loan,551980,Closed
LN0009620,CUST000443,RM0103,Business Loan,504123,Rejected
LN0009621,CUST000085,RM0172,Personal Loan,238107,Defaulted
LN0009622,CUST001463,RM0033,Education Loan,555147,Approved
LN0009623,CUST000691,RM0176,Car Loan,526597,Approved
LN0009624,CUST000773,RM0081,Plot Loan,199827,Active
LN0009625,CUST002083,RM0201,Personal Loan,99542,Active
LN0009626,CUST000895,RM0075,Gold Loan,369943,Rejected
LN0009627,CUST002189,RM0229,Education Loan,98086,Defaulted
LN0009628,CUST001800,RM0069,Education Loan,112178,Pending
LN0009629,CUST001250,RM0045,Business Loan,103120,Approved
LN0009630,CUST001555,RM0053,Personal Loan,194714,Defaulted
LN0009631,CUST001227,RM0180,Business Loan,127670,Defaulted
LN0009632,CUST001169,RM0212,Plot Loan,83484,Active
LN0009633,CUST001396,RM0212,Home Loan,170724,Rejected
LN0009634,CUST000406,RM0036,Education Loan,464147,Pending
LN0009635,CUST000089,RM0173,Plot Loan,219051,Pending
LN0009636,CUST001324,RM0249,Business Loan,471297,Closed
LN0009637,CUST000942,RM0063,Business Loan,93599,Pending
LN0009638,CUST001089,RM0185,Business Loan,86538,Defaulted
LN0009639,CUST001543,RM0211,Personal Loan,221404,Closed
LN0009640,CUST000990,RM0137,Gold Loan,174473,Defaulted
LN0009641,CUST000651,RM0204,Business Loan,265863,Pending
LN0009642,CUST000892,RM0249,Personal Loan,366585,Defaulted
LN0009643,CUST002124,RM0236,Car Loan,328307,Pending
LN0009644,CUST001137,RM0176,Personal Loan,620365,Active
LN0009645,CUST000181,RM0153,Business Loan,151584,Defaulted
LN0009646,CUST002025,RM0211,Business Loan,96231,Rejected
LN0009647,CUST002254,RM0222,Car Loan,210107,Pending
LN0009648,CUST001836,RM0048,Home Loan,73473,Pending
LN0009649,CUST000572,RM0008,Car Loan,118174,Approved
LN0009650,CUST000745,RM0209,Plot Loan,96610,Defaulted
LN0009651,CUST001740,RM0019,Personal Loan,151022,Rejected
LN0009652,CUST001378,RM0246,Home Loan,73580,Active
LN0009653,CUST000276,RM0175,Home Loan,56471,Rejected
LN0009654,CUST002240,RM0180,Education Loan,263884,Active
LN0009655,CUST001307,RM0201,Gold Loan,238449,Defaulted
LN0009656,CUST001537,RM0052,Personal Loan,296446,Closed
LN0009657,CUST001427,RM0011,Education Loan,265989,Active
LN0009658,CUST001035,RM0092,Education Loan,74274,Defaulted
LN0009659,CUST000315,RM0060,Business Loan,118802,Active
LN0009660,CUST000825,RM0199,Personal Loan,77743,Active
LN0009661,CUST002199,RM0094,Personal Loan,420266,Closed
LN0009662,CUST001519,RM0127,Personal Loan,324797,Defaulted
LN0009663,CUST000629,RM0140,Education Loan,95010,Closed
LN0009664,CUST000545,RM0234,Gold Loan,133500,Defaulted
LN0009665,CUST000595,RM0121,Home Loan,729929,Closed
LN0009666,CUST001011,RM0024,Education Loan,230358,Pending
LN0009667,CUST001919,RM0074,Gold Loan,373046,Defaulted
LN0009668,CUST000432,RM0175,Plot Loan,111465,Approved
LN0009669,CUST001619,RM0192,Business Loan,97157,Rejected
LN0009670,CUST001120,RM0204,Gold Loan,356418,Defaulted
LN0009671,CUST000358,RM0067,Education Loan,281591,Pending
LN0009672,CUST001683,RM0217,Plot Loan,278498,Closed
LN0009673,CUST000609,RM0022,Education Loan,210875,Rejected
LN0009674,CUST001121,RM0117,Gold Loan,215829,Approved
LN0009675,CUST001344,RM0181,Education Loan,316132,Rejected
LN0009676,CUST002378,RM0206,Plot Loan,112942,Pending
LN0009677,CUST002231,RM0241,Car Loan,137010,Closed
LN0009678,CUST001272,RM0108,Gold Loan,460578,Active
LN0009679,CUST000547,RM0084,Home Loan,123884,Active
LN0009680,CUST002156,RM0222,Business Loan,208068,Closed
LN0009681,CUST000940,RM0116,Gold Loan,292561,Pending
LN0009682,CUST001237,RM0099,Personal Loan,1949143,Active
LN0009683,CUST000381,RM0053,Personal Loan,164289,Rejected
LN0009684,CUST000326,RM0197,Personal Loan,161755,Approved
LN0009685,CUST001466,RM0195,Plot Loan,999999999,Active
LN0009686,CUST000020,RM0001,Personal Loan,194240,Rejected
LN0009687,CUST000001,RM0230,Home Loan,419778,Pending
LN0009688,CUST002316,RM0229,Home Loan,377467,Closed
LN0009689,CUST001094,RM0179,Plot Loan,312665,Defaulted
LN0009690,CUST000904,RM0189,Car Loan,174436,Closed
LN0009691,CUST000042,RM0182,Home Loan,128294,Approved
LN0009692,CUST001765,RM0228,Education Loan,237671,Defaulted
LN0009693,CUST002277,RM0110,Home Loan,467855,Pending
LN0009694,CUST002313,RM0151,Education Loan,480449,Defaulted
LN0009695,CUST000860,RM0151,Home Loan,72969,Pending
LN0009696,CUST000791,RM0100,Business Loan,161845,Approved
LN0009697,CUST002279,RM0244,Home Loan,174993,Pending
LN0009698,CUST001447,RM0076,Education Loan,809876,Pending
LN0009699,CUST000788,RM0116,Gold Loan,276639,Pending
LN0009700,CUST001521,RM0009,Home Loan,154595,Defaulted
LN0009701,CUST000100,RM0248,Personal Loan,55280,Pending
LN0009702,CUST001233,RM0240,Business Loan,216659,Pending
LN0009703,CUST001575,RM0248,Business Loan,70201,Defaulted
LN0009704,CUST002422,RM0081,Plot Loan,409696,Rejected
LN0009705,CUST001623,RM0216,Education Loan,329284,Pending
LN0009706,CUST000818,RM0248,Gold Loan,173425,Defaulted
LN0009707,CUST001407,RM0121,Plot Loan,162147,Closed
LN0009708,CUST000727,RM0094,Education Loan,505264,Defaulted
LN0009709,CUST001923,RM0097,Gold Loan,118064,Active
LN0009710,CUST000553,RM0126,Plot Loan,107275,Pending
LN0009711,CUST001875,RM0030,Gold Loan,610024,Approved
LN0009712,CUST002331,RM0243,Home Loan,381353,Defaulted
LN0009713,CUST002046,RM0129,Business Loan,393655,Rejected
LN0009714,CUST000904,RM0092,Business Loan,93430,Active
LN0009715,CUST000029,RM0158,Plot Loan,80932,Closed
LN0009716,CUST000691,RM0249,Education Loan,55274,Active
LN0009717,CUST002420,RM0014,Car Loan,104110,Active
LN0009718,CUST001459,RM0072,Home Loan,347612,Closed
LN0009719,CUST001793,RM0151,Business Loan,104897,Defaulted
LN0009720,CUST001115,RM0159,Plot Loan,311203,Pending
LN0009721,CUST000976,RM0070,Plot Loan,108045,Approved
LN0009722,CUST000098,RM0204,Education Loan,150602,Closed
LN0009723,CUST002331,RM0157,Plot Loan,866826,Closed
LN0009724,CUST000133,RM0236,Gold Loan,106157,Closed
LN0009725,CUST002108,RM0124,Plot Loan,144439,Closed
LN0009726,CUST001498,RM0156,Car Loan,121645,Approved
LN0009727,CUST001203,RM0222,Personal Loan,73222,Active
LN0009728,CUST000762,RM0045,Education Loan,184627,Defaulted
LN0009729,CUST000790,RM0155,Business Loan,145185,Active
LN0009730,CUST000498,RM0245,Education Loan,287414,Active
LN0009731,CUST000188,RM0027,Gold Loan,390304,Active
LN0009732,CUST002386,RM0211,Gold Loan,207162,Approved
LN0009733,CUST000119,RM0103,Plot Loan,56545,Pending
LN0009734,CUST000419,RM0053,Gold Loan,242950,Defaulted
LN0009735,CUST001772,RM0172,Gold Loan,61396,Active
LN0009736,CUST001316,RM0216,Home Loan,241608,Closed
LN0009737,CUST000366,RM0154,Personal Loan,281055,Approved
LN0009738,CUST001205,RM0228,Gold Loan,94071,Pending
LN0009739,CUST001963,RM0023,Business Loan,392234,Pending
LN0009740,CUST002216,RM0136,Personal Loan,534015,Closed
LN0009741,CUST000209,RM0019,Gold Loan,385422,Active
LN0009742,CUST002196,RM0094,Business Loan,122800,Rejected
LN0009743,CUST001726,RM0189,Car Loan,226688,Defaulted
LN0009744,CUST001036,RM0180,Home Loan,542586,Rejected
LN0009745,CUST002123,RM0021,Education Loan,127328,Defaulted
LN0009746,CUST000999,RM0128,Gold Loan,392990,Rejected
LN0009747,CUST000374,RM0126,Gold Loan,51904,Active
LN0009748,CUST000281,RM0167,Education Loan,50730,Pending
LN0009749,CUST001493,RM0245,Business Loan,335183,Rejected
LN0009750,CUST000324,RM0174,Plot Loan,336633,Approved
LN0009751,CUST000533,RM0146,Personal Loan,361157,Pending
LN0009752,CUST000843,RM0086,Home Loan,581928,Approved
LN0009753,CUST000234,RM0187,Car Loan,75091,Active
LN0009754,CUST000444,RM0197,Business Loan,102789,Rejected
LN0009755,CUST001574,RM0039,Car Loan,518109,Rejected
LN0009756,CUST002089,RM0231,Home Loan,89017,Closed
LN0009757,CUST002342,RM0155,Car Loan,279285,Rejected
LN0009758,CUST001492,RM0211,Car Loan,201201,Defaulted
LN0009759,CUST001473,RM0203,Plot Loan,481024,Closed
LN0009760,CUST002142,RM0037,Business Loan,67371,Defaulted
LN0009761,CUST001071,RM0228,Plot Loan,117168,Pending
LN0009762,CUST000056,RM0041,Home Loan,196948,Active
LN0009763,CUST001296,RM0189,Gold Loan,432582,Closed
LN0009764,CUST000527,RM0118,Home Loan,266406,Closed
LN0009765,CUST001572,RM0031,Gold Loan,295884,Defaulted
LN0009766,CUST001921,RM0168,Personal Loan,244510,Closed
LN0009767,CUST001443,RM0190,Business Loan,187048,Pending
LN0009768,CUST002438,RM0116,Business Loan,50000,Closed
LN0009769,CUST002442,RM0005,Home Loan,120959,Defaulted
LN0009770,CUST001588,RM0217,Car Loan,75395,Defaulted
LN0009771,CUST001554,RM0030,Education Loan,155213,Pending
LN0009772,CUST001195,RM0046,Education Loan,55786,Active
LN0009773,CUST000641,RM0103,Business Loan,97411,Active
LN0009774,CUST000133,RM0177,Plot Loan,163297,Defaulted
LN0009775,CUST001776,RM0121,Personal Loan,158465,Defaulted
LN0009776,CUST002139,RM0230,Gold Loan,59061,Rejected
LN0009777,CUST000815,RM0040,Business Loan,227861,Active
LN0009778,CUST000808,RM0049,Business Loan,209561,Active
LN0009779,CUST000407,RM0180,Gold Loan,66264,Defaulted
LN0009780,CUST001741,RM0212,Car Loan,623513,Approved
LN0009781,CUST002361,RM0200,Plot Loan,70934,Defaulted
LN0009782,CUST001067,RM0153,Car Loan,435975,Rejected
LN0009783,CUST001939,RM0139,Gold Loan,50061,Pending
LN0009784,CUST001393,RM0171,Business Loan,477891,Defaulted
LN0009785,CUST002468,RM0220,Personal Loan,53983,Defaulted
LN0009786,CUST001623,RM0101,Gold Loan,333608,Active
LN0009787,CUST001719,RM0218,Gold Loan,139786,Approved
LN0009788,CUST000327,RM0238,Education Loan,318047,Pending
LN0009789,CUST001392,RM0229,Business Loan,152747,Active
LN0009790,CUST001352,RM0141,Business Loan,64709,Closed
LN0009791,CUST000931,RM0077,Business Loan,341778,Rejected
LN0009792,CUST001850,RM0215,Plot Loan,64783,Rejected
LN0009793,CUST001600,RM0241,Car Loan,560518,Approved
LN0009794,CUST001471,RM0147,Business Loan,60463,Rejected
LN0009795,CUST001924,RM0091,Gold Loan,180525,Approved
LN0009796,CUST002386,RM0002,Car Loan,306772,Active
LN0009797,CUST000761,RM0131,Education Loan,149926,Approved
LN0009798,CUST002322,RM0132,Home Loan,98984,Approved
LN0009799,CUST001849,RM0148,Home Loan,334667,Pending
LN0009800,CUST000107,RM0032,Gold Loan,356768,Pending
LN0009801,CUST002212,RM0138,Gold Loan,561999,Defaulted
LN0009802,CUST001050,RM0010,Car Loan,144373,Active
LN0009803,CUST001769,RM0131,Gold Loan,191145,Pending
LN0009804,CUST000900,RM0099,Plot Loan,140237,Rejected
LN0009805,CUST001878,RM0076,Education Loan,109433,Pending
LN0009806,CUST002214,RM0002,Plot Loan,328086,Pending
LN0009807,CUST000274,RM0106,Plot Loan,132997,Defaulted
LN0009808,CUST001120,RM0126,Personal Loan,161775,Approved
LN0009809,CUST001955,RM0048,Education Loan,153393,Defaulted
LN0009810,CUST000775,RM0097,Education Loan,299418,Rejected
LN0009811,CUST002468,RM0165,Education Loan,549709,Rejected
LN0009812,CUST001034,RM0185,Gold Loan,269776,Approved
LN0009813,CUST000337,RM0138,Home Loan,177573,Active
LN0009814,CUST000100,RM0140,Home Loan,352104,Approved
LN0009815,CUST000532,RM0166,Gold Loan,254870,Approved
LN0009816,CUST000169,RM0243,Business Loan,62504,Defaulted
LN0009817,CUST001813,RM0236,Plot Loan,70110,Defaulted
LN0009818,CUST001331,RM0157,Personal Loan,57730,Active
LN0009819,CUST000977,RM0208,Plot Loan,172061,Approved
LN0009820,CUST000115,RM0077,Business Loan,399571,Rejected
LN0009821,CUST000926,RM0177,Personal Loan,125108,Approved
LN0009822,CUST001007,RM0185,Education Loan,146953,Closed
LN0009823,CUST002182,RM0167,Home Loan,530430,Active
LN0009824,CUST001402,RM0018,Gold Loan,999999999,Rejected
LN0009825,CUST001870,RM0236,Plot Loan,216341,Active
LN0009826,CUST000615,RM0231,Personal Loan,412682,Active
LN0009827,CUST001738,RM0228,Education Loan,268753,Approved
LN0009828,CUST002145,RM0038,Home Loan,112068,Rejected
LN0009829,CUST000868,RM0134,Education Loan,74895,Pending
LN0009830,CUST001587,RM0160,Plot Loan,53237,Rejected
LN0009831,CUST001883,RM0169,Gold Loan,72636,Active
LN0009832,CUST001176,RM0073,Gold Loan,119230,Rejected
LN0009833,CUST001546,RM0105,Education Loan,210498,Defaulted
LN0009834,CUST001261,RM0242,Car Loan,63227,Defaulted
LN0009835,CUST000846,RM0160,Plot Loan,558535,Active
LN0009836,CUST000836,RM0142,Education Loan,79289,Defaulted
LN0009837,CUST002136,RM0104,Car Loan,89953,Defaulted
LN0009838,CUST000802,RM0178,Personal Loan,249924,Approved
LN0009839,CUST001492,RM0110,Plot Loan,241313,Pending
LN0009840,CUST001303,RM0169,Business Loan,210042,Rejected
LN0009841,CUST000555,RM0247,Car Loan,107670,Active
LN0009842,CUST001506,RM0221,Plot Loan,142762,Approved
LN0009843,CUST002146,RM0050,Car Loan,70337,Defaulted
LN0009844,CUST000737,RM0090,Education Loan,101355,Approved
LN0009845,CUST002370,RM0238,Plot Loan,505979,Approved
LN0009846,CUST001965,RM0231,Business Loan,829345,Closed
LN0009847,CUST000660,RM0075,Plot Loan,258631,Approved
LN0009848,CUST002216,RM0044,Plot Loan,547357,Defaulted
LN0009849,CUST001887,RM0115,Car Loan,255859,Approved
LN0009850,CUST001793,RM0044,Education Loan,56751,Pending
LN0009851,CUST000394,RM0197,Home Loan,1196596,Rejected
LN0009852,CUST000281,RM0227,Home Loan,70839,Approved
LN0009853,CUST002182,RM0065,Business Loan,279544,Active
LN0009854,CUST002039,RM0227,Gold Loan,108294,Active
LN0009855,CUST000027,RM0070,Business Loan,149509,Rejected
LN0009856,CUST000245,RM0054,Personal Loan,257654,Pending
LN0009857,CUST000662,RM0213,Business Loan,164713,Closed
LN0009858,CUST001633,RM0183,Gold Loan,107682,Closed
LN0009859,CUST002057,RM0168,Personal Loan,131427,Rejected
LN0009860,CUST002349,RM0037,Business Loan,133572,Pending
LN0009861,CUST001324,RM0180,Business Loan,690422,Pending
LN0009862,CUST001523,RM0106,Business Loan,370505,Approved
LN0009863,CUST001350,RM0136,Car Loan,172700,Rejected
LN0009864,CUST001401,RM0159,Personal Loan,94583,Active
LN0009865,CUST001660,RM0167,Business Loan,383218,Pending
LN0009866,CUST001772,RM0002,Plot Loan,84200,Rejected
LN0009867,CUST001270,RM0022,Gold Loan,97261,Closed
LN0009868,CUST001203,RM0249,Plot Loan,141145,Active
LN0009869,CUST001148,RM0138,Personal Loan,474633,Closed
LN0009870,CUST000267,RM0104,Car Loan,78263,Active
LN0009871,CUST001252,RM0140,Car Loan,76075,Approved
LN0009872,CUST000614,RM0175,Plot Loan,186233,Approved
LN0009873,CUST001660,RM0043,Business Loan,114706,Closed
LN0009874,CUST001827,RM0172,Personal Loan,218203,Closed
LN0009875,CUST000437,RM0030,Car Loan,170163,Active
LN0009876,CUST001641,RM0165,Plot Loan,164171,Closed
LN0009877,CUST002462,RM0035,Home Loan,73750,Rejected
LN0009878,CUST000617,RM0161,Education Loan,80408,Defaulted
LN0009879,CUST001957,RM0031,Personal Loan,394161,Rejected
LN0009880,CUST000442,RM0144,Business Loan,484105,Rejected
LN0009881,CUST000442,RM0035,Business Loan,103493,Closed
LN0009882,CUST001564,RM0031,Personal Loan,74085,Rejected
LN0009883,CUST000062,RM0242,Car Loan,60979,Closed
LN0009884,CUST002157,RM0224,Home Loan,237450,Closed
LN0009885,CUST001365,RM0128,Education Loan,301301,Approved
LN0009886,CUST002205,RM0164,Home Loan,143301,Pending
LN0009887,CUST001630,RM0210,Gold Loan,277684,Rejected
LN0009888,CUST002284,RM0136,Car Loan,299625,Closed
LN0009889,CUST000543,RM0146,Home Loan,597729,Rejected
LN0009890,CUST002439,RM0187,Business Loan,63414,Active
LN0009891,CUST001111,RM0044,Education Loan,92710,Pending
LN0009892,CUST001158,RM0239,Car Loan,64197,Pending
LN0009893,CUST001731,RM0151,Personal Loan,454981,Approved
LN0009894,CUST002341,RM0058,Personal Loan,364608,Closed
LN0009895,CUST001094,RM0137,Car Loan,220964,Defaulted
LN0009896,CUST001102,RM0235,Business Loan,67474,Approved
LN0009897,CUST002264,RM0242,Education Loan,113851,Pending
LN0009898,CUST000707,RM0216,Home Loan,120684,Approved
LN0009899,CUST000820,RM0159,Gold Loan,214534,Active
LN0009900,CUST002081,RM0127,Business Loan,109693,Approved
LN0009901,CUST001637,RM0058,Gold Loan,65151,Rejected
LN0009902,CUST002281,RM0189,Business Loan,312432,Defaulted
LN0009903,CUST002153,RM0112,Business Loan,121072,Defaulted
LN0009904,CUST000337,RM0220,Business Loan,170432,Approved
LN0009905,CUST001076,RM0001,Personal Loan,77316,Defaulted
LN0009906,CUST000953,RM0131,Plot Loan,374452,Rejected
LN0009907,CUST002125,RM0101,Home Loan,216726,Approved
LN0009908,CUST001330,RM0222,Education Loan,513713,Rejected
LN0009909,CUST000470,RM0121,Personal Loan,186826,Approved
LN0009910,CUST000927,RM0034,Personal Loan,617491,Rejected
LN0009911,CUST001564,RM0177,Gold Loan,494880,Pending
LN0009912,CUST002360,RM0046,Car Loan,221821,Active
LN0009913,CUST002090,RM0222,Car Loan,593297,Rejected
LN0009914,CUST002467,RM0203,Education Loan,128043,Defaulted
LN0009915,CUST001191,RM0207,Personal Loan,141028,Rejected
LN0009916,CUST002367,RM0078,Personal Loan,59308,Closed
LN0009917,CUST000868,RM0045,Car Loan,227930,Closed
LN0009918,CUST001224,RM0198,Business Loan,305972,Defaulted
LN0009919,CUST001161,RM0079,Plot Loan,347019,Defaulted
LN0009920,CUST002269,RM0029,Car Loan,82460,Active
LN0009921,CUST001244,RM0158,Business Loan,167454,Defaulted
LN0009922,CUST001775,RM0071,Education Loan,88926,Active
LN0009923,CUST002038,RM0006,Education Loan,267017,Closed
LN0009924,CUST002142,RM0190,Home Loan,84382,Active
LN0009925,CUST002473,RM0232,Education Loan,519022,Pending
LN0009926,CUST001790,RM0188,Personal Loan,102437,Pending
LN0009927,CUST000412,RM0096,Gold Loan,118893,Active
LN0009928,CUST000450,RM0056,Home Loan,430636,Active
LN0009929,CUST000442,RM0041,Gold Loan,172670,Pending
LN0009930,CUST001194,RM0120,Business Loan,54857,Active
LN0009931,CUST000366,RM0022,Home Loan,186475,Defaulted
LN0009932,CUST000634,RM0120,Plot Loan,67666,Active
LN0009933,CUST002095,RM0161,Personal Loan,894590,Defaulted
LN0009934,CUST001786,RM0040,Personal Loan,227400,Active
LN0009935,CUST002015,RM0066,Education Loan,109286,Active
LN0009936,CUST000899,RM0250,Gold Loan,215893,Rejected
LN0009937,CUST000379,RM0004,Personal Loan,65996,Defaulted
LN0009938,CUST000015,RM0019,Education Loan,371778,Active
LN0009939,CUST001924,RM0050,Car Loan,568930,Pending
LN0009940,CUST001406,RM0088,Personal Loan,465001,Closed
LN0009941,CUST001878,RM0231,Business Loan,133636,Active
LN0009942,CUST000049,RM0060,Gold Loan,128836,Rejected
LN0009943,CUST002110,RM0159,Business Loan,57143,Defaulted
LN0009944,CUST002415,RM0155,Education Loan,260766,Active
LN0009945,CUST001431,RM0119,Plot Loan,203102,Active
LN0009946,CUST001333,RM0054,Home Loan,172995,Approved
LN0009947,CUST001761,RM0106,Gold Loan,526392,Pending
LN0009948,CUST002355,RM0181,Gold Loan,86755,Active
LN0009949,CUST000354,RM0226,Gold Loan,51942,Closed
LN0009950,CUST001168,RM0243,Gold Loan,65228,Approved
LN0009951,CUST000922,RM0071,Gold Loan,100558,Approved
LN0009952,CUST002104,RM0047,Education Loan,56770,Rejected
LN0009953,CUST000113,RM0070,Personal Loan,189770,Active
LN0009954,CUST001572,RM0001,Gold Loan,125401,Rejected
LN0009955,CUST001042,RM0050,Business Loan,89808,Rejected
LN0009956,CUST000587,RM0039,Home Loan,327326,Approved
LN0009957,CUST001140,RM0121,Personal Loan,95744,Approved
LN0009958,CUST000652,RM0198,Plot Loan,282697,Active
LN0009959,CUST001536,RM0112,Car Loan,135930,Active
LN0009960,CUST000491,RM0061,Personal Loan,193417,Closed
LN0009961,CUST000881,RM0172,Education Loan,593217,Rejected
LN0009962,CUST000179,RM0195,Plot Loan,57613,Rejected
LN0009963,CUST002090,RM0022,Education Loan,188735,Defaulted
LN0009964,CUST000566,RM0193,Personal Loan,435409,Active
LN0009965,CUST002335,RM0244,Plot Loan,227333,Active
LN0009966,CUST002293,RM0112,Car Loan,999999999,Pending
LN0009967,CUST001388,RM0236,Business Loan,114833,Pending
LN0009968,CUST001463,RM0050,Business Loan,151393,Approved
LN0009969,CUST000237,RM0049,Personal Loan,278052,Approved
LN0009970,CUST002391,RM0024,Plot Loan,492936,Pending
LN0009971,CUST001434,RM0140,Gold Loan,58386,Active
LN0009972,CUST000003,RM0200,Personal Loan,64845,Active
LN0009973,CUST002288,RM0152,Home Loan,128623,Pending
LN0009974,CUST000556,RM0002,Car Loan,102996,Closed
LN0009975,CUST002132,RM0014,Car Loan,111558,Closed
LN0009976,CUST001778,RM0036,Gold Loan,100018,Pending
LN0009977,CUST002113,RM0089,Business Loan,93587,Approved
LN0009978,CUST000737,RM0010,Plot Loan,77995,Defaulted
LN0009979,CUST001407,RM0144,Education Loan,593481,Pending
LN0009980,CUST000617,RM0015,Business Loan,81141,Pending
LN0009981,CUST000142,RM0136,Business Loan,95732,Rejected
LN0009982,CUST002013,RM0052,Gold Loan,106543,Active
LN0009983,CUST001697,RM0103,Personal Loan,590656,Rejected
LN0009984,CUST001323,RM0135,Plot Loan,331883,Defaulted
LN0009985,CUST001067,RM0094,Car Loan,361843,Pending
LN0009986,CUST001015,RM0172,Car Loan,72132,Active
LN0009987,CUST000787,RM0218,Car Loan,411956,Defaulted
LN0009988,CUST002354,RM0205,Business Loan,154914,Rejected
LN0009989,CUST000878,RM0178,Home Loan,110985,Pending
LN0009990,CUST000305,RM0115,Education Loan,221486,Active
LN0009991,CUST002500,RM0025,Home Loan,395399,Pending
LN0009992,CUST000545,RM0173,Gold Loan,351603,Closed
LN0009993,CUST001549,RM0121,Business Loan,491450,Approved
LN0009994,CUST000428,RM0068,Business Loan,576585,Defaulted
LN0009995,CUST001504,RM0047,Plot Loan,104393,Rejected
LN0009996,CUST000011,RM0203,Home Loan,160280,Active
LN0009997,CUST000430,RM0039,Plot Loan,52947,Active
LN0009998,CUST001865,RM0037,Personal Loan,472925,Approved
LN0009999,CUST001966,RM0058,Business Loan,83582,Rejected
LN0010000,CUST001692,RM0039,Home Loan,445340,Pending
