RM_ID,Product,Sale_Date,Amount
RM0240,ULIP,2019-06-25,29978.0
RM0046,Recurring Deposit,2023-03-18,32953.0
RM0160,Mutual Funds,2020-01-02,
RM0188,Saving Account,2023-08-19,11995.0
RM0068,Recurring Deposit,,29791.0
RM0045,Recurring Deposit,2022-02-03,119625.0
RM0191,Credit Card,2021-11-28,11293.0
RM0177,ULIP,2020-06-28,36071.0
RM0093,Recurring Deposit,2024-12-13,11595.0
RM0042,Fixed Deposit,2025-07-13,33175.0
RM0040,Recurring Deposit,27/12/2022,19475.0
RM0188,Health Insurance,2019-08-30,24532.0
RM0162,Gold Investment,09-26-2022,115022.0
RM0023,Gold Investment,2019-10-02,38639.0
RM0159,Life Insurance,2024-11-22,25996.0
RM0035,Term Insurance,2022-03-14,54499.0
,Health Insurance,2019-09-07,17663.0
RM0155,Life Insurance,2023-07-21,25014.0
RM0186,Current Account,2019-07-01,49510.0
RM0162,Mutual Funds,15/01/2019,23559.0
RM0016,Gold Investment,2020-04-12,66835.0
RM0168,Life Insurance,2020-07-10,43813.0
RM0160,Term Insurance,2019-05-22,83918.0
RM0229,Mutual Funds,2019-06-19,158061.0
RM0247,Mutual Funds,2022-01-16,16153.0
RM0202,Health Insurance,2020-06-06,30373.0
RM0025,Mutual Funds,2025-04-16,29249.0
RM0244,LOAN AGAINST PROPERTY,2026-05-07,18195.0
RM0221,ULIP,30/10/2023,93116.0
RM0102,Current Account,2024-02-18,81330.0
RM0057,Gold Investment,2021-03-21,43123.0
RM0087, Fixed Deposit ,2025-09-12,48584.0
RM0190,Recurring Deposit,2024-10-11,13069.0
RM0029,Saving Account,2023-05-26,50541.0
RM0025,Current Account,2024-06-08,88352.0
RM0032,Credit Card,2025-09-16,52645.0
RM0249,Saving Account,2024-04-16,25415.0
RM0191,Health Insurance,,65063.0
RM0034,Recurring Deposit,2021-01-27,32430.0
RM0240,Term Insurance,10/02/2019,49358.0
RM0183,Current Account,01-29-2021,43429.0
RM0033,Health Insurance,11-17-2023,33996.0
RM0199,Mutual Funds,14/09/2025,73448.0
RM0220,Loan Against Property,2023-07-22,117654.0
RM0239,Life Insurance,15/09/2020,10261.0
RM0238,Loan Against Property,2022-08-09,145615.0
RM0116,ULIP,2022-10-13,45822.0
RM0007,Recurring Deposit,2020-12-22,70320.0
RM0103,Credit Card,2026-04-12,106766.0
RM0170,Recurring Deposit,09/12/2019,41471.0
,Current Account,2023-04-06,
RM0114,Health Insurance,03/02/2021,100082.0
RM0013,Current Account,23/11/2019,19777.0
,Life Insurance,2022-03-04,18668.0
RM0116,Current Account,2019-01-06,63570.0
RM0050,TERM INSURANCE,2024-07-15,112066.0
RM0026,Life Insurance,2023-04-28,121478.0
,Recurring Deposit,27/01/2026,61604.0
RM0018,Life Insurance,2022-04-22,47273.0
RM0137,Loan Against Property,2024-08-09,30127.0
RM0049,Fixed Deposit,05-27-2021,205602.0
RM0180,Term Insurance,2019-12-08,29260.0
,Health Insurance,2019-02-23,78165.0
RM0108,Gold Investment,2021-09-20,47962.0
RM0242,Loan Against Property,19/09/2019,56890.0
RM0009,Life Insurance,08-28-2025,35000.0
,Life Insurance,2026-06-21,
RM0148,Loan Against Property,05-21-2020,177368.0
RM0087,credit card,2025-04-17,52394.0
RM0032,Term Insurance,2022-08-22,148860.0
RM0147,Loan Against Property,,10381.0
RM0016,RECURRING DEPOSIT,2020-01-17,52510.0
RM0080,Health Insurance,2022-02-18,73148.0
RM0055,Credit Card,2025-01-21,78340.0
RM0065,Life Insurance,09-15-2024,127681.0
RM0069,Health Insurance,2021-11-14,10220.0
,Credit Card,2024-04-24,10016.0
RM0036,Current Account,22/05/2024,41957.0
RM0205,Credit Card,24/01/2023,-1000.0
RM0191,Current Account,19/03/2022,11486.0
RM0097,Health Insurance,2023-08-03,193517.0
,Credit Card,2021-05-28,22555.0
RM0048,Term Insurance,07-30-2020,41995.0
RM0071,Credit Card,2023-11-02,13154.0
RM0159,Loan Against Property,2022-12-22,46912.0
RM0022,Health Insurance,04-10-2023,33898.0
RM0076,Credit Card,2023-08-10,12284.0
RM0098,Gold Investment,22/03/2025,30407.0
RM0155, Term Insurance ,2022-02-05,34832.0
RM0247,Saving Account,2022-10-21,239867.0
RM0227,Health Insurance,10-08-2024,21652.0
RM0003,Saving Account,2020-06-30,49348.0
RM0081,Credit Card,2025-04-30,228368.0
RM0161,ULIP,2025-10-27,88515.0
RM0007,Life Insurance,,260788.0
RM0125,Health Insurance,2021-04-05,182569.0
RM0057,Loan Against Property,2020-04-12,43622.0
RM0193,Gold Investment,09/10/2024,69598.0
RM0247,Health Insurance,2021-09-04,15851.0
RM0175,Life Insurance,18/11/2019,39093.0
RM0126,Saving Account,12/04/2024,92778.0
,ULIP,12-20-2024,45193.0
RM0004, Loan Against Property ,,70650.0
RM0159,Recurring Deposit,16/07/2024,78472.0
RM0005,Gold Investment,,24615.0
RM0220,loan against property,2023-05-27,114252.0
RM0168,Loan Against Property,2023-11-19,40792.0
RM0050,Fixed Deposit,2022-01-12,21797.0
RM0026,Current Account,01-16-2019,110278.0
RM0157,Recurring Deposit,2022-05-02,37048.0
RM0008,Gold Investment,10-04-2020,79377.0
RM0224,Recurring Deposit,2023-03-10,49707.0
RM0249,Health Insurance,2019-03-04,34052.0
RM0031,RECURRING DEPOSIT,2023-05-27,93004.0
RM0001,ULIP,2019-09-28,53910.0
RM0211,Recurring Deposit,2021-11-18,34760.0
,Current Account,2025-09-07,15804.0
RM0097,ULIP,01-19-2021,122902.0
RM0176,Gold Investment,2019-11-10,11805.0
,Recurring Deposit,2025-03-09,109457.0
RM0233,current account,2023-10-22,32311.0
RM0224,Mutual Funds,2025-03-05,60990.0
RM0045,Fixed Deposit,2024-09-21,0.0
RM0015,Life Insurance,2020-06-26,137680.0
RM0156,Loan Against Property,2022-01-15,18226.0
,Current Account,05-14-2023,51845.0
RM0244,Fixed Deposit,2022-09-11,82287.0
RM0057,Recurring Deposit,2025-01-01,80854.0
RM0188,Fixed Deposit,2026-06-14,47288.0
RM0135,Credit Card,2020-10-27,59006.0
RM0224,Health Insurance,,80843.0
RM0106,Gold Investment,2021-04-12,101951.0
RM0032,Credit Card,2020-02-08,81734.0
RM0070,Mutual Funds,,31848.0
RM0137,Health Insurance,2024-09-19,296093.0
RM0023,Current Account,2024-05-02,38502.0
RM0104,Current Account,07/08/2025,11238.0
RM0207,Saving Account,10-01-2019,32519.0
RM0194,Mutual Funds,2023-05-01,16835.0
RM0102,Loan Against Property,03-21-2019,16473.0
RM0237,Current Account,2022-05-22,26531.0
RM0213,Current Account,2021-07-28,12742.0
RM0244,Gold Investment,2022-10-18,68319.0
RM0139,ULIP,2021-01-13,13843.0
RM0096,ULIP,26/01/2022,21363.0
,Current Account,2024-07-21,14875.0
RM0009,Term Insurance,03-27-2022,13262.0
RM0166,Credit Card,2025-10-26,25581.0
RM0218,ULIP,2022-04-14,52419.0
RM0035,Mutual Funds,2021-04-12,177173.0
RM0025, Fixed Deposit ,2025-04-26,114195.0
RM0168,Saving Account,2023-03-15,114347.0
RM0092,Mutual Funds,,19683.0
RM0188,Saving Account,13/10/2021,25387.0
,Current Account,2023-09-23,13973.0
RM0023,Health Insurance,2021-01-21,85359.0
RM0014,Credit Card,02/07/2019,13618.0
RM0048,Term Insurance,09/12/2025,50674.0
RM0227,Credit Card,2023-02-04,24242.0
RM0214,Fixed Deposit,2022-03-13,23949.0
RM0203,Recurring Deposit,05-06-2024,0.0
RM0066,Loan Against Property,2021-12-15,244021.0
RM0108,Mutual Funds,04-07-2024,80689.0
RM0049,Term Insurance,2021-04-10,100681.0
RM0164,Gold Investment,06-30-2023,52429.0
RM0250,Current Account,2023-10-01,112402.0
RM0242,Current Account,2019-11-07,61851.0
RM0109,Term Insurance,2025-04-23,156099.0
RM0003,ULIP,14/03/2024,26518.0
RM0208,fixed deposit,2022-03-07,55232.0
RM0157,Health Insurance,01-30-2019,68580.0
RM0095,Fixed Deposit,11-20-2024,34956.0
RM0175,Mutual Funds,2025-10-11,115891.0
RM0133,Health Insurance,2019-05-28,205111.0
RM0058,Saving Account,09/03/2019,44038.0
RM0192,Term Insurance,2025-04-14,34767.0
,Life Insurance,2020-07-23,
RM0051,Loan Against Property,2019-11-22,41927.0
RM0018,Loan Against Property,2024-09-17,105776.0
RM0142,Current Account,2024-04-05,61847.0
RM0216,HEALTH INSURANCE,2025-03-28,12290.0
RM0090,Recurring Deposit,09/07/2024,49062.0
,Gold Investment,2026-01-06,10872.0
RM0246,Recurring Deposit,2025-04-11,85374.0
RM0237,Credit Card,08/10/2021,29898.0
RM0040,Recurring Deposit,2019-03-13,41933.0
RM0103,Gold Investment,04/06/2023,90142.0
RM0234,Mutual Funds,2021-06-27,12378.0
RM0170,Term Insurance,2023-01-16,18630.0
RM0092,ULIP,2023-08-02,35371.0
RM0153,Saving Account,2020-03-21,23063.0
RM0242,Saving Account,2020-07-27,30617.0
RM0120,Current Account,2021-07-09,325301.0
RM0171,Term Insurance,11-27-2019,97267.0
RM0205,Loan Against Property,12-10-2024,117665.0
RM0002,Fixed Deposit,2022-02-16,148274.0
RM0233,Recurring Deposit,2022-12-20,30846.0
RM0041,Recurring Deposit,2020-11-27,27625.0
RM0177,health insurance,23/12/2022,23332.0
,Credit Card,2025-11-07,98632.0
RM0092,Mutual Funds,2022-07-03,66901.0
RM0177,Gold Investment,2022-07-12,0.0
RM0063,Loan Against Property,2021-09-13,23470.0
RM0003,Credit Card,2023-09-17,33659.0
RM0145,Current Account,2023-09-10,45333.0
RM0151,ULIP,2020-12-10,47553.0
RM0044,Mutual Funds,2021-02-20,119788.0
RM0115,Recurring Deposit,2019-10-29,33947.0
RM0220,Life Insurance,2025-08-12,129583.0
,ULIP,07-12-2022,39113.0
RM0245,Current Account,01/11/2024,78594.0
RM0239,Health Insurance,27/07/2024,143144.0
RM0121,Loan Against Property,2020-10-03,129068.0
RM0016,Saving Account,09-12-2023,12931.0
RM0006,Life Insurance,2025-12-18,21514.0
RM0006,Credit Card,27/04/2022,42399.0
RM0180,Current Account,2023-06-24,38242.0
RM0187,Fixed Deposit,2020-10-19,61206.0
RM0201,Saving Account,2021-07-10,154757.0
RM0250,Credit Card,,15961.0
RM0173,Fixed Deposit,09-11-2020,40061.0
RM0187,Current Account,12-27-2024,20685.0
RM0195,Saving Account,2024-11-25,122266.0
RM0190,Recurring Deposit,2022-06-29,177024.0
RM0207,Saving Account,2024-11-24,42571.0
RM0069,Gold Investment,2023-06-29,15491.0
RM0055,Recurring Deposit,01-27-2022,86924.0
RM0044,Saving Account,2019-07-11,69724.0
RM0157,ULIP,2024-08-21,31899.0
RM0068,Fixed Deposit,2025-03-12,119198.0
RM0102,Health Insurance,2026-04-12,196136.0
RM0115,Recurring Deposit,2023-05-26,50805.0
,Saving Account,08/11/2021,51704.0
RM0038,Saving Account,2026-06-24,27656.0
RM0003,Current Account,09-01-2025,53914.0
RM0247,Fixed Deposit,2024-10-16,38958.0
RM0158,Recurring Deposit,2019-07-03,88888888.0
RM0204,Loan Against Property,,27990.0
RM0180,Life Insurance,2026-07-24,13477.0
,Fixed Deposit,2023-02-25,24564.0
RM0179,Mutual Funds,2021-03-27,21023.0
RM0014,Current Account,01-11-2025,49048.0
RM0079,Saving Account,2021-11-15,56023.0
RM0113,Term Insurance,29/09/2021,56897.0
RM0198,current account,2023-02-05,34565.0
RM0181,Current Account,2026-07-26,37342.0
RM0022,Loan Against Property,17/07/2025,99860.0
,Saving Account,2024-06-11,42335.0
RM0135,Health Insurance,05/01/2026,230206.0
RM0095,Current Account,2024-05-20,38956.0
RM0141,LOAN AGAINST PROPERTY,2022-01-26,62431.0
,ULIP,05-15-2020,12583.0
RM0234,Mutual Funds,11-17-2023,62970.0
RM0013,Term Insurance,19/12/2024,105333.0
RM0186,Life Insurance,2020-04-18,152761.0
RM0023,Recurring Deposit,01/10/2024,306108.0
RM0052,term insurance,2022-04-08,26576.0
RM0003,Loan Against Property,10-27-2023,52826.0
RM0241,Life Insurance,2019-05-24,39957.0
RM0063,Saving Account,2020-01-08,51484.0
RM0042,loan against property,2020-02-10,18566.0
RM0022,Mutual Funds,2025-08-16,106949.0
RM0095,Life Insurance,2023-12-11,130158.0
RM0220,Current Account,2024-04-19,39861.0
RM0020,Credit Card,2019-01-21,26455.0
RM0202,Saving Account,2019-10-05,17589.0
RM0089,Fixed Deposit,2025-12-10,67563.0
RM0124,Saving Account,2023-08-31,28715.0
RM0201,Term Insurance,2020-03-31,130141.0
RM0047,Gold Investment,,65586.0
RM0220,Fixed Deposit,2021-06-18,61878.0
RM0106,Mutual Funds,,50981.0
RM0177,Credit Card,2023-04-16,12342.0
RM0148,Fixed Deposit,26/10/2020,144355.0
RM0198,Credit Card,2024-07-11,59434.0
RM0118,Fixed Deposit,2023-08-30,266319.0
RM0199,Saving Account,2025-03-25,48539.0
RM0120,Life Insurance,2021-11-04,71912.0
RM0204,Loan Against Property,2026-07-08,12892.0
RM0093,Loan Against Property,09-06-2025,59947.0
RM0104,Term Insurance,2025-10-03,82333.0
RM0038,Saving Account,2026-02-09,85369.0
RM0146,Gold Investment,2025-10-07,83508.0
RM0039,Health Insurance,02-02-2022,22827.0
RM0200,Gold Investment,05-06-2024,195247.0
RM0140,Life Insurance,2022-08-24,276771.0
RM0049,Fixed Deposit,08-29-2024,13930.0
RM0084,Fixed Deposit,2024-10-10,147793.0
RM0223,ULIP,2022-04-04,27085.0
RM0019,Life Insurance,,68443.0
RM0123,Life Insurance,2023-12-18,30632.0
RM0086,Life Insurance,2024-04-03,181718.0
RM0211,Life Insurance,2019-12-30,15351.0
RM0051,Term Insurance,2023-04-20,44432.0
RM0060,Fixed Deposit,2025-09-02,37934.0
RM0224,Term Insurance,2022-09-11,29727.0
RM0126,Credit Card,03-02-2022,61857.0
RM0084,Recurring Deposit,17/12/2023,17023.0
RM0043,Fixed Deposit,11/08/2024,73055.0
RM0009,Saving Account,10/12/2022,207103.0
RM0081,Recurring Deposit,2025-02-03,91624.0
RM0122,Recurring Deposit,2021-11-03,108311.0
RM0096,Health Insurance,2025-01-16,32285.0
RM0057,Loan Against Property,26/11/2020,0.0
RM0100,Life Insurance,09/02/2025,29643.0
RM0061,Health Insurance,10-27-2021,46391.0
RM0022,Recurring Deposit,02-22-2022,12340.0
RM0160,Term Insurance,2022-07-03,155347.0
RM0181,Gold Investment,2024-07-29,17761.0
RM0128,Fixed Deposit,25/05/2025,126658.0
RM0073,Saving Account,,14364.0
RM0067,Mutual Funds,2024-08-25,96474.0
RM0062,Saving Account,2019-09-05,18241.0
RM0090,Saving Account,19/02/2026,11943.0
RM0085, Loan Against Property ,2020-07-01,73557.0
RM0139,CREDIT CARD,2025-02-05,26443.0
RM0071,Recurring Deposit,2024-04-15,72674.0
RM0071,Fixed Deposit,2023-04-29,50493.0
RM0020,Life Insurance,,15759.0
RM0049,ULIP,2025-05-16,144508.0
RM0125,Recurring Deposit,11/05/2026,40102.0
RM0131,Mutual Funds,14/01/2021,76297.0
RM0147,Fixed Deposit,2023-11-24,44759.0
,Fixed Deposit,2024-06-02,56362.0
,Fixed Deposit,11/06/2020,28032.0
RM0129,Credit Card,04-27-2025,21179.0
RM0206,Life Insurance,2022-08-26,49106.0
RM0013,Gold Investment,2026-02-11,39010.0
RM0092,Term Insurance,2020-05-28,34724.0
RM0239,Term Insurance,2024-07-25,65823.0
RM0152,ULIP,08-19-2024,68640.0
RM0110,Health Insurance,2019-10-28,12350.0
RM0157,Fixed Deposit,06/03/2020,30680.0
RM0247,Mutual Funds,,36531.0
RM0065,Term Insurance,11/06/2024,15095.0
RM0068,Life Insurance,2021-06-04,23452.0
RM0183, Fixed Deposit ,2020-06-15,12651.0
RM0053,Life Insurance,07/11/2020,289194.0
RM0154,Recurring Deposit,2025-05-28,76695.0
RM0224,Health Insurance,2025-10-16,14575.0
RM0063,ULIP,2026-02-10,11022.0
RM0027,Loan Against Property,2019-04-17,73521.0
RM0182,Current Account,08-28-2020,38918.0
RM0200,ULIP,17/09/2023,87275.0
RM0242,Mutual Funds,10-17-2019,138507.0
,Term Insurance,2023-03-02,55727.0
RM0119,Fixed Deposit,11-07-2022,20357.0
RM0200,Fixed Deposit,06-05-2026,86207.0
RM0217,Credit Card,2019-02-23,165964.0
RM0194,Credit Card,30/03/2019,53402.0
RM0031,Recurring Deposit,02-28-2024,67284.0
RM0002,saving account,2025-02-26,30584.0
RM0109, Recurring Deposit ,2023-05-07,34025.0
RM0107,Loan Against Property,2020-01-11,76336.0
RM0212,Health Insurance,2024-05-29,141395.0
RM0138,Term Insurance,2022-12-28,59576.0
RM0079,Credit Card,,87996.0
RM0247,Mutual Funds,2022-04-30,19415.0
RM0067,Mutual Funds,2021-01-23,21910.0
RM0075,ULIP,21/11/2023,47968.0
RM0213,Health Insurance,2022-04-17,19712.0
RM0126,Gold Investment,2019-03-18,60392.0
,Current Account,2021-01-18,27241.0
RM0207,Saving Account,21/02/2024,88398.0
RM0072,Mutual Funds,14/03/2022,92541.0
RM0094,Mutual Funds,2019-04-17,41161.0
RM0031,Health Insurance,2025-06-20,19972.0
RM0135,Credit Card,2022-02-08,62032.0
RM0177,Loan Against Property,2026-07-17,256593.0
RM0245,Life Insurance,2025-09-14,58721.0
RM0064,Recurring Deposit,2026-03-16,11821.0
RM0028,Credit Card,2026-06-12,10872.0
RM0150,Health Insurance,2025-08-11,29309.0
RM0149,Credit Card,29/06/2021,20894.0
RM0129,Recurring Deposit,2023-08-19,93846.0
RM0232,Credit Card,2024-02-04,103153.0
RM0057,ULIP,2024-07-17,24962.0
RM0098,FIXED DEPOSIT,2023-12-22,29699.0
RM0234,ULIP,2023-05-21,23475.0
RM0098,Saving Account,2024-02-16,129506.0
RM0008,Current Account,2024-03-28,44922.0
RM0203,Recurring Deposit,2020-11-13,63375.0
RM0096,Fixed Deposit,2020-05-17,36848.0
RM0244,Credit Card,2022-05-14,59849.0
RM0069,Loan Against Property,15/02/2024,34376.0
RM0049,ULIP,09-24-2020,30751.0
RM0095,Current Account,2026-02-06,60321.0
RM0001,Saving Account,2025-11-05,54709.0
RM0161,Current Account,07-21-2020,27373.0
RM0219,Current Account,01-02-2025,18087.0
RM0109,Gold Investment,,32988.0
RM0059,Loan Against Property,2019-09-19,36824.0
RM0118,Fixed Deposit,2024-08-18,59535.0
RM0207,Term Insurance,20/05/2020,132978.0
RM0235,Fixed Deposit,2021-03-15,11842.0
,Loan Against Property,02-13-2020,23963.0
RM0198,Fixed Deposit,2023-12-26,20765.0
RM0062,Fixed Deposit,2023-10-29,44887.0
RM0183,Current Account,2019-11-17,38079.0
RM0051,Health Insurance,01-14-2019,75288.0
RM0104,ULIP,2024-06-08,0.0
RM0082,Recurring Deposit,2019-03-14,23881.0
RM0114,Gold Investment,2019-02-12,-1000.0
RM0016,Loan Against Property,09-14-2020,55131.0
RM0190,Mutual Funds,2024-10-07,117646.0
RM0115,Fixed Deposit,2022-04-08,130775.0
RM0108,Life Insurance,06-07-2026,169447.0
RM0084,Health Insurance,2023-01-24,84197.0
RM0236,Gold Investment,01-13-2023,128216.0
RM0248,Term Insurance,2023-12-29,23363.0
RM0206,Loan Against Property,04-27-2019,21006.0
RM0249,Current Account,2022-02-16,10325.0
RM0119,ULIP,2019-09-15,71352.0
RM0128,Life Insurance,2025-01-14,148603.0
RM0138,Life Insurance,2023-11-29,20347.0
RM0211,ULIP,2025-07-08,60659.0
RM0236,Loan Against Property,10-30-2022,78611.0
RM0030,Loan Against Property,01-03-2022,141287.0
RM0197,Mutual Funds,2024-12-03,62044.0
RM0024,Life Insurance,10-10-2022,185819.0
RM0198,Saving Account,2024-01-14,31131.0
RM0064,ULIP,2019-09-18,31533.0
RM0011,Health Insurance,2023-02-24,49154.0
RM0189,Current Account,2019-05-10,34185.0
RM0149,Current Account,2024-12-29,10071.0
RM0205,Saving Account,2023-06-03,75795.0
RM0201,Fixed Deposit,2021-08-02,79659.0
,health insurance,2024-06-10,78713.0
RM0039,MUTUAL FUNDS,2023-06-28,31157.0
RM0040,Term Insurance,2025-03-17,46937.0
RM0124,ULIP,2025-12-11,32312.0
RM0222,Recurring Deposit,2025-06-26,10808.0
RM0033, Health Insurance ,20/06/2020,51328.0
RM0182,Saving Account,2021-10-23,16605.0
RM0126,Gold Investment,26/03/2022,14171.0
RM0150,Term Insurance,22/07/2026,0.0
RM0111,Current Account,2023-12-07,80426.0
RM0183,Health Insurance,2021-08-05,10477.0
RM0050,Saving Account,26/06/2020,169719.0
RM0209,Recurring Deposit,2021-02-24,46206.0
RM0169,Current Account,03-30-2020,213775.0
RM0094,Life Insurance,01/06/2019,12987.0
RM0076,Term Insurance,2023-01-23,53796.0
RM0182,Current Account,05/05/2020,31487.0
RM0071,Fixed Deposit,2023-04-30,102729.0
RM0032,Saving Account,28/04/2023,32409.0
RM0012,Term Insurance,06/04/2019,25088.0
RM0015,Fixed Deposit,11-18-2022,88888888.0
RM0121,ULIP,2019-03-05,107439.0
RM0201,Fixed Deposit,2020-06-04,33472.0
RM0249,Health Insurance,06/07/2020,10848.0
RM0138,Fixed Deposit,2024-08-04,34738.0
RM0119,Life Insurance,2019-11-29,63141.0
RM0183,Recurring Deposit,2023-02-20,24675.0
RM0244,Life Insurance,08/03/2022,38280.0
RM0062,Fixed Deposit,2019-06-26,12919.0
RM0017,Loan Against Property,2025-10-21,54347.0
RM0056,Health Insurance,02-14-2019,80589.0
RM0109,ULIP,2023-04-17,36663.0
RM0039,ULIP,2019-11-03,37256.0
RM0216,Saving Account,2024-09-10,14621.0
RM0218,Term Insurance,2021-06-20,21278.0
RM0078,Health Insurance,2023-12-25,18401.0
RM0099,Life Insurance,2024-10-14,42858.0
RM0158,Loan Against Property,08/08/2026,47671.0
RM0177,Loan Against Property,2019-03-18,158737.0
RM0146,Fixed Deposit,,13802.0
RM0086,Health Insurance,2023-03-22,55798.0
,ULIP,24/09/2024,47380.0
RM0100,Gold Investment,2026-02-20,46307.0
RM0056,Term Insurance,11-10-2023,113241.0
RM0236,Saving Account,16/12/2023,21504.0
RM0186,Health Insurance,2024-09-16,12081.0
RM0140,Fixed Deposit,09/02/2024,65778.0
RM0181,Loan Against Property,2021-06-17,31168.0
RM0054,Term Insurance,2025-01-08,10887.0
,Current Account,,24475.0
RM0219,Current Account,11/02/2019,
RM0020,Recurring Deposit,2024-09-04,28504.0
RM0096,Mutual Funds,2026-07-26,57964.0
RM0052,Saving Account,2026-06-22,19472.0
RM0225,Recurring Deposit,2024-01-06,36641.0
RM0217,Recurring Deposit,2026-04-13,42934.0
RM0079,Gold Investment,,-1000.0
RM0165,loan against property,27/06/2019,40738.0
RM0020,Mutual Funds,2019-10-03,192369.0
RM0245,Health Insurance,01-04-2026,12328.0
RM0146,Current Account,08-24-2019,160764.0
RM0074,Health Insurance,25/01/2025,53606.0
RM0104,Health Insurance,2025-08-29,89415.0
RM0072, Fixed Deposit ,2020-09-16,38140.0
RM0242,Life Insurance,,40241.0
RM0134,Mutual Funds,2020-05-21,115733.0
RM0174,Fixed Deposit,2023-12-29,123136.0
RM0057,Saving Account,2026-08-08,23635.0
RM0185,Saving Account,2022-02-02,0.0
RM0117,ULIP,2021-05-31,21109.0
,Credit Card,12-04-2024,44282.0
RM0078,Gold Investment,2021-08-01,125267.0
RM0002,Mutual Funds,2019-03-07,29456.0
RM0238,Mutual Funds,2024-07-02,62779.0
,Saving Account,2023-08-08,71576.0
RM0171,ULIP,2019-07-04,85406.0
RM0233,ULIP,,51496.0
RM0155,recurring deposit,05/05/2020,35746.0
RM0213,Term Insurance,01/05/2024,180586.0
RM0104,Gold Investment,2020-08-17,57251.0
RM0003,Life Insurance,2019-12-03,75201.0
RM0133,Saving Account,08-15-2023,31154.0
RM0164,Gold Investment,2020-12-04,65425.0
RM0121,Recurring Deposit,2021-02-06,24906.0
RM0154,Mutual Funds,2020-05-23,24058.0
,Loan Against Property,02-23-2023,72714.0
RM0131,Recurring Deposit,11/10/2024,
,Gold Investment,2023-05-01,46843.0
RM0209,Health Insurance,28/01/2020,67486.0
RM0245,Credit Card,2021-11-10,25697.0
RM0107,Credit Card,2024-06-28,55655.0
,Mutual Funds,07/12/2023,39343.0
RM0138,Recurring Deposit,2023-09-04,55436.0
RM0158,Saving Account,2024-01-20,27186.0
RM0209,Life Insurance,2019-11-20,72842.0
RM0072,ULIP,07/02/2019,91976.0
RM0241,ULIP,2022-09-05,25049.0
RM0027,Mutual Funds,2022-02-22,27878.0
RM0219,Loan Against Property,02-14-2022,64110.0
RM0126,Gold Investment,2022-11-30,69468.0
RM0034,Health Insurance,10-21-2024,70886.0
RM0247,ULIP,2023-09-23,67395.0
RM0223,Health Insurance,2020-03-31,34945.0
RM0029,Fixed Deposit,2020-02-28,35114.0
RM0139,Gold Investment,2019-06-06,24706.0
RM0207,Health Insurance,2023-06-30,18529.0
RM0013,Credit Card,2019-10-10,68976.0
RM0089,Loan Against Property,2019-04-12,14891.0
RM0239,Fixed Deposit,2020-04-22,148863.0
RM0091,Mutual Funds,,97632.0
RM0241,Saving Account,11-14-2020,107422.0
RM0082,Current Account,2024-07-08,128580.0
,Life Insurance,2025-01-26,36263.0
RM0069,Term Insurance,2025-06-14,103768.0
RM0143,Gold Investment,01/12/2019,18602.0
RM0171,Current Account,2026-05-08,11093.0
RM0183,Term Insurance,2026-01-12,86830.0
RM0031,Health Insurance,2025-08-29,-1000.0
RM0207,Term Insurance,2020-02-07,88888888.0
RM0155,Loan Against Property,04-23-2026,13887.0
RM0049,Recurring Deposit,2019-12-16,233377.0
RM0051,Saving Account,2024-09-04,66165.0
RM0007,Saving Account,19/05/2021,80009.0
RM0199,Mutual Funds,2021-07-03,24105.0
RM0198,health insurance,04-09-2025,66022.0
RM0130,Saving Account,2024-07-20,12209.0
RM0244,ULIP,2023-02-21,100954.0
,Gold Investment,2024-03-05,19293.0
RM0041,Recurring Deposit,2024-03-08,69760.0
,Loan Against Property,2026-05-19,22711.0
RM0039,Health Insurance,2025-02-10,13545.0
RM0176,Fixed Deposit,2022-07-17,42840.0
RM0051, Recurring Deposit ,2019-03-03,19273.0
,Recurring Deposit,2022-10-17,75363.0
RM0138,ULIP,2021-06-09,23561.0
RM0161,Current Account,06/12/2021,30963.0
RM0087,Loan Against Property,2026-03-21,51901.0
,Recurring Deposit,2023-04-11,26771.0
RM0172,Current Account,2022-03-28,33739.0
RM0044,ulip,2021-10-07,94538.0
RM0211,Recurring Deposit,2026-05-26,19874.0
RM0052,Loan Against Property,2023-10-04,14288.0
RM0055,term insurance,17/01/2026,29901.0
RM0138,ULIP,2025-06-28,37615.0
RM0138,Loan Against Property,2020-03-18,49116.0
,current account,2026-03-22,33294.0
RM0220,Recurring Deposit,2021-05-01,88011.0
RM0167,Health Insurance,2026-03-07,12005.0
RM0079,LIFE INSURANCE,15/07/2019,38261.0
RM0181,Term Insurance,09/09/2022,34084.0
RM0165,GOLD INVESTMENT,2024-04-28,62146.0
RM0063,Health Insurance,2024-02-24,179477.0
RM0105,Current Account,04/10/2020,45705.0
RM0061,Gold Investment,01/12/2023,226668.0
,Current Account,,27994.0
RM0048,Credit Card,2022-01-30,88888888.0
RM0075,Current Account,2023-10-02,11567.0
RM0190,Life Insurance,13/02/2019,19055.0
RM0015,ULIP,2023-08-23,35136.0
RM0241,ULIP,2021-07-22,29014.0
RM0128,Life Insurance,2026-05-25,15104.0
RM0116,Mutual Funds,2022-12-07,38339.0
RM0060,Fixed Deposit,2025-10-29,30633.0
RM0094,MUTUAL FUNDS,2024-01-26,16540.0
,Health Insurance,24/03/2019,27557.0
RM0047,Term Insurance,09-11-2022,118769.0
RM0202,Recurring Deposit,2019-02-09,27980.0
,Fixed Deposit,01-26-2025,72580.0
RM0132,Credit Card,2024-01-29,57343.0
RM0220,Credit Card,27/05/2025,37859.0
RM0224,Recurring Deposit,13/10/2020,23657.0
RM0121,Fixed Deposit,2023-03-13,33023.0
RM0092,Fixed Deposit,2020-09-22,54837.0
RM0141,Term Insurance,2022-07-15,31597.0
RM0065,Gold Investment,12-30-2025,22096.0
RM0226,ULIP,2020-07-04,16191.0
RM0039,Gold Investment,2024-08-30,115916.0
RM0084,Health Insurance,2020-12-28,39018.0
RM0101,Current Account,2021-11-16,
RM0233,Term Insurance,2021-04-20,59069.0
RM0217,Current Account,2024-05-30,43707.0
RM0239,Mutual Funds,2019-07-14,113008.0
RM0207,Saving Account,02-13-2020,49585.0
RM0058,Mutual Funds,2025-08-10,42771.0
RM0066,Health Insurance,11/02/2020,139248.0
RM0108,ULIP,2022-05-20,73592.0
RM0006,Credit Card,2023-04-22,15913.0
RM0155,Saving Account,2019-09-13,19782.0
RM0083,Life Insurance,2020-08-02,87352.0
RM0187,Recurring Deposit,2021-07-08,100349.0
,Health Insurance,02-22-2022,49393.0
RM0213,Fixed Deposit,,
RM0003,Loan Against Property,26/08/2019,50422.0
RM0222,Current Account,03-30-2021,59974.0
RM0088,Health Insurance,2020-12-05,38912.0
RM0001,Fixed Deposit,,67002.0
RM0155,Current Account,2022-07-24,15741.0
RM0064,Loan Against Property,2023-05-14,172568.0
RM0241,ULIP,2021-08-30,79345.0
RM0144,Fixed Deposit,,59871.0
RM0059,Life Insurance,02-23-2024,29013.0
RM0087,Current Account,2024-06-28,18774.0
RM0027,Gold Investment,,36325.0
RM0228,ULIP,09-21-2019,64172.0
RM0065,Current Account,17/02/2019,60216.0
RM0224,Gold Investment,2022-07-31,34115.0
RM0174,Mutual Funds,2021-10-08,57503.0
RM0237,Life Insurance,2020-03-14,94032.0
RM0210,Term Insurance,12-20-2025,11331.0
RM0095,ULIP,04-06-2019,39948.0
RM0116,Loan Against Property,2025-05-20,81055.0
RM0079,Current Account,07-20-2023,49498.0
RM0003,Fixed Deposit,12/02/2020,62702.0
RM0030,Credit Card,,46353.0
RM0250,Life Insurance,2025-06-23,250637.0
RM0056,Life Insurance,2020-09-17,12808.0
RM0046,Gold Investment,2026-03-27,43769.0
RM0053,Fixed Deposit,2025-04-26,14793.0
RM0210,Term Insurance,2020-03-28,18704.0
,Gold Investment,14/05/2020,34147.0
RM0232,Loan Against Property,2026-07-12,18452.0
RM0175,Saving Account,,175779.0
RM0001,Current Account,2021-10-04,156675.0
RM0115,ULIP,2020-02-13,30481.0
RM0185,Credit Card,2023-07-27,61047.0
RM0092,Saving Account,2021-09-16,48152.0
,Gold Investment,,94528.0
RM0206,Term Insurance,2023-11-09,59368.0
RM0037,Current Account,13/07/2019,10012.0
RM0075,Mutual Funds,2019-08-24,82021.0
RM0077,Fixed Deposit,2022-06-04,78688.0
,Life Insurance,2022-05-31,45639.0
RM0135,Term Insurance,2022-01-16,126610.0
RM0236,Term Insurance,04-03-2021,129541.0
RM0101,Recurring Deposit,2023-05-19,47107.0
RM0117,Term Insurance,2019-04-07,56823.0
RM0047,ULIP,2020-10-10,293065.0
RM0076,Health Insurance,,27749.0
RM0021,Saving Account,,29623.0
RM0043,Term Insurance,2019-01-11,20091.0
RM0083,Health Insurance,2021-07-19,123104.0
RM0249,Health Insurance,2023-07-23,78224.0
RM0116,Mutual Funds,2019-09-06,15582.0
RM0063,Saving Account,04-10-2025,210227.0
RM0212, Life Insurance ,2019-01-17,75645.0
RM0051,Gold Investment,09-29-2024,105030.0
,Loan Against Property,2023-10-04,12467.0
RM0042,Mutual Funds,16/03/2019,45155.0
RM0212,Saving Account,2025-10-28,69965.0
RM0152,Saving Account,2025-06-13,49147.0
RM0167,Fixed Deposit,2020-10-23,64927.0
RM0040,Mutual Funds,2026-06-27,95152.0
RM0233,Term Insurance,2019-09-21,33447.0
RM0177,Gold Investment,2022-04-25,104414.0
RM0167, Life Insurance ,2024-12-23,18891.0
RM0086, Credit Card ,2019-09-26,25796.0
,Gold Investment,2021-06-08,12215.0
RM0143,Gold Investment,2026-02-10,32661.0
RM0242,Current Account,14/03/2023,33894.0
RM0207,ULIP,30/03/2024,91807.0
RM0039,Mutual Funds,06/11/2021,62940.0
RM0113,Health Insurance,2022-01-20,38699.0
RM0147,LOAN AGAINST PROPERTY,2020-10-22,62794.0
RM0056,Credit Card,2021-06-03,12711.0
RM0163,Fixed Deposit,06-29-2026,19939.0
RM0030,Health Insurance,2023-06-12,59301.0
RM0110,Loan Against Property,2025-03-06,61272.0
RM0170,LOAN AGAINST PROPERTY,17/08/2021,84390.0
RM0076,Life Insurance,2023-04-25,35791.0
RM0114,Recurring Deposit,05-22-2019,74106.0
RM0220,Recurring Deposit,2021-08-16,0.0
RM0153,Health Insurance,,67597.0
RM0248,ULIP,2024-04-25,175376.0
,Health Insurance,19/08/2025,22111.0
RM0055,Gold Investment,2022-06-22,50112.0
RM0057,Credit Card,2026-05-02,56035.0
RM0091,Loan Against Property,2019-04-18,340304.0
RM0132,Recurring Deposit,02-03-2026,21231.0
RM0106,Term Insurance,2024-11-10,47034.0
RM0118,Current Account,,31246.0
RM0225,Health Insurance,2022-08-12,47316.0
RM0122,Current Account,02-25-2019,23206.0
RM0055,ULIP,2024-01-21,12439.0
RM0097,Fixed Deposit,,52497.0
RM0018,Mutual Funds,2023-03-23,30462.0
RM0146,ULIP,2019-08-16,20041.0
,Health Insurance,2026-07-30,29573.0
RM0193,Saving Account,2019-07-15,12526.0
,Mutual Funds,2023-10-19,160230.0
RM0034,Credit Card,2023-11-07,53511.0
RM0092,Saving Account,2022-07-16,94307.0
RM0036,Recurring Deposit,2025-01-12,37505.0
RM0099,Fixed Deposit,2025-07-21,126814.0
RM0193,Current Account,2023-07-07,43016.0
RM0187,Life Insurance,29/08/2022,52659.0
RM0161,Saving Account,07-16-2020,43843.0
RM0250,Life Insurance,,76077.0
RM0118,Fixed Deposit,,51811.0
RM0081,Recurring Deposit,2024-06-04,25845.0
RM0153,Gold Investment,2020-07-24,17864.0
RM0236,Gold Investment,2025-04-12,56586.0
RM0139,Fixed Deposit,2025-04-13,43586.0
RM0035,Health Insurance,29/06/2023,15044.0
RM0229,ULIP,2024-04-30,35177.0
RM0039,Loan Against Property,,46157.0
RM0021,Recurring Deposit,2021-11-27,97692.0
RM0157,Health Insurance,2022-03-28,88888888.0
RM0220,Health Insurance,2025-03-01,13957.0
RM0145,Saving Account,2020-08-15,31423.0
RM0172,Credit Card,17/01/2025,96483.0
RM0043,Life Insurance,,62266.0
RM0075,recurring deposit,07-25-2020,27121.0
,Life Insurance,2019-09-09,103324.0
RM0085,Life Insurance,2021-11-05,43991.0
RM0030,ULIP,2025-08-05,44492.0
,Current Account,10/07/2023,197723.0
RM0101,term insurance,2025-09-13,156983.0
RM0155,Health Insurance,2019-07-06,32199.0
RM0114,Current Account,01-22-2021,17574.0
RM0096,Fixed Deposit,2024-10-05,29701.0
RM0058,Life Insurance,05-10-2024,11547.0
RM0023,ULIP,2024-03-09,11049.0
RM0117,Term Insurance,2020-08-27,35169.0
RM0101,Fixed Deposit,2019-03-25,151527.0
RM0146,recurring deposit,2021-06-19,112535.0
RM0165,Gold Investment,27/06/2024,45814.0
,Current Account,06-10-2025,0.0
RM0175,Mutual Funds,,51646.0
RM0049,Health Insurance,26/03/2025,10297.0
RM0248,Credit Card,20/06/2021,22135.0
RM0242,Loan Against Property,2025-04-11,11254.0
RM0036,ULIP,2021-09-18,80230.0
RM0049,Health Insurance,2023-08-28,17870.0
RM0148,Saving Account,2026-07-10,88888888.0
RM0159,ULIP,2023-07-16,111645.0
RM0083,Saving Account,2021-06-20,61546.0
RM0062,Recurring Deposit,2026-07-21,23030.0
RM0174,Term Insurance,11/07/2021,18582.0
,Credit Card,2021-01-18,-1000.0
RM0164,Health Insurance,05-30-2022,59392.0
RM0089,Credit Card,10-14-2022,125549.0
RM0207,Gold Investment,,73356.0
RM0057,Recurring Deposit,2025-01-01,31427.0
RM0158,Credit Card,01-09-2019,54261.0
RM0037,Health Insurance,2020-05-25,28608.0
RM0022,Recurring Deposit,06-02-2019,363488.0
RM0216,Recurring Deposit,25/09/2020,79083.0
RM0113,Recurring Deposit,08/09/2022,57645.0
RM0212,ULIP,01/06/2019,37518.0
RM0065,ULIP,2023-05-29,58136.0
RM0247,Gold Investment,28/09/2022,30898.0
RM0118,Term Insurance,2024-06-16,11464.0
RM0231,Life Insurance,10-24-2024,35133.0
RM0248,Life Insurance,2024-01-06,143307.0
RM0108,Mutual Funds,2025-11-06,59215.0
RM0094,Recurring Deposit,2020-06-18,14384.0
RM0105,ULIP,2024-12-25,118138.0
RM0180,Credit Card,01-23-2020,25658.0
RM0157,Health Insurance,2024-04-11,23970.0
RM0200,Saving Account,2021-05-17,27626.0
RM0196,Gold Investment,2023-10-20,53043.0
RM0079,ULIP,2023-01-02,49338.0
RM0026,Credit Card,2021-11-10,43806.0
RM0243,Life Insurance,2025-07-12,73210.0
RM0082,Health Insurance,2019-04-17,29029.0
RM0071,Fixed Deposit,08-01-2024,86177.0
RM0069,Term Insurance,2019-06-10,19638.0
RM0121,Health Insurance,08-08-2019,86305.0
RM0053,Credit Card,01-25-2021,64503.0
RM0066,Mutual Funds,12-23-2024,67475.0
,Recurring Deposit,2026-06-08,42845.0
RM0168,Loan Against Property,07-18-2022,64980.0
RM0096,Health Insurance,01-14-2019,14158.0
RM0159,Current Account,2022-01-19,105375.0
,Current Account,,12857.0
RM0179,Mutual Funds,2020-03-14,18051.0
RM0086,Life Insurance,2022-02-13,52994.0
RM0111,Fixed Deposit,2024-03-21,77240.0
RM0219, Loan Against Property ,2025-02-05,13965.0
RM0052,Loan Against Property,01-06-2020,136766.0
RM0231,Current Account,04-22-2026,191734.0
RM0112,Mutual Funds,,56563.0
,Fixed Deposit,2025-02-20,-1000.0
RM0225,Mutual Funds,11-14-2021,42816.0
RM0080,Saving Account,2021-01-02,77622.0
RM0220,Fixed Deposit,02-21-2020,29901.0
,Loan Against Property,10-13-2021,43988.0
RM0195,Life Insurance,23/01/2023,133936.0
,Credit Card,2022-08-29,165788.0
RM0214,Recurring Deposit,2025-07-26,140912.0
RM0100,Gold Investment,08-31-2023,25220.0
RM0064,Saving Account,2026-02-04,23228.0
,Saving Account,07-06-2026,27667.0
RM0199,Gold Investment,05-23-2021,39108.0
RM0106,Current Account,08-13-2024,28856.0
RM0054,Saving Account,04/10/2025,33437.0
RM0041,Life Insurance,2022-06-20,58463.0
RM0104,Term Insurance,2022-06-24,81884.0
RM0085,Gold Investment,2019-09-17,76506.0
RM0067,Recurring Deposit,2020-10-14,94214.0
RM0023,Loan Against Property,04-09-2020,11635.0
RM0138,Credit Card,2026-02-12,12445.0
RM0186,Recurring Deposit,2023-10-06,87885.0
RM0215,Term Insurance,2024-08-31,48079.0
RM0128,Health Insurance,2025-03-17,53154.0
RM0012,Recurring Deposit,2026-06-16,12701.0
RM0069,Recurring Deposit,2021-10-30,24739.0
RM0132,Mutual Funds,2025-05-09,0.0
RM0131,Recurring Deposit,2022-03-07,60854.0
RM0080,Credit Card,2019-08-03,108014.0
RM0166,Gold Investment,2022-06-20,134435.0
RM0218,Fixed Deposit,28/10/2022,44699.0
RM0026,Loan Against Property,,49425.0
RM0076,Credit Card,2022-07-28,0.0
RM0026,Health Insurance,26/01/2021,99502.0
RM0185,Mutual Funds,12-09-2025,48568.0
RM0133,Gold Investment,28/08/2019,46372.0
RM0240,ulip,03-16-2021,127738.0
RM0019,Recurring Deposit,2022-12-17,88016.0
RM0179,ULIP,2019-08-04,129884.0
RM0241,Saving Account,02-15-2023,22310.0
RM0117,Saving Account,2024-11-04,47156.0
,Credit Card,2025-07-20,102407.0
RM0150,Life Insurance,2020-11-10,15891.0
RM0034,Life Insurance,2025-07-12,89154.0
RM0152, ULIP ,2024-10-17,20104.0
,Gold Investment,2025-01-14,92543.0
RM0235,Credit Card,2019-11-13,57337.0
RM0056,Gold Investment,2021-08-11,20736.0
RM0215,Fixed Deposit,2024-11-02,42061.0
RM0030,Mutual Funds,2021-03-02,67270.0
RM0125,Credit Card,2026-02-26,60236.0
RM0222,Health Insurance,2023-09-23,37865.0
RM0042,Saving Account,2025-06-24,124813.0
RM0100,Loan Against Property,2026-01-20,46621.0
RM0153,ULIP,2023-12-09,45247.0
RM0030,Saving Account,2020-06-14,13213.0
RM0063,Fixed Deposit,2020-11-04,137629.0
RM0233,Credit Card,2024-07-09,19747.0
RM0233,Credit Card,2023-06-09,47575.0
RM0128,Term Insurance,21/01/2022,91371.0
RM0139,Loan Against Property,31/01/2021,22132.0
RM0215,Current Account,2021-09-12,47472.0
RM0202,Recurring Deposit,2022-03-11,23766.0
RM0201,Gold Investment,2020-02-01,81292.0
RM0075,Saving Account,2019-09-25,51544.0
RM0241,Gold Investment,2026-05-21,106888.0
RM0153,Credit Card,2025-04-15,122479.0
RM0055,Mutual Funds,2019-06-03,62310.0
RM0170,Recurring Deposit,2022-01-12,74620.0
RM0094,Loan Against Property,2022-10-13,
RM0031,Term Insurance,2023-07-05,49838.0
,Gold Investment,08-23-2024,34260.0
RM0149,Term Insurance,2019-04-04,62222.0
RM0038,Fixed Deposit,10-05-2019,129455.0
RM0114,Fixed Deposit,06-28-2020,36951.0
RM0214,ULIP,2022-07-08,28873.0
RM0014,Recurring Deposit,2021-03-15,34586.0
RM0016,life insurance,2021-01-17,-1000.0
RM0092,Life Insurance,2024-07-30,38581.0
RM0030,Recurring Deposit,10-28-2019,13820.0
RM0016,Mutual Funds,,44501.0
RM0146,Fixed Deposit,02-13-2019,44091.0
RM0136,Recurring Deposit,21/05/2022,54390.0
RM0100,Saving Account,2025-03-08,32535.0
RM0002,Recurring Deposit,11-16-2024,57480.0
RM0025,Life Insurance,2026-07-07,115275.0
RM0034,Current Account,2021-05-30,165580.0
RM0092,Term Insurance,2020-07-14,53806.0
RM0166,Health Insurance,13/02/2021,12176.0
RM0147,current account,14/03/2025,184070.0
RM0183,Saving Account,2026-01-18,71185.0
RM0140,Mutual Funds,,30470.0
RM0194,Health Insurance,2021-02-04,17959.0
RM0234,Loan Against Property,2023-02-28,17740.0
RM0003,Term Insurance,2021-04-23,19180.0
RM0133,Mutual Funds,2023-11-16,12332.0
RM0180,CREDIT CARD,2023-09-21,126218.0
RM0203,Term Insurance,2023-03-04,48910.0
RM0049,Saving Account,2026-04-18,70191.0
RM0113,Fixed Deposit,2021-10-06,98044.0
RM0138,LOAN AGAINST PROPERTY,2024-04-14,88400.0
RM0141,Mutual Funds,2019-11-23,117110.0
RM0003,Mutual Funds,2021-04-14,180949.0
RM0053,Loan Against Property,2023-12-14,38908.0
RM0038,Mutual Funds,2022-08-15,160123.0
RM0213,Loan Against Property,2024-02-22,74239.0
RM0157,Gold Investment,11-21-2024,13664.0
RM0074,Recurring Deposit,2026-04-30,67251.0
RM0016,Fixed Deposit,2025-01-24,68032.0
RM0052,Loan Against Property,02-26-2022,128148.0
RM0200,Current Account,11-20-2022,33335.0
RM0150,Mutual Funds,2025-04-02,53963.0
RM0188,Credit Card,2022-05-07,10613.0
RM0132,Loan Against Property,04-03-2020,30178.0
RM0019,Term Insurance,2024-08-19,13213.0
RM0174,ULIP,2022-03-04,46893.0
RM0188,Loan Against Property,12-26-2020,95035.0
RM0243,Loan Against Property,03-17-2023,21561.0
RM0170,Term Insurance,2024-06-30,47479.0
,Recurring Deposit,2021-02-03,21408.0
RM0213,Gold Investment,03-08-2025,16430.0
RM0047,Credit Card,2021-01-11,45769.0
RM0091,Current Account,06-28-2021,14122.0
RM0090,Loan Against Property,10/07/2023,54258.0
RM0142,Fixed Deposit,2021-10-27,88888888.0
RM0100,Health Insurance,2023-03-17,11591.0
RM0205,Life Insurance,2019-06-27,15642.0
RM0225,Term Insurance,2026-03-14,49925.0
RM0098,Life Insurance,,54751.0
RM0035,Recurring Deposit,13/01/2025,11470.0
RM0113,Health Insurance,25/01/2025,52592.0
RM0227,Loan Against Property,2024-07-09,101163.0
RM0116,Term Insurance,2022-09-20,74063.0
RM0039,Mutual Funds,01-05-2024,17031.0
RM0183,Gold Investment,11-26-2023,54882.0
RM0075,Life Insurance,2019-03-24,65775.0
RM0048,life insurance,04-12-2026,11897.0
RM0125,Mutual Funds,2020-07-27,106671.0
RM0201,Saving Account,30/01/2020,128365.0
RM0077,ULIP,2020-11-16,105006.0
RM0099,Term Insurance,10-18-2025,97043.0
RM0042,Term Insurance,2020-05-17,78317.0
RM0040,Loan Against Property,27/07/2026,60178.0
RM0105,Recurring Deposit,2022-06-12,66757.0
RM0035,Fixed Deposit,09-28-2021,92096.0
RM0124,Life Insurance,2020-12-15,64309.0
, Current Account ,2025-10-01,29854.0
RM0141,Loan Against Property,25/10/2023,33577.0
RM0204,Credit Card,2020-01-12,123679.0
RM0080,Fixed Deposit,26/06/2022,10863.0
RM0117,Recurring Deposit,,70002.0
RM0103,Life Insurance,2024-06-06,164808.0
RM0217,Mutual Funds,2023-01-08,71247.0
RM0022,Current Account,,265071.0
RM0161,Saving Account,2022-10-16,68164.0
RM0150,Current Account,06-03-2019,11748.0
RM0045,Current Account,06-07-2021,97726.0
RM0082,Saving Account,2026-01-11,26747.0
RM0235,Life Insurance,24/04/2023,39534.0
RM0102,Life Insurance,2025-08-30,28705.0
RM0102,ULIP,2025-12-25,25636.0
RM0026,ULIP,2020-03-22,38229.0
RM0170,CURRENT ACCOUNT,2023-11-01,33801.0
RM0025,Term Insurance,01-15-2021,60165.0
RM0146,Recurring Deposit,2019-10-30,93872.0
RM0131,Health Insurance,2021-02-05,27626.0
RM0212,HEALTH INSURANCE,15/07/2023,22022.0
RM0153,ULIP,08-28-2023,0.0
RM0238,Life Insurance,2025-09-16,64964.0
RM0138,Mutual Funds,2021-05-04,65481.0
RM0069,Term Insurance,2020-10-30,125698.0
RM0010,Life Insurance,2019-04-26,10803.0
RM0122,Gold Investment,,105879.0
RM0050,Current Account,05/10/2019,46802.0
RM0010,Credit Card,2023-01-10,58550.0
RM0150,Fixed Deposit,2020-02-16,14790.0
RM0106,Recurring Deposit,2025-06-02,38335.0
RM0084,Credit Card,2022-04-29,22893.0
RM0056,Term Insurance,2024-04-16,-1000.0
RM0192,Health Insurance,2026-03-31,24666.0
RM0160,Health Insurance,2022-01-12,45068.0
RM0218,Saving Account,2021-04-20,93687.0
RM0180,ULIP,2026-05-09,78086.0
RM0059,Health Insurance,2024-01-25,54702.0
RM0028,Recurring Deposit,2021-01-06,48763.0
RM0108,Loan Against Property,02/12/2019,37870.0
RM0163,Term Insurance,02-09-2019,190061.0
RM0123,Fixed Deposit,2021-05-03,51070.0
RM0195,Recurring Deposit,2020-04-12,24649.0
RM0111,Current Account,2024-03-17,23074.0
RM0137,Credit Card,2023-09-29,57254.0
RM0050,Recurring Deposit,2021-03-18,46993.0
RM0187,Mutual Funds,2020-12-12,10386.0
RM0073,Loan Against Property,2022-02-19,98617.0
RM0065,ULIP,2026-06-30,70890.0
RM0067,Current Account,2025-06-22,64210.0
RM0172,Term Insurance,,13563.0
RM0033,Mutual Funds,2026-07-02,32475.0
RM0227,Loan Against Property,2020-09-28,146963.0
RM0061,Loan Against Property,09-24-2023,109239.0
RM0186,ULIP,27/04/2026,26811.0
RM0177,Credit Card,08-03-2022,18542.0
RM0041,term insurance,2021-04-22,39809.0
RM0086,Life Insurance,2022-09-23,31989.0
RM0113,Loan Against Property,2023-11-02,67320.0
RM0160, Loan Against Property ,,179713.0
RM0042,Mutual Funds,2024-04-06,32549.0
RM0073,Fixed Deposit,2022-06-15,13212.0
RM0233,Saving Account,2025-07-27,123950.0
RM0212,Term Insurance,12-21-2021,11934.0
RM0013,Gold Investment,2021-02-13,162631.0
RM0227,ULIP,2023-05-26,64618.0
,Loan Against Property,03-27-2023,152098.0
RM0012,Term Insurance,2022-09-01,21135.0
RM0186,Life Insurance,2026-08-04,12077.0
RM0031,Current Account,2020-10-13,0.0
RM0162,Gold Investment,2021-05-28,43492.0
RM0230,Saving Account,2023-02-18,39948.0
RM0131,Saving Account,2022-06-29,30135.0
RM0206,life insurance,2023-01-06,168096.0
RM0077,Recurring Deposit,06-18-2026,96462.0
RM0124,Gold Investment,2026-07-15,64173.0
RM0202,Mutual Funds,2020-07-06,18888.0
RM0067,Gold Investment,09/05/2022,76273.0
RM0066,Gold Investment,02-16-2025,74916.0
RM0226,Term Insurance,2026-01-08,88888888.0
RM0195,Gold Investment,01/09/2020,37675.0
RM0096,Current Account,2024-06-15,139370.0
RM0180,Term Insurance,2024-11-16,19134.0
RM0215,fixed deposit,2022-08-01,25553.0
RM0036,Fixed Deposit,2020-02-07,13265.0
RM0026,Credit Card,2023-11-30,89347.0
RM0109,ULIP,14/06/2019,88888888.0
RM0088,Recurring Deposit,2026-05-21,58611.0
RM0175,Life Insurance,2023-07-29,28912.0
RM0010,Current Account,2025-08-17,18945.0
RM0091,Recurring Deposit,2025-05-07,12048.0
RM0192, Health Insurance ,27/09/2023,19120.0
RM0232,SAVING ACCOUNT,2021-07-05,40191.0
RM0171,Term Insurance,2020-01-26,24196.0
RM0034,Life Insurance,10-25-2023,24986.0
RM0057,ULIP,2026-03-11,114203.0
RM0207,Current Account,,46194.0
RM0187,Current Account,2020-05-10,75328.0
RM0060,Mutual Funds,23/01/2022,88888888.0
RM0225,Term Insurance,02/12/2022,11818.0
RM0100,Loan Against Property,2023-11-29,32719.0
RM0212,Life Insurance,2024-09-20,42616.0
RM0045,Saving Account,2022-12-28,20315.0
RM0106,gold investment,2021-03-02,16402.0
RM0124,Current Account,2024-05-04,112128.0
RM0200,Current Account,2019-08-22,150199.0
RM0205, Fixed Deposit ,2021-01-18,14104.0
RM0227,Saving Account,2026-03-12,31463.0
RM0053,Mutual Funds,2024-09-28,168845.0
RM0084,Credit Card,,14341.0
RM0037,Saving Account,2025-07-13,61590.0
RM0220,Term Insurance,08-29-2021,189174.0
RM0232,Term Insurance,,201346.0
RM0126,LIFE INSURANCE,,
RM0014,Current Account,12/04/2021,41859.0
RM0168,Gold Investment,,18881.0
RM0149,Mutual Funds,2021-12-22,21287.0
RM0095,Gold Investment,,120182.0
RM0100,Health Insurance,2020-01-05,131341.0
RM0171,Term Insurance,17/11/2025,56809.0
,Credit Card,2022-07-19,82659.0
RM0141,Credit Card,2025-11-10,77340.0
RM0166,Fixed Deposit,12/03/2022,64209.0
RM0176,Gold Investment,2023-12-16,97803.0
RM0198,ULIP,02-12-2022,67823.0
RM0079,Health Insurance,2022-03-26,48178.0
RM0030,Health Insurance,,-1000.0
,Gold Investment,2025-01-30,23522.0
RM0132, Fixed Deposit ,02/05/2024,78107.0
RM0173,Term Insurance,,42069.0
RM0233,Term Insurance,2024-04-05,27463.0
,Recurring Deposit,2022-08-05,90960.0
RM0185,Term Insurance,2025-06-22,69653.0
RM0175,Recurring Deposit,2026-03-02,148501.0
RM0185,Life Insurance,27/05/2025,19042.0
RM0101,Current Account,01-11-2024,62375.0
RM0152,Gold Investment,09/02/2022,24001.0
RM0007,Fixed Deposit,05-01-2025,126953.0
RM0230,Health Insurance,2022-09-06,15240.0
RM0222,Term Insurance,2024-03-07,63379.0
RM0094,Gold Investment,15/02/2025,88291.0
RM0052,Mutual Funds,2023-12-25,31918.0
RM0191,Health Insurance,23/01/2023,0.0
RM0093,Saving Account,08/11/2025,164106.0
RM0234,Saving Account,2021-01-13,105100.0
RM0039,Saving Account,27/05/2024,27450.0
RM0053,Health Insurance,2019-11-14,10378.0
RM0168,Saving Account,2021-01-03,27595.0
,ULIP,10/10/2025,88888888.0
RM0207,Loan Against Property,2026-04-13,26516.0
RM0191,Health Insurance,11-29-2022,120347.0
RM0069,Gold Investment,08-19-2025,180746.0
RM0119,Life Insurance,2024-01-11,13652.0
RM0210,Current Account,2022-10-28,41866.0
RM0013,Loan Against Property,09/10/2021,49740.0
RM0160,ULIP,10-03-2019,14875.0
RM0099,Life Insurance,2020-12-04,33700.0
RM0106,Recurring Deposit,2026-02-20,29069.0
RM0111,HEALTH INSURANCE,2020-03-15,48399.0
,Life Insurance,2019-07-22,64115.0
RM0152,Current Account,2019-01-07,70782.0
RM0060,Mutual Funds,2023-10-26,17352.0
RM0110,Saving Account,2025-09-16,93818.0
RM0202,Life Insurance,2022-08-15,66744.0
RM0050,Gold Investment,2023-04-18,119945.0
,Loan Against Property,2026-01-23,39831.0
,Recurring Deposit,2022-03-02,122163.0
RM0185,Loan Against Property,05/05/2022,110411.0
RM0104,Loan Against Property,2020-05-07,38849.0
RM0109,Recurring Deposit,07/07/2025,33994.0
RM0027,LIFE INSURANCE,20/10/2022,145013.0
RM0106,Fixed Deposit,2026-02-12,72792.0
RM0027,Loan Against Property,,141725.0
RM0227,Current Account,2025-01-22,89721.0
RM0207,Current Account,20/03/2021,56990.0
RM0178,ULIP,2019-05-02,16156.0
RM0238,Life Insurance,02-17-2024,27228.0
RM0156,Fixed Deposit,2023-07-08,183434.0
RM0107,Fixed Deposit,06-29-2020,29240.0
RM0229,Loan Against Property,08/05/2025,14894.0
RM0151,Saving Account,2024-01-27,71473.0
RM0143,Mutual Funds,2022-12-31,76213.0
RM0093,Saving Account,2025-02-10,26805.0
RM0151, ULIP ,18/02/2022,27667.0
,Fixed Deposit,2022-09-16,41639.0
RM0197,ULIP,2025-04-07,11101.0
RM0033,Current Account,2025-09-24,87871.0
RM0183,Recurring Deposit,2021-08-25,29069.0
RM0173,ULIP,2022-06-02,106126.0
RM0001,LOAN AGAINST PROPERTY,2021-04-22,91133.0
RM0067,Gold Investment,24/11/2023,64147.0
RM0085,Saving Account,08-17-2024,29642.0
RM0153,Life Insurance,2022-06-04,46316.0
RM0118,Current Account,2019-08-25,39423.0
RM0079,Saving Account,2023-04-18,30691.0
RM0079,Recurring Deposit,08/01/2020,104238.0
RM0043,Gold Investment,2020-04-22,43034.0
RM0008,Current Account,2020-09-07,99405.0
RM0044,Term Insurance,01/12/2020,15558.0
RM0057,Term Insurance,2023-07-15,17600.0
RM0245,Health Insurance,2019-03-23,
,Gold Investment,2026-05-09,199314.0
RM0010,Fixed Deposit,2020-05-26,54308.0
RM0074,Loan Against Property,2022-02-27,45643.0
RM0197,Health Insurance,,47028.0
RM0013,Term Insurance,2020-09-08,22120.0
,Saving Account,16/06/2019,73417.0
RM0237,Fixed Deposit,2020-07-13,14429.0
RM0107,Gold Investment,2022-07-09,52586.0
RM0061,Mutual Funds,01/05/2019,52287.0
RM0172,current account,07/12/2019,132780.0
RM0153,Health Insurance,2021-11-29,47346.0
RM0006,Life Insurance,2019-01-22,17370.0
RM0183, Current Account ,2022-05-04,52519.0
RM0167,Current Account,05/12/2025,14788.0
RM0061,Credit Card,2022-09-22,21394.0
RM0028,Recurring Deposit,2020-03-09,11580.0
RM0049,Gold Investment,2026-02-10,46004.0
RM0063,Gold Investment,2019-01-12,14416.0
RM0191,Health Insurance,07-06-2024,41686.0
RM0080,Current Account,2025-03-23,145112.0
RM0004,Health Insurance,01-05-2025,73605.0
RM0082,ULIP,2023-10-18,14028.0
RM0001,Term Insurance,02/03/2024,22693.0
RM0030,Recurring Deposit,2025-04-18,65991.0
RM0227,Current Account,2024-01-18,122547.0
,Gold Investment,11/02/2025,11673.0
RM0138,Fixed Deposit,2021-10-15,
RM0019,Life Insurance,2019-08-29,-1000.0
RM0250,loan against property,13/09/2020,93685.0
RM0133,Credit Card,2020-02-14,51255.0
RM0147,ULIP,20/01/2019,49492.0
RM0233,Mutual Funds,2025-03-24,168282.0
RM0221,Fixed Deposit,05/07/2021,78845.0
RM0142,Mutual Funds,10-19-2022,104895.0
RM0074,Loan Against Property,06-15-2020,31847.0
RM0099,Current Account,2023-06-15,50412.0
RM0031,Recurring Deposit,08/09/2020,57778.0
RM0068,Health Insurance,2024-10-21,29399.0
RM0078,Credit Card,2025-05-15,52227.0
RM0163,Current Account,2020-10-08,23502.0
RM0069,Gold Investment,2019-08-23,17737.0
RM0015,Current Account,2026-07-07,33417.0
RM0153,Credit Card,2020-01-23,77217.0
RM0236,Recurring Deposit,2024-04-18,133958.0
RM0090,Gold Investment,02-15-2025,40598.0
RM0246,Loan Against Property,2023-09-22,61476.0
RM0208,Current Account,03-24-2026,15437.0
RM0219,Credit Card,2021-02-22,127412.0
RM0065,Current Account,12-13-2020,52036.0
RM0016,Loan Against Property,06-14-2024,85783.0
RM0161,Health Insurance,2021-07-28,89101.0
,Gold Investment,2020-01-01,24818.0
RM0130,credit card,2024-07-02,47663.0
RM0221,Credit Card,2021-10-21,171547.0
RM0039,Mutual Funds,03/01/2026,14695.0
RM0233,Life Insurance,03-29-2022,67450.0
RM0010,Current Account,2022-09-25,173857.0
RM0184,Credit Card,2019-07-30,27874.0
RM0107,TERM INSURANCE,05/05/2024,108825.0
RM0187,Saving Account,11-24-2022,145646.0
RM0022,Health Insurance,2019-12-02,78735.0
RM0045,ULIP,2022-06-11,23154.0
RM0153,Life Insurance,2021-01-16,30323.0
RM0158,ULIP,2021-02-25,11823.0
RM0099,Loan Against Property,2025-08-03,99027.0
RM0247,Term Insurance,2023-04-26,104726.0
RM0057,Life Insurance,2024-06-28,60080.0
RM0182,Life Insurance,11-03-2021,31733.0
RM0200,ULIP,2021-03-01,13996.0
RM0029,Life Insurance,2023-02-07,79930.0
RM0021,Mutual Funds,22/03/2024,74827.0
RM0100,Credit Card,,131864.0
RM0166,Fixed Deposit,2025-12-13,75565.0
RM0037,Health Insurance,2023-12-12,98215.0
RM0148,Fixed Deposit,07/08/2024,78512.0
RM0099,Life Insurance,2019-09-25,59805.0
,Recurring Deposit,2021-06-26,37840.0
RM0246,Saving Account,2021-06-17,
RM0247,Life Insurance,12-18-2023,126199.0
RM0079,Mutual Funds,,62629.0
RM0191,Saving Account,08/11/2025,35404.0
RM0194,Mutual Funds,2020-09-20,14357.0
RM0057,Gold Investment,12-24-2025,27174.0
RM0105,Term Insurance,2024-04-02,49233.0
RM0100,Current Account,2024-10-11,26123.0
RM0007,Health Insurance,2024-03-28,22502.0
RM0078,LOAN AGAINST PROPERTY,,0.0
RM0121, Mutual Funds ,19/05/2023,47474.0
RM0119,Term Insurance,,19305.0
RM0157,Current Account,2019-05-08,90574.0
,Mutual Funds,2026-04-14,43118.0
RM0186,Current Account,2021-10-25,52649.0
RM0001,Recurring Deposit,2024-10-09,17972.0
RM0172,ULIP,2025-12-29,29620.0
RM0239,Term Insurance,04/03/2025,36389.0
RM0021,Current Account,2022-06-28,88888888.0
RM0149,Health Insurance,2021-11-24,92568.0
RM0052,ULIP,03-30-2024,83518.0
RM0250,Loan Against Property,2019-10-19,22614.0
RM0136,Fixed Deposit,2020-06-21,57878.0
RM0156,Mutual Funds,04-13-2021,23949.0
RM0140,Mutual Funds,03/11/2019,232182.0
RM0006, Life Insurance ,2020-07-04,161956.0
RM0105,Current Account,2025-12-08,51421.0
RM0158,Current Account,01/04/2021,70016.0
RM0061,Life Insurance,2023-06-23,90830.0
RM0007,ULIP,2026-06-06,73826.0
RM0017,Saving Account,2025-07-26,70170.0
RM0081,Loan Against Property,2020-02-25,169168.0
RM0037,Credit Card,2023-08-02,55373.0
RM0158,ULIP,2023-01-24,60571.0
RM0195,Gold Investment,,104612.0
RM0014,Health Insurance,2020-08-24,65416.0
RM0118,Life Insurance,2024-12-08,76012.0
RM0038,ULIP,,23339.0
RM0002,Loan Against Property,2020-12-18,33202.0
RM0226,Mutual Funds,2020-02-15,17967.0
RM0010,Mutual Funds,2020-07-21,-1000.0
RM0153,Term Insurance,23/08/2020,45237.0
RM0162,Fixed Deposit,2026-03-21,40415.0
RM0062,Saving Account,2020-10-22,303247.0
RM0036,Current Account,2021-03-26,57235.0
RM0178,Credit Card,2025-02-19,87193.0
RM0082,Current Account,2020-11-20,30324.0
RM0144,Recurring Deposit,10-24-2025,99054.0
RM0038,Gold Investment,2021-07-06,57736.0
RM0007,Saving Account,2021-04-28,69699.0
RM0010,Term Insurance,,27437.0
RM0073,Credit Card,2022-08-21,49774.0
RM0050,Health Insurance,2024-02-02,60261.0
RM0073,RECURRING DEPOSIT,21/09/2019,54469.0
RM0046,Life Insurance,2022-08-17,133369.0
RM0144,Health Insurance,2020-04-30,124272.0
,Current Account,2026-07-12,186995.0
RM0024,Credit Card,03-29-2020,0.0
RM0143,Gold Investment,01/08/2022,65044.0
RM0225,Fixed Deposit,29/03/2024,188624.0
RM0155,Life Insurance,2019-07-17,99332.0
RM0057,Term Insurance,04-17-2019,25792.0
RM0187,Health Insurance,07-16-2024,37881.0
RM0132,Current Account,12-19-2025,23616.0
RM0194,Saving Account,09/09/2025,10210.0
RM0208,Fixed Deposit,2021-11-01,20415.0
,Loan Against Property,26/02/2024,88888888.0
RM0136,Fixed Deposit,2020-07-11,10203.0
RM0098,Credit Card,2020-03-06,73619.0
,Life Insurance,2024-11-16,37715.0
RM0122,Current Account,29/04/2024,28740.0
RM0091,Loan Against Property,09-24-2023,81715.0
RM0042,Term Insurance,08-19-2023,99334.0
RM0191,Fixed Deposit,2024-04-24,195046.0
RM0052,Fixed Deposit,2022-10-09,61363.0
RM0195,Health Insurance,2020-05-26,40951.0
,ULIP,2025-04-21,28211.0
RM0242,Term Insurance,2024-08-11,22571.0
RM0012,Health Insurance,09/11/2019,21971.0
RM0099,Fixed Deposit,2020-07-25,36312.0
RM0206,Fixed Deposit,08/06/2023,250097.0
,Recurring Deposit,2019-01-16,10042.0
RM0087,ULIP,05/02/2022,20982.0
RM0197,Health Insurance,2023-06-13,20436.0
RM0011,Mutual Funds,2025-04-20,73136.0
RM0038,Mutual Funds,2023-07-03,31730.0
RM0129,Credit Card,26/08/2024,40556.0
RM0176,Health Insurance,,18045.0
RM0198, Credit Card ,10-14-2024,35959.0
RM0048,Saving Account,2021-12-26,15446.0
,Life Insurance,06-24-2021,48075.0
RM0136,Health Insurance,2023-06-22,15153.0
RM0163,Fixed Deposit,08-29-2019,88153.0
RM0198,TERM INSURANCE,2021-03-14,51804.0
RM0244,Credit Card,2021-09-29,74361.0
RM0061,Current Account,,37108.0
RM0127,Mutual Funds,07-30-2024,34022.0
RM0229,Health Insurance,,15168.0
,Current Account,2024-11-11,47101.0
RM0157,Current Account,,46129.0
RM0044,Term Insurance,2021-11-06,41565.0
RM0219,Saving Account,03/09/2020,77453.0
RM0068,Life Insurance,2023-09-14,99339.0
RM0180,Loan Against Property,2023-08-05,79472.0
RM0068,Term Insurance,2025-09-16,17766.0
RM0184,Life Insurance,03-16-2019,58650.0
RM0060,Saving Account,,14186.0
RM0057,Mutual Funds,2021-09-27,69310.0
RM0083,Recurring Deposit,2025-06-28,34050.0
RM0192,Credit Card,,17106.0
RM0190,ULIP,2020-07-31,109043.0
,Term Insurance,2024-05-19,57596.0
RM0190,Gold Investment,2022-02-23,31903.0
RM0229,Term Insurance,2026-01-15,11560.0
RM0103,Loan Against Property,10/03/2026,48534.0
RM0195,Mutual Funds,01-09-2019,138344.0
RM0124,Fixed Deposit,07-09-2019,55364.0
RM0063,Life Insurance,2021-05-10,188157.0
RM0172,Recurring Deposit,2025-08-12,17335.0
RM0245,Fixed Deposit,2026-07-28,52001.0
,Loan Against Property,2020-07-04,90005.0
RM0103,Recurring Deposit,2021-10-16,47278.0
,Recurring Deposit,2024-02-12,14774.0
RM0161,Recurring Deposit,2024-06-14,53719.0
RM0190,Saving Account,2020-07-28,57303.0
RM0245,Life Insurance,2021-08-02,75228.0
RM0006,Gold Investment,,81608.0
RM0157,Loan Against Property,2019-02-04,83652.0
RM0209,Fixed Deposit,2023-03-23,64449.0
RM0209,Loan Against Property,2021-05-15,22155.0
RM0220,Loan Against Property,07/11/2019,35895.0
RM0175,Loan Against Property,2019-05-08,84834.0
RM0133,Mutual Funds,05-17-2024,163336.0
RM0121,Gold Investment,07-25-2021,14111.0
RM0035,Recurring Deposit,2022-06-16,48343.0
RM0185,Life Insurance,09-26-2021,28736.0
RM0198,term insurance,2025-07-16,22770.0
RM0230,Saving Account,2019-08-26,45241.0
RM0047,Term Insurance,23/12/2023,56581.0
RM0172,Fixed Deposit,2025-05-12,10491.0
RM0041,Health Insurance,04-26-2022,85753.0
RM0015,Life Insurance,24/06/2020,95707.0
RM0006,Loan Against Property,2024-03-18,178355.0
RM0207,Life Insurance,2020-01-24,0.0
RM0064,Credit Card,2023-03-21,19961.0
RM0196,Saving Account,07-23-2025,-1000.0
, Health Insurance ,2021-03-18,55138.0
RM0198,Recurring Deposit,13/04/2025,37810.0
RM0214,Health Insurance,2019-01-27,30385.0
RM0030,Mutual Funds,2024-06-06,51693.0
,Loan Against Property,2025-10-19,86250.0
RM0050,Loan Against Property,26/03/2024,11166.0
RM0241, Life Insurance ,23/01/2019,184337.0
RM0165,Current Account,2023-12-25,93005.0
RM0022,Loan Against Property,10-02-2019,79545.0
RM0044,Gold Investment,2022-07-05,81436.0
RM0102,Current Account,2019-07-06,34637.0
RM0055,Saving Account,06-15-2023,79639.0
RM0224,Mutual Funds,2026-03-13,34450.0
RM0011,ULIP,2023-07-17,124486.0
RM0016,Saving Account,,19753.0
RM0131,Recurring Deposit,2023-08-04,27290.0
RM0197,Mutual Funds,31/07/2024,50074.0
,Credit Card,12-14-2025,29225.0
RM0218,Current Account,2020-08-06,37602.0
RM0004,ULIP,2023-11-17,43905.0
RM0044,Current Account,2022-10-02,107019.0
,Gold Investment,06-17-2021,47032.0
RM0065,Gold Investment,2021-03-09,32506.0
RM0091,Term Insurance,2020-04-11,24233.0
RM0235,Fixed Deposit,,36269.0
RM0043,Loan Against Property,2021-12-25,46256.0
RM0190,Term Insurance,04-07-2019,78543.0
RM0048,Current Account,2026-07-01,16451.0
RM0094,Saving Account,2019-09-06,22526.0
RM0181,ULIP,12-06-2024,33873.0
RM0110,CREDIT CARD,2024-05-02,32345.0
RM0033,Term Insurance,2019-12-17,34858.0
RM0115,Saving Account,2020-08-10,88877.0
RM0181,Current Account,2024-03-31,29589.0
RM0226,Current Account,27/05/2023,44847.0
RM0200,Term Insurance,2023-02-01,58895.0
RM0173,Mutual Funds,2021-07-22,23209.0
RM0105,Credit Card,27/10/2019,73415.0
,Life Insurance,2022-03-27,49605.0
RM0200,Current Account,2025-04-26,39600.0
RM0177,Recurring Deposit,2023-09-25,92979.0
RM0059,Current Account,2019-07-01,23952.0
RM0220,Saving Account,2020-09-08,117354.0
RM0234, Mutual Funds ,2019-11-07,51168.0
,Credit Card,26/04/2021,56974.0
RM0169,Health Insurance,2023-08-24,113995.0
RM0105,Credit Card,18/03/2026,95072.0
RM0141,Loan Against Property,2025-08-06,56010.0
RM0122,Mutual Funds,2023-02-17,79956.0
RM0178,Credit Card,2023-08-04,38397.0
RM0243,Recurring Deposit,,49634.0
RM0002,Credit Card,2022-11-19,13204.0
RM0057,Saving Account,2025-02-23,14707.0
RM0164,Health Insurance,2019-12-28,98429.0
RM0136,ULIP,2025-01-25,13076.0
,Current Account,09-12-2020,19280.0
RM0039,Credit Card,30/09/2024,89440.0
RM0057,Credit Card,2025-12-18,10057.0
,Credit Card,03/11/2024,26592.0
RM0110,ULIP,18/07/2022,53858.0
RM0236,Term Insurance,2022-09-19,55248.0
RM0040,Loan Against Property,2025-06-30,85063.0
RM0141,Recurring Deposit,2022-10-06,45253.0
RM0075,Recurring Deposit,2019-11-24,45606.0
RM0038,Current Account,2025-02-03,74605.0
RM0051,Life Insurance,2025-12-31,44519.0
RM0180,Credit Card,2023-03-23,56887.0
RM0055,Loan Against Property,2023-10-07,124028.0
RM0131,Health Insurance,2023-12-31,35662.0
RM0023,ULIP,2021-11-09,34316.0
RM0086,Current Account,14/10/2021,-1000.0
RM0203,Life Insurance,05-21-2023,10177.0
RM0219,Current Account,2019-11-20,57521.0
RM0053,Life Insurance,08-02-2021,11511.0
RM0143,Recurring Deposit,2026-02-03,45073.0
RM0087,ULIP,2025-02-20,91541.0
RM0135,Credit Card,2023-07-02,49916.0
RM0213,Recurring Deposit,2025-03-25,25710.0
RM0135,Mutual Funds,2019-09-23,87128.0
RM0064,Term Insurance,27/06/2025,25716.0
RM0194,ULIP,2023-08-26,76031.0
RM0238,Life Insurance,06/08/2024,57113.0
RM0122,Gold Investment,09-29-2023,19316.0
RM0122,Saving Account,2024-06-01,127764.0
RM0206,Life Insurance,2023-08-17,21197.0
RM0145,Gold Investment,07-08-2026,238235.0
RM0095,Credit Card,2020-12-02,10366.0
RM0047,Fixed Deposit,2023-12-15,25291.0
RM0055,Term Insurance,2021-12-21,21148.0
RM0241,Saving Account,2026-03-30,10704.0
RM0198,Term Insurance,2022-09-23,75907.0
RM0169,Recurring Deposit,2025-01-02,69114.0
RM0073,Current Account,05-31-2026,88595.0
RM0032,Mutual Funds,2021-03-29,24832.0
RM0191,Loan Against Property,2025-12-10,39379.0
RM0223,Saving Account,2019-08-24,63810.0
RM0024,Gold Investment,2023-04-09,38970.0
RM0037,Gold Investment,07-18-2026,69754.0
RM0006,Credit Card,07-22-2025,60252.0
RM0063,Fixed Deposit,26/03/2025,16088.0
RM0099,ULIP,2020-02-16,85944.0
RM0162, Loan Against Property ,12-29-2022,73769.0
RM0020,Credit Card,2019-08-30,63331.0
RM0191,ULIP,2025-03-10,18426.0
RM0009,Credit Card,2022-12-06,25598.0
RM0018,Mutual Funds,2020-10-08,34975.0
RM0143,Fixed Deposit,2019-12-04,26420.0
RM0088,Health Insurance,10-28-2023,22926.0
RM0056,Current Account,2021-08-25,91829.0
RM0211,Credit Card,29/07/2019,60837.0
RM0010,Loan Against Property,,51674.0
RM0240,Life Insurance,2023-05-24,22806.0
RM0030,ULIP,20/11/2024,135098.0
RM0092,Life Insurance,02/12/2022,20609.0
RM0223,ulip,2022-08-19,
RM0215,ULIP,2023-11-12,89225.0
,Current Account,2022-09-06,180068.0
RM0184,Life Insurance,2019-03-04,74931.0
RM0126,ULIP,2023-12-11,257093.0
RM0168,Health Insurance,2026-05-29,62641.0
RM0248,Credit Card,04-01-2021,22260.0
RM0176,Health Insurance,2026-06-27,21396.0
RM0167,Current Account,2023-12-13,29619.0
RM0216,Saving Account,2021-01-03,10357.0
RM0214,Recurring Deposit,2025-05-04,67237.0
RM0115,Saving Account,2026-02-14,25644.0
RM0194,Saving Account,2021-01-08,94419.0
RM0021,Saving Account,2025-02-17,32249.0
RM0002,Current Account,2022-10-12,-1000.0
RM0217,ULIP,2019-12-01,42692.0
RM0137,Life Insurance,2020-10-08,178614.0
RM0194,Credit Card,2022-07-21,23864.0
RM0086,Mutual Funds,01/04/2020,73872.0
RM0063,Life Insurance,17/07/2023,80348.0
RM0101,Health Insurance,2026-03-17,22487.0
, Mutual Funds ,2024-09-22,44757.0
RM0057,Health Insurance,11/04/2025,31554.0
RM0090,Current Account,13/09/2020,83899.0
RM0035,Recurring Deposit,21/11/2019,58707.0
RM0013,ULIP,,42311.0
RM0118,Fixed Deposit,10-16-2023,85561.0
,ulip,2019-07-20,23404.0
RM0168,Saving Account,07-10-2024,80044.0
RM0166,Saving Account,2026-06-12,110262.0
RM0151,Saving Account,2021-06-16,115442.0
RM0126,Current Account,2020-10-18,86548.0
RM0107,Credit Card,2024-07-28,36213.0
RM0218,Life Insurance,24/11/2023,210338.0
RM0118,Credit Card,2024-06-17,33869.0
RM0111,Credit Card,,60892.0
RM0059,Loan Against Property,2021-01-20,18781.0
RM0119,Loan Against Property,,206736.0
RM0103,Credit Card,2023-02-15,70867.0
RM0130,Gold Investment,2022-09-19,79994.0
RM0018,ULIP,,13401.0
RM0194,Recurring Deposit,2024-08-24,82072.0
RM0117,Loan Against Property,2026-03-14,84521.0
RM0224,saving account,2025-07-28,65702.0
RM0021,Fixed Deposit,2022-02-06,27259.0
,Mutual Funds,2023-05-13,43636.0
RM0009,health insurance,2024-03-23,15851.0
RM0127,Loan Against Property,2022-10-28,41893.0
RM0028,Credit Card,2020-01-18,23974.0
RM0237,Saving Account,09/02/2021,31469.0
RM0110,Health Insurance,10/10/2020,18872.0
RM0047,Loan Against Property,2022-11-20,23071.0
RM0111,Mutual Funds,2024-08-02,13982.0
RM0070,Fixed Deposit,2020-01-22,136224.0
RM0226,Saving Account,2023-05-12,47794.0
RM0132,Health Insurance,2023-05-24,35270.0
RM0245,Recurring Deposit,2025-11-13,48289.0
RM0149,Saving Account,04-30-2023,59482.0
RM0031,Gold Investment,2021-12-02,137474.0
,Current Account,2020-12-18,19842.0
RM0169,Saving Account,2023-03-04,27517.0
RM0214,Mutual Funds,2019-01-17,196048.0
RM0108,ULIP,,33196.0
,Current Account,11-08-2022,11141.0
RM0154,Loan Against Property,2022-11-07,17987.0
RM0115,Health Insurance,,11334.0
RM0163,Gold Investment,2023-09-05,239875.0
RM0082,Gold Investment,2025-10-19,26346.0
RM0062,Gold Investment,,138551.0
RM0145,Current Account,2023-08-19,284671.0
RM0157,GOLD INVESTMENT,23/12/2023,55794.0
RM0027,Saving Account,2020-08-06,11687.0
RM0217,ULIP,2022-04-22,0.0
RM0213,Saving Account,2024-06-12,14255.0
RM0046,ULIP,2021-10-02,42849.0
RM0064,term insurance,2022-11-25,36058.0
,Mutual Funds,2024-05-29,56592.0
RM0151,Recurring Deposit,2024-06-06,38888.0
RM0116,LIFE INSURANCE,07-11-2021,145963.0
RM0062,Credit Card,2024-11-10,48257.0
,ULIP,2022-06-21,69163.0
RM0014,Term Insurance,2024-06-22,123402.0
RM0229,Life Insurance,,17942.0
RM0094,Gold Investment,,23051.0
RM0013,Life Insurance,24/08/2021,15676.0
RM0247,Gold Investment,2022-11-14,17520.0
RM0054,ULIP,2021-10-15,45931.0
RM0121,Saving Account,04-03-2025,29369.0
RM0237,Credit Card,2022-04-03,37510.0
RM0024,Saving Account,26/12/2021,212248.0
RM0188,Loan Against Property,2024-05-10,18521.0
RM0008,Loan Against Property,2021-04-01,48914.0
RM0173,Health Insurance,2025-12-02,15205.0
RM0233,Mutual Funds,2020-05-09,29172.0
,Saving Account,2021-08-18,47488.0
RM0016,Mutual Funds,08-13-2020,156526.0
RM0201,Loan Against Property,2022-04-07,34815.0
RM0082,Mutual Funds,2020-01-21,13355.0
RM0156,Term Insurance,2026-05-11,34564.0
RM0031,Fixed Deposit,2023-07-04,17876.0
RM0229,Recurring Deposit,2019-09-05,23067.0
RM0028,Recurring Deposit,28/02/2019,58128.0
RM0159,Fixed Deposit,2020-06-23,13490.0
RM0063,Health Insurance,2019-06-22,41248.0
RM0164,Fixed Deposit,2024-03-25,57011.0
RM0197,LOAN AGAINST PROPERTY,2020-11-10,37396.0
RM0128,Health Insurance,2020-09-30,10965.0
RM0069,life insurance,2025-09-02,221747.0
RM0186,Term Insurance,,32873.0
RM0124,ULIP,2021-11-22,85384.0
RM0248,Recurring Deposit,2023-11-07,29700.0
RM0158,Health Insurance,2021-05-20,42219.0
RM0234,Fixed Deposit,,34589.0
RM0142,Credit Card,,30968.0
RM0160, Current Account ,2021-12-18,11104.0
RM0132,Life Insurance,2020-06-19,32315.0
RM0186,Health Insurance,2021-10-08,120132.0
RM0065,ULIP,2024-12-19,68622.0
RM0112,Health Insurance,2024-10-23,17857.0
RM0210,Current Account,10/10/2025,54720.0
RM0203,Gold Investment,2024-02-04,121388.0
RM0027,Credit Card,2025-01-04,70204.0
RM0192,Mutual Funds,2023-03-20,18048.0
RM0128,Loan Against Property,2022-12-15,111184.0
RM0155,Loan Against Property,2026-04-29,27944.0
RM0021,Recurring Deposit,2025-04-25,40263.0
RM0106,Mutual Funds,2024-10-13,47342.0
RM0118,Term Insurance,29/04/2023,105025.0
RM0203,Current Account,2026-07-18,144124.0
RM0016,Life Insurance,2021-04-03,142715.0
RM0065,Term Insurance,2020-04-12,-1000.0
RM0244,Credit Card,2025-12-25,10399.0
RM0159,ULIP,2025-03-15,137480.0
RM0114,Credit Card,05-30-2025,12796.0
RM0041,Mutual Funds,03-29-2020,25446.0
RM0106,Mutual Funds,2023-02-28,46179.0
RM0095,Mutual Funds,2022-06-01,42689.0
RM0046,ULIP,23/10/2019,56406.0
RM0088,Fixed Deposit,2025-07-04,42643.0
RM0015,Recurring Deposit,2021-04-28,146190.0
RM0078,Gold Investment,17/03/2020,23757.0
RM0033,Mutual Funds,02-15-2019,26011.0
,Mutual Funds,,136749.0
RM0137,Life Insurance,2025-10-27,13992.0
RM0222,Gold Investment,13/08/2023,57024.0
RM0073,Saving Account,2023-04-01,67243.0
RM0071,Health Insurance,2023-09-10,45214.0
RM0222,Loan Against Property,2023-01-03,69246.0
RM0223, Gold Investment ,2021-03-17,19482.0
RM0079,Mutual Funds,2024-03-18,105741.0
RM0198,current account,03/03/2021,17542.0
RM0123,Current Account,2023-02-18,35609.0
RM0175,Current Account,2024-10-02,13912.0
,Mutual Funds,2023-08-22,49396.0
RM0021,Loan Against Property,04/09/2023,65394.0
RM0056,Credit Card,2019-05-15,151699.0
RM0179,Fixed Deposit,2022-03-17,77226.0
RM0119,saving account,2026-02-02,48946.0
RM0149,Gold Investment,09-01-2022,144868.0
RM0162,Current Account,17/06/2021,42546.0
RM0202,Current Account,2019-01-09,51186.0
RM0093,Health Insurance,,55329.0
RM0025,Term Insurance,01-27-2026,36379.0
RM0222,Health Insurance,01-04-2019,101157.0
RM0237,Health Insurance,01-30-2025,20239.0
,Health Insurance,04-25-2019,50466.0
RM0026,Gold Investment,23/07/2020,74048.0
RM0166,Loan Against Property,2024-03-20,127157.0
RM0076,Mutual Funds,2020-07-02,117673.0
RM0219,Credit Card,2026-04-10,45539.0
RM0130, Health Insurance ,2022-08-29,61523.0
RM0039,Term Insurance,19/08/2024,35063.0
RM0103,Credit Card,2019-04-25,41572.0
RM0131,Loan Against Property,2023-01-02,128364.0
RM0216,CREDIT CARD,,143468.0
RM0184,Loan Against Property,2023-01-06,122887.0
RM0064,Term Insurance,2026-04-23,17446.0
RM0188,Fixed Deposit,2021-10-10,104884.0
RM0012,Recurring Deposit,2024-09-12,158176.0
RM0022,Mutual Funds,2024-03-17,32412.0
RM0208,Gold Investment,06/02/2025,46557.0
,Term Insurance,2021-06-28,85501.0
RM0048,Gold Investment,2019-05-20,51285.0
RM0212,Life Insurance,30/05/2020,261671.0
RM0122,Term Insurance,2020-04-25,40413.0
RM0216,Fixed Deposit,02/10/2025,72578.0
RM0026,Mutual Funds,2024-06-28,88653.0
RM0099,ULIP,2023-06-13,44070.0
RM0164,Loan Against Property,2025-03-09,107239.0
RM0133,Recurring Deposit,2020-04-09,49499.0
RM0231,Saving Account,2022-06-18,36521.0
RM0050,Recurring Deposit,2025-08-29,15704.0
RM0006,Health Insurance,2025-05-10,34995.0
RM0198,Term Insurance,06/11/2024,76201.0
RM0209,Credit Card,10-06-2024,137096.0
RM0192,Life Insurance,05/10/2021,24496.0
,Current Account,09-20-2021,31943.0
RM0051,Current Account,2019-06-02,18359.0
RM0129,Term Insurance,2020-06-23,68675.0
RM0127,Saving Account,2023-01-29,171179.0
RM0169,Term Insurance,2024-08-22,61214.0
RM0102,Saving Account,03/05/2020,57996.0
,Current Account,2019-07-07,50314.0
RM0182,Current Account,2026-01-03,14630.0
RM0003,Current Account,03-24-2021,75374.0
RM0181,ULIP,2019-10-03,56071.0
RM0237,Mutual Funds,12-03-2025,64158.0
RM0116,ULIP,21/12/2023,124538.0
RM0199,Life Insurance,2026-06-24,86614.0
RM0190,Loan Against Property,03-12-2023,85914.0
,Mutual Funds,2021-02-20,140990.0
RM0096,Current Account,2020-09-02,239934.0
RM0102,Life Insurance,2023-12-29,53527.0
RM0200,Health Insurance,2021-10-23,15763.0
RM0048,Credit Card,30/07/2020,40728.0
RM0069,Credit Card,2021-08-19,87464.0
RM0098,Recurring Deposit,2020-06-18,11405.0
RM0026,Mutual Funds,2022-12-03,12928.0
RM0128,Health Insurance,2022-07-13,13475.0
RM0031,Saving Account,05-10-2021,75658.0
RM0091,Recurring Deposit,2023-03-07,44774.0
RM0245,Term Insurance,2021-08-14,-1000.0
RM0206,Credit Card,2020-06-11,33014.0
,Mutual Funds,2023-06-02,15581.0
RM0073,Fixed Deposit,2023-12-13,75883.0
RM0040,Life Insurance,2019-10-10,29358.0
RM0196,Current Account,2024-01-22,25416.0
RM0199,Credit Card,24/12/2023,62823.0
RM0021,Life Insurance,2025-03-10,50936.0
RM0132,Gold Investment,2019-01-26,32503.0
RM0147,Current Account,2024-10-26,61289.0
RM0185,Recurring Deposit,2025-03-24,25819.0
RM0147,Current Account,01/08/2019,89195.0
RM0174,Life Insurance,2026-08-07,23024.0
RM0098,Saving Account,09/05/2020,18648.0
RM0027,Current Account,04-28-2021,86263.0
RM0049,ULIP,2023-11-11,71531.0
RM0209,Current Account,04/07/2023,20083.0
RM0136,Loan Against Property,2024-10-23,16178.0
RM0038,Gold Investment,2022-03-09,101131.0
RM0139,Fixed Deposit,2021-09-23,84939.0
RM0104,Life Insurance,2021-03-08,29819.0
RM0226,Current Account,2024-05-27,63676.0
,ULIP,01-25-2023,16628.0
RM0201,Life Insurance,2024-03-27,45367.0
RM0142,mutual funds,2023-07-24,10945.0
RM0236,Mutual Funds,,34846.0
RM0108,Loan Against Property,31/12/2022,13889.0
RM0084,Gold Investment,2023-10-23,42231.0
RM0227,Fixed Deposit,2024-01-06,37381.0
RM0141,RECURRING DEPOSIT,07-11-2019,39383.0
RM0082,Loan Against Property,31/07/2020,12319.0
RM0028,Saving Account,2025-02-09,32440.0
RM0036,fixed deposit,,80628.0
RM0189,Mutual Funds,2025-10-10,33015.0
RM0127,Saving Account,2026-06-03,72793.0
RM0171,Life Insurance,11-25-2020,33060.0
RM0166,ULIP,03-01-2024,37516.0
RM0162,Saving Account,2020-01-23,51493.0
RM0195,Saving Account,2021-12-06,160473.0
RM0114,Mutual Funds,2022-01-11,15762.0
RM0159,Credit Card,2023-10-19,11673.0
RM0007,Term Insurance,,56819.0
RM0093,Loan Against Property,2019-08-26,158891.0
RM0065,Current Account,2019-10-16,238892.0
RM0099,Gold Investment,07-24-2026,43098.0
RM0032,Mutual Funds,17/11/2024,41563.0
,Fixed Deposit,07-31-2024,61776.0
RM0186,Loan Against Property,2022-07-15,50555.0
RM0048, Saving Account ,2024-01-05,60268.0
RM0199,Recurring Deposit,2020-12-08,113573.0
RM0087,Health Insurance,2024-05-29,78581.0
RM0055,Current Account,12-20-2019,44346.0
RM0094,Recurring Deposit,2024-10-23,40982.0
RM0228,ULIP,2023-08-24,61027.0
RM0054,Life Insurance,2021-10-02,40413.0
RM0233,ULIP,,40604.0
,Loan Against Property,2021-12-24,10822.0
RM0181,ULIP,2024-10-30,
RM0155, Fixed Deposit ,2022-09-11,19561.0
RM0050,Health Insurance,2025-04-23,43521.0
RM0023,Fixed Deposit,2025-03-06,96482.0
RM0015,Gold Investment,2022-11-20,26336.0
RM0094,Life Insurance,2021-04-27,46974.0
RM0218,Term Insurance,11-18-2022,31153.0
RM0179,Fixed Deposit,2023-05-27,15535.0
RM0098,Saving Account,2024-09-24,168860.0
RM0061,Life Insurance,2019-02-26,88888888.0
RM0094,Gold Investment,12-31-2025,106438.0
RM0162,ULIP,07-13-2023,14087.0
RM0094,Mutual Funds,29/04/2021,73610.0
RM0149,Credit Card,2021-05-08,31353.0
RM0092,Current Account,2025-07-29,273436.0
RM0069,Term Insurance,2022-09-03,28005.0
RM0079,Term Insurance,09-19-2020,23638.0
RM0098,ULIP,2020-09-18,51953.0
RM0131,Current Account,08-01-2023,100128.0
RM0152,Current Account,2025-07-03,20691.0
RM0019,Credit Card,02-19-2019,71790.0
RM0078,Saving Account,2022-09-26,13168.0
RM0141,Gold Investment,2019-04-13,135625.0
RM0249,Term Insurance,2023-01-18,14227.0
RM0222,Credit Card,2024-02-28,132805.0
RM0248,Credit Card,2024-08-03,43746.0
RM0089,Loan Against Property,2019-08-18,39718.0
RM0183,Term Insurance,,191167.0
RM0082,Life Insurance,2021-01-08,242217.0
RM0015,Loan Against Property,2022-07-17,62516.0
RM0164,Gold Investment,2023-09-14,16797.0
RM0005,Mutual Funds,2019-02-05,45278.0
RM0185,Gold Investment,31/05/2022,47662.0
RM0237,Health Insurance,02-24-2019,46123.0
RM0076,Loan Against Property,,52139.0
RM0228,Current Account,2022-04-29,10945.0
RM0022,ULIP,2024-07-28,
RM0214,Life Insurance,2023-06-17,72105.0
RM0196,Health Insurance,2024-01-23,72308.0
RM0167,Mutual Funds,2019-03-11,16134.0
RM0120,Recurring Deposit,05-23-2026,52226.0
RM0078,Health Insurance,2024-01-04,52008.0
RM0125,Fixed Deposit,2025-12-19,67356.0
RM0115,Current Account,2024-10-22,14463.0
RM0048,Health Insurance,2024-10-01,59242.0
RM0230,Recurring Deposit,,26477.0
RM0126,Saving Account,2024-10-23,45362.0
RM0247,Life Insurance,2020-04-06,84211.0
RM0236,Saving Account,2019-08-26,71148.0
RM0170,Gold Investment,2023-10-29,16329.0
RM0012,Mutual Funds,2023-05-22,54724.0
RM0230,Mutual Funds,01-24-2023,183876.0
RM0140,Health Insurance,01-10-2026,18525.0
RM0198,Gold Investment,2021-11-04,105834.0
RM0038,Recurring Deposit,2026-02-21,70625.0
RM0167,Health Insurance,13/05/2022,84361.0
RM0202,Current Account,31/07/2023,26561.0
RM0063,Current Account,12-31-2025,26976.0
RM0025,current account,2023-06-08,128233.0
RM0068,Current Account,01/07/2020,32301.0
RM0245,Fixed Deposit,2022-12-08,13254.0
RM0206,Loan Against Property,04-22-2022,55889.0
RM0149,Term Insurance,2023-09-07,16666.0
RM0115,Loan Against Property,14/09/2023,89628.0
RM0107,ULIP,19/01/2025,61325.0
RM0103,Gold Investment,2023-01-10,113862.0
RM0239,Credit Card,2025-08-28,86818.0
RM0212,Fixed Deposit,10-27-2025,15945.0
RM0143,Fixed Deposit,2020-11-16,33988.0
RM0135, Mutual Funds ,,
RM0083,Term Insurance,2025-03-12,88888888.0
RM0154,Recurring Deposit,2019-12-11,84485.0
RM0044,Current Account,08-16-2025,37007.0
RM0184,Fixed Deposit,2019-01-22,189434.0
RM0043,ULIP,09-10-2020,76541.0
RM0177,Recurring Deposit,2022-01-30,10781.0
RM0112,Fixed Deposit,2022-12-27,116007.0
RM0231,Health Insurance,12-04-2020,15312.0
RM0189,Health Insurance,02-14-2024,17571.0
RM0029,Fixed Deposit,07-06-2022,76305.0
RM0247,HEALTH INSURANCE,2024-07-02,110112.0
RM0191,Fixed Deposit,01/08/2019,48431.0
RM0232,Health Insurance,01-10-2025,88888888.0
RM0210,term insurance,2024-09-21,27057.0
RM0081,Life Insurance,2022-06-21,0.0
RM0209,Health Insurance,2023-11-30,31640.0
RM0079,ULIP,2025-07-20,30995.0
RM0024,Current Account,2019-12-07,29776.0
RM0111,Recurring Deposit,08-14-2025,23913.0
RM0127,Credit Card,2020-12-25,56935.0
RM0219,Recurring Deposit,2021-01-24,125332.0
RM0128,Term Insurance,2019-08-12,28342.0
RM0071,ULIP,2021-09-07,20332.0
RM0113,Life Insurance,02-12-2019,101186.0
RM0115,Term Insurance,2022-05-16,77697.0
RM0233,Loan Against Property,2023-10-03,143564.0
RM0181,Life Insurance,12/04/2022,19047.0
RM0067,ULIP,2020-11-03,17788.0
RM0116,Credit Card,06/06/2025,-1000.0
RM0021,Gold Investment,2025-10-07,48982.0
RM0037,Loan Against Property,17/08/2023,57652.0
RM0062,gold investment,2026-03-11,42713.0
RM0178,Health Insurance,2025-09-07,55685.0
RM0155,Saving Account,01-21-2023,19945.0
RM0133,Saving Account,12-17-2023,42659.0
,Saving Account,08-04-2024,63660.0
RM0246,Life Insurance,21/01/2021,38343.0
RM0076,Saving Account,2019-12-05,66885.0
RM0166,Fixed Deposit,2023-12-23,40000.0
RM0105,Credit Card,29/08/2019,30293.0
RM0245,Health Insurance,2019-03-29,28091.0
RM0071,Credit Card,2021-04-16,36458.0
RM0130,Current Account,2025-01-15,11168.0
RM0104,Loan Against Property,2023-07-29,65210.0
RM0070,Credit Card,2021-06-27,103250.0
RM0099,Term Insurance,2025-05-11,31896.0
,Saving Account,2020-10-11,12356.0
RM0057,Term Insurance,2022-03-15,226284.0
RM0198,Loan Against Property,2026-08-04,25305.0
RM0113,Gold Investment,25/06/2019,16769.0
RM0175,Gold Investment,2024-05-20,0.0
RM0210,Health Insurance,,33082.0
RM0107,Fixed Deposit,25/02/2020,77076.0
RM0095,Current Account,2019-04-07,27401.0
RM0147,ULIP,11-05-2020,88888888.0
RM0189,Mutual Funds,24/10/2024,52748.0
RM0224,HEALTH INSURANCE,21/07/2019,36855.0
RM0150,Mutual Funds,2024-03-01,16264.0
RM0141,ULIP,2026-01-05,30045.0
RM0243,Health Insurance,2021-05-18,74525.0
RM0099,Gold Investment,2023-12-04,57337.0
,credit card,2023-03-09,16379.0
RM0144,Current Account,2020-06-24,18915.0
,Recurring Deposit,2026-08-07,61184.0
RM0025,Gold Investment,2022-08-13,93943.0
RM0058,Life Insurance,2023-12-27,31498.0
RM0139,Fixed Deposit,2024-05-19,55231.0
RM0217,Recurring Deposit,2020-04-03,19355.0
RM0175,gold investment,2022-07-13,28653.0
RM0170,Current Account,2024-10-11,11023.0
RM0204,ULIP,2026-03-30,83110.0
,Term Insurance,2025-10-17,35625.0
,Gold Investment,22/06/2025,94675.0
RM0062,ULIP,2026-07-06,71613.0
RM0113,Loan Against Property,23/10/2021,98229.0
RM0165,Fixed Deposit,2025-10-31,26819.0
RM0098,ULIP,2026-03-10,20235.0
RM0069,Recurring Deposit,2024-05-27,188609.0
RM0128,Recurring Deposit,05-10-2024,73173.0
RM0155,Current Account,2023-01-17,99801.0
RM0131,Loan Against Property,2022-02-15,10661.0
RM0156,Fixed Deposit,2021-01-03,31883.0
RM0065,Recurring Deposit,04-13-2025,77898.0
RM0089,Gold Investment,05-21-2019,14059.0
RM0073,Loan Against Property,2025-04-05,51890.0
RM0042,Current Account,2019-09-20,38024.0
RM0127,Gold Investment,2023-07-17,10888.0
RM0077,Mutual Funds,01/08/2025,23457.0
RM0165,Life Insurance,2023-12-22,26759.0
RM0222,Recurring Deposit,03-16-2020,15931.0
RM0055,Life Insurance,2023-05-18,59920.0
RM0082,Loan Against Property,2019-11-29,23879.0
RM0051,Mutual Funds,29/04/2023,26260.0
RM0193,Loan Against Property,10/02/2021,124256.0
RM0132,Mutual Funds,2026-01-25,41473.0
RM0245,Term Insurance,2026-04-04,34889.0
RM0152,Recurring Deposit,06-17-2026,74344.0
RM0221,Credit Card,2019-07-10,130183.0
,Term Insurance,25/01/2022,11267.0
RM0210,Credit Card,,39732.0
,Recurring Deposit,2019-01-20,57180.0
RM0134,Term Insurance,2022-02-03,29177.0
RM0012,Term Insurance,2019-11-14,84009.0
RM0073,Mutual Funds,2025-01-16,187852.0
RM0249,Gold Investment,2020-08-10,153611.0
RM0063,Mutual Funds,04-12-2021,25461.0
RM0099,Life Insurance,2025-11-13,22831.0
RM0089,Loan Against Property,2020-06-23,167901.0
RM0081,Loan Against Property,01/02/2025,40682.0
RM0211,Life Insurance,2023-06-17,21678.0
RM0021,Fixed Deposit,,71378.0
RM0105,Health Insurance,2020-06-13,26733.0
RM0192,Life Insurance,12-06-2020,25547.0
RM0126,Term Insurance,10-28-2020,115701.0
,Loan Against Property,2021-04-07,18865.0
RM0095,Recurring Deposit,2023-09-18,13327.0
RM0016,Fixed Deposit,2020-05-31,25679.0
RM0071,MUTUAL FUNDS,2021-12-18,56690.0
RM0093,Mutual Funds,2023-07-03,16567.0
RM0200,Health Insurance,2023-11-06,41894.0
RM0118,Credit Card,,59354.0
RM0212,Saving Account,2020-08-25,104436.0
RM0222,Life Insurance,,23059.0
RM0112,Mutual Funds,11/05/2025,95008.0
RM0195,Recurring Deposit,2025-12-03,-1000.0
RM0225,Fixed Deposit,2022-02-22,23387.0
RM0119,Loan Against Property,2023-05-31,66469.0
RM0248,Saving Account,2023-07-28,38165.0
RM0072,Loan Against Property,02-05-2019,16090.0
RM0101,Gold Investment,2025-10-21,72634.0
RM0042,Health Insurance,06-30-2019,22279.0
RM0093,Life Insurance,2019-03-27,19717.0
RM0065,HEALTH INSURANCE,2020-12-29,32183.0
,Fixed Deposit,2023-04-07,62963.0
RM0008,Mutual Funds,2026-05-22,23328.0
RM0009,Saving Account,2022-02-27,20146.0
RM0156,Fixed Deposit,2020-03-23,10500.0
RM0093,Saving Account,2023-02-10,41899.0
RM0248,Health Insurance,,37987.0
RM0022,Fixed Deposit,2021-01-24,23320.0
RM0203,Life Insurance,20/07/2022,12757.0
RM0094,Recurring Deposit,2024-12-16,0.0
RM0198,Mutual Funds,10-13-2024,38040.0
RM0091,ULIP,2021-10-03,87606.0
RM0163,Life Insurance,2020-02-18,72812.0
RM0019,Fixed Deposit,2025-08-09,-1000.0
RM0222,Credit Card,2026-08-06,108590.0
RM0216,ULIP,2026-03-18,10481.0
RM0189,Fixed Deposit,,179690.0
RM0166,Mutual Funds,2020-06-27,
RM0239,ULIP,2022-09-18,30882.0
RM0156,Gold Investment,11-07-2020,242288.0
RM0205, Life Insurance ,2025-10-15,24559.0
RM0104,Life Insurance,11-13-2020,41889.0
,Health Insurance,2025-06-23,31842.0
RM0078,Health Insurance,2019-10-18,31984.0
RM0060,Term Insurance,30/04/2025,102347.0
RM0246,Life Insurance,2024-10-05,78603.0
RM0081,Gold Investment,13/02/2022,252371.0
RM0103,Life Insurance,05-11-2024,57533.0
RM0051,life insurance,2024-11-27,41111.0
RM0121,Credit Card,2021-03-10,14719.0
RM0027,Mutual Funds,2019-02-18,293634.0
RM0213,Life Insurance,,50095.0
RM0225,Gold Investment,2023-07-18,70278.0
RM0083,Current Account,,36106.0
RM0077,Credit Card,03-10-2022,49672.0
RM0165,Life Insurance,2026-06-07,152866.0
RM0039,Life Insurance,,19101.0
RM0060,Gold Investment,2019-03-30,27291.0
RM0098,Recurring Deposit,2021-05-19,18247.0
RM0056,ULIP,2026-03-28,88562.0
,Term Insurance,12/11/2020,13202.0
,Health Insurance,2021-02-18,14257.0
RM0147,Loan Against Property,2023-11-02,27726.0
RM0203,Life Insurance,2025-03-26,46096.0
RM0147,CURRENT ACCOUNT,2026-08-06,36066.0
RM0045,Health Insurance,2024-08-03,12292.0
RM0153,Recurring Deposit,,167902.0
RM0158,Term Insurance,2023-06-29,162741.0
RM0241,Term Insurance,05/11/2022,26380.0
RM0053,Recurring Deposit,2023-04-02,75749.0
RM0141,Saving Account,2025-10-20,53205.0
RM0055,Fixed Deposit,2021-09-27,23556.0
RM0137,Life Insurance,2020-07-13,25202.0
RM0046,LIFE INSURANCE,19/07/2022,43780.0
RM0063,Credit Card,12-21-2025,37170.0
,Loan Against Property,25/01/2025,27211.0
RM0205,current account,2021-09-18,92385.0
RM0036,Saving Account,2020-11-07,42837.0
RM0037,Mutual Funds,2020-04-10,63188.0
RM0181,ULIP,2022-09-05,20491.0
RM0030,Loan Against Property,2023-05-12,48125.0
RM0183,Mutual Funds,09-16-2019,29134.0
RM0004,Fixed Deposit,06/10/2025,88888888.0
RM0065,Saving Account,07-10-2021,47371.0
RM0093,ULIP,2021-11-26,85894.0
RM0103,Current Account,2026-07-23,83248.0
RM0070,Saving Account,02-23-2023,31864.0
RM0118,Health Insurance,2022-07-06,69253.0
RM0226,Recurring Deposit,2025-03-14,151757.0
RM0101,Credit Card,2019-05-09,59130.0
RM0101,Current Account,,18032.0
RM0182,Saving Account,12/02/2019,0.0
RM0071,Fixed Deposit,10/06/2024,66926.0
RM0017,Fixed Deposit,2021-02-03,15541.0
RM0093,Credit Card,2025-09-03,112829.0
RM0016,Life Insurance,11-01-2022,46351.0
RM0092,Mutual Funds,09/05/2021,34318.0
,Fixed Deposit,11-29-2019,12934.0
RM0227,Current Account,13/01/2024,33965.0
RM0018,ULIP,09-25-2019,126758.0
RM0217,Current Account,2020-04-24,11060.0
RM0112,Fixed Deposit,2025-10-11,42184.0
RM0213,Life Insurance,2025-12-26,143797.0
RM0227,Loan Against Property,2025-09-14,35113.0
RM0167,Life Insurance,2026-02-07,37946.0
RM0080,Loan Against Property,03-17-2023,53203.0
RM0242,Life Insurance,19/07/2021,41082.0
RM0080,Loan Against Property,2024-04-03,19232.0
,Mutual Funds,2023-09-20,10936.0
RM0124,HEALTH INSURANCE,07-28-2024,57056.0
RM0210,Fixed Deposit,2024-02-07,136793.0
RM0170,Life Insurance,2024-05-21,15622.0
RM0086,ULIP,2024-01-25,21846.0
,Loan Against Property,2019-09-02,33119.0
RM0091,Saving Account,2025-01-08,92706.0
RM0204,Loan Against Property,2023-05-21,25684.0
RM0016,Saving Account,03/02/2019,116876.0
RM0046,Fixed Deposit,2019-10-15,12826.0
RM0051,Recurring Deposit,2021-08-26,151474.0
RM0001,Life Insurance,07-08-2026,51133.0
RM0230,Saving Account,2025-02-07,63761.0
RM0171,Life Insurance,2020-06-29,32918.0
RM0083,Credit Card,2021-09-07,86161.0
RM0152,Current Account,2024-05-14,19110.0
RM0156,Term Insurance,2020-10-10,12507.0
RM0203,Fixed Deposit,2020-05-22,35169.0
RM0110,Saving Account,02-08-2019,106103.0
RM0014,Loan Against Property,10/07/2020,-1000.0
RM0191,Health Insurance,07-25-2020,80309.0
RM0037,Credit Card,2025-09-09,46403.0
RM0087, Life Insurance ,08-25-2019,52447.0
RM0051,Mutual Funds,2023-02-27,16956.0
RM0128,CREDIT CARD,2021-12-04,101842.0
RM0139,Current Account,2025-10-19,87313.0
RM0181,ULIP,2024-07-18,63424.0
RM0165,Life Insurance,20/05/2023,41385.0
RM0201,ULIP,2021-02-27,176853.0
RM0023,Mutual Funds,21/09/2019,115611.0
RM0203, Mutual Funds ,03-10-2025,61701.0
RM0008,Mutual Funds,2022-11-25,33244.0
RM0214,Saving Account,09/11/2022,58119.0
RM0121,Health Insurance,09-24-2025,52835.0
RM0021,Current Account,2022-12-31,35063.0
RM0171,ULIP,2025-09-08,28312.0
RM0130,Life Insurance,03-24-2020,36128.0
RM0152,ULIP,2023-07-16,52655.0
RM0214,Mutual Funds,2021-12-10,37942.0
RM0245,Saving Account,2019-06-03,25297.0
RM0240,ULIP,05-22-2021,81556.0
RM0206,Gold Investment,2020-12-23,47907.0
RM0033,Fixed Deposit,2024-10-12,13503.0
,Credit Card,17/08/2025,32968.0
RM0085,Mutual Funds,2023-07-14,118103.0
RM0197,Credit Card,2021-02-20,80373.0
RM0068,Term Insurance,2020-05-06,29522.0
RM0008,Loan Against Property,2023-09-18,149178.0
RM0131,Health Insurance,2024-04-27,13984.0
,Fixed Deposit,2020-02-22,172511.0
RM0220,Recurring Deposit,2024-10-13,24098.0
RM0144,Recurring Deposit,2024-11-25,10456.0
RM0197,Loan Against Property,04-28-2024,38441.0
RM0083,ULIP,13/04/2020,32233.0
RM0250,Gold Investment,2022-11-12,48727.0
RM0057,Loan Against Property,2025-07-03,89671.0
RM0020,Term Insurance,2025-09-23,102394.0
RM0018,Term Insurance,2026-01-09,35643.0
RM0159,Loan Against Property,2022-11-26,-1000.0
,Mutual Funds,2025-03-31,38092.0
,Fixed Deposit,2025-02-03,18018.0
RM0137,ULIP,2019-12-16,12435.0
RM0112,Current Account,2022-07-23,61251.0
RM0141,Credit Card,08/08/2020,13330.0
,Credit Card,2026-07-17,76181.0
RM0031,ULIP,15/04/2021,48727.0
RM0244,Credit Card,2024-08-19,21068.0
RM0179,Term Insurance,2025-11-09,48774.0
RM0152,Credit Card,01/02/2023,20105.0
RM0129,Loan Against Property,2021-11-26,38878.0
RM0049,Current Account,2026-04-12,90362.0
RM0084,Loan Against Property,2020-10-29,40987.0
RM0089,ULIP,07-05-2020,18049.0
RM0151,ULIP,2020-05-07,74336.0
RM0072,Gold Investment,23/02/2021,20336.0
RM0170,Credit Card,02-11-2026,77075.0
RM0006,ULIP,2024-07-14,42634.0
RM0132,Fixed Deposit,2019-10-24,40233.0
RM0100,Gold Investment,2024-11-15,105336.0
RM0155,Health Insurance,2024-06-04,71653.0
RM0030,Mutual Funds,19/05/2023,11673.0
RM0164,Recurring Deposit,2022-06-04,27561.0
RM0214,Fixed Deposit,22/10/2022,112366.0
RM0038,Loan Against Property,2020-04-09,10924.0
RM0072,Life Insurance,2023-05-21,49400.0
RM0182,ULIP,2026-02-25,75065.0
RM0204,Health Insurance,05-11-2025,58624.0
RM0055, Saving Account ,2023-01-07,81466.0
RM0186,Mutual Funds,2024-02-18,0.0
RM0222,Life Insurance,2026-01-17,74675.0
RM0125,Health Insurance,2023-04-17,68887.0
RM0192,life insurance,2025-05-13,96169.0
RM0057,RECURRING DEPOSIT,2021-08-04,61879.0
RM0185,Term Insurance,2022-10-28,35743.0
RM0159,Gold Investment,2025-08-24,41924.0
RM0212,Fixed Deposit,2020-01-27,73066.0
RM0165,ULIP,2023-03-21,114497.0
RM0218,Fixed Deposit,03-05-2020,25887.0
RM0207,Current Account,2025-05-07,30933.0
RM0086,Saving Account,10-08-2019,143493.0
,Life Insurance,2020-03-23,53198.0
RM0055,ULIP,2025-06-04,19859.0
RM0179,Mutual Funds,2022-06-23,64486.0
RM0087,Current Account,2024-05-18,244222.0
RM0139,Fixed Deposit,2023-02-03,96708.0
RM0023,Credit Card,2021-03-14,78470.0
RM0007,Term Insurance,2024-12-12,21662.0
RM0047,ULIP,29/03/2025,114430.0
,MUTUAL FUNDS,2022-07-08,47305.0
RM0004,saving account,2023-11-24,
RM0196,Life Insurance,03/03/2019,120042.0
RM0201,Fixed Deposit,2021-03-30,30011.0
RM0229,ULIP,06/06/2026,13202.0
RM0125,Gold Investment,2024-06-19,42310.0
RM0048,Term Insurance,,25724.0
RM0124,Saving Account,11-09-2022,72803.0
RM0060,Life Insurance,2019-03-11,167451.0
RM0190,Term Insurance,2019-10-05,68716.0
RM0245,Saving Account,2024-07-20,118989.0
RM0097,Loan Against Property,2021-05-18,40167.0
RM0087,Loan Against Property,2019-01-26,83841.0
RM0163,Credit Card,01/04/2019,102589.0
RM0145,Gold Investment,06/05/2020,72044.0
RM0218,Term Insurance,06-22-2025,-1000.0
RM0027,Recurring Deposit,2021-05-07,45441.0
RM0119,Credit Card,29/09/2025,59157.0
RM0216,Gold Investment,27/02/2026,70283.0
RM0241,Term Insurance,2022-04-13,24590.0
RM0077,Life Insurance,2021-02-12,92925.0
RM0173,Saving Account,2022-01-03,160112.0
RM0095,Credit Card,2021-07-10,41296.0
RM0120,Current Account,2025-03-29,70376.0
RM0147,Life Insurance,2019-09-30,76784.0
RM0179,Loan Against Property,2024-10-28,64272.0
RM0195,Credit Card,2022-09-05,49605.0
RM0037,Term Insurance,2025-09-20,116704.0
RM0189,Term Insurance,2022-05-24,0.0
RM0110,Current Account,2019-07-13,39794.0
RM0086,Gold Investment,12/05/2024,13152.0
RM0087,ULIP,2025-10-29,103073.0
RM0232,Saving Account,03/02/2022,66040.0
RM0068,Loan Against Property,06/04/2023,104609.0
RM0017,Health Insurance,2024-12-21,17456.0
RM0134,ULIP,,11561.0
RM0013,Recurring Deposit,03-13-2023,88888888.0
RM0013,ULIP,,146189.0
RM0049,Loan Against Property,2023-05-13,17992.0
RM0232,Gold Investment,2019-12-23,92945.0
RM0096,Mutual Funds,24/02/2022,96639.0
RM0160,Credit Card,2023-02-16,71670.0
RM0106,Saving Account,2026-03-09,17035.0
RM0166,Current Account,06-30-2024,65040.0
RM0074,ULIP,06-24-2019,119950.0
RM0157,Credit Card,28/01/2020,37715.0
RM0208,Loan Against Property,2019-10-19,36680.0
RM0013,ULIP,2022-04-17,39246.0
RM0166,ulip,2025-09-30,14292.0
RM0145,Saving Account,03-12-2021,121293.0
RM0068,Current Account,2025-10-26,111697.0
RM0014,Credit Card,06-10-2022,318513.0
RM0250,Fixed Deposit,2025-06-10,53995.0
RM0204,Recurring Deposit,2023-07-31,79553.0
RM0070,Health Insurance,2024-08-23,21324.0
RM0137,ULIP,2019-08-03,-1000.0
RM0001,ULIP,,65060.0
RM0162,Mutual Funds,2025-12-28,62452.0
RM0076,Life Insurance,2021-01-17,125737.0
RM0091,Loan Against Property,2021-04-15,98831.0
RM0008,Health Insurance,2025-02-25,149408.0
RM0060,Term Insurance,2023-06-06,111564.0
RM0195,Health Insurance,2022-10-02,111511.0
RM0024,Current Account,2024-01-21,13292.0
RM0088,Gold Investment,02-12-2024,103527.0
RM0221,Life Insurance,2020-09-30,56758.0
RM0066,Loan Against Property,2025-01-28,33937.0
,credit card,29/07/2023,12908.0
RM0171,Health Insurance,2019-11-17,66609.0
RM0149,loan against property,2025-07-24,29889.0
RM0046,Saving Account,2022-05-08,41534.0
RM0194,Gold Investment,2019-11-29,67242.0
RM0149,recurring deposit,2020-11-28,131392.0
RM0088,Life Insurance,12/06/2019,97273.0
RM0196,Saving Account,22/10/2025,39946.0
RM0093,Fixed Deposit,2023-10-03,34533.0
RM0152,Credit Card,2022-08-29,23707.0
RM0013,Life Insurance,2022-09-18,33294.0
RM0136,Credit Card,2022-03-31,15885.0
RM0212,Health Insurance,2025-03-15,187205.0
RM0228,Recurring Deposit,05/10/2019,52656.0
RM0151,Term Insurance,2021-05-18,16837.0
RM0067,Health Insurance,2022-08-13,31755.0
RM0159,Term Insurance,17/12/2023,49597.0
RM0135,Mutual Funds,02/09/2022,48059.0
RM0133,Recurring Deposit,2023-10-15,11807.0
RM0010,Term Insurance,28/11/2020,160634.0
RM0183,Credit Card,2020-07-27,26105.0
RM0231,Credit Card,2024-02-29,10815.0
RM0250,Gold Investment,2022-03-07,13976.0
RM0178,Life Insurance,2019-04-05,53398.0
,Saving Account,2019-11-08,
RM0236,Health Insurance,2024-03-24,17412.0
RM0107,Gold Investment,12-13-2019,12131.0
RM0107,MUTUAL FUNDS,2022-12-06,33871.0
RM0011,Current Account,14/07/2026,58743.0
RM0092,Current Account,2023-09-21,15930.0
RM0152,Life Insurance,2019-11-28,28794.0
RM0132,Health Insurance,2024-08-01,37043.0
RM0137,Fixed Deposit,2019-09-11,18685.0
RM0062,Credit Card,08-16-2025,45268.0
RM0019,LIFE INSURANCE,2026-03-10,14453.0
,Recurring Deposit,2019-07-01,12381.0
RM0196,Mutual Funds,2020-02-11,46681.0
RM0059,Saving Account,04-20-2022,24244.0
RM0235,Credit Card,2021-10-14,15011.0
RM0080,Term Insurance,2023-09-19,88888888.0
RM0040,Life Insurance,2023-04-02,37574.0
RM0183,Credit Card,19/07/2023,133338.0
RM0041,Health Insurance,2021-05-22,74402.0
RM0060,Loan Against Property,04-11-2021,94536.0
RM0104,Saving Account,2020-03-07,112752.0
RM0173,Recurring Deposit,15/01/2025,189911.0
RM0007,Life Insurance,2022-11-03,82036.0
RM0010,Loan Against Property,07/08/2020,56876.0
RM0170, Current Account ,2026-04-16,32740.0
RM0011,Gold Investment,2021-02-24,20022.0
RM0036,Loan Against Property,2023-10-05,68023.0
RM0149,Current Account,20/05/2020,274418.0
RM0070,Fixed Deposit,2019-02-28,41495.0
RM0141,life insurance,2024-09-26,74309.0
RM0134,Gold Investment,,44168.0
RM0022,Current Account,2023-12-31,38275.0
RM0215,Recurring Deposit,2024-12-25,36407.0
RM0175,Term Insurance,2023-05-12,45121.0
RM0151,Term Insurance,2022-01-11,32856.0
RM0196,Recurring Deposit,2022-12-02,79069.0
RM0156,Health Insurance,2023-06-14,113681.0
RM0036,Loan Against Property,2024-01-20,117230.0
RM0020,Credit Card,2019-10-05,22919.0
RM0004,Term Insurance,,123124.0
RM0129,Recurring Deposit,2022-06-22,30893.0
RM0055,Mutual Funds,2026-03-23,28503.0
,Gold Investment,2021-08-27,74869.0
RM0123,Loan Against Property,2020-05-25,28170.0
RM0182,Loan Against Property,16/06/2020,12721.0
RM0029,Recurring Deposit,24/10/2019,33389.0
RM0072,Health Insurance,2022-01-15,73910.0
RM0090,Life Insurance,2026-03-14,29797.0
RM0201,Fixed Deposit,2021-11-28,59653.0
RM0011,Life Insurance,2026-03-26,63958.0
RM0141,Health Insurance,2022-11-07,76163.0
RM0214,Current Account,2025-01-02,123714.0
RM0211,Current Account,2022-02-01,38331.0
RM0204,Health Insurance,15/08/2022,19102.0
RM0044,Fixed Deposit,2024-11-02,29204.0
RM0066,Saving Account,2022-07-26,38296.0
,Life Insurance,2025-04-25,72569.0
RM0148,Current Account,17/11/2023,10660.0
RM0032,Loan Against Property,2024-02-05,28974.0
RM0215,Health Insurance,2021-11-30,85670.0
RM0050,life insurance,2024-10-20,65563.0
RM0033,Credit Card,06-08-2021,75789.0
RM0097,Life Insurance,05/05/2024,93515.0
,Saving Account,26/11/2022,86447.0
RM0147,Recurring Deposit,2024-12-14,67314.0
RM0118,Loan Against Property,2022-01-21,38960.0
RM0031,Saving Account,2023-12-08,215518.0
RM0159,Credit Card,2025-06-10,52090.0
,Fixed Deposit,2026-06-25,21330.0
RM0223,Life Insurance,2020-03-20,27322.0
RM0081,Recurring Deposit,2020-11-28,69137.0
RM0098,Term Insurance,10-11-2022,139340.0
RM0118,Saving Account,2025-09-27,19844.0
RM0148,Gold Investment,2023-11-28,14296.0
RM0212,Gold Investment,2024-11-16,116655.0
RM0203,Saving Account,2025-04-02,133418.0
RM0110,Mutual Funds,02-06-2026,26174.0
RM0010,Fixed Deposit,2026-04-16,33683.0
RM0014,Loan Against Property,2023-10-14,63968.0
RM0181,Gold Investment,09-08-2020,30018.0
RM0070,Fixed Deposit,2025-11-05,114843.0
RM0212,Mutual Funds,03-05-2020,15690.0
RM0180,Life Insurance,,11936.0
RM0184,Loan Against Property,06-22-2024,21690.0
RM0106,Health Insurance,2020-10-25,26849.0
RM0165,Term Insurance,2023-09-11,15991.0
RM0088,Recurring Deposit,2024-07-25,13397.0
RM0088,Term Insurance,2020-05-28,80449.0
RM0126,ULIP,01/04/2020,18972.0
RM0114,Recurring Deposit,2021-11-02,132625.0
RM0062,Saving Account,2020-08-29,32943.0
RM0084,Gold Investment,2025-04-29,65525.0
RM0122,Term Insurance,07/03/2024,22770.0
RM0024,Loan Against Property,2024-03-14,23743.0
RM0019,Credit Card,2021-12-07,52749.0
RM0040,Credit Card,18/07/2020,51122.0
RM0053,HEALTH INSURANCE,,83208.0
,MUTUAL FUNDS,01-16-2026,80902.0
RM0113,Term Insurance,15/10/2022,65537.0
RM0219,Current Account,2025-11-05,39812.0
RM0158,Loan Against Property,12-02-2021,120655.0
RM0169,Loan Against Property,2025-05-03,88888888.0
RM0118,Recurring Deposit,2025-06-29,58719.0
RM0239,Fixed Deposit,2019-11-22,241260.0
RM0031,HEALTH INSURANCE,2022-04-20,95565.0
RM0157,Credit Card,2019-12-10,12266.0
RM0198,ULIP,28/04/2021,29326.0
RM0049,SAVING ACCOUNT,02/11/2024,52417.0
RM0055,Mutual Funds,2023-10-28,73911.0
RM0236,Health Insurance,08-10-2021,49962.0
RM0032,Life Insurance,2022-12-03,87119.0
RM0169,Health Insurance,2024-10-04,26609.0
RM0195,Current Account,2025-02-27,20161.0
,Credit Card,04-14-2026,12771.0
RM0162,Term Insurance,06-20-2022,52585.0
RM0166,saving account,2021-05-05,68333.0
RM0028,Term Insurance,2022-11-11,29737.0
RM0162,Health Insurance,,57542.0
RM0240,Health Insurance,2025-07-25,12678.0
RM0047,Fixed Deposit,2025-01-02,15228.0
RM0120,Credit Card,02-15-2021,70491.0
RM0027,Fixed Deposit,2022-06-13,32948.0
RM0203,Term Insurance,2019-02-07,65635.0
RM0046,ULIP,2021-03-08,99106.0
RM0006,Recurring Deposit,2023-10-18,105737.0
RM0065,Recurring Deposit,,19447.0
RM0061,Loan Against Property,28/01/2021,43304.0
,Health Insurance,2024-11-22,76199.0
RM0187,Recurring Deposit,2023-03-07,84356.0
RM0187,Fixed Deposit,2020-04-22,86780.0
RM0158,ULIP,20/09/2021,22949.0
RM0209,Saving Account,2020-07-07,20692.0
RM0202,ULIP,05/07/2022,54581.0
RM0134,Life Insurance,2019-02-09,77562.0
RM0197,Credit Card,07-30-2024,29219.0
RM0248,HEALTH INSURANCE,2026-07-03,15530.0
RM0249,Mutual Funds,2026-01-06,0.0
RM0064,Gold Investment,,73070.0
RM0136,Health Insurance,2024-05-31,27812.0
RM0003,Health Insurance,2020-01-06,19097.0
RM0051,Mutual Funds,2020-10-06,17992.0
RM0051,ULIP,2019-06-23,28910.0
RM0228,Saving Account,2025-01-27,54907.0
RM0106,Fixed Deposit,2026-02-12,32189.0
RM0182,Recurring Deposit,04/11/2023,11043.0
RM0235,Term Insurance,04-17-2025,15096.0
RM0044,Fixed Deposit,2026-02-05,27159.0
RM0013,Current Account,28/03/2026,63897.0
RM0080,Life Insurance,,15185.0
RM0005,Term Insurance,03-29-2022,51123.0
RM0137,Life Insurance,21/06/2022,16385.0
RM0062,ULIP,2023-12-18,21888.0
RM0204,Mutual Funds,2020-01-09,19448.0
RM0177,Term Insurance,2021-02-07,13479.0
RM0249,ULIP,26/11/2021,65635.0
RM0120,Fixed Deposit,2022-11-15,41125.0
RM0151,Saving Account,2021-06-28,98908.0
RM0013,Term Insurance,2023-12-05,15206.0
RM0134,Life Insurance,2025-05-23,17817.0
RM0162,Gold Investment,03-08-2023,28297.0
RM0146,ULIP,2021-05-25,82593.0
RM0212,Recurring Deposit,2026-04-18,28246.0
RM0161,Gold Investment,06-08-2026,36247.0
RM0049,Fixed Deposit,2026-03-29,27948.0
RM0057,Current Account,2025-12-24,14181.0
RM0057,Gold Investment,2023-03-07,150200.0
RM0071,Health Insurance,2025-12-02,49763.0
,Term Insurance,2024-01-20,87519.0
RM0123,Gold Investment,01-15-2026,63699.0
RM0183,Current Account,2025-04-16,46103.0
RM0175,Health Insurance,01-22-2020,-1000.0
RM0103,recurring deposit,2024-09-13,14697.0
RM0214,Term Insurance,2021-09-23,61463.0
RM0054,Loan Against Property,2022-10-05,18442.0
RM0194,Life Insurance,2026-04-30,36754.0
RM0113,Fixed Deposit,2021-06-21,59592.0
RM0205,Fixed Deposit,06-13-2025,86215.0
RM0170,Term Insurance,2019-01-08,67766.0
RM0185,Current Account,2019-11-06,65666.0
RM0047,Current Account,2022-04-02,18069.0
RM0224,ULIP,2019-12-22,31242.0
RM0192,Gold Investment,2023-09-11,12193.0
RM0196,Life Insurance,2022-12-02,73554.0
RM0162,Credit Card,,162441.0
RM0246,Health Insurance,2025-04-18,25333.0
RM0100,Mutual Funds,2023-03-01,14589.0
RM0235,Life Insurance,2021-01-14,42272.0
RM0199,Term Insurance,2019-10-19,107140.0
RM0132,Term Insurance,2025-06-21,50145.0
RM0178,gold investment,2022-12-05,12395.0
RM0165,Term Insurance,2022-03-10,193009.0
RM0093,Recurring Deposit,2023-10-01,98202.0
RM0197,Mutual Funds,06/09/2021,17054.0
RM0101,Saving Account,02-07-2025,137422.0
,Term Insurance,2024-10-01,39954.0
RM0211,ULIP,2022-04-10,33252.0
RM0161,Life Insurance,2020-11-09,40906.0
RM0082,Recurring Deposit,2021-02-04,99960.0
RM0086,Credit Card,2021-10-13,63864.0
RM0211,Gold Investment,07-17-2020,13053.0
RM0123,ULIP,,168035.0
RM0207,Credit Card,2026-01-26,17995.0
RM0202,Gold Investment,20/12/2025,78436.0
RM0090, Recurring Deposit ,2024-11-03,60548.0
,Saving Account,2021-12-16,20383.0
RM0048,Current Account,2023-08-27,19360.0
RM0122,Fixed Deposit,2020-07-14,112137.0
RM0179,Loan Against Property,2019-08-15,37210.0
RM0117,Current Account,2022-12-23,63149.0
,Loan Against Property,2019-07-17,45066.0
RM0064,Current Account,2026-04-19,74978.0
RM0029,Saving Account,2021-11-14,42623.0
RM0083,Gold Investment,05-23-2020,26940.0
RM0207,Saving Account,2022-02-24,32579.0
RM0167,Gold Investment,2026-01-04,107977.0
RM0207,Loan Against Property,2023-05-22,41558.0
RM0175,Health Insurance,2024-10-25,22004.0
RM0192,Saving Account,2024-05-27,146365.0
RM0248,Fixed Deposit,2023-04-25,89629.0
RM0038,Current Account,18/03/2023,12863.0
RM0049,Term Insurance,08-13-2020,352614.0
RM0130,Loan Against Property,2025-02-01,69360.0
RM0016,Current Account,,18733.0
RM0234,Current Account,,23535.0
RM0031,Life Insurance,2023-11-15,68955.0
RM0176,Mutual Funds,01-12-2020,85652.0
RM0021,Current Account,03-30-2021,23658.0
RM0245,Mutual Funds,2022-10-31,24850.0
RM0034,Term Insurance,2022-02-15,28344.0
RM0240,Life Insurance,12-31-2025,55567.0
RM0005,Gold Investment,2026-03-31,19426.0
RM0069,Mutual Funds,2022-05-23,15504.0
RM0128,fixed deposit,15/06/2021,66794.0
RM0018,Health Insurance,2021-11-08,85501.0
RM0027,Life Insurance,2026-02-18,44750.0
RM0001,credit card,14/05/2021,32614.0
RM0111,Life Insurance,2022-07-02,38285.0
RM0081,Credit Card,2019-06-02,34584.0
RM0114,Health Insurance,,170924.0
RM0116,Recurring Deposit,2019-08-02,83070.0
RM0243,Life Insurance,2024-11-17,21665.0
RM0145,Gold Investment,2024-08-24,
RM0027,Life Insurance,31/12/2021,34240.0
RM0184,Current Account,2023-10-18,49264.0
RM0024,Life Insurance,2022-12-01,57464.0
RM0130,Term Insurance,2024-07-14,41572.0
RM0027,Mutual Funds,2021-10-28,93069.0
RM0164,Gold Investment,2022-04-13,82966.0
RM0167,Saving Account,22/08/2019,45175.0
RM0087,Health Insurance,2020-11-06,106354.0
RM0220,loan against property,2022-02-12,79533.0
RM0109,Term Insurance,2025-11-20,85385.0
RM0214,Recurring Deposit,2023-03-16,166635.0
RM0190,Mutual Funds,11-20-2021,25494.0
RM0080,Term Insurance,2025-06-04,25574.0
RM0067,Fixed Deposit,2025-10-18,119889.0
RM0010,Loan Against Property,2022-01-04,83970.0
RM0168,Life Insurance,05/02/2026,140554.0
RM0188,Current Account,05-08-2025,13260.0
RM0206,GOLD INVESTMENT,2021-07-01,59410.0
RM0103,Credit Card,2026-07-03,17810.0
RM0056,Mutual Funds,08-08-2023,45048.0
RM0123,Current Account,12/02/2026,18465.0
RM0103,ULIP,01-18-2023,16852.0
RM0073,Mutual Funds,10-07-2024,
,ULIP,2023-12-31,10612.0
, ULIP ,06/08/2023,59744.0
RM0205,Credit Card,09-02-2024,32238.0
RM0126,Life Insurance,2024-05-14,15557.0
RM0223,Current Account,17/02/2022,
RM0064,Mutual Funds,2022-11-12,29492.0
RM0250,Term Insurance,2025-04-04,19252.0
RM0139,Fixed Deposit,10-25-2025,152103.0
RM0092,Fixed Deposit,2025-11-04,29283.0
RM0090,Term Insurance,,30319.0
RM0018,Loan Against Property,06/07/2026,101584.0
RM0236,Mutual Funds,17/07/2024,62171.0
RM0188,Credit Card,02-24-2023,71923.0
RM0025,Health Insurance,31/05/2025,60530.0
RM0010,Recurring Deposit,03-27-2023,156120.0
RM0192,Mutual Funds,2022-12-23,21596.0
RM0084,Fixed Deposit,2024-05-21,235671.0
RM0204,Gold Investment,21/12/2025,98879.0
RM0045,Current Account,26/03/2020,54454.0
RM0246,Gold Investment,2022-12-31,64290.0
RM0180,Health Insurance,2022-04-04,62323.0
RM0245,Recurring Deposit,2026-02-22,13008.0
RM0066,Recurring Deposit,10-19-2021,22296.0
RM0095,Mutual Funds,2024-10-16,172817.0
RM0096,Term Insurance,10-12-2025,48217.0
RM0023,Credit Card,11-11-2024,33769.0
RM0236,Loan Against Property,2022-01-29,81782.0
RM0182,LIFE INSURANCE,2024-02-10,47171.0
,current account,20/08/2022,10662.0
RM0106,Loan Against Property,01-17-2025,76635.0
RM0179,Life Insurance,2025-09-03,75879.0
RM0200,Gold Investment,15/07/2026,19025.0
RM0037,Loan Against Property,2024-03-30,166934.0
RM0097,Credit Card,2025-10-05,22674.0
RM0119,Gold Investment,2021-02-21,40601.0
RM0014,Health Insurance,05-06-2020,16093.0
RM0051,Gold Investment,2022-08-07,56226.0
RM0242,Loan Against Property,,33536.0
RM0041,Life Insurance,2020-01-19,31783.0
RM0130,Recurring Deposit,2025-05-02,97716.0
RM0197,Health Insurance,05/02/2019,10480.0
RM0206,Current Account,2024-11-30,89961.0
RM0208,Current Account,2026-06-23,52367.0
RM0155,Saving Account,2024-09-22,223787.0
,Loan Against Property,24/02/2024,54512.0
RM0189,Credit Card,2026-06-10,12848.0
,Health Insurance,08-08-2019,12598.0
RM0050,Gold Investment,2022-05-12,117344.0
RM0088,Credit Card,11/03/2026,102009.0
,Term Insurance,2023-08-30,31223.0
RM0064,ULIP,2026-03-07,58120.0
,Recurring Deposit,2022-12-15,43627.0
RM0249,Loan Against Property,2020-03-27,-1000.0
RM0085,Life Insurance,2024-06-28,180811.0
RM0244,Gold Investment,10/08/2022,159747.0
RM0019,Loan Against Property,2019-09-16,216257.0
RM0017,Gold Investment,30/03/2020,110663.0
,Gold Investment,2020-05-22,130148.0
RM0232,Term Insurance,2019-07-26,22248.0
,Saving Account,2023-05-08,98894.0
RM0088,Health Insurance,2026-08-02,71697.0
RM0041,ULIP,2026-04-15,174554.0
RM0233,Recurring Deposit,2019-02-11,52345.0
RM0203,Saving Account,,14450.0
RM0239,Health Insurance,30/01/2025,55490.0
RM0198,Term Insurance,2024-03-06,68010.0
RM0084,Gold Investment,2025-03-04,22443.0
RM0197,Recurring Deposit,2019-11-15,35053.0
RM0013,Mutual Funds,,55627.0
RM0248,Gold Investment,2021-06-13,33428.0
RM0121,Gold Investment,2021-12-31,33495.0
RM0146,Gold Investment,2020-05-05,17140.0
RM0063,Loan Against Property,04/05/2023,151296.0
RM0004,Fixed Deposit,2019-11-06,79413.0
RM0150,Recurring Deposit,08/01/2023,10062.0
RM0017,Term Insurance,,82539.0
RM0060,Term Insurance,2023-09-24,77314.0
RM0002,TERM INSURANCE,2026-07-03,10488.0
RM0090,Fixed Deposit,2023-11-10,33070.0
RM0021, Saving Account ,,56665.0
RM0064,Mutual Funds,2025-11-25,40142.0
RM0038,ULIP,2020-06-09,85250.0
RM0077,Term Insurance,20/05/2026,37709.0
RM0054,Saving Account,,18353.0
RM0148,Gold Investment,2023-07-23,197358.0
RM0239,Loan Against Property,2022-11-18,23856.0
RM0028,Recurring Deposit,2026-01-17,73237.0
RM0241,Recurring Deposit,09-21-2021,17724.0
RM0030,Term Insurance,,29950.0
RM0010,Gold Investment,2023-07-14,39172.0
RM0166,Health Insurance,15/02/2026,20674.0
RM0066,Mutual Funds,2020-11-14,39888.0
RM0200,Mutual Funds,2026-07-18,18549.0
RM0240,Saving Account,06-04-2021,50936.0
RM0110,Health Insurance,2019-01-25,64489.0
RM0008,Life Insurance,2026-07-18,13223.0
,Current Account,2026-07-29,112448.0
RM0041,Gold Investment,03-06-2022,20237.0
RM0090,Mutual Funds,21/08/2020,22768.0
RM0087,health insurance,,64139.0
RM0169,Recurring Deposit,2025-03-07,41626.0
RM0187,Credit Card,2019-12-26,44596.0
RM0029,Gold Investment,2020-08-01,16857.0
RM0075,Credit Card,08-23-2024,91926.0
RM0099,Current Account,2022-02-19,57993.0
RM0004,Recurring Deposit,2026-02-03,17273.0
RM0197,Current Account,2021-03-26,33420.0
,Mutual Funds,2019-06-06,93144.0
,ULIP,2024-10-19,52007.0
RM0081,Mutual Funds,20/01/2024,15750.0
RM0093,Credit Card,2019-10-30,33322.0
RM0068,Gold Investment,2020-02-19,23899.0
RM0040,Fixed Deposit,2020-04-08,46435.0
RM0003,Recurring Deposit,2020-05-11,102690.0
RM0173,Fixed Deposit,15/07/2020,38658.0
RM0152,Term Insurance,2026-05-06,38399.0
RM0184,Health Insurance,2021-01-13,127878.0
,Fixed Deposit,2025-04-24,52922.0
,ulip,2025-11-03,51757.0
RM0067,Life Insurance,2022-08-17,25184.0
RM0239,Current Account,2020-06-04,56789.0
RM0163,Term Insurance,2019-10-07,52890.0
RM0241,Health Insurance,08-16-2020,35279.0
RM0247,Life Insurance,2019-10-04,243863.0
RM0046,ULIP,09-01-2023,116807.0
RM0163,Saving Account,2026-07-04,79232.0
RM0230,Mutual Funds,2023-05-14,48538.0
RM0247,Life Insurance,2021-08-21,41000.0
RM0153,Current Account,2021-12-17,20222.0
RM0069,Life Insurance,2024-12-26,28245.0
,Fixed Deposit,10-28-2019,84352.0
RM0138,Gold Investment,2023-07-30,40233.0
RM0033,Life Insurance,2023-05-19,116967.0
RM0171,Loan Against Property,2019-12-11,18003.0
RM0013,Life Insurance,2025-05-02,45499.0
RM0216,Mutual Funds,2023-06-20,62059.0
,Life Insurance,2024-12-02,46371.0
RM0096,Mutual Funds,2021-08-27,120013.0
RM0208,Term Insurance,2025-08-22,238121.0
RM0250,Credit Card,02-28-2021,16155.0
,Recurring Deposit,25/08/2021,16960.0
RM0238,Fixed Deposit,2022-04-24,16981.0
RM0041,Health Insurance,2021-08-31,67155.0
RM0047,ULIP,31/12/2024,33314.0
RM0014,Current Account,2021-11-30,76084.0
RM0149,ULIP,2025-10-04,35999.0
RM0147,Term Insurance,2022-10-15,59390.0
RM0131,Life Insurance,2023-03-15,83452.0
RM0180,Credit Card,2021-07-09,49727.0
RM0098,Recurring Deposit,19/03/2021,48772.0
,Loan Against Property,2023-10-28,14618.0
,Life Insurance,2022-11-28,-1000.0
,TERM INSURANCE,24/12/2023,36447.0
RM0045,Current Account,,49458.0
RM0046,Life Insurance,2023-09-22,40993.0
RM0077,Term Insurance,2024-07-18,125521.0
RM0045,Saving Account,2021-04-19,128506.0
RM0223,Gold Investment,2021-07-02,96275.0
RM0207,Gold Investment,2023-08-19,33524.0
RM0019,Mutual Funds,2025-09-11,73168.0
RM0211,Recurring Deposit,04-26-2026,35150.0
RM0167,Current Account,06-08-2019,23236.0
RM0151,ULIP,2022-07-27,30996.0
RM0104,Fixed Deposit,12/01/2026,13680.0
RM0034,Current Account,2023-05-22,30156.0
RM0226,ULIP,2021-03-24,40878.0
RM0018,Term Insurance,2023-12-31,165591.0
RM0195,Saving Account,2025-09-09,28800.0
RM0180,ULIP,12-13-2023,126371.0
RM0207,Health Insurance,2023-07-07,22994.0
RM0163,Loan Against Property,08/10/2021,20595.0
RM0186,ULIP,24/11/2021,46593.0
,Saving Account,27/07/2023,65815.0
RM0025,Loan Against Property,2023-07-06,12267.0
RM0016,Mutual Funds,2022-12-03,22491.0
RM0138,Mutual Funds,2019-08-21,40411.0
RM0071,Saving Account,2025-04-02,30098.0
RM0198,Saving Account,07-28-2019,72347.0
RM0126,Current Account,2020-01-12,45786.0
RM0104,Saving Account,03/04/2026,18739.0
RM0009,Recurring Deposit,2021-12-21,122435.0
RM0081,Fixed Deposit,2021-08-06,27329.0
RM0188,Loan Against Property,2022-10-14,75676.0
RM0147,Fixed Deposit,2019-07-29,
RM0122,Recurring Deposit,2022-02-17,85687.0
RM0146,Life Insurance,2024-09-28,175055.0
RM0222,Life Insurance,2020-06-22,
RM0104,Life Insurance,2025-07-28,44508.0
RM0168,Mutual Funds,04-03-2021,57834.0
RM0237,CREDIT CARD,2022-02-15,30389.0
RM0042,Mutual Funds,2021-12-31,66688.0
,RECURRING DEPOSIT,2022-04-25,41123.0
RM0091,Mutual Funds,2024-01-07,38781.0
RM0233,Term Insurance,2019-02-02,106712.0
RM0086,HEALTH INSURANCE,2019-11-02,12573.0
RM0120,ULIP,2020-04-25,116837.0
,Fixed Deposit,12/03/2025,105550.0
RM0138,Gold Investment,2025-03-07,45298.0
RM0215,Loan Against Property,18/01/2026,
RM0084,Gold Investment,2025-09-27,43687.0
RM0192,term insurance,2022-06-10,32455.0
RM0203,Mutual Funds,2020-04-11,267269.0
RM0072,ULIP,2019-02-12,15892.0
RM0126,mutual funds,2019-04-30,54606.0
RM0212,Current Account,2025-09-19,67235.0
RM0032,Term Insurance,03-29-2023,146155.0
RM0104,Gold Investment,2026-06-23,85752.0
,Health Insurance,23/08/2020,61619.0
RM0159,Current Account,06/05/2021,16210.0
RM0053,Loan Against Property,2024-09-04,33398.0
RM0052,Loan Against Property,2026-05-15,17473.0
RM0148,Health Insurance,2024-12-17,116521.0
RM0034,Credit Card,08-27-2020,79239.0
RM0034,Recurring Deposit,,80845.0
RM0151,MUTUAL FUNDS,2022-07-20,62814.0
RM0073,Gold Investment,2024-01-25,45366.0
RM0066,Credit Card,2024-06-29,18124.0
RM0178,Recurring Deposit,2026-03-03,30001.0
RM0110,ULIP,,17362.0
,Saving Account,2025-04-02,74533.0
RM0104,Current Account,2025-11-06,18731.0
RM0152,Current Account,2021-07-10,70552.0
RM0055,Recurring Deposit,,68924.0
RM0180,Saving Account,2023-11-27,40744.0
RM0171,Fixed Deposit,2020-06-17,17264.0
RM0148,Saving Account,2021-01-24,28902.0
RM0001,Gold Investment,27/03/2022,29289.0
RM0053,Mutual Funds,24/08/2021,70262.0
RM0018,Life Insurance,2019-10-20,16037.0
RM0029,Current Account,2020-05-22,98324.0
RM0194,Life Insurance,2024-10-07,81566.0
RM0244,Gold Investment,2025-02-23,20308.0
RM0120, Term Insurance ,2019-09-04,73499.0
,Life Insurance,,65208.0
RM0148,Health Insurance,09-01-2021,78940.0
RM0077,Term Insurance,12-04-2020,20469.0
RM0136,Term Insurance,06-07-2021,18574.0
RM0041,Life Insurance,03-22-2025,23491.0
RM0209,Saving Account,2023-12-13,32775.0
RM0234,Life Insurance,05/12/2020,88912.0
RM0210,Loan Against Property,2024-03-21,76956.0
RM0026,Current Account,2025-07-10,139815.0
, Gold Investment ,2023-10-11,13020.0
RM0249,Loan Against Property,2021-09-08,10581.0
RM0121,Saving Account,01/09/2023,70055.0
RM0235,ULIP,08/07/2023,26375.0
RM0091, Saving Account ,2019-11-27,30329.0
RM0184,Gold Investment,08-16-2021,88888888.0
,loan against property,2021-12-14,49571.0
RM0185,Recurring Deposit,2026-07-18,15402.0
RM0093,Gold Investment,2021-02-18,
RM0008,Credit Card,06-06-2026,61458.0
RM0064,MUTUAL FUNDS,2020-06-16,29663.0
RM0069,Gold Investment,10-13-2025,88888888.0
RM0081,Mutual Funds,2020-10-20,60080.0
,Term Insurance,2019-04-27,99790.0
RM0026,Gold Investment,07-06-2025,19383.0
RM0168,Recurring Deposit,2023-04-20,143590.0
,Term Insurance,05-17-2023,47824.0
RM0054,Life Insurance,2022-07-28,138150.0
RM0033,Credit Card,20/04/2025,21642.0
RM0154,Recurring Deposit,02/07/2025,56388.0
RM0033,Current Account,2025-06-13,35866.0
,Mutual Funds,2024-11-13,84410.0
RM0098,Term Insurance,2020-04-04,56558.0
RM0052,Current Account,2023-01-14,44111.0
RM0029,Current Account,2022-11-15,132083.0
RM0225,Loan Against Property,27/12/2022,33669.0
RM0013,Recurring Deposit,12-02-2025,22421.0
RM0190,Mutual Funds,06-27-2026,56837.0
,Term Insurance,,58912.0
RM0054,ULIP,06-20-2021,38910.0
RM0021,Gold Investment,2022-11-12,43335.0
RM0025,Credit Card,2022-12-31,170388.0
RM0028,ulip,2025-06-20,75966.0
,Health Insurance,2021-10-27,15860.0
RM0187,Loan Against Property,2025-07-28,21921.0
RM0129,Gold Investment,2024-03-09,195610.0
RM0053,Saving Account,06/10/2024,74816.0
RM0222,Fixed Deposit,2019-07-26,133281.0
RM0177,Current Account,2019-04-09,28110.0
RM0179,Life Insurance,2026-07-24,77713.0
RM0061,Fixed Deposit,2019-01-08,72588.0
RM0213,TERM INSURANCE,2019-01-07,27455.0
RM0153,Mutual Funds,05-01-2024,50016.0
RM0128,Gold Investment,2023-08-06,59364.0
RM0140,ULIP,2019-12-05,42805.0
RM0070,Saving Account,2021-03-21,97774.0
RM0070,Term Insurance,2021-10-05,99448.0
RM0225,Credit Card,2026-01-07,105056.0
RM0021,Saving Account,2021-03-21,91335.0
RM0240,Term Insurance,2022-01-23,43479.0
RM0051,Fixed Deposit,10/02/2022,34017.0
RM0114,Loan Against Property,2019-05-12,99004.0
RM0052,Term Insurance,2025-07-13,43686.0
RM0019,Recurring Deposit,06/04/2019,24142.0
RM0213,Mutual Funds,2019-01-14,45397.0
RM0225,ULIP,2019-09-27,17648.0
RM0051,Fixed Deposit,2020-03-20,68822.0
RM0116,Health Insurance,2024-08-06,30467.0
RM0164,Mutual Funds,10/01/2023,25099.0
RM0102,Life Insurance,2024-01-06,166759.0
RM0098,Loan Against Property,08/04/2022,0.0
RM0230,Health Insurance,2022-05-11,85002.0
RM0099,Health Insurance,2020-12-03,87339.0
RM0148,ULIP,2019-01-03,58871.0
RM0136,Term Insurance,11/02/2026,101371.0
,HEALTH INSURANCE,2020-05-29,81181.0
RM0184,Current Account,2019-09-26,55661.0
RM0084,Recurring Deposit,2019-09-04,172369.0
RM0021,Credit Card,04-19-2021,20634.0
RM0218,Term Insurance,2024-10-18,153569.0
RM0131,SAVING ACCOUNT,2022-07-19,35661.0
,Mutual Funds,17/09/2019,47581.0
RM0187,Fixed Deposit,2024-06-21,-1000.0
RM0001,Mutual Funds,2023-10-11,16547.0
RM0081,Life Insurance,2021-05-08,48838.0
RM0209,Recurring Deposit,2021-04-07,57235.0
RM0194,Mutual Funds,2019-08-30,313775.0
RM0087,Saving Account,24/10/2020,194830.0
RM0249,Health Insurance,2022-12-05,179657.0
RM0130,Gold Investment,,31415.0
RM0184,Saving Account,07-29-2024,247029.0
RM0212,Mutual Funds,10-20-2024,40392.0
RM0114,Gold Investment,2020-05-05,0.0
RM0096,Health Insurance,03-01-2019,105471.0
RM0217,Current Account,2021-07-10,22187.0
RM0167,Loan Against Property,24/05/2023,45244.0
RM0207,Current Account,2021-06-25,179087.0
RM0109,Saving Account,07/07/2026,156902.0
RM0156,Loan Against Property,06-27-2023,67558.0
RM0172,Loan Against Property,03-15-2020,89928.0
RM0130,Life Insurance,2025-07-18,19705.0
RM0159,Loan Against Property,2021-03-28,73945.0
RM0170,Health Insurance,2024-10-02,58123.0
RM0048,Saving Account,2021-07-01,14800.0
RM0033,Gold Investment,03-18-2022,16004.0
RM0207,Recurring Deposit,2022-06-03,15739.0
RM0205,Saving Account,2021-04-16,74432.0
RM0220,Credit Card,2024-08-13,17640.0
RM0161,ULIP,02/02/2019,41530.0
RM0182,Health Insurance,2019-09-16,32079.0
RM0164,Loan Against Property,09-26-2020,49981.0
RM0231,Fixed Deposit,2020-06-07,71289.0
RM0221,Current Account,2019-04-01,67715.0
RM0052,Mutual Funds,2023-06-01,46233.0
RM0203,CREDIT CARD,12-05-2021,41212.0
RM0058,Saving Account,2021-06-02,35359.0
RM0125,Health Insurance,2025-03-11,108992.0
RM0189,ULIP,2024-03-11,30087.0
RM0039,Fixed Deposit,2023-03-05,25012.0
RM0044,Recurring Deposit,10-31-2023,77995.0
RM0212,Credit Card,2022-06-14,32295.0
RM0236,Health Insurance,2019-09-04,103865.0
RM0058,Term Insurance,02/06/2021,29866.0
RM0108,ULIP,19/08/2022,70523.0
,Saving Account,2024-06-09,12307.0
RM0225,ULIP,08-05-2019,34352.0
RM0242,Fixed Deposit,2025-03-10,31021.0
RM0245,Saving Account,23/11/2025,94825.0
RM0096,Health Insurance,2019-09-10,180646.0
RM0097,ULIP,2025-04-23,40890.0
RM0133,Recurring Deposit,09-17-2025,97101.0
RM0190,Recurring Deposit,2021-07-23,70147.0
RM0165,Loan Against Property,,181150.0
RM0224,Term Insurance,04-09-2020,93329.0
RM0079,Saving Account,2026-01-02,14032.0
RM0211,Gold Investment,2019-03-11,72462.0
RM0040,Life Insurance,2019-11-14,
RM0109,Current Account,2024-03-03,48339.0
RM0113,Recurring Deposit,03/02/2021,10828.0
RM0184,Life Insurance,,24471.0
RM0139,Term Insurance,2026-02-06,137395.0
RM0189,Saving Account,2021-09-28,140225.0
RM0248,Life Insurance,2019-07-02,90185.0
RM0108,ULIP,10-30-2020,210260.0
RM0121,Saving Account,12-27-2020,92135.0
RM0198,Gold Investment,2025-07-18,10512.0
RM0225,ULIP,06-18-2025,26972.0
RM0190,Life Insurance,30/10/2025,11555.0
RM0157,Current Account,09/09/2019,14941.0
RM0151,Current Account,2021-12-19,22348.0
RM0224,Credit Card,2020-09-06,
RM0157,Life Insurance,2025-09-25,45014.0
RM0112,Recurring Deposit,31/08/2023,104040.0
RM0046,Recurring Deposit,09/01/2023,109013.0
RM0141,Current Account,2021-09-12,57881.0
RM0009,Loan Against Property,09-20-2024,141676.0
,Life Insurance,2026-08-07,44663.0
RM0161,ULIP,27/11/2019,119927.0
RM0095,Saving Account,2020-11-30,40262.0
RM0109,Life Insurance,,26232.0
RM0191,Recurring Deposit,2021-07-13,134093.0
RM0090,Mutual Funds,06-17-2022,34545.0
RM0063,Current Account,2021-12-22,44998.0
RM0005,Gold Investment,11/02/2024,29938.0
RM0115,Current Account,2021-10-23,64359.0
RM0247,ULIP,08-11-2021,275229.0
RM0216,ULIP,2024-07-16,11292.0
RM0090,Fixed Deposit,2022-08-24,125053.0
RM0214,Life Insurance,2024-10-31,10196.0
RM0133,Current Account,2023-12-17,32645.0
RM0066,Gold Investment,2019-12-27,19232.0
RM0011,Credit Card,2021-05-08,80805.0
RM0222,Gold Investment,17/09/2022,12596.0
RM0222,ULIP,,50314.0
RM0007,Fixed Deposit,2026-07-06,88888888.0
RM0222,Term Insurance,2019-06-19,27472.0
,Credit Card,2024-06-29,17174.0
RM0184,Mutual Funds,2021-03-17,83880.0
RM0096,Health Insurance,2026-08-02,-1000.0
RM0075, Loan Against Property ,2022-10-19,22257.0
RM0215,Credit Card,2024-01-20,22659.0
RM0221,Life Insurance,03/05/2019,26084.0
RM0013,Mutual Funds,06/06/2020,54187.0
RM0024,Term Insurance,2025-06-10,63891.0
RM0003,Term Insurance,2025-02-09,10887.0
RM0073,Recurring Deposit,09-14-2023,23844.0
RM0197,Life Insurance,03-25-2026,38191.0
RM0079,Fixed Deposit,07-03-2024,30171.0
RM0110,Gold Investment,2020-01-19,0.0
RM0169,Current Account,2020-05-31,88888888.0
RM0214,Loan Against Property,2026-07-15,117781.0
RM0246,Current Account,2023-03-19,87489.0
RM0236,Loan Against Property,2020-01-08,59160.0
RM0040, Credit Card ,2019-12-18,30627.0
RM0200,FIXED DEPOSIT,08-12-2022,70310.0
RM0086,Saving Account,2024-09-18,102779.0
RM0219,Credit Card,2021-06-19,55172.0
RM0150,Gold Investment,2026-03-04,86730.0
RM0019,Gold Investment,,79136.0
RM0099,Gold Investment,2026-01-26,52400.0
RM0021,Life Insurance,2025-05-08,28711.0
,TERM INSURANCE,30/09/2021,78478.0
RM0098,Health Insurance,2024-12-17,21583.0
RM0126,Credit Card,02-29-2020,85590.0
RM0202,Fixed Deposit,2025-05-10,91621.0
RM0112,Fixed Deposit,2025-01-08,96339.0
RM0110,Life Insurance,2026-02-14,42019.0
RM0154,Term Insurance,2024-09-13,20689.0
RM0179,Fixed Deposit,2019-06-14,15252.0
RM0170,ULIP,2021-09-08,78004.0
RM0166,Saving Account,2025-02-24,118692.0
RM0056,Saving Account,01/10/2020,62611.0
RM0204,Current Account,2025-02-14,17783.0
RM0036,Recurring Deposit,08-22-2019,146588.0
RM0161,Health Insurance,2022-11-19,235958.0
RM0089,Fixed Deposit,30/04/2021,38403.0
RM0187,Loan Against Property,04-26-2019,55171.0
RM0181,ULIP,2026-07-06,85080.0
RM0108,Loan Against Property,2019-06-28,76664.0
RM0237,Fixed Deposit,2020-08-13,181769.0
RM0053,Gold Investment,05-23-2025,16101.0
RM0053,Current Account,02-16-2019,53461.0
RM0177,Gold Investment,2025-06-27,68871.0
,Recurring Deposit,2020-06-13,120408.0
RM0064,Credit Card,2023-08-26,113617.0
RM0046,Credit Card,,200835.0
RM0237,credit card,2023-12-19,88888888.0
RM0099,Recurring Deposit,2023-12-28,45880.0
RM0017,Mutual Funds,2025-07-04,98822.0
RM0233,Credit Card,2024-01-25,37868.0
RM0083,Gold Investment,2023-11-05,37436.0
RM0109,Recurring Deposit,2025-04-05,24607.0
RM0115,ULIP,04/11/2025,95252.0
RM0189,Current Account,2024-07-21,222778.0
RM0035,Recurring Deposit,09-08-2021,24808.0
RM0099,CREDIT CARD,2020-08-18,12888.0
RM0138,Health Insurance,2019-03-19,94516.0
RM0229,Health Insurance,2022-06-19,58409.0
RM0072,ULIP,2022-07-13,170568.0
RM0083,Credit Card,2025-03-22,0.0
RM0032,Term Insurance,2024-12-19,0.0
,Recurring Deposit,2025-04-13,24533.0
RM0165,Mutual Funds,2020-03-20,13683.0
,Gold Investment,2024-03-10,43907.0
RM0044,Term Insurance,2025-01-12,14467.0
RM0133,Life Insurance,,25176.0
RM0235,Saving Account,2024-05-17,16732.0
RM0160,Current Account,2024-08-10,22688.0
RM0161,Loan Against Property,2022-01-19,0.0
RM0055,mutual funds,18/07/2023,15610.0
RM0212,Loan Against Property,2022-03-22,163853.0
RM0190,Fixed Deposit,22/02/2025,26325.0
RM0078,Mutual Funds,2020-02-19,39340.0
RM0133, Mutual Funds ,2025-02-11,124439.0
RM0066,Mutual Funds,2023-04-21,66554.0
RM0034,Loan Against Property,08/02/2024,58121.0
RM0123,Fixed Deposit,2019-06-13,71134.0
RM0053,term insurance,2026-03-07,98252.0
RM0194,Life Insurance,2025-03-25,115051.0
RM0062,Gold Investment,09-12-2020,61450.0
RM0233,Recurring Deposit,2024-08-30,120367.0
RM0123,Current Account,28/03/2022,48328.0
,Gold Investment,2024-12-04,26237.0
RM0030,ULIP,2022-12-09,116045.0
RM0080, Current Account ,2024-01-08,48986.0
RM0158,Health Insurance,2019-03-07,128296.0
RM0244,Credit Card,2025-04-20,12049.0
RM0179,Fixed Deposit,2024-02-26,35334.0
RM0099,Mutual Funds,17/07/2024,157638.0
RM0119, Credit Card ,2023-02-08,24360.0
RM0183,Current Account,,151967.0
RM0091,Term Insurance,2020-03-02,88888888.0
RM0223,Credit Card,2019-03-29,163849.0
RM0173,Current Account,06-18-2024,-1000.0
RM0085, Loan Against Property ,2025-11-18,116913.0
RM0151,Credit Card,2020-05-31,51467.0
RM0072,Saving Account,,62055.0
RM0168,Current Account,2021-12-17,111863.0
RM0017,Recurring Deposit,2026-04-08,84782.0
RM0014,Current Account,13/05/2026,59725.0
RM0244,Life Insurance,2023-05-09,211594.0
RM0197,Loan Against Property,2022-12-24,67866.0
RM0115,loan against property,2022-04-20,195417.0
RM0112,Mutual Funds,2024-10-05,12955.0
RM0232,Credit Card,20/03/2019,17480.0
RM0015,ULIP,09-27-2021,40024.0
RM0086,Gold Investment,2026-06-25,34296.0
RM0005,Term Insurance,2022-10-09,86331.0
RM0085,Life Insurance,2024-02-26,18754.0
RM0157,Fixed Deposit,22/08/2019,196683.0
RM0030,Credit Card,08-25-2024,28921.0
RM0228, Gold Investment ,2022-08-26,38011.0
RM0059,Gold Investment,2020-12-04,26061.0
RM0200,Fixed Deposit,12-13-2024,53299.0
RM0081,Gold Investment,05-05-2025,13020.0
RM0147,ULIP,2021-02-26,18106.0
RM0152,Loan Against Property,2021-10-16,78481.0
RM0245,Current Account,2026-03-31,20320.0
RM0106,Mutual Funds,2019-03-12,23427.0
RM0085,Life Insurance,2025-10-06,88747.0
RM0199,Gold Investment,28/04/2019,14897.0
RM0063,Loan Against Property,2019-04-12,38765.0
RM0122,Gold Investment,07-25-2025,11166.0
RM0234,Health Insurance,25/01/2023,31294.0
RM0112,Loan Against Property,2024-11-05,70029.0
RM0003,ULIP,2023-11-02,14721.0
RM0031,Term Insurance,06-29-2026,
,Mutual Funds,,119612.0
RM0071,Mutual Funds,2023-02-11,130119.0
RM0003,Current Account,2026-06-25,15546.0
RM0147,Recurring Deposit,,244061.0
RM0196,Saving Account,2022-12-02,27657.0
RM0124,Term Insurance,2024-08-28,14392.0
RM0205,Health Insurance,07/07/2026,10253.0
RM0242,Life Insurance,,36256.0
RM0160,Recurring Deposit,,59686.0
RM0101,Gold Investment,11-08-2022,30186.0
RM0135,Loan Against Property,11-10-2019,100613.0
RM0013,Gold Investment,23/01/2022,73045.0
,Term Insurance,03/05/2022,31551.0
RM0030,Fixed Deposit,,76271.0
RM0040,Health Insurance,07-11-2024,151078.0
RM0220,Gold Investment,06-17-2022,14885.0
RM0087,Credit Card,2022-08-27,28271.0
RM0169,ULIP,10-04-2025,41118.0
RM0118,Recurring Deposit,06-05-2025,44456.0
RM0122,Gold Investment,2025-02-15,49065.0
RM0135,Health Insurance,2020-04-20,27878.0
RM0207,Fixed Deposit,2021-09-04,65019.0
RM0075,Recurring Deposit,,61793.0
RM0085,Saving Account,2022-07-30,53116.0
,Credit Card,01-05-2025,16038.0
RM0210,FIXED DEPOSIT,2025-07-10,42405.0
RM0204,Loan Against Property,2022-01-08,32020.0
RM0043,Saving Account,2022-05-05,43769.0
RM0046,Recurring Deposit,2025-11-27,137466.0
RM0200,Term Insurance,26/04/2020,42747.0
RM0054,Saving Account,06/08/2020,10703.0
RM0155,Credit Card,2024-06-27,38887.0
RM0033,ULIP,2022-05-12,95920.0
RM0081,Fixed Deposit,2022-09-28,85720.0
RM0124,Mutual Funds,2025-06-21,46014.0
,Term Insurance,01/08/2020,24368.0
RM0139,Recurring Deposit,2026-01-26,41282.0
RM0108,Loan Against Property,2022-08-16,51471.0
RM0100,Gold Investment,28/12/2022,457955.0
RM0051,Health Insurance,2021-06-15,61666.0
RM0137,Health Insurance,2026-07-19,69251.0
RM0068,Fixed Deposit,2024-05-17,43809.0
RM0175,Current Account,2021-03-28,31885.0
RM0128,Term Insurance,2023-12-16,93819.0
RM0004,Loan Against Property,10/08/2020,44153.0
RM0144,Term Insurance,2021-07-12,271909.0
RM0233,ULIP,2020-02-28,40543.0
RM0181,Life Insurance,2023-01-11,13521.0
,mutual funds,,
RM0222,ulip,07-22-2020,67376.0
,Health Insurance,2025-07-13,12388.0
,Mutual Funds,2024-01-08,24417.0
RM0211,Gold Investment,06/02/2019,31827.0
RM0185,Mutual Funds,2025-01-04,77254.0
RM0129,Mutual Funds,05-27-2024,44084.0
RM0195,Saving Account,2022-08-28,11453.0
RM0169,Term Insurance,2021-01-12,57966.0
RM0044,Loan Against Property,2025-05-31,36503.0
,RECURRING DEPOSIT,06-20-2023,137446.0
RM0015,Fixed Deposit,2024-01-15,44613.0
RM0180,Recurring Deposit,2022-05-05,71717.0
RM0013,Recurring Deposit,2026-01-20,22350.0
RM0176,ULIP,2023-06-06,81559.0
RM0068,Life Insurance,10-09-2023,73819.0
RM0030,Recurring Deposit,2019-10-20,127212.0
RM0203,Fixed Deposit,2026-06-24,11720.0
RM0050,Life Insurance,2020-06-21,39665.0
RM0181,Gold Investment,14/06/2023,66839.0
RM0097,SAVING ACCOUNT,09-19-2022,15000.0
RM0220,Gold Investment,15/06/2026,0.0
RM0236,Saving Account,25/06/2019,36432.0
RM0048,Loan Against Property,2022-12-31,0.0
,Fixed Deposit,22/07/2024,152492.0
RM0097,Term Insurance,06-09-2025,38629.0
RM0116,Current Account,2020-05-19,221353.0
RM0021,ULIP,17/03/2025,12925.0
RM0218,Current Account,2026-05-09,73262.0
RM0221,Credit Card,2025-01-02,53496.0
RM0021, Loan Against Property ,2021-02-23,44711.0
,Gold Investment,09-24-2021,0.0
RM0162,Gold Investment,2023-02-04,186760.0
RM0119,ULIP,06-06-2021,16943.0
,Gold Investment,2022-11-26,123167.0
RM0141,mutual funds,2023-08-08,68759.0
RM0129,Term Insurance,2020-01-31,24987.0
RM0009,Credit Card,04-23-2024,125970.0
RM0187,Health Insurance,2022-08-16,
RM0250,Current Account,2019-03-01,38044.0
RM0207,Gold Investment,2020-12-17,94161.0
RM0080,Saving Account,2019-07-02,34619.0
RM0212,Mutual Funds,11/12/2025,105167.0
RM0166,Term Insurance,2025-04-16,60616.0
RM0045,Term Insurance,2025-04-04,17602.0
RM0206,Credit Card,,62443.0
RM0190,Mutual Funds,2020-07-17,20619.0
RM0118,Credit Card,08-26-2019,36544.0
,Mutual Funds,2024-03-25,19334.0
RM0156,ULIP,12-16-2021,11113.0
RM0140,Credit Card,2019-05-30,21905.0
RM0246,Fixed Deposit,07-22-2020,48433.0
RM0195,Life Insurance,2024-03-23,42846.0
RM0226,Loan Against Property,2026-04-16,44807.0
RM0018,Credit Card,08-18-2023,24230.0
RM0136,Life Insurance,2022-10-05,67784.0
RM0217,Recurring Deposit,05/06/2024,70914.0
, Mutual Funds ,2026-04-19,32155.0
RM0060,Credit Card,2019-03-08,116503.0
RM0209,Gold Investment,2024-03-13,61644.0
RM0141,Saving Account,2020-09-19,72420.0
RM0160,Recurring Deposit,,26240.0
RM0073,Mutual Funds,,10030.0
RM0174,Life Insurance,01/05/2025,110263.0
RM0250,Life Insurance,11/04/2020,96417.0
RM0186,Life Insurance,2020-11-20,16573.0
RM0120,Loan Against Property,,33428.0
RM0117,Current Account,2020-05-21,64137.0
RM0116,Fixed Deposit,02-06-2026,62793.0
RM0162,Credit Card,2022-03-14,108430.0
RM0105,Health Insurance,2024-11-10,17556.0
,Loan Against Property,2026-05-11,38100.0
RM0045, Health Insurance ,2024-12-12,15114.0
RM0249,Recurring Deposit,06-08-2023,34681.0
RM0211,Loan Against Property,2020-02-08,10761.0
RM0161,ULIP,2019-08-17,124273.0
RM0102,Health Insurance,2023-02-17,47437.0
RM0032,Fixed Deposit,17/02/2020,104790.0
RM0120,Loan Against Property,2023-08-01,13088.0
RM0195,Health Insurance,2024-10-27,22903.0
RM0091,Term Insurance,2020-02-17,25013.0
RM0142,Credit Card,2023-12-05,34444.0
RM0117,LOAN AGAINST PROPERTY,2019-06-09,91193.0
RM0019,LOAN AGAINST PROPERTY,2020-07-10,34433.0
RM0204,Credit Card,2026-07-28,21448.0
RM0009,Term Insurance,,13359.0
RM0122,ULIP,21/12/2021,14141.0
RM0158,Fixed Deposit,2019-05-05,81365.0
RM0234,Saving Account,2020-09-02,88888888.0
RM0009,ULIP,2024-01-31,39421.0
RM0200,Health Insurance,2019-01-29,74764.0
RM0135,Gold Investment,,67330.0
RM0125,Loan Against Property,2025-02-19,17272.0
RM0099,Current Account,2021-08-23,17709.0
RM0158,Health Insurance,2023-02-13,80394.0
RM0061, Recurring Deposit ,,73875.0
RM0185,Gold Investment,13/03/2020,33743.0
RM0002,Current Account,2025-08-19,14029.0
RM0124,Health Insurance,2021-10-07,10608.0
RM0002,Life Insurance,2026-05-24,26994.0
RM0013,Gold Investment,04-07-2021,10463.0
RM0151,Fixed Deposit,01-12-2026,23072.0
RM0189,ULIP,2025-09-14,37193.0
RM0181,Saving Account,12/07/2026,16472.0
RM0168,Credit Card,07/04/2019,15506.0
RM0149,Recurring Deposit,2019-04-06,123378.0
RM0137,Health Insurance,2025-01-12,54030.0
RM0065,Term Insurance,2025-06-14,146251.0
RM0108,Current Account,07-02-2026,31219.0
RM0125,Fixed Deposit,2020-05-09,66527.0
RM0058,Loan Against Property,21/06/2020,21451.0
RM0233,Current Account,2022-05-21,58161.0
RM0010,Credit Card,02-10-2020,16939.0
RM0246,Credit Card,20/11/2022,10104.0
RM0020,Gold Investment,2019-06-19,144069.0
RM0129,Saving Account,2025-11-10,-1000.0
RM0035,Fixed Deposit,2019-10-28,50472.0
RM0035,Mutual Funds,2022-12-08,140824.0
RM0199,Recurring Deposit,2023-09-19,30310.0
,Health Insurance,2019-11-08,29858.0
,Current Account,12-30-2024,35595.0
RM0199,ULIP,09/09/2025,71215.0
RM0189,Current Account,2019-05-13,51713.0
RM0151,Loan Against Property,2024-06-11,139750.0
RM0033,Loan Against Property,2023-01-14,11288.0
RM0041,Loan Against Property,2023-10-22,71583.0
RM0160,Mutual Funds,2024-07-05,30048.0
RM0089,Health Insurance,2023-08-11,19936.0
RM0215,Credit Card,2022-10-16,45707.0
RM0164,Health Insurance,2023-08-09,45166.0
RM0188,Saving Account,09-04-2022,17367.0
RM0022,ULIP,2023-02-11,21275.0
RM0045, Life Insurance ,2023-04-04,36226.0
RM0006,Life Insurance,2024-04-19,36281.0
RM0225,Health Insurance,2023-11-06,29103.0
RM0007,Fixed Deposit,08-24-2019,18040.0
RM0138,Life Insurance,2024-12-04,10219.0
RM0156,Loan Against Property,2019-01-28,185721.0
RM0139,term insurance,2023-10-23,153675.0
RM0246,ULIP,2021-02-20,43048.0
RM0044,Current Account,2025-02-10,275436.0
RM0178,Life Insurance,2019-05-06,65989.0
RM0076,Fixed Deposit,2021-02-05,13567.0
RM0126,Current Account,2021-03-20,16262.0
RM0223,Term Insurance,07-14-2021,133912.0
,ULIP,2022-12-05,59719.0
RM0141,Credit Card,2020-05-03,102633.0
RM0104,Term Insurance,2019-11-22,124271.0
RM0121,Mutual Funds,2019-11-13,39705.0
RM0043,Gold Investment,09/07/2026,12487.0
RM0063,Life Insurance,2021-07-26,20430.0
RM0200,Term Insurance,,13444.0
RM0159,LOAN AGAINST PROPERTY,2021-07-27,20458.0
RM0162,Gold Investment,,36426.0
,ULIP,2023-08-22,16289.0
RM0074,Mutual Funds,2022-01-23,19120.0
RM0092,Fixed Deposit,2021-06-24,39513.0
RM0098,Credit Card,2025-09-27,30788.0
RM0159,Gold Investment,05-21-2025,41523.0
,Loan Against Property,2021-09-10,38033.0
RM0096,ULIP,2020-04-26,61708.0
RM0182,Saving Account,2021-03-06,148381.0
RM0226,Credit Card,03-16-2024,15706.0
RM0070,Loan Against Property,2022-08-11,88888888.0
RM0007,Term Insurance,2023-07-06,15226.0
RM0088,Mutual Funds,2024-12-09,105800.0
RM0192,Saving Account,09-28-2021,45301.0
RM0140,Current Account,12-19-2019,82708.0
RM0168,Term Insurance,2022-06-17,22130.0
RM0149,Credit Card,02-11-2019,98264.0
RM0010,Saving Account,2020-07-13,138750.0
RM0178,Current Account,2025-11-27,60459.0
RM0124,Life Insurance,2025-01-17,15595.0
RM0055,Term Insurance,29/01/2024,122830.0
RM0149,Credit Card,,88628.0
RM0076,ULIP,09/05/2025,79490.0
RM0155,Saving Account,2025-04-23,11870.0
RM0248,Mutual Funds,,90213.0
RM0175,current account,2025-03-28,17422.0
RM0101,Current Account,27/05/2021,22576.0
RM0088,Saving Account,12-15-2021,53035.0
RM0138,Loan Against Property,2022-02-21,25392.0
RM0090,Mutual Funds,2024-04-04,64139.0
RM0140,Current Account,2020-05-30,56833.0
RM0137,Gold Investment,04/11/2024,15722.0
RM0050,Term Insurance,2025-12-21,63357.0
RM0174,Saving Account,03-21-2022,88888888.0
RM0036,Life Insurance,2020-12-05,138821.0
RM0099,Mutual Funds,2019-02-06,18783.0
RM0062,Gold Investment,2022-06-13,55448.0
RM0223,Health Insurance,,30917.0
,Current Account,2019-04-24,40773.0
RM0077,Mutual Funds,2022-12-22,26913.0
RM0048,Fixed Deposit,2019-10-10,31857.0
RM0219,Term Insurance,2022-12-05,11466.0
RM0171,Health Insurance,2021-06-06,209639.0
,ULIP,2020-07-21,59014.0
RM0012,Gold Investment,28/01/2020,44727.0
RM0028,Loan Against Property,2020-09-15,34202.0
,Term Insurance,2019-11-16,48758.0
RM0074,Recurring Deposit,14/02/2022,33910.0
RM0017,Credit Card,2022-04-13,32307.0
RM0081,Gold Investment,24/09/2021,41176.0
RM0098,Credit Card,2024-05-24,0.0
RM0081,Fixed Deposit,2022-07-12,26147.0
RM0203,Gold Investment,2023-12-20,19925.0
RM0061,Life Insurance,2024-09-15,50664.0
RM0002,Loan Against Property,2024-09-25,102500.0
RM0204,Credit Card,2022-07-28,18292.0
RM0242,Fixed Deposit,05-03-2025,11664.0
RM0175,Fixed Deposit,2022-06-14,24172.0
RM0017,Fixed Deposit,05/05/2022,204907.0
RM0021,ULIP,2024-06-01,98233.0
RM0216,Term Insurance,2024-01-05,55300.0
RM0187,ULIP,07-23-2023,142429.0
RM0164,ULIP,2019-09-09,39464.0
RM0242,Recurring Deposit,2022-09-21,-1000.0
,ULIP,2022-04-01,214559.0
RM0190,Recurring Deposit,2020-12-19,27570.0
RM0013,Gold Investment,2022-05-01,23741.0
RM0011,Life Insurance,01-01-2023,60812.0
RM0038,Mutual Funds,2021-10-07,33753.0
RM0023,Term Insurance,2021-05-19,59223.0
RM0192,Mutual Funds,2022-12-04,28191.0
RM0231,Gold Investment,,58106.0
,Current Account,01-19-2026,26130.0
RM0154,Mutual Funds,08-07-2024,12615.0
RM0005,Loan Against Property,2024-09-13,131598.0
RM0054,Credit Card,06-14-2019,117366.0
RM0144,Credit Card,2021-03-18,186676.0
RM0131,Term Insurance,2022-04-22,0.0
RM0069,Saving Account,2022-03-16,73031.0
RM0002,Saving Account,12/09/2024,67398.0
RM0142,Mutual Funds,2020-07-01,50935.0
RM0194,Recurring Deposit,11-03-2024,16730.0
RM0116,Life Insurance,2020-03-21,-1000.0
RM0023,Credit Card,2025-05-01,20488.0
RM0121,Fixed Deposit,2025-01-01,27087.0
RM0120,Health Insurance,30/10/2022,120434.0
RM0221,Gold Investment,03-14-2022,19495.0
RM0106,Credit Card,28/10/2020,138115.0
RM0138,Life Insurance,05/04/2021,46989.0
,Mutual Funds,2026-06-23,72863.0
RM0067,ULIP,14/10/2025,15840.0
RM0102,Mutual Funds,2025-07-25,25669.0
RM0121,Saving Account,16/04/2019,169125.0
RM0196,Mutual Funds,17/10/2024,25472.0
RM0151,Life Insurance,2020-01-31,27585.0
,Current Account,2021-03-26,21007.0
RM0152,Current Account,2022-06-30,16909.0
RM0059,Health Insurance,09/12/2019,23280.0
RM0070,Fixed Deposit,2020-01-24,61406.0
RM0076,Term Insurance,02-27-2020,40382.0
RM0199,Loan Against Property,2024-11-06,50344.0
RM0204,Life Insurance,2023-12-03,16526.0
RM0218,Term Insurance,2025-03-08,91003.0
RM0136,Fixed Deposit,2019-02-20,86645.0
RM0129,Recurring Deposit,2021-12-04,11091.0
RM0204,Gold Investment,2025-11-30,34186.0
RM0080,Mutual Funds,2022-01-20,13562.0
,Recurring Deposit,,88536.0
RM0187,Gold Investment,2025-01-10,76831.0
,Credit Card,07/11/2023,126133.0
RM0175,Mutual Funds,2024-01-21,23485.0
RM0137,Mutual Funds,2020-01-25,40467.0
RM0124,Life Insurance,2023-08-17,20196.0
RM0102,Loan Against Property,15/11/2019,33199.0
RM0089,Saving Account,25/05/2020,46932.0
RM0153,Gold Investment,2020-04-30,12740.0
RM0111,Mutual Funds,31/01/2023,72740.0
RM0166,Current Account,2019-09-07,49185.0
RM0099,Health Insurance,2021-10-24,98292.0
RM0247,Credit Card,2023-07-23,88888888.0
RM0033,Saving Account,01-08-2019,25857.0
RM0234,Mutual Funds,2022-01-01,126818.0
RM0105,Health Insurance,2023-09-02,342049.0
RM0151,Saving Account,2024-04-20,135849.0
RM0071,Recurring Deposit,02-22-2026,85229.0
RM0069,Loan Against Property,2022-02-24,93663.0
RM0229,Mutual Funds,27/02/2022,52635.0
RM0143,Saving Account,06/10/2020,20545.0
RM0064,Fixed Deposit,25/07/2020,66511.0
RM0228,ULIP,2025-12-28,72370.0
RM0023,Current Account,22/12/2019,221285.0
RM0003,Gold Investment,2020-06-28,48968.0
RM0076,Current Account,16/04/2026,25829.0
,Health Insurance,2024-12-21,67548.0
RM0170,Fixed Deposit,2019-01-08,204064.0
RM0046,Fixed Deposit,23/09/2024,19752.0
RM0075,ULIP,2025-02-03,29726.0
RM0244,Health Insurance,10/08/2019,49031.0
RM0176,Recurring Deposit,2021-12-18,19329.0
RM0135,Fixed Deposit,03-21-2025,0.0
RM0165,Current Account,,11123.0
RM0139,Fixed Deposit,07/03/2026,30547.0
RM0182,ULIP,07-21-2026,110261.0
,Saving Account,20/02/2023,12222.0
RM0195,Recurring Deposit,25/06/2023,38012.0
RM0187,Credit Card,2019-12-22,81816.0
RM0055,Current Account,11-21-2021,163075.0
,Mutual Funds,2024-05-01,221595.0
RM0062,Credit Card,2020-12-28,37406.0
RM0037,Gold Investment,03-22-2023,160172.0
RM0129, Health Insurance ,11/08/2025,11803.0
RM0110,Credit Card,2024-03-21,78504.0
RM0032,Loan Against Property,08/10/2019,61465.0
RM0206,Gold Investment,27/02/2023,24352.0
RM0208,Credit Card,2020-03-31,45394.0
RM0176,Health Insurance,2020-05-02,16937.0
,Saving Account,2021-04-23,112629.0
RM0121,Term Insurance,21/02/2022,32150.0
RM0249,ULIP,2021-05-10,59180.0
RM0103,Gold Investment,08-09-2022,18644.0
RM0222,Current Account,03-16-2026,21543.0
RM0122,Credit Card,11/04/2022,251143.0
RM0084,Life Insurance,28/08/2022,79935.0
, Gold Investment ,08-09-2020,173471.0
RM0122,Gold Investment,2019-01-13,27538.0
RM0071,ULIP,2021-07-15,18990.0
RM0033,Life Insurance,2019-04-26,44965.0
RM0088,Gold Investment,02/02/2023,44127.0
RM0055,Recurring Deposit,2023-07-28,19615.0
RM0059,Saving Account,05/02/2019,76066.0
RM0177,ULIP,12/06/2023,32453.0
RM0038,Gold Investment,2025-02-24,20312.0
,Fixed Deposit,2021-12-09,30172.0
RM0105,Recurring Deposit,2026-05-24,51466.0
RM0244,Credit Card,2020-02-17,74817.0
RM0089,Recurring Deposit,16/10/2023,42878.0
RM0209,Loan Against Property,05-02-2020,47284.0
RM0165,Mutual Funds,2020-12-22,17479.0
RM0015,Life Insurance,2019-03-27,133073.0
RM0069,Mutual Funds,2021-12-11,142059.0
RM0150,Credit Card,,67510.0
RM0090,Mutual Funds,2019-01-19,10889.0
,Fixed Deposit,2024-01-23,48509.0
RM0096,ULIP,2021-01-04,59607.0
RM0079,Loan Against Property,08-05-2019,271572.0
RM0120,Term Insurance,2020-10-31,286917.0
RM0045,ULIP,2025-01-22,107459.0
RM0139,RECURRING DEPOSIT,,13297.0
RM0200,Current Account,2022-02-22,163175.0
RM0049,Recurring Deposit,2024-08-05,0.0
RM0207,Fixed Deposit,2019-11-18,57422.0
RM0212,Gold Investment,2023-10-02,90694.0
RM0091,Term Insurance,05-29-2021,36144.0
RM0210,Term Insurance,2021-04-05,29258.0
RM0181,Term Insurance,2023-01-09,41110.0
,Fixed Deposit,2025-01-01,17942.0
RM0108,Current Account,2024-02-19,32085.0
RM0057,Fixed Deposit,03-29-2021,107461.0
RM0114,Saving Account,2023-10-11,11934.0
RM0021,ULIP,2024-02-19,18177.0
RM0049,Saving Account,2025-10-06,
RM0084,Saving Account,2019-06-04,16683.0
RM0117,ULIP,2023-08-16,35798.0
RM0230,Term Insurance,2020-04-04,300239.0
RM0184,Current Account,2025-07-22,19519.0
RM0187,Term Insurance,,17860.0
RM0200,Current Account,2022-10-21,133287.0
RM0142,Gold Investment,2020-05-11,116874.0
RM0250,Life Insurance,26/01/2024,11638.0
RM0101,Term Insurance,2025-08-25,79657.0
RM0183,Current Account,2024-01-21,63278.0
RM0026,Saving Account,2026-06-10,82995.0
RM0230,Loan Against Property,2025-05-22,44110.0
RM0029,Life Insurance,2019-08-22,247678.0
RM0248,Term Insurance,,
RM0039,Life Insurance,2020-07-28,12241.0
RM0003,Loan Against Property,2023-03-26,23352.0
RM0142,Fixed Deposit,,35254.0
RM0132,ULIP,2022-06-09,39871.0
RM0099,Fixed Deposit,05/09/2023,0.0
RM0217,Credit Card,2020-05-23,137148.0
RM0198,Life Insurance,2023-01-08,51049.0
RM0192,Gold Investment,2019-04-28,12308.0
RM0241,Health Insurance,2021-08-27,36200.0
RM0105,Fixed Deposit,2022-01-30,36934.0
RM0083,Fixed Deposit,2024-06-12,178326.0
RM0087,Term Insurance,2019-08-22,55714.0
,Health Insurance,2025-08-15,60482.0
RM0208,Term Insurance,,72457.0
RM0213,Fixed Deposit,2026-02-18,83492.0
RM0241,Fixed Deposit,2025-02-19,60399.0
RM0120,Recurring Deposit,2019-03-03,23537.0
RM0152,Life Insurance,2021-08-31,113591.0
RM0096,Recurring Deposit,08/03/2022,75860.0
RM0014,Loan Against Property,24/08/2025,77714.0
RM0091,Credit Card,11-14-2025,293566.0
RM0081,Credit Card,10-16-2022,91107.0
RM0102,Term Insurance,19/11/2024,98348.0
RM0167,ULIP,2019-04-19,161212.0
RM0151,Loan Against Property,2022-02-20,18192.0
RM0144,Life Insurance,2025-03-18,44430.0
,Mutual Funds,2025-07-28,53442.0
RM0025,Term Insurance,2021-08-29,29969.0
RM0001,Mutual Funds,10-28-2021,101442.0
RM0167,Gold Investment,25/09/2020,81862.0
RM0232,Credit Card,2023-11-20,73806.0
RM0066,Gold Investment,2025-05-25,303011.0
RM0243,Saving Account,2025-11-19,25013.0
RM0054,Term Insurance,2020-12-05,76487.0
RM0161,Saving Account,2023-06-21,50081.0
RM0062,Health Insurance,2020-12-02,28770.0
RM0014,Saving Account,2022-07-12,18752.0
RM0088,Health Insurance,2025-07-11,123112.0
RM0008,Health Insurance,2019-01-27,55249.0
,Loan Against Property,2024-09-17,97129.0
RM0152,GOLD INVESTMENT,2019-06-04,88888888.0
RM0013,Term Insurance,05-30-2024,49410.0
RM0238,ULIP,19/01/2019,22421.0
RM0241,Gold Investment,2021-08-14,30590.0
RM0168,Term Insurance,07/06/2023,34026.0
RM0043,Saving Account,05-28-2020,190475.0
RM0055, Fixed Deposit ,31/10/2024,10282.0
RM0182,Recurring Deposit,2020-01-29,222256.0
RM0101,ULIP,2023-09-14,206768.0
RM0165,Saving Account,15/08/2019,287994.0
RM0186,ULIP,15/07/2019,42369.0
RM0130,Term Insurance,2023-11-02,175947.0
RM0141,ULIP,2023-10-23,35175.0
RM0237,Mutual Funds,2023-09-21,11332.0
RM0190,Health Insurance,2020-04-02,22702.0
RM0095,Credit Card,2024-05-13,155291.0
RM0194,Life Insurance,2026-03-13,10693.0
RM0236,Gold Investment,2025-04-25,49482.0
RM0084,Gold Investment,2025-11-19,13930.0
,Mutual Funds,03/06/2024,26871.0
RM0139,Life Insurance,2026-04-26,14610.0
RM0231,Term Insurance,01-18-2023,108137.0
RM0210,ULIP,2021-05-21,54710.0
RM0075,Loan Against Property,28/05/2022,126193.0
,Health Insurance,24/12/2024,68294.0
RM0227,Saving Account,2020-04-19,
RM0154,Current Account,2023-01-06,187073.0
RM0208,Saving Account,2019-04-29,45655.0
RM0183,Credit Card,2025-05-26,60903.0
RM0152,fixed deposit,15/10/2023,52937.0
,Term Insurance,2022-09-03,43107.0
RM0067,CURRENT ACCOUNT,09-25-2023,103526.0
RM0134,Saving Account,2020-06-16,61715.0
RM0157,ULIP,07-13-2023,90801.0
RM0172,Current Account,,87174.0
RM0124,Life Insurance,2021-09-30,20600.0
RM0050,Mutual Funds,07-27-2022,62514.0
RM0171,CURRENT ACCOUNT,2024-07-30,21135.0
RM0033,Life Insurance,2025-09-23,-1000.0
RM0198,Gold Investment,,53771.0
RM0115,Life Insurance,2025-02-16,66572.0
RM0249,Recurring Deposit,2021-02-09,304537.0
RM0109,Health Insurance,04-21-2021,11550.0
RM0019,Health Insurance,2019-08-22,14783.0
RM0137,Gold Investment,2022-03-01,14007.0
RM0158,Loan Against Property,,35404.0
RM0203,Life Insurance,08/11/2024,96183.0
,Recurring Deposit,2020-09-06,102913.0
RM0201,Recurring Deposit,2024-07-22,76776.0
RM0029,Saving Account,02-15-2022,123592.0
RM0181,Credit Card,2024-06-19,29493.0
RM0164,Health Insurance,19/10/2019,14614.0
,Loan Against Property,2025-11-05,12995.0
RM0236,mutual funds,2021-09-23,105572.0
RM0209,ULIP,2021-08-05,75547.0
,Life Insurance,2024-03-19,69968.0
RM0044,term insurance,05-01-2023,30751.0
RM0004,Gold Investment,19/05/2024,33894.0
RM0160,Credit Card,2022-06-11,168639.0
RM0210,ULIP,2022-03-22,13296.0
,Recurring Deposit,2026-01-16,84301.0
RM0202,Mutual Funds,2020-11-17,28526.0
RM0148,Current Account,2019-08-23,11991.0
RM0080,Recurring Deposit,2025-02-24,77850.0
RM0049,Life Insurance,2025-01-29,30091.0
RM0096,Term Insurance,2023-03-12,74033.0
RM0012,Term Insurance,2025-11-07,71490.0
RM0176,Mutual Funds,2019-09-27,48262.0
, Life Insurance ,07-01-2019,85112.0
,ULIP,2025-02-18,53498.0
RM0020,Life Insurance,07-31-2022,26888.0
RM0234,Loan Against Property,2025-11-15,76234.0
RM0186,Credit Card,2025-08-24,54475.0
RM0189,Term Insurance,2023-06-06,10640.0
RM0105,Life Insurance,2020-09-21,125958.0
RM0111,Fixed Deposit,2020-08-09,49443.0
RM0051,Recurring Deposit,2021-10-18,111485.0
RM0120,Credit Card,2025-04-30,117166.0
RM0093,Loan Against Property,01/12/2021,39436.0
RM0085, Current Account ,2019-04-12,45429.0
RM0089,Term Insurance,,36871.0
RM0082,credit card,23/07/2019,39840.0
RM0026,Life Insurance,2022-02-19,122759.0
RM0029,Saving Account,14/09/2021,87592.0
RM0198,Current Account,2023-02-07,16763.0
RM0110,Loan Against Property,08-17-2020,57119.0
RM0219,Life Insurance,22/02/2025,284919.0
RM0201,Credit Card,01/04/2021,55261.0
RM0195,Loan Against Property,2025-05-18,87058.0
RM0221,Fixed Deposit,08-21-2025,83280.0
RM0173,Gold Investment,2021-02-11,31563.0
RM0140,Mutual Funds,07/09/2022,33248.0
RM0089,Gold Investment,2024-03-27,74381.0
RM0142,Mutual Funds,09/09/2025,44655.0
RM0226,Term Insurance,2025-05-22,52264.0
RM0197,Mutual Funds,05/12/2021,72397.0
RM0068, ULIP ,2019-06-23,85158.0
RM0162,Mutual Funds,2020-06-01,25839.0
RM0243,Mutual Funds,2024-07-27,17937.0
RM0127,Gold Investment,11/05/2022,27251.0
RM0070,Life Insurance,2019-07-29,45416.0
RM0175,gold investment,,30938.0
RM0228,Fixed Deposit,08-17-2020,52008.0
RM0118,Life Insurance,2025-12-21,12747.0
RM0189, Life Insurance ,12/06/2026,45642.0
RM0189,Mutual Funds,2021-02-09,32942.0
RM0181,Health Insurance,05-09-2020,48250.0
RM0184,Saving Account,2022-10-18,37455.0
RM0014,Loan Against Property,2023-06-27,26719.0
RM0110,Health Insurance,2026-08-02,127226.0
RM0134,Life Insurance,2025-09-28,20213.0
RM0024,Term Insurance,2022-02-05,67185.0
RM0015,Gold Investment,2019-02-05,139277.0
RM0044,Term Insurance,11-04-2020,48682.0
RM0078,Current Account,2019-09-16,114538.0
RM0219,Term Insurance,2021-02-04,16668.0
RM0083, Loan Against Property ,2025-12-23,44040.0
RM0247,Gold Investment,2025-10-26,40534.0
RM0157,Gold Investment,10-06-2025,10407.0
RM0202,Loan Against Property,18/09/2024,39282.0
RM0015,Current Account,,33024.0
RM0146,Recurring Deposit,2026-03-14,65402.0
RM0116,Fixed Deposit,2020-11-25,149297.0
RM0145,Saving Account,05-29-2021,14484.0
RM0048,Mutual Funds,03-10-2021,29835.0
RM0176,Fixed Deposit,05/08/2020,39355.0
RM0057,Credit Card,02/09/2019,40365.0
RM0084,Life Insurance,2023-01-20,84540.0
RM0085,Credit Card,12-23-2024,39295.0
RM0018,Credit Card,2021-06-06,11376.0
RM0119,Fixed Deposit,2026-02-14,-1000.0
RM0124,Loan Against Property,2024-04-18,
RM0135,Mutual Funds,08-21-2023,71911.0
RM0202,Loan Against Property,2020-04-25,118067.0
,Term Insurance,08-04-2025,46067.0
RM0034,Fixed Deposit,2019-08-01,53507.0
RM0228,Fixed Deposit,2022-09-15,18892.0
RM0150,Mutual Funds,2022-05-28,22464.0
RM0043,Health Insurance,11-18-2024,23405.0
RM0190,Current Account,2025-11-05,38171.0
RM0234,Mutual Funds,2021-01-08,141655.0
RM0124,Term Insurance,2023-07-07,46884.0
RM0026,Health Insurance,27/09/2021,20665.0
RM0103,Term Insurance,2020-07-12,25468.0
RM0037,ULIP,09-23-2019,34226.0
RM0245,Mutual Funds,2025-01-12,58809.0
RM0096,Recurring Deposit,2021-08-14,38993.0
,ULIP,2025-07-12,34915.0
RM0070,ULIP,2026-07-27,51589.0
RM0136,Term Insurance,2025-10-13,23842.0
RM0084,Life Insurance,2023-04-15,14109.0
RM0001,Loan Against Property,12-26-2021,11235.0
RM0202,Gold Investment,16/06/2026,24468.0
RM0206,Saving Account,05/12/2020,14803.0
RM0127, Saving Account ,04/11/2024,30499.0
RM0158,Life Insurance,2024-12-15,84125.0
RM0174,Recurring Deposit,2024-01-31,72990.0
RM0155,Fixed Deposit,19/12/2023,57199.0
RM0196,Gold Investment,02/03/2025,-1000.0
RM0144,current account,2021-11-03,105696.0
RM0207,Saving Account,2025-09-15,26568.0
,Health Insurance,02/03/2024,118164.0
RM0163,Loan Against Property,2021-02-23,35477.0
RM0224,Current Account,17/10/2025,35615.0
RM0111,Gold Investment,2023-07-07,35989.0
RM0239,Fixed Deposit,2024-09-19,15162.0
RM0134,Term Insurance,05-16-2021,195434.0
RM0174,Term Insurance,2025-07-15,17454.0
RM0127,Saving Account,26/09/2022,30842.0
RM0073,ULIP,2021-06-26,29231.0
RM0099,SAVING ACCOUNT,09/05/2023,13880.0
,ULIP,03-15-2026,18259.0
RM0083,Gold Investment,2022-09-09,12294.0
RM0103,Recurring Deposit,2023-02-12,27294.0
,Current Account,03-15-2021,110741.0
RM0173,Fixed Deposit,2023-01-29,
RM0200,Fixed Deposit,07-10-2020,30733.0
RM0053,Health Insurance,2019-01-28,16601.0
RM0085,Recurring Deposit,2025-07-06,61879.0
RM0219,Life Insurance,2023-04-29,294212.0
RM0191,Health Insurance,02-08-2026,23219.0
RM0115,Credit Card,2023-04-06,26395.0
RM0057,Fixed Deposit,,188505.0
RM0219,Life Insurance,03-16-2020,19847.0
RM0080,Recurring Deposit,2024-08-23,45791.0
RM0049,recurring deposit,2025-11-18,23698.0
RM0043,Current Account,2025-02-09,144671.0
RM0239,Saving Account,2023-10-05,209556.0
RM0084,Fixed Deposit,2024-10-15,94288.0
RM0232,ULIP,2022-05-03,88888888.0
RM0187,Fixed Deposit,2023-03-02,28901.0
RM0134,Term Insurance,01-12-2023,35832.0
RM0003,Fixed Deposit,2020-06-08,88888888.0
RM0042,Recurring Deposit,2025-10-11,23873.0
RM0214,Gold Investment,16/09/2020,120709.0
RM0143,Saving Account,2025-11-10,132996.0
RM0032,Life Insurance,2023-05-18,37139.0
RM0014,Health Insurance,24/07/2020,63433.0
RM0210,Loan Against Property,2024-08-07,19049.0
RM0210,Credit Card,22/03/2022,38540.0
RM0068,Recurring Deposit,05-22-2025,59915.0
RM0017,Current Account,12-18-2024,34339.0
RM0022,ULIP,2024-10-30,32127.0
RM0118,Saving Account,2020-12-25,10049.0
RM0079,Credit Card,2023-11-22,91556.0
RM0023,Credit Card,07-01-2021,
RM0027,Term Insurance,2020-12-27,120063.0
RM0195,Credit Card,12/12/2024,184441.0
RM0035,Current Account,2020-08-25,73518.0
RM0051,Mutual Funds,2024-01-02,88888888.0
RM0068,ULIP,2021-07-03,49791.0
RM0145,Saving Account,28/12/2021,25686.0
RM0146,Term Insurance,2020-09-30,373184.0
RM0011,Recurring Deposit,2019-12-03,54549.0
RM0200,Life Insurance,2020-10-02,67152.0
RM0024,Credit Card,2021-03-28,67349.0
RM0180,Gold Investment,22/03/2023,103297.0
RM0070,Loan Against Property,10-22-2024,10485.0
,loan against property,2021-09-12,22438.0
RM0116,Life Insurance,29/04/2025,64761.0
RM0069,Health Insurance,2022-02-13,122759.0
RM0012,Life Insurance,2021-04-18,67812.0
RM0156,Mutual Funds,2019-02-25,36678.0
RM0093,Life Insurance,13/09/2023,32436.0
RM0107,Life Insurance,2022-04-11,76960.0
RM0129, Gold Investment ,2019-11-26,77592.0
,Mutual Funds,2025-03-01,56704.0
RM0150,Health Insurance,2023-09-30,27227.0
RM0014,Recurring Deposit,09/08/2023,139616.0
RM0073,Loan Against Property,23/09/2019,50134.0
RM0144,Saving Account,2022-01-06,88149.0
RM0118,Life Insurance,2024-06-03,22059.0
,Fixed Deposit,2025-11-20,31082.0
RM0034,Fixed Deposit,2019-07-13,113804.0
RM0109,Loan Against Property,2022-01-20,12570.0
RM0121,Current Account,04-19-2022,
RM0199,Mutual Funds,2022-03-14,45904.0
RM0227,ULIP,2021-02-21,42860.0
RM0051,Mutual Funds,04-08-2024,79561.0
RM0229,Fixed Deposit,2025-07-23,26556.0
RM0058,Loan Against Property,2025-06-19,22363.0
RM0089,Credit Card,09-11-2023,140274.0
RM0216,Fixed Deposit,,52397.0
RM0111,Fixed Deposit,03-06-2019,15529.0
,Health Insurance,2020-06-20,20723.0
RM0129,Current Account,2025-02-28,347369.0
RM0102,Health Insurance,2021-01-08,20883.0
RM0130,Saving Account,2019-07-15,57141.0
RM0125,Fixed Deposit,2019-06-05,37247.0
RM0130,Life Insurance,10-01-2019,118402.0
RM0171,Loan Against Property,2019-05-07,80359.0
RM0118,Gold Investment,24/03/2019,55434.0
RM0169,Mutual Funds,12-27-2019,10539.0
RM0153,Recurring Deposit,2023-05-05,115927.0
RM0048,Life Insurance,03-16-2023,39409.0
RM0130,Health Insurance,2024-09-03,144102.0
RM0224,Credit Card,08-30-2022,44213.0
RM0169,Life Insurance,2024-11-26,69245.0
RM0210,Recurring Deposit,2026-06-10,13590.0
RM0016,Recurring Deposit,2020-04-01,78354.0
RM0075,Recurring Deposit,23/04/2020,30624.0
RM0239,term insurance,2019-07-19,31643.0
RM0037,Health Insurance,2025-11-26,16315.0
RM0071,Fixed Deposit,10-26-2025,17941.0
RM0156,Current Account,28/08/2020,20274.0
RM0011,Health Insurance,2024-10-20,29890.0
RM0123,ULIP,2024-02-26,121267.0
RM0109,Saving Account,2023-08-02,32963.0
RM0216,Loan Against Property,2021-08-22,74433.0
RM0168,Mutual Funds,2025-03-01,14318.0
RM0102,Gold Investment,2026-07-10,54714.0
RM0082,ULIP,2020-10-12,42878.0
RM0054,Gold Investment,2024-08-11,200740.0
RM0098,health insurance,2022-04-18,103607.0
RM0143,Mutual Funds,12/01/2022,40332.0
RM0244,Current Account,24/07/2026,84614.0
RM0120,Loan Against Property,12-08-2024,20723.0
RM0144,Term Insurance,2020-09-23,51315.0
RM0061,Mutual Funds,2023-11-20,13877.0
RM0224,Credit Card,10-12-2024,31392.0
RM0069,ULIP,2023-09-06,22800.0
RM0116,Loan Against Property,2021-10-22,73453.0
RM0243,ULIP,2021-06-25,43676.0
,Gold Investment,2019-09-23,79529.0
RM0061,Loan Against Property,2022-03-11,46210.0
RM0233,Credit Card,2021-01-29,14522.0
RM0068,Fixed Deposit,23/03/2025,76470.0
RM0150,Recurring Deposit,,99556.0
RM0159,Gold Investment,2025-08-05,126926.0
RM0127,Current Account,2024-03-14,52430.0
RM0173, Gold Investment ,2023-05-16,80036.0
RM0242,Current Account,2020-03-03,79725.0
RM0090,Current Account,2019-10-25,18465.0
RM0103,Health Insurance,21/01/2026,18969.0
RM0127,CREDIT CARD,2020-02-04,13676.0
RM0246,Health Insurance,2022-11-10,29276.0
RM0016,Recurring Deposit,2023-02-19,42076.0
RM0230,Credit Card,2020-01-30,318239.0
RM0034,Health Insurance,2021-03-08,38193.0
RM0110,Credit Card,17/11/2021,74775.0
RM0121,Credit Card,2026-02-22,69110.0
RM0011,Health Insurance,2019-08-26,21438.0
RM0017,recurring deposit,2020-09-29,13014.0
RM0007,Saving Account,03/12/2022,49483.0
RM0203,Life Insurance,2020-12-28,70249.0
RM0234,Term Insurance,2020-01-23,327458.0
RM0120,Recurring Deposit,2020-06-05,32205.0
RM0178,saving account,2024-02-06,123343.0
RM0123,Term Insurance,18/06/2020,34057.0
RM0104,Mutual Funds,2025-08-18,68464.0
RM0078,Term Insurance,12-13-2022,55596.0
RM0195,Loan Against Property,2023-08-31,12721.0
RM0156, Fixed Deposit ,11-24-2025,14081.0
RM0097,ULIP,2020-10-31,11049.0
RM0006,recurring deposit,2021-06-07,33168.0
RM0248,Loan Against Property,2020-09-03,78481.0
RM0062,Recurring Deposit,2025-04-01,19482.0
RM0217,LOAN AGAINST PROPERTY,06/09/2023,56551.0
RM0011,Loan Against Property,2022-08-19,27042.0
RM0196,Current Account,2022-06-19,89725.0
RM0125,Recurring Deposit,2022-11-26,90072.0
RM0073,Term Insurance,03-25-2022,84674.0
RM0078,Current Account,2019-02-02,47204.0
RM0047,Credit Card,2021-01-03,26743.0
RM0199,Health Insurance,2019-11-02,92890.0
RM0063,Recurring Deposit,2026-02-26,20295.0
RM0246,Saving Account,2020-06-15,27107.0
RM0222,Saving Account,14/09/2019,20163.0
RM0080,Health Insurance,2023-08-07,66075.0
RM0071,Fixed Deposit,2025-08-21,67955.0
,Gold Investment,2022-05-31,62850.0
RM0230,Health Insurance,17/06/2020,36858.0
RM0127,Saving Account,2022-08-09,15277.0
RM0172,Fixed Deposit,,131051.0
RM0228,Mutual Funds,2024-02-08,45436.0
RM0211,Current Account,03/12/2024,36125.0
RM0211,Credit Card,2024-05-08,54436.0
RM0153,ULIP,29/03/2023,20708.0
RM0069,Loan Against Property,,17109.0
,Recurring Deposit,2019-12-16,36003.0
RM0178,Saving Account,,22888.0
RM0218,Health Insurance,2024-06-10,24004.0
RM0119,Mutual Funds,01/04/2026,121518.0
RM0019,Recurring Deposit,2023-08-21,47831.0
RM0210,Saving Account,2025-05-03,43031.0
, Credit Card ,01-16-2021,68475.0
RM0191,Fixed Deposit,2020-07-22,161359.0
RM0083,Loan Against Property,2023-01-13,15950.0
RM0171,Gold Investment,20/06/2024,99648.0
,Current Account,23/02/2025,53855.0
RM0123,Mutual Funds,2026-04-03,17900.0
RM0072,Recurring Deposit,2021-05-09,27630.0
RM0122,Recurring Deposit,2022-08-09,42923.0
RM0213,Health Insurance,2023-03-14,68749.0
,Mutual Funds,2020-02-16,23893.0
RM0158,gold investment,2020-11-19,48272.0
RM0237,Health Insurance,2023-03-11,67707.0
RM0192,Recurring Deposit,2021-06-29,39777.0
RM0092,ULIP,2025-07-18,109398.0
RM0084, Health Insurance ,2023-01-24,111803.0
RM0063,ULIP,2022-02-19,41809.0
RM0194,Term Insurance,17/11/2019,190458.0
RM0029,Current Account,2025-11-30,13929.0
,Credit Card,,10168.0
RM0119,Fixed Deposit,2021-04-01,33955.0
RM0245,ULIP,2024-10-09,55951.0
RM0017, Term Insurance ,11-16-2021,59604.0
RM0002,Recurring Deposit,2019-01-25,42355.0
,Gold Investment,06-17-2020,16669.0
RM0005,Fixed Deposit,2019-07-01,19346.0
RM0033,Loan Against Property,2025-07-15,105577.0
RM0089,Gold Investment,02/04/2020,111214.0
RM0027,Term Insurance,2021-12-18,66027.0
RM0172,Mutual Funds,2021-06-29,64564.0
RM0201,Loan Against Property,2020-02-23,55525.0
RM0037,GOLD INVESTMENT,09-23-2025,0.0
RM0117, Saving Account ,2021-11-15,21340.0
RM0113,Recurring Deposit,2024-10-01,-1000.0
RM0043,ULIP,2023-05-25,37952.0
RM0112,Current Account,2025-11-30,69519.0
RM0153,Term Insurance,2021-05-02,48528.0
RM0100,Credit Card,2021-02-13,10937.0
RM0209,Fixed Deposit,05-02-2026,163476.0
RM0228,Credit Card,2026-08-02,103157.0
RM0058,Gold Investment,,25092.0
RM0208,Fixed Deposit,2022-04-03,57915.0
RM0022,Loan Against Property,08/03/2024,138353.0
RM0240,Saving Account,2023-05-14,-1000.0
RM0095,Fixed Deposit,2022-05-18,15046.0
RM0103,Saving Account,22/03/2020,44961.0
RM0193,Current Account,16/10/2020,40462.0
RM0174,ULIP,2022-01-26,36399.0
RM0147,Loan Against Property,2023-04-13,100269.0
RM0216,Term Insurance,2021-07-20,33953.0
RM0041,Saving Account,2023-03-20,13289.0
RM0163,Gold Investment,2026-07-03,13405.0
RM0186,Mutual Funds,2023-12-18,12184.0
RM0098,Fixed Deposit,07/04/2026,36309.0
RM0117,Term Insurance,2021-10-13,73364.0
,Life Insurance,2023-05-26,21390.0
RM0110,ULIP,2026-01-27,61989.0
RM0008,Current Account,2019-09-14,68091.0
RM0057,Fixed Deposit,09-23-2023,24732.0
RM0165,Life Insurance,07-09-2022,55884.0
RM0156,Term Insurance,2022-08-29,67738.0
RM0069,Life Insurance,2020-04-19,41425.0
RM0010,Fixed Deposit,2024-09-15,30527.0
RM0181,Term Insurance,2024-08-26,58267.0
RM0250,Saving Account,2023-06-05,200489.0
RM0210,ULIP,13/04/2026,37829.0
RM0201,Saving Account,2025-04-10,88888888.0
RM0121,Health Insurance,2020-01-30,34857.0
RM0170,Current Account,2021-08-14,41205.0
RM0062,ULIP,2020-01-24,13963.0
RM0225,Gold Investment,2020-06-24,50278.0
RM0132,Credit Card,2026-07-13,0.0
RM0145,LOAN AGAINST PROPERTY,29/08/2021,29926.0
RM0120,Gold Investment,2023-08-24,16472.0
RM0150,Credit Card,2026-07-17,41392.0
RM0093,Gold Investment,2021-09-14,10169.0
,Life Insurance,19/11/2023,35690.0
,Current Account,2024-03-08,15587.0
RM0023,ULIP,2026-06-06,11229.0
RM0082,Health Insurance,2023-08-02,96998.0
RM0215,Gold Investment,2023-05-20,133995.0
RM0044,Gold Investment,,21639.0
RM0151,Saving Account,2023-03-06,48750.0
RM0073,ULIP,2023-12-21,26283.0
,Gold Investment,2020-02-27,44019.0
RM0197,Saving Account,2021-04-13,38691.0
RM0050,SAVING ACCOUNT,2025-03-28,25670.0
RM0151,Life Insurance,2021-05-08,70264.0
RM0026,Credit Card,2021-07-23,16761.0
RM0203,Life Insurance,2022-12-24,12726.0
RM0086,Fixed Deposit,2021-04-20,82980.0
,Life Insurance,06-06-2025,64820.0
RM0137,ULIP,,88888888.0
RM0187,Health Insurance,2022-05-19,44510.0
RM0197,Life Insurance,11-23-2025,41535.0
RM0193,Term Insurance,2026-06-07,44399.0
RM0064,Term Insurance,05-25-2024,38725.0
RM0029,Loan Against Property,22/03/2020,34952.0
RM0114,Life Insurance,2023-07-17,44626.0
,Term Insurance,2024-06-09,47593.0
RM0010,Health Insurance,2020-11-09,68866.0
RM0238,Current Account,2024-12-15,72102.0
RM0105,Gold Investment,2023-11-17,33710.0
RM0177,Term Insurance,2026-03-09,36682.0
RM0184,Gold Investment,2023-03-28,33396.0
,Health Insurance,2023-11-19,48451.0
RM0105,ULIP,2023-08-01,40197.0
RM0054,Gold Investment,2019-05-18,120180.0
RM0039,gold investment,,69595.0
RM0068,Loan Against Property,2022-08-21,124461.0
RM0044,Term Insurance,08-04-2023,71745.0
RM0108,Recurring Deposit,2023-07-15,187009.0
RM0116,Saving Account,2022-09-15,60493.0
RM0092,Health Insurance,10/10/2019,175590.0
RM0178,Health Insurance,2023-11-25,18608.0
RM0140,Mutual Funds,2024-02-13,12695.0
RM0167,Loan Against Property,2019-06-06,53270.0
RM0014, Gold Investment ,2023-09-28,215199.0
RM0085,Health Insurance,2025-06-21,37030.0
RM0232,Life Insurance,01-26-2020,21915.0
RM0096,Current Account,25/11/2020,46859.0
RM0215,Mutual Funds,2025-04-10,62319.0
RM0149,Recurring Deposit,2022-09-29,28929.0
RM0199,Saving Account,04-11-2024,72722.0
RM0048,Life Insurance,2021-11-16,194673.0
RM0153,ULIP,2019-08-20,123633.0
RM0145,Health Insurance,2024-11-06,27236.0
RM0019,Life Insurance,2019-09-04,29779.0
RM0070,Health Insurance,2020-12-09,33224.0
RM0195,Gold Investment,2026-03-03,35089.0
RM0014,life insurance,2022-03-20,15285.0
RM0011,Loan Against Property,2019-11-19,81766.0
,Recurring Deposit,2022-10-02,32733.0
RM0161,Recurring Deposit,13/07/2022,115938.0
RM0143,Current Account,15/01/2024,140824.0
RM0048,Life Insurance,2023-01-27,11236.0
,Health Insurance,04/01/2019,233283.0
RM0052,Saving Account,2022-10-26,71897.0
RM0190,Gold Investment,2026-02-16,46739.0
RM0234,gold investment,2025-11-30,34676.0
RM0249,Current Account,2020-05-09,46544.0
RM0126,Life Insurance,2023-03-25,29624.0
RM0063, Gold Investment ,2019-11-23,58734.0
RM0111,Current Account,2019-07-29,-1000.0
RM0197,SAVING ACCOUNT,2024-08-10,14879.0
RM0129, Loan Against Property ,2021-08-25,58527.0
RM0237,Fixed Deposit,2020-10-04,26102.0
RM0041,Term Insurance,2021-07-05,10889.0
RM0236,Gold Investment,2022-02-10,50226.0
,Saving Account,05-18-2023,53190.0
RM0142,Loan Against Property,2024-04-14,37805.0
RM0179,Fixed Deposit,2019-09-26,13751.0
RM0077,Life Insurance,16/12/2022,88888888.0
RM0195,Saving Account,2024-10-04,121906.0
RM0132,Loan Against Property,2023-06-03,57264.0
RM0047,ULIP,12/12/2025,0.0
RM0010,Saving Account,2025-10-02,16148.0
RM0053,Term Insurance,2020-06-13,45762.0
RM0154,Gold Investment,2021-08-29,44383.0
RM0225,Fixed Deposit,,13115.0
RM0085,Life Insurance,2025-05-02,56679.0
RM0136,HEALTH INSURANCE,03/02/2020,92598.0
RM0109,Fixed Deposit,2023-12-09,79116.0
RM0107,Mutual Funds,20/03/2021,21343.0
RM0222,Current Account,2026-07-17,109131.0
RM0207,Saving Account,2021-01-25,30968.0
RM0209,Gold Investment,2020-11-15,156411.0
RM0068,Loan Against Property,05-31-2021,13722.0
RM0115,Gold Investment,2019-09-14,43296.0
RM0177,Credit Card,2025-01-23,55456.0
,Fixed Deposit,2025-09-28,24227.0
RM0006,Term Insurance,23/12/2025,
RM0031,Health Insurance,03/02/2024,83784.0
RM0181,Recurring Deposit,2021-03-14,59294.0
RM0092,Saving Account,2021-02-02,10913.0
RM0009,credit card,03-29-2025,56871.0
,Health Insurance,2024-04-23,43812.0
RM0140,Mutual Funds,2020-11-05,20909.0
RM0183,Term Insurance,09-01-2022,283020.0
RM0235,Credit Card,2021-01-22,123730.0
RM0198,ULIP,2025-02-20,27301.0
,Gold Investment,2025-02-07,48942.0
RM0155,Loan Against Property,12-10-2022,29026.0
RM0075,Saving Account,2026-07-23,84693.0
RM0018, Loan Against Property ,2026-03-03,143200.0
RM0141,Mutual Funds,06-30-2022,32222.0
RM0029,Saving Account,2025-07-27,91887.0
RM0235,Credit Card,2019-08-30,44498.0
RM0218,Life Insurance,2019-02-19,35256.0
RM0196,Gold Investment,11/03/2024,149372.0
RM0094,Credit Card,07/09/2019,45708.0
RM0241,Gold Investment,2025-12-20,41500.0
RM0100,Credit Card,2026-07-08,65803.0
RM0068,Loan Against Property,2021-06-20,25138.0
RM0193,Term Insurance,2026-05-17,29636.0
RM0053,Saving Account,2022-04-03,144446.0
RM0227,Fixed Deposit,07-07-2025,66742.0
RM0184,Credit Card,10-08-2019,97618.0
RM0145,Credit Card,04-07-2025,25811.0
, Loan Against Property ,2025-09-04,49240.0
RM0031,Health Insurance,2022-06-07,187710.0
,Term Insurance,2023-02-25,0.0
RM0176,ULIP,11-03-2021,29187.0
RM0091,Life Insurance,,18746.0
RM0047,Term Insurance,11-06-2023,45757.0
RM0018,Current Account,2023-07-02,34536.0
RM0207, Credit Card ,2021-12-11,18692.0
RM0102,Credit Card,2024-12-21,119709.0
RM0024,Mutual Funds,25/04/2026,244015.0
RM0006,HEALTH INSURANCE,2024-10-09,52033.0
RM0110,Mutual Funds,04-15-2022,84510.0
RM0025,Current Account,2021-02-16,107963.0
RM0234,Saving Account,07-01-2020,70362.0
RM0081,Credit Card,2025-10-01,12258.0
RM0021,Credit Card,2019-06-28,18577.0
RM0158,Saving Account,04/06/2022,13681.0
RM0009,ULIP,2020-11-15,10496.0
RM0116,Health Insurance,2024-01-18,28263.0
RM0085,Term Insurance,19/04/2024,34908.0
RM0135,Gold Investment,01-31-2023,23789.0
RM0067,Loan Against Property,2026-05-06,13339.0
RM0217,Loan Against Property,23/05/2024,47736.0
RM0156,Saving Account,23/12/2022,25963.0
RM0182,Saving Account,2019-09-07,0.0
RM0204,Credit Card,2025-03-15,89490.0
RM0188,Fixed Deposit,25/08/2022,10404.0
RM0166,Credit Card,2023-04-05,102425.0
RM0032,Fixed Deposit,06-18-2019,164781.0
RM0218,Health Insurance,2023-10-31,72962.0
RM0033,Fixed Deposit,2022-05-20,76146.0
RM0094,term insurance,16/11/2019,145574.0
,Gold Investment,2026-06-21,21727.0
RM0171,Current Account,26/09/2021,270750.0
RM0062,Recurring Deposit,2026-02-15,84246.0
RM0028,Loan Against Property,2022-09-01,74835.0
RM0044,Current Account,2026-05-09,32399.0
RM0141,Saving Account,2021-01-05,49458.0
RM0129,Mutual Funds,2025-08-15,63053.0
RM0080,Saving Account,,58424.0
RM0174,Recurring Deposit,08-15-2024,71036.0
RM0118,Gold Investment,,14298.0
RM0041,Credit Card,2023-01-25,31975.0
RM0167,Mutual Funds,03-24-2025,38458.0
RM0077,ULIP,2024-04-03,25097.0
RM0071,Gold Investment,2025-02-12,19474.0
RM0171,Current Account,09/05/2020,17478.0
RM0220,Credit Card,2025-07-28,32815.0
RM0087,Health Insurance,2022-10-05,44005.0
RM0051,Saving Account,2020-03-15,13252.0
RM0054,Saving Account,2019-04-28,156364.0
RM0016,RECURRING DEPOSIT,01-05-2023,82460.0
RM0111,Saving Account,,75624.0
RM0140,ULIP,2019-03-27,19489.0
,ULIP,2023-02-02,56291.0
RM0206,Fixed Deposit,2022-05-29,47721.0
RM0018,health insurance,2023-02-07,212188.0
,Credit Card,2024-11-26,78851.0
RM0209,Fixed Deposit,24/10/2023,52873.0
RM0250,Life Insurance,23/02/2019,105127.0
RM0235,Term Insurance,07-06-2025,18426.0
RM0001,ULIP,2025-09-19,10766.0
RM0066,Current Account,2019-02-18,68596.0
RM0065,Loan Against Property,2026-07-07,15174.0
RM0014,Current Account,,16132.0
RM0099,Health Insurance,2019-07-09,78262.0
RM0247,Recurring Deposit,2024-11-06,25772.0
RM0147,Health Insurance,2019-04-11,59527.0
RM0243,Current Account,2026-05-10,134691.0
RM0070,ULIP,2020-06-20,29024.0
RM0001,Loan Against Property,01/07/2019,22240.0
RM0076,Health Insurance,2022-03-08,15633.0
RM0209,Term Insurance,2019-08-23,16989.0
RM0101,Life Insurance,2020-06-15,13212.0
RM0086,Term Insurance,2025-03-14,14586.0
RM0137,Loan Against Property,2025-11-11,38282.0
RM0075,Term Insurance,10/11/2023,29346.0
RM0234,Gold Investment,2020-01-06,71304.0
RM0194,ULIP,2023-09-10,112104.0
RM0011,ULIP,2023-05-04,86803.0
RM0215,HEALTH INSURANCE,2024-09-17,47818.0
RM0018,Mutual Funds,08/11/2020,15403.0
RM0124,Current Account,2021-03-08,71853.0
RM0175,Loan Against Property,2024-09-19,32535.0
RM0232,Current Account,2021-07-02,14477.0
RM0227,Mutual Funds,2021-11-05,102405.0
RM0248,Term Insurance,12-05-2019,30640.0
RM0109,Health Insurance,30/06/2023,-1000.0
RM0090,Credit Card,2021-07-22,22310.0
RM0096,ULIP,2026-02-07,112572.0
RM0025,recurring deposit,2021-06-22,126207.0
RM0027,Current Account,2021-08-07,30697.0
RM0057,Credit Card,27/01/2022,31909.0
RM0093,Saving Account,2025-03-12,53330.0
RM0046,Credit Card,,76108.0
RM0170,Current Account,2021-05-14,13261.0
,Loan Against Property,2023-01-11,54989.0
RM0113,Gold Investment,2023-08-07,162689.0
RM0030,Mutual Funds,2026-06-03,25196.0
RM0153,Health Insurance,28/05/2022,129749.0
RM0248,ULIP,2025-10-22,0.0
RM0046,Fixed Deposit,2021-01-25,159955.0
RM0006,Gold Investment,10-17-2022,25677.0
RM0027,Loan Against Property,01/04/2025,80162.0
RM0196,Recurring Deposit,,0.0
RM0232,Current Account,2021-04-14,23641.0
RM0180,Current Account,2019-02-15,76896.0
RM0011,Gold Investment,12-24-2025,89831.0
RM0209,Current Account,26/02/2024,24198.0
RM0078,ULIP,2025-10-23,72916.0
RM0027,Health Insurance,10/06/2021,93593.0
RM0167,Health Insurance,2021-03-21,32203.0
RM0144,Fixed Deposit,2019-08-08,19178.0
RM0084,Saving Account,10-22-2022,14823.0
RM0021,Life Insurance,2024-11-21,52828.0
RM0189,Gold Investment,2022-08-23,201059.0
RM0169,Saving Account,2020-04-22,96566.0
RM0080,Current Account,01/07/2025,38620.0
RM0231,ULIP,2019-11-27,48460.0
RM0188,ULIP,2022-09-24,26392.0
RM0215,Saving Account,2025-05-04,18900.0
RM0118,Mutual Funds,01-11-2019,42896.0
RM0153,ULIP,,41134.0
RM0246,Fixed Deposit,2026-03-26,46899.0
RM0049,ULIP,06-24-2024,162672.0
RM0134,Health Insurance,2025-01-15,56303.0
RM0221,Credit Card,2021-12-28,56541.0
RM0037,Loan Against Property,06/12/2020,16849.0
RM0215,Mutual Funds,2023-09-23,292590.0
RM0082,Fixed Deposit,,84106.0
RM0006,Loan Against Property,2020-08-28,114861.0
RM0119,Saving Account,03-10-2023,36747.0
RM0036,Credit Card,2024-10-19,-1000.0
RM0127,Credit Card,01-15-2023,0.0
,Fixed Deposit,2024-03-21,-1000.0
RM0135,Term Insurance,07-06-2019,44870.0
RM0087,Current Account,2021-08-14,46915.0
RM0224,Term Insurance,2022-04-29,20789.0
RM0112,Gold Investment,2020-04-16,68476.0
RM0001,Loan Against Property,07-26-2021,126640.0
RM0128,Term Insurance,2024-06-30,0.0
RM0081,Loan Against Property,2024-05-06,18938.0
RM0050, Fixed Deposit ,02/02/2026,14513.0
RM0198,Mutual Funds,2023-03-26,77012.0
RM0055,Fixed Deposit,12/01/2023,25955.0
RM0122,Term Insurance,2025-07-21,58890.0
RM0004,ULIP,2022-08-10,88888888.0
RM0037,Fixed Deposit,08-16-2022,69496.0
RM0211,Gold Investment,03-24-2025,29423.0
RM0231,ULIP,2025-10-18,94409.0
RM0204,Gold Investment,2020-03-08,49924.0
RM0158,Life Insurance,2022-05-28,111627.0
RM0068,Life Insurance,26/06/2022,82046.0
RM0122,Saving Account,2019-10-19,111466.0
RM0183,Saving Account,2024-12-08,11018.0
RM0192,Current Account,2021-06-12,23953.0
RM0050,Mutual Funds,07/12/2021,14715.0
RM0229,Health Insurance,16/05/2021,39177.0
,Health Insurance,2025-10-17,120345.0
,Health Insurance,09-24-2025,41512.0
RM0177,Loan Against Property,06-23-2025,104760.0
RM0233,Fixed Deposit,2024-01-29,29813.0
RM0036,ULIP,2021-01-07,30743.0
RM0157,gold investment,21/02/2019,122957.0
RM0211,Life Insurance,03/03/2022,37740.0
RM0025,Life Insurance,2020-04-22,87976.0
RM0061,loan against property,2021-05-22,23501.0
RM0247,Recurring Deposit,2024-04-04,158601.0
RM0080,Term Insurance,2022-12-14,52733.0
RM0072,Life Insurance,2023-01-16,81215.0
RM0117,mutual funds,02-28-2019,14688.0
RM0041,Loan Against Property,2023-02-06,43929.0
RM0005,Health Insurance,12-21-2020,125651.0
RM0164,Term Insurance,2020-03-20,114794.0
RM0063,Gold Investment,2024-07-04,12397.0
RM0212,ULIP,,
RM0017,term insurance,06/10/2021,28098.0
RM0115,Life Insurance,,39288.0
RM0054,Mutual Funds,04-17-2023,19453.0
RM0121,Term Insurance,2024-02-15,-1000.0
RM0052,Fixed Deposit,2019-09-26,75466.0
RM0231,Loan Against Property,03-29-2019,20198.0
RM0140,Current Account,2025-11-21,31281.0
RM0115,Gold Investment,10-03-2021,64425.0
RM0014,ULIP,2020-03-03,42897.0
RM0001,Fixed Deposit,2025-12-28,77079.0
RM0144,Life Insurance,10-29-2022,172476.0
RM0105,Fixed Deposit,09-23-2025,16195.0
,Mutual Funds,11-24-2025,71819.0
,Gold Investment,05-03-2019,23090.0
RM0243,Term Insurance,2025-04-12,36762.0
RM0064,Term Insurance,2019-01-03,11670.0
RM0058,Loan Against Property,06-16-2021,17303.0
RM0104,Saving Account,12-29-2024,88888888.0
RM0012,Term Insurance,2019-05-02,29266.0
RM0023,Health Insurance,2019-03-23,30926.0
RM0248,Term Insurance,2026-04-10,124922.0
,Health Insurance,04/06/2026,88888888.0
RM0134,Term Insurance,09/03/2023,77703.0
RM0019,Term Insurance,06-11-2021,189105.0
RM0155,Term Insurance,2023-03-28,55698.0
RM0059,Saving Account,2019-02-21,23834.0
RM0005,Recurring Deposit,07/02/2020,29849.0
RM0216,Mutual Funds,01-21-2020,29271.0
RM0161,Term Insurance,06-20-2019,29762.0
RM0045,Mutual Funds,2024-08-10,65884.0
RM0138,Health Insurance,17/09/2021,47837.0
RM0208,Loan Against Property,03-07-2026,34341.0
RM0008,ULIP,09-26-2020,18072.0
RM0109,Credit Card,2021-01-08,11119.0
RM0083,recurring deposit,2023-01-21,22348.0
,Health Insurance,2024-01-07,15684.0
RM0181,Life Insurance,2022-12-25,86959.0
RM0175,Life Insurance,2021-06-28,15967.0
RM0181,Recurring Deposit,01-14-2025,74409.0
RM0078,Saving Account,2023-08-25,34360.0
RM0097,Term Insurance,2019-03-07,13810.0
RM0025,Fixed Deposit,2020-07-21,93760.0
RM0014,Mutual Funds,2020-06-22,53331.0
RM0103,Saving Account,2025-01-30,23443.0
RM0120,Fixed Deposit,2023-11-14,122538.0
RM0192,Recurring Deposit,04-06-2023,12315.0
,Fixed Deposit,01-06-2021,21271.0
RM0132,Fixed Deposit,,79725.0
RM0033,Health Insurance,,71786.0
RM0179,Recurring Deposit,2022-06-01,27073.0
RM0220,ULIP,2024-08-28,13201.0
RM0171,Fixed Deposit,07/02/2023,107623.0
RM0209,Recurring Deposit,2025-09-19,28821.0
RM0174,Fixed Deposit,2019-05-30,20889.0
RM0124,Mutual Funds,2025-05-30,46289.0
RM0235,Life Insurance,2026-06-12,130523.0
RM0235,saving account,09/05/2025,12226.0
RM0182,Health Insurance,2020-09-25,82579.0
RM0028,Gold Investment,2023-09-22,52486.0
RM0097,Gold Investment,11-20-2022,37708.0
RM0183,Loan Against Property,,78144.0
RM0155,Health Insurance,2023-01-06,178812.0
RM0147,Credit Card,2025-08-20,23016.0
RM0048,Recurring Deposit,2019-05-20,17753.0
RM0044,Fixed Deposit,04/09/2020,132024.0
RM0065,Mutual Funds,2020-01-14,65274.0
RM0187,Recurring Deposit,2024-04-22,38811.0
RM0227,Current Account,,52578.0
RM0173,ULIP,2021-06-07,78445.0
RM0061,Gold Investment,2023-04-27,84147.0
RM0085,Current Account,12/05/2026,136220.0
RM0052,Saving Account,06/05/2026,37829.0
RM0131,Loan Against Property,2019-08-26,27365.0
RM0077,Life Insurance,2022-10-07,61035.0
RM0129,Recurring Deposit,10-20-2021,36869.0
RM0001,Life Insurance,2025-03-31,55143.0
,Life Insurance,2019-05-22,37235.0
RM0051,Term Insurance,08/03/2023,18302.0
RM0033,Current Account,10/10/2019,41689.0
RM0184,Health Insurance,2020-04-21,68707.0
RM0168,Mutual Funds,2021-07-04,90293.0
RM0124,Credit Card,2023-11-09,43994.0
RM0202,Life Insurance,26/12/2022,19030.0
RM0014,Credit Card,2020-08-02,36780.0
RM0053,Recurring Deposit,12-03-2020,87157.0
RM0164,Health Insurance,,36624.0
RM0151,Recurring Deposit,2023-12-13,69623.0
RM0001,ULIP,2025-09-19,45383.0
RM0145,Health Insurance,15/10/2023,23802.0
RM0232,Term Insurance,2019-07-24,89518.0
RM0037,Health Insurance,2023-05-03,14398.0
RM0027,Mutual Funds,08-20-2025,47210.0
RM0007,Mutual Funds,2023-05-09,21715.0
RM0169,Term Insurance,2019-10-17,13471.0
RM0183,Fixed Deposit,2022-06-17,44951.0
,Gold Investment,2021-12-27,44613.0
RM0127,Credit Card,2019-10-03,71362.0
RM0108,Life Insurance,2022-11-06,78275.0
RM0005,Mutual Funds,06-20-2025,75059.0
RM0155,Gold Investment,2020-04-10,36344.0
RM0192,Gold Investment,,59941.0
RM0021,Health Insurance,2020-03-20,53012.0
RM0001,Current Account,2022-03-15,37371.0
RM0154,Mutual Funds,2021-04-28,55467.0
RM0082,Saving Account,2019-07-27,157107.0
RM0193,CREDIT CARD,2026-07-05,20714.0
RM0082,Credit Card,2022-08-16,128101.0
RM0190,Fixed Deposit,,12746.0
RM0085,Life Insurance,2019-10-09,28436.0
RM0030,Mutual Funds,2025-06-23,26994.0
RM0040,Health Insurance,2025-10-01,59223.0
,Life Insurance,2025-10-09,17033.0
RM0011,Saving Account,2019-06-09,117001.0
RM0099,ULIP,04-18-2020,98173.0
RM0213, Term Insurance ,03/03/2024,62787.0
RM0125,ULIP,05/02/2020,40662.0
RM0082,Life Insurance,2023-03-15,145120.0
RM0228,Life Insurance,2022-09-13,98817.0
RM0030,Recurring Deposit,2023-07-14,44588.0
RM0122,Loan Against Property,2020-03-16,70511.0
RM0211,Gold Investment,2024-08-28,51842.0
RM0110,Life Insurance,2021-12-15,54329.0
RM0010,Current Account,2020-03-31,30096.0
RM0139,Current Account,2023-01-08,41002.0
RM0132,Life Insurance,2025-07-17,14067.0
RM0209,Health Insurance,2019-11-05,32107.0
RM0148,Life Insurance,05/01/2023,69508.0
RM0147,Recurring Deposit,2020-10-16,163110.0
RM0107,Mutual Funds,14/07/2022,174928.0
,ULIP,09/01/2026,50565.0
RM0014,Credit Card,2023-03-10,56649.0
RM0250,Current Account,12-15-2019,20272.0
RM0158,Fixed Deposit,01-12-2020,69422.0
RM0235,Gold Investment,2019-11-28,13663.0
RM0040,Recurring Deposit,2019-12-10,26751.0
RM0124,Term Insurance,11-24-2025,65185.0
RM0230,Life Insurance,03-17-2021,28575.0
RM0163,Saving Account,03-15-2024,12556.0
RM0010,Recurring Deposit,2022-12-05,99151.0
RM0031,Gold Investment,04/03/2021,28577.0
RM0141,Loan Against Property,05-24-2021,13259.0
RM0052,LIFE INSURANCE,,13886.0
RM0015,Health Insurance,2023-05-28,24501.0
RM0068, Gold Investment ,2022-12-03,19801.0
RM0225,Current Account,2023-09-27,84427.0
RM0150,Term Insurance,2024-07-19,29407.0
RM0022,Credit Card,2024-10-27,91659.0
RM0106,Health Insurance,09-28-2025,19548.0
RM0177,Recurring Deposit,2022-12-13,43950.0
RM0097,Mutual Funds,2025-11-11,68243.0
RM0055,Health Insurance,2024-09-27,62776.0
RM0108,Saving Account,2025-09-08,55955.0
RM0133,Gold Investment,2023-12-22,139394.0
RM0099,Fixed Deposit,2024-10-17,22972.0
RM0003,Saving Account,2022-06-08,44033.0
RM0201,ULIP,28/03/2020,117705.0
,Mutual Funds,2019-02-01,14054.0
RM0026,Credit Card,2022-05-28,12875.0
RM0005,Gold Investment,2024-10-23,23283.0
RM0017,Fixed Deposit,28/03/2024,60122.0
RM0084,ULIP,2023-08-22,
RM0105,Gold Investment,24/07/2021,25047.0
RM0135,Life Insurance,2020-04-21,20550.0
RM0229,Health Insurance,22/08/2020,40698.0
RM0220,ULIP,2019-08-11,57543.0
RM0170,Fixed Deposit,2020-10-31,24288.0
RM0105,Fixed Deposit,2023-10-25,27883.0
RM0244,Fixed Deposit,2021-05-31,57538.0
RM0005,ULIP,10/02/2024,155696.0
RM0081,Life Insurance,2019-11-22,66156.0
RM0038,Health Insurance,11-04-2023,86370.0
RM0147,Current Account,09-22-2021,32849.0
RM0181,Current Account,09-09-2025,25890.0
RM0208,Term Insurance,02-20-2023,40281.0
RM0233,Current Account,2023-03-31,92287.0
RM0222,Credit Card,2020-08-19,40467.0
RM0121,Term Insurance,2019-10-25,103776.0
RM0128,Term Insurance,09-28-2022,234467.0
RM0174,Recurring Deposit,05-15-2026,13737.0
RM0028,Saving Account,,12323.0
RM0098,ULIP,2020-01-06,18101.0
RM0006,Recurring Deposit,,34255.0
RM0156,ULIP,2019-07-04,17023.0
RM0240,Credit Card,2025-12-06,112267.0
RM0078,Saving Account,2023-01-18,11170.0
RM0153,Term Insurance,12/05/2021,28974.0
,Life Insurance,2025-08-11,20209.0
RM0176,Current Account,2023-06-21,144074.0
RM0246,Term Insurance,2020-12-22,65354.0
RM0243,ULIP,07-30-2026,131538.0
RM0225,Credit Card,2022-07-30,189367.0
RM0044,Current Account,2023-04-06,44368.0
RM0048,ULIP,25/01/2025,23349.0
RM0005,Life Insurance,2020-04-03,20766.0
RM0056,ULIP,20/01/2025,22610.0
RM0184,Recurring Deposit,2025-11-18,71651.0
RM0155,Mutual Funds,2019-11-19,12064.0
RM0068,Mutual Funds,18/12/2020,12636.0
RM0214,Gold Investment,2023-08-16,56842.0
RM0045,Health Insurance,2019-11-26,61369.0
RM0153,Fixed Deposit,2025-04-12,64720.0
RM0134,health insurance,2020-09-20,33251.0
RM0237,ULIP,2026-02-11,91980.0
RM0001,Fixed Deposit,20/06/2024,48138.0
RM0223,Fixed Deposit,2023-04-17,15572.0
RM0172,Health Insurance,2024-02-01,89751.0
RM0001,Life Insurance,2020-05-18,162952.0
RM0014,ULIP,2023-09-29,13095.0
RM0159,Saving Account,2019-03-12,34825.0
RM0124,ULIP,2026-07-14,43424.0
RM0106,TERM INSURANCE,2020-12-28,17918.0
RM0028,Life Insurance,2025-02-26,111137.0
,Saving Account,2021-04-30,26714.0
,Credit Card,02/10/2022,86394.0
RM0118,ULIP,09-26-2020,65584.0
RM0100,Saving Account,,55570.0
RM0055,Gold Investment,2019-06-06,20668.0
RM0235,Saving Account,02-10-2024,22468.0
RM0184,Fixed Deposit,2023-04-13,12425.0
,Current Account,2026-06-12,23768.0
RM0172,Life Insurance,2025-01-10,31189.0
RM0132,Fixed Deposit,2019-03-23,99531.0
RM0102,Life Insurance,11-28-2020,32816.0
,Term Insurance,2026-01-09,80247.0
RM0067,ULIP,02-24-2025,38941.0
RM0245,Gold Investment,23/09/2022,
RM0238,Health Insurance,2021-09-23,86825.0
RM0019,saving account,03-21-2022,197054.0
RM0232,Recurring Deposit,2021-08-22,23711.0
RM0212,Term Insurance,2024-05-12,109149.0
RM0160,Health Insurance,2020-10-20,58619.0
RM0108,current account,2024-06-04,0.0
RM0006,Recurring Deposit,2020-05-17,94993.0
RM0171,Gold Investment,10-29-2021,62718.0
RM0131,Life Insurance,2022-08-17,37577.0
RM0015,RECURRING DEPOSIT,01/06/2019,22943.0
RM0089,Loan Against Property,2022-02-20,13630.0
RM0127,Loan Against Property,2026-02-12,48341.0
RM0037,Health Insurance,01/07/2020,241916.0
RM0034,ulip,2020-12-05,76978.0
RM0047,Saving Account,2020-04-20,29826.0
RM0215,Recurring Deposit,2019-05-12,97782.0
RM0239,Mutual Funds,2023-01-18,83263.0
RM0067,Recurring Deposit,2019-11-25,26538.0
RM0140,Mutual Funds,2022-04-25,10720.0
RM0234,Term Insurance,2019-07-28,16287.0
RM0005,Loan Against Property,2026-04-18,114903.0
RM0108,Saving Account,2024-04-01,100566.0
RM0196,Loan Against Property,2025-05-12,27492.0
RM0166,ULIP,2022-10-09,26787.0
RM0060,ULIP,03/05/2022,88719.0
,Gold Investment,16/09/2019,148819.0
,Life Insurance,2020-01-06,85510.0
RM0226,Health Insurance,2022-11-16,56516.0
RM0055,Recurring Deposit,16/06/2019,23897.0
, Term Insurance ,2025-10-02,0.0
RM0040,Mutual Funds,2026-06-01,47300.0
, Mutual Funds ,2024-06-06,23296.0
RM0079,Credit Card,06-07-2021,92515.0
RM0014,Loan Against Property,2026-01-09,34466.0
RM0223,Fixed Deposit,2026-06-10,99697.0
RM0221,Loan Against Property,2025-07-05,34031.0
RM0053,Term Insurance,2026-06-15,96906.0
RM0162,Term Insurance,2019-05-29,30272.0
RM0223,Saving Account,2025-05-19,39002.0
RM0062,Saving Account,2025-08-29,57789.0
RM0157,Term Insurance,09/03/2024,13644.0
RM0007,Loan Against Property,09-21-2022,158025.0
RM0054,Health Insurance,2019-04-09,52619.0
RM0107,Credit Card,21/01/2026,45445.0
RM0168,ULIP,04-02-2020,101440.0
RM0217,Saving Account,2019-01-23,110407.0
RM0084,Current Account,14/12/2022,46934.0
RM0103,Health Insurance,2022-05-05,141044.0
RM0162,Gold Investment,2026-03-09,13346.0
RM0220,HEALTH INSURANCE,2022-12-21,16008.0
RM0204,ULIP,2019-07-27,55414.0
RM0059,ULIP,2023-02-06,31852.0
RM0208,RECURRING DEPOSIT,2026-03-17,41202.0
RM0047,Loan Against Property,2020-12-02,29880.0
RM0032,Term Insurance,2026-05-16,35936.0
RM0229,Term Insurance,2025-08-08,96480.0
RM0011,Credit Card,2025-01-30,55005.0
RM0177,life insurance,2022-06-14,306557.0
RM0129,Recurring Deposit,01/04/2024,87294.0
RM0203,Loan Against Property,2019-06-27,25987.0
RM0105,Current Account,04-19-2021,25349.0
RM0081,Loan Against Property,05-09-2025,30465.0
,Loan Against Property,02-27-2024,102658.0
RM0180,Saving Account,2026-03-26,11383.0
RM0096,Credit Card,2024-04-07,23080.0
RM0112,Fixed Deposit,2024-07-13,127651.0
RM0190,Loan Against Property,2022-01-24,61068.0
RM0009,Term Insurance,2022-11-11,22863.0
RM0001,Loan Against Property,2020-07-10,22368.0
,Saving Account,2019-06-06,109249.0
,Recurring Deposit,2023-07-01,122101.0
RM0073,Life Insurance,09/02/2021,24794.0
RM0074,Mutual Funds,11-04-2022,37280.0
RM0161,Mutual Funds,2025-03-07,99968.0
RM0046,Saving Account,2026-03-16,83703.0
RM0246,Gold Investment,02/05/2022,94077.0
RM0122,Saving Account,2024-02-27,46531.0
RM0103,Saving Account,,131265.0
RM0225,Gold Investment,2023-06-02,29722.0
RM0079,Recurring Deposit,12-28-2025,18519.0
RM0205,Gold Investment,2021-03-13,71675.0
RM0120,Fixed Deposit,2022-03-31,48756.0
RM0141,Gold Investment,25/05/2020,106408.0
RM0062,Loan Against Property,2022-02-12,14232.0
RM0216,Fixed Deposit,2022-06-04,102796.0
RM0068,Fixed Deposit,2024-01-28,27357.0
RM0173,Loan Against Property,12-15-2024,63189.0
RM0214,Saving Account,2023-09-25,12047.0
RM0125,Saving Account,2021-05-06,57026.0
RM0165,Term Insurance,2024-03-14,73163.0
RM0148,Saving Account,2023-12-25,33002.0
RM0032,Saving Account,07/07/2026,22129.0
RM0075,Recurring Deposit,2026-01-21,48569.0
RM0218,Term Insurance,10-01-2024,99545.0
RM0161,Saving Account,08-19-2020,29544.0
RM0100,Gold Investment,2026-02-13,24548.0
RM0150,Recurring Deposit,2021-02-05,26351.0
RM0027,Gold Investment,2025-08-27,158926.0
RM0101,term insurance,2025-05-30,32257.0
RM0033,Mutual Funds,23/04/2025,10180.0
RM0228,Health Insurance,2024-01-19,86089.0
RM0194,Fixed Deposit,2026-04-19,70077.0
RM0003,Loan Against Property,02-23-2021,16880.0
RM0148,ULIP,2020-08-01,219667.0
RM0085,Loan Against Property,2024-02-11,56832.0
RM0086,ULIP,04-20-2019,44735.0
RM0072,Credit Card,03-27-2021,34081.0
RM0247,Term Insurance,2021-10-10,124469.0
RM0184,Gold Investment,2023-07-09,23983.0
RM0064,Gold Investment,2020-03-31,26827.0
RM0136,Life Insurance,2022-04-21,16528.0
,Loan Against Property,08-31-2019,81172.0
RM0011,ULIP,03-22-2024,55261.0
RM0211,Credit Card,2025-12-30,56960.0
RM0185,Term Insurance,2021-08-15,22325.0
RM0117,Gold Investment,11-24-2023,62658.0
RM0113,Saving Account,09-27-2023,82506.0
RM0051,Term Insurance,05/07/2022,32149.0
RM0057,Mutual Funds,04/02/2020,90809.0
RM0070,Gold Investment,2026-02-04,31446.0
RM0005,Life Insurance,2021-03-29,80969.0
,loan against property,09-14-2019,11715.0
RM0112,Credit Card,30/08/2021,50054.0
,fixed deposit,2023-09-14,184544.0
RM0082,Term Insurance,2025-03-18,208813.0
RM0130,Loan Against Property,10-14-2019,26547.0
RM0021,Mutual Funds,22/04/2021,39115.0
RM0180,Life Insurance,2022-05-12,13252.0
RM0089,Saving Account,2020-10-13,113312.0
RM0013,Term Insurance,2021-07-23,52032.0
RM0080,Mutual Funds,2026-01-24,34314.0
RM0242,LIFE INSURANCE,11/01/2019,15982.0
RM0131,Saving Account,,156654.0
RM0188,Term Insurance,02-24-2023,47774.0
RM0113,Credit Card,2021-07-02,26628.0
RM0155,Saving Account,2025-01-14,31555.0
RM0031,Mutual Funds,18/08/2022,25783.0
,Life Insurance,2021-01-07,56041.0
RM0021,Saving Account,07-23-2020,142936.0
RM0205,Mutual Funds,05/09/2023,107138.0
RM0081,Term Insurance,2022-06-09,40844.0
RM0035,Life Insurance,17/01/2021,97578.0
RM0065,Credit Card,05-04-2025,37504.0
RM0237,Saving Account,13/07/2025,24538.0
RM0215,ULIP,2024-06-07,214963.0
RM0135,Recurring Deposit,2019-10-18,88888888.0
RM0132,Life Insurance,01/06/2019,28112.0
RM0132,Saving Account,2025-07-23,29557.0
RM0128,Life Insurance,07-26-2021,238745.0
,Mutual Funds,2021-06-12,17189.0
RM0164,Recurring Deposit,20/10/2025,81467.0
RM0072,Term Insurance,2024-06-15,147297.0
RM0126,HEALTH INSURANCE,2021-03-27,45850.0
RM0213,Gold Investment,2019-06-01,10126.0
RM0141,gold investment,2022-05-21,33504.0
RM0219,Current Account,01/08/2022,15914.0
RM0204,Fixed Deposit,2024-07-30,36908.0
,ULIP,2021-05-08,88038.0
RM0094,Term Insurance,02/06/2025,38876.0
RM0219,Saving Account,2022-05-30,38275.0
RM0209,Life Insurance,2025-12-03,50685.0
RM0207,Loan Against Property,23/06/2023,53576.0
RM0177,ULIP,2025-08-27,107000.0
RM0143,Loan Against Property,2023-04-14,28434.0
RM0002,Gold Investment,2024-02-08,96206.0
RM0076,Recurring Deposit,2025-06-05,51727.0
RM0142,Life Insurance,01-07-2023,0.0
RM0093,Fixed Deposit,2023-01-27,27871.0
RM0155,GOLD INVESTMENT,2023-11-05,27486.0
RM0174,Term Insurance,11-08-2025,32403.0
RM0112,Term Insurance,09-10-2021,58734.0
RM0126,Loan Against Property,2021-05-29,23120.0
RM0206,Term Insurance,2026-06-06,136495.0
RM0105,Current Account,12-29-2024,52773.0
RM0181,Recurring Deposit,2022-05-26,136296.0
RM0186,Saving Account,2023-09-27,12375.0
RM0133,Recurring Deposit,2024-03-15,30973.0
RM0059,Term Insurance,,11153.0
RM0234,Recurring Deposit,2021-11-09,25890.0
RM0168,Loan Against Property,30/06/2025,109027.0
RM0056,loan against property,2023-11-06,11864.0
RM0234,fixed deposit,,38648.0
RM0073, Term Insurance ,,16253.0
RM0182,Life Insurance,10/12/2022,36964.0
RM0081,Credit Card,2023-06-01,101271.0
RM0188,Loan Against Property,2023-05-22,58784.0
RM0169,Term Insurance,2024-05-15,76733.0
RM0150,Credit Card,2020-02-12,31470.0
RM0228,Current Account,2023-11-28,154476.0
RM0169,Gold Investment,2021-01-11,71766.0
RM0210,Recurring Deposit,2024-11-19,37391.0
RM0182,Gold Investment,15/10/2021,37796.0
RM0202,Fixed Deposit,2019-09-27,135470.0
RM0060,ULIP,2026-03-24,52948.0
RM0165,Term Insurance,04-10-2022,71273.0
RM0213,Loan Against Property,30/04/2022,36981.0
RM0214,Mutual Funds,2021-11-19,22660.0
RM0163,Term Insurance,12-29-2020,74287.0
RM0089,Recurring Deposit,2022-06-23,56802.0
RM0245,Recurring Deposit,2022-01-27,44791.0
RM0180,Recurring Deposit,2026-01-16,58911.0
RM0222, Gold Investment ,2026-03-24,21677.0
,Term Insurance,,88979.0
RM0020,Saving Account,06-22-2026,157982.0
RM0114,Mutual Funds,2023-05-25,120867.0
RM0239,Life Insurance,,29388.0
RM0191,Credit Card,2025-06-17,36044.0
RM0087,Recurring Deposit,2019-05-18,92617.0
RM0177,Life Insurance,2023-10-01,55207.0
RM0130,Credit Card,2021-10-17,49694.0
RM0014,ULIP,2020-06-11,140620.0
RM0122,Fixed Deposit,2024-02-21,48396.0
RM0161,Life Insurance,03-23-2019,46173.0
RM0114,Recurring Deposit,2024-06-20,12146.0
RM0115,Current Account,2024-01-20,13597.0
RM0115,Current Account,2023-01-31,10372.0
RM0194,Current Account,2021-05-31,132232.0
RM0061,Mutual Funds,2019-03-27,36245.0
RM0191,Saving Account,2019-10-19,41608.0
RM0053,MUTUAL FUNDS,2026-03-12,103341.0
RM0052,Life Insurance,,88888888.0
RM0123,Loan Against Property,07/08/2019,56983.0
RM0169,Current Account,,57016.0
,Credit Card,2024-12-11,27586.0
RM0010,Saving Account,22/06/2023,99760.0
RM0155,Mutual Funds,2023-04-03,19065.0
RM0218,Current Account,2022-07-03,12730.0
RM0237,Recurring Deposit,06-06-2026,20635.0
RM0107,ULIP,2024-09-02,25580.0
RM0191,Credit Card,2024-10-11,26585.0
RM0156,Mutual Funds,07-30-2022,65511.0
RM0160,Recurring Deposit,2021-03-23,22283.0
RM0164,Current Account,2019-11-11,88888888.0
RM0204,Loan Against Property,2019-11-18,66452.0
RM0127,Loan Against Property,2021-07-29,14777.0
RM0208,Term Insurance,2019-07-15,17961.0
RM0236,ULIP,12-19-2024,45547.0
RM0068,Current Account,2020-06-23,137485.0
RM0074,Life Insurance,2022-09-24,108151.0
RM0051,Term Insurance,2022-01-14,183292.0
RM0192,Loan Against Property,2023-03-17,62559.0
RM0047,Saving Account,06-26-2026,66322.0
,Mutual Funds,,59044.0
RM0057,Credit Card,12-04-2024,58751.0
RM0017,Mutual Funds,2021-04-14,17956.0
RM0197,ULIP,,49234.0
RM0100,Credit Card,2024-06-25,34393.0
RM0036,Fixed Deposit,09-01-2021,39217.0
RM0095,Loan Against Property,2022-09-07,47074.0
RM0088,Term Insurance,2019-10-20,16871.0
RM0032,Life Insurance,2023-09-23,32274.0
RM0189,ULIP,2023-02-08,13277.0
RM0057, ULIP ,2020-05-06,204778.0
RM0003,Saving Account,2023-08-31,16308.0
RM0011,ULIP,2025-08-24,24955.0
,ULIP,2022-01-05,120954.0
RM0140,Recurring Deposit,2025-08-19,42957.0
RM0062,Fixed Deposit,21/03/2019,17288.0
RM0165,Credit Card,21/10/2019,34244.0
RM0102,Health Insurance,10-25-2023,16157.0
RM0250, Saving Account ,2019-03-25,21170.0
RM0183,Saving Account,2025-11-20,12671.0
RM0092,Credit Card,2022-10-31,38832.0
RM0179,Current Account,2019-11-17,92159.0
RM0237,Gold Investment,06-10-2026,54090.0
RM0210,Fixed Deposit,2026-02-11,56614.0
RM0161,Health Insurance,03-28-2019,0.0
,Health Insurance,09-14-2020,21193.0
RM0127,Health Insurance,20/12/2022,31071.0
RM0250,Health Insurance,2022-05-26,103294.0
RM0096,Mutual Funds,2023-03-11,14597.0
RM0119,Saving Account,2022-09-15,107571.0
RM0131,ulip,2023-07-02,43052.0
RM0242,Saving Account,02/09/2024,100745.0
RM0143,ULIP,2023-08-20,29136.0
RM0056,Recurring Deposit,04-06-2026,30688.0
RM0240,Health Insurance,2019-12-11,79636.0
RM0203,Fixed Deposit,2024-04-29,86854.0
RM0147,Current Account,2021-01-17,23045.0
RM0205,Loan Against Property,2021-07-30,190358.0
RM0205,ULIP,11-30-2020,14413.0
RM0151,Health Insurance,2021-09-25,13548.0
RM0234,Health Insurance,2026-01-13,55255.0
RM0247,Recurring Deposit,2025-04-12,74140.0
RM0062,health insurance,2024-05-15,172063.0
RM0205,LIFE INSURANCE,2020-12-05,35955.0
RM0186,Fixed Deposit,2021-12-01,11280.0
RM0049,CURRENT ACCOUNT,2025-04-02,56177.0
RM0124,ULIP,06/02/2025,27103.0
RM0236,Health Insurance,2020-12-27,38365.0
RM0051,Gold Investment,2022-11-15,43517.0
RM0083,Fixed Deposit,08/11/2025,13334.0
RM0031,Current Account,2021-05-03,43274.0
RM0249,Fixed Deposit,2019-08-19,37784.0
RM0075,SAVING ACCOUNT,2022-03-01,72334.0
RM0039,Credit Card,2025-12-21,61875.0
RM0164,Mutual Funds,2019-10-26,20241.0
RM0084,Gold Investment,2022-08-05,21542.0
RM0207,Fixed Deposit,2020-07-22,24451.0
RM0168, Recurring Deposit ,2022-10-10,19858.0
RM0096,Recurring Deposit,2021-11-12,63532.0
RM0167,Life Insurance,2022-07-20,88888888.0
,ULIP,2024-09-21,269519.0
RM0135,Saving Account,2020-06-04,62793.0
RM0182,ULIP,2020-08-30,56656.0
RM0215,Mutual Funds,2021-06-10,36375.0
,Life Insurance,,28740.0
RM0108,Mutual Funds,02/04/2019,130997.0
RM0020,Credit Card,2023-07-12,183691.0
RM0078,Fixed Deposit,2024-10-09,44336.0
RM0234,Gold Investment,2023-04-13,27138.0
RM0243,Loan Against Property,,83510.0
RM0139,Loan Against Property,23/05/2022,17104.0
RM0247,Loan Against Property,2026-06-30,82533.0
,Life Insurance,2022-07-20,95448.0
RM0226,Mutual Funds,2025-04-23,16671.0
RM0096,Term Insurance,2024-05-18,198312.0
RM0177,Recurring Deposit,2023-11-02,88888888.0
RM0002,Saving Account,2020-12-19,221722.0
,Recurring Deposit,12-15-2024,148008.0
RM0061,Loan Against Property,2019-02-04,44262.0
,Credit Card,2021-04-22,24123.0
RM0037,Saving Account,08-08-2019,53614.0
RM0192,Mutual Funds,,37230.0
RM0165, Recurring Deposit ,2026-02-07,21530.0
RM0034,Mutual Funds,2022-04-15,37554.0
RM0185,Recurring Deposit,2019-12-01,64515.0
,Life Insurance,2020-06-01,13677.0
RM0057,Current Account,2023-05-27,30279.0
RM0015,Gold Investment,2021-05-26,10897.0
RM0139,Loan Against Property,2024-10-20,79213.0
RM0111,Mutual Funds,2025-06-21,61178.0
RM0008,ULIP,2024-03-06,13236.0
RM0056,Mutual Funds,12/01/2025,177246.0
RM0018,Saving Account,10-07-2020,11144.0
RM0136,Life Insurance,09/02/2022,-1000.0
RM0222,Gold Investment,2024-08-05,54575.0
,Saving Account,28/02/2021,84887.0
RM0051,RECURRING DEPOSIT,2023-09-20,87534.0
RM0179,Life Insurance,2024-12-01,11744.0
RM0081,Recurring Deposit,31/12/2021,128444.0
RM0218, Life Insurance ,2021-01-25,135327.0
,Gold Investment,29/09/2025,51207.0
RM0047,Recurring Deposit,14/12/2022,88888888.0
RM0248,Current Account,2019-06-19,42897.0
RM0242,Mutual Funds,2024-01-10,12295.0
RM0079,Recurring Deposit,,51271.0
RM0170,Recurring Deposit,2019-08-11,36329.0
RM0070,Recurring Deposit,23/02/2024,84097.0
RM0053, Credit Card ,2023-08-15,35865.0
RM0066,Term Insurance,,67534.0
RM0112,Health Insurance,,15346.0
,Saving Account,,17133.0
RM0056,Recurring Deposit,2019-01-25,
RM0128,Recurring Deposit,2025-07-04,17524.0
RM0080,Fixed Deposit,03-14-2021,12329.0
RM0147,Health Insurance,2019-11-20,48971.0
RM0042,Saving Account,2025-03-15,88986.0
RM0144,Recurring Deposit,2025-08-14,57133.0
RM0222,Life Insurance,02-26-2019,52777.0
RM0059,Saving Account,06/06/2022,67069.0
RM0136, Health Insurance ,07-18-2026,30748.0
RM0043,Recurring Deposit,2020-01-07,32467.0
RM0134,Loan Against Property,12-15-2025,28863.0
RM0008,Saving Account,2019-08-29,72258.0
RM0050,Mutual Funds,2020-03-10,18815.0
RM0129,ULIP,,10655.0
RM0094,ULIP,2026-01-03,55341.0
RM0197,Loan Against Property,2023-12-04,152695.0
RM0021,Loan Against Property,2023-05-15,57004.0
RM0106,Saving Account,2019-04-22,86374.0
RM0104,Mutual Funds,2026-01-12,65857.0
RM0039,Gold Investment,05/08/2021,44401.0
RM0142,Credit Card,2019-09-22,73362.0
RM0171,Life Insurance,2025-12-01,96893.0
RM0039,Gold Investment,10-21-2024,0.0
RM0135,Gold Investment,2023-01-29,22727.0
RM0211,life insurance,2021-06-14,30483.0
RM0134,Current Account,2023-04-26,22662.0
RM0166,Term Insurance,2022-03-14,40089.0
RM0067,Loan Against Property,,118169.0
RM0167,Saving Account,2019-02-02,31171.0
RM0032,ULIP,04-15-2022,33457.0
RM0122,Term Insurance,03-30-2022,108436.0
RM0113,Current Account,29/01/2022,46218.0
RM0183,SAVING ACCOUNT,2022-03-24,48334.0
RM0181,Loan Against Property,2025-10-01,108592.0
RM0041,Gold Investment,25/08/2021,43718.0
RM0207,Credit Card,01-09-2019,67215.0
RM0027,Mutual Funds,10-26-2023,14476.0
RM0127,current account,2022-02-15,19839.0
RM0099,Mutual Funds,04-17-2024,35907.0
RM0120,Life Insurance,,44143.0
RM0086,ULIP,2022-09-11,178679.0
RM0042,Loan Against Property,2025-07-05,186425.0
RM0122,Saving Account,08/11/2019,105256.0
RM0235,Credit Card,2019-01-11,28960.0
RM0165,Credit Card,2024-08-13,176251.0
RM0184,Term Insurance,06-02-2022,68452.0
RM0206, Recurring Deposit ,,34956.0
RM0143,Saving Account,2019-04-27,70478.0
RM0179,Gold Investment,2026-04-03,10833.0
RM0244,Mutual Funds,2026-06-12,17900.0
RM0178,Fixed Deposit,2019-07-09,98505.0
RM0203,life insurance,15/06/2026,61862.0
RM0067,Saving Account,2021-06-18,32643.0
RM0113,Current Account,2019-03-11,44724.0
RM0235,Gold Investment,2023-05-23,127768.0
RM0138,Loan Against Property,2026-05-31,59926.0
RM0016,Mutual Funds,2025-10-11,35387.0
RM0197,Fixed Deposit,2019-06-04,16410.0
RM0166,Loan Against Property,28/08/2025,27389.0
,Recurring Deposit,,201614.0
RM0243,Mutual Funds,12-23-2020,38756.0
RM0017,Saving Account,2026-03-19,41917.0
RM0090,Fixed Deposit,,44517.0
RM0195,Term Insurance,03/07/2024,117753.0
RM0228,ULIP,23/09/2019,56307.0
RM0091,Saving Account,2020-11-29,69155.0
RM0227,ULIP,2026-01-26,34666.0
RM0023,Gold Investment,08/12/2019,11475.0
RM0010,Mutual Funds,2024-01-03,143662.0
RM0061,Current Account,16/12/2023,158921.0
RM0161,Health Insurance,2020-12-02,158946.0
RM0143,Recurring Deposit,2024-04-03,153841.0
RM0108,Saving Account,2026-02-19,94435.0
RM0191,Credit Card,2026-07-17,67695.0
RM0102,Fixed Deposit,2020-10-10,103058.0
RM0098,ULIP,2022-06-15,55882.0
RM0019,Loan Against Property,2023-08-04,17214.0
RM0046,Fixed Deposit,2022-06-09,34814.0
RM0119,Gold Investment,03-04-2019,187534.0
RM0047,Fixed Deposit,2019-07-27,31626.0
RM0050,Health Insurance,2019-01-01,111182.0
RM0094,ULIP,2022-08-19,14892.0
RM0127,Term Insurance,2020-02-25,30337.0
RM0074,Mutual Funds,2022-01-27,31612.0
RM0199,Term Insurance,2024-05-18,12649.0
RM0151,ULIP,,16340.0
RM0005,Fixed Deposit,03-01-2022,20731.0
RM0166,Term Insurance,2025-12-08,100951.0
RM0110,saving account,2020-10-08,13275.0
,Loan Against Property,2025-03-10,27741.0
,Health Insurance,2022-10-21,
RM0048,Saving Account,2020-10-30,10511.0
RM0037,Life Insurance,2026-02-06,69475.0
RM0152,Credit Card,2021-12-31,58419.0
RM0183,Credit Card,23/08/2022,61779.0
RM0029,ULIP,2021-11-20,33450.0
RM0240,Loan Against Property,22/03/2019,21676.0
RM0050,Gold Investment,2022-11-05,73705.0
RM0223,Saving Account,10-16-2023,93331.0
RM0179,Current Account,2020-04-19,17459.0
RM0106,ULIP,2023-02-04,43357.0
,Health Insurance,2019-04-02,24298.0
RM0122,Health Insurance,04-02-2025,19202.0
RM0115,Recurring Deposit,2021-07-24,76274.0
RM0068,Fixed Deposit,2026-05-08,48620.0
RM0174,Recurring Deposit,2025-08-17,22179.0
RM0186,Health Insurance,2022-11-10,28553.0
RM0206,Life Insurance,05/12/2020,180040.0
RM0052,Current Account,29/02/2020,104417.0
RM0152,Current Account,08-30-2021,115990.0
RM0141,Mutual Funds,2023-03-30,40810.0
RM0114,Credit Card,2022-07-31,58882.0
RM0246,Recurring Deposit,2020-09-09,33641.0
,Saving Account,10-28-2025,14044.0
RM0104,Loan Against Property,2021-09-16,35630.0
RM0007,Health Insurance,07-15-2020,55067.0
,Loan Against Property,2021-05-16,26923.0
RM0235,Fixed Deposit,07-06-2020,104177.0
RM0067,Recurring Deposit,29/04/2019,18190.0
RM0004,Loan Against Property,2023-03-22,0.0
RM0250,Loan Against Property,,32874.0
RM0121,Health Insurance,08-19-2023,16671.0
RM0040,Health Insurance,2020-12-19,35945.0
RM0064,Mutual Funds,15/01/2022,12023.0
RM0231,Credit Card,2023-04-09,25910.0
,Life Insurance,2020-04-21,35602.0
RM0118,Life Insurance,04-27-2025,42520.0
,ULIP,03-06-2025,49229.0
RM0139,Mutual Funds,2026-06-15,26078.0
RM0175,Fixed Deposit,2021-08-15,47016.0
RM0193,Fixed Deposit,14/03/2019,45566.0
RM0226,Gold Investment,2022-01-18,29002.0
RM0089,Term Insurance,2024-08-04,98656.0
RM0031,Term Insurance,12-24-2020,49443.0
RM0023,Health Insurance,03-20-2025,30193.0
RM0016,Credit Card,13/06/2024,157193.0
RM0089,Fixed Deposit,2020-05-08,103252.0
RM0059,Gold Investment,03/06/2021,212529.0
RM0086,Current Account,09-24-2019,68920.0
RM0018,Mutual Funds,2022-08-10,33758.0
RM0211,Fixed Deposit,08/02/2020,26485.0
RM0214,Gold Investment,01-06-2026,64430.0
RM0149,Current Account,2023-10-10,207685.0
RM0235,Credit Card,2025-07-27,59270.0
RM0085,ULIP,2020-07-11,116690.0
RM0214,Credit Card,2023-11-22,29957.0
RM0239,Saving Account,2022-10-18,36124.0
RM0022,Loan Against Property,2021-04-03,128369.0
,MUTUAL FUNDS,2026-03-12,80707.0
RM0099,Credit Card,2023-09-01,209257.0
RM0241,Recurring Deposit,13/02/2022,84530.0
,Credit Card,2020-03-12,39757.0
RM0127,Gold Investment,2026-05-11,47864.0
RM0245,Loan Against Property,2025-05-04,125387.0
RM0222,Life Insurance,2021-12-31,50108.0
RM0145,Saving Account,2021-08-29,24745.0
RM0060,Saving Account,2019-10-07,38601.0
RM0072,HEALTH INSURANCE,2024-01-24,46316.0
RM0119,Mutual Funds,2021-06-13,15086.0
RM0152,ULIP,04-12-2022,78082.0
RM0104,Loan Against Property,2020-04-12,15790.0
RM0165,Health Insurance,11-30-2021,35952.0
,ULIP,03/08/2021,91641.0
RM0114,Fixed Deposit,03/06/2026,88888888.0
RM0169,Loan Against Property,2024-02-28,41515.0
RM0197,Loan Against Property,10/06/2026,-1000.0
RM0063,Term Insurance,19/11/2024,102262.0
RM0187,Term Insurance,2020-04-09,30918.0
RM0221,Fixed Deposit,2020-12-07,168073.0
RM0080,Health Insurance,11-16-2024,21752.0
RM0136,Term Insurance,2020-04-08,11950.0
RM0184,Loan Against Property,07-16-2022,112953.0
RM0034,ULIP,2020-03-01,79757.0
RM0114,Gold Investment,2023-03-20,23197.0
RM0161,Mutual Funds,2026-02-02,219131.0
RM0011,Mutual Funds,2022-10-03,44885.0
RM0129,Loan Against Property,09-25-2019,160863.0
RM0134,Saving Account,2025-01-16,45162.0
RM0185,Credit Card,02-27-2023,41921.0
RM0053,Loan Against Property,2026-05-02,39813.0
RM0033,Loan Against Property,2021-11-14,30389.0
RM0106,Credit Card,12/10/2020,48146.0
RM0127,Saving Account,21/04/2021,40124.0
RM0145,Saving Account,2019-11-03,11871.0
RM0030,Loan Against Property,2026-05-28,25084.0
RM0085,Health Insurance,2024-06-24,21984.0
RM0127,Mutual Funds,2022-01-09,111034.0
RM0245,Life Insurance,26/10/2020,
RM0226,Recurring Deposit,2026-03-23,55673.0
RM0034,Term Insurance,10-22-2020,82129.0
RM0221,Credit Card,2020-09-18,167125.0
RM0005,Term Insurance,2024-04-02,61646.0
RM0120,Fixed Deposit,2022-04-05,212592.0
RM0016,Mutual Funds,02-17-2019,28681.0
RM0107,Term Insurance,2026-06-09,20306.0
RM0229,ULIP,10/05/2023,35817.0
RM0218,ULIP,08-03-2026,41819.0
RM0047,Current Account,,122862.0
RM0156,Fixed Deposit,2021-05-02,51042.0
RM0157,Term Insurance,2022-04-21,27278.0
RM0250,Saving Account,2019-05-28,0.0
RM0042,Current Account,2025-08-31,77862.0
RM0039,Health Insurance,2024-09-10,45243.0
RM0191,Current Account,2026-08-03,18844.0
RM0202,Mutual Funds,2026-04-11,52997.0
RM0184,Current Account,2026-07-21,131178.0
RM0025,Health Insurance,2021-01-06,102455.0
RM0238,Recurring Deposit,10/11/2021,54192.0
RM0065,Gold Investment,2024-12-22,33667.0
RM0199,Loan Against Property,2022-07-04,14549.0
RM0180,Recurring Deposit,10-19-2024,41710.0
RM0218,Life Insurance,,79732.0
RM0207,RECURRING DEPOSIT,2021-09-01,32335.0
,Saving Account,2023-08-27,23423.0
RM0080,Recurring Deposit,2022-03-19,143958.0
RM0178,Fixed Deposit,2022-01-15,96173.0
RM0083,Gold Investment,02/09/2024,60843.0
RM0213,Current Account,2025-10-04,17354.0
RM0063,Health Insurance,,17827.0
RM0157,Fixed Deposit,2023-11-17,15447.0
RM0235,Recurring Deposit,01-10-2022,57894.0
RM0007,Current Account,2019-11-06,16140.0
RM0154,Recurring Deposit,2022-08-06,102456.0
,Credit Card,2025-06-25,257842.0
RM0016,Saving Account,2022-10-10,32812.0
RM0030,Gold Investment,2025-12-27,40226.0
RM0249,Saving Account,2025-06-24,72181.0
RM0093,Current Account,2023-05-13,148352.0
RM0046,Recurring Deposit,20/04/2020,122260.0
RM0236,Fixed Deposit,2024-04-13,12965.0
RM0129,Health Insurance,31/07/2023,19260.0
RM0125,Life Insurance,10/12/2024,80242.0
RM0053,Current Account,2022-09-12,68380.0
RM0138,Loan Against Property,08-10-2022,17148.0
RM0031,Mutual Funds,09/01/2019,44864.0
RM0132,Saving Account,2022-07-20,85891.0
RM0031,ULIP,12-27-2024,22344.0
,ULIP,24/08/2021,112508.0
RM0116,Loan Against Property,27/03/2019,12721.0
,ULIP,2022-09-21,88888888.0
RM0090,Current Account,04/07/2023,86207.0
RM0034,Recurring Deposit,2026-01-05,57832.0
RM0008,Life Insurance,09-04-2020,28931.0
RM0209,Current Account,10-17-2023,73815.0
RM0094,Current Account,2024-06-11,86246.0
RM0043,Fixed Deposit,2025-03-27,145828.0
RM0071,Term Insurance,2019-09-12,32925.0
RM0142,Gold Investment,,67920.0
RM0059,Gold Investment,06-25-2019,56142.0
RM0088,Saving Account,2022-01-28,47243.0
RM0134,Gold Investment,2026-04-14,120553.0
RM0188,Mutual Funds,2024-02-25,10158.0
RM0061,Fixed Deposit,2026-02-16,26572.0
RM0237,Life Insurance,2021-04-01,48639.0
,Recurring Deposit,2024-05-01,19818.0
RM0247,Life Insurance,07-14-2023,129225.0
RM0155,Life Insurance,2026-04-13,62148.0
RM0120,loan against property,2024-01-22,42493.0
,Gold Investment,2019-11-18,94289.0
RM0025,Credit Card,2025-04-18,39972.0
,ULIP,2025-11-26,50896.0
RM0250,Health Insurance,2020-11-07,10137.0
RM0109,Saving Account,03/02/2024,32761.0
RM0073,Mutual Funds,2021-09-20,17470.0
RM0132,Loan Against Property,,68508.0
RM0202,ULIP,2025-08-16,42602.0
RM0080,Gold Investment,2026-03-29,27959.0
RM0088,Fixed Deposit,2024-05-10,41539.0
RM0160,Loan Against Property,01-27-2021,21762.0
RM0219,Life Insurance,2021-05-20,139571.0
RM0157,Fixed Deposit,2023-09-16,12774.0
RM0211,Mutual Funds,2021-03-05,110278.0
RM0089,ulip,2025-05-23,45806.0
RM0231,Health Insurance,2025-06-26,58240.0
RM0233,CREDIT CARD,2021-02-03,28020.0
RM0192,ULIP,2026-02-26,180106.0
RM0243,Current Account,2019-11-24,26553.0
RM0155,Recurring Deposit,10-30-2024,54443.0
RM0154,Mutual Funds,2021-06-12,261160.0
RM0060,Term Insurance,21/01/2023,116471.0
RM0203,Mutual Funds,23/05/2025,48429.0
RM0073,Credit Card,17/07/2019,242167.0
,Recurring Deposit,02/11/2021,70427.0
RM0006,Credit Card,2026-07-30,21703.0
RM0026,Fixed Deposit,18/05/2021,36009.0
RM0056,Life Insurance,2020-09-10,30360.0
RM0206,Gold Investment,18/01/2022,31080.0
RM0216,Life Insurance,2019-08-31,81450.0
,ULIP,2025-08-28,53885.0
RM0136,Current Account,2025-09-25,11941.0
RM0056,RECURRING DEPOSIT,2026-07-04,114961.0
RM0135,Fixed Deposit,2020-05-17,27605.0
RM0056,Mutual Funds,2023-12-12,301720.0
RM0093,Recurring Deposit,06/03/2025,164163.0
,Saving Account,2022-01-08,151114.0
RM0039,Current Account,2023-11-12,93334.0
RM0040,ULIP,2021-01-01,22462.0
RM0151,ULIP,2021-07-26,48031.0
RM0239,Fixed Deposit,2022-08-28,22699.0
RM0147,Life Insurance,17/05/2022,-1000.0
RM0017,Loan Against Property,2024-03-27,25033.0
,Loan Against Property,2024-07-13,57202.0
RM0249,Current Account,2026-05-31,12084.0
RM0097,Current Account,2020-12-08,184433.0
RM0203,Saving Account,2022-12-02,135463.0
RM0097,Current Account,2025-09-26,33963.0
RM0038,Health Insurance,2019-05-17,46223.0
RM0211,Gold Investment,07-10-2021,41379.0
RM0170,MUTUAL FUNDS,2025-06-06,116938.0
,Saving Account,2021-11-29,68334.0
RM0115,Loan Against Property,2022-09-20,26294.0
RM0236,Loan Against Property,2023-09-11,39605.0
RM0120,Mutual Funds,2025-03-15,38015.0
RM0117,Saving Account,03/03/2020,170119.0
RM0002,Credit Card,27/09/2024,19637.0
RM0049,Gold Investment,2020-07-22,14692.0
RM0002,Term Insurance,2020-02-06,116271.0
RM0105,Recurring Deposit,2020-12-28,123499.0
RM0137,Life Insurance,2021-09-19,112684.0
RM0210,Gold Investment,2026-07-11,45767.0
RM0242,Fixed Deposit,2022-06-08,63902.0
RM0115,Mutual Funds,2021-09-20,51432.0
RM0192,Gold Investment,2020-10-27,13598.0
RM0203,Health Insurance,,55296.0
RM0018,Fixed Deposit,2024-01-27,10685.0
RM0094,Recurring Deposit,2020-04-25,29651.0
RM0039,Gold Investment,11/09/2019,144627.0
RM0123,Current Account,,28123.0
RM0195,Health Insurance,,150526.0
RM0216,ULIP,2024-12-24,24393.0
RM0220,Fixed Deposit,2024-12-25,28884.0
RM0076,Term Insurance,07-06-2019,59497.0
RM0013,Gold Investment,,81695.0
RM0105,mutual funds,25/01/2021,44796.0
RM0044,Health Insurance,10-21-2024,116902.0
RM0061,Recurring Deposit,2023-12-30,12053.0
RM0022,Saving Account,2024-09-18,137677.0
RM0078,Recurring Deposit,2025-02-03,20926.0
RM0027,Credit Card,10/01/2021,117811.0
RM0011,Current Account,2025-06-13,35613.0
RM0075,Fixed Deposit,2021-11-14,99415.0
RM0109,Life Insurance,2024-09-04,
RM0191,Mutual Funds,2021-07-13,65686.0
RM0069,Fixed Deposit,12-22-2021,19675.0
RM0180,LOAN AGAINST PROPERTY,2023-07-19,135080.0
RM0059,Current Account,2025-08-18,24086.0
RM0079,Current Account,2025-06-20,23994.0
RM0186,ULIP,,94148.0
RM0158,Mutual Funds,2024-09-16,15595.0
RM0136,Health Insurance,2025-06-12,22553.0
RM0219,Term Insurance,2019-03-24,45026.0
RM0036,Current Account,2025-09-29,98738.0
RM0091,Credit Card,2025-10-30,17978.0
,Term Insurance,09/07/2019,49666.0
RM0109,ULIP,2019-09-30,72108.0
RM0150,ULIP,2024-10-09,108518.0
RM0201,Health Insurance,06/12/2019,147105.0
RM0205,Health Insurance,09-11-2023,86772.0
RM0084,Recurring Deposit,2025-04-23,62896.0
RM0052,Life Insurance,2021-12-09,38424.0
RM0218,Fixed Deposit,2020-02-15,15945.0
RM0012,LOAN AGAINST PROPERTY,2024-12-05,71848.0
RM0004,Loan Against Property,2026-04-05,256250.0
RM0155,Credit Card,23/01/2020,76734.0
RM0221,Mutual Funds,2025-07-10,10842.0
RM0187,Gold Investment,2023-03-14,44284.0
RM0170,Fixed Deposit,12-07-2023,57679.0
RM0077,Saving Account,2024-11-26,68506.0
RM0127,loan against property,2019-11-23,73599.0
RM0042,Recurring Deposit,2022-09-03,50834.0
RM0073,Mutual Funds,2025-02-23,22638.0
RM0192,Mutual Funds,05-29-2019,152538.0
RM0153,Term Insurance,2021-10-18,69646.0
RM0189,Mutual Funds,2026-05-16,23514.0
RM0094,Life Insurance,2022-11-15,29454.0
RM0129,Loan Against Property,17/01/2026,
RM0067,Saving Account,2021-06-01,137505.0
RM0243,Current Account,11-05-2021,119233.0
RM0061,Saving Account,02-14-2024,35972.0
RM0227,Health Insurance,2022-06-26,11953.0
RM0249,Mutual Funds,09-26-2020,12485.0
,Loan Against Property,2022-07-25,26698.0
,Gold Investment,10-01-2025,59594.0
RM0195,Recurring Deposit,2021-06-02,53876.0
RM0040,Recurring Deposit,05/11/2025,60232.0
RM0095,Gold Investment,2021-03-07,73165.0
RM0118,Saving Account,02/11/2025,10960.0
RM0228,Fixed Deposit,2020-02-01,15551.0
,Health Insurance,2019-03-16,32274.0
RM0154,Gold Investment,2025-09-06,18412.0
RM0039,Life Insurance,2021-10-01,13915.0
RM0199,ULIP,2022-11-19,61216.0
RM0022,ULIP,2020-08-27,94460.0
RM0019,Term Insurance,2021-07-27,79842.0
RM0144,ulip,2024-03-14,94924.0
RM0011, ULIP ,03/02/2024,64809.0
RM0113, Recurring Deposit ,17/01/2023,76466.0
RM0033,Current Account,30/03/2024,25857.0
RM0247,Gold Investment,2019-03-23,258149.0
RM0143,Saving Account,2021-09-14,20115.0
RM0225,Current Account,05-21-2019,22071.0
RM0101,Mutual Funds,2019-09-28,27048.0
RM0129,Recurring Deposit,2023-08-26,195113.0
RM0036,Credit Card,,232359.0
RM0175,fixed deposit,31/08/2019,89211.0
,ULIP,2025-08-30,59585.0
RM0183,Recurring Deposit,2026-01-25,46704.0
RM0007,Term Insurance,03-19-2023,186373.0
RM0233,Loan Against Property,2026-04-17,69474.0
RM0152,Term Insurance,2022-08-21,154776.0
RM0090,ULIP,,29030.0
RM0050,health insurance,01-23-2021,30306.0
,Saving Account,16/11/2022,106456.0
RM0199,Loan Against Property,2024-04-27,18117.0
RM0213,current account,2020-09-22,155871.0
RM0209,Fixed Deposit,2021-01-26,45410.0
RM0243,Health Insurance,2026-03-06,140464.0
RM0217,Recurring Deposit,04-12-2024,0.0
RM0073,Saving Account,24/08/2025,30533.0
RM0242,Loan Against Property,01-05-2019,72931.0
RM0204,Saving Account,2020-02-04,42973.0
RM0054,Term Insurance,10-07-2019,59282.0
RM0160,Term Insurance,2025-01-11,45096.0
RM0195,Loan Against Property,,180737.0
RM0163,Fixed Deposit,16/03/2026,68899.0
,Recurring Deposit,2023-01-23,24472.0
RM0202,Health Insurance,2021-10-22,130218.0
RM0160,Loan Against Property,2019-03-10,27409.0
,Health Insurance,01-27-2024,33229.0
RM0177,Recurring Deposit,02-25-2023,15386.0
RM0030,Loan Against Property,2021-08-02,125112.0
RM0074,Current Account,31/08/2020,26851.0
RM0178,Mutual Funds,2021-12-28,24982.0
RM0051,Fixed Deposit,2020-02-01,136450.0
RM0210,Current Account,2022-07-09,91873.0
RM0002,Loan Against Property,2023-05-31,17603.0
RM0132,Credit Card,,83337.0
,Recurring Deposit,09-07-2019,132111.0
RM0125,Loan Against Property,2025-06-09,14088.0
RM0234,Gold Investment,2020-03-04,97209.0
RM0157,Fixed Deposit,2019-12-07,49639.0
RM0036,Health Insurance,2024-01-27,65311.0
RM0039,Saving Account,2023-10-03,43947.0
RM0016,Credit Card,10-20-2022,69833.0
RM0150,Loan Against Property,2023-06-13,11734.0
RM0068,Life Insurance,2024-02-19,81922.0
RM0111,Life Insurance,2022-11-05,11695.0
RM0118,Mutual Funds,2021-11-17,40375.0
RM0085,Life Insurance,2024-12-17,18182.0
RM0203,Loan Against Property,2021-04-18,96742.0
RM0023,MUTUAL FUNDS,2020-03-12,28819.0
RM0223,Saving Account,2020-02-03,40265.0
RM0066,Mutual Funds,26/05/2021,37996.0
RM0036,saving account,06-16-2020,84030.0
RM0047,Health Insurance,15/08/2024,42806.0
RM0085,mutual funds,09-13-2022,87784.0
RM0045,Credit Card,01-01-2020,13817.0
RM0124,Fixed Deposit,2024-11-03,20634.0
RM0083,Gold Investment,04-27-2021,50096.0
RM0165,Loan Against Property,2022-04-26,156956.0
RM0113,Saving Account,2019-05-08,13884.0
RM0101,Credit Card,07-25-2021,12201.0
RM0244,Life Insurance,22/09/2019,18512.0
RM0146,Recurring Deposit,2024-03-10,61242.0
RM0229,Recurring Deposit,2024-09-06,35457.0
RM0180,Current Account,2022-09-20,97306.0
,Saving Account,2020-05-12,13732.0
RM0133,Credit Card,04/05/2021,20933.0
RM0143,Fixed Deposit,,27835.0
RM0025,Gold Investment,2021-03-09,59272.0
RM0046,Mutual Funds,,67786.0
RM0237,Health Insurance,2024-06-07,16631.0
RM0085,ULIP,2023-09-11,153946.0
,Recurring Deposit,10-12-2025,30854.0
RM0034,Current Account,2022-07-19,72443.0
RM0039,Fixed Deposit,2022-03-31,47138.0
RM0097,Recurring Deposit,2023-07-10,22600.0
RM0207,Current Account,05/08/2022,103614.0
RM0176,Fixed Deposit,2024-06-27,95252.0
RM0085,Gold Investment,2025-10-13,35215.0
RM0182,Current Account,2024-12-22,54410.0
RM0233,Current Account,2022-06-22,24908.0
,Current Account,05-30-2019,68535.0
RM0238,Gold Investment,2022-03-13,0.0
RM0056,Loan Against Property,2022-12-25,28482.0
RM0221,Current Account,2021-07-08,102920.0
RM0206,Health Insurance,2022-05-25,22255.0
RM0140,Fixed Deposit,2026-07-18,10745.0
RM0062,Term Insurance,2023-12-14,25633.0
RM0239,Recurring Deposit,2021-04-08,20601.0
RM0048,Current Account,,45492.0
,Fixed Deposit,2019-08-27,21389.0
RM0132,Health Insurance,2021-06-19,82024.0
RM0151,Credit Card,2025-06-07,23812.0
RM0221,Term Insurance,2023-04-01,71373.0
,Term Insurance,22/10/2019,53193.0
RM0136,Saving Account,08-27-2020,224335.0
RM0207,Health Insurance,27/02/2024,471007.0
RM0044,Term Insurance,10-04-2023,111829.0
RM0128,Recurring Deposit,2022-04-26,81352.0
RM0211,Credit Card,2022-12-18,34425.0
RM0063,Saving Account,2024-11-08,79974.0
RM0022,Loan Against Property,,166951.0
RM0186,Saving Account,2019-06-23,11182.0
RM0015,GOLD INVESTMENT,2021-12-04,48600.0
RM0236,Recurring Deposit,15/07/2023,22294.0
RM0101,Life Insurance,2024-07-08,50808.0
RM0028,Recurring Deposit,2024-06-23,41409.0
RM0123,Recurring Deposit,2025-04-23,52873.0
RM0204,Term Insurance,2023-05-28,50032.0
RM0157,Recurring Deposit,11/06/2019,171077.0
,ULIP,03-04-2025,50168.0
RM0111,Term Insurance,28/07/2025,103615.0
RM0139,Credit Card,04/10/2023,29269.0
RM0170,Mutual Funds,31/07/2020,38821.0
RM0144,ULIP,2023-09-03,41782.0
RM0096,Health Insurance,22/07/2024,26336.0
RM0188,Health Insurance,2026-04-08,33884.0
RM0152,Current Account,2025-10-30,55629.0
RM0239,Fixed Deposit,,53397.0
RM0173,Term Insurance,2019-02-03,60589.0
RM0152,Loan Against Property,2024-12-04,31679.0
RM0218,Loan Against Property,2026-08-08,28977.0
RM0105,CREDIT CARD,2022-07-28,57288.0
RM0226,Fixed Deposit,2023-03-14,17127.0
RM0153,Gold Investment,2019-10-30,24586.0
RM0078,Mutual Funds,20/04/2024,12152.0
RM0060,Credit Card,05-18-2020,13769.0
RM0077,Health Insurance,2022-02-19,23944.0
RM0237,Saving Account,2020-10-12,10986.0
RM0194,Credit Card,2024-02-15,24079.0
RM0196,Recurring Deposit,02/07/2024,63207.0
RM0234,Recurring Deposit,03-05-2022,13152.0
RM0023,Credit Card,2020-03-08,38700.0
RM0094,Term Insurance,24/07/2019,132154.0
RM0027, Fixed Deposit ,2022-07-31,88339.0
RM0070,Current Account,2021-11-29,28223.0
RM0145,Credit Card,2023-11-25,139383.0
RM0056,Health Insurance,14/05/2022,29997.0
RM0131,Life Insurance,03-01-2026,13763.0
RM0052,Health Insurance,,266268.0
RM0167,Term Insurance,09-21-2021,112019.0
,Gold Investment,2021-10-21,41361.0
RM0140,Loan Against Property,05/04/2019,64887.0
RM0204,Fixed Deposit,2020-05-20,65619.0
RM0157,Credit Card,11-22-2020,20813.0
RM0186,Saving Account,03-12-2023,21160.0
,Life Insurance,05-20-2024,41704.0
RM0093,Mutual Funds,2025-08-30,
RM0205,Term Insurance,2023-04-02,131278.0
RM0068,Current Account,2021-09-04,10502.0
RM0092,Recurring Deposit,2020-03-07,86279.0
RM0034,ULIP,2024-11-06,12962.0
RM0043,Recurring Deposit,2025-01-06,42525.0
RM0218,Life Insurance,2022-03-05,60787.0
RM0182,Health Insurance,2021-03-09,68039.0
,ULIP,04-24-2021,13012.0
RM0210,Loan Against Property,11-25-2025,37116.0
RM0028,Fixed Deposit,2025-11-09,53833.0
RM0151,Life Insurance,2026-07-14,13416.0
RM0176,Loan Against Property,2023-05-09,17256.0
,Fixed Deposit,2020-01-22,64479.0
RM0164,Current Account,2021-06-26,46869.0
RM0201,Loan Against Property,10/03/2019,18826.0
RM0210,Loan Against Property,2024-11-06,48311.0
RM0006,Current Account,2021-10-23,131915.0
RM0220,Recurring Deposit,2026-03-13,10785.0
RM0177,Recurring Deposit,2019-09-03,61449.0
RM0021,Mutual Funds,2022-12-28,13825.0
RM0240,Term Insurance,2025-01-26,10323.0
RM0096,Current Account,2025-12-28,18164.0
RM0174,Recurring Deposit,2023-06-05,37487.0
RM0107,Loan Against Property,2025-04-14,91061.0
RM0219,Health Insurance,2023-10-06,26549.0
RM0235,Loan Against Property,2023-08-19,59131.0
RM0207,Life Insurance,2025-06-15,36479.0
RM0021,ULIP,10/12/2024,23350.0
RM0216,Saving Account,2021-07-24,46102.0
RM0211,Health Insurance,07/07/2022,89842.0
RM0086,Gold Investment,2024-05-29,-1000.0
RM0118,ULIP,03-12-2021,99336.0
RM0049,Fixed Deposit,12-19-2019,103709.0
RM0099,Saving Account,03/08/2020,30666.0
RM0153,ULIP,2026-02-23,88862.0
RM0088,SAVING ACCOUNT,2019-09-14,21924.0
,Gold Investment,11-05-2021,77051.0
RM0140,life insurance,2019-09-17,158196.0
RM0203,Gold Investment,14/02/2020,10691.0
RM0102,Recurring Deposit,01-06-2024,39023.0
RM0242,Health Insurance,2025-06-27,88888888.0
RM0179,ULIP,2024-07-22,62173.0
RM0035,Gold Investment,02-20-2024,70495.0
RM0081,Mutual Funds,,19684.0
RM0028,ULIP,2021-05-28,189105.0
RM0109,Term Insurance,2019-06-08,57760.0
RM0216,mutual funds,2020-04-02,18976.0
RM0069,Loan Against Property,2023-04-04,11036.0
RM0134,Term Insurance,2020-09-07,86453.0
RM0121,Gold Investment,2023-04-05,14153.0
RM0131,Saving Account,2024-11-25,17602.0
RM0014,Credit Card,2024-02-03,52763.0
RM0179,Loan Against Property,09-12-2022,56254.0
RM0089,Term Insurance,2019-09-06,68059.0
,Saving Account,2021-10-24,35003.0
RM0175,Recurring Deposit,2023-03-22,84338.0
RM0132,Term Insurance,2020-01-07,193177.0
RM0119,Fixed Deposit,2020-11-19,25810.0
RM0016,Gold Investment,2025-03-20,70705.0
RM0091,Gold Investment,,141880.0
,Loan Against Property,2025-09-09,67963.0
RM0018,Gold Investment,2021-11-01,67145.0
RM0021,Term Insurance,2019-05-14,22665.0
RM0029,Term Insurance,2019-01-12,48299.0
RM0192,Current Account,2024-03-18,51336.0
RM0153,Term Insurance,2019-11-27,70220.0
RM0249,Fixed Deposit,2022-01-03,297566.0
RM0179,Current Account,02/09/2023,11711.0
RM0182,LOAN AGAINST PROPERTY,2024-04-27,13372.0
RM0050,Mutual Funds,2025-01-26,14057.0
RM0196,Health Insurance,06-11-2021,77929.0
RM0041,Loan Against Property,08-20-2020,17329.0
RM0195,Fixed Deposit,2020-09-07,58702.0
RM0191,Recurring Deposit,27/04/2021,29627.0
RM0061,Gold Investment,2022-09-05,40561.0
,Recurring Deposit,2019-09-25,22145.0
RM0082,Recurring Deposit,2021-10-22,110535.0
RM0093,Mutual Funds,,54112.0
RM0165,Current Account,2022-02-12,0.0
,Saving Account,2020-07-30,154625.0
RM0172,Mutual Funds,2019-10-22,52735.0
RM0235,Gold Investment,20/03/2023,16614.0
RM0242,Term Insurance,22/04/2019,19368.0
,Current Account,2026-07-02,
RM0006,SAVING ACCOUNT,2025-02-02,235830.0
RM0174,Current Account,10-22-2025,74652.0
RM0214,Term Insurance,18/04/2022,12526.0
RM0197,Credit Card,2021-05-22,70832.0
RM0149,ULIP,2019-11-08,36566.0
RM0057,Recurring Deposit,,28351.0
RM0005,Health Insurance,11/04/2025,18365.0
RM0030, Saving Account ,2023-07-05,101599.0
RM0054,recurring deposit,2023-05-13,13298.0
RM0081,Health Insurance,18/05/2022,27112.0
RM0185,Gold Investment,2019-06-19,28291.0
RM0216,Term Insurance,2019-04-22,18771.0
RM0224,Credit Card,2020-07-21,45482.0
RM0236,Saving Account,01-05-2020,10588.0
RM0007,Recurring Deposit,2021-07-30,27903.0
,Credit Card,,145625.0
RM0036,ULIP,2026-04-22,28591.0
,Mutual Funds,04-05-2026,32350.0
RM0219,Gold Investment,2024-06-19,42043.0
RM0089,ULIP,2019-08-03,51241.0
RM0116,Term Insurance,04-06-2021,92697.0
RM0209,Health Insurance,2019-11-25,20555.0
RM0071,Recurring Deposit,09-18-2025,112687.0
RM0143,Recurring Deposit,2025-04-21,80847.0
RM0080,Mutual Funds,16/05/2025,74123.0
RM0045,Credit Card,2026-02-06,14540.0
RM0094,Life Insurance,05-02-2023,11093.0
,Current Account,,55071.0
RM0001,Term Insurance,2024-10-01,109437.0
RM0203,Health Insurance,2020-10-17,53906.0
RM0138,Fixed Deposit,20/05/2022,21991.0
RM0208,Term Insurance,2025-09-04,14744.0
RM0015,Loan Against Property,10/09/2022,70131.0
RM0212,Gold Investment,2019-10-14,73965.0
RM0002,Mutual Funds,2022-04-05,19469.0
RM0171,Credit Card,24/01/2026,11429.0
RM0232,Mutual Funds,2024-01-31,36236.0
RM0009,Loan Against Property,,53699.0
RM0231,Fixed Deposit,2025-12-08,71209.0
RM0190,Health Insurance,2025-04-08,93022.0
RM0163,Fixed Deposit,2021-11-02,57149.0
RM0216,Current Account,2023-03-28,15876.0
RM0195,Gold Investment,2026-02-10,67376.0
,Saving Account,2025-10-11,217313.0
RM0060,Gold Investment,2024-10-25,128002.0
RM0075,Gold Investment,,112657.0
RM0217,Credit Card,2022-01-18,27988.0
,LOAN AGAINST PROPERTY,2020-03-06,79472.0
RM0099,Recurring Deposit,12/10/2020,105225.0
,Health Insurance,2021-01-09,66710.0
,Saving Account,2020-02-25,24421.0
RM0147,Life Insurance,2019-05-06,163775.0
RM0173,Mutual Funds,12-12-2020,39966.0
RM0084,Recurring Deposit,06-26-2020,16951.0
,Fixed Deposit,05-12-2025,15814.0
RM0131,Term Insurance,2022-05-29,62137.0
RM0211,Gold Investment,2025-11-18,38786.0
RM0132,Saving Account,2024-05-13,14962.0
RM0092,Health Insurance,2023-08-15,77423.0
RM0091,ULIP,2025-01-17,90303.0
RM0003,Loan Against Property,11/07/2019,74624.0
RM0075,Saving Account,06-07-2019,21298.0
RM0022,Fixed Deposit,2024-07-20,68522.0
RM0014, Recurring Deposit ,2019-07-15,10539.0
RM0114,Fixed Deposit,2020-11-10,28200.0
RM0001,ULIP,2022-03-03,35443.0
RM0104,ULIP,2023-09-18,100165.0
RM0079,ULIP,2024-06-05,34747.0
RM0225,Loan Against Property,2019-11-30,10566.0
RM0027,Credit Card,2020-03-25,31719.0
RM0172,Mutual Funds,2019-01-05,44549.0
RM0156,Health Insurance,2024-03-07,158801.0
RM0170,Mutual Funds,29/12/2019,151539.0
RM0044,Mutual Funds,2025-01-03,19975.0
RM0085,Recurring Deposit,2020-08-03,20237.0
RM0134,Loan Against Property,2021-09-06,18919.0
RM0018,Recurring Deposit,05/08/2021,87776.0
RM0173,Gold Investment,29/04/2022,10302.0
RM0221,Current Account,,16801.0
RM0039,Loan Against Property,2021-03-01,48605.0
RM0079,Life Insurance,2026-07-22,24221.0
RM0101,Credit Card,2019-10-14,14845.0
RM0127,Term Insurance,2019-10-12,32304.0
RM0093,Term Insurance,2025-09-08,26024.0
RM0119,Recurring Deposit,2023-05-21,-1000.0
RM0079,Health Insurance,,45780.0
RM0214,Current Account,2019-08-04,-1000.0
RM0201,ULIP,06-07-2024,203720.0
RM0138,Credit Card,06-17-2023,16636.0
RM0190,Term Insurance,2023-05-18,33318.0
RM0246,Loan Against Property,2025-01-23,144401.0
RM0215,Gold Investment,,114726.0
RM0168,Life Insurance,2026-05-16,35066.0
,Term Insurance,2023-09-12,70024.0
RM0111,ULIP,06-29-2024,14597.0
RM0014,Life Insurance,2023-08-14,72333.0
RM0198,ULIP,27/11/2022,190333.0
RM0020,Saving Account,2023-08-13,48554.0
,Saving Account,2019-07-26,44506.0
RM0013,Life Insurance,2025-06-09,20370.0
RM0127, Health Insurance ,2022-03-13,60227.0
RM0171,Fixed Deposit,2025-05-20,54633.0
RM0030,Credit Card,2019-03-28,62768.0
RM0202,Credit Card,2026-07-17,11321.0
RM0105,Term Insurance,2026-05-29,49783.0
RM0046,Current Account,2020-12-04,55185.0
RM0110,ULIP,2023-08-22,21630.0
RM0138,Credit Card,2021-11-10,21680.0
RM0132,Life Insurance,2023-02-01,26163.0
RM0009,Credit Card,09/12/2024,72191.0
RM0176,Life Insurance,2020-01-24,56603.0
RM0171,Fixed Deposit,2020-03-13,103463.0
RM0108,ULIP,2026-01-11,27524.0
RM0247,Fixed Deposit,2021-07-30,131559.0
RM0239,Saving Account,,78071.0
RM0002,Mutual Funds,2025-05-26,35127.0
RM0105,Credit Card,2022-04-14,15005.0
RM0228,Mutual Funds,2023-01-06,
RM0205,Health Insurance,2020-08-16,24851.0
RM0054, Fixed Deposit ,2020-02-06,167058.0
RM0094,Recurring Deposit,08-08-2024,28579.0
RM0175,Current Account,2023-08-24,30016.0
RM0046,Current Account,2025-08-06,20510.0
RM0144,Current Account,01-02-2020,92214.0
RM0156,Credit Card,06-19-2026,26123.0
RM0063,Gold Investment,2020-12-15,30043.0
RM0216,Gold Investment,2020-08-30,36751.0
RM0236,Recurring Deposit,2020-05-30,38434.0
RM0208,Recurring Deposit,2019-09-13,36495.0
RM0055,Credit Card,22/03/2020,45033.0
RM0200,Loan Against Property,2020-12-13,94238.0
RM0237,Current Account,2024-02-27,95541.0
RM0227,Health Insurance,2021-05-28,90051.0
RM0002,Credit Card,2023-04-15,15330.0
RM0023,Credit Card,2023-05-14,90391.0
RM0026,FIXED DEPOSIT,,16405.0
RM0196,Gold Investment,2021-05-28,16660.0
RM0181,ULIP,2020-02-05,157693.0
RM0003,Fixed Deposit,03/04/2026,95572.0
RM0241,Saving Account,2022-03-25,50193.0
RM0124,Health Insurance,01-24-2026,113960.0
RM0136,Life Insurance,2020-06-21,237178.0
RM0033,Current Account,2024-08-11,57162.0
RM0211,Loan Against Property,08/08/2022,57453.0
RM0211,Loan Against Property,2024-01-17,80208.0
RM0042,Life Insurance,2022-01-12,23207.0
RM0234,Loan Against Property,2026-05-01,19143.0
RM0005,Mutual Funds,2022-11-15,81268.0
RM0163,Credit Card,06-11-2020,31148.0
RM0232,Fixed Deposit,2021-12-28,17255.0
RM0122,Credit Card,06-20-2021,28907.0
RM0053,ULIP,02-16-2025,32207.0
RM0038,Credit Card,2019-11-28,177946.0
RM0129,Health Insurance,2025-10-15,69859.0
RM0054,Mutual Funds,08/08/2025,47842.0
RM0113,Term Insurance,2023-06-17,183484.0
RM0211,Life Insurance,07/09/2022,126724.0
,Gold Investment,2026-05-01,45872.0
RM0119,Loan Against Property,2024-02-17,128052.0
RM0007,Health Insurance,15/11/2021,35901.0
RM0195,Life Insurance,2022-04-14,23095.0
RM0172,Loan Against Property,2019-03-16,23242.0
RM0183,Recurring Deposit,11/02/2025,64282.0
RM0209,ULIP,2020-06-13,44764.0
RM0079,Mutual Funds,05/04/2022,63786.0
RM0020,Recurring Deposit,07-26-2022,67930.0
RM0242,Health Insurance,2026-07-04,11128.0
RM0067,Saving Account,11-08-2023,
RM0109,ULIP,20/07/2024,12777.0
RM0199,Life Insurance,02-20-2020,48036.0
RM0089,Credit Card,04/05/2025,20600.0
RM0086,Recurring Deposit,2025-05-31,60056.0
RM0129,Credit Card,06/02/2026,50168.0
RM0002,Current Account,04-24-2021,
RM0013,Gold Investment,2023-08-23,88888888.0
RM0169,Life Insurance,2022-04-13,54065.0
RM0088,Current Account,2021-01-02,28009.0
RM0023,Fixed Deposit,10-07-2024,61060.0
RM0145,Mutual Funds,2019-02-23,98448.0
RM0052,Term Insurance,2019-12-03,322544.0
RM0188,ULIP,2022-11-25,101145.0
RM0173,Current Account,27/05/2023,50765.0
RM0199,Mutual Funds,2022-03-28,20748.0
RM0172,Saving Account,2025-09-23,67198.0
RM0059,Saving Account,22/07/2023,148752.0
RM0196,Mutual Funds,10-27-2021,21904.0
RM0008,Loan Against Property,2024-09-05,24785.0
,RECURRING DEPOSIT,2025-06-06,18067.0
RM0021,RECURRING DEPOSIT,2019-01-18,76727.0
RM0085,Saving Account,2026-03-29,0.0
RM0004,Mutual Funds,2022-04-04,36091.0
RM0110,ULIP,2020-07-10,13237.0
RM0023,ULIP,2020-05-27,113952.0
RM0076,Term Insurance,2023-08-07,50785.0
RM0095,Fixed Deposit,2022-07-11,30105.0
RM0019,Life Insurance,2022-11-02,31078.0
RM0044,Health Insurance,2020-06-05,27142.0
RM0247,Saving Account,07/06/2022,40392.0
RM0164,Recurring Deposit,2020-11-16,30552.0
RM0111,Recurring Deposit,2021-07-07,49697.0
RM0056,Term Insurance,2022-07-15,84254.0
RM0163,ULIP,19/03/2024,66113.0
RM0233,Term Insurance,2021-07-24,27439.0
,Fixed Deposit,2021-01-30,47617.0
RM0086,Mutual Funds,2022-02-25,101668.0
RM0220,Gold Investment,2020-12-19,13532.0
RM0234,CURRENT ACCOUNT,2026-05-17,14076.0
RM0174,Credit Card,2020-11-05,50615.0
RM0109,Credit Card,2019-01-13,60959.0
RM0160,Loan Against Property,2022-07-19,21875.0
RM0192,Current Account,2023-06-28,78367.0
RM0136,Current Account,29/02/2024,61960.0
RM0201,Gold Investment,2026-05-18,138385.0
RM0205,Fixed Deposit,2025-03-27,19253.0
RM0107,Mutual Funds,2026-06-05,79590.0
RM0160,Saving Account,2025-08-04,14367.0
,Mutual Funds,01/05/2020,51654.0
RM0100,Fixed Deposit,2020-12-15,50136.0
RM0178,Loan Against Property,2021-02-24,34582.0
RM0177,Gold Investment,17/04/2023,103078.0
RM0155,Life Insurance,,10219.0
RM0228,Fixed Deposit,2019-10-01,46717.0
RM0166,Fixed Deposit,2021-11-26,22240.0
RM0043,Credit Card,05-28-2022,78031.0
RM0063,Mutual Funds,11-26-2019,0.0
RM0089,Current Account,2025-10-02,12201.0
RM0212,Current Account,2026-06-08,99057.0
RM0079,Term Insurance,13/12/2024,101036.0
RM0240,Gold Investment,2023-10-04,99447.0
RM0236,Current Account,2025-06-17,18277.0
RM0110,Recurring Deposit,2023-03-25,59767.0
RM0122,RECURRING DEPOSIT,,10723.0
RM0212,ULIP,2020-09-28,104181.0
RM0020,Mutual Funds,27/07/2020,74182.0
RM0143,Gold Investment,2025-08-08,47874.0
RM0158,Health Insurance,2019-01-16,75576.0
RM0181,Fixed Deposit,04-03-2021,14953.0
RM0170,Mutual Funds,2024-12-28,47608.0
RM0230,Recurring Deposit,2025-06-27,27214.0
RM0015,Current Account,2021-04-29,189896.0
RM0161,Current Account,,107286.0
RM0201,ULIP,02/08/2024,76076.0
RM0181,Saving Account,06/09/2022,145714.0
RM0228,Fixed Deposit,2019-09-02,31296.0
RM0007,Term Insurance,2025-06-14,125571.0
RM0069,ULIP,,29669.0
RM0043,Saving Account,04-11-2026,0.0
RM0207,Life Insurance,10-27-2024,75987.0
,Saving Account,2021-06-16,76669.0
RM0171,Gold Investment,12-16-2023,10926.0
RM0095,ULIP,23/03/2023,32397.0
RM0172,Loan Against Property,2024-01-04,10981.0
RM0052,Gold Investment,2026-07-25,302014.0
RM0238,Term Insurance,2021-07-28,16516.0
RM0143,Fixed Deposit,07-19-2024,49132.0
RM0199,Saving Account,22/08/2021,88165.0
RM0072,ULIP,03-10-2022,21236.0
RM0024,Mutual Funds,,-1000.0
RM0088,Fixed Deposit,05/05/2019,43184.0
RM0158,Life Insurance,2019-11-03,56751.0
RM0010,Gold Investment,18/11/2023,18729.0
RM0247,Gold Investment,2024-09-12,85379.0
RM0071,Fixed Deposit,01-12-2026,27786.0
RM0090,Life Insurance,2023-03-16,21850.0
RM0206,Loan Against Property,2019-12-05,50854.0
RM0020,Term Insurance,07/08/2022,36408.0
RM0123,Current Account,26/08/2022,136465.0
RM0005,Life Insurance,01-28-2025,116039.0
RM0135,term insurance,11/10/2021,43019.0
,Credit Card,2025-09-18,32256.0
RM0136,Life Insurance,2019-07-12,29690.0
RM0139,Mutual Funds,2024-08-20,25568.0
RM0110,Recurring Deposit,02/12/2022,49323.0
RM0099,Saving Account,2023-05-02,91732.0
RM0086,Fixed Deposit,2020-08-23,28608.0
RM0250,ULIP,2019-04-08,20541.0
RM0109,Mutual Funds,2021-04-09,42263.0
RM0178,Credit Card,08-08-2020,13576.0
RM0218,Mutual Funds,07-01-2024,70412.0
RM0156,Loan Against Property,2020-12-05,46527.0
RM0012,Fixed Deposit,2020-10-14,44296.0
RM0239,Fixed Deposit,2022-08-24,27865.0
RM0160,Term Insurance,,127522.0
,Recurring Deposit,2024-04-20,14742.0
RM0100,Gold Investment,25/11/2022,111943.0
RM0135,ULIP,,33636.0
RM0070,ULIP,2021-05-02,116273.0
RM0047,Gold Investment,2023-03-12,75237.0
RM0238, Saving Account ,2020-07-17,15500.0
RM0001,Life Insurance,2019-03-31,99051.0
RM0108,Health Insurance,06-19-2024,67313.0
RM0086,Credit Card,2023-11-22,11641.0
RM0117,Credit Card,2026-07-18,17176.0
RM0219,Gold Investment,2022-03-07,60479.0
RM0245,Term Insurance,2026-04-16,64324.0
RM0235,Current Account,2023-07-12,78649.0
RM0161,Recurring Deposit,12-22-2020,73692.0
RM0116,Credit Card,11/11/2019,63869.0
RM0120,Fixed Deposit,2022-10-27,82672.0
RM0093,Saving Account,14/09/2019,52793.0
RM0158,Loan Against Property,,25108.0
RM0229,Saving Account,07-28-2021,131735.0
RM0067,Mutual Funds,,10919.0
RM0129,Gold Investment,2019-08-24,32829.0
RM0244,Current Account,09-05-2019,75257.0
,Saving Account,2023-05-10,37857.0
RM0088,Life Insurance,,11257.0
,Fixed Deposit,2021-07-25,13412.0
RM0057,Current Account,2023-11-25,62296.0
RM0211,Health Insurance,2025-12-31,177427.0
RM0066,Term Insurance,2024-03-14,50132.0
RM0209,Current Account,19/02/2026,45337.0
,Health Insurance,2019-07-29,29160.0
RM0160,Gold Investment,2019-12-20,24832.0
RM0009,Term Insurance,2020-12-04,11060.0
RM0094,Credit Card,2025-03-08,25938.0
RM0134,Current Account,2022-06-06,39811.0
RM0049,Credit Card,2019-11-20,21029.0
,Term Insurance,2021-08-16,14570.0
RM0053,Fixed Deposit,2023-10-22,73244.0
RM0003,Fixed Deposit,2019-12-26,122509.0
RM0215,Term Insurance,2020-08-02,148050.0
RM0238,Fixed Deposit,03-26-2022,58116.0
,ULIP,18/10/2024,12710.0
RM0113,ULIP,2021-02-13,77519.0
,Mutual Funds,09-02-2023,15832.0
,Health Insurance,2022-06-27,65394.0
RM0227,Fixed Deposit,2021-03-30,85562.0
RM0116,Current Account,2026-06-19,74706.0
RM0181,Current Account,07/07/2025,161706.0
RM0004,Health Insurance,2023-07-03,76998.0
RM0001,ULIP,2023-04-10,69079.0
RM0031,Health Insurance,2023-08-22,25173.0
RM0060,Recurring Deposit,2020-08-08,139359.0
RM0118,Recurring Deposit,20/07/2020,19894.0
RM0059,Credit Card,2024-05-27,127639.0
RM0176,Credit Card,2026-02-16,28746.0
RM0201,Health Insurance,2019-02-28,16972.0
RM0186,Loan Against Property,26/08/2025,97631.0
RM0227,Credit Card,2019-07-19,0.0
RM0173,Term Insurance,2025-03-12,10124.0
RM0102,Gold Investment,01-09-2019,99215.0
RM0072,Life Insurance,08/01/2023,25211.0
RM0059,Health Insurance,,118020.0
RM0237,Recurring Deposit,,68798.0
RM0203,Loan Against Property,2025-03-12,64858.0
RM0159,Recurring Deposit,09/04/2026,32731.0
RM0150,Recurring Deposit,03-10-2026,13062.0
RM0198,Health Insurance,,98619.0
RM0227,Life Insurance,2023-02-09,19370.0
RM0191,Recurring Deposit,2023-05-10,33281.0
RM0066,Fixed Deposit,2021-04-12,55858.0
RM0164,Life Insurance,29/10/2021,42913.0
RM0191,Current Account,04/01/2024,21073.0
RM0172,Mutual Funds,08-27-2021,17576.0
RM0191,Gold Investment,10-18-2023,16576.0
RM0087,Gold Investment,2020-01-02,109391.0
RM0212,Gold Investment,2023-05-05,11603.0
RM0147,Current Account,2021-12-28,198644.0
,Saving Account,28/01/2026,21065.0
RM0197,Credit Card,03/09/2023,15844.0
RM0030,Term Insurance,2021-12-31,53015.0
RM0129,Fixed Deposit,2022-07-26,14168.0
RM0021,current account,16/04/2025,56122.0
RM0218, Credit Card ,2021-11-04,105065.0
RM0051,Loan Against Property,2026-02-19,
,Current Account,2026-04-05,12454.0
RM0201,ULIP,06/09/2019,90439.0
RM0040,Health Insurance,21/05/2022,35083.0
RM0037,Current Account,05-20-2026,18687.0
RM0223,Credit Card,11-17-2019,19685.0
RM0039,Mutual Funds,2019-10-05,135520.0
RM0105,Recurring Deposit,02-04-2024,15860.0
RM0239,Loan Against Property,2020-04-10,110788.0
RM0245,Credit Card,,49289.0
RM0221,Current Account,2020-07-24,11991.0
RM0090,Recurring Deposit,03/05/2019,41225.0
RM0070,Current Account,2021-10-03,95036.0
RM0073,Life Insurance,2023-04-02,74768.0
,Current Account,2026-07-27,43547.0
RM0235,Gold Investment,2024-10-21,108323.0
RM0001,Health Insurance,2019-04-16,16412.0
RM0237,Mutual Funds,12-22-2021,130364.0
RM0240,Life Insurance,2019-05-17,103683.0
RM0043,Term Insurance,2022-03-05,71597.0
RM0192,Mutual Funds,2021-05-02,95156.0
,Loan Against Property,2023-11-10,49242.0
RM0115,Recurring Deposit,2019-04-28,66221.0
,Term Insurance,2019-03-31,51117.0
RM0123,ULIP,03-11-2021,31958.0
RM0239,Fixed Deposit,2023-04-24,52066.0
RM0151,Loan Against Property,2023-03-29,24884.0
RM0071,Mutual Funds,2019-03-17,39015.0
RM0222,Loan Against Property,2020-03-20,26479.0
RM0007,Fixed Deposit,11-08-2025,16556.0
RM0239,Saving Account,07-09-2024,29420.0
RM0106,Loan Against Property,2024-04-02,105522.0
RM0017,Gold Investment,11-07-2025,-1000.0
,Term Insurance,30/05/2023,33989.0
RM0099,Gold Investment,21/06/2020,78917.0
RM0167, Credit Card ,2026-02-25,19630.0
RM0002,Life Insurance,2019-06-24,37618.0
RM0185,Mutual Funds,2020-02-08,16100.0
RM0161,ULIP,2025-03-02,17461.0
RM0079,ULIP,,
RM0042,Saving Account,2025-05-18,58043.0
RM0228,ULIP,2022-10-29,56758.0
RM0213,Recurring Deposit,15/08/2025,21999.0
RM0111,ULIP,11-15-2023,42162.0
RM0186,ULIP,2023-05-30,109500.0
RM0200,Saving Account,22/12/2023,19570.0
RM0075,ULIP,2020-01-26,10969.0
RM0222,ULIP,04-15-2021,62776.0
RM0239,Saving Account,04/01/2020,12749.0
,ULIP,2020-09-02,205451.0
RM0071,Current Account,2025-03-10,57031.0
RM0204,Loan Against Property,2022-02-26,41781.0
,Recurring Deposit,2019-08-06,38105.0
RM0138,Mutual Funds,25/07/2022,52556.0
RM0211,Saving Account,2022-09-03,14749.0
RM0038,Fixed Deposit,2021-12-09,142976.0
RM0072,FIXED DEPOSIT,2021-05-11,59127.0
RM0036,ULIP,2021-09-29,20165.0
RM0095,Recurring Deposit,2020-08-08,51343.0
RM0218,Recurring Deposit,12-09-2019,17150.0
RM0173,Life Insurance,10-20-2022,10885.0
RM0208,FIXED DEPOSIT,02-28-2019,59782.0
,Credit Card,2022-03-25,62274.0
,Fixed Deposit,2025-05-14,53817.0
RM0002,Term Insurance,23/12/2019,20135.0
RM0135,Saving Account,2021-09-04,56245.0
RM0079,Loan Against Property,2022-10-07,12908.0
, Recurring Deposit ,2021-07-30,56982.0
RM0227,Credit Card,2020-06-20,50373.0
RM0171,Credit Card,2019-01-19,63247.0
RM0224,Recurring Deposit,11-12-2019,
RM0165,Health Insurance,12-27-2022,122916.0
RM0169,ULIP,06/07/2026,104975.0
RM0190,Recurring Deposit,,207263.0
RM0036,ULIP,2020-06-30,196989.0
RM0135,Life Insurance,2021-08-20,83990.0
RM0145,Saving Account,2021-04-01,166657.0
RM0145,Fixed Deposit,2023-09-12,110977.0
RM0018,Health Insurance,21/02/2019,75020.0
RM0004,Term Insurance,17/03/2019,13918.0
RM0093,Saving Account,05-01-2023,12514.0
RM0075,Current Account,09-01-2022,100884.0
RM0023,ULIP,2021-08-07,43633.0
RM0181, Saving Account ,2019-11-09,94263.0
RM0175,Fixed Deposit,2026-06-27,28765.0
RM0045,Life Insurance,,35345.0
,Mutual Funds,2022-05-01,70229.0
RM0197,Current Account,2022-05-31,133447.0
RM0034,current account,24/01/2019,14592.0
RM0246,Life Insurance,2021-02-05,108836.0
RM0002,Current Account,2023-03-04,88754.0
RM0110,credit card,2023-01-28,28956.0
RM0202,term insurance,2023-12-11,31942.0
RM0055,Health Insurance,2024-01-13,12378.0
RM0033,HEALTH INSURANCE,2022-10-06,10793.0
RM0129,Saving Account,2022-10-25,42409.0
RM0102,Recurring Deposit,2024-10-03,15020.0
RM0142,Health Insurance,,20783.0
RM0069,Loan Against Property,2023-05-27,103789.0
RM0175,Health Insurance,2024-07-01,52318.0
RM0247,life insurance,16/01/2022,60205.0
RM0099,Loan Against Property,2020-01-13,20380.0
RM0039,Loan Against Property,10-18-2021,98205.0
RM0250,Credit Card,2023-12-21,111240.0
RM0188,Recurring Deposit,31/10/2020,47046.0
RM0135,Health Insurance,2019-01-26,131838.0
RM0137,Recurring Deposit,2023-03-20,103161.0
RM0245,Term Insurance,2019-09-10,75712.0
RM0010,Credit Card,02-09-2024,76227.0
RM0113,Fixed Deposit,,15568.0
,Life Insurance,05-14-2021,25792.0
RM0003,Mutual Funds,2024-04-22,13459.0
RM0184,Recurring Deposit,2021-12-21,10435.0
RM0150,Gold Investment,2019-07-29,0.0
RM0137,ULIP,2020-01-22,18617.0
RM0250,Credit Card,30/06/2024,116216.0
RM0001,Loan Against Property,2023-05-04,23713.0
RM0078,Fixed Deposit,2024-09-13,185585.0
,ULIP,2023-11-19,55477.0
RM0037,Current Account,2023-04-10,23541.0
RM0203,Loan Against Property,09/05/2026,44371.0
RM0060,Mutual Funds,06-21-2026,22365.0
RM0208,Current Account,2021-09-06,216675.0
RM0059,Loan Against Property,2025-02-21,103952.0
RM0092,Credit Card,05-17-2026,11329.0
,Gold Investment,2019-06-27,157610.0
RM0145, Gold Investment ,2023-06-28,73838.0
RM0152,Fixed Deposit,2026-01-24,14298.0
RM0139,Loan Against Property,,65529.0
RM0126,Mutual Funds,2022-07-21,62053.0
RM0125,Health Insurance,2022-09-01,22345.0
RM0034,Term Insurance,2020-10-18,81033.0
RM0075,term insurance,2024-04-30,14554.0
,Term Insurance,10-05-2020,43612.0
RM0136,Credit Card,02-14-2021,10498.0
RM0076,health insurance,2022-10-01,183266.0
RM0050,Gold Investment,2020-07-09,79628.0
RM0158,ULIP,02/12/2019,18649.0
RM0172,Term Insurance,2024-06-19,30902.0
RM0135,Loan Against Property,13/10/2020,18751.0
RM0083,Fixed Deposit,2021-11-02,82753.0
RM0056, Recurring Deposit ,2021-04-15,13035.0
RM0212,current account,09-09-2021,101756.0
,Term Insurance,01-11-2024,152535.0
RM0037,Term Insurance,2024-09-19,66447.0
RM0047,Recurring Deposit,08-04-2021,21974.0
RM0028,Fixed Deposit,2024-02-17,32321.0
,ULIP,2025-04-24,42431.0
RM0136,Fixed Deposit,2026-03-06,56396.0
RM0155,Life Insurance,2022-08-23,65230.0
RM0096, Fixed Deposit ,2022-01-01,50395.0
RM0141,Health Insurance,03/11/2022,31640.0
RM0061,Term Insurance,2022-10-07,120782.0
RM0235,Fixed Deposit,,14244.0
RM0009,Term Insurance,2019-11-10,41391.0
RM0242,Life Insurance,2019-04-27,84708.0
RM0175,Loan Against Property,01-04-2026,13140.0
RM0191,Health Insurance,09-02-2020,71095.0
RM0119,Loan Against Property,20/11/2025,95659.0
RM0182,Gold Investment,04-04-2026,64062.0
RM0100,Life Insurance,2024-01-07,10651.0
RM0024,Fixed Deposit,2022-11-07,19930.0
RM0062,ULIP,2026-04-13,30936.0
RM0245,Saving Account,06/10/2025,23308.0
RM0229,Gold Investment,2021-05-28,174373.0
RM0029,Health Insurance,06-30-2026,62719.0
RM0160,Loan Against Property,2023-01-04,27617.0
RM0239,Gold Investment,2023-06-24,142747.0
RM0128,Gold Investment,2021-07-27,77468.0
RM0060,Mutual Funds,2021-03-28,26746.0
RM0201,Term Insurance,2020-02-14,33811.0
RM0144,ULIP,2019-03-14,21121.0
RM0094,ULIP,2026-01-14,187150.0
RM0073,Life Insurance,10-08-2024,46417.0
RM0108,Loan Against Property,2024-07-09,123195.0
RM0090,Credit Card,07-19-2019,31270.0
RM0093,Term Insurance,2019-03-20,108607.0
RM0212,Saving Account,2023-04-02,12769.0
RM0051,Loan Against Property,2022-01-23,211120.0
,Health Insurance,03-30-2026,131540.0
RM0198,Gold Investment,,32565.0
RM0003,Fixed Deposit,2019-06-16,84521.0
RM0075,ULIP,2024-12-18,79768.0
,Term Insurance,2021-07-08,125760.0
RM0146,Mutual Funds,2023-05-01,28354.0
RM0153,Current Account,2019-07-18,41323.0
RM0071, Fixed Deposit ,09-04-2021,110123.0
RM0082,Credit Card,2019-10-07,85384.0
RM0055,Current Account,2019-04-20,34999.0
RM0226,Recurring Deposit,2022-06-13,103451.0
,Term Insurance,09-09-2019,12404.0
,Gold Investment,2019-05-27,86173.0
RM0145,Health Insurance,13/01/2021,21581.0
RM0149,ULIP,08/05/2022,26852.0
RM0018,Saving Account,2019-07-09,0.0
RM0238,Current Account,10-19-2020,43983.0
RM0112,Health Insurance,2021-08-08,39867.0
RM0195,Mutual Funds,2022-08-24,46757.0
,Gold Investment,2019-05-15,49348.0
RM0250,Recurring Deposit,2024-04-17,30138.0
RM0113,Saving Account,2024-04-09,19632.0
RM0116,Life Insurance,2024-08-11,83154.0
RM0234,Loan Against Property,2023-10-03,35539.0
RM0142,Life Insurance,2020-03-05,45244.0
RM0172,Credit Card,2022-10-20,61739.0
RM0092,Saving Account,2024-09-11,130196.0
,Mutual Funds,06/06/2019,71473.0
,fixed deposit,2021-04-16,12326.0
RM0209,Term Insurance,,101181.0
RM0210,Mutual Funds,04-18-2019,237133.0
RM0232,ULIP,01-24-2024,41978.0
RM0204,Fixed Deposit,2023-03-12,184649.0
RM0041,Credit Card,2023-12-11,49629.0
,Life Insurance,2019-03-27,40773.0
RM0183,Loan Against Property,2021-12-27,30128.0
RM0234,Term Insurance,02/12/2023,63582.0
RM0043,Recurring Deposit,2019-09-22,88888888.0
RM0089,Term Insurance,04/08/2019,23056.0
RM0068,Life Insurance,2025-09-15,15542.0
RM0151,Current Account,2021-03-27,11380.0
,Health Insurance,02-18-2023,27292.0
RM0039,Recurring Deposit,2023-02-24,35190.0
RM0024,Current Account,02/10/2021,50156.0
RM0197,ULIP,11/03/2019,27318.0
RM0046, Fixed Deposit ,2020-12-14,216944.0
RM0040,Recurring Deposit,18/10/2023,27247.0
RM0142,Term Insurance,10-01-2024,39078.0
RM0052,Recurring Deposit,2022-03-21,15450.0
RM0140,Term Insurance,2022-12-05,25097.0
RM0047,Fixed Deposit,03/01/2021,12476.0
RM0005,Mutual Funds,12-23-2019,50993.0
RM0104,Health Insurance,2019-05-26,79528.0
,Loan Against Property,2020-02-25,20889.0
RM0177,Gold Investment,25/11/2025,32936.0
RM0046,Mutual Funds,2020-01-16,10837.0
RM0135,Term Insurance,2021-04-21,101479.0
RM0146,ULIP,,85698.0
RM0072,Term Insurance,2022-04-13,13267.0
RM0134,Loan Against Property,2020-03-01,32696.0
,Gold Investment,10/08/2021,165374.0
RM0041,Life Insurance,2020-09-21,34881.0
RM0176,Gold Investment,2025-11-20,47349.0
RM0001,Mutual Funds,11-12-2020,31944.0
RM0125, Health Insurance ,2022-11-22,55333.0
RM0222,Fixed Deposit,2025-11-27,201193.0
RM0089,Gold Investment,,309623.0
RM0079,ULIP,2025-05-01,84519.0
RM0035, Saving Account ,,35901.0
RM0067,ULIP,2020-06-24,44103.0
RM0059,Life Insurance,2026-07-13,32059.0
RM0164,recurring deposit,2020-12-15,221938.0
RM0060,Saving Account,10-28-2019,71509.0
RM0089,Recurring Deposit,,39794.0
RM0164,Fixed Deposit,26/04/2024,10609.0
RM0080,Life Insurance,2025-04-09,46748.0
RM0165,Credit Card,2021-04-20,216534.0
RM0025,Health Insurance,05/07/2019,47018.0
RM0221,Gold Investment,2023-09-28,20070.0
RM0220,Mutual Funds,2023-06-13,11117.0
RM0115,Life Insurance,2024-09-13,31902.0
RM0220,Current Account,04-12-2023,88888888.0
RM0164,Recurring Deposit,2019-05-22,135191.0
RM0121,Current Account,2022-12-03,293528.0
RM0129,Current Account,2021-10-26,155356.0
RM0130,ULIP,2021-02-13,75359.0
,Recurring Deposit,11-19-2022,50838.0
RM0079,Current Account,03/09/2023,54663.0
,Term Insurance,2020-07-03,48716.0
RM0101,Health Insurance,2024-07-06,71387.0
RM0058,Fixed Deposit,01/08/2023,37139.0
,Life Insurance,2020-09-27,65312.0
,Life Insurance,11/02/2025,16483.0
RM0091,Credit Card,05-14-2023,25441.0
RM0112,Current Account,2024-01-24,
RM0010,Saving Account,2021-07-20,100395.0
RM0096,Credit Card,2022-01-01,127039.0
RM0151,Credit Card,04-01-2026,48718.0
RM0243,Credit Card,07-18-2020,11607.0
RM0183,ULIP,2023-12-19,140846.0
,Term Insurance,07-26-2023,70543.0
,Current Account,2021-04-29,36724.0
RM0051,ULIP,28/11/2021,55612.0
RM0108,Mutual Funds,2022-07-10,38086.0
RM0137,Gold Investment,2025-07-22,41306.0
,Current Account,2024-09-12,88888888.0
RM0031,Fixed Deposit,26/06/2023,118934.0
RM0006,Recurring Deposit,2021-03-28,18782.0
RM0234,Loan Against Property,2023-06-04,15472.0
RM0047,Fixed Deposit,2023-09-07,10136.0
RM0096,Gold Investment,2024-07-12,28843.0
RM0135,Recurring Deposit,2019-01-31,17974.0
RM0121,ULIP,21/09/2025,22422.0
RM0140,health insurance,24/05/2025,10565.0
RM0217,Gold Investment,2021-06-17,22886.0
RM0013,Recurring Deposit,2019-02-16,30226.0
RM0074,Life Insurance,2020-02-20,11603.0
RM0231,Saving Account,2019-10-07,56812.0
RM0076,Life Insurance,2026-02-17,52059.0
RM0040,Fixed Deposit,19/04/2019,15103.0
RM0074,Term Insurance,2021-08-24,55194.0
RM0037,Health Insurance,2019-03-26,340527.0
RM0141,Recurring Deposit,29/05/2022,154540.0
RM0058,Recurring Deposit,10-04-2019,10133.0
RM0166,Recurring Deposit,2025-02-24,89329.0
RM0221,Term Insurance,2020-06-30,31817.0
RM0156,ULIP,2020-06-28,13288.0
RM0169,Loan Against Property,2026-05-30,27547.0
RM0148,Term Insurance,2019-03-12,29410.0
RM0033,Credit Card,2021-11-28,47037.0
RM0033,Health Insurance,2023-02-28,64100.0
RM0129,ULIP,2026-06-01,79126.0
RM0146,Current Account,31/05/2022,24111.0
RM0148,Term Insurance,2025-12-22,29413.0
RM0123,Recurring Deposit,10/08/2023,28436.0
RM0129,Life Insurance,2022-07-03,32528.0
RM0125,Life Insurance,2025-04-27,408788.0
RM0179,Loan Against Property,02-11-2019,85241.0
RM0226,ULIP,2021-10-13,194424.0
RM0208,Credit Card,2023-04-06,69063.0
RM0227,Mutual Funds,2026-01-12,36066.0
RM0037,Gold Investment,2019-02-06,34693.0
RM0139,TERM INSURANCE,2025-12-22,43528.0
RM0124,health insurance,2025-11-22,36967.0
RM0154,Recurring Deposit,,98107.0
RM0223,Saving Account,11/07/2022,41274.0
RM0160,Current Account,2025-04-25,27521.0
RM0184,Term Insurance,2021-12-13,84551.0
RM0072,Life Insurance,2022-03-22,106351.0
RM0060,Health Insurance,11-07-2025,37273.0
RM0167,Health Insurance,,65102.0
RM0239,ULIP,05-19-2019,13030.0
RM0139,Health Insurance,2022-09-01,47694.0
RM0001,Term Insurance,2024-10-23,12301.0
RM0194,Life Insurance,2025-05-20,11481.0
RM0043, Mutual Funds ,2026-02-08,57456.0
RM0240,Credit Card,2022-04-01,28072.0
RM0201,Term Insurance,,77843.0
RM0158,ULIP,2026-05-19,123207.0
RM0239,ulip,2019-01-15,17505.0
RM0186,Mutual Funds,2022-03-28,74462.0
RM0048,Mutual Funds,22/01/2025,46130.0
RM0089,Term Insurance,2022-11-09,15945.0
RM0182,Credit Card,2025-08-26,62719.0
RM0201,Term Insurance,2023-09-11,57012.0
RM0127,Recurring Deposit,2020-04-29,46246.0
RM0135,Mutual Funds,2019-02-07,140503.0
RM0147,Recurring Deposit,05-28-2025,46811.0
RM0171,Current Account,,242902.0
RM0039,Term Insurance,2026-08-05,45588.0
RM0049,RECURRING DEPOSIT,11/07/2021,16156.0
RM0136,Health Insurance,2023-11-21,41788.0
RM0220,Life Insurance,2023-10-22,20064.0
,Saving Account,05-24-2026,55457.0
RM0228,Gold Investment,2024-08-04,69066.0
RM0048,Credit Card,2025-08-17,41596.0
RM0138,Health Insurance,2023-02-22,88888888.0
RM0197,Health Insurance,11/05/2026,15140.0
RM0165,Health Insurance,2024-05-16,41615.0
,Term Insurance,12-07-2025,14248.0
RM0008,ULIP,2019-02-21,67305.0
RM0198,Loan Against Property,2023-12-06,88120.0
RM0025,Term Insurance,2024-11-16,174011.0
RM0002,Gold Investment,2021-12-28,18055.0
RM0014,Loan Against Property,2024-05-19,48009.0
RM0140,Fixed Deposit,2025-12-21,
RM0209,Loan Against Property,2024-12-01,51912.0
,Gold Investment,2020-12-13,137858.0
RM0198,Credit Card,2025-03-05,59345.0
RM0195,ULIP,10/04/2022,17862.0
RM0154,Credit Card,2023-06-15,0.0
RM0184,Current Account,13/04/2021,38666.0
RM0216,Gold Investment,05/07/2021,63176.0
RM0052,Loan Against Property,2019-12-26,70246.0
RM0058,Gold Investment,08-26-2020,109415.0
RM0250,Gold Investment,28/02/2023,19953.0
RM0224,Gold Investment,2020-01-27,161353.0
RM0167,Life Insurance,2020-11-01,13048.0
,Current Account,2020-01-17,216020.0
RM0016,Term Insurance,2024-08-09,107514.0
RM0069,ULIP,2023-04-09,63980.0
RM0121,Current Account,18/08/2023,76400.0
RM0090,Mutual Funds,18/01/2022,13773.0
RM0217,Health Insurance,2023-03-10,12118.0
RM0195,Saving Account,2022-04-21,15366.0
RM0207,Saving Account,2022-10-11,14570.0
RM0055,Loan Against Property,2022-10-04,49635.0
RM0128,Term Insurance,2020-05-29,22131.0
RM0129,Gold Investment,2021-07-01,108379.0
RM0248,Recurring Deposit,2024-06-30,39506.0
RM0176,Health Insurance,2019-10-27,69455.0
RM0184,ULIP,2025-10-27,62903.0
RM0033,ULIP,,0.0
RM0196,Credit Card,07-22-2022,29272.0
RM0070,Gold Investment,04/04/2023,23930.0
RM0114,Current Account,2020-05-06,30962.0
RM0219,Current Account,2021-12-15,89643.0
RM0040,Mutual Funds,2025-01-16,54127.0
RM0143,Loan Against Property,2020-12-04,24620.0
RM0062,Mutual Funds,2021-06-19,95145.0
RM0074,Life Insurance,2020-11-11,12815.0
RM0062,Health Insurance,10-18-2022,70062.0
RM0121,Health Insurance,2025-02-25,38910.0
RM0201,ULIP,2021-09-12,75706.0
RM0126, Loan Against Property ,2025-12-05,141181.0
RM0177,Gold Investment,2026-07-28,79321.0
RM0173,Current Account,,39166.0
,Mutual Funds,2021-06-09,18183.0
RM0073,Current Account,2022-12-27,92085.0
RM0213,Saving Account,2025-09-06,0.0
RM0080,Health Insurance,02-19-2019,40874.0
RM0145,ULIP,07-19-2019,13914.0
RM0212,Life Insurance,2022-05-02,73479.0
RM0104,ULIP,2023-03-01,27255.0
RM0014,Loan Against Property,2023-10-26,12506.0
RM0088,Life Insurance,20/08/2019,126524.0
RM0066,Saving Account,2026-06-04,42995.0
RM0194,Life Insurance,19/11/2021,88888888.0
RM0161,Health Insurance,07/03/2022,26491.0
RM0224,gold investment,2020-01-13,73007.0
RM0110,Fixed Deposit,11-20-2021,118535.0
RM0113, Loan Against Property ,16/04/2021,10015.0
RM0088,Gold Investment,2022-10-18,68213.0
RM0220,Life Insurance,2021-03-29,82838.0
RM0077,Saving Account,04-30-2024,21781.0
RM0248,Mutual Funds,2022-10-19,43630.0
RM0162,ULIP,2019-07-31,14676.0
RM0183,Gold Investment,,78668.0
RM0082,Mutual Funds,2021-08-27,104015.0
RM0222,ULIP,2023-12-27,0.0
RM0135,Health Insurance,16/01/2020,15724.0
RM0187,Term Insurance,2022-08-23,94766.0
RM0231,Saving Account,2019-10-10,83826.0
RM0213,ULIP,2026-03-27,31302.0
,Credit Card,2023-11-19,68605.0
RM0050,Fixed Deposit,2025-12-18,10002.0
,Saving Account,2024-05-16,144263.0
RM0106,Credit Card,2021-10-17,49967.0
RM0205,ULIP,2023-10-08,58423.0
RM0052,Recurring Deposit,18/03/2024,64630.0
RM0219,Mutual Funds,2020-09-28,51204.0
RM0012,Fixed Deposit,2022-05-14,107163.0
RM0077,Health Insurance,29/09/2025,57042.0
RM0234,Gold Investment,2025-01-04,129168.0
RM0042,Current Account,12-02-2020,53653.0
RM0208,Mutual Funds,08-05-2021,19384.0
RM0005,ULIP,2025-07-26,132416.0
RM0187,LIFE INSURANCE,2021-07-09,67226.0
RM0097,Term Insurance,2020-09-24,70071.0
RM0022,Gold Investment,2019-02-18,221617.0
,Health Insurance,2023-07-28,13908.0
RM0182,Current Account,,37982.0
RM0012,Fixed Deposit,2026-07-20,23662.0
RM0014,Current Account,2022-05-19,59770.0
RM0062,HEALTH INSURANCE,2023-05-21,92204.0
RM0074,Health Insurance,2019-06-19,179528.0
RM0064,Term Insurance,2025-10-23,40311.0
RM0090,Current Account,01-28-2022,87139.0
RM0120,Credit Card,07-20-2021,134476.0
RM0108,Saving Account,2024-02-06,67494.0
RM0173,Loan Against Property,02/08/2021,23901.0
RM0066,Credit Card,2020-11-14,56806.0
RM0122,Credit Card,2024-11-20,185248.0
RM0085,Recurring Deposit,2023-07-13,229317.0
RM0129,Recurring Deposit,2026-02-28,61411.0
,Fixed Deposit,2023-04-29,119012.0
RM0219,Fixed Deposit,2020-11-11,21179.0
RM0018,Loan Against Property,2025-10-07,24123.0
RM0162,Current Account,2019-04-26,162760.0
RM0031,Life Insurance,17/03/2024,17264.0
RM0105,Credit Card,2019-08-21,20604.0
RM0043, Fixed Deposit ,2025-10-10,37283.0
RM0121,Gold Investment,2023-03-27,54529.0
RM0138,ULIP,09/03/2020,56293.0
RM0051,Saving Account,2019-07-13,27263.0
RM0215,Mutual Funds,09-28-2021,136671.0
,ULIP,2020-08-30,133314.0
RM0053,Term Insurance,24/01/2024,34884.0
RM0028,Current Account,03-25-2019,38483.0
RM0182,Life Insurance,04/02/2020,70616.0
,Saving Account,2023-01-10,64383.0
RM0225,Gold Investment,2024-12-10,34087.0
RM0216,Mutual Funds,2022-04-05,36742.0
RM0125,Loan Against Property,2021-03-25,31388.0
RM0070,Loan Against Property,2021-02-21,23419.0
RM0001,Loan Against Property,2024-10-31,40637.0
,Fixed Deposit,2024-06-15,67987.0
RM0029,Credit Card,2023-11-11,77733.0
RM0008,Current Account,01/12/2025,85451.0
RM0152,Term Insurance,2026-05-13,33478.0
RM0125,Gold Investment,2019-01-04,82331.0
RM0020, Life Insurance ,08-23-2023,10326.0
RM0247,Credit Card,2022-06-25,42413.0
RM0029,Gold Investment,2020-11-20,88970.0
,Term Insurance,02-28-2020,59718.0
RM0176,Recurring Deposit,2021-06-20,42128.0
RM0125,Recurring Deposit,,61731.0
RM0008,Mutual Funds,2019-07-31,128728.0
RM0175,Recurring Deposit,01-07-2019,51779.0
RM0244,Fixed Deposit,06/06/2022,90418.0
RM0111,Mutual Funds,2025-12-05,207493.0
RM0245,Term Insurance,2024-12-23,71135.0
RM0181,Mutual Funds,10-28-2021,52586.0
RM0023,Fixed Deposit,2019-03-03,11910.0
RM0133,Term Insurance,2024-05-07,33458.0
RM0047,Saving Account,2020-12-11,51671.0
RM0078,Health Insurance,26/10/2020,89778.0
RM0057,Health Insurance,2025-11-03,38821.0
RM0150,Health Insurance,,171016.0
RM0180,Life Insurance,2021-12-13,25858.0
RM0084,Recurring Deposit,05-23-2019,78239.0
,Mutual Funds,2019-06-12,37152.0
RM0220,Saving Account,2024-07-15,43275.0
RM0222,Term Insurance,05-15-2021,88888888.0
RM0167,SAVING ACCOUNT,2026-02-12,91101.0
RM0018,RECURRING DEPOSIT,10-12-2021,27564.0
RM0050,GOLD INVESTMENT,04/07/2019,15091.0
RM0182,Saving Account,11/05/2022,46725.0
RM0244,Saving Account,2019-01-02,47623.0
RM0236,Gold Investment,07/10/2022,89768.0
RM0207,ULIP,04-20-2023,182602.0
RM0223,Health Insurance,2020-01-02,12844.0
RM0207,Fixed Deposit,2022-04-30,54786.0
RM0135,Life Insurance,08-29-2019,67171.0
RM0086,Gold Investment,10-25-2019,222730.0
RM0079,Loan Against Property,2024-12-13,
RM0136,Gold Investment,2020-01-11,152877.0
RM0220,Health Insurance,07/01/2020,72318.0
RM0197,Loan Against Property,2022-11-01,46885.0
RM0048,Loan Against Property,2023-11-13,18808.0
RM0203,Health Insurance,2021-09-13,34239.0
RM0221,Credit Card,2020-01-06,53988.0
RM0087,Mutual Funds,2022-03-03,74585.0
RM0094,Mutual Funds,2023-06-27,60447.0
RM0040,Loan Against Property,09-01-2025,72609.0
RM0205,Health Insurance,2026-02-12,38031.0
RM0018,Health Insurance,2025-11-13,75029.0
RM0131,Current Account,2020-01-14,17759.0
,Gold Investment,11-06-2025,18871.0
RM0003,Credit Card,,18886.0
RM0118,current account,2022-06-02,120758.0
RM0024,Mutual Funds,24/09/2021,13954.0
RM0072,Life Insurance,2024-07-23,90850.0
,Life Insurance,2026-01-16,0.0
RM0067,Fixed Deposit,20/01/2020,23300.0
RM0249,Term Insurance,2020-01-22,41596.0
RM0180,Credit Card,2020-07-21,133821.0
RM0194,Health Insurance,2023-08-12,54086.0
RM0120,health insurance,04-27-2024,21793.0
RM0095,Loan Against Property,2024-05-08,26710.0
RM0233,Life Insurance,2024-09-11,136566.0
RM0198,Life Insurance,2024-09-08,37856.0
RM0231,Life Insurance,2024-08-11,54213.0
RM0118,ULIP,2023-04-26,40803.0
RM0214,Mutual Funds,,33775.0
RM0241,Gold Investment,2023-05-30,22633.0
RM0087,Fixed Deposit,2019-08-04,67948.0
,Life Insurance,2025-05-22,73335.0
RM0009,Health Insurance,2022-12-14,26071.0
RM0191,Recurring Deposit,,87797.0
RM0004,Gold Investment,31/08/2024,106391.0
RM0242,Saving Account,,136710.0
RM0219,Loan Against Property,05-01-2022,18789.0
RM0057,Gold Investment,,28114.0
,Current Account,2024-07-03,108431.0
RM0013,Life Insurance,2020-12-24,21066.0
RM0104,Mutual Funds,2020-06-08,10173.0
RM0167,Life Insurance,30/08/2019,112330.0
RM0023,Life Insurance,2019-12-10,29759.0
RM0158,Recurring Deposit,2022-12-16,36764.0
RM0234,Gold Investment,2020-05-12,39559.0
RM0178,Recurring Deposit,2024-08-06,104284.0
RM0219,Saving Account,2026-07-16,30616.0
RM0149,Current Account,12-25-2019,121410.0
RM0216,Recurring Deposit,2019-08-29,57978.0
RM0126,Loan Against Property,23/05/2025,47463.0
RM0232,Loan Against Property,,29697.0
RM0064,Gold Investment,04-09-2020,23966.0
RM0093,Health Insurance,2025-06-05,58916.0
RM0157,Life Insurance,08-20-2022,39610.0
RM0117,Loan Against Property,2025-09-27,130684.0
RM0250,Mutual Funds,04-29-2022,43828.0
RM0012,Health Insurance,02-09-2019,45850.0
RM0211, Loan Against Property ,2019-11-10,36954.0
RM0038,Life Insurance,10-25-2023,87857.0
RM0247,Term Insurance,2021-02-25,37655.0
RM0155,Current Account,2023-07-08,25690.0
RM0183,Mutual Funds,2022-02-04,109036.0
RM0233,Term Insurance,2020-02-21,55419.0
RM0136,Life Insurance,09-28-2019,54764.0
RM0073,ULIP,2025-11-27,57185.0
RM0183,Gold Investment,2020-09-07,73441.0
RM0089,Saving Account,09-05-2020,28775.0
RM0188,loan against property,09/06/2022,11721.0
RM0161,Life Insurance,2022-09-26,93192.0
RM0118,Life Insurance,06/12/2022,16900.0
RM0077,Gold Investment,2022-02-20,73974.0
RM0066,Term Insurance,2026-03-07,14295.0
RM0103,ULIP,2021-01-21,33524.0
RM0073,Life Insurance,31/12/2021,13254.0
RM0199,ULIP,2019-09-19,46929.0
RM0105,Fixed Deposit,2024-04-23,62941.0
RM0095,Health Insurance,2025-07-28,19402.0
RM0100,credit card,2025-02-06,33231.0
,Recurring Deposit,2025-08-05,143134.0
RM0127,Recurring Deposit,2021-04-24,39204.0
RM0236,Credit Card,,91111.0
RM0049,Fixed Deposit,,140991.0
RM0084,Saving Account,2026-07-20,193152.0
RM0097,Loan Against Property,2019-09-16,124297.0
RM0168,Credit Card,2021-02-02,29092.0
RM0005,Fixed Deposit,2022-02-17,174267.0
RM0025,Term Insurance,03-11-2020,93670.0
RM0211,Saving Account,14/07/2023,100754.0
RM0200,Health Insurance,30/01/2022,10764.0
RM0250,Life Insurance,2024-05-03,164216.0
RM0015,Fixed Deposit,2020-01-04,85274.0
RM0215,ULIP,06/12/2023,83043.0
RM0190,Loan Against Property,09-13-2021,14252.0
RM0132,Gold Investment,2023-12-18,23235.0
RM0200,Term Insurance,2022-03-12,173853.0
RM0239,Saving Account,03-30-2026,44725.0
RM0163,Loan Against Property,2022-08-29,35363.0
RM0086,Health Insurance,2021-07-25,101610.0
RM0247,Mutual Funds,2019-09-10,14569.0
RM0173,Health Insurance,2023-05-30,36973.0
,Recurring Deposit,2020-09-07,33556.0
RM0019,Credit Card,2024-11-22,31527.0
RM0104,Current Account,2019-08-08,28386.0
RM0024,Fixed Deposit,2021-08-05,21790.0
RM0072,Loan Against Property,12/01/2021,19492.0
RM0199,Recurring Deposit,2019-03-04,61138.0
RM0131,Saving Account,2022-12-25,135909.0
RM0237,Credit Card,2019-05-25,45550.0
RM0048,Life Insurance,2022-02-14,0.0
RM0007,Health Insurance,12/11/2023,27689.0
,Mutual Funds,04-29-2024,18667.0
RM0072,Loan Against Property,2024-01-10,98640.0
RM0042,Gold Investment,2025-06-26,187878.0
,Health Insurance,2019-09-28,31474.0
RM0179,Current Account,2022-09-24,27191.0
RM0082,Loan Against Property,2025-04-16,56001.0
RM0157,Mutual Funds,2022-03-15,84655.0
RM0148,Term Insurance,08-11-2022,40385.0
RM0068,Saving Account,2025-01-16,59722.0
RM0218,ULIP,2024-10-27,73035.0
,Current Account,29/06/2024,171689.0
,Fixed Deposit,2021-06-24,19018.0
RM0077,LIFE INSURANCE,2021-07-24,307276.0
RM0054,ULIP,05-28-2023,34891.0
RM0048,Mutual Funds,2024-01-27,74223.0
RM0205,ULIP,2020-10-24,52480.0
RM0043,Health Insurance,2020-10-23,43341.0
RM0030,Credit Card,03-05-2026,69878.0
RM0054,Credit Card,2025-10-19,0.0
RM0215,Health Insurance,2019-07-14,35188.0
RM0146,Health Insurance,2024-02-16,16740.0
RM0111,Current Account,2026-06-24,43558.0
RM0146,Gold Investment,2021-05-15,46898.0
RM0048,Recurring Deposit,,21276.0
RM0207,Mutual Funds,2025-05-25,147147.0
RM0237,Health Insurance,2024-08-25,22904.0
RM0167,Mutual Funds,,36316.0
RM0005,Credit Card,2025-11-05,18416.0
RM0007,Fixed Deposit,2021-05-04,48371.0
RM0161,CREDIT CARD,2021-09-20,28382.0
RM0022,FIXED DEPOSIT,,43595.0
RM0082,Recurring Deposit,2025-02-09,22719.0
RM0121,Credit Card,2019-05-17,12763.0
RM0095,Health Insurance,2021-05-23,85530.0
RM0077,ULIP,2024-04-04,61233.0
RM0005,Current Account,2021-02-20,30831.0
RM0236,Saving Account,,12432.0
,Current Account,2021-07-12,110337.0
,Fixed Deposit,2019-11-13,19304.0
RM0139,Loan Against Property,06-16-2020,143495.0
,Recurring Deposit,2023-01-26,42561.0
RM0200,Recurring Deposit,2026-03-03,88888888.0
RM0210,Life Insurance,2019-09-04,30805.0
RM0245,Life Insurance,2025-04-03,77693.0
RM0209,Term Insurance,2023-08-14,114713.0
RM0130,Gold Investment,22/08/2020,33158.0
RM0077,Mutual Funds,09/10/2023,36157.0
RM0207,Recurring Deposit,2022-09-14,38383.0
RM0145,Life Insurance,2023-10-31,137759.0
RM0155,Mutual Funds,2021-09-13,68974.0
RM0223,health insurance,01-07-2019,24227.0
RM0039,Saving Account,2023-08-21,0.0
RM0250,Saving Account,2021-05-04,20228.0
RM0127,Recurring Deposit,2022-04-19,23092.0
RM0023,Mutual Funds,2021-03-28,25296.0
RM0171,current account,13/05/2019,23080.0
RM0072,Mutual Funds,2020-04-11,63721.0
RM0093,ULIP,2020-02-25,16161.0
RM0212,Life Insurance,2019-01-11,34498.0
RM0104,Gold Investment,2025-05-21,59048.0
RM0204,Fixed Deposit,10/07/2021,27185.0
RM0235,Fixed Deposit,10-12-2019,13375.0
RM0194,Term Insurance,,14268.0
RM0025,FIXED DEPOSIT,2023-11-19,16731.0
RM0211,Life Insurance,2024-03-03,100346.0
RM0152,Fixed Deposit,2025-05-26,63627.0
RM0036,Saving Account,11/03/2020,13334.0
RM0210,Current Account,15/07/2022,34802.0
RM0062,Term Insurance,10-27-2024,26327.0
RM0144,Gold Investment,2022-02-08,53142.0
RM0101,Term Insurance,18/09/2021,46991.0
RM0214,Current Account,22/12/2023,42804.0
RM0193,Fixed Deposit,2020-04-22,28881.0
RM0023,Mutual Funds,2026-08-04,17413.0
RM0013,Fixed Deposit,04-29-2020,77812.0
RM0216,Current Account,14/01/2023,115953.0
RM0140,Recurring Deposit,2022-12-11,154255.0
,Credit Card,10-14-2021,13020.0
RM0142,Credit Card,2019-03-10,77336.0
RM0042,Health Insurance,29/01/2023,74823.0
RM0117,Life Insurance,2020-02-12,156976.0
RM0184,Loan Against Property,2021-04-07,24578.0
RM0227,Health Insurance,2020-12-12,77774.0
,Gold Investment,2025-09-28,12808.0
RM0130,Life Insurance,2023-07-08,59881.0
RM0202,Loan Against Property,2019-11-21,31604.0
RM0213,HEALTH INSURANCE,2024-02-26,83247.0
RM0072,health insurance,2026-05-05,109499.0
RM0207,Fixed Deposit,27/05/2025,32692.0
RM0205,Credit Card,07/05/2025,47283.0
RM0110,Fixed Deposit,23/08/2019,16244.0
RM0242,saving account,2025-09-06,36970.0
RM0076,Fixed Deposit,29/07/2023,32376.0
RM0121,Mutual Funds,2026-03-29,20113.0
RM0214,Loan Against Property,03-28-2025,122442.0
RM0018,Gold Investment,2024-04-01,18013.0
RM0169,Health Insurance,2020-12-12,60494.0
RM0202,Gold Investment,2019-09-18,120428.0
RM0083,Term Insurance,2023-02-02,131503.0
RM0128,ULIP,2023-03-17,88809.0
RM0095,Saving Account,2025-02-05,19687.0
RM0070,Fixed Deposit,2024-09-04,95031.0
RM0152,Term Insurance,30/06/2023,26187.0
,Saving Account,2022-04-04,137808.0
RM0123,Fixed Deposit,2019-06-19,
RM0073,Fixed Deposit,2023-12-16,71736.0
RM0197,Credit Card,2025-07-26,86918.0
RM0050,Credit Card,2022-09-25,14443.0
RM0201,Health Insurance,2024-07-11,53705.0
,Life Insurance,2019-05-15,96058.0
RM0067,Fixed Deposit,2020-08-17,108876.0
RM0043,Term Insurance,2026-02-01,11452.0
RM0139,Current Account,2024-09-24,149974.0
RM0109,Life Insurance,,12215.0
RM0096,Current Account,2019-05-02,57663.0
RM0068,Term Insurance,2023-12-21,69108.0
RM0032,Credit Card,10/07/2023,15677.0
RM0197,Life Insurance,2021-07-05,12460.0
,Saving Account,30/10/2019,86835.0
RM0147,Fixed Deposit,2021-10-11,34279.0
RM0103,Health Insurance,2023-06-13,15664.0
RM0046,Credit Card,05-27-2020,81914.0
RM0092,Mutual Funds,2020-05-19,104577.0
RM0245,Health Insurance,2020-07-15,54262.0
RM0229,Saving Account,06/06/2019,18791.0
RM0170,Loan Against Property,29/12/2020,10766.0
RM0086, Gold Investment ,2025-02-22,70332.0
RM0182,Current Account,05/06/2022,49940.0
RM0049,Credit Card,2021-11-05,62605.0
RM0007,Health Insurance,2019-02-16,93881.0
RM0033,Recurring Deposit,30/07/2023,38478.0
,Gold Investment,2020-07-30,16648.0
RM0143,Saving Account,2019-05-29,150656.0
RM0022,Recurring Deposit,2022-07-12,49401.0
RM0162,Term Insurance,2020-05-09,57763.0
RM0178,Loan Against Property,2023-06-12,145461.0
RM0117,Loan Against Property,2025-12-27,144107.0
RM0047,Current Account,2021-03-28,52442.0
RM0165,Life Insurance,01-10-2024,27663.0
RM0173,ULIP,2025-06-09,302387.0
RM0219,Recurring Deposit,2021-12-28,67099.0
RM0146,Term Insurance,2024-08-23,36249.0
RM0105,Gold Investment,01-20-2023,51030.0
RM0036,Current Account,17/12/2019,36878.0
RM0231,Health Insurance,04-06-2024,119599.0
RM0093,Gold Investment,2024-05-31,42937.0
,Recurring Deposit,24/05/2024,96729.0
RM0207,Gold Investment,07-07-2026,101684.0
RM0091,ULIP,08-24-2025,96958.0
RM0065,Health Insurance,21/02/2025,74040.0
RM0212,recurring deposit,27/09/2023,106508.0
RM0090,Term Insurance,07/02/2025,34488.0
RM0104,Fixed Deposit,2021-09-11,16089.0
RM0148,Mutual Funds,04-22-2024,102401.0
RM0232,Credit Card,2026-03-04,44474.0
RM0019,Loan Against Property,2019-11-28,16812.0
RM0026,Health Insurance,19/02/2022,16126.0
RM0172,ULIP,2023-04-29,18672.0
RM0185,Life Insurance,2019-11-01,79509.0
RM0143,Life Insurance,2022-05-22,72041.0
RM0009,Saving Account,2026-02-27,
RM0025,Saving Account,21/06/2021,21396.0
RM0161,Gold Investment,2021-05-30,103840.0
RM0051,Fixed Deposit,2022-10-17,26515.0
RM0183,ULIP,2024-11-11,88748.0
RM0203,Mutual Funds,02-06-2024,43550.0
,Mutual Funds,2023-09-04,75754.0
RM0141,Fixed Deposit,,34013.0
RM0003,Health Insurance,2022-08-14,31319.0
RM0145,ULIP,2021-08-15,102055.0
RM0125,Fixed Deposit,,11797.0
RM0028,Saving Account,2024-09-06,193920.0
RM0111,Credit Card,2019-02-25,62231.0
RM0042,Fixed Deposit,2021-03-10,-1000.0
RM0216,Gold Investment,2020-11-18,38324.0
RM0022,Loan Against Property,12/06/2019,59450.0
RM0118,Life Insurance,2019-01-07,16547.0
RM0239,ULIP,2020-09-21,46082.0
RM0112,Mutual Funds,2025-05-26,220304.0
RM0030,Credit Card,11/01/2023,23411.0
RM0188,Current Account,2025-05-20,74056.0
RM0008,Term Insurance,28/11/2020,38543.0
RM0203,Loan Against Property,11-02-2024,62843.0
,Fixed Deposit,02-17-2024,21463.0
RM0093,Term Insurance,2019-11-02,41787.0
RM0148,Credit Card,2019-08-04,205833.0
RM0168,Loan Against Property,2025-10-06,20863.0
RM0021,Saving Account,2026-07-26,60591.0
RM0048,Life Insurance,2021-03-02,52853.0
RM0119,Health Insurance,2024-04-17,51626.0
RM0175,Saving Account,09-17-2019,88888888.0
RM0091,Current Account,2019-02-23,57741.0
RM0037,current account,2023-12-11,44881.0
RM0026,Health Insurance,2024-05-13,10853.0
RM0228,ULIP,12-06-2024,125177.0
RM0085,Life Insurance,2021-12-07,97717.0
RM0157,Saving Account,03/11/2023,19568.0
RM0067,credit card,14/05/2022,36659.0
RM0140,Fixed Deposit,19/01/2023,83603.0
RM0238,Credit Card,2026-05-22,205757.0
RM0055,Gold Investment,2019-04-17,160936.0
RM0170,Current Account,08-11-2022,124809.0
,Life Insurance,17/08/2020,18620.0
RM0020,Gold Investment,,132947.0
RM0144,Current Account,21/10/2022,115369.0
RM0185,Gold Investment,08/06/2026,33656.0
RM0066,Credit Card,2025-10-29,35086.0
RM0060,Credit Card,,40800.0
RM0164,Saving Account,12-01-2025,63381.0
,Gold Investment,2019-03-16,25111.0
RM0041,Term Insurance,2025-12-08,11160.0
RM0120,Fixed Deposit,2020-06-29,17612.0
RM0228,Current Account,2022-04-23,39001.0
RM0019,Health Insurance,2021-07-04,26564.0
RM0201,Term Insurance,2020-10-04,82305.0
RM0049,Current Account,2023-04-06,-1000.0
RM0223,Credit Card,2025-07-02,15641.0
RM0038,Recurring Deposit,2025-07-10,0.0
RM0042,Current Account,10-30-2024,134726.0
RM0020,Health Insurance,2021-12-23,122845.0
RM0233,Term Insurance,2020-04-01,129711.0
RM0199,Credit Card,04-23-2023,77278.0
RM0175,Current Account,2025-07-29,15658.0
RM0236,Gold Investment,2020-05-21,38824.0
RM0183,Mutual Funds,07-23-2021,17043.0
RM0130,Saving Account,2019-03-27,229904.0
RM0150,Saving Account,03-31-2025,30251.0
RM0056,Loan Against Property,2023-11-02,54013.0
RM0083,Recurring Deposit,2022-11-23,85568.0
RM0052,Term Insurance,2023-02-03,136672.0
,Gold Investment,2019-11-28,80436.0
RM0066,ULIP,2021-07-24,66120.0
RM0119,Recurring Deposit,2021-12-29,41366.0
RM0135,Recurring Deposit,2022-10-26,56494.0
RM0246,Recurring Deposit,,14944.0
RM0108,Life Insurance,2020-02-21,117674.0
RM0217,Credit Card,01-08-2026,49238.0
RM0204,Term Insurance,2026-04-23,12048.0
RM0151,Fixed Deposit,2024-06-06,136225.0
RM0156,Current Account,02/05/2021,43598.0
RM0153,Term Insurance,2021-09-19,111471.0
RM0017,ULIP,01-28-2022,107206.0
RM0215,Mutual Funds,2023-11-18,94573.0
RM0246,ULIP,2024-06-22,13168.0
RM0156,Mutual Funds,2022-08-09,24188.0
RM0223,Mutual Funds,,114191.0
RM0013,ULIP,2022-03-20,124627.0
RM0044,Gold Investment,2020-09-10,40630.0
RM0170,ULIP,2019-12-22,38994.0
RM0061,health insurance,2026-01-09,19627.0
RM0178,ULIP,2025-12-12,182746.0
RM0164,Saving Account,2026-01-13,21985.0
RM0212,term insurance,2021-05-07,20593.0
RM0232,Credit Card,06-05-2025,64047.0
RM0038,Fixed Deposit,26/07/2025,23909.0
RM0026,Mutual Funds,2024-10-14,149657.0
RM0084,ULIP,2024-01-03,10548.0
RM0008,Current Account,2023-03-03,10288.0
RM0140,Saving Account,2020-11-18,45147.0
RM0076,Saving Account,13/01/2026,43477.0
RM0011,Current Account,2020-10-26,18918.0
RM0035,Current Account,2024-11-21,44112.0
RM0245,Fixed Deposit,06-16-2022,36522.0
RM0245,Term Insurance,2022-11-22,120513.0
RM0242,Fixed Deposit,,10464.0
RM0237,Mutual Funds,2019-10-15,
RM0038,Life Insurance,2022-09-06,197050.0
RM0051,Recurring Deposit,2021-01-09,58960.0
RM0215,Fixed Deposit,2020-02-07,18234.0
,Health Insurance,01/03/2019,12394.0
RM0112,Life Insurance,2021-01-11,48620.0
RM0168,Saving Account,06-14-2025,23386.0
RM0117,ULIP,22/09/2021,27917.0
RM0115,Credit Card,07-12-2020,24060.0
RM0133,Term Insurance,2021-02-09,62515.0
,Current Account,03/11/2025,50319.0
RM0081,Current Account,2024-03-17,14059.0
,Current Account,2026-02-06,47382.0
,Mutual Funds,2019-06-27,88316.0
RM0058,Fixed Deposit,26/07/2026,14234.0
RM0205,Gold Investment,2023-03-14,120245.0
RM0082,Life Insurance,2025-03-06,53173.0
RM0100,Term Insurance,04-29-2026,160415.0
RM0190,Health Insurance,09-24-2022,18016.0
RM0204,Current Account,2024-12-18,262300.0
,Credit Card,2022-06-07,-1000.0
RM0159,Health Insurance,2026-04-06,61679.0
RM0202,Mutual Funds,2025-08-03,51907.0
RM0041,Fixed Deposit,2024-08-22,46209.0
RM0124,Saving Account,2025-06-27,11196.0
RM0065,Health Insurance,2024-01-30,0.0
RM0066,Health Insurance,04-08-2021,150370.0
RM0246,Term Insurance,2020-01-02,61640.0
RM0045,Health Insurance,05-02-2025,14804.0
RM0070,Mutual Funds,05-27-2026,11058.0
RM0016,Gold Investment,2020-08-19,12605.0
RM0107,Life Insurance,2019-03-07,57003.0
,Gold Investment,2024-06-29,57597.0
,Recurring Deposit,2019-06-18,44624.0
RM0127,ULIP,07-23-2019,28319.0
RM0177,Loan Against Property,2019-10-11,47936.0
RM0002,Credit Card,2022-10-17,46314.0
RM0048,Recurring Deposit,2019-11-02,10980.0
RM0109,Recurring Deposit,26/12/2021,26596.0
RM0223,Term Insurance,2026-04-14,12732.0
RM0021,Term Insurance,2026-02-12,125206.0
RM0061,Fixed Deposit,14/10/2023,74589.0
RM0106,Life Insurance,2021-06-09,287533.0
,ULIP,12-14-2021,27989.0
RM0094,Mutual Funds,2022-09-20,115386.0
RM0069,Current Account,2024-06-25,56197.0
,Fixed Deposit,2022-09-25,40176.0
,Credit Card,2019-05-07,22588.0
RM0059,Credit Card,19/01/2026,77045.0
RM0077,MUTUAL FUNDS,04/06/2024,127243.0
RM0006,Fixed Deposit,2023-02-19,23414.0
RM0049, Life Insurance ,2025-03-24,19642.0
RM0011,Recurring Deposit,2019-12-07,69572.0
RM0036,Recurring Deposit,09-09-2025,198554.0
RM0019,ULIP,27/08/2024,79305.0
RM0092,Gold Investment,2020-05-10,26744.0
RM0057,Saving Account,04/08/2023,37232.0
RM0189,Health Insurance,2026-01-05,34251.0
RM0033,Mutual Funds,2019-07-21,105559.0
RM0248,Current Account,2022-12-07,83782.0
RM0199,Health Insurance,2020-11-16,54455.0
RM0013, Saving Account ,20/10/2025,26076.0
RM0078,ULIP,06-05-2022,149021.0
RM0007,Mutual Funds,24/10/2019,62966.0
RM0152,Saving Account,2025-06-01,186128.0
RM0044,Fixed Deposit,2025-12-01,53388.0
RM0141,Current Account,2024-10-29,88888888.0
RM0116,Health Insurance,01-30-2026,96072.0
RM0046,Saving Account,,93860.0
RM0034,Life Insurance,2021-03-12,30573.0
RM0008,RECURRING DEPOSIT,2020-05-12,176240.0
RM0084,Fixed Deposit,2021-05-25,11109.0
RM0168,Loan Against Property,2019-11-28,83204.0
RM0035,Current Account,2022-09-03,178422.0
RM0218,Loan Against Property,2024-02-24,30693.0
RM0204,Fixed Deposit,2025-06-17,62221.0
RM0021,Current Account,2023-11-21,51302.0
RM0042,Saving Account,2025-04-11,81670.0
RM0153,Fixed Deposit,2023-04-19,110562.0
,Credit Card,2024-09-08,56196.0
RM0061,Life Insurance,03/06/2020,94615.0
RM0208,Health Insurance,2024-05-24,28719.0
,ULIP,,22976.0
RM0090,current account,2019-08-05,38164.0
RM0105,Fixed Deposit,,66619.0
RM0052,Health Insurance,2025-09-04,-1000.0
RM0018,Saving Account,2024-05-31,-1000.0
RM0145,Health Insurance,2022-10-30,20366.0
RM0226,Saving Account,2024-07-08,67026.0
RM0116,Loan Against Property,12-29-2023,35051.0
,Credit Card,2023-04-06,89377.0
,Health Insurance,2025-04-18,11876.0
RM0125,Credit Card,2026-03-13,65128.0
,ULIP,01-08-2023,62465.0
RM0234,Health Insurance,2023-02-20,151456.0
RM0018,Current Account,2020-09-09,72477.0
,Term Insurance,2021-05-14,89555.0
RM0125,Current Account,2024-05-27,127479.0
,ULIP,2026-04-06,66204.0
RM0113,ULIP,2025-08-25,27135.0
RM0155,Life Insurance,2021-11-30,111924.0
RM0134,Gold Investment,11-24-2020,78832.0
RM0165,Fixed Deposit,2020-09-19,37620.0
RM0220,Life Insurance,2021-10-04,71985.0
,Saving Account,2021-09-24,111129.0
RM0191,Gold Investment,2021-03-15,195765.0
RM0126,Life Insurance,03/05/2022,162195.0
RM0207,Saving Account,15/02/2019,29676.0
RM0228,Mutual Funds,2023-05-31,37382.0
RM0140,Recurring Deposit,2024-07-13,15800.0
RM0096,Term Insurance,01-19-2025,24220.0
,Gold Investment,2024-10-21,117032.0
RM0106,Loan Against Property,03-11-2022,32380.0
RM0031,Gold Investment,2024-01-09,58451.0
RM0045,Mutual Funds,,64825.0
,Mutual Funds,29/09/2022,86123.0
RM0162,Loan Against Property,19/11/2023,20093.0
RM0186,ULIP,2023-12-05,28178.0
RM0134,Life Insurance,2023-08-08,39740.0
RM0203,Gold Investment,11-23-2025,32694.0
RM0119,Credit Card,2021-03-08,213449.0
RM0146,Current Account,04-07-2022,100072.0
RM0134,Mutual Funds,2019-09-10,42666.0
,ULIP,2025-03-07,115709.0
,loan against property,,31358.0
,Fixed Deposit,2019-03-31,87048.0
RM0057,ULIP,2020-01-24,22659.0
RM0126,Current Account,2026-02-14,83991.0
RM0113,Fixed Deposit,2021-01-23,40481.0
RM0071,Current Account,2020-12-05,15686.0
RM0226,Current Account,2023-11-02,25959.0
RM0028,Health Insurance,02-06-2020,35731.0
RM0067,Life Insurance,05-13-2022,79173.0
RM0020,Loan Against Property,2020-03-07,13789.0
RM0177,Fixed Deposit,,63873.0
RM0159,Current Account,2025-07-14,72941.0
RM0090,Term Insurance,2025-08-18,63054.0
RM0201,Gold Investment,2020-05-10,81495.0
RM0054,ULIP,2025-10-16,19811.0
RM0237,Saving Account,2022-02-02,54227.0
RM0030,Life Insurance,12/09/2024,151633.0
RM0041,ULIP,2022-06-18,57181.0
RM0033,Mutual Funds,2025-04-16,57252.0
RM0214,Life Insurance,14/03/2023,76673.0
RM0181,Current Account,2019-07-11,30263.0
RM0020,Life Insurance,12-18-2021,70278.0
RM0025,Mutual Funds,2020-12-28,133986.0
RM0153,Fixed Deposit,18/06/2026,10547.0
RM0065,ULIP,2020-06-11,112054.0
RM0151,Gold Investment,,22334.0
RM0066,Saving Account,11/03/2021,40433.0
RM0028,Health Insurance,2019-02-07,105644.0
RM0180,Recurring Deposit,2024-11-13,96838.0
RM0111,ULIP,2020-05-05,121247.0
RM0131,ULIP,17/10/2024,151019.0
RM0102,Term Insurance,2020-05-25,39634.0
RM0213,Fixed Deposit,20/05/2021,63408.0
RM0191,Current Account,06/03/2025,34754.0
RM0194,Health Insurance,04/01/2024,31594.0
RM0097,Credit Card,2022-08-08,38246.0
RM0136,CURRENT ACCOUNT,2025-11-17,77948.0
RM0036,Recurring Deposit,2023-07-29,44801.0
RM0154,Life Insurance,2020-10-12,94116.0
RM0163,Mutual Funds,2023-07-23,78367.0
RM0075,Mutual Funds,2023-08-17,11034.0
RM0127,mutual funds,2025-04-15,59744.0
RM0113,Gold Investment,2025-08-24,38685.0
RM0234,ULIP,2020-11-25,40498.0
RM0208,Saving Account,08/07/2020,95290.0
RM0004,Gold Investment,05-05-2020,49660.0
RM0016,Life Insurance,2022-04-07,118412.0
,Health Insurance,2021-01-23,72379.0
RM0064,ULIP,2025-03-25,50241.0
RM0104,Life Insurance,07-31-2024,80230.0
RM0199,Saving Account,06/11/2021,11955.0
,ULIP,2020-11-26,11372.0
RM0185,Term Insurance,28/10/2024,14351.0
RM0138,Credit Card,2022-02-20,38774.0
RM0243,Current Account,03/10/2023,23423.0
,Credit Card,2025-04-12,217581.0
RM0077, ULIP ,,49075.0
RM0078,Loan Against Property,2026-08-04,64297.0
RM0026,Term Insurance,2021-03-25,26343.0
RM0076,Term Insurance,,29415.0
RM0102,Gold Investment,28/09/2021,30433.0
RM0056,Mutual Funds,2026-06-02,69988.0
RM0050,Health Insurance,2022-10-01,42094.0
RM0023,ULIP,2026-01-31,46457.0
RM0123,Gold Investment,2022-10-23,54824.0
RM0021,Mutual Funds,2019-09-13,83226.0
RM0101,RECURRING DEPOSIT,2020-08-24,14735.0
RM0061,Health Insurance,10-07-2019,85000.0
RM0085,Fixed Deposit,09/10/2021,51418.0
RM0121,Fixed Deposit,,65296.0
RM0043,Mutual Funds,27/10/2024,29841.0
RM0226,Credit Card,12/01/2019,36329.0
RM0028,Health Insurance,12/01/2023,23143.0
RM0219,Mutual Funds,2022-12-15,203881.0
RM0079,Gold Investment,01-17-2022,44358.0
RM0147,Term Insurance,2022-11-28,287043.0
RM0235,ULIP,2024-04-19,43646.0
RM0094,Gold Investment,31/03/2019,0.0
RM0172,Saving Account,07-09-2024,22407.0
RM0091,Loan Against Property,2020-02-22,45408.0
RM0141,Mutual Funds,2023-01-23,0.0
,Fixed Deposit,04-05-2021,12020.0
RM0058,Mutual Funds,2024-11-07,127572.0
,Recurring Deposit,2023-09-13,95338.0
RM0034,ULIP,10/10/2024,74698.0
RM0243,Term Insurance,09-03-2023,57058.0
RM0117,ULIP,2020-12-21,53355.0
RM0190,Mutual Funds,16/04/2025,296120.0
,Current Account,2024-07-20,26286.0
RM0147,Current Account,2020-01-19,85634.0
RM0249,Health Insurance,2025-11-16,53542.0
RM0050,Term Insurance,2025-11-22,196236.0
RM0149,Term Insurance,2022-10-08,97955.0
RM0233,Credit Card,2026-02-03,335958.0
RM0088,Current Account,2026-03-08,54376.0
RM0041,Health Insurance,01-04-2019,21441.0
RM0106,Term Insurance,08/04/2026,45027.0
RM0187,Saving Account,14/03/2024,72085.0
,ulip,2020-07-04,84440.0
RM0137,Loan Against Property,06-27-2019,10025.0
RM0085,Mutual Funds,2024-12-12,45162.0
RM0151,GOLD INVESTMENT,2023-09-10,23409.0
RM0187,gold investment,2025-02-20,113936.0
RM0103,Fixed Deposit,11-02-2025,18297.0
RM0017,Gold Investment,2024-12-17,64899.0
RM0145,Recurring Deposit,2020-10-04,25466.0
RM0235,Current Account,2023-03-24,32044.0
RM0193,Life Insurance,01-22-2024,151138.0
RM0113,Loan Against Property,2019-11-20,23751.0
RM0132,Gold Investment,2025-04-02,14991.0
RM0161,Loan Against Property,2024-02-05,13590.0
RM0097,ULIP,04-09-2020,45121.0
RM0047,Life Insurance,08/09/2022,61320.0
,Credit Card,,29822.0
RM0172, Fixed Deposit ,01-31-2020,68601.0
RM0135,Fixed Deposit,2019-04-03,13148.0
RM0079,Recurring Deposit,2025-07-16,107362.0
RM0021,ULIP,2024-06-25,94795.0
RM0244,Recurring Deposit,2023-04-13,221667.0
RM0178,Term Insurance,2024-12-06,147839.0
RM0175,Credit Card,2020-02-04,32018.0
RM0078,Recurring Deposit,2022-02-25,35480.0
RM0207,Loan Against Property,2021-09-21,78514.0
RM0224,Gold Investment,2026-07-25,17198.0
RM0241,Mutual Funds,2021-02-24,28844.0
RM0196,Gold Investment,11/06/2021,16308.0
RM0080,Saving Account,2020-01-26,40338.0
RM0152,Recurring Deposit,,50148.0
RM0107,Loan Against Property,02/09/2025,21859.0
RM0172,Recurring Deposit,2020-07-04,11349.0
RM0231,Gold Investment,04/07/2022,73533.0
RM0165,ULIP,12/03/2020,11010.0
RM0032,Gold Investment,2019-10-28,191347.0
RM0161,Current Account,2024-03-07,22526.0
RM0003,Gold Investment,,64517.0
RM0061,Mutual Funds,2022-11-27,38524.0
RM0240,Loan Against Property,2019-03-14,13076.0
,Gold Investment,2026-01-31,41950.0
RM0055,ULIP,2022-06-07,46362.0
RM0195,Saving Account,27/05/2026,88888888.0
RM0245,ULIP,2026-01-17,106441.0
RM0109,Saving Account,2020-06-20,75903.0
RM0131,credit card,03-22-2026,14131.0
RM0019,Recurring Deposit,2022-06-12,21733.0
RM0194,Life Insurance,2020-02-25,28690.0
RM0003,Term Insurance,10-02-2024,16187.0
RM0195,Term Insurance,2022-01-05,40523.0
RM0167,Mutual Funds,2019-02-09,217734.0
RM0103,Gold Investment,2022-08-07,46140.0
RM0195,Gold Investment,2024-09-08,77716.0
,Life Insurance,09/09/2023,67432.0
RM0083,ULIP,2025-07-23,104826.0
RM0014,Gold Investment,2025-05-13,22149.0
RM0038,Mutual Funds,31/12/2020,80085.0
RM0136,ULIP,2019-02-05,116581.0
RM0114,Life Insurance,05-31-2024,19407.0
RM0080,Life Insurance,09/11/2024,31293.0
,Term Insurance,2020-07-02,185497.0
RM0015,Recurring Deposit,16/08/2025,85885.0
RM0238,Mutual Funds,2024-09-27,26605.0
RM0082,Mutual Funds,,51498.0
RM0078,Mutual Funds,02-14-2023,35903.0
RM0022,Term Insurance,2020-09-02,43663.0
RM0010,Loan Against Property,2021-06-07,31938.0
RM0179,Saving Account,2019-09-12,26378.0
RM0035,Credit Card,2024-02-29,66160.0
RM0033,Mutual Funds,2025-02-23,85376.0
RM0125,HEALTH INSURANCE,09-25-2021,113556.0
RM0076,Saving Account,2021-11-13,18440.0
RM0189,Saving Account,2021-04-09,96539.0
RM0154,Saving Account,2024-12-23,24705.0
RM0219,Credit Card,2019-01-15,37872.0
RM0215,Current Account,,125856.0
,Life Insurance,2025-06-04,40302.0
RM0053,Health Insurance,2021-11-20,20973.0
RM0209,Fixed Deposit,2026-02-22,18709.0
,Fixed Deposit,2019-04-02,42026.0
RM0138,Fixed Deposit,2022-10-17,81915.0
RM0238,Saving Account,2022-08-04,303998.0
RM0065,Life Insurance,2025-07-15,87419.0
RM0202,Mutual Funds,2020-09-11,114783.0
RM0075,Fixed Deposit,2025-10-26,78883.0
RM0220,Recurring Deposit,2024-12-15,122897.0
RM0250,Mutual Funds,2024-07-31,13968.0
RM0179,Health Insurance,2019-09-16,142914.0
RM0047,Recurring Deposit,03/07/2021,35242.0
RM0062,Loan Against Property,16/06/2024,137305.0
RM0109,Term Insurance,2023-10-19,13937.0
RM0083,LOAN AGAINST PROPERTY,11/11/2025,72805.0
RM0219,Fixed Deposit,2020-11-16,76531.0
RM0084,Health Insurance,2025-08-20,298993.0
RM0107,Gold Investment,2025-07-19,83235.0
RM0160,LOAN AGAINST PROPERTY,2026-03-15,34109.0
RM0107,Mutual Funds,2019-08-13,50737.0
RM0231,HEALTH INSURANCE,02-04-2024,32828.0
RM0234,Fixed Deposit,2019-10-30,20908.0
RM0238,Fixed Deposit,2023-10-18,24284.0
RM0103,Gold Investment,2020-10-20,22552.0
RM0249,Health Insurance,10-20-2023,49793.0
RM0185,Recurring Deposit,2021-03-17,128308.0
RM0031,ULIP,2023-03-24,131935.0
RM0183,Loan Against Property,27/12/2023,12816.0
RM0077,Fixed Deposit,2024-11-05,14163.0
RM0160,Mutual Funds,07-21-2020,-1000.0
RM0181,Loan Against Property,2023-09-03,24059.0
RM0193,Current Account,23/11/2019,24722.0
RM0141,Fixed Deposit,2020-05-27,14984.0
RM0249,Loan Against Property,2021-03-22,34589.0
RM0106,Current Account,23/05/2019,54303.0
RM0084,MUTUAL FUNDS,2023-05-13,53156.0
RM0248,Loan Against Property,2025-04-07,49200.0
RM0092,Fixed Deposit,12/01/2021,30675.0
RM0243,Mutual Funds,05-28-2022,71286.0
RM0184,Mutual Funds,2025-05-09,
RM0168,Term Insurance,20/10/2023,97574.0
RM0057,Term Insurance,2020-06-07,31253.0
RM0218,GOLD INVESTMENT,2021-08-24,14470.0
RM0236,Credit Card,24/03/2024,27572.0
RM0159,Health Insurance,2023-03-15,17388.0
RM0190,Fixed Deposit,2022-01-06,41495.0
,ULIP,2026-04-10,18476.0
RM0046,Gold Investment,2024-04-22,41073.0
RM0006,Health Insurance,2020-07-02,22487.0
RM0088,Gold Investment,2023-05-07,77110.0
RM0027,Health Insurance,2019-11-17,11397.0
RM0238,Fixed Deposit,2025-11-25,50455.0
RM0190,Gold Investment,12/04/2020,19285.0
,Credit Card,2019-01-23,10049.0
RM0153,Fixed Deposit,2023-10-24,111704.0
RM0102,Term Insurance,2023-12-17,65665.0
RM0057,Saving Account,02-22-2020,15209.0
RM0061,Loan Against Property,2021-06-10,64542.0
RM0130,Recurring Deposit,2020-07-17,57292.0
RM0060,Gold Investment,2022-11-05,42061.0
RM0214,Credit Card,2021-12-28,37172.0
RM0142,Loan Against Property,2020-03-01,119049.0
RM0243,Saving Account,2020-07-15,24061.0
RM0044,Mutual Funds,2019-07-15,35400.0
RM0246,Credit Card,2025-01-09,29957.0
,Fixed Deposit,2023-06-13,83745.0
RM0141,Credit Card,2025-06-29,134124.0
RM0128,Credit Card,2025-01-24,104783.0
RM0035,Fixed Deposit,2020-04-07,89901.0
RM0197,Health Insurance,07-12-2024,226338.0
RM0065,Fixed Deposit,2024-03-29,69724.0
RM0235,Health Insurance,2019-06-20,79525.0
RM0197,Mutual Funds,2023-02-16,213149.0
RM0189,CURRENT ACCOUNT,06/01/2019,10350.0
RM0235,ULIP,2021-07-25,60262.0
RM0068,Fixed Deposit,04/10/2022,77156.0
RM0153,Loan Against Property,2022-10-07,134946.0
RM0149,Mutual Funds,2021-04-11,117641.0
RM0020,Mutual Funds,,102245.0
RM0094,Gold Investment,2022-04-29,155745.0
RM0032,Recurring Deposit,2022-06-25,48542.0
RM0228,Fixed Deposit,2020-03-24,10347.0
RM0172,Loan Against Property,2021-07-05,10555.0
,Saving Account,2023-03-15,49333.0
RM0077,Mutual Funds,2020-07-12,38570.0
RM0018,Fixed Deposit,,40005.0
RM0038,Health Insurance,02-14-2025,35575.0
RM0048,Recurring Deposit,2019-11-12,134884.0
RM0226,Life Insurance,2022-12-09,32249.0
RM0085,Term Insurance,2023-06-10,106975.0
RM0213,Health Insurance,2025-12-26,0.0
RM0166,Saving Account,03-22-2022,126582.0
RM0122,Saving Account,2020-08-25,44607.0
RM0070,Recurring Deposit,2023-04-30,39614.0
RM0122,Life Insurance,09-03-2020,81568.0
RM0087,Current Account,03-22-2024,71545.0
,Term Insurance,2020-01-27,29914.0
RM0196,Recurring Deposit,2021-12-25,15409.0
RM0036,Saving Account,06-27-2021,25384.0
RM0070,Health Insurance,2025-09-26,17022.0
RM0090,Term Insurance,11-08-2023,27458.0
RM0244,mutual funds,2025-06-25,25178.0
RM0102,ULIP,2019-08-20,60765.0
RM0228,LIFE INSURANCE,2025-04-02,164497.0
RM0194,Term Insurance,16/05/2021,67877.0
RM0132,ULIP,2023-03-16,140625.0
RM0208,SAVING ACCOUNT,2025-04-03,86654.0
RM0166,Saving Account,2025-02-08,0.0
RM0148,SAVING ACCOUNT,2021-07-30,75075.0
RM0075,current account,2026-04-18,36727.0
RM0047,Health Insurance,14/11/2020,29636.0
RM0219,Life Insurance,11-29-2020,-1000.0
RM0153,Recurring Deposit,2023-03-05,103630.0
RM0202,Life Insurance,15/02/2023,127901.0
RM0027,Recurring Deposit,2022-10-04,40063.0
RM0054,Saving Account,2020-07-09,10455.0
RM0180,Term Insurance,10-13-2023,88638.0
RM0156,ULIP,,26778.0
RM0204,Loan Against Property,2020-08-19,10496.0
RM0065,Life Insurance,2022-10-08,91734.0
RM0115,Mutual Funds,2019-09-11,
RM0103,Life Insurance,25/07/2023,46429.0
RM0208,MUTUAL FUNDS,21/11/2024,67792.0
RM0017,Term Insurance,2020-04-27,133073.0
RM0225,Current Account,,48954.0
RM0155,Loan Against Property,02-12-2023,44977.0
RM0033,Term Insurance,,27171.0
RM0204,Mutual Funds,2021-01-20,28206.0
RM0121,ULIP,03-20-2026,89614.0
RM0226,Recurring Deposit,20/09/2019,39803.0
RM0151,Term Insurance,2022-04-29,18928.0
RM0083,Fixed Deposit,2021-04-24,14964.0
RM0004, Health Insurance ,2023-06-07,42020.0
RM0196,Health Insurance,09/08/2023,41270.0
RM0148,Term Insurance,2021-05-29,62987.0
RM0171,Life Insurance,2021-06-02,-1000.0
RM0006,ULIP,,41844.0
RM0183,Credit Card,07-03-2025,17743.0
RM0061,ULIP,21/11/2019,45443.0
RM0101,Current Account,16/09/2023,128644.0
RM0189,Term Insurance,2024-01-26,18684.0
RM0176,Fixed Deposit,04-18-2019,68519.0
,Fixed Deposit,2023-12-31,55052.0
RM0195,Credit Card,2019-12-01,79032.0
RM0120,ULIP,2026-06-20,18161.0
RM0131,Health Insurance,13/06/2019,152026.0
RM0150,Life Insurance,2025-03-01,58506.0
RM0214,ULIP,2019-06-02,103889.0
RM0064,Loan Against Property,2021-11-12,24158.0
RM0195,ulip,2026-01-22,77240.0
RM0172,Mutual Funds,,85941.0
RM0157,Current Account,2025-05-31,35328.0
RM0044,Life Insurance,21/04/2022,34221.0
RM0103,Term Insurance,2026-07-02,63617.0
RM0007,Recurring Deposit,2022-05-06,14903.0
RM0173,Mutual Funds,2026-06-26,76519.0
RM0079,Fixed Deposit,2022-06-20,12191.0
RM0058,Current Account,2021-03-16,20572.0
RM0051,Fixed Deposit,2026-01-26,-1000.0
RM0061, Term Insurance ,2022-07-09,64553.0
RM0245,Credit Card,2025-07-06,15174.0
RM0016,ULIP,2023-07-02,188496.0
RM0129,Fixed Deposit,2022-08-20,111397.0
,ULIP,2019-01-24,59215.0
RM0214,Health Insurance,09-28-2022,95478.0
RM0057,Health Insurance,2020-03-03,119275.0
,Fixed Deposit,2020-09-15,25019.0
RM0091,ULIP,2025-02-24,104660.0
RM0065,Health Insurance,2021-05-05,20832.0
RM0033,Saving Account,24/08/2021,36665.0
RM0232,Health Insurance,05-17-2023,50851.0
,Health Insurance,2023-02-14,72569.0
RM0153,ULIP,28/02/2021,11530.0
RM0095,Current Account,2023-01-27,27160.0
RM0018,Fixed Deposit,2020-12-11,56890.0
RM0130,Term Insurance,2022-07-14,32109.0
RM0185,Current Account,08-13-2021,-1000.0
RM0216,Recurring Deposit,2023-08-22,84588.0
RM0095,Fixed Deposit,,62727.0
RM0076,Current Account,2020-02-19,23354.0
RM0112,Loan Against Property,2025-07-02,17887.0
RM0221,Fixed Deposit,2020-12-14,59583.0
RM0031,Current Account,,39934.0
RM0029,Mutual Funds,2022-05-22,19253.0
RM0045,Fixed Deposit,2025-09-28,29754.0
RM0215,ULIP,11-08-2020,28051.0
RM0095,Term Insurance,11/02/2025,15721.0
RM0093,Credit Card,2022-12-01,49583.0
RM0207,Gold Investment,2026-04-07,82121.0
RM0069,Fixed Deposit,2025-10-11,52838.0
RM0070,Gold Investment,2022-01-26,97518.0
RM0152,Term Insurance,06-06-2019,16823.0
RM0172,Mutual Funds,2019-04-14,38600.0
RM0111,Loan Against Property,2021-09-02,57005.0
RM0167,Fixed Deposit,2024-10-02,66350.0
RM0007,health insurance,2022-11-15,69501.0
RM0060,Gold Investment,2022-09-19,75275.0
RM0247,Recurring Deposit,2024-05-15,62695.0
RM0012,ULIP,,14948.0
RM0047,Mutual Funds,2019-12-28,69422.0
RM0236,ULIP,,74509.0
RM0119,ULIP,05-29-2022,261643.0
RM0210,Credit Card,2022-10-29,69104.0
RM0212,Credit Card,2025-05-13,68050.0
RM0145,Health Insurance,2024-06-30,46161.0
RM0215,Loan Against Property,,111218.0
RM0159,Mutual Funds,03/08/2026,297776.0
RM0014,Loan Against Property,2021-01-08,85489.0
RM0015,ULIP,2023-01-02,57402.0
RM0052,Life Insurance,06-18-2021,14112.0
RM0005,Credit Card,2019-11-22,74866.0
RM0220,Term Insurance,2026-01-10,
RM0077,Health Insurance,2019-03-16,71646.0
RM0017,Saving Account,2025-01-24,84709.0
RM0214,Credit Card,07/09/2023,16651.0
RM0119,Mutual Funds,2021-04-28,63027.0
RM0135,Saving Account,2024-02-12,27529.0
RM0124,Term Insurance,08/01/2026,81412.0
RM0170,Gold Investment,29/08/2025,23746.0
RM0027,Health Insurance,24/01/2019,67597.0
RM0088,life insurance,2021-04-20,27477.0
RM0021,Current Account,2023-03-22,10451.0
RM0089,Fixed Deposit,2022-12-23,60168.0
RM0202,Saving Account,01/01/2025,16010.0
RM0134,Saving Account,,63836.0
RM0110,Saving Account,,139921.0
,ULIP,02/07/2019,
RM0042,Current Account,2020-08-01,184086.0
RM0249,Health Insurance,2025-05-15,23454.0
RM0112,Recurring Deposit,10-29-2019,92840.0
RM0167,Gold Investment,11-24-2020,31813.0
RM0138,ULIP,12-12-2023,125358.0
RM0025,Fixed Deposit,2024-06-21,87438.0
RM0005,Recurring Deposit,2022-08-06,13839.0
RM0116,Mutual Funds,2021-12-04,36139.0
RM0075,ULIP,2022-12-14,30572.0
RM0182,Loan Against Property,10-19-2025,86897.0
RM0119,Mutual Funds,2024-03-30,36405.0
RM0207,Current Account,09/06/2021,67693.0
RM0241,Life Insurance,18/08/2019,56119.0
RM0098,Term Insurance,2024-01-15,195738.0
RM0084,Recurring Deposit,2024-12-14,148857.0
RM0230,Loan Against Property,2022-12-19,37904.0
RM0075,Gold Investment,2021-05-21,74291.0
RM0064,Current Account,2019-05-20,98439.0
RM0056,Recurring Deposit,2022-08-28,0.0
RM0028,Gold Investment,2021-06-14,124575.0
RM0132,Term Insurance,2026-05-18,13528.0
RM0180,Gold Investment,2025-12-05,27982.0
RM0134,Saving Account,2019-01-19,29300.0
RM0019,Current Account,2025-01-04,38497.0
RM0236,Gold Investment,2024-06-30,19272.0
RM0152,Recurring Deposit,07-11-2021,44279.0
RM0149,Current Account,2025-08-28,64415.0
RM0009,Gold Investment,2023-10-19,44394.0
RM0228,Mutual Funds,2025-10-19,64799.0
RM0081,Gold Investment,17/09/2021,13437.0
RM0107,Mutual Funds,2023-10-03,114368.0
RM0086,Mutual Funds,2022-04-22,149900.0
RM0048,Credit Card,2019-09-30,58104.0
,Gold Investment,,116596.0
RM0229,Fixed Deposit,03/07/2023,17046.0
RM0243,Credit Card,2020-07-25,89838.0
RM0136,Fixed Deposit,2020-10-02,16343.0
RM0237,Credit Card,2023-03-06,36213.0
RM0226,Life Insurance,2020-08-04,29564.0
RM0165,Life Insurance,2022-12-30,54045.0
RM0207,Gold Investment,2025-12-20,27942.0
RM0145,ULIP,10-08-2022,60710.0
RM0024,Health Insurance,2022-05-22,32894.0
RM0055,Life Insurance,12/03/2023,108588.0
RM0137,Credit Card,06-13-2026,60240.0
RM0010,Current Account,2023-08-02,22122.0
RM0185,Health Insurance,2023-01-21,30483.0
RM0241, Loan Against Property ,2025-08-18,104003.0
RM0204,Saving Account,04-13-2019,34427.0
RM0069,Current Account,2026-03-23,48371.0
RM0011,Current Account,2021-11-26,62340.0
RM0136,Life Insurance,2019-07-10,31370.0
RM0160,Loan Against Property,2024-03-04,27405.0
RM0118,ULIP,2022-08-18,42242.0
RM0149,Current Account,,22095.0
RM0191,Mutual Funds,05/12/2019,26718.0
RM0022,Current Account,2021-09-06,13204.0
RM0039,Recurring Deposit,2021-04-10,28118.0
RM0061,Gold Investment,,29334.0
RM0032, ULIP ,04-02-2021,173289.0
RM0025,Saving Account,2023-11-28,54546.0
RM0058,Mutual Funds,2023-10-20,87413.0
RM0203,ULIP,2026-07-28,12321.0
RM0148,Term Insurance,2022-05-31,15632.0
RM0079,Life Insurance,2020-10-27,94244.0
RM0144,Fixed Deposit,2019-11-18,58848.0
RM0195,Mutual Funds,2022-04-14,20596.0
RM0128,Saving Account,2024-03-11,35942.0
RM0109,Recurring Deposit,2020-03-15,48682.0
RM0208,ULIP,2026-04-02,102770.0
RM0209,Health Insurance,2024-08-02,13115.0
RM0030,Term Insurance,2023-01-18,55406.0
RM0187,MUTUAL FUNDS,05-24-2024,73121.0
RM0123,ULIP,2025-02-04,200590.0
RM0094,Life Insurance,2023-05-02,92294.0
RM0080,Term Insurance,,26163.0
RM0196,Current Account,2020-11-03,71821.0
RM0248,Credit Card,2020-02-15,82043.0
RM0238,ULIP,2024-09-06,75417.0
,Life Insurance,2025-10-01,95779.0
RM0043,Fixed Deposit,2025-03-29,127029.0
RM0126,Credit Card,03/10/2019,15180.0
RM0001, Saving Account ,2023-12-13,15533.0
RM0002, Gold Investment ,2026-02-07,89579.0
RM0135,Loan Against Property,2023-03-18,24542.0
RM0041,Recurring Deposit,2026-07-11,13016.0
RM0169,Credit Card,2020-09-22,35643.0
RM0077,Gold Investment,2024-10-26,95705.0
RM0144,Loan Against Property,2026-04-10,16766.0
RM0029,Mutual Funds,2020-01-07,65712.0
RM0055,ULIP,2024-09-21,10181.0
RM0145,Fixed Deposit,2021-07-26,15811.0
RM0162,Recurring Deposit,2020-11-15,31604.0
RM0017,Term Insurance,18/12/2024,14365.0
RM0013,Recurring Deposit,,103508.0
RM0141,CURRENT ACCOUNT,2023-05-14,109780.0
RM0035,Health Insurance,2024-12-07,80441.0
,Health Insurance,2019-07-28,23885.0
RM0063,Health Insurance,06-26-2026,47037.0
RM0112,Life Insurance,08-28-2022,20178.0
RM0057, Health Insurance ,2026-01-04,26514.0
RM0028,Saving Account,2025-01-22,46284.0
RM0046,Life Insurance,2022-02-15,76403.0
RM0031,Saving Account,,14971.0
RM0005,Gold Investment,17/10/2025,27598.0
RM0182,Gold Investment,2022-12-09,140606.0
RM0136,Credit Card,,38029.0
RM0131,Current Account,,149737.0
RM0103,Mutual Funds,2023-12-10,247802.0
RM0165,Gold Investment,08-12-2022,47397.0
RM0024,Life Insurance,2021-05-07,88888888.0
RM0069, Credit Card ,2023-03-06,26986.0
RM0191,Loan Against Property,,88217.0
RM0186,Mutual Funds,12-20-2023,18676.0
RM0038,Recurring Deposit,2020-09-04,24520.0
RM0048,Health Insurance,2024-10-19,86827.0
RM0017,term insurance,,38426.0
RM0237,Current Account,2020-08-01,21253.0
,Credit Card,2019-09-08,62652.0
RM0036,Recurring Deposit,2024-05-12,75980.0
RM0142, Recurring Deposit ,07/11/2023,16680.0
RM0246,ULIP,2023-06-05,26215.0
RM0119,Health Insurance,10-24-2024,22504.0
RM0006,Mutual Funds,2022-12-29,33890.0
RM0050,Credit Card,2022-10-30,82078.0
RM0124,Loan Against Property,2023-06-13,72537.0
RM0136,Fixed Deposit,2019-07-20,64313.0
RM0075,Gold Investment,09-08-2024,10315.0
RM0205,Loan Against Property,2021-10-10,17665.0
RM0064,Gold Investment,2019-01-04,22634.0
RM0084,Current Account,05/10/2023,25869.0
RM0181,Credit Card,2024-06-25,17916.0
RM0062,term insurance,03-06-2025,36408.0
RM0137,Term Insurance,2020-06-03,13907.0
RM0006,Health Insurance,05-29-2026,79319.0
RM0131,Current Account,2024-04-29,87492.0
RM0079,Term Insurance,2023-12-19,52697.0
RM0053,Term Insurance,2020-10-17,14699.0
RM0014,Fixed Deposit,08-15-2025,120401.0
RM0091,gold investment,2022-06-09,178537.0
RM0069,Loan Against Property,2021-05-29,21305.0
RM0074,Fixed Deposit,2022-09-09,70977.0
,Life Insurance,11-01-2023,102238.0
RM0088,Credit Card,2019-04-24,48809.0
RM0090,Saving Account,2019-10-04,29528.0
RM0224,Recurring Deposit,28/11/2019,42557.0
RM0203,Life Insurance,2020-10-31,45899.0
RM0164,Credit Card,2026-01-17,35594.0
,Saving Account,21/01/2020,142850.0
RM0111,Loan Against Property,2020-07-21,78106.0
,Loan Against Property,2024-05-10,23807.0
RM0125,Recurring Deposit,2022-05-13,54041.0
,Saving Account,01/03/2023,68348.0
RM0027,Life Insurance,15/04/2019,17550.0
RM0186,Gold Investment,11-01-2025,32191.0
RM0096,Gold Investment,2024-01-14,127983.0
RM0039,Loan Against Property,2024-09-05,51870.0
RM0128,Credit Card,07-01-2021,22230.0
RM0110,Fixed Deposit,12-08-2021,16550.0
RM0072,Recurring Deposit,2021-01-22,46514.0
RM0084,Loan Against Property,2020-05-06,49668.0
,term insurance,,30354.0
RM0092,Gold Investment,2021-01-30,59768.0
RM0156,Mutual Funds,11-02-2020,13557.0
RM0135,Current Account,2021-04-08,17840.0
RM0100,Credit Card,01-14-2023,49513.0
RM0158,Health Insurance,,13190.0
RM0122,Fixed Deposit,2026-02-19,116393.0
RM0217,Gold Investment,2025-04-20,17666.0
RM0063,ULIP,2022-01-26,66030.0
RM0248,Fixed Deposit,09-10-2022,34813.0
RM0016,Life Insurance,27/01/2021,35523.0
RM0097,Life Insurance,22/01/2021,82384.0
RM0176,Fixed Deposit,2023-12-07,44603.0
RM0016,Gold Investment,03-23-2024,74668.0
RM0121,saving account,02-19-2022,45179.0
RM0231,Gold Investment,2021-01-03,54935.0
RM0213,Loan Against Property,2025-11-09,81504.0
,Gold Investment,02-20-2021,56736.0
RM0236,Recurring Deposit,11-17-2020,57805.0
RM0167,Credit Card,2025-08-18,87846.0
RM0205,Gold Investment,2023-10-24,158881.0
RM0151,Saving Account,2025-06-28,33637.0
RM0187,Life Insurance,2026-05-29,53033.0
RM0220,Term Insurance,2020-04-26,14511.0
,Credit Card,,32220.0
RM0117,Credit Card,2023-10-02,36555.0
RM0020,term insurance,17/10/2022,100162.0
RM0098,Term Insurance,2024-02-12,46014.0
RM0105,Saving Account,02-24-2026,75664.0
RM0114,Credit Card,2025-04-27,10959.0
RM0013,Mutual Funds,31/12/2019,41227.0
RM0113,Term Insurance,2022-08-07,125792.0
RM0166,health insurance,2022-10-16,88888888.0
RM0079,Recurring Deposit,2019-12-27,22700.0
RM0059,Recurring Deposit,2024-02-29,11601.0
RM0025,Loan Against Property,2021-04-12,38405.0
RM0066,Life Insurance,2021-03-22,70942.0
RM0196,life insurance,2024-02-23,40299.0
RM0098,Health Insurance,2024-10-06,40807.0
RM0114,Saving Account,,65403.0
RM0034,Life Insurance,2025-11-05,24677.0
RM0182,Saving Account,03-11-2019,79694.0
,Gold Investment,,18309.0
RM0050,Health Insurance,2021-07-24,35188.0
RM0020,Credit Card,17/11/2025,63356.0
RM0084,Credit Card,2020-03-24,98120.0
RM0137,ULIP,29/12/2020,88398.0
RM0138,Saving Account,2023-06-23,0.0
RM0230,Saving Account,2019-01-27,-1000.0
RM0020,Mutual Funds,2022-12-24,73950.0
RM0025,Credit Card,2020-08-30,32243.0
RM0093,Credit Card,2025-09-03,16522.0
RM0172,Health Insurance,2021-06-02,22220.0
,Gold Investment,2025-10-17,110062.0
RM0204,Recurring Deposit,2023-02-15,107361.0
RM0039,Loan Against Property,,161372.0
RM0086,Mutual Funds,30/04/2022,13951.0
RM0128,Gold Investment,2020-04-06,48480.0
RM0031,Mutual Funds,2019-10-09,62303.0
RM0109,Gold Investment,04-17-2024,72007.0
RM0116,Life Insurance,2019-08-07,61622.0
RM0069,Recurring Deposit,2021-06-12,83486.0
RM0202,Mutual Funds,2022-01-09,32273.0
RM0195,Current Account,2019-02-19,19887.0
RM0182,Gold Investment,2024-10-13,21444.0
RM0104,Current Account,2020-11-07,10602.0
RM0190,ULIP,,31563.0
RM0211,CURRENT ACCOUNT,18/05/2023,14811.0
RM0061,Current Account,2024-10-10,29392.0
RM0085,Credit Card,2022-01-29,59471.0
RM0108,Saving Account,2019-10-27,122441.0
RM0053,Mutual Funds,2023-08-18,101505.0
RM0181,ULIP,2019-11-11,24562.0
RM0206,Current Account,2023-12-19,17198.0
RM0037,Mutual Funds,06-30-2023,20726.0
,ULIP,2024-03-24,186999.0
RM0224,Life Insurance,2019-10-30,0.0
RM0078,Gold Investment,21/04/2019,49867.0
RM0148,Life Insurance,2026-07-23,20075.0
RM0249,ULIP,2024-07-14,101862.0
RM0113,Health Insurance,,35142.0
RM0237,Life Insurance,2026-05-12,124741.0
RM0165,Health Insurance,2021-07-07,25101.0
RM0205,Gold Investment,2024-08-08,34979.0
RM0118,Current Account,2020-09-13,45154.0
,Credit Card,2024-07-17,121566.0
,Term Insurance,09/06/2019,111535.0
RM0234,Fixed Deposit,2020-08-08,52707.0
,Loan Against Property,2024-07-28,22537.0
RM0115,HEALTH INSURANCE,01-01-2019,35821.0
,Saving Account,09/03/2019,195726.0
RM0229,Loan Against Property,2025-12-02,56795.0
RM0064,MUTUAL FUNDS,2025-02-28,85956.0
RM0060,Gold Investment,2020-10-03,39879.0
RM0079,Loan Against Property,23/04/2020,47965.0
RM0179,Life Insurance,2021-05-29,-1000.0
RM0224,Health Insurance,2020-09-07,38014.0
RM0189,Life Insurance,2020-10-06,70687.0
RM0118,Saving Account,2021-10-27,105348.0
RM0204,Gold Investment,2021-08-01,45399.0
RM0173,Loan Against Property,2024-07-13,42779.0
RM0221,ULIP,2019-06-04,30797.0
RM0131,ULIP,2024-04-22,19745.0
RM0105,Loan Against Property,08-15-2023,
RM0026,Fixed Deposit,27/07/2025,150047.0
RM0145,Health Insurance,2019-05-03,28995.0
RM0216,Saving Account,2020-07-18,90645.0
RM0032,Mutual Funds,2026-03-19,72824.0
RM0099,Saving Account,,88251.0
RM0005,ULIP,2023-12-21,148047.0
RM0093,Mutual Funds,01-28-2022,58824.0
RM0036,Health Insurance,2019-09-09,124114.0
RM0058,Gold Investment,2024-08-08,19177.0
RM0011,Loan Against Property,2019-01-06,59270.0
RM0074,Current Account,2021-10-26,83980.0
RM0185,Saving Account,2024-04-21,25848.0
RM0197,Health Insurance,2019-09-16,77498.0
RM0218,Saving Account,2019-12-14,85361.0
RM0207,Gold Investment,09/05/2022,98948.0
RM0002,ULIP,2023-04-27,28762.0
RM0227,ULIP,2020-01-28,67223.0
RM0219,ULIP,2019-08-11,28138.0
RM0225,gold investment,04/06/2024,77169.0
RM0097,Credit Card,2023-08-10,41085.0
RM0103,Term Insurance,03-11-2021,55508.0
,Gold Investment,2020-08-26,36879.0
RM0208,Credit Card,2023-11-12,18835.0
RM0241,Credit Card,2020-01-27,19802.0
RM0194,ULIP,,14037.0
RM0124,Gold Investment,2019-10-18,58126.0
,Recurring Deposit,2020-08-18,104404.0
,Recurring Deposit,2021-12-07,11052.0
RM0158,Recurring Deposit,2023-02-01,13426.0
RM0145,Recurring Deposit,2022-09-02,40575.0
RM0074,Life Insurance,05-03-2021,76917.0
RM0149,Current Account,2026-01-19,18581.0
RM0166,LIFE INSURANCE,07-08-2019,25848.0
RM0171,Term Insurance,2024-01-30,23198.0
RM0103,Fixed Deposit,06-30-2022,-1000.0
RM0086,Loan Against Property,2025-09-03,35462.0
RM0173,Current Account,01-20-2022,22744.0
RM0163,ULIP,2025-05-27,31739.0
,Gold Investment,2019-08-01,75197.0
RM0200,Gold Investment,2024-09-02,57209.0
RM0227,Credit Card,2023-03-02,14233.0
RM0141,Fixed Deposit,2020-05-13,60770.0
RM0084,Loan Against Property,2020-06-22,42416.0
RM0211,Current Account,2024-05-06,146335.0
RM0245,Current Account,07-08-2021,27075.0
,Gold Investment,2025-10-11,74761.0
RM0081,Life Insurance,05/01/2020,75626.0
RM0100,Life Insurance,2024-09-05,22519.0
RM0171,ULIP,2022-01-07,126767.0
RM0113,Life Insurance,06-27-2025,43783.0
RM0056,Mutual Funds,05-20-2026,66797.0
RM0008,Recurring Deposit,2026-03-05,17882.0
RM0169,Current Account,20/01/2021,24907.0
RM0036,Loan Against Property,2023-07-28,54107.0
RM0192,Gold Investment,2026-06-07,29211.0
, Term Insurance ,2023-12-18,44626.0
RM0245,Mutual Funds,2023-07-08,33420.0
RM0215,Loan Against Property,2023-07-19,61159.0
RM0087,Term Insurance,,43388.0
RM0191,ULIP,2024-04-01,10231.0
RM0046,Loan Against Property,2026-03-29,62445.0
,Gold Investment,15/12/2025,37419.0
RM0200,Term Insurance,2023-11-12,30904.0
RM0249,Current Account,01/11/2021,14943.0
RM0025,Life Insurance,2024-06-01,22446.0
RM0117,Recurring Deposit,2026-06-29,22665.0
RM0172,Fixed Deposit,2019-10-03,146953.0
RM0150,Gold Investment,03/08/2026,38326.0
RM0037,Mutual Funds,2019-05-14,12148.0
RM0198,Health Insurance,2026-02-14,17472.0
RM0098,Current Account,2021-06-22,14116.0
RM0058,Current Account,2023-04-30,54442.0
,ULIP,2023-02-16,20327.0
RM0078, Loan Against Property ,2019-12-21,44513.0
RM0058,Gold Investment,2023-03-21,33106.0
RM0041,gold investment,2026-02-26,91450.0
RM0109,Mutual Funds,13/09/2022,29319.0
RM0037,Credit Card,2021-05-26,40648.0
RM0225,ULIP,2023-05-14,73878.0
RM0194,Current Account,2024-06-29,38400.0
RM0002,Mutual Funds,2025-08-04,88803.0
RM0244,Recurring Deposit,2022-10-05,64188.0
RM0118,Health Insurance,,0.0
RM0224,Term Insurance,2025-02-13,36426.0
RM0246,ULIP,05-05-2019,45057.0
RM0176,Term Insurance,10/08/2024,180871.0
RM0140,Mutual Funds,2020-04-23,64178.0
RM0151,Fixed Deposit,2022-11-14,127691.0
,Credit Card,2025-12-11,19846.0
RM0234,Saving Account,2022-12-29,43008.0
RM0216,Health Insurance,,129659.0
RM0081,Mutual Funds,2024-10-30,29475.0
RM0228,Loan Against Property,2022-06-02,181579.0
,Current Account,2026-05-01,88888888.0
RM0213,ULIP,2023-10-16,15105.0
,Life Insurance,07-28-2024,126483.0
RM0104,Recurring Deposit,2025-04-29,0.0
RM0134,Life Insurance,2021-10-15,39458.0
RM0009,Fixed Deposit,2024-03-15,13830.0
RM0121,Loan Against Property,11/06/2020,115814.0
RM0244,Saving Account,2019-07-27,24513.0
RM0166,Health Insurance,2021-08-16,11125.0
RM0153,Current Account,03-17-2020,17297.0
RM0159,Health Insurance,17/04/2019,63810.0
RM0100,Mutual Funds,,200409.0
RM0059,CURRENT ACCOUNT,2021-03-10,15908.0
RM0233,Health Insurance,2023-06-06,40990.0
RM0198,Current Account,2024-03-08,19961.0
RM0052,Term Insurance,02/09/2019,78331.0
RM0238,ULIP,2020-09-24,16281.0
RM0075,ULIP,2022-08-26,23711.0
RM0213,Recurring Deposit,05-24-2019,20933.0
RM0081,Recurring Deposit,2021-10-14,50206.0
RM0039,Term Insurance,2023-10-05,113250.0
RM0209,Credit Card,,-1000.0
RM0130,Recurring Deposit,12-25-2020,-1000.0
,Health Insurance,2023-12-29,45778.0
,Saving Account,03/08/2026,13000.0
RM0134,Saving Account,2019-08-04,51435.0
RM0118,Mutual Funds,12/12/2023,89855.0
RM0053,Mutual Funds,2020-04-07,17087.0
,Mutual Funds,,13774.0
RM0212,Gold Investment,09-29-2019,20400.0
RM0144,Saving Account,23/11/2019,78538.0
RM0065,Current Account,10-08-2022,54785.0
RM0215,Loan Against Property,31/12/2022,48891.0
RM0241,Credit Card,10-17-2021,24349.0
RM0133,Life Insurance,2025-05-23,30191.0
RM0191,Current Account,2021-09-07,178900.0
RM0186,Life Insurance,2025-10-18,23762.0
RM0199,Current Account,2022-08-04,125958.0
RM0002,Saving Account,2022-01-18,53438.0
RM0115,Gold Investment,09-16-2023,16579.0
RM0021,Fixed Deposit,01-28-2021,41491.0
RM0068,Mutual Funds,2021-04-20,158355.0
RM0208,Credit Card,07-17-2021,37112.0
RM0139,Fixed Deposit,09-09-2020,109529.0
,Term Insurance,2025-10-07,24814.0
RM0185,Gold Investment,2025-10-12,52305.0
RM0192,Recurring Deposit,09-05-2023,102847.0
RM0157,Term Insurance,07-27-2019,-1000.0
RM0109,Credit Card,,136718.0
RM0063,Loan Against Property,08-03-2022,43259.0
RM0106,Mutual Funds,2024-07-19,61039.0
RM0053,Fixed Deposit,2025-11-01,10149.0
RM0006,ULIP,2026-02-18,24599.0
RM0051,Recurring Deposit,2026-04-30,26335.0
RM0171,Current Account,2023-11-08,14907.0
RM0092,Health Insurance,2022-10-23,26404.0
RM0202,Term Insurance,2022-11-18,29365.0
RM0062,Gold Investment,,183312.0
RM0137,ULIP,2024-12-20,65221.0
RM0056,Fixed Deposit,2026-03-24,37756.0
RM0039,Saving Account,11/08/2022,231369.0
RM0090,ULIP,2021-09-12,18316.0
,Loan Against Property,2024-07-03,42318.0
RM0227,Loan Against Property,2020-07-03,62073.0
RM0086,Term Insurance,02/12/2020,12859.0
RM0181,Current Account,2021-12-03,73115.0
RM0167,ULIP,09-20-2023,15260.0
RM0033,Credit Card,10/04/2026,17557.0
RM0150,Gold Investment,2020-06-25,18699.0
RM0145,Loan Against Property,2025-09-19,142176.0
RM0135,Term Insurance,2021-01-18,67479.0
RM0128,Loan Against Property,2020-10-24,63272.0
RM0186,Mutual Funds,2024-06-30,50539.0
RM0246,Mutual Funds,2022-10-11,27322.0
RM0031,Recurring Deposit,08/02/2023,58496.0
RM0101,Gold Investment,2025-03-18,36394.0
RM0236,Fixed Deposit,01-11-2020,17857.0
RM0206,Recurring Deposit,30/01/2026,68494.0
RM0077,Health Insurance,16/06/2019,16939.0
RM0141,Saving Account,2023-06-25,20577.0
RM0149,Fixed Deposit,23/01/2019,95104.0
RM0072,Term Insurance,03-13-2024,63957.0
RM0248,Mutual Funds,2022-06-09,59846.0
,Recurring Deposit,2019-04-17,37081.0
RM0096,Recurring Deposit,2021-10-04,35232.0
RM0174,Health Insurance,2022-06-15,68601.0
RM0231,Credit Card,2022-10-26,77354.0
RM0176,ULIP,15/07/2024,0.0
,Mutual Funds,2020-04-29,45689.0
RM0059,Health Insurance,2024-01-21,184124.0
RM0100,Recurring Deposit,2019-02-12,165838.0
RM0218,Term Insurance,10-20-2022,36587.0
RM0055,Mutual Funds,2025-10-11,95913.0
RM0116,Life Insurance,2024-10-23,88888888.0
RM0171,ULIP,2022-09-22,49182.0
RM0214,Mutual Funds,04/05/2024,45846.0
RM0194,Saving Account,08-29-2023,12826.0
RM0115,Health Insurance,2022-01-18,52662.0
RM0026,Gold Investment,2025-12-17,125419.0
RM0163,Term Insurance,2023-06-25,85736.0
RM0148,ULIP,11-13-2023,87163.0
RM0007, Health Insurance ,,18713.0
RM0048,Health Insurance,05/06/2024,32193.0
RM0221,Recurring Deposit,2019-07-04,23276.0
,ULIP,12-16-2024,28983.0
,Mutual Funds,2019-11-30,88888888.0
RM0072,Credit Card,12-14-2023,53320.0
RM0154,Current Account,2022-08-08,32689.0
,Loan Against Property,2019-06-14,51128.0
RM0054,Current Account,2023-01-27,38857.0
RM0048,Mutual Funds,,26886.0
RM0007,Current Account,2023-09-24,15013.0
RM0150,Fixed Deposit,06-02-2026,121206.0
RM0081,Fixed Deposit,2023-09-15,10571.0
RM0023,ULIP,2023-09-22,10082.0
RM0173,Term Insurance,2026-01-29,97664.0
RM0060,ULIP,2024-10-24,297401.0
RM0065,Fixed Deposit,2025-04-02,74933.0
RM0221,Health Insurance,,10769.0
RM0241,Term Insurance,2021-11-04,22853.0
RM0126,Loan Against Property,2019-02-05,188461.0
RM0227,ULIP,2023-07-19,92670.0
RM0082,Credit Card,,51827.0
RM0041,Gold Investment,,23515.0
RM0015,Fixed Deposit,,10723.0
RM0171,Term Insurance,2019-05-29,11054.0
RM0185,Credit Card,18/08/2022,57335.0
RM0174,Loan Against Property,2019-06-23,11103.0
RM0105,ULIP,19/05/2021,262808.0
RM0178,Fixed Deposit,2023-10-12,20129.0
RM0201,Credit Card,2020-01-24,72015.0
RM0131,Loan Against Property,08/12/2022,18424.0
RM0107,Mutual Funds,14/11/2020,48836.0
RM0117,credit card,2025-03-08,14202.0
RM0046,ULIP,2020-03-12,82788.0
RM0236,Life Insurance,2023-03-09,53964.0
RM0023,Life Insurance,2021-06-28,14505.0
RM0051,Fixed Deposit,2025-10-13,104386.0
RM0197,Health Insurance,,49595.0
RM0080,Current Account,2021-03-20,137291.0
RM0161,Recurring Deposit,19/10/2022,0.0
RM0011,Health Insurance,2020-04-27,134219.0
RM0045,Health Insurance,2022-12-06,136604.0
RM0127,Term Insurance,2023-01-15,14048.0
RM0217,Current Account,2020-05-25,16446.0
RM0045,Loan Against Property,2024-12-07,229931.0
,Gold Investment,2024-11-30,43432.0
RM0103,Health Insurance,2021-10-15,23604.0
RM0249,ULIP,06-11-2022,
RM0229,Fixed Deposit,2026-04-02,88888888.0
RM0135,Health Insurance,07/07/2019,83410.0
RM0078,Recurring Deposit,15/09/2019,25345.0
, Gold Investment ,2025-11-16,74953.0
RM0060,Credit Card,2023-03-16,100787.0
RM0158,Fixed Deposit,2019-09-10,86684.0
,Mutual Funds,13/07/2025,-1000.0
RM0189,Fixed Deposit,2021-10-08,26013.0
RM0206,Credit Card,04-27-2023,35676.0
RM0241,Loan Against Property,04-21-2025,36657.0
RM0156,Life Insurance,2026-02-22,43792.0
RM0206,Saving Account,2024-05-28,19158.0
RM0114,Life Insurance,13/03/2022,40116.0
RM0105,Credit Card,02-15-2019,45747.0
RM0073,Mutual Funds,2022-10-19,47933.0
RM0181,Credit Card,2022-11-27,95712.0
RM0059,Credit Card,2021-07-15,46421.0
RM0189,Gold Investment,2024-11-16,23119.0
,Credit Card,2023-01-15,64402.0
RM0220,Loan Against Property,2019-08-25,0.0
RM0050,Term Insurance,2020-03-06,89804.0
RM0159,Gold Investment,19/11/2025,29236.0
RM0231,Loan Against Property,05-01-2024,61824.0
RM0236,GOLD INVESTMENT,2021-01-28,17946.0
RM0239,Mutual Funds,2019-06-29,30921.0
RM0212,Recurring Deposit,21/05/2023,129967.0
RM0120,Gold Investment,22/09/2024,131129.0
RM0168,Loan Against Property,11-15-2019,52821.0
RM0047,Saving Account,01-13-2025,70592.0
RM0096,Loan Against Property,2024-03-19,106212.0
RM0054,Mutual Funds,2019-08-03,169167.0
RM0191,loan against property,05-29-2025,43656.0
RM0142,Credit Card,10-07-2025,51228.0
RM0082,Saving Account,2020-01-09,36862.0
RM0235,loan against property,2025-04-30,13735.0
RM0050,Saving Account,,88888888.0
RM0041,Mutual Funds,2020-03-22,37478.0
RM0047,fixed deposit,03-05-2021,88181.0
RM0090,Credit Card,2026-01-13,91708.0
RM0210,ULIP,2024-02-24,121456.0
RM0015,Current Account,05-05-2022,88888888.0
RM0163,Mutual Funds,2024-07-30,12641.0
RM0071,Term Insurance,07/04/2019,47449.0
RM0091,Credit Card,31/03/2022,-1000.0
RM0218,Life Insurance,2020-07-28,15682.0
RM0160,Mutual Funds,2021-07-09,21203.0
RM0108, Gold Investment ,2025-09-22,125237.0
RM0093,Current Account,04-14-2019,44337.0
,Gold Investment,2022-04-26,81053.0
RM0121,Term Insurance,2023-02-09,13327.0
RM0064,Recurring Deposit,2023-05-09,36963.0
RM0109,Health Insurance,11-10-2019,66079.0
RM0238,Saving Account,2020-05-18,17159.0
RM0135,Gold Investment,2019-11-20,29712.0
RM0094,Current Account,20/04/2024,13336.0
RM0106,Life Insurance,05-13-2019,62682.0
RM0230,Saving Account,2021-07-25,186835.0
RM0204,Recurring Deposit,2025-01-08,97736.0
RM0109,ULIP,13/05/2023,193695.0
RM0094,Term Insurance,2021-05-02,103411.0
RM0105,Credit Card,2025-10-12,106618.0
RM0203,Loan Against Property,05/12/2019,53040.0
RM0066,current account,2023-06-13,46516.0
RM0121,Credit Card,2021-05-15,36065.0
RM0171,LOAN AGAINST PROPERTY,2019-02-10,95213.0
RM0051,Credit Card,12/06/2020,20048.0
RM0207,Mutual Funds,2026-02-03,12893.0
RM0070,Health Insurance,24/02/2019,157723.0
RM0171,ULIP,2025-02-27,10189.0
RM0219,Current Account,02/01/2025,198243.0
RM0035,Mutual Funds,2021-01-09,75254.0
RM0124, ULIP ,10/12/2022,88888888.0
RM0086,Loan Against Property,2025-11-28,29911.0
RM0046,Term Insurance,2026-03-29,69836.0
RM0105,Saving Account,2020-05-11,95153.0
RM0222,Fixed Deposit,2022-02-02,24075.0
RM0011,ULIP,2025-06-16,83678.0
RM0122,Health Insurance,02/07/2025,91576.0
RM0189,Loan Against Property,2022-11-02,24341.0
RM0232,Saving Account,2022-06-25,12141.0
,Health Insurance,03-30-2025,21415.0
RM0155,Credit Card,07/07/2022,21197.0
RM0049,Term Insurance,,13373.0
RM0139,Life Insurance,2025-05-20,74732.0
RM0218,Gold Investment,2021-12-02,33899.0
RM0083,credit card,2021-03-09,117874.0
RM0166,Current Account,2022-03-27,24529.0
RM0228,Health Insurance,2023-07-23,40186.0
RM0026,Saving Account,2023-02-01,60946.0
RM0183,Loan Against Property,31/03/2019,114967.0
RM0221,Loan Against Property,22/09/2025,47182.0
RM0014,Loan Against Property,2021-11-26,33382.0
RM0182,Loan Against Property,2022-02-18,110875.0
RM0115,Current Account,2026-02-25,28571.0
RM0101,ULIP,2026-04-07,14137.0
RM0143,Current Account,02-23-2021,39443.0
RM0013,Gold Investment,,86877.0
RM0003,Recurring Deposit,2025-09-21,11563.0
RM0078,Saving Account,2023-05-26,54080.0
RM0007,Term Insurance,2024-11-22,55127.0
RM0025,Gold Investment,2021-06-02,141932.0
RM0238,ULIP,2021-01-25,26876.0
RM0075,Saving Account,2022-03-30,26344.0
RM0211,Saving Account,2019-04-26,39034.0
RM0079,Mutual Funds,2025-03-08,0.0
RM0227,Current Account,18/11/2019,32073.0
RM0003,Recurring Deposit,2022-11-14,76655.0
RM0048, Credit Card ,11/07/2025,61326.0
RM0222,ulip,2020-11-13,81131.0
RM0041,Health Insurance,09/04/2025,95751.0
RM0057,Recurring Deposit,11/03/2024,138185.0
RM0212,Recurring Deposit,24/06/2023,38188.0
RM0169,Recurring Deposit,2025-08-10,218986.0
RM0249,Credit Card,2025-09-14,22145.0
RM0098,Fixed Deposit,02-06-2022,72652.0
RM0249,Current Account,08-07-2022,48179.0
RM0207,Mutual Funds,2024-06-24,94886.0
RM0055,Term Insurance,2024-02-22,42386.0
RM0155,ULIP,2022-05-10,86609.0
RM0011,Gold Investment,10/07/2024,
RM0004,ULIP,2020-08-17,143083.0
RM0148,Current Account,2020-09-30,75893.0
RM0053,Health Insurance,2019-11-27,84826.0
RM0039,ULIP,2021-02-27,13476.0
RM0096,Recurring Deposit,2023-08-10,21467.0
,ULIP,05/08/2022,193070.0
RM0062,Loan Against Property,2025-06-15,69075.0
RM0145,ULIP,2023-12-09,51213.0
RM0099,life insurance,2024-11-09,32862.0
RM0102,Mutual Funds,2025-04-16,12270.0
RM0099,Saving Account,08-26-2025,33033.0
RM0005,Loan Against Property,2025-07-02,44548.0
RM0048,Term Insurance,2021-12-27,21878.0
RM0078,Saving Account,2025-04-30,19505.0
RM0140,Gold Investment,2023-07-20,45506.0
RM0177,Mutual Funds,01-13-2021,54082.0
RM0101,Recurring Deposit,04-05-2019,23716.0
RM0040,Loan Against Property,2024-11-10,54262.0
RM0206,Life Insurance,2020-03-22,125299.0
RM0176,Life Insurance,2021-06-22,42044.0
RM0213,Health Insurance,,107382.0
RM0064,Current Account,2025-04-07,141051.0
RM0111,Current Account,2022-12-22,14847.0
RM0008,Current Account,03-30-2022,15035.0
,Credit Card,2025-09-06,42317.0
RM0073,Life Insurance,,54349.0
RM0052,Recurring Deposit,2026-02-27,37746.0
RM0054,Health Insurance,16/10/2021,29759.0
RM0149,Term Insurance,2023-12-24,61220.0
,Credit Card,,10104.0
RM0177,Term Insurance,2022-09-06,182215.0
RM0213,Loan Against Property,2020-03-19,23203.0
RM0206,Term Insurance,2023-01-09,134505.0
RM0036,ULIP,,15771.0
RM0089,Health Insurance,2019-07-20,23596.0
RM0245,Current Account,2019-07-28,23385.0
RM0105,Gold Investment,17/04/2023,288021.0
RM0149,Term Insurance,23/02/2022,10230.0
RM0026,Health Insurance,2023-11-25,61032.0
RM0221,Loan Against Property,2024-01-17,111890.0
,Current Account,2019-01-11,65778.0
RM0219,ULIP,10-01-2023,32528.0
RM0064,Loan Against Property,06-10-2019,168873.0
RM0024,Current Account,2022-08-19,121990.0
RM0115,Health Insurance,2024-11-09,38454.0
RM0049,Gold Investment,2020-03-28,52587.0
RM0133,Mutual Funds,2022-10-17,181355.0
RM0175,Health Insurance,10-19-2023,212450.0
RM0156,ULIP,2020-11-19,39875.0
RM0109,Mutual Funds,2024-04-08,103980.0
RM0238,Current Account,2025-09-11,27975.0
RM0086,Health Insurance,,33245.0
RM0081,Recurring Deposit,2024-06-09,19005.0
RM0145,Current Account,01-09-2022,21734.0
RM0121,Gold Investment,2019-09-22,63482.0
,Term Insurance,2019-01-31,45747.0
RM0185,Mutual Funds,20/08/2023,23141.0
RM0156,Credit Card,,35784.0
RM0069,Life Insurance,,33355.0
RM0081,Life Insurance,2019-06-13,-1000.0
RM0066,Term Insurance,25/02/2024,228545.0
RM0028,Gold Investment,2021-08-01,106058.0
RM0113,Life Insurance,11/10/2023,34548.0
RM0186,Current Account,11-02-2022,132621.0
RM0250,Current Account,2020-07-29,30975.0
RM0192,Mutual Funds,2025-04-27,65116.0
RM0236,Mutual Funds,2023-05-01,180034.0
RM0246,Fixed Deposit,2025-01-19,34737.0
RM0076,Credit Card,2022-12-06,66953.0
RM0096,Saving Account,19/07/2021,27543.0
RM0157,Recurring Deposit,12-02-2025,25483.0
RM0059,ULIP,2022-09-02,52684.0
RM0198,Loan Against Property,10-30-2019,203795.0
RM0165,Life Insurance,2019-12-21,40177.0
RM0237,Gold Investment,2022-10-02,148739.0
RM0196,ULIP,2020-09-04,132882.0
RM0157,Current Account,2019-02-04,24635.0
RM0024,Life Insurance,2019-12-05,35693.0
RM0070,Credit Card,10-29-2025,61543.0
RM0165,Fixed Deposit,,46495.0
RM0054, Gold Investment ,2024-03-09,15044.0
RM0008,Health Insurance,2026-02-19,263344.0
RM0061,Credit Card,2024-12-07,79848.0
RM0114,Health Insurance,2022-04-11,38785.0
RM0060,ULIP,23/11/2020,58138.0
RM0002,Life Insurance,2024-01-26,14582.0
RM0002,life insurance,2022-02-14,44189.0
RM0087,Life Insurance,2026-06-04,143561.0
,ULIP,2021-04-09,123457.0
RM0244,Health Insurance,2026-07-14,30577.0
RM0230,Mutual Funds,2022-11-10,47896.0
RM0002,Health Insurance,29/05/2024,69764.0
RM0111,Loan Against Property,2024-12-08,30776.0
RM0069,Current Account,2023-02-03,13353.0
RM0157,ULIP,03-26-2025,45204.0
RM0115,Credit Card,07/02/2024,56019.0
RM0108,Fixed Deposit,2019-04-23,10292.0
RM0064,Loan Against Property,2025-08-29,15022.0
RM0241,Life Insurance,03-07-2020,21614.0
RM0244,Mutual Funds,2020-09-18,31389.0
RM0162,Loan Against Property,2019-05-20,48940.0
RM0207,Fixed Deposit,2024-03-26,27395.0
RM0138,Saving Account,2021-09-03,26160.0
RM0006,Life Insurance,2023-11-11,111761.0
RM0102,Current Account,2024-10-07,17835.0
RM0151,Mutual Funds,,44205.0
RM0166,Current Account,,162694.0
RM0198,Term Insurance,2019-02-11,59043.0
RM0217,Current Account,2019-06-04,73151.0
,Gold Investment,2021-04-18,38214.0
RM0133,Health Insurance,2022-11-11,11006.0
RM0158,Gold Investment,10-01-2020,61941.0
RM0107,Health Insurance,02-21-2026,59973.0
RM0137,Current Account,10/09/2019,15850.0
RM0170,Term Insurance,2024-10-03,41009.0
RM0102,Recurring Deposit,,133449.0
,Saving Account,,21475.0
RM0128,Fixed Deposit,2023-10-13,40911.0
RM0180,Term Insurance,2024-04-01,40911.0
RM0189,Term Insurance,2019-04-22,93237.0
RM0002,Term Insurance,2024-08-09,97027.0
,Recurring Deposit,2024-05-04,81203.0
RM0087,Mutual Funds,2019-07-15,32742.0
RM0162,Credit Card,09/04/2022,13738.0
RM0208,Health Insurance,2022-01-18,88888888.0
RM0181,Term Insurance,2025-03-11,31499.0
,Saving Account,2020-03-09,66939.0
RM0089,ULIP,01-16-2023,70658.0
RM0128,Credit Card,2025-11-22,177620.0
RM0242,Recurring Deposit,2020-11-10,40223.0
,Mutual Funds,04-12-2022,60042.0
RM0173,Life Insurance,12-29-2024,48738.0
,Mutual Funds,2024-09-26,18162.0
RM0110,Gold Investment,2020-10-19,40920.0
RM0051,Mutual Funds,2021-09-01,49354.0
RM0236,Term Insurance,2021-05-12,160541.0
RM0216,Loan Against Property,2019-02-03,32827.0
RM0124,Term Insurance,2021-07-30,205849.0
,ULIP,2022-06-15,49077.0
RM0096,Gold Investment,2025-02-12,23884.0
RM0196,Current Account,2026-08-02,20638.0
RM0103,Mutual Funds,2024-03-01,17639.0
RM0198,ULIP,,40159.0
RM0184,Loan Against Property,12-15-2019,
RM0234,Recurring Deposit,10-04-2020,11108.0
RM0126,Term Insurance,2026-04-27,39443.0
RM0234,Fixed Deposit,,0.0
RM0249,loan against property,2023-11-08,232857.0
RM0221,Recurring Deposit,2019-01-30,65449.0
RM0110,Health Insurance,23/04/2022,81311.0
RM0189,Mutual Funds,2020-04-09,16335.0
RM0011,Current Account,06-11-2021,42037.0
RM0187,Gold Investment,2021-01-23,26859.0
RM0052,Mutual Funds,08-23-2019,122261.0
RM0146,Recurring Deposit,05-07-2023,20001.0
RM0071,Term Insurance,2023-09-08,40692.0
RM0241,ULIP,2019-10-30,54342.0
,Current Account,2021-07-04,46081.0
RM0084,Credit Card,2021-01-26,98669.0
RM0030,Life Insurance,2024-08-11,23162.0
RM0230,Saving Account,02-05-2025,33691.0
RM0195,Gold Investment,2024-01-22,88531.0
RM0138,Current Account,2024-05-08,47546.0
,Credit Card,01/04/2026,35718.0
RM0013,Term Insurance,2023-09-23,11494.0
RM0021,Recurring Deposit,2020-05-29,79996.0
RM0091,Health Insurance,06-01-2026,189103.0
RM0241,Current Account,06-21-2026,58416.0
,Loan Against Property,2024-03-16,107085.0
RM0032,Gold Investment,2020-08-20,46374.0
RM0103,Credit Card,2021-11-24,23177.0
RM0046,Gold Investment,01-20-2019,10727.0
RM0081,Gold Investment,,
RM0234,Recurring Deposit,2024-06-01,62978.0
RM0037,Current Account,2020-04-09,43972.0
RM0001,Life Insurance,2025-05-10,86185.0
RM0196,Fixed Deposit,08-02-2024,69320.0
RM0205,Recurring Deposit,2026-05-02,230944.0
RM0078,ULIP,2021-09-11,45699.0
RM0136,Saving Account,25/10/2023,37858.0
RM0115,Credit Card,2026-04-22,26895.0
RM0238,Mutual Funds,2021-11-07,42395.0
RM0227,Gold Investment,12-02-2023,113127.0
RM0116,Recurring Deposit,15/07/2024,12168.0
RM0172,Life Insurance,2022-04-29,200608.0
RM0145,Mutual Funds,2023-03-26,260336.0
RM0217,Current Account,2020-08-30,55542.0
RM0155,Loan Against Property,05-10-2026,30139.0
RM0006,Recurring Deposit,26/08/2024,22618.0
RM0051,Mutual Funds,06-17-2023,26182.0
RM0220,Term Insurance,2020-04-23,12570.0
RM0238,Current Account,,42228.0
RM0002,Term Insurance,2026-03-30,12951.0
RM0017,Current Account,2022-10-19,73376.0
RM0199,TERM INSURANCE,2021-03-26,33255.0
,Current Account,2023-06-12,21117.0
RM0226,ULIP,2019-02-07,49356.0
RM0041,Saving Account,12-01-2019,192022.0
RM0210,Saving Account,2022-05-26,69393.0
RM0173,Health Insurance,2022-12-13,43838.0
RM0152,Health Insurance,2020-06-10,85009.0
RM0250,Gold Investment,17/01/2024,76870.0
RM0145,Current Account,2025-05-06,121158.0
RM0107,Gold Investment,03-31-2022,21449.0
RM0191,ULIP,09-02-2021,107906.0
RM0036, Gold Investment ,2020-11-08,27907.0
RM0007,Recurring Deposit,2025-02-26,151509.0
RM0223,Fixed Deposit,2025-02-07,26499.0
RM0188,Term Insurance,01-23-2024,140761.0
RM0187,Mutual Funds,03-07-2022,175921.0
,Health Insurance,02/06/2020,17861.0
,ULIP,2022-03-20,193453.0
RM0003,Life Insurance,2023-04-15,14481.0
RM0212,Current Account,2024-07-09,22331.0
RM0037,Recurring Deposit,,39364.0
RM0173,Gold Investment,2026-01-08,262552.0
RM0021,Current Account,2025-07-10,43526.0
RM0115,Health Insurance,2020-02-26,49970.0
RM0190,Saving Account,2020-09-07,69277.0
RM0198,Gold Investment,2025-11-25,182561.0
,Loan Against Property,06-19-2019,86473.0
RM0082,Life Insurance,2021-11-22,22690.0
RM0101,Term Insurance,02/05/2022,28047.0
RM0239,Credit Card,27/04/2025,15136.0
RM0147,Fixed Deposit,2026-07-23,61704.0
RM0134,Term Insurance,16/12/2024,19967.0
RM0109,Health Insurance,22/03/2020,24880.0
RM0244,Loan Against Property,11-18-2020,119513.0
RM0158, Term Insurance ,2019-06-23,29782.0
RM0016,Gold Investment,2019-11-21,51810.0
RM0079,Life Insurance,2022-04-13,35338.0
RM0207,Recurring Deposit,2021-06-29,13845.0
RM0221,Fixed Deposit,2023-07-24,32538.0
RM0098,Life Insurance,29/07/2019,36218.0
RM0062,Credit Card,,123024.0
RM0125,Health Insurance,05-28-2026,29611.0
RM0142,Gold Investment,2020-03-13,33840.0
RM0112, ULIP ,12/09/2022,86369.0
RM0146,Health Insurance,2023-05-16,81138.0
RM0200,Health Insurance,2022-08-07,90045.0
RM0095,Health Insurance,08/01/2019,163707.0
RM0144,Gold Investment,2023-02-15,89373.0
RM0106,Term Insurance,21/08/2022,36179.0
RM0004,Mutual Funds,2025-10-10,96160.0
RM0177,Credit Card,2021-10-18,45532.0
RM0178,Term Insurance,17/04/2024,26266.0
RM0118,Saving Account,2026-01-13,28042.0
RM0246,Loan Against Property,2020-08-18,22669.0
RM0101,Current Account,2022-02-17,17832.0
,Credit Card,20/08/2022,20197.0
RM0248,Recurring Deposit,03/01/2021,13263.0
RM0007,Current Account,2023-01-05,119664.0
RM0007,Health Insurance,2026-05-07,143688.0
,Term Insurance,2023-10-17,54187.0
RM0156,Life Insurance,2025-10-26,101782.0
RM0040,Loan Against Property,02-24-2024,20140.0
RM0177,Life Insurance,,125973.0
RM0015,ULIP,2022-01-26,45297.0
RM0193,Fixed Deposit,2024-06-30,13476.0
RM0198,Recurring Deposit,2023-08-28,17617.0
RM0179,Saving Account,2022-01-30,28479.0
RM0159,loan against property,2025-01-24,12226.0
RM0208,ULIP,2024-01-22,28502.0
RM0213,Loan Against Property,09-04-2023,13090.0
RM0219,life insurance,2020-12-23,23461.0
RM0080,Saving Account,22/08/2025,25439.0
RM0145,Health Insurance,2022-04-13,268973.0
RM0219,Fixed Deposit,2022-11-11,23429.0
RM0045,Current Account,07-13-2020,23668.0
RM0185,Loan Against Property,2026-01-19,68043.0
RM0029,RECURRING DEPOSIT,2021-08-09,108076.0
RM0068,Life Insurance,26/10/2025,34474.0
RM0058, Recurring Deposit ,14/05/2022,114219.0
RM0106,Gold Investment,2024-04-23,30786.0
RM0231,Recurring Deposit,2022-03-07,20971.0
RM0172,Gold Investment,2023-01-13,29996.0
RM0164,Saving Account,2023-11-30,56997.0
RM0237,Saving Account,2026-06-06,32875.0
,Life Insurance,2026-02-16,65873.0
,Saving Account,2025-12-28,23520.0
RM0145,Mutual Funds,2024-06-25,70364.0
RM0173,Mutual Funds,2026-02-12,31342.0
RM0206,Credit Card,2026-05-26,40428.0
RM0141,Credit Card,2019-04-15,50793.0
RM0139,Saving Account,2025-08-11,67953.0
RM0065,ULIP,2024-12-12,23637.0
RM0100,Saving Account,26/02/2020,100377.0
RM0178,Health Insurance,2020-08-08,73978.0
RM0229,Recurring Deposit,03-31-2026,23335.0
RM0230,Loan Against Property,2023-12-20,194393.0
RM0153,Term Insurance,,64650.0
RM0023,health insurance,2021-01-01,40112.0
RM0192,Term Insurance,10/12/2020,18570.0
RM0196,Mutual Funds,2023-04-10,48094.0
RM0099,Life Insurance,2023-07-15,19002.0
RM0032,Life Insurance,2019-07-12,38061.0
RM0088,Credit Card,2023-02-17,36272.0
RM0091,Life Insurance,2021-05-29,73637.0
RM0075,Gold Investment,2025-02-23,20683.0
RM0086,ULIP,2019-07-19,96262.0
RM0240,Recurring Deposit,2020-03-15,29736.0
RM0044,Term Insurance,2025-04-22,39348.0
RM0249,Current Account,18/10/2021,83995.0
RM0180,Saving Account,2021-05-01,59093.0
RM0213,Loan Against Property,2019-07-28,28410.0
RM0196,Credit Card,2019-06-18,34404.0
RM0073,Saving Account,25/03/2024,28248.0
RM0079,Credit Card,2022-01-08,55165.0
RM0098,Health Insurance,17/10/2021,30220.0
,ULIP,09-28-2023,74676.0
RM0114,Recurring Deposit,2023-09-19,53349.0
RM0159,Recurring Deposit,2023-11-06,17874.0
RM0173,Life Insurance,01/07/2026,28572.0
,Current Account,14/11/2020,22515.0
RM0105,Loan Against Property,2019-10-22,34740.0
RM0191,Gold Investment,2025-10-17,46281.0
RM0087,Loan Against Property,,45338.0
RM0019,Fixed Deposit,2022-07-30,80227.0
RM0067,Life Insurance,17/06/2025,20484.0
RM0152,Term Insurance,2021-04-16,156378.0
RM0056,Life Insurance,2026-06-21,30991.0
RM0113,Gold Investment,2024-09-23,27851.0
RM0248,Term Insurance,2022-03-18,67787.0
RM0216,Term Insurance,2026-06-21,91870.0
RM0222,ULIP,2026-02-13,33778.0
RM0192,Fixed Deposit,2024-04-06,78688.0
RM0243, Health Insurance ,,117594.0
RM0160,Credit Card,2024-01-24,82793.0
RM0223,Loan Against Property,2026-06-07,11739.0
,Recurring Deposit,16/08/2024,97829.0
RM0197,Health Insurance,02-18-2022,84467.0
RM0140,Recurring Deposit,2021-11-19,65325.0
RM0008,ULIP,15/07/2023,81360.0
RM0245,Health Insurance,2019-08-20,204184.0
RM0041,Life Insurance,2025-12-07,38203.0
RM0149,Health Insurance,2026-02-19,
RM0096,Mutual Funds,03-03-2024,13479.0
RM0189,Saving Account,2021-04-10,40891.0
RM0066,Health Insurance,26/02/2021,12377.0
RM0154,Loan Against Property,2019-10-19,27424.0
RM0185,Life Insurance,30/10/2020,54200.0
RM0086,Gold Investment,2019-04-28,28525.0
RM0175,Current Account,2025-04-23,67821.0
RM0176,Recurring Deposit,2023-09-16,0.0
RM0084,Credit Card,27/08/2019,96294.0
RM0078,Loan Against Property,03-01-2026,37274.0
RM0179,Loan Against Property,2021-06-28,125198.0
RM0174,Credit Card,2020-02-10,14160.0
RM0234,Saving Account,2025-05-25,101664.0
RM0224,ULIP,2021-09-06,98179.0
RM0219,Term Insurance,2021-07-16,29429.0
RM0081,Gold Investment,2023-07-10,27742.0
,Gold Investment,01-30-2024,28199.0
RM0089,Recurring Deposit,2023-12-22,93404.0
RM0084,Gold Investment,07-06-2020,99086.0
RM0216,Saving Account,2024-04-11,30003.0
RM0043,Gold Investment,03-16-2020,54896.0
RM0174,Life Insurance,23/04/2019,17479.0
RM0068,Recurring Deposit,30/12/2021,41628.0
RM0047,Current Account,2019-11-22,345974.0
RM0207,ULIP,2023-04-08,18648.0
RM0120,Credit Card,2022-11-20,157406.0
RM0146,FIXED DEPOSIT,14/12/2019,96935.0
RM0162,Current Account,12/01/2020,
RM0217,Current Account,07/10/2021,189162.0
RM0247,Saving Account,2025-01-15,19896.0
RM0208,Loan Against Property,2021-04-10,22009.0
RM0063,Credit Card,2025-02-18,10850.0
RM0090,Loan Against Property,2019-09-19,74495.0
RM0049,Recurring Deposit,2026-03-14,61654.0
RM0092,Gold Investment,2026-02-18,19804.0
RM0219,life insurance,2024-05-07,88305.0
RM0159,Saving Account,2021-05-28,27776.0
RM0217,Saving Account,2022-05-24,17251.0
RM0014,ULIP,2023-09-23,37457.0
RM0182,Saving Account,2024-02-22,14768.0
RM0004,Credit Card,2026-03-23,25274.0
RM0133,Current Account,2025-08-02,33207.0
,Loan Against Property,2020-05-10,88888888.0
RM0052, Current Account ,2024-11-05,105481.0
RM0173,Mutual Funds,02-29-2024,88642.0
RM0112,LOAN AGAINST PROPERTY,2021-07-02,39237.0
RM0127,Mutual Funds,2024-10-18,74472.0
RM0088,Gold Investment,16/06/2021,52041.0
RM0114,Fixed Deposit,23/05/2020,30839.0
RM0161,Life Insurance,2022-12-02,74708.0
RM0125,ULIP,09-02-2025,67521.0
RM0215,Recurring Deposit,2026-06-09,58260.0
RM0230,Fixed Deposit,2021-07-30,58110.0
RM0158,Current Account,2022-07-26,67439.0
,Credit Card,2023-05-14,34269.0
RM0011,Saving Account,27/06/2026,111656.0
RM0240,RECURRING DEPOSIT,02/09/2021,18855.0
RM0166,Credit Card,2020-08-18,117658.0
RM0244,Mutual Funds,2022-01-24,30948.0
RM0183,Life Insurance,2025-01-01,16678.0
RM0083,Current Account,13/06/2020,55817.0
RM0231,Recurring Deposit,2026-07-31,33579.0
RM0036,Recurring Deposit,2026-06-25,94505.0
RM0044,Term Insurance,2019-05-23,38174.0
RM0133,Gold Investment,2026-03-14,65215.0
RM0143,Life Insurance,2023-07-29,28427.0
RM0210,Gold Investment,2025-01-15,21751.0
RM0072,Loan Against Property,2020-06-01,34555.0
RM0063,Term Insurance,10-15-2021,56672.0
RM0129,Recurring Deposit,2019-04-14,63493.0
RM0135,Saving Account,05-10-2024,53161.0
,Recurring Deposit,2023-10-26,88888888.0
RM0224,health insurance,2019-08-04,231375.0
RM0021,Health Insurance,2021-02-26,68735.0
RM0011,Mutual Funds,2021-08-21,144060.0
RM0217,gold investment,2026-02-13,16274.0
RM0008,Fixed Deposit,2020-10-24,13166.0
RM0060,Health Insurance,2022-12-20,28625.0
RM0213, Health Insurance ,2025-06-06,17343.0
RM0194,Life Insurance,2026-04-17,47313.0
RM0141,Current Account,2024-01-14,46592.0
RM0062,Saving Account,2020-03-04,52788.0
,Life Insurance,2024-04-14,78369.0
RM0117,Loan Against Property,2021-10-01,187594.0
RM0044,Life Insurance,2022-05-03,115292.0
,Life Insurance,2025-12-27,16298.0
RM0003,Saving Account,2021-09-20,30663.0
RM0039,Life Insurance,2022-01-01,24773.0
RM0182,Gold Investment,2020-04-15,19728.0
RM0213,Mutual Funds,2020-03-13,49342.0
RM0165,Current Account,2022-12-04,50289.0
RM0037,Life Insurance,2024-03-20,22889.0
RM0042,Current Account,2024-02-28,72221.0
RM0040,ULIP,16/09/2025,76009.0
RM0197,Current Account,,11060.0
RM0143,Recurring Deposit,04-07-2021,35189.0
RM0041,Gold Investment,2023-03-03,120427.0
RM0216,Health Insurance,2025-09-28,46731.0
RM0128,Health Insurance,2024-07-29,31357.0
RM0171,Gold Investment,2022-07-06,24629.0
RM0123,Mutual Funds,2020-08-24,23943.0
RM0160,saving account,2020-12-10,15255.0
RM0163,Loan Against Property,,94975.0
RM0191,ULIP,15/10/2022,14532.0
RM0101,fixed deposit,16/01/2023,27286.0
RM0147, Fixed Deposit ,05-07-2023,12337.0
RM0097, Term Insurance ,09/09/2021,86022.0
RM0166,Current Account,02/08/2025,12003.0
RM0011,Term Insurance,01-15-2023,28430.0
RM0131,Mutual Funds,2026-07-23,52583.0
,Credit Card,,0.0
RM0222,Fixed Deposit,11/12/2024,36344.0
RM0133,ULIP,2024-02-18,26583.0
RM0020,Recurring Deposit,05/04/2023,26092.0
RM0201,Current Account,2024-08-16,89922.0
RM0123,Fixed Deposit,2024-02-17,192440.0
RM0034,Current Account,23/09/2022,31388.0
RM0180,Term Insurance,2022-04-07,11996.0
RM0092,Recurring Deposit,2022-12-14,11862.0
RM0003,Health Insurance,2024-11-01,81192.0
RM0243,Gold Investment,2025-08-19,50189.0
RM0186,Loan Against Property,2023-07-05,86529.0
RM0167,Term Insurance,02/01/2022,69783.0
RM0250,Health Insurance,06-21-2019,129030.0
RM0157,Recurring Deposit,2025-06-26,118500.0
RM0226,Health Insurance,2023-01-17,87635.0
RM0075,Credit Card,2026-02-19,42235.0
RM0163,Term Insurance,11-11-2019,28417.0
RM0052, Recurring Deposit ,2019-10-14,45365.0
,Gold Investment,2025-10-22,44864.0
RM0222,Fixed Deposit,12-01-2024,57115.0
RM0207,ULIP,04-13-2019,20295.0
RM0077,CREDIT CARD,2021-07-30,63300.0
RM0191,Mutual Funds,2024-09-29,40495.0
RM0051,Term Insurance,2024-07-23,58406.0
RM0170,Mutual Funds,13/03/2026,23695.0
RM0114,Current Account,2020-07-28,38492.0
RM0019,Life Insurance,01-30-2020,21798.0
RM0199,Saving Account,2023-07-18,114094.0
RM0111,Term Insurance,2019-11-28,43467.0
RM0245,Current Account,2022-07-29,22743.0
RM0017,Fixed Deposit,2019-01-13,12104.0
RM0049,Current Account,03/03/2021,66310.0
RM0067,Health Insurance,2019-03-23,22080.0
RM0135,Loan Against Property,2019-04-29,238211.0
RM0243,Life Insurance,2024-11-08,48146.0
RM0031,Mutual Funds,2019-09-25,27052.0
RM0119,Life Insurance,2025-12-18,63600.0
RM0131,Credit Card,2021-05-12,0.0
RM0102,Mutual Funds,01-03-2024,26094.0
RM0056, ULIP ,28/02/2022,95816.0
RM0202,Loan Against Property,2020-06-03,28425.0
RM0080,Mutual Funds,2023-02-16,232185.0
RM0071,Health Insurance,04-19-2025,56461.0
RM0141,Credit Card,09/08/2025,103026.0
RM0240,Mutual Funds,2023-09-02,13780.0
,ULIP,02-14-2023,31408.0
RM0214,Gold Investment,2025-08-30,76872.0
RM0169,ULIP,2026-07-06,63219.0
RM0119,ULIP,2021-05-17,20798.0
RM0236,Credit Card,07-25-2022,32018.0
RM0153,ULIP,2025-04-27,25288.0
RM0215, Health Insurance ,2019-12-03,57514.0
RM0191,Fixed Deposit,02-03-2025,31123.0
RM0194,Life Insurance,07/11/2023,28484.0
RM0026,Health Insurance,2024-05-21,21620.0
RM0229,Saving Account,2020-11-21,36299.0
RM0092,Gold Investment,06-26-2021,20876.0
RM0171,Loan Against Property,03-17-2019,-1000.0
RM0237,Health Insurance,2025-06-03,174263.0
RM0083,Life Insurance,2024-02-16,18391.0
RM0247,Credit Card,02-28-2021,132267.0
RM0208,Fixed Deposit,05-29-2019,37972.0
RM0229,CREDIT CARD,2019-03-05,33729.0
,Health Insurance,2021-02-15,23154.0
RM0068,Life Insurance,2024-12-17,60496.0
RM0207,Saving Account,02-02-2024,67843.0
RM0115,Mutual Funds,03-30-2022,41515.0
RM0063,ULIP,08-10-2021,12865.0
RM0097,Fixed Deposit,2019-12-20,135363.0
,Saving Account,2020-12-15,206430.0
RM0226,Term Insurance,2026-01-13,38197.0
RM0228,Gold Investment,11/11/2025,57551.0
RM0022,Gold Investment,2025-03-30,39919.0
RM0158, Gold Investment ,12-12-2019,0.0
RM0123,Loan Against Property,2024-04-08,29421.0
RM0154,ULIP,2021-09-08,14023.0
RM0053,SAVING ACCOUNT,2020-04-30,40446.0
RM0038,CREDIT CARD,2019-01-16,95293.0
,Life Insurance,03/08/2021,10858.0
RM0059,ULIP,2020-10-17,53626.0
RM0242,Current Account,02-01-2021,116335.0
RM0002,Loan Against Property,2020-10-02,22266.0
RM0150,Term Insurance,01-08-2023,20121.0
RM0123,Loan Against Property,2026-04-07,83981.0
,Health Insurance,2025-12-24,24724.0
RM0098,Current Account,2022-08-03,20658.0
RM0031,Mutual Funds,01-31-2019,33739.0
RM0082,Fixed Deposit,11-05-2024,34920.0
RM0189,ULIP,2025-11-01,113613.0
RM0108,Recurring Deposit,2021-09-14,58174.0
RM0149,Life Insurance,2021-06-27,36040.0
RM0169,Life Insurance,19/11/2019,48220.0
RM0130,Mutual Funds,2024-06-14,163917.0
RM0074,Recurring Deposit,29/07/2023,16007.0
RM0062,ULIP,2021-06-04,21641.0
RM0180, Recurring Deposit ,2023-01-05,174209.0
RM0131,Fixed Deposit,2020-03-28,167706.0
RM0056,Gold Investment,26/07/2020,19750.0
RM0024,Fixed Deposit,10/09/2025,17839.0
RM0018,gold investment,06-01-2026,37329.0
,Saving Account,2024-05-07,12549.0
RM0134,Recurring Deposit,2021-04-08,63196.0
RM0025,Current Account,2022-04-02,14033.0
RM0187,Loan Against Property,2022-12-13,12989.0
RM0038,Term Insurance,2023-07-26,43197.0
RM0189,Current Account,08-02-2024,168250.0
RM0187,credit card,2020-01-04,37825.0
RM0195,ULIP,2020-05-22,32040.0
,Fixed Deposit,2021-05-09,319659.0
RM0022,Current Account,2024-03-05,47961.0
RM0046,ULIP,2022-02-16,33519.0
RM0128,ULIP,2023-06-03,34376.0
RM0009,Health Insurance,2020-02-19,20843.0
,Life Insurance,,45894.0
RM0217,Credit Card,07-30-2023,38888.0
,MUTUAL FUNDS,2023-01-10,25790.0
RM0201,Health Insurance,2019-05-22,18749.0
RM0037,ULIP,2022-12-12,28643.0
RM0215,Health Insurance,2026-02-26,45533.0
RM0065,Health Insurance,2019-06-16,13005.0
RM0165,Fixed Deposit,08/07/2022,18346.0
RM0135,Term Insurance,2021-06-25,157497.0
RM0073,Fixed Deposit,05-21-2021,49137.0
RM0037,Loan Against Property,05-15-2025,0.0
RM0152,Credit Card,2025-04-29,13277.0
RM0168,Saving Account,2022-09-22,69059.0
RM0176,Loan Against Property,02-27-2020,13189.0
RM0123,Mutual Funds,08-30-2025,77137.0
RM0234,Credit Card,2020-10-18,79307.0
RM0070,ULIP,2024-12-09,62645.0
RM0208,ULIP,2020-09-14,75876.0
RM0091,Current Account,05-16-2020,14603.0
RM0111,Saving Account,2019-11-07,74873.0
RM0236,Term Insurance,13/11/2022,0.0
RM0132,Recurring Deposit,06/08/2019,17348.0
RM0098,Saving Account,01-16-2019,30738.0
RM0027,Gold Investment,2019-08-05,153012.0
RM0214,Health Insurance,08/07/2025,44945.0
RM0216,Saving Account,2026-07-20,181212.0
RM0215, ULIP ,2019-07-05,14656.0
RM0190,Saving Account,06-11-2019,42461.0
RM0112,Recurring Deposit,19/03/2025,13221.0
RM0004,Saving Account,2019-04-21,59741.0
RM0091,Mutual Funds,2024-05-23,14098.0
RM0197,Credit Card,2019-03-11,19640.0
RM0056,Fixed Deposit,2022-09-04,24976.0
,Saving Account,21/06/2024,79064.0
RM0222,Term Insurance,01/04/2021,18954.0
RM0187,ulip,03-19-2025,103745.0
RM0026,Saving Account,2020-03-16,17072.0
RM0092,Mutual Funds,2025-11-09,11794.0
RM0247,Loan Against Property,02-09-2020,35130.0
RM0071,Health Insurance,2021-07-18,204224.0
,Saving Account,04-19-2021,15845.0
RM0036,Mutual Funds,07-25-2019,15363.0
RM0239,Current Account,2021-11-16,79548.0
RM0002,Term Insurance,2024-01-01,28710.0
RM0047,Life Insurance,10/05/2024,73165.0
RM0075,Recurring Deposit,2021-08-24,21157.0
RM0072,Recurring Deposit,30/08/2021,40815.0
RM0102,ULIP,2025-01-25,-1000.0
RM0162,Term Insurance,2023-05-13,25413.0
RM0237,Credit Card,2019-09-04,40030.0
RM0003,Health Insurance,2026-03-07,83287.0
RM0004,Current Account,2022-06-15,81776.0
RM0180,Mutual Funds,2019-09-29,46260.0
RM0013,Health Insurance,06-07-2021,141813.0
RM0009,Credit Card,11/08/2021,25311.0
RM0248,Health Insurance,06-13-2019,23742.0
RM0130,Term Insurance,2024-12-17,57570.0
RM0050,Mutual Funds,09-08-2020,58550.0
RM0250,Health Insurance,2020-08-16,12382.0
,Gold Investment,2021-09-11,56796.0
RM0168,Gold Investment,2022-12-11,
RM0105,Gold Investment,2025-08-06,33455.0
RM0179,ULIP,2019-05-06,78805.0
RM0059,Loan Against Property,09-18-2025,92540.0
RM0194,Life Insurance,2025-02-07,50165.0
RM0082,Fixed Deposit,2021-04-16,10085.0
RM0237,Saving Account,2024-03-06,60580.0
RM0128,Recurring Deposit,30/03/2026,79091.0
RM0142,Saving Account,2023-12-20,24316.0
RM0145,Loan Against Property,03-18-2024,41241.0
RM0227,Current Account,05-20-2025,178669.0
RM0224,Saving Account,2023-02-09,27699.0
RM0149,Health Insurance,31/01/2020,0.0
RM0018,Mutual Funds,,22625.0
RM0209,current account,17/10/2019,-1000.0
RM0060,Health Insurance,08-30-2024,21840.0
,ULIP,,50912.0
,Fixed Deposit,2021-04-21,159574.0
RM0228,Mutual Funds,2022-09-13,56912.0
RM0177,Mutual Funds,,28071.0
RM0141,Mutual Funds,03-14-2025,60884.0
RM0010,ULIP,,59020.0
RM0249,Fixed Deposit,2021-09-15,55431.0
RM0003,Gold Investment,2022-04-03,18683.0
,Health Insurance,2026-06-11,60333.0
RM0249,Term Insurance,2023-10-03,38120.0
,Credit Card,,10938.0
RM0049,Loan Against Property,2021-04-08,48800.0
RM0062,Mutual Funds,04/04/2019,236720.0
RM0098,Recurring Deposit,2026-02-25,31519.0
RM0009,Current Account,2025-01-26,178425.0
RM0126,LIFE INSURANCE,2019-09-10,15057.0
RM0107,ULIP,2023-11-27,75922.0
RM0202,Mutual Funds,11-19-2025,16070.0
RM0239,Term Insurance,2019-03-03,25980.0
RM0242,Term Insurance,2026-05-29,52296.0
RM0065,recurring deposit,2023-10-11,54920.0
RM0247,Mutual Funds,2023-01-03,84629.0
RM0113,Term Insurance,15/04/2021,57766.0
RM0040,Life Insurance,2019-06-17,55022.0
RM0046,Saving Account,,131721.0
RM0219,Recurring Deposit,2024-08-23,40088.0
RM0148,Term Insurance,,22761.0
RM0156,Health Insurance,2025-11-12,18824.0
RM0218,Mutual Funds,2020-05-12,35540.0
,Current Account,2021-09-11,72370.0
,Mutual Funds,07/06/2022,12173.0
RM0097,Mutual Funds,2023-12-24,16908.0
RM0106,Mutual Funds,2021-06-05,15608.0
RM0224,Recurring Deposit,2025-02-20,54003.0
RM0096,Health Insurance,2019-11-15,23910.0
RM0218,Health Insurance,2020-08-17,19091.0
RM0076,Health Insurance,14/07/2022,54918.0
RM0078,Fixed Deposit,2019-06-08,81629.0
RM0131,Life Insurance,2022-09-12,30184.0
RM0097,Recurring Deposit,08-31-2021,53161.0
RM0096,Mutual Funds,13/06/2021,15163.0
RM0040,Life Insurance,,146815.0
RM0105,Mutual Funds,2022-08-24,30541.0
,Loan Against Property,10-17-2021,309687.0
RM0050,Term Insurance,04-08-2025,202189.0
,Fixed Deposit,03-11-2019,88888888.0
RM0050,Term Insurance,10/03/2023,85439.0
RM0058,Health Insurance,2021-03-11,11013.0
RM0207,Life Insurance,2021-04-30,49205.0
RM0170,Credit Card,09-18-2019,0.0
RM0050,Gold Investment,2022-07-30,14542.0
RM0040,ULIP,2024-09-02,122755.0
RM0212,Term Insurance,2024-07-05,-1000.0
RM0137,Credit Card,2024-10-16,87945.0
RM0236,loan against property,2020-10-08,189389.0
RM0210,Loan Against Property,2022-01-25,56873.0
RM0162,Gold Investment,02-09-2019,46925.0
RM0010,Mutual Funds,2020-04-18,46591.0
RM0224,Fixed Deposit,2023-09-04,34424.0
RM0160,Health Insurance,2020-12-25,41620.0
RM0186,Current Account,08-12-2022,0.0
RM0151,Term Insurance,2025-01-28,60449.0
RM0239,Life Insurance,2019-07-19,145114.0
RM0127,Life Insurance,2023-07-20,55302.0
RM0107,Life Insurance,2026-04-06,107286.0
RM0102,Credit Card,2024-05-12,109308.0
RM0102,Loan Against Property,2025-09-05,46577.0
RM0052,Recurring Deposit,2025-05-18,31344.0
RM0035,Credit Card,12-07-2019,61023.0
RM0054,recurring deposit,2025-04-12,39518.0
RM0126,Life Insurance,2024-01-26,14247.0
RM0105,Mutual Funds,2024-05-28,33725.0
RM0149,Health Insurance,2025-08-03,266404.0
RM0136,Fixed Deposit,2023-03-16,12486.0
RM0212,Term Insurance,31/10/2025,69646.0
RM0204,ULIP,2022-01-30,102001.0
RM0215,ULIP,2019-05-13,62309.0
RM0195,Credit Card,2021-10-05,52169.0
RM0113,Term Insurance,2024-05-15,71473.0
RM0248,Mutual Funds,2024-07-04,38048.0
RM0085,Health Insurance,20/03/2021,14790.0
RM0177,Saving Account,2026-02-16,174000.0
RM0019,Saving Account,2022-01-13,38308.0
RM0116,Life Insurance,2024-09-19,64739.0
RM0047,Recurring Deposit,2019-06-12,47890.0
RM0060,Fixed Deposit,20/10/2019,12811.0
RM0119,Loan Against Property,2019-11-03,162611.0
RM0232,Saving Account,2020-08-13,88640.0
RM0058,Recurring Deposit,27/11/2021,18072.0
RM0131,Loan Against Property,2023-11-10,209903.0
RM0211,Credit Card,2025-10-14,76761.0
RM0099,Current Account,2023-08-26,41963.0
RM0037,Recurring Deposit,2024-02-29,57256.0
RM0126,Life Insurance,2020-05-01,15643.0
RM0178,Term Insurance,2026-03-22,51095.0
RM0031,Health Insurance,2024-07-25,13825.0
RM0141,Current Account,2022-11-04,49356.0
RM0126,Credit Card,05-23-2022,50225.0
RM0044,Term Insurance,2026-06-05,113748.0
RM0234,Saving Account,2021-07-20,74559.0
RM0092,Current Account,,24354.0
RM0039,ULIP,03-18-2023,119653.0
RM0076,Mutual Funds,2019-08-12,52576.0
RM0149,Recurring Deposit,29/01/2025,56618.0
RM0013,Recurring Deposit,,19255.0
,Current Account,01-16-2022,107516.0
RM0237,Recurring Deposit,04-24-2022,143657.0
RM0078,Recurring Deposit,2022-04-25,84580.0
RM0238,Credit Card,2020-06-11,151301.0
RM0143,Credit Card,09-22-2019,27998.0
RM0157,Saving Account,16/10/2025,108706.0
RM0158,ULIP,2026-03-01,43558.0
,Fixed Deposit,12-18-2020,18951.0
RM0074,Saving Account,2021-02-24,65251.0
RM0149,Loan Against Property,2020-07-09,67619.0
,Loan Against Property,2024-08-11,26908.0
RM0219,Saving Account,2020-09-19,0.0
RM0080,Credit Card,2023-10-31,11393.0
RM0068,Credit Card,2022-01-07,21147.0
RM0132,Gold Investment,2021-06-16,35522.0
RM0004,ULIP,07/01/2021,19169.0
RM0127,Saving Account,2021-10-30,20785.0
RM0120,Mutual Funds,2019-05-24,34828.0
RM0205,Health Insurance,05-25-2026,173228.0
RM0163,Current Account,01-14-2022,82247.0
,Current Account,2020-02-14,29264.0
RM0010,RECURRING DEPOSIT,2025-05-18,161416.0
RM0072,Loan Against Property,2021-11-21,61873.0
RM0138,Recurring Deposit,2019-09-25,0.0
RM0166,Term Insurance,17/05/2019,40389.0
RM0065,Gold Investment,08-09-2022,41583.0
RM0114,Fixed Deposit,2026-01-05,36444.0
RM0104,Mutual Funds,16/02/2026,23262.0
RM0231,CURRENT ACCOUNT,01-09-2019,34439.0
RM0020,Term Insurance,28/10/2023,47527.0
RM0215,Term Insurance,03-10-2022,47541.0
RM0229,Life Insurance,,81718.0
RM0087,Saving Account,22/07/2020,32220.0
RM0120,ULIP,,73079.0
RM0040,Gold Investment,04/07/2020,53148.0
RM0088,Gold Investment,2025-08-29,173305.0
RM0102, Mutual Funds ,07-04-2025,34329.0
RM0114,Loan Against Property,04-03-2023,125741.0
RM0185,Mutual Funds,03/06/2020,95918.0
RM0134,Mutual Funds,2024-01-27,60759.0
RM0027,Credit Card,17/11/2025,63140.0
RM0162,ULIP,05-26-2025,14422.0
RM0012,Gold Investment,2021-08-09,160011.0
RM0184,Saving Account,2023-11-09,15654.0
RM0055,ULIP,2023-11-13,51417.0
RM0116,Mutual Funds,2025-02-08,-1000.0
RM0006,Mutual Funds,2025-01-20,30029.0
RM0046,Recurring Deposit,2023-10-30,38092.0
RM0205, Health Insurance ,2024-06-05,57103.0
RM0153,ULIP,11-27-2021,129763.0
RM0001,Fixed Deposit,28/02/2021,40584.0
RM0134,Current Account,2023-06-16,230028.0
RM0118,Recurring Deposit,2021-09-03,54924.0
RM0139,Saving Account,2021-11-18,18750.0
RM0022,Credit Card,10-11-2022,20536.0
RM0184,Saving Account,2019-11-05,72958.0
RM0001,Current Account,2024-06-17,12585.0
RM0018,Life Insurance,2020-06-09,42729.0
RM0042,Saving Account,2022-01-31,18021.0
RM0029,Fixed Deposit,2024-08-05,-1000.0
RM0095,Credit Card,2021-02-25,38389.0
RM0186,Loan Against Property,2024-04-26,79298.0
RM0010,Saving Account,2026-02-11,40699.0
RM0060,Mutual Funds,,18923.0
RM0132,Term Insurance,2026-05-10,24512.0
RM0040,Health Insurance,2023-09-20,32906.0
RM0175,Life Insurance,2021-03-24,13604.0
RM0083,Health Insurance,12-07-2024,53894.0
RM0187,Term Insurance,2022-04-03,56765.0
RM0033,Term Insurance,2020-06-05,13208.0
RM0143,Saving Account,2023-04-16,35734.0
RM0105,ULIP,2025-07-21,36721.0
RM0012,Mutual Funds,2020-12-12,30309.0
RM0172,Gold Investment,2025-05-11,50792.0
RM0189,Loan Against Property,30/11/2023,31229.0
RM0234,Recurring Deposit,04-16-2023,36927.0
RM0143,Loan Against Property,2026-07-09,89856.0
RM0071,Recurring Deposit,2020-12-15,18843.0
RM0167,Recurring Deposit,2022-12-06,58262.0
RM0179,Mutual Funds,2024-11-20,45219.0
RM0129,Fixed Deposit,2019-12-11,28197.0
RM0132,recurring deposit,17/11/2022,75012.0
RM0214,ULIP,2025-07-26,50057.0
RM0036,Fixed Deposit,2020-01-20,42443.0
RM0064,Mutual Funds,2021-12-25,65081.0
RM0195,Life Insurance,2021-10-04,91047.0
RM0234,Credit Card,2022-01-31,189986.0
,Fixed Deposit,2026-02-22,59624.0
RM0115,Mutual Funds,2020-09-06,113748.0
RM0199,ULIP,2023-05-08,10054.0
RM0194,Health Insurance,2022-01-13,47776.0
RM0130,Fixed Deposit,01/12/2025,22081.0
RM0022,Current Account,2024-07-04,14946.0
RM0177,Saving Account,10/03/2024,47961.0
RM0232,Current Account,03-05-2025,78684.0
RM0188,Fixed Deposit,2025-06-17,36574.0
RM0188,Recurring Deposit,2021-07-29,65449.0
RM0042,Health Insurance,2024-05-06,43639.0
RM0122,Life Insurance,2023-12-06,38731.0
RM0060,Current Account,2020-07-07,27142.0
,Life Insurance,2025-04-21,34111.0
RM0035,Recurring Deposit,06-08-2021,31523.0
RM0224,Recurring Deposit,2019-12-15,61949.0
RM0031,ULIP,03/12/2023,16165.0
RM0132,Current Account,2024-05-14,14860.0
,Saving Account,2019-05-09,63942.0
RM0002,Life Insurance,2024-09-02,49515.0
RM0171,Term Insurance,2019-06-15,38123.0
RM0123,ULIP,2024-11-19,18269.0
RM0137,Credit Card,2024-07-03,36468.0
RM0077,Term Insurance,2020-11-28,87968.0
RM0048,Term Insurance,2019-02-12,120191.0
RM0154,Mutual Funds,2019-12-20,70629.0
RM0187,GOLD INVESTMENT,2023-05-23,13089.0
RM0127,Credit Card,,65495.0
RM0202,Health Insurance,2019-12-27,23786.0
RM0007,Current Account,2019-04-03,28935.0
RM0055,Recurring Deposit,2024-07-31,20899.0
RM0153,Gold Investment,06-22-2026,84750.0
RM0115,Life Insurance,2023-09-16,62291.0
RM0014,ULIP,22/04/2026,57316.0
RM0112,CREDIT CARD,2022-10-21,65126.0
RM0153,Health Insurance,2025-12-24,23509.0
RM0217,Current Account,2025-07-22,39407.0
RM0157,Loan Against Property,2022-10-31,60154.0
RM0104,LIFE INSURANCE,2021-07-16,60611.0
,Loan Against Property,2019-11-23,88475.0
RM0142,Term Insurance,2023-09-07,26920.0
RM0200,Credit Card,2025-12-17,83556.0
RM0016,Term Insurance,2025-02-23,39007.0
RM0025,Fixed Deposit,2021-10-01,65459.0
RM0157,Health Insurance,05-18-2019,40414.0
RM0120,Life Insurance,2023-05-09,158415.0
RM0082,Current Account,18/11/2022,19880.0
RM0134,Gold Investment,2022-01-27,66197.0
RM0249,Health Insurance,2025-12-02,52964.0
RM0175,Saving Account,2023-10-30,19481.0
RM0226,Health Insurance,2023-04-18,13414.0
RM0090,Gold Investment,08/02/2021,90258.0
RM0011,Recurring Deposit,2021-06-03,18566.0
RM0180,Fixed Deposit,,20320.0
RM0243,Loan Against Property,06/05/2026,201832.0
RM0105,Fixed Deposit,08-20-2023,73161.0
RM0200,Mutual Funds,2019-01-27,24416.0
RM0065,ULIP,2024-02-09,54695.0
RM0147,Credit Card,2021-03-15,48190.0
RM0015,Credit Card,2020-10-18,
,Loan Against Property,2024-12-18,103046.0
RM0070,Loan Against Property,2019-02-08,75341.0
RM0176,Saving Account,2025-08-27,99106.0
RM0051,Loan Against Property,2022-07-12,21881.0
RM0183,Loan Against Property,2019-07-16,61113.0
RM0198,Mutual Funds,2021-05-03,12053.0
RM0244,Loan Against Property,2021-09-21,13571.0
RM0033,Mutual Funds,02-08-2026,72505.0
RM0190,Credit Card,2022-03-04,11236.0
,Current Account,2020-09-27,53347.0
RM0065,ULIP,01-30-2019,101755.0
RM0176,Recurring Deposit,2025-10-19,33897.0
RM0247,Term Insurance,,12293.0
RM0163,Current Account,09/11/2025,72561.0
,Term Insurance,2026-05-26,142739.0
RM0073,Health Insurance,2019-05-31,73145.0
RM0040,Current Account,2022-09-20,53190.0
RM0114,Gold Investment,07-19-2021,23070.0
RM0111,Loan Against Property,06-03-2024,0.0
RM0154,Saving Account,11/04/2024,10774.0
RM0144,Credit Card,09-07-2023,69318.0
RM0250,Term Insurance,2022-04-09,23134.0
RM0246,Credit Card,2023-04-11,107653.0
RM0165,Term Insurance,2021-05-25,41402.0
RM0141,Recurring Deposit,2024-06-19,47818.0
RM0035,Credit Card,23/05/2025,80108.0
RM0233,Credit Card,2019-01-21,85577.0
RM0015,Mutual Funds,2025-09-23,61452.0
,Life Insurance,2020-06-17,149380.0
RM0244,Life Insurance,2025-01-03,211705.0
RM0036,Saving Account,2025-06-08,156765.0
RM0077,term insurance,,96914.0
RM0224,ULIP,2020-03-23,0.0
RM0033,Life Insurance,2019-12-18,71145.0
RM0166,Life Insurance,2020-02-14,64431.0
RM0205,Life Insurance,2020-04-28,15476.0
RM0211,Mutual Funds,2026-07-23,25837.0
RM0212,Credit Card,02-07-2025,10285.0
RM0076,Loan Against Property,06-05-2024,17390.0
RM0184,Health Insurance,06-16-2025,38922.0
RM0053,Credit Card,2022-10-24,17922.0
RM0194,Gold Investment,2020-04-14,125967.0
RM0101,Saving Account,12-21-2021,91917.0
RM0159,Saving Account,2022-06-27,13715.0
RM0135,Loan Against Property,2023-04-30,24311.0
RM0092,Recurring Deposit,2024-11-11,95482.0
RM0161,Health Insurance,2026-05-26,91239.0
RM0061, Life Insurance ,2022-10-30,155432.0
RM0078,Life Insurance,2019-01-18,310537.0
RM0223,Current Account,2025-11-24,197050.0
RM0191,Recurring Deposit,26/09/2022,36393.0
RM0021,Mutual Funds,2022-06-14,24406.0
RM0078,Health Insurance,,81025.0
RM0181,Loan Against Property,2026-08-04,27781.0
RM0222,Saving Account,01-14-2023,92098.0
RM0144,Saving Account,2020-08-01,48173.0
RM0127,Recurring Deposit,11-19-2025,88976.0
RM0071,Loan Against Property,2026-02-28,26139.0
RM0168,Mutual Funds,,45466.0
RM0001,Term Insurance,2019-11-03,51508.0
RM0240,Gold Investment,2019-06-09,153330.0
RM0035,Fixed Deposit,08-15-2024,25503.0
RM0180,Term Insurance,2024-04-11,147984.0
RM0020,Credit Card,2022-10-19,91701.0
RM0092,Gold Investment,10-11-2019,75632.0
RM0145,Loan Against Property,11-10-2021,87292.0
RM0154,life insurance,06/07/2021,56497.0
RM0180,Fixed Deposit,2023-06-10,23990.0
RM0106,Gold Investment,07-31-2023,20504.0
RM0141,Gold Investment,2024-09-19,110623.0
RM0089,Gold Investment,2020-05-27,74574.0
RM0183,Fixed Deposit,2022-08-07,21989.0
RM0014,Health Insurance,07-18-2021,57737.0
RM0016,ULIP,2019-02-01,39669.0
RM0229,Saving Account,04-26-2026,18637.0
,Saving Account,2021-03-07,47949.0
RM0034,Fixed Deposit,2026-06-08,26530.0
RM0233,Fixed Deposit,2025-07-26,15059.0
RM0122,Fixed Deposit,2025-03-29,41457.0
RM0199,Saving Account,2025-02-12,54593.0
RM0071,Recurring Deposit,05-20-2024,12402.0
RM0032,ULIP,2021-12-23,35715.0
RM0093,Mutual Funds,,24897.0
RM0140,Saving Account,2020-04-01,11556.0
RM0139, Life Insurance ,15/09/2025,16714.0
RM0110,Mutual Funds,2019-12-12,17485.0
RM0118,Health Insurance,2025-07-01,20098.0
RM0147,ULIP,2023-09-30,91323.0
RM0190,Loan Against Property,,38945.0
RM0051,Life Insurance,2025-08-21,17954.0
,Loan Against Property,2026-04-25,15284.0
RM0195,Life Insurance,2019-09-25,27686.0
,Credit Card,2023-06-27,89978.0
RM0201,Health Insurance,2023-06-02,32664.0
RM0232,Loan Against Property,03/05/2019,18711.0
RM0006,Credit Card,2020-05-18,35885.0
RM0017,Gold Investment,2022-09-02,50519.0
RM0152,Current Account,02-09-2023,11501.0
RM0027,Life Insurance,08-02-2024,59394.0
RM0172,Term Insurance,2023-12-02,35134.0
RM0027,Current Account,2019-10-30,10488.0
RM0245,Credit Card,2025-08-25,66025.0
RM0038,Loan Against Property,2025-07-23,72307.0
RM0240,Health Insurance,04-23-2020,59556.0
RM0127,Recurring Deposit,2024-01-29,30922.0
RM0137,Term Insurance,2025-08-06,47709.0
RM0051,Life Insurance,2019-06-02,34482.0
RM0235,GOLD INVESTMENT,23/09/2025,70302.0
RM0007,Health Insurance,2019-05-02,53803.0
,Credit Card,2021-10-09,14266.0
RM0184,Credit Card,17/04/2019,61514.0
RM0151,Credit Card,2024-10-26,68115.0
RM0143,Life Insurance,2023-12-23,
,Current Account,2023-07-16,33157.0
RM0159,Credit Card,2020-03-01,114287.0
RM0176,Life Insurance,2019-10-17,102580.0
RM0205,Fixed Deposit,2021-07-23,19628.0
RM0013,Recurring Deposit,04-04-2024,127309.0
RM0038,ULIP,02-06-2021,39068.0
RM0151,Mutual Funds,2025-05-11,74322.0
RM0007,Loan Against Property,2020-10-21,94126.0
RM0243,Fixed Deposit,2023-03-26,45171.0
RM0236,Saving Account,2023-10-04,35466.0
,fixed deposit,2019-06-01,133521.0
RM0244,Current Account,2022-05-29,23123.0
RM0123,Health Insurance,2026-07-02,24850.0
RM0082,LIFE INSURANCE,2025-11-25,32441.0
,Life Insurance,2020-07-28,108115.0
RM0124,Recurring Deposit,2019-09-24,149670.0
RM0054,Health Insurance,12-01-2020,-1000.0
RM0229,Current Account,2022-07-22,22427.0
RM0217,Current Account,14/08/2025,109707.0
RM0147,ULIP,2025-09-22,24933.0
RM0011,Credit Card,2022-10-19,186408.0
RM0069,Loan Against Property,02-18-2020,55491.0
RM0131,Loan Against Property,2020-05-27,10355.0
RM0244,Gold Investment,2020-02-07,11736.0
RM0153,ulip,2025-01-05,17978.0
RM0245,Saving Account,2022-01-03,20386.0
RM0085,Term Insurance,2022-11-10,82968.0
RM0011,ULIP,2023-07-05,22600.0
RM0182,Health Insurance,08-02-2021,183917.0
RM0154,Saving Account,2026-05-07,60545.0
RM0140,ULIP,2023-10-11,68966.0
RM0029,Mutual Funds,2019-04-26,22283.0
RM0145,Saving Account,2022-01-21,121609.0
RM0038, Mutual Funds ,2025-11-04,65103.0
RM0096,Current Account,2021-01-02,109904.0
RM0144,Health Insurance,2024-02-16,166727.0
RM0041,Current Account,2020-01-01,16713.0
RM0169,Term Insurance,2023-02-01,15078.0
RM0139,Gold Investment,2021-12-17,91331.0
RM0134,Fixed Deposit,17/11/2023,110542.0
RM0119,ULIP,2024-10-13,53824.0
RM0126,Recurring Deposit,18/04/2022,32785.0
RM0162,Loan Against Property,2021-01-11,62868.0
,Life Insurance,2024-08-20,28239.0
RM0026,ULIP,05-01-2025,23615.0
RM0249,Gold Investment,13/04/2022,43485.0
RM0033,Gold Investment,2022-01-25,22177.0
RM0102,loan against property,2021-10-23,43053.0
RM0164,ULIP,,166872.0
RM0167,Mutual Funds,2022-01-29,101561.0
RM0061,Saving Account,2019-04-08,152048.0
RM0042,Loan Against Property,09-30-2020,92079.0
RM0005,Current Account,2021-11-03,31905.0
RM0107,Gold Investment,2020-05-13,93577.0
RM0125,Credit Card,2021-04-06,138142.0
RM0198,Fixed Deposit,2024-03-21,156906.0
RM0157,recurring deposit,28/08/2025,67473.0
,Gold Investment,05-02-2021,21872.0
,Mutual Funds,2021-05-19,12026.0
RM0237,Saving Account,,17961.0
RM0063,Loan Against Property,11-20-2020,178407.0
RM0222,Mutual Funds,2023-09-14,41003.0
RM0229,Recurring Deposit,2023-09-27,106546.0
RM0047,Life Insurance,07-05-2025,41278.0
RM0130,Health Insurance,2025-02-03,64060.0
RM0013,Credit Card,2024-06-04,11221.0
RM0223,Term Insurance,2023-05-30,24375.0
RM0160,Health Insurance,2022-01-20,38658.0
RM0036,Fixed Deposit,2021-07-31,59797.0
RM0140,Saving Account,2023-11-08,19408.0
RM0051,Fixed Deposit,01/03/2020,82313.0
RM0065,Loan Against Property,2022-05-01,32659.0
RM0197,Life Insurance,2024-06-01,95032.0
RM0228,Mutual Funds,2023-05-07,15155.0
RM0182,Fixed Deposit,2020-12-21,66933.0
RM0147,Term Insurance,,27359.0
RM0012,Life Insurance,13/04/2024,89330.0
RM0012,Saving Account,2021-08-24,35722.0
RM0133,Credit Card,15/05/2025,64733.0
RM0128,Mutual Funds,2020-06-07,146136.0
RM0172,ULIP,2023-08-24,11042.0
RM0068,Recurring Deposit,22/01/2020,10558.0
RM0155,Credit Card,2023-09-30,83544.0
RM0061,Saving Account,,61978.0
RM0166,ULIP,2023-08-18,27334.0
RM0083,Life Insurance,2023-10-01,44100.0
RM0179,Recurring Deposit,2024-09-10,12142.0
RM0096,Term Insurance,2023-01-04,20687.0
RM0103,Current Account,10-01-2020,37625.0
RM0214,Health Insurance,2024-06-08,99801.0
RM0176,Fixed Deposit,21/09/2025,42664.0
RM0088,Recurring Deposit,05/04/2020,54138.0
RM0044,Mutual Funds,2020-03-11,0.0
RM0091,Recurring Deposit,2021-01-15,113476.0
RM0087,Health Insurance,05/04/2026,28467.0
RM0216,Life Insurance,25/09/2025,70315.0
RM0073, Current Account ,21/05/2020,108904.0
RM0206,Gold Investment,2021-05-09,21320.0
RM0182,Loan Against Property,,32039.0
RM0246,Mutual Funds,2025-09-27,205128.0
,ULIP,2024-06-30,214374.0
RM0203,Current Account,2025-05-28,22630.0
RM0054,Recurring Deposit,2026-01-29,13437.0
RM0231,life insurance,28/06/2022,25798.0
RM0189,Current Account,2022-04-05,35352.0
RM0115,fixed deposit,2023-01-30,39080.0
RM0137,Gold Investment,2022-05-01,58222.0
RM0166,Gold Investment,2019-04-03,124881.0
RM0162,Life Insurance,2026-01-05,30049.0
RM0069,Gold Investment,2021-10-23,104850.0
RM0136,ULIP,2026-04-03,14907.0
RM0183,Gold Investment,,12138.0
RM0116,ULIP,12/03/2019,45063.0
RM0018,Credit Card,2020-02-27,13075.0
RM0233,Current Account,07-26-2024,34919.0
RM0129,Mutual Funds,22/11/2021,123543.0
RM0035,Gold Investment,2021-03-23,23819.0
,Fixed Deposit,2019-06-10,71204.0
RM0175,Current Account,2021-01-01,28002.0
RM0014,Loan Against Property,2026-06-29,12298.0
RM0073,ULIP,2021-07-19,50674.0
RM0144,Term Insurance,2020-11-27,100046.0
RM0219,Mutual Funds,2024-05-13,36336.0
RM0048,Current Account,2020-12-27,58024.0
RM0020,Term Insurance,2025-02-18,125141.0
RM0125,Current Account,04-23-2025,87959.0
RM0094,Gold Investment,2019-08-29,20775.0
RM0024,Health Insurance,2024-10-03,76097.0
RM0093,Credit Card,2023-11-12,44847.0
RM0204,Loan Against Property,2019-11-24,78514.0
RM0250,Life Insurance,2022-07-17,44111.0
RM0189, Mutual Funds ,2023-08-28,16845.0
RM0190,Health Insurance,26/07/2019,52187.0
RM0014,Mutual Funds,19/08/2021,43876.0
RM0006,Gold Investment,10/04/2020,46482.0
RM0008,Gold Investment,2020-04-20,115557.0
RM0166,Credit Card,08-10-2023,122612.0
RM0010,HEALTH INSURANCE,2021-03-13,40214.0
RM0191,Term Insurance,2025-11-03,40415.0
RM0120,Term Insurance,2024-02-21,46199.0
RM0022,Loan Against Property,2021-01-12,46655.0
RM0131,Loan Against Property,07/07/2024,160175.0
RM0072,Term Insurance,2019-12-05,62405.0
RM0099,Loan Against Property,2025-09-17,26248.0
RM0047,Credit Card,2026-04-10,47914.0
RM0192,Saving Account,,59338.0
RM0006,Health Insurance,2023-07-11,61050.0
RM0181,Mutual Funds,2019-10-04,54004.0
RM0142,Gold Investment,2023-03-06,19784.0
RM0125,Term Insurance,2024-11-14,11708.0
,Credit Card,28/11/2020,30612.0
RM0173,Term Insurance,20/03/2020,37889.0
, Recurring Deposit ,2020-12-27,88888888.0
RM0114,ULIP,25/05/2023,13189.0
RM0093,Life Insurance,2025-05-08,94361.0
RM0100,Health Insurance,2022-04-02,31085.0
RM0072,Term Insurance,12/01/2020,132457.0
RM0025,Recurring Deposit,2024-03-05,18386.0
RM0065,Mutual Funds,2023-10-17,12931.0
RM0138,ULIP,2025-12-19,42919.0
RM0109,Gold Investment,2023-11-17,20482.0
RM0069,Term Insurance,30/09/2025,148548.0
RM0143,Loan Against Property,2026-04-01,10517.0
RM0098,ULIP,2022-02-02,36604.0
RM0071,Current Account,2019-01-16,140692.0
RM0053,Fixed Deposit,,34259.0
RM0016,Term Insurance,2022-05-29,14886.0
RM0226,Current Account,2020-11-29,28040.0
RM0193,Term Insurance,2019-12-20,44458.0
RM0085,Fixed Deposit,07-06-2023,20237.0
RM0121,Gold Investment,20/06/2022,41420.0
RM0121,Mutual Funds,01-26-2026,100499.0
RM0205,Health Insurance,2020-11-07,113028.0
RM0071,Term Insurance,2021-01-19,12525.0
RM0105,Saving Account,,88888888.0
RM0193,Saving Account,2025-06-22,18771.0
RM0002,Current Account,02-15-2024,26099.0
RM0069,Term Insurance,2019-07-07,55176.0
RM0183,Term Insurance,2024-11-11,32392.0
RM0138,ULIP,2024-12-29,102908.0
RM0012,Loan Against Property,2022-03-08,73057.0
RM0111,Health Insurance,10-26-2022,15293.0
RM0245,Term Insurance,12-31-2020,58982.0
,Loan Against Property,2024-12-03,15996.0
RM0079,Saving Account,2022-10-04,24720.0
RM0038,Current Account,2023-10-31,19792.0
RM0033,Loan Against Property,01/02/2023,19501.0
RM0083,Current Account,12-06-2019,57907.0
RM0145,Life Insurance,2023-01-29,51460.0
RM0172,Loan Against Property,18/03/2024,19680.0
,Mutual Funds,2020-09-04,241130.0
RM0162,Current Account,2026-02-15,37394.0
RM0250,Life Insurance,08/02/2022,15105.0
RM0185,Credit Card,09/07/2021,88888888.0
RM0160,Gold Investment,2024-12-25,16424.0
RM0042,Credit Card,2022-05-01,53840.0
RM0178,Term Insurance,2025-05-10,203327.0
RM0137,ULIP,2020-06-03,-1000.0
RM0067, Health Insurance ,02-21-2019,52425.0
RM0168,Saving Account,2025-07-22,158837.0
RM0088,Term Insurance,2022-12-14,39361.0
RM0213,RECURRING DEPOSIT,2019-11-08,38620.0
RM0206,Saving Account,2019-07-17,44658.0
RM0115,Saving Account,2026-04-29,69771.0
RM0170,Recurring Deposit,2021-07-21,32912.0
RM0059,Mutual Funds,2025-12-03,109713.0
RM0197,Mutual Funds,2022-06-27,11485.0
RM0157,Life Insurance,09-01-2025,38969.0
RM0151,Fixed Deposit,2020-09-14,45768.0
RM0200,ULIP,2023-03-10,56701.0
RM0208,Gold Investment,2019-05-18,26153.0
RM0025,Credit Card,05-02-2021,37885.0
RM0059,Saving Account,2022-11-02,43134.0
RM0227,Fixed Deposit,2026-06-21,68063.0
RM0169,Health Insurance,2019-07-11,84260.0
RM0166,Gold Investment,2021-10-26,76937.0
RM0217,Fixed Deposit,2019-03-09,30895.0
RM0102,Credit Card,2020-03-14,385327.0
,Gold Investment,24/08/2025,104413.0
RM0101,Recurring Deposit,03-08-2024,25056.0
RM0225,Current Account,05/05/2024,20852.0
RM0238,Gold Investment,09-23-2019,28845.0
RM0159,Health Insurance,2022-07-10,40105.0
RM0074,Health Insurance,27/02/2026,105123.0
RM0005,Term Insurance,2019-06-12,85335.0
RM0158,Current Account,11/05/2026,105273.0
RM0037,Loan Against Property,2024-01-03,25869.0
RM0184,Saving Account,2023-10-21,55003.0
RM0217,Health Insurance,2025-07-03,26651.0
RM0007,Saving Account,2024-07-11,15771.0
RM0197,Gold Investment,01/07/2021,67631.0
RM0128,Life Insurance,,17715.0
RM0063,Recurring Deposit,2022-10-22,65085.0
RM0159,Fixed Deposit,2024-11-30,62201.0
RM0063,Gold Investment,2022-01-13,93101.0
RM0028,Current Account,2023-08-06,17515.0
RM0012,Term Insurance,2022-11-26,86503.0
RM0177,Life Insurance,2023-11-25,371572.0
RM0095,MUTUAL FUNDS,12-08-2020,105204.0
RM0030,Current Account,2025-09-04,79678.0
RM0188,Life Insurance,2022-08-21,64259.0
, Recurring Deposit ,07-13-2020,37390.0
RM0199,Current Account,2026-01-22,75559.0
RM0192,Mutual Funds,2025-09-24,74399.0
RM0210,Life Insurance,,59915.0
RM0178,Mutual Funds,01-13-2023,89550.0
RM0212,Health Insurance,2025-12-22,39779.0
RM0053,ULIP,2023-10-26,16462.0
RM0211,term insurance,2023-10-09,50943.0
RM0176,Credit Card,2021-08-13,25397.0
RM0003,Credit Card,2020-08-21,34260.0
RM0084,Gold Investment,2025-10-14,10878.0
,Life Insurance,2019-04-11,34127.0
RM0121,ULIP,2021-12-23,92722.0
RM0195,Loan Against Property,2023-09-04,49123.0
RM0040, Recurring Deposit ,2023-09-02,10492.0
RM0150,Credit Card,2024-05-07,41729.0
RM0233,Term Insurance,2022-06-25,27226.0
RM0223,Fixed Deposit,2025-11-22,42461.0
RM0145,Credit Card,2021-02-23,35933.0
RM0087, Gold Investment ,2024-06-09,144397.0
RM0002,Credit Card,2020-11-03,12102.0
RM0164,Term Insurance,2022-12-16,67535.0
RM0242,Mutual Funds,10/11/2019,105199.0
RM0047,Recurring Deposit,22/08/2024,170000.0
RM0147,Term Insurance,,19778.0
RM0199,ULIP,2019-11-21,47890.0
,Gold Investment,2022-07-05,12228.0
RM0222,Saving Account,08-25-2023,44575.0
RM0041,Gold Investment,2026-05-26,16702.0
RM0157,Gold Investment,2021-11-28,100976.0
RM0202,Fixed Deposit,2021-05-18,16044.0
RM0169,Current Account,2023-07-06,46004.0
RM0158,ULIP,2024-02-11,
RM0180,Credit Card,06-11-2022,46812.0
RM0105,Gold Investment,2024-03-06,188157.0
RM0163,Gold Investment,2023-10-11,63207.0
RM0072,Loan Against Property,2019-04-24,26972.0
RM0209,Health Insurance,31/07/2024,23774.0
RM0048,Current Account,2022-05-29,16862.0
RM0190,Mutual Funds,25/11/2024,80634.0
RM0093,GOLD INVESTMENT,2019-10-12,68681.0
RM0090,Gold Investment,2022-03-01,57064.0
RM0055,Mutual Funds,12-17-2025,12084.0
RM0233,Life Insurance,2026-04-08,81948.0
RM0087,Term Insurance,2024-08-19,61345.0
RM0040,Recurring Deposit,09-11-2024,176057.0
,Saving Account,19/05/2020,54239.0
RM0071,Fixed Deposit,12/09/2020,28116.0
RM0030,Health Insurance,,34024.0
RM0176,Loan Against Property,2025-10-01,19669.0
RM0113,Credit Card,24/12/2021,74171.0
RM0169,Mutual Funds,2022-12-29,71502.0
RM0011, Mutual Funds ,2023-05-28,88888888.0
RM0008,Health Insurance,20/01/2023,21197.0
RM0220,Fixed Deposit,2021-12-11,18627.0
RM0003,Term Insurance,2023-08-18,14006.0
RM0236,Term Insurance,04/01/2024,131507.0
RM0086,Health Insurance,05/04/2021,23267.0
RM0036,Recurring Deposit,2026-04-18,31092.0
RM0015,Saving Account,03-01-2026,26460.0
RM0146,Term Insurance,2019-05-14,36689.0
RM0124,Current Account,2024-06-23,72596.0
RM0082,Gold Investment,21/12/2023,112240.0
RM0210,Fixed Deposit,,20081.0
RM0171,Credit Card,2020-11-07,67983.0
RM0223,Loan Against Property,12-17-2023,31736.0
RM0207,Gold Investment,2024-06-20,206936.0
RM0027,Recurring Deposit,2020-12-31,27756.0
,Mutual Funds,07/06/2023,10360.0
RM0109,Saving Account,2019-12-12,46246.0
RM0216,Life Insurance,,18168.0
RM0075,Current Account,2020-09-26,12275.0
RM0110,ULIP,2025-09-18,69911.0
RM0106,Loan Against Property,12-06-2022,75886.0
RM0121,Mutual Funds,2023-01-06,
RM0136,Recurring Deposit,01/08/2021,40874.0
RM0186,Saving Account,2019-02-26,66487.0
RM0141,Gold Investment,2026-07-15,48635.0
RM0092,Saving Account,08-12-2019,-1000.0
RM0241,Credit Card,2020-01-07,59685.0
RM0009,Fixed Deposit,2024-06-09,55404.0
,Term Insurance,2022-04-15,64804.0
RM0230,LIFE INSURANCE,26/02/2026,21134.0
RM0146,Mutual Funds,05/12/2023,25647.0
RM0057,Recurring Deposit,09-25-2019,38987.0
RM0220,Health Insurance,2021-08-08,39541.0
,Fixed Deposit,2020-06-14,84452.0
RM0192,Life Insurance,2023-07-23,32895.0
RM0047,Loan Against Property,2023-03-04,18867.0
RM0207,Life Insurance,2025-09-22,24481.0
RM0033,Saving Account,2026-02-24,22086.0
RM0107,Gold Investment,2025-08-22,75775.0
RM0107,Fixed Deposit,22/05/2024,41775.0
,Fixed Deposit,2025-10-20,71658.0
RM0215,Term Insurance,2025-11-23,36911.0
RM0166,Recurring Deposit,2019-12-30,120243.0
RM0141,Health Insurance,,215281.0
RM0055,Mutual Funds,09-13-2023,65409.0
,Credit Card,2025-09-19,109686.0
RM0007,Saving Account,2024-08-06,45457.0
RM0231,Health Insurance,09-27-2023,146377.0
RM0136,Loan Against Property,2022-10-25,99066.0
RM0051,Life Insurance,2026-07-15,250050.0
RM0132,Mutual Funds,2025-01-14,58787.0
RM0176,Saving Account,2025-02-06,85526.0
RM0174,Health Insurance,2025-04-04,49139.0
RM0001,Life Insurance,2025-08-06,24995.0
RM0185,Term Insurance,2022-12-01,31906.0
RM0198,Life Insurance,2025-11-09,122218.0
RM0167,Fixed Deposit,2024-11-13,12878.0
RM0240,Mutual Funds,2021-09-22,54760.0
RM0039,Current Account,,33299.0
RM0190,Current Account,07/12/2019,34444.0
RM0010,Gold Investment,06/10/2022,117955.0
RM0241,Credit Card,2025-01-25,106146.0
RM0060,Life Insurance,2022-09-15,55670.0
,Gold Investment,2019-10-23,25935.0
RM0176,Term Insurance,2022-12-01,42261.0
RM0063,Mutual Funds,05-14-2020,36237.0
RM0120,saving account,2026-02-09,31818.0
RM0217,Gold Investment,06-16-2019,15423.0
RM0188,Fixed Deposit,04-14-2021,49166.0
RM0008,Recurring Deposit,2022-05-17,27964.0
RM0154,Fixed Deposit,11/07/2023,64059.0
RM0196,Gold Investment,2024-04-03,29224.0
RM0102,ULIP,2023-12-02,38208.0
RM0139,Saving Account,2020-02-22,12689.0
RM0091,Gold Investment,2019-05-03,254897.0
RM0117,Loan Against Property,2021-08-04,45424.0
RM0242,Term Insurance,2019-09-22,11226.0
RM0117,Loan Against Property,05-09-2023,48960.0
RM0046,Term Insurance,03/09/2025,112147.0
RM0168,Saving Account,2019-04-13,84041.0
RM0019,Current Account,2021-03-19,70349.0
RM0116,Loan Against Property,2022-11-10,17510.0
RM0129,Fixed Deposit,2019-10-08,63608.0
RM0135, Recurring Deposit ,2024-04-20,82685.0
RM0076,ULIP,2021-09-04,52480.0
RM0069,Gold Investment,10-04-2023,121629.0
RM0102,Saving Account,2024-05-11,26216.0
RM0099,Life Insurance,2024-07-12,23863.0
RM0234,Saving Account,2025-05-26,111845.0
RM0194,GOLD INVESTMENT,2023-06-06,59094.0
RM0192,Life Insurance,2025-02-25,10072.0
RM0077,Life Insurance,2024-12-14,31780.0
RM0051,Fixed Deposit,2021-01-07,107545.0
RM0048,ULIP,2019-03-08,11384.0
RM0173,Fixed Deposit,2021-01-08,10162.0
RM0142,Term Insurance,05/08/2021,0.0
RM0011,Credit Card,2025-05-20,26512.0
RM0212,Term Insurance,2022-01-19,132670.0
RM0061,Life Insurance,01/08/2021,125873.0
RM0060,Credit Card,2019-07-10,46569.0
RM0237,Health Insurance,09-09-2019,50286.0
RM0063,gold investment,05-13-2022,30173.0
,Recurring Deposit,2019-09-15,23968.0
RM0209,Term Insurance,02/05/2025,94429.0
RM0053,Term Insurance,11/02/2020,15618.0
RM0002,Loan Against Property,2020-08-19,43408.0
RM0157,Saving Account,02-27-2026,60310.0
RM0019,Gold Investment,01-26-2023,15472.0
RM0099,Life Insurance,2021-07-12,46657.0
RM0223,Recurring Deposit,2019-10-08,-1000.0
RM0186,ulip,2023-01-21,
RM0232,ULIP,2026-01-04,53080.0
RM0023,ULIP,06-16-2019,77836.0
RM0096,Current Account,2023-11-10,23383.0
RM0061,Life Insurance,2024-05-30,27359.0
,loan against property,23/02/2020,52142.0
RM0172,Loan Against Property,2020-02-29,214100.0
RM0083,Mutual Funds,2024-10-05,22262.0
RM0244,Health Insurance,,223092.0
RM0199,Saving Account,,72648.0
RM0045,Health Insurance,2021-08-17,97458.0
RM0060,Current Account,2021-01-19,14695.0
RM0005,Current Account,,27863.0
RM0245,ULIP,05/02/2019,12973.0
RM0188,Mutual Funds,23/11/2023,33224.0
RM0133,ULIP,05-09-2021,-1000.0
RM0076,Loan Against Property,2020-10-12,208933.0
RM0009,Health Insurance,2019-05-28,15561.0
RM0218,Term Insurance,04/07/2025,51319.0
RM0012,Health Insurance,2024-12-10,10304.0
RM0223,Recurring Deposit,2026-07-27,72358.0
RM0143,Loan Against Property,2024-07-09,20982.0
RM0184,Loan Against Property,2020-01-24,16939.0
RM0020,Term Insurance,2023-03-09,30550.0
RM0009,Current Account,24/03/2025,83711.0
RM0086,ULIP,01-10-2025,
RM0238,gold investment,2021-08-07,15636.0
RM0180,Loan Against Property,22/10/2019,23057.0
,Term Insurance,2020-08-17,10425.0
,Gold Investment,2024-06-08,182753.0
RM0226,Fixed Deposit,2020-09-10,54842.0
RM0242,ULIP,2021-05-20,73630.0
RM0196,Current Account,2026-02-07,62689.0
RM0189,Saving Account,2019-07-29,17795.0
RM0027,Life Insurance,2020-07-03,55185.0
RM0051,Current Account,02/06/2026,17044.0
RM0039,ULIP,2020-11-25,88888888.0
RM0243,ULIP,2025-06-20,35644.0
,Life Insurance,2022-02-21,52078.0
RM0217,Saving Account,02/11/2025,50922.0
RM0115,Mutual Funds,2023-09-26,16339.0
RM0022,Loan Against Property,04-05-2024,11752.0
RM0214,ULIP,2024-12-07,90032.0
RM0188,Health Insurance,2019-12-30,74717.0
RM0135,Term Insurance,2024-06-22,14268.0
RM0232,Term Insurance,2022-05-11,16814.0
RM0202,credit card,2022-02-12,121552.0
RM0037,Recurring Deposit,18/01/2024,83294.0
,Saving Account,,288118.0
RM0069,Saving Account,2019-07-12,24650.0
RM0038,ULIP,2021-04-09,43452.0
RM0180,Current Account,31/08/2025,23489.0
RM0242,Credit Card,,58749.0
RM0246, Gold Investment ,23/07/2022,16131.0
RM0116,Credit Card,,16804.0
RM0212,Saving Account,05-31-2022,13730.0
RM0212,CURRENT ACCOUNT,2021-06-07,69140.0
RM0061,Fixed Deposit,2022-05-13,44068.0
RM0073,Term Insurance,2024-04-26,58081.0
RM0227,Credit Card,2020-06-11,115722.0
RM0070,Term Insurance,2021-01-24,77416.0
RM0049,Life Insurance,2023-08-03,40969.0
RM0079,Fixed Deposit,07-18-2019,217883.0
,Current Account,2019-01-03,40463.0
RM0211,Loan Against Property,2019-02-19,15964.0
RM0087,Current Account,,255685.0
RM0243,Loan Against Property,,88888888.0
RM0021,ULIP,08/04/2021,11154.0
RM0147,Health Insurance,25/06/2022,49912.0
RM0131,Gold Investment,2022-01-02,28487.0
RM0090,Term Insurance,,45013.0
RM0039,Life Insurance,2020-12-30,50902.0
RM0017,Credit Card,2019-05-11,23728.0
RM0032,Life Insurance,26/01/2020,50693.0
RM0227, Term Insurance ,2025-07-28,80541.0
RM0246,Loan Against Property,2024-11-01,25497.0
RM0033,Health Insurance,2023-05-21,34178.0
RM0136,ULIP,12-20-2025,25615.0
RM0192,Recurring Deposit,,95895.0
RM0168,Saving Account,04-27-2020,74545.0
RM0209,Health Insurance,2021-01-20,112473.0
RM0201,Health Insurance,01/03/2023,19319.0
,Mutual Funds,2023-12-18,13821.0
RM0242,Life Insurance,07-18-2024,16356.0
RM0124,Saving Account,2024-06-16,18778.0
RM0128,Credit Card,2023-11-18,48080.0
RM0245,Gold Investment,,186871.0
RM0147,Mutual Funds,2020-04-13,32098.0
RM0094,Health Insurance,14/09/2021,169113.0
RM0030,Fixed Deposit,2025-05-07,11947.0
RM0178,Fixed Deposit,2020-08-07,140777.0
RM0190,Term Insurance,2019-04-19,19992.0
,Life Insurance,2019-04-04,131791.0
RM0211,Life Insurance,23/07/2022,12893.0
RM0072,Term Insurance,2022-11-08,158037.0
RM0138,ULIP,2024-01-02,21207.0
RM0141,ULIP,2026-04-07,28027.0
RM0182,Loan Against Property,2023-12-26,43759.0
RM0046,ULIP,2025-06-06,33959.0
RM0246,Health Insurance,2019-02-11,65059.0
RM0044,Fixed Deposit,18/11/2019,194060.0
RM0161,ULIP,31/08/2019,56624.0
RM0174,Life Insurance,2021-08-04,73914.0
RM0025,Recurring Deposit,08-01-2024,14606.0
RM0209,Fixed Deposit,19/04/2024,59417.0
RM0168,Fixed Deposit,2019-01-24,-1000.0
RM0029,FIXED DEPOSIT,2021-07-09,40243.0
RM0078,Gold Investment,07/10/2023,118482.0
RM0075,Recurring Deposit,,34568.0
RM0138,Loan Against Property,2023-04-15,66886.0
RM0241,Recurring Deposit,2020-08-07,22948.0
RM0222,Mutual Funds,2021-04-22,25012.0
RM0153, Credit Card ,2019-06-28,33590.0
RM0188,Loan Against Property,2024-07-10,28124.0
RM0206,Health Insurance,2022-06-30,24643.0
RM0239,Recurring Deposit,2025-09-11,12547.0
RM0232,Mutual Funds,2022-11-11,100622.0
RM0113,Fixed Deposit,2023-09-18,13323.0
RM0101,Fixed Deposit,2022-11-14,119180.0
RM0097,Fixed Deposit,2023-05-23,16703.0
RM0168,Saving Account,08/12/2022,13374.0
RM0183,Health Insurance,2021-08-27,51391.0
RM0220,Life Insurance,10-15-2020,44902.0
RM0006,Health Insurance,2024-10-25,43788.0
RM0176,Current Account,05-28-2022,52725.0
RM0174,Saving Account,2024-12-15,26917.0
,Loan Against Property,07-23-2025,64376.0
,Recurring Deposit,2024-05-18,44898.0
RM0114,Health Insurance,2021-07-16,30379.0
RM0175,Saving Account,2022-07-25,97579.0
RM0094,Gold Investment,2021-07-15,75046.0
RM0121,Saving Account,2020-12-24,35011.0
RM0046,Mutual Funds,14/01/2021,104068.0
RM0042,ULIP,05/08/2021,136448.0
RM0144,Loan Against Property,2025-02-12,48486.0
RM0132,Health Insurance,2022-04-21,22100.0
RM0168,Current Account,11/01/2026,-1000.0
RM0051,Life Insurance,2023-08-12,133723.0
RM0006,Loan Against Property,2021-09-02,20503.0
RM0171,Gold Investment,09-24-2020,12481.0
RM0173,ULIP,2021-02-26,29836.0
RM0198,Loan Against Property,2020-02-23,74908.0
RM0226,Fixed Deposit,2020-07-17,138375.0
, Fixed Deposit ,2026-03-19,60706.0
RM0084,Saving Account,2022-04-08,161659.0
RM0088,Credit Card,08-17-2020,14845.0
RM0219,Credit Card,2019-11-25,13133.0
RM0074,Gold Investment,2019-03-23,56341.0
RM0180,Fixed Deposit,2019-02-07,179241.0
RM0133,Gold Investment,13/08/2020,44930.0
RM0140,Fixed Deposit,2024-10-15,
RM0247,ULIP,2021-12-12,12644.0
RM0161,Saving Account,04-08-2026,22501.0
RM0230,Loan Against Property,08-18-2022,24038.0
RM0032,Credit Card,2023-06-24,30613.0
RM0013,Health Insurance,2023-02-03,12229.0
RM0203,Recurring Deposit,2021-11-30,127637.0
RM0226,Current Account,27/12/2021,46238.0
RM0025,Term Insurance,,65574.0
RM0110,Term Insurance,2025-02-10,13476.0
RM0060,Credit Card,24/06/2020,12781.0
RM0101,Mutual Funds,2024-09-04,54150.0
RM0077,Health Insurance,2022-10-27,119149.0
RM0023,Saving Account,2021-05-28,88888888.0
RM0238,Current Account,2021-10-04,47589.0
RM0228,Current Account,2021-01-03,115112.0
RM0243,Saving Account,22/12/2020,93298.0
RM0238,Fixed Deposit,12/03/2023,13944.0
RM0164,Recurring Deposit,2022-03-15,21279.0
RM0175,Current Account,2020-01-20,63604.0
RM0147,SAVING ACCOUNT,2025-11-26,39304.0
RM0201,ULIP,2026-04-25,27173.0
,Recurring Deposit,2020-05-17,37118.0
RM0219,Current Account,2025-03-14,0.0
RM0181,Life Insurance,2022-02-22,39457.0
RM0186,Saving Account,2021-05-11,130705.0
RM0156,Loan Against Property,2021-12-04,15460.0
RM0090,Current Account,02-03-2019,26406.0
RM0041,ULIP,2020-03-06,48562.0
RM0015,Loan Against Property,12-29-2022,69913.0
RM0094,Mutual Funds,2026-05-04,59798.0
RM0128,Recurring Deposit,2022-10-09,152058.0
,Mutual Funds,2022-12-17,89386.0
RM0156,current account,18/04/2025,50717.0
RM0009,Term Insurance,2026-02-04,22083.0
,Gold Investment,2021-04-14,39971.0
RM0042,LOAN AGAINST PROPERTY,2024-04-25,69107.0
RM0177,Fixed Deposit,2021-12-16,100996.0
RM0036,Fixed Deposit,09-14-2022,170615.0
RM0214,Saving Account,02/12/2019,56500.0
RM0045,ULIP,21/05/2019,47424.0
RM0234,Current Account,2019-07-04,10892.0
RM0116,Life Insurance,2020-09-20,13741.0
RM0037,Gold Investment,2023-01-25,18486.0
RM0098,Mutual Funds,18/03/2019,12815.0
RM0048,Mutual Funds,2019-07-28,35613.0
RM0005,ULIP,10-04-2020,30539.0
RM0028,Credit Card,2026-03-15,60716.0
RM0240,ULIP,2025-06-10,48357.0
RM0040,Saving Account,,55313.0
RM0106,Saving Account,2022-11-27,41930.0
RM0163,Current Account,09-13-2023,26268.0
RM0244,Mutual Funds,,162694.0
RM0009,Recurring Deposit,12-13-2025,14518.0
RM0208,Saving Account,06-13-2019,149754.0
RM0199,Term Insurance,2024-01-26,28642.0
RM0116,Current Account,05-30-2021,45939.0
RM0067,Fixed Deposit,02-24-2023,15761.0
RM0004,Current Account,03/05/2023,13678.0
RM0103,Life Insurance,2019-07-02,38066.0
RM0163,Health Insurance,2024-05-11,77681.0
RM0009,Loan Against Property,2020-07-13,25692.0
RM0056,Gold Investment,2025-11-05,51316.0
RM0074,Gold Investment,2019-12-15,26331.0
RM0035,Health Insurance,2022-10-29,34601.0
RM0105,Term Insurance,2022-11-23,128460.0
RM0102,Life Insurance,09-29-2019,106841.0
RM0078,Current Account,12-11-2024,46285.0
RM0040,Recurring Deposit,04-09-2023,23597.0
RM0012,Term Insurance,2019-07-25,20732.0
RM0063,Saving Account,01/06/2023,164050.0
RM0078,Credit Card,2025-07-18,21327.0
RM0017,Saving Account,2023-11-29,-1000.0
RM0014,Term Insurance,2021-02-11,92556.0
RM0066,Loan Against Property,2024-02-06,33020.0
RM0209,Recurring Deposit,2026-04-08,222234.0
RM0044,Saving Account,2026-06-11,32955.0
RM0067,Current Account,03-15-2023,31655.0
RM0103,ULIP,2023-04-27,60731.0
RM0092,Recurring Deposit,2021-08-23,172876.0
RM0136,Mutual Funds,2026-01-11,196923.0
RM0059,Term Insurance,14/02/2026,71414.0
RM0039,Mutual Funds,24/04/2019,80244.0
RM0008,Term Insurance,2024-10-08,51437.0
RM0003,Recurring Deposit,20/09/2024,80483.0
RM0242,Health Insurance,2022-04-28,108227.0
RM0004,Gold Investment,2021-08-11,43285.0
RM0014,Term Insurance,2023-12-23,58361.0
RM0242,Fixed Deposit,2021-07-16,48535.0
RM0205,Term Insurance,2020-02-19,51330.0
RM0189,Life Insurance,2023-08-13,120385.0
RM0075,Current Account,2019-12-05,31973.0
RM0207,Loan Against Property,,21671.0
RM0072,Health Insurance,2024-10-13,40466.0
RM0039,Gold Investment,2023-06-25,21665.0
RM0028,Life Insurance,2025-03-28,44497.0
RM0206,Credit Card,2024-11-18,126914.0
RM0170,Health Insurance,2024-09-27,58042.0
,ULIP,07-27-2026,106700.0
RM0172,Life Insurance,2020-08-16,19087.0
RM0160,ULIP,2023-08-19,0.0
RM0105,Credit Card,2020-09-23,125567.0
RM0035,Recurring Deposit,2023-06-07,56038.0
RM0191,Credit Card,2024-07-29,11613.0
RM0211,Loan Against Property,15/01/2021,60135.0
RM0172,Gold Investment,2023-10-21,161203.0
RM0033,Recurring Deposit,2021-05-24,14123.0
RM0025,Life Insurance,15/09/2022,53668.0
RM0164,Fixed Deposit,12-15-2021,133537.0
RM0235,Saving Account,2023-05-07,10487.0
RM0128,Life Insurance,09-25-2022,59836.0
RM0114,Recurring Deposit,12-03-2020,42208.0
RM0019,Health Insurance,2020-04-27,31308.0
RM0065,Loan Against Property,2019-05-31,59380.0
,Current Account,12/12/2020,12707.0
RM0032,Mutual Funds,14/02/2023,79931.0
,Mutual Funds,15/07/2024,88888888.0
RM0212,Fixed Deposit,2021-12-18,10224.0
RM0205,Mutual Funds,2024-10-17,28331.0
RM0134,Health Insurance,2019-08-25,45054.0
RM0032,Life Insurance,2025-02-04,33662.0
RM0101,Recurring Deposit,06-03-2020,28370.0
,Recurring Deposit,03-19-2023,98844.0
RM0200,Term Insurance,15/09/2023,146539.0
RM0185,ULIP,2019-09-17,113459.0
RM0038,Fixed Deposit,06/03/2025,46952.0
RM0244,Recurring Deposit,07-04-2022,117779.0
RM0152,GOLD INVESTMENT,2019-12-26,136827.0
RM0249,Health Insurance,2019-07-03,36317.0
RM0009,Life Insurance,2022-07-30,26665.0
RM0100,Mutual Funds,2021-06-06,15171.0
RM0148,Current Account,2024-06-19,42609.0
,Recurring Deposit,2022-08-18,156214.0
RM0103,Fixed Deposit,11/12/2023,51152.0
RM0068,Gold Investment,2021-12-30,65065.0
RM0094,Recurring Deposit,2020-01-19,15988.0
RM0067,Recurring Deposit,29/07/2020,17746.0
RM0073,Recurring Deposit,20/05/2025,
RM0029,Current Account,2019-09-27,41225.0
RM0147,Saving Account,2021-09-02,161067.0
RM0216,Recurring Deposit,2026-01-03,32375.0
,Recurring Deposit,18/07/2024,114975.0
RM0165,LIFE INSURANCE,02-16-2026,16408.0
RM0050,Mutual Funds,2020-03-08,57988.0
RM0200,Term Insurance,2025-06-25,55891.0
RM0055,Mutual Funds,2019-09-20,108260.0
RM0225,Term Insurance,2019-10-02,10166.0
RM0090,Recurring Deposit,12-22-2022,20531.0
RM0114,Health Insurance,04/08/2023,22403.0
RM0064,Credit Card,11-18-2019,159752.0
RM0047,Fixed Deposit,2020-12-23,18343.0
RM0124,ULIP,2019-11-19,11883.0
RM0017,Credit Card,2019-08-24,-1000.0
RM0196,Health Insurance,2024-02-24,48228.0
RM0041,Life Insurance,,47598.0
RM0201,GOLD INVESTMENT,2024-09-12,102910.0
RM0081,Mutual Funds,2022-06-01,158659.0
RM0089,Mutual Funds,2025-05-21,48668.0
RM0242,Mutual Funds,2020-12-21,142958.0
RM0179,Saving Account,04-04-2023,0.0
RM0130,ULIP,2024-03-14,74578.0
RM0071,RECURRING DEPOSIT,04-09-2022,25364.0
RM0199,Mutual Funds,03-08-2024,141847.0
RM0248,Mutual Funds,2022-03-27,65047.0
RM0233,Life Insurance,26/05/2026,36729.0
RM0040,Saving Account,2024-09-22,67009.0
RM0010,Term Insurance,21/10/2020,35650.0
RM0032,Recurring Deposit,2026-06-20,16062.0
RM0020,Credit Card,2025-05-07,73466.0
RM0039,Life Insurance,09/06/2022,96888.0
RM0179,Life Insurance,2025-03-24,75246.0
RM0018,Loan Against Property,2025-07-27,23010.0
RM0240,Recurring Deposit,2021-11-30,166905.0
RM0036,Current Account,2023-02-12,11278.0
RM0241,Loan Against Property,2025-02-26,30224.0
RM0233,Fixed Deposit,31/07/2020,25061.0
RM0030,Current Account,2024-03-24,12466.0
RM0005,Current Account,26/02/2021,36021.0
RM0197,Fixed Deposit,2022-11-05,58790.0
RM0047,Health Insurance,2020-05-20,88888888.0
RM0231,Saving Account,31/07/2025,117088.0
RM0068,Credit Card,2022-09-12,238730.0
RM0165,Health Insurance,27/01/2026,
RM0051,ULIP,03-21-2023,92536.0
RM0066,ULIP,2025-10-04,41619.0
RM0178,Health Insurance,2020-07-18,74314.0
RM0231,Mutual Funds,2024-11-16,102774.0
RM0091,Health Insurance,2024-07-10,41303.0
RM0238,Loan Against Property,2020-04-06,86868.0
RM0158,Mutual Funds,2019-08-16,42952.0
RM0227,Current Account,2026-05-07,34428.0
RM0134,Fixed Deposit,2025-11-09,47336.0
RM0001,Credit Card,04-27-2024,66328.0
RM0108,Loan Against Property,2021-09-13,74892.0
RM0102,Gold Investment,07-10-2022,32060.0
RM0175,Saving Account,2023-04-11,52352.0
RM0080,Mutual Funds,2020-03-16,130325.0
RM0094,Credit Card,2023-10-01,197141.0
RM0104,ULIP,2026-05-01,22889.0
RM0175,Mutual Funds,,20711.0
RM0121,Loan Against Property,2019-06-30,66456.0
RM0204,Gold Investment,2025-08-21,36780.0
RM0076,ULIP,2024-04-02,11226.0
RM0062,Health Insurance,2023-04-07,31298.0
RM0167,Current Account,2026-03-01,92187.0
RM0080,Current Account,10/05/2024,89832.0
RM0156,Fixed Deposit,2020-01-22,44128.0
RM0114,Fixed Deposit,2025-05-30,41987.0
RM0145,ULIP,2020-04-07,53316.0
RM0017,Credit Card,2026-02-16,22384.0
RM0239,Health Insurance,2023-02-14,47331.0
,Life Insurance,2023-09-23,10555.0
RM0195,Saving Account,2021-10-20,42271.0
RM0109,Recurring Deposit,2019-06-25,30477.0
RM0226,Recurring Deposit,2021-01-04,66176.0
RM0143,Fixed Deposit,11-06-2019,60854.0
RM0210,Life Insurance,03-05-2021,0.0
RM0161,Recurring Deposit,12-09-2020,33969.0
RM0024,Mutual Funds,2020-11-08,10364.0
RM0049,Gold Investment,2021-07-23,24535.0
RM0177,ULIP,2022-08-24,60167.0
RM0003,Credit Card,2021-11-06,13756.0
RM0213,Saving Account,2020-10-26,15694.0
RM0144,term insurance,2019-06-01,62069.0
RM0176,Mutual Funds,2023-03-23,80481.0
RM0023,Gold Investment,13/08/2023,29397.0
RM0216,Term Insurance,10-07-2024,43635.0
RM0231,Mutual Funds,06/08/2024,155672.0
RM0203,ULIP,2019-09-02,155517.0
RM0087,Mutual Funds,27/01/2019,28372.0
RM0175,ULIP,2022-09-19,93033.0
RM0222, Current Account ,2023-10-30,55063.0
RM0150,Gold Investment,2024-10-13,195422.0
RM0067,Credit Card,2022-01-20,42467.0
RM0217,Term Insurance,,84517.0
RM0014,Current Account,2024-07-30,83080.0
RM0091,Mutual Funds,2025-03-03,44401.0
RM0210,Gold Investment,2021-11-10,89391.0
RM0058,Saving Account,2026-04-02,25125.0
RM0069,Life Insurance,2020-10-31,16519.0
RM0069,Gold Investment,07/03/2026,37683.0
RM0036,Mutual Funds,2025-12-23,153791.0
RM0152,Life Insurance,05/02/2021,44731.0
RM0039,Term Insurance,2022-08-20,
RM0232,ULIP,2020-06-22,60428.0
RM0088,loan against property,15/11/2021,58929.0
,Life Insurance,2023-05-06,17111.0
RM0160,Gold Investment,2019-07-05,34739.0
RM0014,Fixed Deposit,2022-11-17,71368.0
RM0232,SAVING ACCOUNT,2025-06-13,188759.0
RM0126,LOAN AGAINST PROPERTY,06-11-2022,19197.0
RM0164,ULIP,2021-09-28,36419.0
RM0233,Gold Investment,26/05/2026,14996.0
RM0150,Life Insurance,2024-04-03,23878.0
RM0081,Mutual Funds,2023-12-06,33641.0
RM0007,Saving Account,26/05/2019,-1000.0
RM0142,Current Account,10-07-2025,48896.0
,Loan Against Property,2023-06-08,23105.0
RM0161,Mutual Funds,2025-11-24,22910.0
RM0065,Credit Card,03/03/2020,85215.0
RM0102,Recurring Deposit,2020-07-17,174359.0
RM0159,Gold Investment,2022-10-22,29549.0
RM0073,Gold Investment,2024-07-31,68236.0
RM0149,Recurring Deposit,2022-07-25,24925.0
RM0129,Fixed Deposit,2026-03-16,141521.0
RM0150,ULIP,2026-03-03,65874.0
RM0021,Loan Against Property,03-09-2026,91145.0
RM0111,Current Account,2024-04-30,12530.0
RM0086,Health Insurance,2021-07-22,55628.0
RM0181,Saving Account,12-23-2020,47497.0
RM0037,Loan Against Property,,27336.0
,Credit Card,2023-11-18,25219.0
RM0091,Current Account,2023-03-05,53377.0
RM0167,Gold Investment,2022-01-05,71291.0
RM0036,Saving Account,2024-02-26,11686.0
RM0082,LOAN AGAINST PROPERTY,2020-08-14,51897.0
RM0062,ULIP,2021-02-01,19344.0
RM0187,Gold Investment,01/10/2022,17562.0
RM0166,Gold Investment,2024-04-15,58791.0
RM0176,Recurring Deposit,2021-12-03,28616.0
RM0005,Loan Against Property,2024-04-27,39069.0
RM0203,Term Insurance,2024-03-03,32314.0
RM0194,Fixed Deposit,2024-11-25,62254.0
RM0101,Life Insurance,2020-10-26,41755.0
RM0054,Term Insurance,2025-07-28,175465.0
RM0174,Current Account,2022-02-16,31722.0
RM0179,Life Insurance,12-26-2024,77408.0
RM0130,Recurring Deposit,07-22-2022,24872.0
RM0096,ULIP,2020-01-13,45540.0
RM0212,Life Insurance,09-24-2021,50211.0
,Current Account,2021-05-01,29957.0
RM0042,ULIP,2026-02-11,88888888.0
,Life Insurance,2023-12-30,41912.0
RM0129,Life Insurance,2019-01-22,26375.0
RM0043,Health Insurance,23/08/2022,10300.0
RM0058,Saving Account,2023-02-17,22144.0
RM0173,Loan Against Property,09-12-2023,70209.0
RM0078, Mutual Funds ,2023-06-27,83693.0
,Credit Card,12/03/2026,26439.0
RM0155,Term Insurance,2021-10-15,0.0
RM0028,Gold Investment,2025-10-17,36216.0
RM0005,credit card,2021-05-22,11904.0
RM0221,Credit Card,2022-06-06,23528.0
,Saving Account,2021-04-09,85529.0
RM0148,Health Insurance,2019-03-31,56568.0
RM0241,Saving Account,2025-12-28,21519.0
RM0022,Fixed Deposit,2023-07-08,24882.0
RM0233,Credit Card,2025-04-13,94859.0
RM0237,Saving Account,2019-03-21,21728.0
RM0134,Mutual Funds,2020-07-25,30335.0
RM0238,Loan Against Property,2023-02-22,64585.0
RM0077,Life Insurance,2020-12-14,51175.0
RM0044,Health Insurance,2026-01-20,40889.0
RM0188,Saving Account,2022-01-06,124999.0
RM0057,Fixed Deposit,2026-05-11,22404.0
RM0081,Saving Account,2026-04-11,77627.0
RM0068,Loan Against Property,2019-03-15,18661.0
RM0192,ULIP,2019-11-14,57820.0
RM0018,Life Insurance,2025-10-25,112251.0
RM0167,gold investment,2021-10-01,40615.0
RM0022,Fixed Deposit,2025-08-19,74421.0
RM0072,Credit Card,08/02/2024,95849.0
RM0224,Gold Investment,2020-05-26,17310.0
RM0089,Loan Against Property,20/03/2022,71179.0
RM0214,Saving Account,2022-06-27,136187.0
RM0133,Life Insurance,2019-01-27,
RM0010,Credit Card,12/01/2023,52944.0
RM0208,Mutual Funds,2020-12-10,20297.0
RM0105,Mutual Funds,,16787.0
RM0041,CREDIT CARD,07-21-2020,25037.0
RM0057,Fixed Deposit,,15463.0
RM0155,Term Insurance,2020-11-28,46015.0
RM0072,Term Insurance,2024-09-24,13612.0
RM0158,Credit Card,2025-09-02,22641.0
RM0204,Gold Investment,2024-12-11,38982.0
RM0078,Saving Account,2022-11-05,42114.0
RM0101,ULIP,2019-12-22,51666.0
RM0024,Fixed Deposit,2025-11-20,71143.0
RM0135,Recurring Deposit,29/03/2023,12419.0
RM0152,Recurring Deposit,2022-05-29,14202.0
RM0066,Life Insurance,2019-01-12,13139.0
RM0224,Recurring Deposit,10-15-2020,37508.0
,Term Insurance,2026-05-29,12137.0
RM0163,Recurring Deposit,2020-04-03,78537.0
RM0249,Gold Investment,21/07/2021,22615.0
RM0066,ULIP,2022-12-25,150018.0
RM0221, Current Account ,2026-02-01,43315.0
RM0080, Term Insurance ,2022-11-21,39558.0
RM0231, Credit Card ,10-02-2019,-1000.0
RM0158,Credit Card,2024-05-15,85828.0
RM0243,Saving Account,2020-10-30,72440.0
RM0121,Current Account,2021-09-06,56736.0
RM0162,ULIP,2021-12-31,146781.0
RM0030,Current Account,13/08/2024,37431.0
RM0201,Health Insurance,2024-12-10,92651.0
RM0091,Credit Card,2024-05-08,33909.0
,Life Insurance,07/03/2026,101114.0
RM0135,Credit Card,12-27-2021,25019.0
RM0195,Saving Account,2022-08-26,27072.0
RM0154,Fixed Deposit,2019-07-15,66639.0
RM0232,Mutual Funds,02-23-2024,21958.0
RM0247,Credit Card,2021-04-17,23013.0
RM0039,Loan Against Property,2025-06-09,28211.0
RM0201,Current Account,2020-08-27,66804.0
RM0001,Mutual Funds,2019-06-18,120086.0
,fixed deposit,2019-07-19,66130.0
RM0242,Fixed Deposit,2024-09-30,97959.0
RM0020,Gold Investment,2021-05-10,49214.0
RM0127,Credit Card,2025-05-24,13570.0
RM0007,Recurring Deposit,2020-09-22,15293.0
,Recurring Deposit,03-22-2024,50415.0
RM0133,Credit Card,2024-01-06,29860.0
RM0213,Credit Card,2019-08-07,-1000.0
RM0189,Current Account,2022-05-26,22459.0
RM0099,Health Insurance,2024-09-08,41392.0
RM0017,Current Account,2021-02-11,64905.0
RM0114,Saving Account,2024-08-15,34305.0
RM0239,Health Insurance,2024-03-14,91111.0
RM0123,Recurring Deposit,2022-05-13,77070.0
RM0022,Term Insurance,2019-04-20,76385.0
RM0165,Credit Card,2020-09-30,220621.0
RM0111,Credit Card,2022-09-23,27494.0
RM0011,Fixed Deposit,15/07/2026,61743.0
RM0009,Loan Against Property,2024-09-08,106716.0
RM0242,Term Insurance,05-26-2019,53318.0
RM0234,Health Insurance,2019-03-19,87913.0
RM0132,Term Insurance,2023-07-24,36760.0
RM0045, Mutual Funds ,09/05/2023,54639.0
RM0197,Recurring Deposit,20/06/2020,12863.0
RM0161,Gold Investment,2022-04-12,222611.0
RM0004,Credit Card,01-06-2020,90476.0
RM0131,Fixed Deposit,2020-05-08,111555.0
RM0069,Loan Against Property,2019-03-23,69256.0
RM0122,Fixed Deposit,09/05/2022,20292.0
RM0166,Health Insurance,2021-05-19,11576.0
RM0131,Credit Card,2021-08-21,109997.0
RM0003,Life Insurance,2024-05-05,35236.0
RM0108,ULIP,2022-01-15,25317.0
RM0150,Recurring Deposit,03/08/2021,0.0
RM0103,Saving Account,03-01-2019,51239.0
RM0127,Mutual Funds,2021-03-17,37313.0
RM0001,Current Account,2024-08-31,62729.0
RM0043,Saving Account,,43062.0
RM0060,Fixed Deposit,09-10-2021,69739.0
RM0241,Credit Card,2025-02-01,0.0
RM0196,Recurring Deposit,2026-03-08,106010.0
RM0150,Mutual Funds,2019-09-30,20880.0
RM0014,Health Insurance,2023-07-05,29981.0
RM0247,CURRENT ACCOUNT,04-28-2026,38707.0
RM0011,Saving Account,06-22-2022,173585.0
RM0090,Current Account,2022-02-16,32732.0
RM0018,Loan Against Property,2024-09-02,33990.0
RM0122,Health Insurance,,62989.0
,Recurring Deposit,2019-01-27,37167.0
RM0197,Loan Against Property,15/07/2021,161025.0
RM0173,ULIP,04-22-2021,122437.0
,Term Insurance,2021-07-04,46016.0
RM0245,Loan Against Property,2020-02-07,61750.0
RM0087,Credit Card,19/09/2025,12989.0
RM0133,Health Insurance,2019-08-21,69492.0
RM0197,Term Insurance,2021-02-24,71413.0
RM0042,ULIP,23/08/2021,32251.0
RM0140,Current Account,2023-05-01,22402.0
RM0064,Loan Against Property,06/02/2025,133301.0
,ULIP,2019-08-02,37817.0
RM0157,Gold Investment,2021-12-27,
RM0116,Life Insurance,08/06/2020,63023.0
RM0055,Loan Against Property,06/12/2023,11694.0
RM0175,Saving Account,2022-12-20,36727.0
RM0059,Loan Against Property,2022-01-14,94984.0
RM0154,term insurance,2026-06-02,34516.0
RM0029,Health Insurance,03-12-2019,56211.0
RM0086,Gold Investment,06/04/2024,21776.0
RM0200,Fixed Deposit,2025-05-29,36937.0
RM0050,Saving Account,2024-08-10,141303.0
RM0143,Life Insurance,2020-04-19,51787.0
RM0078,Term Insurance,05-11-2021,126104.0
RM0224,Mutual Funds,2022-01-23,126149.0
RM0228,mutual funds,10-10-2019,154252.0
RM0223,Saving Account,2025-02-03,122876.0
RM0087,Term Insurance,2019-12-17,10164.0
RM0115,Life Insurance,15/02/2023,145916.0
,Life Insurance,2021-05-23,17393.0
RM0030,ULIP,26/12/2021,12037.0
RM0217,Loan Against Property,2021-06-02,12849.0
RM0122,Health Insurance,08-24-2022,31455.0
RM0241,ULIP,2020-11-09,58485.0
RM0016, Current Account ,2022-03-28,35734.0
RM0027,ULIP,2021-08-17,11294.0
RM0056,Life Insurance,06-15-2020,42359.0
RM0091,Gold Investment,20/01/2022,39181.0
RM0129,Gold Investment,2023-01-05,80703.0
RM0236,ULIP,2021-02-23,26398.0
RM0210,current account,2021-06-20,22265.0
RM0229,Saving Account,02-04-2020,24781.0
RM0071,ULIP,2023-10-07,0.0
RM0122,GOLD INVESTMENT,2025-07-30,28101.0
RM0006,Saving Account,2021-09-04,55710.0
RM0130,Gold Investment,2019-07-30,41888.0
RM0107,Recurring Deposit,07-30-2026,30541.0
RM0177,Saving Account,2021-06-20,33445.0
RM0089,Health Insurance,2025-10-10,33175.0
RM0159,Credit Card,05/06/2022,189509.0
RM0130,ULIP,2021-06-02,23263.0
RM0228,Saving Account,2026-05-13,95204.0
RM0248,Fixed Deposit,07/01/2022,71586.0
RM0223,Term Insurance,2019-07-29,10279.0
RM0005,Recurring Deposit,2021-12-10,259367.0
RM0206,Gold Investment,2026-06-21,80619.0
RM0080,Life Insurance,,67355.0
RM0004,Current Account,2025-09-07,35986.0
RM0064,ULIP,2019-07-08,50506.0
RM0056,Term Insurance,23/07/2022,24602.0
RM0119,Health Insurance,2019-08-06,11806.0
RM0170,Current Account,09/06/2022,100401.0
RM0187,Current Account,,123401.0
RM0108,Loan Against Property,2022-06-06,18864.0
RM0049,Mutual Funds,2022-10-03,87336.0
RM0125,Gold Investment,2025-02-22,77575.0
RM0123,Life Insurance,,19823.0
RM0026,Health Insurance,08-23-2025,37394.0
RM0015,LIFE INSURANCE,2021-05-29,37474.0
RM0103,Term Insurance,06-30-2026,81348.0
RM0066,Life Insurance,2026-01-16,100903.0
RM0237,Saving Account,2021-10-11,14978.0
RM0061,Current Account,2019-06-05,51387.0
RM0234,Life Insurance,2024-08-26,81721.0
RM0015,Life Insurance,08/09/2023,87133.0
RM0073, Gold Investment ,2020-02-23,18008.0
RM0025,Credit Card,2024-07-25,47275.0
RM0065,Loan Against Property,2021-02-03,107441.0
RM0086,Term Insurance,2019-12-27,29174.0
RM0151,Life Insurance,2021-10-11,37679.0
RM0211,Current Account,2019-07-20,91573.0
RM0148,Fixed Deposit,2021-01-17,14678.0
RM0030,Health Insurance,10-03-2025,108125.0
RM0008,Fixed Deposit,2019-09-12,28637.0
RM0178,Gold Investment,,10072.0
RM0198,Term Insurance,2020-07-09,23339.0
RM0249,Term Insurance,2022-03-23,14688.0
RM0157,Saving Account,2024-12-10,14846.0
RM0223,CURRENT ACCOUNT,2019-07-26,69018.0
,Loan Against Property,2020-03-26,22038.0
RM0130,Term Insurance,2024-10-10,146470.0
RM0131,Current Account,2023-10-06,46329.0
RM0064,Term Insurance,2025-10-25,40818.0
RM0026,Fixed Deposit,2019-03-14,38483.0
RM0027,Life Insurance,,68978.0
RM0100,Health Insurance,03/08/2021,40097.0
RM0034,Gold Investment,2020-07-23,16882.0
RM0152,Mutual Funds,2020-07-13,116084.0
RM0046,Saving Account,2022-12-22,37965.0
RM0222,Health Insurance,2020-10-16,13844.0
RM0015,Life Insurance,2022-05-06,47683.0
,Loan Against Property,2026-02-07,62113.0
,Credit Card,2024-12-06,26119.0
RM0203,Current Account,2022-04-26,90557.0
RM0230,Credit Card,09-19-2019,65399.0
RM0203,ULIP,28/12/2023,-1000.0
RM0214,Credit Card,2020-04-23,
RM0057,ULIP,2023-03-12,-1000.0
RM0042,Saving Account,2020-04-25,62539.0
RM0155,Current Account,11/07/2026,37307.0
RM0220,Fixed Deposit,2022-04-19,173397.0
RM0018,CREDIT CARD,2026-01-17,26023.0
RM0194,Saving Account,2020-06-11,53102.0
RM0107,Saving Account,2024-09-22,28484.0
RM0051,Saving Account,2023-04-13,78286.0
RM0142,Fixed Deposit,11-09-2020,12448.0
RM0113,Fixed Deposit,2020-10-04,12349.0
RM0062,Credit Card,01-25-2024,93263.0
RM0120,Mutual Funds,31/07/2024,38481.0
RM0173,Life Insurance,2023-07-07,30865.0
RM0051,Current Account,2021-07-14,56764.0
RM0025,Fixed Deposit,30/05/2024,70516.0
RM0098,Fixed Deposit,2020-10-04,21232.0
RM0044,Recurring Deposit,2024-02-29,20254.0
RM0193,Health Insurance,2026-02-06,168684.0
RM0104,Fixed Deposit,2025-03-29,54538.0
RM0224,Recurring Deposit,2024-09-24,34724.0
RM0215,Credit Card,2022-11-27,90833.0
RM0133,Loan Against Property,03/03/2022,47238.0
RM0074,Loan Against Property,24/06/2021,23831.0
RM0198,Health Insurance,2020-08-13,21579.0
RM0213,Mutual Funds,2022-10-07,35280.0
RM0168,Loan Against Property,2025-07-17,108268.0
RM0004,Health Insurance,2019-08-29,13170.0
RM0015,Recurring Deposit,01-24-2026,22328.0
RM0097,Fixed Deposit,2021-05-29,121817.0
RM0021,Life Insurance,12-29-2024,16490.0
RM0103,Gold Investment,2022-01-05,59662.0
RM0068,Life Insurance,2023-11-13,22008.0
RM0080,Credit Card,2019-09-10,56553.0
RM0122,Life Insurance,2025-08-10,34152.0
RM0063,Life Insurance,2022-11-08,15361.0
RM0163,Gold Investment,2019-08-26,53670.0
RM0026,Gold Investment,2024-09-03,67449.0
,Loan Against Property,2024-04-29,67014.0
RM0037,Recurring Deposit,,60672.0
RM0178,Life Insurance,2025-01-19,44679.0
RM0106,Life Insurance,2022-08-11,46643.0
RM0032,Saving Account,2025-09-30,60480.0
RM0035,ULIP,2019-02-05,68600.0
RM0156,Mutual Funds,,63192.0
RM0211,Health Insurance,2020-12-06,54208.0
RM0224,Recurring Deposit,2022-08-31,18470.0
RM0012,ULIP,2019-01-16,21825.0
RM0063,Loan Against Property,26/02/2023,25070.0
RM0059,Recurring Deposit,2022-06-19,136075.0
RM0185,Fixed Deposit,2025-04-11,81229.0
RM0186,Loan Against Property,08/11/2020,50244.0
RM0143,Mutual Funds,2019-06-06,24521.0
RM0005,Fixed Deposit,04-23-2020,15876.0
RM0245,Mutual Funds,2021-09-14,124512.0
RM0189,Term Insurance,,121590.0
RM0202,Gold Investment,2019-10-22,15865.0
RM0078,ULIP,04-03-2025,
RM0120,Recurring Deposit,08-07-2020,89780.0
RM0002,Saving Account,2025-12-14,39587.0
RM0081,Health Insurance,2024-10-30,29575.0
RM0244, Life Insurance ,2023-11-29,77181.0
RM0172, Current Account ,2024-03-04,57638.0
RM0175,Gold Investment,2019-10-17,85713.0
,ULIP,05/12/2021,13861.0
RM0103,Term Insurance,2020-06-16,29179.0
RM0157,Fixed Deposit,2025-01-19,29232.0
RM0057,Recurring Deposit,31/01/2023,30005.0
RM0094,Saving Account,2019-09-22,44905.0
RM0044,Credit Card,07-06-2026,26634.0
RM0138,Saving Account,2023-07-09,39383.0
RM0068,Loan Against Property,2024-12-31,32925.0
RM0139,Credit Card,2019-04-20,76457.0
RM0099,Term Insurance,30/09/2021,56254.0
RM0008,Recurring Deposit,2024-04-17,63012.0
RM0175,Health Insurance,2026-07-06,21823.0
RM0211, Current Account ,,29689.0
RM0162,Life Insurance,2023-07-25,11069.0
RM0074,ULIP,2025-03-11,15735.0
RM0161,Term Insurance,2025-02-03,25397.0
RM0011,Fixed Deposit,09-28-2023,13385.0
RM0008,ULIP,2023-03-27,56144.0
RM0110,Recurring Deposit,2022-07-14,324093.0
RM0126,CREDIT CARD,13/04/2026,15313.0
RM0086,Health Insurance,2025-06-28,96082.0
RM0108,Term Insurance,2019-01-28,16324.0
RM0182,Term Insurance,2019-04-10,65420.0
RM0206,Fixed Deposit,07/01/2019,61523.0
RM0127,Fixed Deposit,2019-01-05,
RM0244,Term Insurance,2025-01-02,126506.0
RM0104, Term Insurance ,2019-02-26,16048.0
RM0130,Fixed Deposit,2022-04-23,28949.0
RM0244,Gold Investment,2026-04-15,14758.0
RM0221,Loan Against Property,2025-06-15,36160.0
RM0039,Mutual Funds,2023-07-15,131290.0
RM0102,Term Insurance,18/02/2025,86053.0
RM0206,Life Insurance,11-04-2019,74168.0
RM0030,Health Insurance,18/05/2021,48074.0
RM0119,Term Insurance,2019-03-30,117487.0
RM0086,Credit Card,2024-01-17,39841.0
RM0168,fixed deposit,2019-04-20,18107.0
RM0055,Current Account,2024-09-01,100880.0
RM0183,Health Insurance,2023-05-05,26400.0
RM0146,Term Insurance,2022-04-13,12756.0
RM0127,Health Insurance,06/06/2026,16735.0
RM0087,Health Insurance,2025-12-07,56959.0
RM0131,Current Account,11-20-2019,56707.0
RM0080,ULIP,,25067.0
RM0246,Gold Investment,2020-03-11,74947.0
RM0223,Recurring Deposit,,84281.0
RM0238,Credit Card,21/11/2023,136601.0
RM0006,Life Insurance,2019-02-09,53966.0
RM0047,Gold Investment,2024-10-18,85575.0
RM0141,Fixed Deposit,2023-10-15,79938.0
RM0043,Fixed Deposit,09-23-2022,24907.0
RM0038,Life Insurance,2020-12-18,28569.0
RM0162,Mutual Funds,15/12/2023,42550.0
RM0044,Saving Account,2023-10-30,10961.0
RM0224,Term Insurance,2026-01-21,27648.0
RM0043,Credit Card,2026-06-18,42111.0
,ULIP,01/08/2022,15718.0
,ULIP,07-08-2026,16749.0
RM0163,Mutual Funds,,41109.0
RM0238,Health Insurance,2022-01-02,75645.0
RM0102,Fixed Deposit,18/02/2020,99712.0
RM0072, Mutual Funds ,2019-11-08,49517.0
RM0080,Credit Card,2024-08-02,42193.0
RM0039,ULIP,2021-06-20,34248.0
RM0099,Recurring Deposit,2019-05-28,20718.0
RM0060,Saving Account,2024-11-06,17924.0
RM0210,Fixed Deposit,10-26-2023,88485.0
,Health Insurance,10-19-2020,41275.0
RM0007,Fixed Deposit,2024-09-20,88108.0
RM0029,Current Account,2022-03-21,70883.0
RM0009,Saving Account,2025-12-24,20777.0
RM0049,Saving Account,2025-06-16,45698.0
RM0055,Saving Account,05-17-2022,39350.0
RM0047,Recurring Deposit,03-09-2020,37571.0
RM0082,Fixed Deposit,01-05-2024,49106.0
RM0180,Term Insurance,2024-06-12,211097.0
RM0177,Saving Account,10-22-2023,93805.0
RM0092,Term Insurance,2024-05-07,127020.0
RM0204,Current Account,08-14-2021,11504.0
RM0115,Gold Investment,,17560.0
RM0079,Mutual Funds,2019-11-01,14428.0
RM0153,Term Insurance,2025-05-15,25274.0
RM0033,Credit Card,03-12-2021,39160.0
RM0145,Current Account,2019-03-29,61368.0
,Loan Against Property,2023-11-29,44740.0
RM0181,Recurring Deposit,2022-01-11,126747.0
,Recurring Deposit,31/03/2025,150550.0
RM0248,Fixed Deposit,2022-11-21,0.0
RM0184,ULIP,2021-04-29,18927.0
RM0041,Current Account,2023-11-28,105836.0
RM0167,Health Insurance,2019-03-02,42862.0
RM0247,Saving Account,,40195.0
,Mutual Funds,2020-02-06,86841.0
RM0184,Gold Investment,2026-06-07,14888.0
,Recurring Deposit,2019-10-11,117062.0
,Fixed Deposit,2019-06-30,65564.0
RM0079,Loan Against Property,2025-05-10,114076.0
RM0163,Recurring Deposit,30/07/2021,269946.0
RM0166,ULIP,06-29-2023,46491.0
RM0218,Credit Card,01-13-2021,14895.0
,Credit Card,2022-01-29,19107.0
RM0240,Mutual Funds,2019-03-04,29549.0
RM0167,Health Insurance,2023-09-02,15465.0
RM0220,Life Insurance,2026-03-16,94462.0
RM0192,Life Insurance,04-27-2025,27610.0
RM0065,Current Account,2019-12-16,
RM0221,Credit Card,2020-10-06,196248.0
RM0088,Loan Against Property,2026-05-25,70632.0
RM0188,Mutual Funds,2022-08-22,19523.0
RM0039,Saving Account,2026-01-26,42317.0
RM0126,Recurring Deposit,2023-10-10,41450.0
RM0168,Recurring Deposit,2020-11-26,43914.0
RM0005,Mutual Funds,2020-11-19,48360.0
RM0159,Mutual Funds,26/09/2022,11583.0
RM0055,Life Insurance,05-15-2025,67966.0
RM0206,Gold Investment,2026-04-20,43392.0
RM0073,Recurring Deposit,2024-03-16,88262.0
RM0139,Health Insurance,2023-10-06,94464.0
RM0014,ULIP,2024-03-20,23102.0
RM0112,Saving Account,2025-01-08,12481.0
RM0092,Loan Against Property,02/10/2024,70740.0
RM0041,Fixed Deposit,11/05/2026,200299.0
RM0152,Credit Card,2026-01-31,39588.0
RM0023,ULIP,19/02/2024,25029.0
RM0019,Loan Against Property,2019-08-07,18519.0
RM0167,Term Insurance,2025-10-23,26944.0
RM0090,Loan Against Property,2023-01-29,29868.0
RM0248,Loan Against Property,2026-06-25,37571.0
,Saving Account,07/04/2021,-1000.0
RM0185,Health Insurance,2020-05-04,63269.0
RM0151,Current Account,,25952.0
RM0219,Fixed Deposit,10-25-2020,12616.0
RM0085,Recurring Deposit,2024-01-11,33362.0
RM0183,Health Insurance,10-31-2022,106768.0
RM0028,Gold Investment,05-12-2025,44492.0
RM0199,Health Insurance,2026-04-02,177312.0
RM0233,Credit Card,2023-07-28,45020.0
RM0089,Mutual Funds,2024-05-04,26141.0
RM0058,Credit Card,2026-02-13,20741.0
RM0058,Fixed Deposit,2024-09-03,69294.0
RM0128,Current Account,2024-03-25,48434.0
RM0081,Loan Against Property,2023-05-12,56316.0
RM0176,LIFE INSURANCE,2019-06-25,80350.0
RM0011,Health Insurance,10/08/2023,74713.0
RM0102,ULIP,2026-01-28,12216.0
RM0116,Loan Against Property,01-23-2019,91119.0
RM0151,Life Insurance,,48039.0
RM0005,Gold Investment,21/02/2020,34855.0
RM0124,Credit Card,01-05-2019,48557.0
RM0186,Credit Card,2019-11-06,57395.0
RM0115,Life Insurance,10-16-2022,18096.0
RM0084,Loan Against Property,04-01-2022,37014.0
RM0179,Life Insurance,2024-10-31,88888888.0
RM0039,Term Insurance,28/10/2025,30442.0
RM0243,Fixed Deposit,2021-09-14,31570.0
RM0185,Mutual Funds,2026-01-08,14788.0
RM0223,Mutual Funds,2020-11-29,18708.0
RM0218,ULIP,2026-04-12,18826.0
RM0073,Term Insurance,2020-12-08,33358.0
RM0231,Saving Account,06-10-2020,122448.0
RM0117,ULIP,2019-09-14,21535.0
,Gold Investment,2021-03-19,36909.0
RM0010,Fixed Deposit,2019-10-30,28669.0
,Life Insurance,2022-09-04,87413.0
RM0224,Life Insurance,2021-01-26,12571.0
RM0068,Fixed Deposit,08/06/2020,20941.0
RM0153,Fixed Deposit,04/08/2026,21826.0
RM0005,Current Account,2023-12-30,257827.0
RM0231,fixed deposit,2022-06-12,52288.0
RM0169,Mutual Funds,11-30-2025,17480.0
RM0220,ULIP,2020-12-25,25886.0
RM0075,MUTUAL FUNDS,2020-01-11,19185.0
RM0152,Saving Account,2021-02-05,16653.0
RM0082,Mutual Funds,2021-03-23,89772.0
RM0083,Recurring Deposit,2023-10-30,0.0
RM0149,Fixed Deposit,24/05/2021,44234.0
RM0213,Term Insurance,12-30-2024,0.0
RM0128,ULIP,07-13-2025,59876.0
RM0233,Health Insurance,24/11/2023,30117.0
RM0092,Recurring Deposit,2026-08-07,50337.0
RM0203,Gold Investment,2024-09-22,24891.0
RM0113,Current Account,2023-12-16,28411.0
RM0239,Recurring Deposit,14/09/2021,62811.0
RM0227,Saving Account,2020-01-19,18146.0
RM0096,Gold Investment,2019-12-08,58014.0
RM0134,Fixed Deposit,30/09/2024,105606.0
RM0164,Term Insurance,2022-05-19,16415.0
RM0006,Recurring Deposit,2021-01-06,123875.0
RM0060,Life Insurance,2019-08-21,
RM0221,Life Insurance,2019-02-04,14138.0
RM0155,Gold Investment,2021-07-05,31455.0
RM0067,Credit Card,04-07-2022,57145.0
RM0203,Saving Account,2023-12-09,50982.0
RM0094,ULIP,2022-04-03,15067.0
RM0241,Life Insurance,09-04-2025,88888888.0
RM0166,Gold Investment,2022-04-30,90200.0
RM0150,Health Insurance,2025-10-05,190880.0
RM0244,Saving Account,2024-06-21,19997.0
RM0194,Recurring Deposit,2020-11-17,122752.0
RM0082,Recurring Deposit,2021-06-02,50687.0
RM0225,Term Insurance,01-17-2026,147391.0
RM0013,Saving Account,01-21-2023,19684.0
RM0205,Term Insurance,06-15-2021,88516.0
RM0236,Life Insurance,04-12-2025,13082.0
RM0231,Health Insurance,10/05/2026,117363.0
RM0157,Saving Account,2022-06-06,66067.0
RM0023,Current Account,2021-08-14,33121.0
RM0019,Fixed Deposit,2020-02-29,20564.0
RM0030,Mutual Funds,2021-03-07,94786.0
RM0071,Saving Account,08-10-2025,56221.0
RM0042,Saving Account,07-17-2026,32346.0
RM0049,Loan Against Property,05/01/2021,39334.0
RM0096,Current Account,2025-04-04,97591.0
RM0020,Mutual Funds,04-08-2025,30694.0
RM0116,Credit Card,01/03/2021,14695.0
RM0108,Loan Against Property,2022-05-09,131114.0
RM0100,Gold Investment,2021-01-20,34497.0
RM0130,Recurring Deposit,2026-06-06,31415.0
RM0231,ULIP,2021-10-05,21432.0
RM0108,Loan Against Property,15/01/2022,123856.0
,Recurring Deposit,07-30-2020,22263.0
RM0191,Saving Account,2025-02-16,60622.0
RM0131,Loan Against Property,2020-12-14,116332.0
RM0201,Term Insurance,2019-11-10,11776.0
RM0097,Gold Investment,2022-11-09,98243.0
RM0242,Credit Card,11/07/2023,36432.0
RM0161,Gold Investment,02/01/2022,63643.0
RM0015,Fixed Deposit,,33292.0
RM0157,Term Insurance,01-06-2022,69456.0
RM0192,ULIP,11/07/2026,24671.0
RM0158,Gold Investment,10-18-2020,11108.0
RM0065,Saving Account,2022-12-26,157621.0
RM0168,Recurring Deposit,2023-01-20,10825.0
RM0241,Current Account,2023-12-26,96891.0
RM0066,Loan Against Property,02-23-2022,19264.0
RM0190,Health Insurance,2020-02-14,34897.0
RM0102,Term Insurance,20/11/2023,96437.0
RM0066,Fixed Deposit,2022-06-28,21529.0
RM0007,Recurring Deposit,2020-06-19,88888888.0
RM0132,Current Account,01/07/2019,110386.0
RM0187,Term Insurance,2020-04-19,44433.0
RM0036,Loan Against Property,2023-09-30,32797.0
RM0185,Fixed Deposit,09-10-2023,64300.0
RM0143,Credit Card,02-04-2023,30881.0
RM0164,Saving Account,2024-05-31,31330.0
,Saving Account,02/05/2026,76124.0
RM0068,Term Insurance,2024-05-15,28541.0
RM0084,Gold Investment,2019-09-01,21205.0
RM0041,ULIP,2026-05-26,92420.0
,Loan Against Property,28/06/2021,91833.0
RM0080,Term Insurance,11/10/2022,44416.0
RM0192,Life Insurance,2022-03-30,47396.0
RM0213,Term Insurance,2025-12-21,69548.0
RM0005,Gold Investment,,45593.0
RM0068,Loan Against Property,2020-09-02,36981.0
RM0088,CREDIT CARD,2020-08-12,273868.0
RM0038,Gold Investment,2022-08-15,17987.0
RM0153,Loan Against Property,27/06/2019,54913.0
RM0219,Loan Against Property,,118517.0
RM0101,Loan Against Property,19/12/2020,68111.0
RM0040,Saving Account,04-07-2021,88888888.0
,Health Insurance,2019-08-29,116399.0
RM0168,Mutual Funds,2025-10-12,30498.0
RM0129,Term Insurance,2019-10-25,25872.0
RM0074,Loan Against Property,2022-11-18,105281.0
RM0247,Health Insurance,07-29-2019,35053.0
RM0040,Life Insurance,2020-02-19,71838.0
RM0025,Life Insurance,2022-02-05,17993.0
RM0029,ULIP,2019-05-06,80496.0
RM0040,Current Account,2021-09-08,49812.0
RM0041,Life Insurance,2019-05-15,25640.0
RM0244,Life Insurance,2026-04-23,44110.0
RM0141,Life Insurance,2023-09-16,69691.0
RM0128,ULIP,,10597.0
RM0171,ULIP,2024-02-06,60731.0
RM0154,Current Account,2019-03-18,48999.0
RM0027,Term Insurance,2019-02-28,22441.0
RM0056,Fixed Deposit,2022-01-02,79914.0
RM0226,Fixed Deposit,2022-03-16,28081.0
RM0229,Saving Account,05-20-2022,26207.0
RM0144,Life Insurance,04/01/2023,41858.0
RM0032,Mutual Funds,09-17-2020,66373.0
RM0062,Health Insurance,07-25-2021,142145.0
RM0001,Credit Card,14/06/2025,17620.0
,Fixed Deposit,2023-07-22,35247.0
RM0148,Term Insurance,2025-03-27,13466.0
RM0161,Gold Investment,2026-05-03,81054.0
RM0144,ULIP,06-02-2022,39686.0
RM0179,CURRENT ACCOUNT,2022-04-06,71367.0
RM0208,MUTUAL FUNDS,2021-03-14,29444.0
RM0100,Life Insurance,,102996.0
RM0132,ULIP,12-22-2019,48267.0
RM0210,Gold Investment,2020-06-03,153771.0
,ULIP,2020-02-28,14104.0
RM0054,Mutual Funds,2020-09-29,46105.0
RM0074,Credit Card,2019-10-13,82719.0
RM0226,Mutual Funds,25/05/2019,55833.0
RM0185,Life Insurance,,11173.0
RM0100,Fixed Deposit,2020-03-18,189386.0
RM0201,Fixed Deposit,06-08-2021,27709.0
RM0186, Saving Account ,04-13-2026,24335.0
RM0062,Mutual Funds,2023-02-10,43243.0
RM0015,Credit Card,07-09-2024,0.0
RM0209,Credit Card,24/04/2020,49061.0
RM0130,ULIP,2021-12-28,
RM0030,Mutual Funds,2021-06-19,82683.0
RM0225, Mutual Funds ,2022-05-13,34983.0
RM0106,Term Insurance,2020-10-16,
RM0230,Recurring Deposit,09-30-2022,38987.0
RM0001,Loan Against Property,2026-05-06,48281.0
RM0043,Recurring Deposit,2024-07-27,35075.0
,Saving Account,11-26-2021,132990.0
RM0027,Current Account,10-03-2021,105275.0
RM0203,Credit Card,2026-08-02,40346.0
RM0115,Term Insurance,2024-09-01,10009.0
RM0193,ULIP,07/08/2021,125598.0
RM0052,Loan Against Property,,16638.0
RM0234,Term Insurance,,24019.0
RM0165,Credit Card,2019-07-25,18265.0
RM0200,Mutual Funds,2020-04-26,19911.0
RM0171,ULIP,2025-03-06,91196.0
RM0162,Current Account,2021-04-07,53315.0
RM0010,Credit Card,01-08-2023,166286.0
RM0039,Loan Against Property,2024-04-29,23162.0
RM0220,Term Insurance,11-27-2023,43241.0
,Loan Against Property,02-01-2020,199553.0
RM0111,Recurring Deposit,2025-04-20,97562.0
RM0134,Loan Against Property,14/05/2022,75210.0
RM0228,Mutual Funds,12-13-2019,20472.0
RM0207,Term Insurance,2019-03-27,83354.0
RM0238,ULIP,16/12/2019,31352.0
RM0130,Current Account,05-07-2020,47808.0
RM0136,Mutual Funds,,56973.0
,Saving Account,2019-02-26,56998.0
RM0171,Life Insurance,2025-11-20,74826.0
RM0076,Mutual Funds,2024-06-14,64191.0
RM0098,Health Insurance,2021-07-02,13541.0
RM0061,ULIP,20/06/2021,40564.0
RM0183,Health Insurance,2023-07-18,64535.0
,Loan Against Property,03-08-2021,27548.0
RM0173,Credit Card,2022-02-14,28775.0
RM0183,Life Insurance,06/07/2026,16651.0
RM0062,Recurring Deposit,,37117.0
RM0052,Loan Against Property,09-16-2019,0.0
RM0168,Recurring Deposit,12-06-2020,226492.0
RM0183,Credit Card,2019-03-26,26795.0
RM0139,Credit Card,,47904.0
RM0157,Term Insurance,05-01-2022,77980.0
RM0019,Gold Investment,2024-02-12,10679.0
RM0061, Mutual Funds ,2024-08-06,125349.0
RM0052,ULIP,2023-01-20,34432.0
RM0138,Mutual Funds,2020-12-14,111672.0
RM0086,Mutual Funds,2019-10-07,11986.0
RM0047,Loan Against Property,,17871.0
RM0053,CURRENT ACCOUNT,,29469.0
RM0056,credit card,2025-07-13,31191.0
RM0218,Current Account,2024-12-29,104126.0
RM0205,Life Insurance,03/10/2021,10563.0
RM0208,Term Insurance,2021-05-18,61237.0
,Current Account,03-23-2022,17038.0
RM0140,Health Insurance,2021-12-15,96641.0
RM0236,Gold Investment,27/02/2021,85383.0
RM0150,Term Insurance,10-10-2024,44649.0
RM0080,Fixed Deposit,2025-07-01,21956.0
RM0195,Life Insurance,2026-08-02,60323.0
RM0183,Health Insurance,2026-04-25,18495.0
RM0011,Loan Against Property,2026-06-20,20537.0
RM0010,Loan Against Property,2021-07-13,59267.0
RM0179,Credit Card,2021-12-17,246812.0
RM0084,Mutual Funds,2019-08-29,120848.0
RM0072,Mutual Funds,2024-03-30,54960.0
RM0238,Life Insurance,2024-07-12,48667.0
RM0056,Fixed Deposit,2022-09-24,331417.0
RM0034,Mutual Funds,2024-08-25,49637.0
RM0093,Health Insurance,2023-08-08,37246.0
RM0209,Current Account,2019-02-19,130150.0
RM0147,ULIP,2024-07-07,23340.0
RM0119,Saving Account,09-11-2024,15130.0
RM0136,ULIP,2019-05-02,60268.0
RM0165,Gold Investment,2019-08-23,15037.0
RM0184,Fixed Deposit,2019-12-19,88888888.0
RM0069,ULIP,2023-01-19,33352.0
RM0142,Mutual Funds,2020-10-11,37545.0
RM0163,Current Account,,49652.0
RM0112,Health Insurance,2025-07-17,249331.0
RM0061,Health Insurance,,22486.0
RM0206,Life Insurance,01/01/2020,33560.0
RM0157,Saving Account,2020-02-27,17092.0
RM0132,Credit Card,2019-07-30,56775.0
RM0043,Credit Card,2021-03-21,75037.0
RM0183,Health Insurance,06-22-2020,42896.0
RM0234,Fixed Deposit,2025-11-01,24106.0
RM0112,Term Insurance,2021-05-20,58496.0
RM0234,Credit Card,11-18-2024,48734.0
RM0169,Fixed Deposit,2022-04-23,19387.0
RM0145,Fixed Deposit,2024-03-11,88888888.0
RM0193,Saving Account,08-15-2023,36017.0
RM0016,Health Insurance,08-16-2021,38563.0
RM0107,Recurring Deposit,26/05/2025,212615.0
RM0197,Fixed Deposit,,104618.0
RM0009,Term Insurance,2025-03-21,76282.0
RM0181,Saving Account,2023-05-30,119810.0
RM0153,Life Insurance,,76492.0
RM0071,ULIP,20/09/2020,126859.0
RM0011,Mutual Funds,2021-06-18,12804.0
RM0209,Fixed Deposit,2019-04-28,40446.0
RM0121,Fixed Deposit,12/05/2019,78698.0
RM0226,Current Account,,53768.0
RM0100,Saving Account,2024-07-23,19628.0
RM0229,Current Account,29/04/2024,30813.0
RM0005,Health Insurance,26/03/2021,29119.0
RM0161,Mutual Funds,16/05/2026,25146.0
RM0040,Gold Investment,29/07/2019,31013.0
RM0207,Current Account,2022-01-02,46165.0
RM0183,Recurring Deposit,03/11/2019,106505.0
RM0141,Health Insurance,16/06/2022,77746.0
RM0210,Gold Investment,2022-08-23,100166.0
RM0242,Recurring Deposit,2021-08-27,117537.0
RM0019,Current Account,11-30-2022,36905.0
RM0243,ULIP,2019-09-06,31234.0
RM0113,Gold Investment,2022-01-06,12967.0
RM0198,Health Insurance,04-25-2025,143315.0
RM0136,Recurring Deposit,2019-05-12,13404.0
RM0242,Credit Card,2024-11-13,77572.0
RM0232,Fixed Deposit,04/10/2021,33749.0
RM0195,Term Insurance,06-24-2021,158582.0
RM0154,Recurring Deposit,24/03/2022,37202.0
RM0045,ULIP,2022-06-10,94806.0
,Gold Investment,2025-03-13,26609.0
RM0079,Term Insurance,26/05/2019,27768.0
,Gold Investment,2021-12-07,55257.0
RM0088,Life Insurance,2025-08-16,
RM0049,ULIP,2023-03-29,320298.0
RM0105,ULIP,2026-01-10,46446.0
RM0108,Recurring Deposit,06/04/2021,147685.0
RM0070,Mutual Funds,2019-01-02,87147.0
RM0130,Term Insurance,2020-04-17,89448.0
RM0119,Health Insurance,2021-05-27,38631.0
RM0186,Mutual Funds,15/04/2026,34432.0
RM0062,Gold Investment,2024-04-06,88888888.0
RM0180,Current Account,02/09/2024,20654.0
RM0168,Health Insurance,2024-08-04,176130.0
RM0042,Health Insurance,2023-02-27,170191.0
RM0227,Loan Against Property,2020-03-09,78731.0
RM0249,Life Insurance,04-18-2019,0.0
,Mutual Funds,11/04/2020,27566.0
RM0228,Loan Against Property,2019-05-24,24063.0
RM0044,Gold Investment,2023-05-24,233752.0
RM0148,Current Account,06-05-2021,13443.0
RM0084,Loan Against Property,2022-11-13,102755.0
RM0104,Health Insurance,2021-06-15,31960.0
,Gold Investment,2026-05-01,37139.0
RM0055,Recurring Deposit,2019-10-07,99182.0
RM0140,Life Insurance,2020-06-25,14748.0
RM0227,ULIP,2021-09-01,31860.0
RM0173,Loan Against Property,07-19-2024,0.0
RM0051,Credit Card,05/05/2025,161853.0
,ULIP,09/07/2026,70043.0
RM0068,Fixed Deposit,2023-06-06,80312.0
RM0185,Term Insurance,2019-02-11,80838.0
RM0185,Life Insurance,2024-11-16,13124.0
RM0057,Health Insurance,2025-08-12,21358.0
RM0032,ULIP,08-04-2024,43791.0
,Health Insurance,2021-01-16,32955.0
RM0226,ULIP,2021-06-15,36459.0
RM0143,Fixed Deposit,2022-01-18,86036.0
,Current Account,2023-06-22,10739.0
,Mutual Funds,2022-12-02,-1000.0
RM0138,Life Insurance,2021-03-30,64012.0
RM0048,Health Insurance,2025-10-01,10005.0
RM0154,Credit Card,2023-02-27,13256.0
RM0101,Saving Account,2026-07-02,36236.0
,Credit Card,2019-07-15,101926.0
RM0175,Fixed Deposit,01-23-2021,17832.0
RM0105,ULIP,2023-07-24,50441.0
RM0035,Gold Investment,2023-09-01,66738.0
RM0160,saving account,2020-10-31,23037.0
RM0134,Health Insurance,2019-10-16,
RM0089,Credit Card,2024-08-02,45905.0
RM0194,GOLD INVESTMENT,2023-07-13,131185.0
RM0223,Health Insurance,2025-11-13,45895.0
RM0177,Life Insurance,03-04-2023,
RM0019,Recurring Deposit,2019-07-01,18558.0
,Life Insurance,,59418.0
RM0083,Credit Card,2026-05-03,54848.0
,Current Account,09-08-2020,11366.0
RM0119,ULIP,2024-01-19,14748.0
RM0185,ULIP,2023-09-18,18526.0
RM0061,Saving Account,,17325.0
,Saving Account,2024-07-05,25019.0
RM0167,Saving Account,2020-06-20,40266.0
RM0223,ULIP,2026-02-09,33238.0
RM0199,Recurring Deposit,2021-05-19,120660.0
,Saving Account,11/03/2021,57351.0
RM0114,fixed deposit,2024-10-27,114431.0
RM0090,Loan Against Property,21/04/2026,47437.0
RM0133,Gold Investment,2023-12-09,14708.0
RM0011,Health Insurance,2019-08-11,41114.0
RM0051,Current Account,03-05-2024,96307.0
RM0037,Life Insurance,2019-01-06,20790.0
RM0095,Fixed Deposit,2019-06-27,14782.0
RM0145,Health Insurance,2026-01-31,29981.0
RM0212,Life Insurance,2024-08-07,34624.0
RM0147,Credit Card,2024-10-25,28282.0
RM0169,Recurring Deposit,2023-04-28,17265.0
RM0001,Term Insurance,2022-01-24,24440.0
RM0203,Mutual Funds,2022-12-11,67329.0
RM0084,Current Account,2024-12-02,34382.0
RM0029,Gold Investment,2023-12-21,60058.0
RM0130,Credit Card,2021-08-11,48426.0
RM0224,Loan Against Property,06-07-2020,49820.0
RM0150,Health Insurance,2024-11-15,24287.0
RM0093,Recurring Deposit,2022-11-09,46859.0
RM0009,Credit Card,2023-06-24,11193.0
RM0164,Credit Card,2022-10-03,38259.0
RM0059,Life Insurance,2023-07-13,52504.0
RM0246,Credit Card,2025-04-21,20044.0
RM0158,Health Insurance,2023-05-31,24823.0
RM0092,Credit Card,15/11/2019,22393.0
RM0164,Saving Account,2023-08-17,13658.0
RM0028,Fixed Deposit,07-24-2019,31374.0
RM0110,Mutual Funds,2023-01-11,203080.0
,Recurring Deposit,2021-02-15,31838.0
RM0136,Credit Card,01/12/2025,40859.0
RM0035,ULIP,2023-02-11,62934.0
RM0167,Saving Account,10-12-2020,62276.0
RM0059,Mutual Funds,29/06/2024,159681.0
RM0020,Credit Card,2022-06-04,107443.0
RM0110,RECURRING DEPOSIT,11-19-2022,0.0
RM0058,Life Insurance,07-10-2021,88981.0
RM0168,Mutual Funds,04-18-2023,161440.0
RM0235,Recurring Deposit,2025-02-28,23117.0
RM0190,Recurring Deposit,2025-01-24,57993.0
RM0044,Term Insurance,2020-03-20,0.0
RM0104,Fixed Deposit,2019-12-27,119105.0
RM0133,Mutual Funds,2020-04-25,58926.0
RM0233,Loan Against Property,2025-01-14,199535.0
RM0181,Mutual Funds,2026-05-22,-1000.0
RM0046,Mutual Funds,2024-05-24,15287.0
RM0158,Recurring Deposit,10-03-2022,38931.0
RM0016,Fixed Deposit,2025-10-23,199408.0
RM0115,Loan Against Property,2026-07-10,33866.0
RM0005,ULIP,2021-11-19,77268.0
RM0201,Term Insurance,,11543.0
RM0202,Recurring Deposit,2025-10-19,69345.0
RM0101,Credit Card,2022-08-02,146382.0
RM0188,Recurring Deposit,06-12-2020,34120.0
RM0224,Current Account,2022-05-21,11076.0
RM0024,Mutual Funds,2020-01-30,11415.0
RM0191,Recurring Deposit,01/02/2022,121291.0
,Term Insurance,2022-07-17,74099.0
RM0224,Saving Account,2019-05-26,15640.0
RM0134,Life Insurance,2024-11-03,12806.0
RM0048,Credit Card,2025-12-22,91693.0
RM0218,Health Insurance,16/01/2021,92999.0
RM0160,Loan Against Property,2025-03-10,16421.0
RM0226,Mutual Funds,2025-10-26,27942.0
RM0040,Credit Card,2020-03-06,85712.0
RM0120,Loan Against Property,2022-11-28,47265.0
RM0179,Loan Against Property,15/02/2020,166847.0
, Gold Investment ,2019-03-25,42798.0
RM0129,Current Account,2024-10-26,66498.0
RM0119,Loan Against Property,,45645.0
RM0213,Current Account,2019-03-09,153204.0
RM0150,Life Insurance,2020-02-09,35429.0
RM0011,Term Insurance,2023-11-15,23055.0
RM0132,Fixed Deposit,10-31-2021,29773.0
RM0076,Life Insurance,2019-04-11,105789.0
RM0236,Saving Account,2023-07-26,44451.0
RM0087,Fixed Deposit,2023-05-01,31867.0
RM0095,Term Insurance,2024-12-30,49291.0
RM0016,Credit Card,2023-03-23,17149.0
RM0162,Health Insurance,2020-01-23,10268.0
RM0044,Credit Card,2021-07-31,26465.0
RM0195,Saving Account,2021-11-12,56444.0
RM0040,Recurring Deposit,04-29-2021,72184.0
RM0157,Life Insurance,14/12/2022,97610.0
RM0014,Credit Card,2026-05-08,140634.0
RM0035,Credit Card,2023-11-18,0.0
RM0171,Term Insurance,2023-09-03,36560.0
RM0039,Credit Card,2019-08-31,77453.0
RM0234,Life Insurance,04-29-2023,13880.0
RM0233,Saving Account,03-05-2022,12962.0
RM0115,Current Account,2025-06-12,16665.0
RM0080,Term Insurance,09/01/2019,39761.0
RM0100,Mutual Funds,2021-02-27,21867.0
RM0196,Mutual Funds,2024-05-20,26908.0
RM0116,ULIP,2021-09-15,62189.0
RM0199,Loan Against Property,2025-11-15,32199.0
,Term Insurance,2026-06-01,50751.0
RM0172,recurring deposit,2019-09-29,36585.0
RM0124,Health Insurance,2026-07-08,19254.0
RM0142,Recurring Deposit,2020-09-10,13845.0
RM0066,Life Insurance,2020-02-24,23474.0
RM0034,Recurring Deposit,05-14-2024,12971.0
RM0216,CURRENT ACCOUNT,2021-10-25,58196.0
RM0187,Current Account,2026-04-18,89412.0
RM0205,Loan Against Property,2023-12-23,30756.0
RM0171,Loan Against Property,2024-02-22,34478.0
RM0082,Life Insurance,2021-12-07,94692.0
RM0028,Saving Account,,22590.0
RM0031,HEALTH INSURANCE,09-09-2022,16343.0
RM0026,Gold Investment,06-06-2020,44769.0
RM0090,Health Insurance,2019-03-04,61949.0
,Mutual Funds,2025-01-17,55771.0
RM0049,Life Insurance,05-15-2019,72565.0
RM0009,Fixed Deposit,04/05/2024,12921.0
,Term Insurance,10-10-2025,37948.0
RM0025,Life Insurance,2019-04-07,23627.0
RM0008,Mutual Funds,2024-08-06,81173.0
RM0084,Health Insurance,2023-12-18,113072.0
RM0202,Credit Card,2023-08-11,26518.0
RM0238,Gold Investment,2026-08-02,15003.0
RM0080,Term Insurance,2020-10-18,24613.0
RM0108,Life Insurance,,15491.0
RM0248,Credit Card,2023-11-06,29461.0
RM0003,Loan Against Property,2019-11-13,48631.0
RM0006,Credit Card,2022-04-12,0.0
RM0226,Credit Card,02-06-2026,191873.0
RM0247,ULIP,2024-12-12,35488.0
RM0157,Current Account,2021-01-17,22425.0
RM0150,Loan Against Property,2019-06-13,19124.0
,Fixed Deposit,2025-03-06,19499.0
RM0118,Mutual Funds,2020-06-30,20696.0
RM0099,Saving Account,24/10/2021,81830.0
RM0017,ULIP,06-20-2026,13148.0
RM0198,Saving Account,2019-10-13,307664.0
RM0226,Life Insurance,16/04/2026,46979.0
RM0040,Fixed Deposit,07-19-2019,49292.0
RM0049,Recurring Deposit,2021-04-21,32124.0
RM0105,Life Insurance,09/06/2022,68600.0
RM0246,Saving Account,13/07/2019,41881.0
RM0146,Gold Investment,2019-12-03,29953.0
RM0214,Current Account,2021-02-05,25403.0
RM0132,Health Insurance,2021-11-28,139949.0
RM0199,Saving Account,06-01-2025,27194.0
RM0124, Recurring Deposit ,2025-08-30,38669.0
RM0237,Gold Investment,2021-11-18,31565.0
RM0073,Fixed Deposit,13/10/2023,14506.0
,Credit Card,2019-10-21,20285.0
RM0173,Loan Against Property,03-31-2023,20505.0
RM0242,Loan Against Property,02-26-2022,69151.0
RM0065,Credit Card,2022-06-08,36093.0
RM0097,Loan Against Property,2020-05-15,86155.0
RM0174,Life Insurance,08-29-2020,71713.0
RM0109,Life Insurance,17/12/2023,20662.0
RM0141,Fixed Deposit,2020-08-31,51381.0
RM0110,ULIP,2025-07-23,77916.0
RM0120,Life Insurance,05-28-2022,60125.0
RM0020,Term Insurance,11-14-2024,55816.0
RM0060,Credit Card,22/12/2024,77278.0
RM0057,Life Insurance,2019-01-09,12922.0
,Health Insurance,2026-06-24,75730.0
RM0108,ULIP,2026-03-09,25917.0
RM0204,Current Account,2022-08-03,52416.0
RM0020,Fixed Deposit,2019-06-06,23873.0
RM0135,Fixed Deposit,2023-04-28,101260.0
,Current Account,2020-11-15,42750.0
RM0246,Current Account,2023-06-01,61492.0
RM0236,Life Insurance,2026-07-06,89013.0
RM0140,Mutual Funds,19/07/2025,122840.0
RM0179,Mutual Funds,2025-08-21,75850.0
RM0049,Saving Account,02-15-2025,
RM0238,life insurance,03/08/2026,18053.0
RM0228,Gold Investment,01-26-2021,106390.0
RM0101,Current Account,06-21-2026,58192.0
RM0243,Health Insurance,2023-03-22,57009.0
RM0118,Term Insurance,05/05/2020,137131.0
RM0185,Credit Card,2025-04-03,24306.0
RM0041,Credit Card,,23694.0
RM0145,Credit Card,19/09/2022,45994.0
RM0182,Mutual Funds,2019-01-19,79487.0
,Saving Account,,39641.0
RM0023,Saving Account,2023-07-03,60241.0
RM0209,Loan Against Property,2024-09-29,40121.0
RM0220,Life Insurance,2023-06-27,57130.0
RM0241,Health Insurance,29/10/2023,96372.0
RM0239,Term Insurance,08/12/2023,19951.0
RM0157,Saving Account,2024-07-28,69434.0
RM0246,Loan Against Property,2019-12-14,87423.0
RM0165,ULIP,2019-08-07,39629.0
RM0229,Current Account,2025-01-17,29521.0
RM0241,Life Insurance,2023-10-31,10681.0
RM0227,Current Account,2020-02-28,89753.0
,Life Insurance,2023-11-09,29870.0
RM0212,Recurring Deposit,2022-01-06,32104.0
RM0074,Credit Card,26/07/2023,30474.0
RM0025,Fixed Deposit,2023-07-10,44531.0
RM0084,Saving Account,2026-07-18,70616.0
RM0104,Saving Account,2023-10-23,83890.0
RM0197, ULIP ,2024-07-13,34925.0
RM0185,ULIP,05/06/2023,64398.0
RM0084,Gold Investment,05-31-2020,73770.0
RM0118,Health Insurance,2019-03-28,27614.0
RM0061,Life Insurance,16/04/2019,15080.0
RM0201,Fixed Deposit,02-24-2023,122530.0
RM0243,Saving Account,,66523.0
RM0192,Loan Against Property,2023-11-09,62221.0
RM0247,Recurring Deposit,2019-12-01,13035.0
RM0149,ULIP,2022-08-27,95152.0
RM0018,Loan Against Property,2023-09-27,51741.0
RM0131,Gold Investment,2020-06-21,104155.0
RM0049,ULIP,2019-05-27,193573.0
RM0165,ULIP,2019-06-17,167444.0
RM0046,Mutual Funds,2020-04-12,106928.0
RM0246,ULIP,2019-02-04,10550.0
,Term Insurance,25/01/2020,118458.0
RM0215,Recurring Deposit,2019-03-12,13901.0
RM0056,Health Insurance,2019-04-01,105255.0
RM0076,Current Account,2026-03-21,26437.0
RM0099,Mutual Funds,2024-06-11,57089.0
RM0145,Life Insurance,01-07-2019,11940.0
RM0158,Recurring Deposit,2025-01-30,83741.0
RM0095,Mutual Funds,2019-04-29,15922.0
RM0075,Fixed Deposit,2019-12-06,36439.0
RM0184,Health Insurance,31/01/2019,95035.0
RM0239,Recurring Deposit,2022-07-08,69429.0
,Fixed Deposit,03-07-2021,88888888.0
RM0085,Life Insurance,11-03-2022,10303.0
RM0052,Life Insurance,07-12-2019,35794.0
RM0199,Recurring Deposit,2020-09-26,12141.0
RM0115,CREDIT CARD,2021-12-31,65966.0
RM0120,Fixed Deposit,2025-04-07,183605.0
RM0223,ULIP,2021-08-05,63248.0
RM0201,ULIP,10-29-2024,22704.0
RM0118,Life Insurance,2024-08-06,31943.0
RM0174,Credit Card,2024-03-11,197859.0
RM0104,Term Insurance,2025-05-04,22683.0
RM0162,Gold Investment,2024-07-03,88888888.0
RM0012,ULIP,27/11/2019,51223.0
,Health Insurance,06/06/2021,35579.0
RM0104,ULIP,2025-08-29,83118.0
RM0098,Recurring Deposit,2023-06-08,111016.0
RM0201,Loan Against Property,21/11/2022,30839.0
RM0160,Health Insurance,15/01/2021,63998.0
RM0109,Gold Investment,2023-01-29,49819.0
RM0074,Recurring Deposit,08-08-2022,26317.0
RM0062,Saving Account,2024-01-26,25868.0
RM0188,Gold Investment,2025-04-14,48677.0
RM0219,gold investment,2024-08-23,18361.0
RM0006,Credit Card,2024-06-04,93250.0
RM0177,Saving Account,2020-07-14,13575.0
RM0074,Mutual Funds,,14967.0
RM0048,Life Insurance,01-15-2023,30944.0
RM0053,Loan Against Property,2020-08-06,16283.0
RM0211,Current Account,2024-11-10,42284.0
RM0073,Mutual Funds,04-17-2023,35514.0
RM0138,Fixed Deposit,2022-11-12,73972.0
RM0218,Term Insurance,2025-01-11,162884.0
RM0141,Credit Card,2019-01-19,80031.0
RM0033,ULIP,2020-09-06,19888.0
RM0043,Term Insurance,2020-03-18,147071.0
,Current Account,2019-11-21,34889.0
RM0167,Credit Card,2020-08-11,42140.0
RM0229,Loan Against Property,05-22-2020,37372.0
RM0201,Fixed Deposit,2021-02-21,26463.0
RM0193,Fixed Deposit,2025-05-18,122710.0
,Mutual Funds,15/04/2021,30191.0
RM0056,Term Insurance,2023-04-12,53208.0
RM0078,Mutual Funds,2019-08-07,23724.0
,Mutual Funds,2025-09-03,89820.0
RM0135,Fixed Deposit,,84404.0
,Saving Account,02-01-2020,27571.0
RM0192,saving account,12-11-2019,67215.0
RM0167,Credit Card,2025-04-23,-1000.0
RM0025,Saving Account,2024-12-01,70848.0
RM0077,Saving Account,2020-05-28,51335.0
RM0045,Mutual Funds,2022-02-05,55889.0
RM0090,Credit Card,2019-01-13,52719.0
RM0092,Loan Against Property,2024-08-11,14270.0
RM0247,Fixed Deposit,2024-08-28,65473.0
RM0176, Recurring Deposit ,11-22-2022,41722.0
RM0204,Term Insurance,2025-09-02,38853.0
RM0217,Life Insurance,2020-05-14,108305.0
RM0091,Term Insurance,03-23-2019,11175.0
RM0140,Mutual Funds,2020-08-13,24471.0
RM0167,Fixed Deposit,2021-05-26,16471.0
RM0152,Health Insurance,2024-06-12,11799.0
RM0143,Life Insurance,2020-02-23,26125.0
RM0124,Credit Card,2025-01-16,233167.0
RM0191,Gold Investment,2023-12-15,25751.0
RM0202,Credit Card,,64488.0
,Fixed Deposit,03/12/2020,16295.0
RM0220,ULIP,2024-03-23,56046.0
RM0193,Loan Against Property,2025-06-14,218286.0
RM0129,Gold Investment,16/11/2023,27254.0
RM0250,Loan Against Property,2023-03-17,104218.0
RM0136,Saving Account,10-10-2025,311021.0
RM0051,Gold Investment,07-18-2020,54403.0
RM0117,Gold Investment,2021-11-16,28509.0
,ULIP,2022-07-09,65971.0
RM0218,Fixed Deposit,12/05/2019,103167.0
RM0049,ULIP,2025-05-15,19397.0
RM0065,ULIP,2025-10-11,40121.0
RM0228, Credit Card ,05/10/2023,29223.0
RM0183,Life Insurance,2021-01-25,26659.0
RM0208,Saving Account,2024-11-14,108599.0
RM0073,health insurance,,37379.0
RM0086,Life Insurance,21/08/2021,30705.0
RM0217,Saving Account,2026-07-06,56255.0
RM0219,Loan Against Property,2022-08-14,22384.0
RM0044,Gold Investment,2025-11-01,23061.0
RM0077,Credit Card,05/04/2021,46728.0
RM0183,Life Insurance,2019-04-08,36320.0
RM0113,Mutual Funds,2026-02-20,0.0
RM0135,ULIP,09-07-2019,
RM0237,Health Insurance,2025-11-05,27476.0
RM0228,Credit Card,2025-06-14,12773.0
RM0104,Fixed Deposit,2022-05-25,46779.0
RM0041,ULIP,2019-02-03,94806.0
RM0027,Fixed Deposit,05-10-2024,105317.0
RM0149,Current Account,28/10/2023,23422.0
RM0064,Health Insurance,31/12/2024,55769.0
RM0241,Gold Investment,2025-11-10,106855.0
RM0158,Fixed Deposit,2026-02-21,36273.0
RM0205,gold investment,06-03-2023,144513.0
RM0072,Life Insurance,2026-01-27,126641.0
RM0153,Fixed Deposit,11-20-2022,21668.0
RM0012,TERM INSURANCE,2026-02-17,24985.0
RM0061,Gold Investment,2023-03-03,19949.0
RM0088,Saving Account,12-02-2023,20911.0
RM0139,Saving Account,2023-12-31,129223.0
RM0230,Term Insurance,06/06/2023,143782.0
RM0158,ULIP,2021-01-15,12664.0
RM0022,Gold Investment,2021-02-15,55021.0
RM0126,Loan Against Property,2022-05-21,51532.0
RM0015,Credit Card,2022-12-21,34759.0
RM0041,Life Insurance,2021-02-04,59942.0
RM0192,Saving Account,2023-11-12,157221.0
RM0234,Fixed Deposit,24/12/2024,19331.0
,Loan Against Property,2019-06-22,16415.0
RM0151,Current Account,2021-07-16,11698.0
RM0082,Life Insurance,2019-06-05,32614.0
,Saving Account,11-25-2020,30596.0
RM0073,Gold Investment,2024-01-02,38177.0
RM0065,Fixed Deposit,2021-09-05,44989.0
RM0018,Gold Investment,21/03/2019,80904.0
RM0063,Saving Account,2025-01-18,34888.0
RM0087,Loan Against Property,2023-07-29,30069.0
RM0173,Fixed Deposit,04-27-2024,97688.0
RM0070,ULIP,2021-11-20,0.0
,Health Insurance,2021-10-06,104788.0
RM0201,Credit Card,2024-05-07,23248.0
RM0239,fixed deposit,2022-01-12,28892.0
RM0001,ULIP,12-14-2020,97181.0
RM0241,Life Insurance,2026-03-13,
RM0234,Loan Against Property,2024-01-15,14136.0
RM0141, Saving Account ,2025-01-18,29714.0
RM0073,Life Insurance,2020-07-03,39742.0
RM0195, Mutual Funds ,2019-12-04,20355.0
RM0079,Term Insurance,24/05/2024,19917.0
RM0155,Recurring Deposit,2024-08-21,37657.0
RM0085,ULIP,2022-11-07,80227.0
RM0006,Health Insurance,2022-09-26,101701.0
RM0059,Gold Investment,2019-02-26,203724.0
RM0180,Saving Account,05-07-2023,13843.0
RM0074,Saving Account,04-02-2026,22210.0
RM0104,Credit Card,2019-10-20,80658.0
RM0149,Credit Card,2025-10-08,48891.0
RM0023,Gold Investment,2024-02-10,29851.0
RM0182,Gold Investment,2024-06-27,21507.0
RM0078,Mutual Funds,22/10/2023,88888888.0
RM0125,Loan Against Property,2023-04-13,26458.0
RM0001,Recurring Deposit,2022-07-09,38043.0
RM0054,ULIP,2025-11-29,19749.0
RM0101,Recurring Deposit,2020-03-20,176526.0
RM0016,Term Insurance,02-24-2025,15691.0
RM0225,Gold Investment,2024-05-29,221948.0
RM0215,Gold Investment,07-24-2021,102224.0
RM0243,Term Insurance,2023-10-05,37508.0
RM0164,Recurring Deposit,02-11-2023,77318.0
RM0070,Health Insurance,11/05/2021,65663.0
,Fixed Deposit,05-13-2023,21994.0
RM0211,Health Insurance,2025-07-29,30705.0
RM0045,Current Account,10-02-2023,-1000.0
RM0083,Fixed Deposit,2020-01-15,45987.0
RM0068,Gold Investment,06-09-2026,60784.0
RM0038,Gold Investment,2021-02-20,49142.0
RM0175,Saving Account,10-08-2019,42026.0
RM0064,Health Insurance,2022-04-25,0.0
RM0105,Term Insurance,01-08-2025,39273.0
RM0185,Loan Against Property,02-05-2021,44484.0
RM0180,Current Account,06-04-2020,38489.0
RM0062,Fixed Deposit,07-11-2023,48971.0
RM0060,Life Insurance,2023-03-18,119456.0
RM0029,Term Insurance,2022-02-16,60096.0
RM0046,Term Insurance,2022-02-03,74118.0
RM0029,ULIP,2022-04-05,55500.0
RM0097,Health Insurance,2019-02-08,61503.0
RM0212,Mutual Funds,22/07/2019,53178.0
RM0055,Recurring Deposit,2026-05-15,11361.0
RM0044,Gold Investment,2022-02-16,401000.0
RM0158,Term Insurance,2023-06-18,11709.0
RM0122,Gold Investment,2020-09-11,35138.0
RM0099,Current Account,2025-01-06,15553.0
RM0229,Saving Account,2023-03-23,15097.0
RM0019,Loan Against Property,2020-10-19,
RM0086,Life Insurance,2023-04-14,88879.0
RM0079,Health Insurance,2020-09-28,37749.0
RM0063,Current Account,2019-04-17,90757.0
RM0087, Current Account ,2020-07-04,25926.0
RM0092,Mutual Funds,,24816.0
RM0028,Life Insurance,,24466.0
RM0148,ULIP,2023-12-14,57874.0
RM0215,Credit Card,04-21-2023,94369.0
RM0170,Recurring Deposit,2022-08-31,40097.0
RM0160,Health Insurance,2025-09-07,33841.0
RM0249,Health Insurance,2020-03-02,191680.0
RM0006,Term Insurance,2024-04-08,16207.0
RM0166,Mutual Funds,2021-08-31,43338.0
RM0125,health insurance,09-12-2025,36253.0
RM0138,Saving Account,2024-12-11,15164.0
RM0034,Current Account,2021-06-21,25612.0
,Health Insurance,2025-01-16,11442.0
RM0053,Health Insurance,,114759.0
RM0047,Saving Account,2025-12-04,56805.0
RM0031,Term Insurance,2020-09-17,94374.0
RM0124,Credit Card,2023-08-19,46860.0
RM0149,Current Account,2023-12-04,55753.0
RM0142,Credit Card,12/11/2021,70341.0
RM0024,Life Insurance,2020-05-16,129304.0
RM0110,Health Insurance,11/08/2024,14811.0
RM0152,Fixed Deposit,,30094.0
RM0193,Life Insurance,2024-01-17,71726.0
RM0143,Saving Account,2024-02-13,168923.0
RM0126,Loan Against Property,26/09/2019,207661.0
RM0217,Health Insurance,2020-12-14,60819.0
,Saving Account,2025-05-22,20758.0
RM0019,Current Account,2020-01-11,16346.0
,Current Account,2026-03-24,155978.0
RM0214,Mutual Funds,01-02-2025,38451.0
RM0216,Term Insurance,2022-02-07,20834.0
RM0203,Health Insurance,2019-09-09,145823.0
RM0077,Loan Against Property,02-16-2023,15520.0
RM0069,Recurring Deposit,2024-07-12,75387.0
RM0123,Loan Against Property,2021-09-16,59076.0
,Life Insurance,08-03-2023,14591.0
,Gold Investment,2022-03-24,30681.0
RM0069,Loan Against Property,05-07-2020,18121.0
RM0002,Recurring Deposit,2025-09-16,56380.0
RM0047,Credit Card,05-18-2019,42419.0
RM0063,Health Insurance,05-24-2020,10214.0
RM0070,Recurring Deposit,2025-03-21,195885.0
RM0093,Mutual Funds,13/03/2023,31507.0
RM0241,Life Insurance,2025-04-29,24934.0
RM0022,Fixed Deposit,2022-02-06,22579.0
,Saving Account,2020-06-02,18647.0
RM0071,GOLD INVESTMENT,21/01/2021,362759.0
RM0180,Mutual Funds,2023-12-05,27485.0
RM0133,Health Insurance,2022-06-09,36002.0
RM0224,Recurring Deposit,24/12/2020,112535.0
RM0167,Life Insurance,05-05-2022,61345.0
RM0124,Loan Against Property,2022-08-31,32998.0
RM0219,Mutual Funds,2020-11-21,124300.0
RM0170,Recurring Deposit,,79259.0
,Current Account,2021-12-27,22932.0
RM0055,Loan Against Property,11-04-2019,61604.0
RM0206,Fixed Deposit,2023-04-02,137808.0
RM0039,Credit Card,2021-02-07,44304.0
RM0009,Mutual Funds,2022-04-08,76140.0
RM0056,Current Account,2025-05-17,187202.0
,Term Insurance,2025-01-25,68625.0
RM0184,Loan Against Property,13/12/2021,15403.0
RM0081,Recurring Deposit,26/05/2026,24022.0
,Loan Against Property,2024-11-24,55205.0
RM0003,Loan Against Property,2021-01-03,26117.0
RM0151,Life Insurance,2020-11-01,167961.0
RM0058,Gold Investment,2024-12-18,35989.0
RM0158,Recurring Deposit,2019-10-18,40553.0
RM0047,Life Insurance,18/01/2022,70466.0
RM0220,Saving Account,03-07-2025,47143.0
RM0185,Fixed Deposit,28/11/2020,-1000.0
RM0129,Credit Card,25/11/2022,34075.0
RM0045,Fixed Deposit,2023-06-13,13986.0
RM0058,Life Insurance,,55372.0
RM0187,Recurring Deposit,2020-01-16,111088.0
RM0081,Mutual Funds,,67880.0
RM0047,Current Account,2023-07-13,34022.0
,Credit Card,2021-02-02,16832.0
,Health Insurance,2021-09-10,94732.0
RM0246,ULIP,2026-06-19,152149.0
RM0066,Recurring Deposit,2023-03-12,88888888.0
RM0088,Fixed Deposit,2025-01-16,34573.0
RM0110,Saving Account,11/01/2019,75215.0
RM0103,Mutual Funds,,36446.0
RM0131,Credit Card,2024-02-13,44884.0
RM0103,Health Insurance,2025-06-01,100539.0
RM0038,Term Insurance,13/06/2021,14355.0
RM0060,Loan Against Property,29/01/2020,47786.0
,Life Insurance,02-25-2019,22079.0
RM0085,Credit Card,2026-07-27,30761.0
RM0110,Health Insurance,2024-06-07,61701.0
RM0242,Health Insurance,2023-03-03,11380.0
RM0063,Gold Investment,2026-05-19,55048.0
RM0140,Health Insurance,2025-09-30,26664.0
,Term Insurance,21/01/2022,65355.0
RM0104,Gold Investment,2026-01-06,17633.0
RM0030,Credit Card,26/04/2022,76554.0
RM0122,Mutual Funds,20/08/2025,61872.0
RM0235,Fixed Deposit,2023-08-17,187441.0
RM0130, Loan Against Property ,23/05/2024,131088.0
RM0034,ULIP,2022-12-18,26655.0
RM0215,Credit Card,2022-06-19,11384.0
RM0227,Saving Account,2020-07-25,63263.0
RM0065,Gold Investment,2024-06-27,56176.0
RM0180,Mutual Funds,2025-09-11,11390.0
RM0209,Health Insurance,03-10-2022,16544.0
RM0029,Term Insurance,2025-12-03,53937.0
RM0121,ULIP,2023-04-05,131422.0
RM0132,Health Insurance,2024-05-31,128489.0
RM0117,ULIP,06-24-2022,18213.0
RM0177,Mutual Funds,2022-03-02,34272.0
RM0158,term insurance,2026-04-22,12208.0
RM0011,Health Insurance,2025-10-20,41675.0
RM0191, Credit Card ,20/03/2023,79935.0
RM0176,Health Insurance,2019-05-29,88025.0
RM0230,Recurring Deposit,2025-02-22,88888888.0
RM0016,Gold Investment,2024-03-23,44556.0
RM0163,Health Insurance,03-13-2021,15039.0
RM0148,Health Insurance,2023-06-08,34011.0
RM0137,Gold Investment,2026-01-08,144487.0
RM0053,Recurring Deposit,2020-06-14,23043.0
RM0054,Life Insurance,2021-04-10,29265.0
RM0094,Mutual Funds,12-19-2020,78684.0
,Saving Account,04/04/2019,76134.0
RM0151,Loan Against Property,08/07/2021,131635.0
RM0122, Life Insurance ,13/02/2019,34560.0
RM0095,Loan Against Property,2020-08-08,46138.0
RM0151,Loan Against Property,01-05-2024,41498.0
,Current Account,12-27-2020,141382.0
RM0086,Mutual Funds,2022-05-23,83338.0
RM0018,Health Insurance,2021-07-31,99023.0
RM0241,Recurring Deposit,2026-05-14,17141.0
RM0218,Recurring Deposit,2023-05-06,88474.0
,Credit Card,13/10/2021,38367.0
RM0234,Life Insurance,2024-09-13,11180.0
RM0090,Term Insurance,04-07-2024,13098.0
RM0103,Recurring Deposit,2019-06-25,66645.0
RM0104,Gold Investment,2020-08-29,33261.0
RM0120,Current Account,,111291.0
RM0103,ULIP,2023-03-02,76264.0
RM0030,Recurring Deposit,11/04/2024,11095.0
RM0078,ULIP,,68059.0
RM0064,MUTUAL FUNDS,2019-03-05,20681.0
RM0193,ULIP,,37459.0
RM0079,HEALTH INSURANCE,2020-09-23,59006.0
RM0160,Current Account,2024-04-11,113067.0
RM0122,Life Insurance,10/10/2025,40449.0
RM0078,Fixed Deposit,2022-01-12,92640.0
RM0243,Saving Account,2026-03-04,86384.0
RM0052,Saving Account,2021-02-04,36767.0
RM0059,Mutual Funds,05/01/2025,44755.0
RM0005,Fixed Deposit,01-15-2019,70279.0
RM0017,Fixed Deposit,26/01/2020,11582.0
RM0055,Health Insurance,2019-09-26,120733.0
RM0030,Recurring Deposit,2024-06-20,83443.0
RM0161,ULIP,07/06/2021,24345.0
RM0242,Recurring Deposit,2019-12-03,208641.0
RM0066,CURRENT ACCOUNT,2025-08-22,19885.0
RM0028,Current Account,06/06/2023,132720.0
RM0217,Credit Card,,29613.0
RM0099,ULIP,04-14-2026,82015.0
RM0013,Health Insurance,26/05/2022,40474.0
RM0236,Recurring Deposit,29/07/2019,76678.0
RM0061,Life Insurance,2021-02-09,18467.0
,Recurring Deposit,2020-07-11,25701.0
RM0226,Health Insurance,2019-05-13,15260.0
RM0166,Fixed Deposit,2025-09-29,110177.0
RM0065,ULIP,2022-10-23,27569.0
RM0226,ULIP,12/08/2022,69286.0
,Gold Investment,2022-09-01,95801.0
RM0028,Fixed Deposit,29/06/2025,125843.0
RM0017,Recurring Deposit,2021-04-16,15619.0
,Health Insurance,2023-05-08,121753.0
RM0125,Life Insurance,,20985.0
RM0158,credit card,,76761.0
RM0216,Term Insurance,2024-08-30,75253.0
RM0051,Health Insurance,08/03/2021,10426.0
RM0076, Current Account ,2023-04-20,22463.0
RM0138,Saving Account,06/09/2025,43854.0
RM0044,Life Insurance,01/12/2022,37239.0
RM0166,ULIP,16/04/2020,135402.0
RM0141,Mutual Funds,08-23-2025,32294.0
RM0024,ULIP,22/12/2025,148218.0
RM0065,Fixed Deposit,2019-07-02,40756.0
RM0220,Saving Account,2024-10-26,176704.0
RM0181,Recurring Deposit,2025-08-30,76847.0
RM0109,Recurring Deposit,2023-07-30,98402.0
RM0042,Gold Investment,2020-02-06,15539.0
RM0205,Recurring Deposit,2019-08-25,54111.0
RM0025,Mutual Funds,2020-06-10,17698.0
,Mutual Funds,15/11/2023,27664.0
RM0101,Health Insurance,2022-11-26,58850.0
RM0146,Loan Against Property,2019-11-25,-1000.0
RM0221,Gold Investment,2019-08-13,74772.0
RM0174,Loan Against Property,2026-01-12,11998.0
RM0036,Current Account,2020-09-20,47851.0
RM0111,Mutual Funds,2021-06-12,51656.0
RM0181,Life Insurance,2025-03-23,14105.0
RM0172,Term Insurance,10-05-2023,44726.0
RM0116,Mutual Funds,2024-11-04,72560.0
RM0211,Mutual Funds,2022-07-20,12734.0
RM0203,Saving Account,2022-09-13,81411.0
RM0064,Health Insurance,06-06-2022,52951.0
RM0080,Loan Against Property,2023-04-16,99556.0
RM0243,Recurring Deposit,13/12/2021,22299.0
RM0120,Credit Card,2020-07-24,99570.0
RM0236,Recurring Deposit,2025-03-01,14966.0
RM0229,ULIP,2021-06-30,35861.0
RM0213,Fixed Deposit,2026-06-27,21124.0
RM0010,Term Insurance,07-10-2020,114382.0
RM0064,Current Account,2019-10-27,71025.0
RM0187,Fixed Deposit,2019-08-24,11284.0
RM0210,Recurring Deposit,11-24-2025,10478.0
RM0004,Term Insurance,2026-05-19,27212.0
RM0141,Loan Against Property,2024-11-01,17732.0
RM0112,Fixed Deposit,2022-09-21,
RM0117,Life Insurance,2025-08-02,59753.0
RM0208,ULIP,2026-03-05,64501.0
RM0036,Health Insurance,2026-02-19,152323.0
RM0063,Credit Card,2025-07-06,161869.0
RM0246,ULIP,2025-08-25,63778.0
RM0038,Gold Investment,04-07-2023,10284.0
RM0009,Loan Against Property,2022-09-09,32236.0
RM0189,Life Insurance,,45989.0
RM0187,Loan Against Property,2019-10-23,-1000.0
RM0112,ULIP,2024-05-17,44575.0
RM0050,Term Insurance,2019-04-13,0.0
RM0212,Saving Account,2020-09-25,56233.0
RM0163,Health Insurance,03-05-2022,0.0
RM0165,Life Insurance,2026-04-11,171637.0
RM0012,Credit Card,2019-03-03,118225.0
RM0151,Recurring Deposit,2019-11-18,15765.0
RM0231,Gold Investment,2024-07-14,25460.0
RM0110,Fixed Deposit,2024-01-05,99520.0
RM0175,ULIP,2022-03-31,96950.0
RM0047,Credit Card,2022-05-23,26104.0
RM0021,Life Insurance,2021-09-24,75575.0
RM0216,Gold Investment,2025-04-22,65742.0
RM0145,Life Insurance,2022-04-18,42077.0
RM0222,Credit Card,2025-11-03,21248.0
RM0152,Credit Card,2024-11-19,119750.0
RM0214,Fixed Deposit,2019-10-19,66637.0
,loan against property,31/03/2026,19255.0
RM0197,Term Insurance,2026-04-06,71005.0
RM0033,Recurring Deposit,11-21-2021,77630.0
,Current Account,2023-02-18,118965.0
RM0111,Loan Against Property,2024-03-30,22605.0
RM0217,Credit Card,2026-03-20,234387.0
RM0116,Gold Investment,2025-02-12,18325.0
RM0165,Current Account,2023-04-24,55900.0
RM0185,Gold Investment,02/08/2024,63526.0
RM0214,Mutual Funds,2024-02-02,37146.0
RM0042,Term Insurance,2021-04-17,42221.0
RM0154,Recurring Deposit,2022-03-14,120779.0
RM0112,Mutual Funds,,61820.0
RM0214,term insurance,2021-03-04,44358.0
RM0018,Gold Investment,2022-03-23,16868.0
,Recurring Deposit,2022-06-20,10368.0
RM0244,Saving Account,2025-12-02,16674.0
RM0124,Gold Investment,20/10/2022,166388.0
,Saving Account,2021-08-28,0.0
RM0026,Credit Card,2023-03-31,82214.0
RM0221,ULIP,06-16-2020,180738.0
RM0119,Credit Card,2023-04-19,11818.0
RM0019,Term Insurance,21/07/2022,67006.0
RM0044,Credit Card,05-07-2020,12265.0
,Term Insurance,02-05-2026,86175.0
RM0144,Current Account,19/04/2021,33978.0
RM0069,Life Insurance,2020-07-03,15033.0
RM0157,Loan Against Property,2023-01-05,51971.0
RM0024,Life Insurance,2026-02-26,26433.0
RM0053,Recurring Deposit,2019-10-01,
RM0134,ULIP,2020-05-09,63877.0
RM0160,Health Insurance,2025-01-27,63672.0
RM0196,Mutual Funds,,71040.0
RM0216,Fixed Deposit,16/11/2022,254410.0
RM0046,Recurring Deposit,12-20-2025,34444.0
RM0037,Mutual Funds,2020-04-29,41303.0
RM0224,ULIP,2025-08-24,91638.0
RM0056,Credit Card,2023-09-18,53181.0
,Recurring Deposit,2023-02-13,11898.0
RM0216,Gold Investment,30/07/2024,102600.0
RM0049,Health Insurance,2021-04-26,12643.0
RM0169,Term Insurance,2024-02-05,19365.0
,Recurring Deposit,15/09/2025,15383.0
RM0120,Mutual Funds,18/03/2022,14056.0
RM0217,ULIP,2026-03-07,11301.0
RM0175,Health Insurance,2020-06-26,12829.0
RM0082,Fixed Deposit,17/05/2020,39209.0
RM0068,Life Insurance,2023-07-02,24574.0
RM0167,Mutual Funds,2025-12-19,16764.0
RM0243,Recurring Deposit,04-18-2019,63750.0
RM0176,ULIP,2020-06-13,22816.0
RM0087,Recurring Deposit,2024-09-24,10956.0
RM0087,Credit Card,2021-11-20,37100.0
RM0230,GOLD INVESTMENT,2019-05-07,-1000.0
RM0165,Mutual Funds,2025-07-19,28584.0
RM0113,ULIP,2023-09-07,29180.0
RM0148,Fixed Deposit,2022-04-05,39463.0
RM0230,Current Account,2023-12-29,65268.0
,ULIP,2023-12-15,57918.0
RM0239,Life Insurance,2020-05-21,148439.0
RM0143,Current Account,02-11-2025,46461.0
RM0149,Current Account,2022-11-05,41986.0
RM0152,Loan Against Property,22/10/2021,22002.0
,Recurring Deposit,2021-12-10,80402.0
RM0035,Current Account,30/04/2025,17586.0
RM0208,Term Insurance,2021-04-01,
RM0180,Saving Account,23/10/2020,43778.0
RM0072,Current Account,2023-08-21,88888888.0
RM0197,Health Insurance,,37350.0
RM0141,Gold Investment,09-10-2019,63691.0
RM0185,Gold Investment,2026-04-11,134821.0
RM0040,Loan Against Property,2023-03-06,156493.0
RM0128,Current Account,14/09/2020,19184.0
RM0015,Loan Against Property,2025-07-04,25178.0
RM0179,ULIP,01/07/2024,93468.0
,ULIP,2024-07-11,46519.0
RM0240,Life Insurance,12-13-2023,40168.0
RM0227,Life Insurance,09-21-2021,72001.0
RM0169,Current Account,2024-06-10,56055.0
RM0178,Health Insurance,2020-11-30,186532.0
RM0025,Loan Against Property,2025-04-14,
,Current Account,11-13-2019,53850.0
RM0231,Credit Card,2021-05-05,41365.0
RM0207,Term Insurance,28/12/2022,49133.0
RM0116,Term Insurance,2019-11-27,92653.0
RM0050,Life Insurance,2022-11-15,57424.0
RM0112,Saving Account,08-04-2023,62071.0
RM0093,Saving Account,2026-04-07,187785.0
RM0245,Current Account,2026-04-21,58168.0
RM0013,Mutual Funds,2021-01-07,33924.0
RM0155,Current Account,2025-02-19,68773.0
RM0249,SAVING ACCOUNT,2020-03-02,63861.0
RM0185,term insurance,2020-03-21,10697.0
RM0099,Saving Account,2024-07-06,41492.0
RM0162,fixed deposit,,77915.0
RM0209,Life Insurance,2020-04-20,44561.0
RM0075,Credit Card,2026-06-23,85620.0
RM0208,Life Insurance,29/09/2020,39972.0
RM0178,Life Insurance,2021-04-28,214682.0
,Term Insurance,2020-11-10,27328.0
,Fixed Deposit,2019-02-11,14832.0
RM0050,Life Insurance,2023-12-05,38106.0
RM0144,Fixed Deposit,2024-03-23,49012.0
RM0050,Credit Card,09-03-2023,31469.0
RM0161,Fixed Deposit,2020-08-16,23872.0
RM0002,Mutual Funds,2019-05-06,65746.0
RM0084,Gold Investment,08/06/2020,33670.0
RM0030,Life Insurance,2023-02-12,59897.0
RM0173,Life Insurance,,85495.0
RM0246,Term Insurance,2022-01-01,81565.0
RM0161,Health Insurance,2021-08-26,33524.0
RM0151,Current Account,,51954.0
RM0206,Health Insurance,2024-11-04,39860.0
RM0179,Fixed Deposit,2024-03-24,112321.0
RM0092,Term Insurance,2021-04-18,115498.0
RM0187,Saving Account,08/12/2021,31060.0
RM0119,Health Insurance,24/09/2024,14811.0
RM0004,Fixed Deposit,07/06/2020,19171.0
RM0170,Recurring Deposit,2022-11-01,32864.0
RM0121,Credit Card,04-11-2024,51534.0
RM0192,Current Account,2022-04-01,63470.0
RM0143,SAVING ACCOUNT,2020-04-07,30126.0
,health insurance,05/04/2025,-1000.0
,Current Account,09-06-2019,65055.0
RM0202,Loan Against Property,2019-12-04,148821.0
RM0100,Health Insurance,,62779.0
RM0221,Loan Against Property,2024-09-13,18632.0
RM0222,Fixed Deposit,2019-08-07,53335.0
RM0044,Gold Investment,04/04/2020,49032.0
RM0024,Current Account,2023-07-18,112281.0
RM0249,Gold Investment,2023-04-10,31562.0
RM0117,Life Insurance,2023-11-11,37490.0
RM0142,Term Insurance,2024-07-02,55647.0
RM0128,Loan Against Property,2019-04-20,47161.0
RM0227,Mutual Funds,2021-01-30,73472.0
RM0244,Fixed Deposit,,88888888.0
RM0020,Fixed Deposit,20/10/2021,12061.0
RM0210,Gold Investment,2019-02-20,51450.0
RM0167,Credit Card,10-26-2024,16486.0
RM0076,Saving Account,2023-06-29,28932.0
RM0209,Mutual Funds,2020-07-10,64180.0
RM0250,Health Insurance,2021-01-26,18563.0
RM0136,Mutual Funds,03-20-2022,28469.0
RM0126,Mutual Funds,2021-02-18,70702.0
RM0195,ULIP,06-01-2022,62606.0
RM0132,Recurring Deposit,2022-06-01,14772.0
RM0060,health insurance,2019-04-05,53050.0
RM0069,ULIP,2023-10-31,17964.0
RM0139,Life Insurance,12-25-2019,24535.0
RM0243,Current Account,2022-03-19,40736.0
RM0108,Health Insurance,2025-08-06,15790.0
RM0174,Credit Card,2021-04-21,262941.0
RM0025,Term Insurance,14/03/2024,19038.0
RM0006,Saving Account,2021-11-15,86005.0
RM0241,ULIP,15/03/2022,98550.0
RM0167,Loan Against Property,,269823.0
RM0115,Current Account,2020-10-30,37987.0
RM0179,Credit Card,2021-07-03,113611.0
RM0201,Loan Against Property,2019-03-28,167958.0
RM0228,Saving Account,2022-02-19,19491.0
RM0064,Term Insurance,18/09/2022,42642.0
RM0235,Life Insurance,2025-10-16,13094.0
RM0080,Health Insurance,2022-03-20,58474.0
RM0059,Mutual Funds,2023-08-08,53542.0
RM0092,Term Insurance,2026-05-22,21415.0
RM0193, Gold Investment ,2023-07-01,89950.0
RM0056,Loan Against Property,12-11-2024,11899.0
RM0240,Life Insurance,21/11/2024,92053.0
RM0067,Credit Card,2022-06-14,11350.0
,Health Insurance,2025-02-21,63476.0
RM0007,Fixed Deposit,2020-06-04,14102.0
RM0146,Health Insurance,2025-03-09,0.0
RM0249,Health Insurance,2024-06-20,24465.0
RM0232,Recurring Deposit,2020-10-06,73991.0
RM0168,Mutual Funds,2019-06-26,26453.0
RM0190,Recurring Deposit,26/11/2019,45787.0
RM0071, Saving Account ,2025-04-15,133401.0
RM0098,Recurring Deposit,2020-11-22,12545.0
RM0167,Credit Card,2022-09-23,93321.0
RM0176,Term Insurance,2022-04-07,13374.0
RM0099,Fixed Deposit,2023-11-27,
,Recurring Deposit,12-10-2025,16779.0
RM0242,Health Insurance,2025-08-29,16352.0
RM0033,term insurance,2021-07-05,266659.0
RM0057,Fixed Deposit,2020-04-03,19933.0
RM0104,Credit Card,2022-06-04,123535.0
RM0086,Saving Account,2022-02-25,245151.0
RM0152,Mutual Funds,2025-07-02,34207.0
RM0230,Mutual Funds,,59854.0
RM0096,Term Insurance,2023-02-25,85500.0
RM0032,Loan Against Property,2023-06-09,34932.0
RM0128,Health Insurance,2025-04-09,18825.0
RM0014,Gold Investment,2025-10-29,38437.0
RM0152,Mutual Funds,2026-03-13,83895.0
RM0117,Life Insurance,2026-02-10,85880.0
RM0028,Recurring Deposit,2023-05-26,23103.0
RM0016,Loan Against Property,2021-08-07,19616.0
RM0024,Term Insurance,2019-02-12,136638.0
RM0145,Fixed Deposit,2026-01-24,12249.0
RM0066,ULIP,27/03/2026,76351.0
RM0060,ulip,2019-08-08,12376.0
RM0018,Current Account,29/11/2022,100977.0
RM0180,Credit Card,2025-01-17,127912.0
RM0022,Fixed Deposit,2020-03-20,27649.0
RM0076,Health Insurance,08-21-2024,13840.0
RM0051,Life Insurance,29/05/2019,42762.0
RM0236,Fixed Deposit,2019-04-05,27724.0
RM0162,Saving Account,2019-06-13,36990.0
,Term Insurance,2026-06-24,64679.0
RM0246,Credit Card,02-27-2020,21775.0
RM0230,Mutual Funds,11-07-2021,32076.0
RM0057,Mutual Funds,2022-06-30,86292.0
RM0208,Mutual Funds,23/06/2019,61607.0
RM0060,Credit Card,10/07/2019,29746.0
RM0053,Health Insurance,05-03-2021,64577.0
RM0172,Health Insurance,2024-10-23,82475.0
,Loan Against Property,2024-05-27,54883.0
RM0176,Health Insurance,04-17-2023,23688.0
,Credit Card,,10012.0
RM0164,Life Insurance,06/09/2020,91189.0
RM0119,Current Account,05-03-2019,96476.0
,LIFE INSURANCE,2021-03-03,69800.0
RM0177,Health Insurance,2021-05-04,13983.0
RM0062,Credit Card,2020-12-18,54000.0
RM0075,GOLD INVESTMENT,23/03/2021,96024.0
RM0128,Gold Investment,2020-10-10,34687.0
RM0050,Mutual Funds,2026-08-07,21032.0
RM0042,Saving Account,30/03/2019,54291.0
,Saving Account,2023-07-22,97523.0
RM0002,Life Insurance,2023-01-02,12505.0
RM0014,Current Account,2022-01-03,55434.0
RM0138,Saving Account,2019-11-07,61525.0
RM0062,Recurring Deposit,2019-08-08,56111.0
RM0120,Term Insurance,17/10/2024,62495.0
RM0234,ULIP,2020-01-07,59898.0
RM0147,Credit Card,2024-10-09,16986.0
RM0050,Recurring Deposit,16/08/2023,23389.0
,Recurring Deposit,2021-03-05,58247.0
RM0221,Credit Card,,10892.0
RM0037,Saving Account,,60357.0
RM0127,Current Account,2025-03-25,64738.0
RM0002,Health Insurance,2025-11-11,0.0
RM0117,Fixed Deposit,2023-11-16,23667.0
RM0118,Credit Card,2023-03-03,55581.0
,Life Insurance,2025-09-26,48188.0
RM0009,Gold Investment,24/05/2025,25102.0
RM0078,Mutual Funds,2021-04-02,41085.0
RM0192,Fixed Deposit,2025-08-26,130189.0
RM0216,ULIP,2019-01-23,37808.0
,Loan Against Property,29/12/2025,59691.0
RM0097,Health Insurance,2025-02-20,11799.0
RM0100,saving account,11-09-2022,14049.0
RM0027,ULIP,,14240.0
RM0137,Gold Investment,04-15-2026,85308.0
RM0230,Health Insurance,2022-06-01,31558.0
RM0058,Term Insurance,2019-05-23,22913.0
RM0140,Term Insurance,2019-01-26,78782.0
RM0139,Mutual Funds,2020-10-24,19314.0
RM0196,Current Account,2023-02-02,24150.0
RM0098,Mutual Funds,11-21-2020,38187.0
RM0217,Loan Against Property,2020-08-15,30131.0
,Term Insurance,06-07-2026,54021.0
RM0167,Health Insurance,2026-05-10,30612.0
RM0051,Recurring Deposit,2020-05-09,34957.0
RM0248,ULIP,2026-01-07,109347.0
RM0043,Gold Investment,2026-04-06,117937.0
RM0097,Recurring Deposit,08/12/2021,97929.0
RM0096,Term Insurance,2022-10-17,-1000.0
RM0206,Recurring Deposit,2024-06-24,110061.0
RM0015,Gold Investment,08-21-2024,52166.0
RM0100,Current Account,2026-06-26,61955.0
RM0096,Life Insurance,24/12/2025,50728.0
RM0237,Current Account,10-17-2020,86992.0
RM0200,Life Insurance,2025-08-23,50036.0
RM0172,Health Insurance,2019-01-13,15887.0
RM0150,Credit Card,2022-02-07,92926.0
RM0160,CURRENT ACCOUNT,2023-06-18,81477.0
RM0228,Credit Card,2021-10-19,95823.0
RM0218,credit card,2021-05-26,20562.0
RM0036,Saving Account,2023-11-23,25846.0
RM0025,ULIP,2023-01-15,27531.0
RM0049,Fixed Deposit,2023-10-22,45472.0
RM0228,Health Insurance,,17186.0
RM0083,Saving Account,2024-04-21,34337.0
RM0171,Health Insurance,08-17-2019,20054.0
RM0172,Term Insurance,2024-01-28,25378.0
RM0243,Current Account,02-03-2021,71274.0
RM0127,Mutual Funds,02-28-2024,106486.0
RM0141,term insurance,2019-12-03,11158.0
RM0218,Health Insurance,2024-08-30,51723.0
RM0131,Gold Investment,2026-08-01,11836.0
RM0236,Recurring Deposit,2020-07-15,14455.0
RM0166,Health Insurance,19/02/2023,71053.0
RM0108,Gold Investment,2022-10-31,76516.0
RM0249,Current Account,29/01/2020,94095.0
RM0099,Recurring Deposit,2021-10-08,42145.0
RM0016,Current Account,2019-09-12,108236.0
RM0183,Gold Investment,2019-06-26,19126.0
,Recurring Deposit,19/12/2022,24365.0
RM0003,Life Insurance,04/01/2020,17222.0
,Life Insurance,02-02-2022,89859.0
RM0038,Mutual Funds,2019-07-05,22982.0
RM0192,Mutual Funds,04-10-2024,18451.0
RM0075,Fixed Deposit,2022-11-06,58790.0
RM0176,Mutual Funds,2019-04-25,14010.0
RM0006,LOAN AGAINST PROPERTY,2026-07-30,12296.0
RM0022,ULIP,31/03/2024,15642.0
RM0203,Fixed Deposit,2022-05-19,10012.0
RM0195,Term Insurance,2024-09-19,69699.0
RM0206,Credit Card,2020-03-29,51303.0
RM0230,Gold Investment,2026-03-20,21778.0
RM0220,Loan Against Property,06-29-2023,23263.0
RM0192,Loan Against Property,2024-04-29,93292.0
,Gold Investment,10-10-2022,44839.0
RM0241,loan against property,2024-06-28,69953.0
RM0221,Term Insurance,04/12/2025,40142.0
RM0240,Fixed Deposit,2022-02-24,23571.0
RM0095,saving account,,186003.0
RM0181,Life Insurance,2024-06-07,51694.0
RM0154,Credit Card,03/08/2020,17019.0
RM0030,Recurring Deposit,08-24-2025,36051.0
RM0092,Fixed Deposit,2025-10-24,29974.0
RM0099,Loan Against Property,2026-03-08,22045.0
RM0170,ULIP,2025-02-20,145482.0
RM0002,Fixed Deposit,2022-06-05,116397.0
RM0221,Term Insurance,15/09/2024,21103.0
RM0089,Saving Account,2019-09-30,31704.0
RM0057,Current Account,2021-04-23,81840.0
RM0207,Mutual Funds,27/05/2019,21691.0
RM0125,Loan Against Property,13/07/2023,54771.0
RM0228,Life Insurance,2025-12-09,70164.0
RM0203,Health Insurance,2022-11-03,63061.0
RM0202,Fixed Deposit,2025-05-19,71278.0
RM0087,Mutual Funds,2025-03-29,71327.0
RM0168,Current Account,22/03/2026,177343.0
RM0110,ULIP,2024-02-23,31270.0
RM0089,Mutual Funds,2021-02-13,115429.0
RM0231,Life Insurance,2022-06-27,0.0
RM0094,Loan Against Property,08-24-2019,11102.0
RM0122,Loan Against Property,2024-01-11,26998.0
RM0033,Recurring Deposit,19/04/2023,12493.0
RM0019,Saving Account,2025-09-14,62663.0
,loan against property,10-04-2025,15311.0
RM0108,Mutual Funds,,103445.0
RM0071,Life Insurance,12/02/2020,62006.0
RM0233,Life Insurance,19/03/2026,11461.0
RM0090,Fixed Deposit,11/04/2021,72724.0
RM0001,Fixed Deposit,16/10/2019,109037.0
RM0018,Term Insurance,2024-01-04,64105.0
RM0134,Life Insurance,03-17-2025,11549.0
RM0093,Health Insurance,2021-04-13,107568.0
RM0136,Current Account,2023-01-16,75925.0
RM0167,RECURRING DEPOSIT,2019-05-22,33777.0
RM0233,Gold Investment,09/04/2019,29921.0
RM0111,Term Insurance,2021-10-28,42679.0
RM0060,ULIP,2023-03-21,110908.0
RM0161,Recurring Deposit,13/10/2025,24521.0
RM0173,Gold Investment,2023-11-24,15321.0
RM0029,ULIP,2023-05-28,109989.0
RM0177,Fixed Deposit,09-05-2019,11332.0
RM0083,Current Account,06-08-2021,130954.0
RM0132,Mutual Funds,03-25-2019,28245.0
RM0218,Gold Investment,2020-09-06,45486.0
,Life Insurance,2025-06-11,17095.0
RM0138,Current Account,12-26-2019,126269.0
RM0021,Gold Investment,12-18-2023,79281.0
RM0205,Health Insurance,2021-07-10,138953.0
RM0227,Recurring Deposit,2026-04-03,88888888.0
RM0074,Term Insurance,2025-11-17,67478.0
RM0167,Health Insurance,2022-04-26,20209.0
RM0080,Life Insurance,2025-04-15,28427.0
RM0090,Mutual Funds,13/06/2026,43359.0
RM0044,Saving Account,2019-03-28,56730.0
,Mutual Funds,2023-08-20,140495.0
RM0019,Mutual Funds,2020-08-27,34221.0
RM0040,Loan Against Property,2021-02-17,70713.0
RM0182,Term Insurance,2019-01-15,172221.0
RM0169,Mutual Funds,2025-02-10,18265.0
RM0008,Loan Against Property,2020-11-21,109282.0
RM0216,Credit Card,2023-03-25,37297.0
,Fixed Deposit,2019-01-09,75917.0
RM0179,ULIP,2024-04-12,27374.0
RM0084,Recurring Deposit,,30322.0
RM0042,Credit Card,2026-02-15,11375.0
RM0054,Fixed Deposit,2022-03-10,0.0
RM0132,Loan Against Property,2022-04-18,187724.0
,Term Insurance,,93953.0
RM0097,Saving Account,10-02-2019,14931.0
,Saving Account,31/03/2024,390932.0
RM0107,ULIP,2019-05-13,56446.0
RM0022,Gold Investment,26/09/2020,106114.0
RM0132,ULIP,2020-06-26,13449.0
RM0076,Loan Against Property,2023-04-28,34669.0
RM0009,Recurring Deposit,2025-02-08,65380.0
RM0135,Credit Card,2021-11-25,15626.0
RM0130,Credit Card,2024-02-20,43559.0
RM0062,Current Account,2021-04-26,39230.0
RM0246,Health Insurance,2023-12-27,22169.0
RM0003,Life Insurance,2025-04-12,27853.0
RM0089,Term Insurance,2024-06-04,-1000.0
RM0237,Life Insurance,2020-08-13,180742.0
RM0013,Current Account,2023-11-03,27029.0
RM0137,Credit Card,2022-06-26,22003.0
RM0008,Fixed Deposit,2023-11-01,48416.0
RM0074,Health Insurance,2020-01-09,65578.0
RM0225,Mutual Funds,01-17-2026,74566.0
RM0192,Fixed Deposit,04/06/2021,80171.0
RM0149,Mutual Funds,12/10/2024,11876.0
RM0070,Recurring Deposit,2022-12-06,35023.0
RM0211,Gold Investment,2021-10-22,84351.0
RM0098,Credit Card,2022-10-24,127616.0
RM0239,Gold Investment,2026-02-08,56090.0
RM0149,Mutual Funds,2025-10-25,12686.0
RM0223,Credit Card,14/12/2022,35262.0
RM0085,Loan Against Property,2024-06-10,13856.0
RM0140,Recurring Deposit,2023-07-01,79023.0
RM0080,Health Insurance,09-03-2025,13280.0
,Term Insurance,,20273.0
RM0112,Mutual Funds,11-17-2020,36974.0
RM0029,Recurring Deposit,2023-06-13,41055.0
RM0163,health insurance,,36084.0
RM0138,ULIP,06/09/2020,41124.0
RM0242,Health Insurance,2022-04-03,72455.0
RM0086,Term Insurance,2023-01-10,0.0
RM0104,mutual funds,2025-08-01,33043.0
RM0232,Gold Investment,2026-04-12,49676.0
RM0200,Recurring Deposit,,28074.0
RM0056,Health Insurance,,31818.0
RM0030,Saving Account,02-13-2019,57569.0
RM0012,Fixed Deposit,02/07/2025,-1000.0
RM0045,Term Insurance,10-03-2024,43715.0
RM0192,Gold Investment,2024-07-13,88888888.0
RM0073,Term Insurance,2025-07-02,74193.0
RM0002,Term Insurance,2025-05-14,51110.0
RM0202,Current Account,27/06/2021,91373.0
RM0161, Fixed Deposit ,01-20-2021,39296.0
RM0049,Life Insurance,2026-02-12,-1000.0
RM0194,Recurring Deposit,2022-04-03,43768.0
RM0207,Fixed Deposit,2024-01-17,65428.0
RM0101,health insurance,2019-11-06,22502.0
RM0209,Health Insurance,18/06/2021,34382.0
RM0037,Term Insurance,2022-04-19,59020.0
RM0040,Gold Investment,,11465.0
RM0200,Life Insurance,,38721.0
RM0192,Gold Investment,2024-12-06,55670.0
RM0005,Mutual Funds,2021-08-13,181134.0
RM0172,Life Insurance,2019-08-18,114785.0
RM0153,Current Account,2020-11-13,26476.0
,ULIP,2026-07-19,45383.0
RM0160,Credit Card,2023-01-11,12903.0
RM0059, Current Account ,,23771.0
RM0074,Gold Investment,20/02/2019,84550.0
RM0162,Current Account,2022-05-20,16580.0
RM0193,Health Insurance,2022-01-16,24899.0
RM0044,Mutual Funds,2026-06-11,154158.0
RM0025,ULIP,2025-12-22,96822.0
,Mutual Funds,2021-06-04,86123.0
RM0139,Saving Account,2023-10-18,109960.0
RM0205,ULIP,2023-09-04,79235.0
RM0017,Term Insurance,2023-04-16,16424.0
RM0131,Mutual Funds,2021-07-16,46341.0
RM0115,Recurring Deposit,2022-09-18,39371.0
RM0142,Life Insurance,14/09/2022,28636.0
RM0049,Gold Investment,2020-12-11,99800.0
RM0060,Current Account,,41194.0
RM0094,Health Insurance,2020-08-26,13109.0
RM0215,Loan Against Property,2021-06-18,26076.0
RM0150,Health Insurance,,22978.0
RM0133,Life Insurance,02-02-2023,119230.0
RM0126,Fixed Deposit,09-24-2024,62126.0
RM0047,ULIP,2026-06-09,51091.0
RM0077,Mutual Funds,04/03/2019,45326.0
,Current Account,2020-06-12,62507.0
,ULIP,10/05/2024,80299.0
RM0133,Health Insurance,2025-04-04,50414.0
RM0250,Life Insurance,2024-02-18,149261.0
RM0009,Gold Investment,2019-03-20,198253.0
RM0083,Recurring Deposit,2025-07-25,278461.0
RM0068,Life Insurance,2019-08-18,65340.0
RM0159,ULIP,2020-10-27,144870.0
RM0224, ULIP ,2019-12-23,35915.0
RM0241,Term Insurance,2025-08-13,108160.0
RM0016,Life Insurance,2024-06-24,129940.0
RM0102,Saving Account,2026-05-13,127243.0
RM0237,Health Insurance,2020-08-05,98847.0
RM0168,Mutual Funds,2020-02-02,36094.0
RM0142,Life Insurance,2025-06-12,18652.0
RM0192,Fixed Deposit,2019-09-07,30320.0
RM0090,Health Insurance,2022-05-04,82897.0
RM0052,Credit Card,21/11/2020,23255.0
RM0065,Life Insurance,2022-09-24,42530.0
RM0107,Credit Card,2022-11-04,51666.0
RM0094,ULIP,2024-12-12,56299.0
RM0207,ULIP,2021-09-21,147229.0
RM0164,Life Insurance,,64160.0
RM0040,Saving Account,2025-09-28,87158.0
RM0222,Current Account,2021-12-24,53599.0
RM0233,Mutual Funds,2022-11-25,99662.0
RM0006,Loan Against Property,2022-01-04,25303.0
RM0142,Gold Investment,2023-05-07,21778.0
RM0161,Saving Account,2025-02-14,140401.0
RM0217,loan against property,2025-12-20,69123.0
RM0244,Loan Against Property,05-19-2021,65664.0
RM0159,Saving Account,2022-06-01,41489.0
RM0151,Life Insurance,2025-02-16,0.0
RM0143,Loan Against Property,2023-09-22,33636.0
RM0243,Mutual Funds,,50561.0
RM0164,Current Account,2019-06-19,16423.0
RM0017,Gold Investment,09-29-2023,40322.0
RM0030,Saving Account,2020-04-30,40382.0
RM0015,Mutual Funds,10-27-2020,48645.0
RM0035,Gold Investment,2026-01-22,60349.0
RM0167,ULIP,2021-04-15,-1000.0
RM0162,Life Insurance,2025-07-23,167699.0
RM0211,Recurring Deposit,2024-01-22,62801.0
RM0055,Mutual Funds,04-29-2025,117589.0
RM0018,ULIP,10/05/2020,50630.0
RM0071,ULIP,2021-09-16,59299.0
RM0041,Life Insurance,2023-12-18,13619.0
RM0248,ULIP,2020-10-02,17151.0
RM0192,Fixed Deposit,04/07/2019,53335.0
RM0115,Current Account,2022-12-26,35185.0
RM0170,Current Account,19/11/2021,90175.0
RM0062,ULIP,2023-06-24,49173.0
RM0024,Fixed Deposit,21/07/2026,116977.0
RM0117,Mutual Funds,2023-01-24,189373.0
RM0239,ULIP,2026-07-13,17987.0
RM0048,Health Insurance,2024-08-14,35112.0
,ULIP,2019-12-05,64678.0
RM0101,Mutual Funds,2021-08-27,28227.0
RM0187,Fixed Deposit,02-21-2025,25532.0
RM0234,Credit Card,2023-10-02,94030.0
RM0064,Health Insurance,2022-04-11,206556.0
,Loan Against Property,2020-04-19,84317.0
RM0139,Loan Against Property,20/03/2019,47082.0
RM0192,Saving Account,2022-05-19,39215.0
RM0138,Saving Account,2019-07-08,48788.0
RM0112,Mutual Funds,2024-05-23,41072.0
,Saving Account,,44947.0
RM0050,Fixed Deposit,2022-03-16,21373.0
RM0134,ULIP,14/07/2020,127036.0
RM0209,Fixed Deposit,2019-10-30,80230.0
RM0015,Saving Account,2022-01-12,67124.0
,ULIP,2022-06-20,159711.0
RM0230,ULIP,15/02/2023,26731.0
RM0058,Loan Against Property,26/03/2022,14232.0
RM0214,Credit Card,04-10-2025,97474.0
RM0241,Health Insurance,2022-04-10,
,Credit Card,2019-08-26,332420.0
RM0013,Current Account,2021-07-04,53188.0
RM0131,Health Insurance,16/07/2019,13030.0
RM0233,Current Account,2020-10-25,85812.0
RM0150,Fixed Deposit,2019-02-27,-1000.0
RM0243,Saving Account,2021-04-12,13830.0
RM0197,Gold Investment,2020-10-29,48827.0
RM0112,Current Account,07/05/2020,88888888.0
RM0216,Fixed Deposit,2019-11-27,26254.0
RM0034,Fixed Deposit,2024-10-31,133270.0
RM0190,Health Insurance,2022-05-23,40013.0
RM0084,Health Insurance,2025-11-14,124366.0
RM0089,Life Insurance,2022-08-21,27768.0
RM0045,ULIP,2025-08-01,34499.0
RM0108,Term Insurance,2021-04-23,156985.0
RM0066,Loan Against Property,2020-07-23,21239.0
RM0124,Credit Card,2020-08-24,-1000.0
,Gold Investment,,53196.0
RM0121,Recurring Deposit,2019-10-16,34592.0
RM0189,Fixed Deposit,2026-01-02,84397.0
RM0109,Recurring Deposit,2023-09-18,16922.0
RM0155,Health Insurance,2025-06-24,38742.0
,Saving Account,2019-07-07,70021.0
RM0144,Health Insurance,24/07/2025,36129.0
RM0027,Mutual Funds,,13015.0
RM0160,Health Insurance,2021-01-23,71058.0
RM0229,Saving Account,2020-12-14,44978.0
RM0212,Health Insurance,2024-04-12,10568.0
RM0076,CURRENT ACCOUNT,06-23-2020,57422.0
RM0129, Life Insurance ,2023-03-17,136212.0
,Gold Investment,2022-04-14,88888888.0
RM0205,Term Insurance,29/06/2025,15884.0
RM0090,Health Insurance,2023-12-03,54661.0
RM0123,Credit Card,2022-09-25,75220.0
RM0070,Current Account,2022-07-03,13670.0
RM0080,ULIP,2021-07-09,
RM0058,Gold Investment,2020-07-08,11143.0
RM0239,Term Insurance,2022-10-02,41199.0
RM0003,Recurring Deposit,24/02/2019,88315.0
RM0151, Fixed Deposit ,13/04/2025,18760.0
RM0216,Fixed Deposit,2025-10-29,100589.0
RM0025,Recurring Deposit,2019-08-02,63439.0
RM0030,Life Insurance,12/09/2023,30186.0
RM0089,Fixed Deposit,07-22-2022,46265.0
RM0105,Health Insurance,2026-06-08,178448.0
RM0121,Gold Investment,09-20-2023,22195.0
RM0190,Current Account,2021-07-18,44610.0
RM0171,Health Insurance,,58973.0
RM0210,Current Account,2019-11-10,17425.0
RM0077,Mutual Funds,2021-01-03,12224.0
RM0116,Mutual Funds,08/01/2020,10677.0
RM0121,Life Insurance,03-31-2024,29629.0
RM0012,Credit Card,2024-04-30,13841.0
RM0219,Credit Card,2025-06-16,91423.0
RM0176,Life Insurance,2021-10-16,306088.0
RM0166,Gold Investment,15/04/2020,13163.0
RM0092,ULIP,2022-04-18,38345.0
RM0226,Loan Against Property,,0.0
RM0140,Health Insurance,2021-10-29,11303.0
RM0048,Gold Investment,31/07/2021,17192.0
RM0008,Gold Investment,2022-04-08,29498.0
RM0075,ULIP,2019-04-05,35018.0
RM0103,Recurring Deposit,2021-10-31,150489.0
RM0199,Term Insurance,2021-01-23,
RM0163,Term Insurance,06/02/2024,35195.0
,Current Account,2022-07-11,44286.0
RM0207,Loan Against Property,11-20-2024,24090.0
RM0237,Loan Against Property,2022-08-06,10006.0
RM0194,Loan Against Property,2019-09-24,124797.0
RM0099,Saving Account,10-28-2024,14262.0
RM0154,Gold Investment,2024-05-17,176558.0
RM0188,Credit Card,2023-04-05,17011.0
RM0006,ULIP,03-04-2024,56428.0
RM0155,Fixed Deposit,2025-03-29,381819.0
RM0056,Mutual Funds,2021-09-21,17451.0
RM0177,Credit Card,01/07/2020,37577.0
RM0055, Credit Card ,2021-02-04,85802.0
RM0235,Current Account,2026-04-27,11635.0
RM0069,Recurring Deposit,2021-12-30,68524.0
RM0138,Current Account,2025-10-29,14189.0
RM0042,Recurring Deposit,2022-02-08,23493.0
RM0204,Credit Card,02-11-2020,18722.0
RM0162,Fixed Deposit,07-03-2022,128938.0
RM0202,Term Insurance,2020-02-23,19950.0
RM0186,Current Account,16/08/2021,12063.0
RM0098,Credit Card,,54291.0
RM0210,Fixed Deposit,2019-06-23,31246.0
RM0071,Life Insurance,23/07/2026,36019.0
RM0139,Recurring Deposit,2020-03-06,16338.0
RM0053,ULIP,07-25-2019,78962.0
RM0056,Current Account,01-06-2023,56009.0
RM0016,Mutual Funds,2020-12-12,32644.0
RM0232,Mutual Funds,10-13-2020,19411.0
RM0018,Gold Investment,04/05/2022,55002.0
RM0206,Saving Account,2024-02-05,85388.0
RM0072,Current Account,2022-12-19,28727.0
RM0116,Health Insurance,2025-10-29,
RM0237,Health Insurance,04-10-2019,
RM0073,Current Account,2025-05-23,11310.0
RM0158,Term Insurance,07-30-2020,22061.0
RM0034,Credit Card,27/01/2020,67347.0
,Fixed Deposit,2020-03-05,235933.0
RM0133,Saving Account,2020-04-13,10673.0
RM0210,ULIP,2019-07-14,28275.0
RM0061,Mutual Funds,2025-12-10,13201.0
RM0048,Life Insurance,2021-07-22,29015.0
RM0194,Loan Against Property,02/10/2023,36036.0
RM0065,Recurring Deposit,15/03/2024,136828.0
RM0138,Life Insurance,2026-04-21,14199.0
RM0154,Loan Against Property,03/07/2022,85059.0
RM0125,CURRENT ACCOUNT,2024-04-04,88888888.0
RM0220,Loan Against Property,2019-09-16,35170.0
RM0204,Saving Account,05-09-2026,93369.0
RM0186,Mutual Funds,2024-04-25,46015.0
RM0041,Current Account,16/01/2024,12003.0
RM0233,Mutual Funds,,156129.0
RM0117,Term Insurance,02/02/2026,14317.0
RM0020,Health Insurance,2019-01-23,55525.0
RM0195,Life Insurance,2022-02-17,115050.0
RM0242,Recurring Deposit,2021-06-08,14156.0
RM0223,Saving Account,2025-03-28,50359.0
RM0016,Current Account,02-14-2024,96945.0
RM0112,Saving Account,2019-08-23,224608.0
RM0215,ULIP,09-22-2023,74427.0
RM0168,Mutual Funds,2023-11-03,26309.0
RM0170,Loan Against Property,,70127.0
RM0083,Health Insurance,2025-01-15,88888888.0
RM0163,Health Insurance,2020-11-16,71169.0
,Life Insurance,2021-10-24,70192.0
RM0212,Fixed Deposit,12/08/2023,106296.0
RM0059,Term Insurance,28/10/2022,14571.0
RM0062,Loan Against Property,2025-08-09,15737.0
RM0061,Health Insurance,2019-07-10,61168.0
RM0147,Credit Card,13/12/2025,163826.0
RM0189,Loan Against Property,11/02/2024,41352.0
RM0072,Mutual Funds,19/02/2024,171652.0
RM0112,Term Insurance,2024-07-25,149099.0
RM0161,Credit Card,2020-04-25,126605.0
RM0115,Gold Investment,11/10/2021,130314.0
RM0125,Health Insurance,2020-12-16,
RM0053,Health Insurance,16/11/2022,124295.0
RM0015,Health Insurance,2024-01-13,95709.0
RM0217,Term Insurance,2025-07-11,69368.0
RM0236,Gold Investment,09-24-2022,11235.0
,Loan Against Property,2019-12-14,17092.0
RM0092,Credit Card,2025-02-16,17206.0
RM0158,Health Insurance,2025-03-22,11191.0
RM0189,Health Insurance,2024-12-12,16204.0
RM0224,Health Insurance,12/08/2022,136128.0
RM0056,Loan Against Property,2021-06-18,64503.0
RM0065,Saving Account,,28703.0
,Health Insurance,09-07-2019,88838.0
RM0082,Mutual Funds,2022-06-15,43507.0
RM0107,ULIP,2023-09-21,17664.0
RM0196,ULIP,2019-10-13,117925.0
RM0128,ULIP,2022-08-13,30674.0
RM0210,Credit Card,2020-08-26,70008.0
RM0173,Loan Against Property,29/05/2019,27166.0
RM0147,Gold Investment,2026-04-15,44664.0
RM0177,Health Insurance,2019-02-06,94709.0
,Term Insurance,17/03/2026,0.0
RM0103,Term Insurance,2022-04-11,18526.0
RM0142,Mutual Funds,27/08/2024,199162.0
RM0045,ULIP,2020-11-13,13640.0
RM0090,Current Account,2023-06-28,48179.0
RM0006,gold investment,2019-02-22,133862.0
RM0035,Health Insurance,2026-03-17,155655.0
RM0032,Loan Against Property,2026-01-05,23205.0
RM0098,Life Insurance,09-08-2019,17773.0
RM0179,Recurring Deposit,04/09/2019,74440.0
,Mutual Funds,03-30-2024,12143.0
RM0195,Mutual Funds,2024-12-20,43202.0
RM0160,Saving Account,2021-07-16,89568.0
RM0174,Term Insurance,23/01/2019,51077.0
RM0128,Health Insurance,05/02/2020,20413.0
RM0240,Recurring Deposit,2022-05-16,43378.0
RM0173,Fixed Deposit,2024-06-23,137089.0
RM0083,Mutual Funds,2021-08-14,58013.0
RM0141,Recurring Deposit,2020-02-22,73915.0
RM0050,ULIP,2026-01-06,30493.0
RM0250,Health Insurance,02/03/2024,20442.0
RM0066,ULIP,2025-07-16,24761.0
,ULIP,2019-09-12,48090.0
RM0139,health insurance,2022-07-08,26440.0
RM0042,Term Insurance,22/05/2020,49040.0
RM0168,Recurring Deposit,2020-04-09,71514.0
RM0213,Mutual Funds,2025-07-02,76287.0
RM0028,Health Insurance,2026-07-24,18997.0
RM0126,Loan Against Property,2019-11-08,
RM0223,Mutual Funds,2021-02-08,79400.0
RM0070,Loan Against Property,2020-12-24,65842.0
RM0039,Saving Account,2022-01-28,10603.0
RM0189,Loan Against Property,02-29-2024,13033.0
RM0025,Health Insurance,2019-05-28,61958.0
RM0115,ULIP,05/04/2025,34201.0
RM0198,Health Insurance,2020-03-16,17897.0
RM0102,Mutual Funds,02-26-2024,12270.0
RM0017,Saving Account,2026-02-23,18681.0
RM0076,Fixed Deposit,2019-06-07,167928.0
RM0056,Saving Account,2025-06-02,75017.0
RM0110,Fixed Deposit,2021-03-31,47507.0
RM0141,Health Insurance,2020-09-30,151971.0
,Loan Against Property,,58262.0
RM0013,Credit Card,2022-01-31,74666.0
RM0066,Gold Investment,2022-03-11,26609.0
RM0121,Health Insurance,,54455.0
RM0201,Gold Investment,2023-12-23,17743.0
RM0193,Fixed Deposit,,35916.0
RM0205,Current Account,2023-02-01,11690.0
RM0020,Health Insurance,14/05/2022,22207.0
RM0083,Mutual Funds,22/05/2020,13890.0
RM0129,Life Insurance,2021-12-12,34533.0
RM0064,Saving Account,02/09/2025,102586.0
RM0025,Loan Against Property,03-28-2022,33735.0
RM0221,Gold Investment,2022-09-03,
,Gold Investment,2021-03-29,99082.0
RM0005,Gold Investment,,63428.0
RM0207,Credit Card,2020-03-06,45619.0
RM0015,Credit Card,2026-01-18,23517.0
RM0076,Saving Account,2024-07-11,137652.0
RM0214,Life Insurance,2025-07-31,12786.0
RM0099,Gold Investment,2024-05-04,68384.0
RM0149,Credit Card,2022-10-26,58542.0
,Fixed Deposit,2019-03-14,39084.0
RM0249,Current Account,20/01/2026,23742.0
RM0057,Life Insurance,2022-12-22,38167.0
RM0117,Gold Investment,2025-10-03,113089.0
RM0136,Gold Investment,2025-06-15,100628.0
RM0121,Fixed Deposit,2025-07-06,151835.0
RM0106,Mutual Funds,2020-04-17,28393.0
RM0114,Loan Against Property,2019-02-15,34478.0
RM0022,Mutual Funds,2025-12-18,10945.0
RM0239,Mutual Funds,2023-09-16,153191.0
RM0208, Fixed Deposit ,,29978.0
RM0163,Fixed Deposit,2025-04-08,35889.0
,Recurring Deposit,2026-05-08,129192.0
RM0040,Credit Card,,47390.0
RM0232,Life Insurance,2024-07-09,51755.0
RM0058,Credit Card,2023-01-16,19693.0
RM0063,Life Insurance,2022-01-30,44523.0
RM0051,Credit Card,2022-04-14,135179.0
RM0075,Saving Account,15/12/2021,50903.0
RM0022,Term Insurance,2024-05-04,24726.0
RM0231,Health Insurance,2019-07-07,11583.0
RM0071,Saving Account,2022-11-28,30496.0
RM0066,ULIP,2026-04-13,52500.0
RM0141,Loan Against Property,07-08-2023,12177.0
RM0162, Fixed Deposit ,2020-12-27,57053.0
RM0153,Mutual Funds,2020-01-10,47055.0
,Current Account,2025-04-24,86493.0
RM0179,Current Account,2024-01-18,11465.0
RM0195,Gold Investment,2023-10-09,85899.0
RM0202,Saving Account,10-10-2020,46789.0
RM0133,Mutual Funds,2020-07-06,33143.0
RM0217,Gold Investment,27/05/2022,0.0
RM0137,Mutual Funds,2025-11-12,178170.0
,Gold Investment,2022-05-20,18724.0
RM0173,Credit Card,2023-04-12,48970.0
RM0172,Term Insurance,05-05-2026,29355.0
RM0095,Fixed Deposit,2020-12-03,47484.0
RM0157,LIFE INSURANCE,01-07-2022,50178.0
RM0179,Life Insurance,2019-05-05,88888888.0
,Saving Account,2023-09-07,14685.0
RM0230, Life Insurance ,2025-07-05,64107.0
,Life Insurance,2020-08-03,60321.0
RM0036, Recurring Deposit ,2023-03-05,83368.0
RM0099,Current Account,2021-12-04,14751.0
RM0091,Fixed Deposit,2019-03-22,27638.0
RM0060,Current Account,,62506.0
RM0043,ULIP,11-20-2025,17351.0
RM0166,Recurring Deposit,13/03/2026,66597.0
RM0095,Gold Investment,2024-07-27,13042.0
,Life Insurance,06-29-2023,30393.0
,Term Insurance,2025-07-03,103771.0
RM0118,Fixed Deposit,01/01/2021,84425.0
,Health Insurance,10-29-2019,61748.0
RM0144, Life Insurance ,2022-07-25,112187.0
RM0066,Fixed Deposit,08/04/2022,71767.0
RM0078,Current Account,2019-09-28,46633.0
RM0005,Life Insurance,,204899.0
RM0110,Fixed Deposit,2025-11-06,69348.0
RM0186,Term Insurance,,55985.0
RM0135,Current Account,2023-07-25,36286.0
RM0241,Fixed Deposit,2020-04-09,126350.0
,Recurring Deposit,2025-06-25,27528.0
RM0223,Credit Card,2023-03-20,10463.0
RM0131,Credit Card,2024-02-20,20953.0
RM0029,ULIP,2026-03-05,15799.0
RM0009,Saving Account,2026-01-08,29209.0
RM0079,Mutual Funds,2019-11-09,97400.0
RM0170,Fixed Deposit,09-23-2019,62710.0
RM0191,Gold Investment,2024-05-06,19255.0
RM0160,Life Insurance,09-29-2025,87752.0
RM0155,ULIP,2022-01-26,45081.0
RM0106,Saving Account,06-20-2020,45945.0
RM0217,Life Insurance,10-10-2020,32479.0
RM0038,Recurring Deposit,29/10/2020,109982.0
,Loan Against Property,2022-09-17,29160.0
RM0190,Saving Account,08-08-2024,14943.0
RM0122,Gold Investment,07-01-2019,28029.0
RM0069,Gold Investment,04-21-2026,
RM0115,Health Insurance,2024-07-19,72825.0
RM0095,Loan Against Property,2020-06-15,63586.0
RM0165,Health Insurance,10-30-2024,20413.0
RM0187,Loan Against Property,2022-07-10,15927.0
RM0134,Recurring Deposit,2024-03-03,64067.0
RM0146,Current Account,2024-10-06,66408.0
RM0005,Mutual Funds,2019-09-01,32797.0
RM0022,Saving Account,27/02/2019,102512.0
,ULIP,2019-07-04,201304.0
RM0095,Current Account,08-18-2025,
RM0095,Saving Account,2024-05-10,21511.0
RM0207,Current Account,2020-08-06,53027.0
RM0020,ULIP,2019-11-05,10268.0
RM0126, Current Account ,01-26-2021,72423.0
RM0223,ULIP,2020-08-03,36745.0
,Gold Investment,2022-07-15,20738.0
RM0107,Life Insurance,2019-10-05,0.0
RM0083,Gold Investment,2025-02-01,79761.0
RM0078,Loan Against Property,2020-12-07,93207.0
RM0113,Term Insurance,2022-01-10,
RM0126,ULIP,2021-09-27,15892.0
RM0133,Health Insurance,2022-11-18,12092.0
RM0019,Loan Against Property,2022-08-02,30329.0
RM0011,Loan Against Property,2026-06-25,59173.0
RM0122,Health Insurance,13/12/2019,88853.0
RM0210,Recurring Deposit,07-08-2024,49489.0
RM0236,Credit Card,2025-03-15,53464.0
RM0211,Life Insurance,06-20-2024,90436.0
RM0097, ULIP ,2021-01-06,47628.0
RM0171,ULIP,28/07/2020,57228.0
RM0109,Saving Account,2022-02-02,46305.0
RM0036,Term Insurance,,116204.0
RM0165,Term Insurance,,23427.0
RM0160,Life Insurance,2024-04-11,25325.0
RM0127,Fixed Deposit,2019-03-31,16846.0
,Recurring Deposit,22/04/2023,95592.0
RM0204,Recurring Deposit,2022-04-24,36532.0
,Gold Investment,2025-03-12,31377.0
RM0032,Term Insurance,2020-02-21,209092.0
RM0184,ULIP,2025-07-28,140730.0
RM0047,Mutual Funds,2022-10-07,188755.0
RM0223,ULIP,2019-04-19,17674.0
RM0225,Credit Card,08-16-2025,120936.0
RM0065,Loan Against Property,2021-08-20,29927.0
RM0209,Health Insurance,2025-04-03,10636.0
,health insurance,12-11-2021,34821.0
RM0191,Fixed Deposit,10/11/2021,45585.0
RM0207,Recurring Deposit,2023-01-10,15726.0
RM0148,Fixed Deposit,2020-01-14,48574.0
RM0079,Fixed Deposit,2023-04-08,95591.0
RM0194,Health Insurance,2021-10-19,33712.0
RM0022,ULIP,2022-07-12,31743.0
,Gold Investment,2020-08-03,30685.0
RM0207,Current Account,2021-05-08,138258.0
RM0076,Mutual Funds,2023-12-10,12499.0
RM0116,Gold Investment,25/10/2024,39446.0
RM0207,Life Insurance,2021-02-16,25366.0
RM0051,Fixed Deposit,2025-07-29,-1000.0
RM0234,credit card,05-03-2022,88888888.0
RM0060,Loan Against Property,2019-03-10,122124.0
RM0204,ULIP,29/08/2019,15049.0
RM0089,Fixed Deposit,2021-06-27,36504.0
RM0075,Loan Against Property,,36112.0
RM0076,Fixed Deposit,17/09/2024,119639.0
RM0117,Health Insurance,2025-11-12,22135.0
RM0101,Health Insurance,02/10/2019,61767.0
RM0080,ULIP,2022-07-05,17216.0
RM0004, Health Insurance ,2024-10-12,163929.0
RM0227,Recurring Deposit,09-09-2019,54948.0
RM0195,Gold Investment,2022-04-11,59209.0
RM0223,CREDIT CARD,2024-09-19,38438.0
RM0218,Current Account,17/02/2019,30949.0
RM0006,Fixed Deposit,2025-06-08,21955.0
RM0217,Mutual Funds,2026-03-29,56315.0
RM0073,Current Account,2025-09-25,164570.0
RM0059,Current Account,2024-04-18,32298.0
RM0078,Mutual Funds,2024-01-24,117346.0
RM0116,Current Account,07-05-2026,18054.0
RM0024,Current Account,2019-05-30,147542.0
RM0099,Gold Investment,2020-05-16,31576.0
RM0007,Saving Account,18/01/2025,33879.0
RM0064,Gold Investment,2022-02-17,41073.0
RM0004,Current Account,,73335.0
RM0183,ULIP,2019-05-14,73586.0
RM0153,Health Insurance,07-21-2024,42656.0
RM0224,Health Insurance,12/12/2019,47027.0
RM0159,Health Insurance,2025-08-03,11523.0
RM0123,ULIP,2026-03-21,28141.0
RM0118,term insurance,2020-04-25,31233.0
RM0146,Recurring Deposit,2020-12-12,50904.0
RM0172,Fixed Deposit,22/09/2022,50856.0
RM0095,Gold Investment,2024-03-23,71876.0
RM0132,Credit Card,04-25-2026,73120.0
RM0207,Gold Investment,19/06/2025,88888888.0
RM0051,Current Account,2025-12-21,23407.0
RM0147,Term Insurance,,83524.0
RM0099,Mutual Funds,2022-01-12,10989.0
RM0167,Saving Account,2023-01-04,72967.0
RM0209,Credit Card,2022-07-30,15382.0
RM0106,ULIP,2021-02-02,75401.0
RM0249,Gold Investment,,47445.0
RM0133,Life Insurance,06/06/2019,38746.0
,Saving Account,18/11/2024,68666.0
RM0012,Credit Card,2020-12-10,-1000.0
RM0070,Current Account,2019-08-19,11852.0
RM0048,Credit Card,2021-01-02,22646.0
RM0157,Current Account,2022-06-14,57912.0
,Mutual Funds,03/05/2019,103936.0
RM0231,Recurring Deposit,2021-10-26,0.0
RM0197,Credit Card,2022-06-17,33991.0
RM0219,Health Insurance,2021-08-27,24971.0
RM0179,Health Insurance,2025-07-10,46567.0
RM0030,Gold Investment,2021-03-25,58684.0
RM0183,Fixed Deposit,2023-11-28,37245.0
RM0225,Life Insurance,2024-03-16,114661.0
RM0098,Fixed Deposit,2026-07-07,47057.0
RM0004,Saving Account,2023-11-19,11824.0
RM0183,ULIP,2020-07-01,22619.0
RM0150,Saving Account,2022-07-05,39950.0
RM0155,Recurring Deposit,2025-05-23,69820.0
RM0052,Gold Investment,2025-04-29,22407.0
RM0244,Term Insurance,2022-06-04,197024.0
RM0137,ULIP,2025-07-01,29177.0
RM0162,Recurring Deposit,2020-05-27,48015.0
RM0071,Life Insurance,2025-09-05,10957.0
RM0236,Fixed Deposit,2026-02-17,-1000.0
RM0196,Current Account,2025-07-18,118093.0
RM0051,Fixed Deposit,12-27-2021,87755.0
RM0137,Mutual Funds,05/04/2020,20874.0
RM0191,Life Insurance,2020-03-30,145330.0
RM0217,Fixed Deposit,2019-05-01,28978.0
RM0235,Fixed Deposit,21/03/2025,68913.0
RM0025,Gold Investment,2020-02-29,95456.0
RM0035,ULIP,2020-06-28,77529.0
RM0112,saving account,,134798.0
RM0108,Recurring Deposit,14/01/2025,109856.0
RM0250,Recurring Deposit,2024-01-20,271174.0
RM0218,Term Insurance,2021-05-15,20082.0
RM0048, Life Insurance ,2019-07-21,28175.0
RM0229,Fixed Deposit,29/08/2022,88888888.0
RM0193,Loan Against Property,01-29-2026,60561.0
RM0053,Current Account,2022-10-24,76034.0
RM0009,ULIP,2020-06-09,
RM0002,Life Insurance,2021-06-06,48243.0
RM0250,Fixed Deposit,01-20-2024,13840.0
RM0045,ULIP,2021-02-08,102130.0
RM0172,ULIP,2020-03-05,172048.0
RM0008,Saving Account,2019-09-13,36003.0
RM0123,Mutual Funds,11/12/2025,22732.0
,Fixed Deposit,2019-06-06,10975.0
RM0128,Life Insurance,2019-03-11,23544.0
RM0238,Term Insurance,07-25-2019,70185.0
RM0173,Credit Card,2021-08-15,131288.0
RM0067,Loan Against Property,2024-06-03,14908.0
,Term Insurance,20/06/2026,50288.0
RM0064,Gold Investment,2019-10-24,69459.0
RM0027,MUTUAL FUNDS,2019-01-04,26174.0
,ULIP,2026-07-25,52186.0
RM0012,Term Insurance,2024-11-19,72806.0
RM0003,Mutual Funds,2023-09-01,100921.0
RM0223,Term Insurance,2022-01-10,40119.0
RM0203,Mutual Funds,2020-08-31,78887.0
,Loan Against Property,2025-09-30,27961.0
RM0057,Loan Against Property,2023-01-13,21979.0
,Credit Card,2022-11-16,20370.0
RM0175, Term Insurance ,2026-04-20,32226.0
RM0119,ULIP,2019-07-01,11826.0
RM0220,Term Insurance,26/10/2022,26633.0
RM0024, Credit Card ,,62809.0
RM0065,Mutual Funds,2026-02-26,62194.0
RM0183,Life Insurance,2020-12-06,13819.0
RM0035,Fixed Deposit,24/11/2019,26942.0
RM0101,Saving Account,,52147.0
RM0092,Current Account,2020-11-07,29176.0
RM0174,Saving Account,2025-10-18,37063.0
RM0133,Life Insurance,2022-11-19,72380.0
,Life Insurance,2025-12-07,
RM0095,Mutual Funds,2024-11-20,10465.0
RM0106,Life Insurance,2023-09-09,26175.0
RM0010,Current Account,2026-06-13,17679.0
RM0002,Recurring Deposit,03-01-2024,16825.0
RM0212,Mutual Funds,06-14-2020,169758.0
,Saving Account,2019-02-11,33625.0
RM0231,Term Insurance,05-14-2019,47442.0
RM0013,Health Insurance,2022-04-16,76179.0
RM0184,Current Account,15/01/2024,12430.0
RM0212,ULIP,02-16-2026,23789.0
RM0230,Current Account,01/10/2022,99233.0
RM0054,Fixed Deposit,2019-02-26,109021.0
RM0096,Mutual Funds,2026-03-25,33336.0
,Health Insurance,2024-08-14,33489.0
RM0187,Current Account,2019-05-13,80713.0
RM0160,Current Account,2021-02-24,27482.0
,Health Insurance,2025-07-30,16226.0
RM0198,recurring deposit,04-14-2026,24889.0
RM0062,Life Insurance,07/10/2022,34497.0
RM0054,Life Insurance,2022-04-02,12680.0
RM0134,Gold Investment,2026-06-19,42569.0
RM0116,Current Account,2025-03-25,77355.0
RM0223,Credit Card,,46051.0
RM0128,Health Insurance,2020-11-24,13730.0
RM0004,Gold Investment,2024-04-25,39004.0
RM0056,Gold Investment,2019-10-07,71705.0
RM0245,Loan Against Property,,12992.0
RM0152,Mutual Funds,04-15-2026,13085.0
RM0011,RECURRING DEPOSIT,2026-06-16,33149.0
RM0003,Current Account,2022-04-23,20843.0
RM0206,ULIP,03-12-2025,146500.0
RM0244,Recurring Deposit,05/07/2025,53535.0
RM0103,health insurance,2021-11-29,26936.0
RM0110,Saving Account,2021-02-01,71001.0
RM0213,Gold Investment,2024-08-29,33494.0
RM0059,Mutual Funds,2022-10-20,17084.0
RM0002,Current Account,04-27-2026,23540.0
RM0219,ULIP,2025-12-22,61465.0
RM0043,Loan Against Property,27/04/2025,12663.0
RM0054,Loan Against Property,08-20-2020,25920.0
RM0197,Fixed Deposit,2020-01-07,21679.0
RM0028,Fixed Deposit,2021-05-13,21228.0
RM0173,Saving Account,2024-06-02,67405.0
RM0109,Recurring Deposit,2022-10-30,97382.0
RM0055,Saving Account,2026-07-26,72915.0
RM0131,Current Account,2026-02-17,61884.0
RM0142,Loan Against Property,2023-06-15,134116.0
RM0030,Saving Account,2024-01-02,13008.0
RM0101,Credit Card,2023-10-16,19165.0
RM0037,Credit Card,02-28-2022,36756.0
RM0151,Health Insurance,2024-10-25,33296.0
RM0119,Term Insurance,2021-04-20,37068.0
,Health Insurance,2023-04-13,21562.0
RM0046,Term Insurance,2020-08-01,18096.0
RM0118,Life Insurance,2023-11-28,45585.0
RM0003,Recurring Deposit,09-18-2019,141590.0
,Current Account,2025-04-08,34876.0
RM0204,Mutual Funds,2022-09-10,12216.0
RM0090,Term Insurance,2024-04-28,71237.0
RM0185,Gold Investment,2023-11-05,27202.0
,credit card,2021-11-23,24058.0
RM0042,Mutual Funds,20/03/2025,29597.0
RM0224,Health Insurance,2025-07-12,74334.0
RM0030,Life Insurance,2019-06-17,95413.0
RM0089,Saving Account,2022-03-21,54343.0
RM0081,ULIP,2020-03-28,29465.0
RM0202,Loan Against Property,,28587.0
RM0219, Loan Against Property ,2022-03-29,16637.0
RM0244,ULIP,26/04/2025,145378.0
RM0002,Current Account,2021-07-12,60824.0
RM0123,Fixed Deposit,2021-09-03,11367.0
RM0016,ULIP,2026-06-28,64289.0
RM0241,Current Account,2024-08-17,39633.0
RM0177,Loan Against Property,2023-09-11,189783.0
RM0102,Mutual Funds,2022-11-04,95481.0
RM0016,Gold Investment,2024-04-01,19395.0
RM0155,Current Account,02-11-2025,-1000.0
RM0120,Recurring Deposit,2025-07-19,73668.0
RM0177,Health Insurance,2025-01-25,43234.0
RM0009,Saving Account,2020-03-20,20353.0
,Term Insurance,09/05/2026,69989.0
RM0224,ULIP,2020-04-06,49635.0
RM0177,Gold Investment,13/03/2019,11542.0
RM0151,Gold Investment,2026-06-03,62006.0
,Term Insurance,05-19-2025,60391.0
,ULIP,06-29-2025,17779.0
RM0106,Life Insurance,2026-07-06,31461.0
,Fixed Deposit,2020-04-09,54082.0
RM0227,Mutual Funds,17/01/2025,17470.0
RM0134,Current Account,26/03/2020,105772.0
RM0209,ULIP,2026-04-15,11393.0
,ULIP,2021-10-16,15425.0
RM0142,ULIP,11-10-2020,16170.0
RM0171,Gold Investment,2025-04-13,47550.0
RM0245,Gold Investment,09-07-2019,58394.0
RM0100,Current Account,2023-10-06,35853.0
RM0007,Gold Investment,05/04/2021,27030.0
RM0049,Credit Card,07-31-2025,92857.0
RM0206,Recurring Deposit,2022-11-16,13536.0
RM0137,Life Insurance,2021-11-06,26445.0
RM0190,Loan Against Property,2024-10-03,11995.0
RM0026,Mutual Funds,2025-01-14,88888888.0
RM0082,Health Insurance,2025-08-27,10699.0
RM0199,Gold Investment,02-16-2025,31799.0
RM0105,Gold Investment,08-12-2021,20834.0
RM0205,Saving Account,07-13-2026,25623.0
RM0088,Current Account,,96003.0
RM0232,Life Insurance,2021-08-01,18895.0
RM0119,Saving Account,01/09/2024,85759.0
RM0134,Current Account,2025-09-22,66204.0
RM0133,ULIP,2022-05-14,29759.0
RM0224,Saving Account,27/04/2026,49544.0
RM0136,ULIP,2021-02-28,39388.0
RM0248,Fixed Deposit,2020-02-14,16870.0
RM0244,Life Insurance,01/10/2025,128857.0
RM0118,Life Insurance,07/10/2024,52154.0
RM0166,Credit Card,01-16-2020,116113.0
RM0105,Gold Investment,2025-04-16,96814.0
RM0190,Mutual Funds,2019-03-25,14156.0
RM0068,Recurring Deposit,18/07/2019,21613.0
RM0042,Current Account,2025-05-19,17847.0
RM0046, Fixed Deposit ,29/12/2019,98827.0
RM0084,Fixed Deposit,01-27-2019,109187.0
RM0025,Saving Account,2024-06-12,47535.0
,Recurring Deposit,2024-07-15,15500.0
RM0129,Credit Card,2025-12-14,17286.0
RM0054,ULIP,2024-01-29,93979.0
,Mutual Funds,2024-09-08,142387.0
,Saving Account,2020-07-05,21124.0
RM0243,Current Account,25/07/2021,10560.0
RM0173,ULIP,2022-09-23,30095.0
RM0157,Life Insurance,2020-01-09,11548.0
RM0246,Gold Investment,2022-03-30,98005.0
RM0155,Credit Card,06-29-2022,43815.0
RM0175,Current Account,2021-08-18,61341.0
RM0072,Term Insurance,2021-06-03,36507.0
RM0109,Term Insurance,2024-12-22,31194.0
, Life Insurance ,2025-01-04,22564.0
RM0115,Loan Against Property,2019-09-27,83599.0
RM0193,Term Insurance,,69462.0
RM0083,Credit Card,,32371.0
RM0110,Health Insurance,07-10-2026,29365.0
RM0086,ULIP,2019-07-16,10062.0
,Term Insurance,,13283.0
RM0078,Term Insurance,01/05/2022,58809.0
RM0116,Credit Card,2024-07-25,46139.0
RM0226,Mutual Funds,22/07/2022,38529.0
,Term Insurance,2021-03-26,97868.0
RM0160,Health Insurance,2024-01-06,45048.0
RM0041,Health Insurance,2022-10-25,34265.0
RM0002,SAVING ACCOUNT,2023-11-21,18792.0
RM0227,Fixed Deposit,2025-06-10,95931.0
RM0027,Loan Against Property,04/01/2024,52930.0
RM0062,Credit Card,2023-07-31,14850.0
RM0234,Loan Against Property,2019-11-19,62333.0
RM0059,Gold Investment,2024-06-02,37675.0
,Gold Investment,25/12/2019,93402.0
,Mutual Funds,2023-03-21,135612.0
RM0224,Mutual Funds,09-27-2019,55872.0
RM0027,Health Insurance,11/07/2021,75766.0
RM0146,Recurring Deposit,2021-06-11,12912.0
RM0048,Health Insurance,2026-06-17,51078.0
RM0147,Recurring Deposit,09-15-2020,80394.0
RM0127,Fixed Deposit,01-30-2022,44334.0
RM0095,Recurring Deposit,2023-08-29,55014.0
RM0147,Gold Investment,2025-10-04,88888888.0
RM0230,HEALTH INSURANCE,2022-01-15,124606.0
RM0067,ULIP,2026-05-25,21038.0
RM0034,Recurring Deposit,2023-01-22,15170.0
RM0029,Recurring Deposit,2023-10-05,68663.0
RM0040,Life Insurance,16/12/2021,96537.0
RM0129,Mutual Funds,2026-01-27,105019.0
RM0062,Health Insurance,2021-12-19,61311.0
RM0045,Health Insurance,2020-10-03,99552.0
RM0087,Current Account,2025-10-05,70309.0
RM0108,Health Insurance,2024-12-15,14571.0
RM0011,Health Insurance,2019-09-28,81783.0
RM0250,Health Insurance,06/05/2026,19883.0
RM0119,Term Insurance,2020-05-06,23499.0
RM0192,Recurring Deposit,2019-02-20,35097.0
RM0149,Term Insurance,07-15-2023,28885.0
RM0205,Current Account,2021-03-20,29404.0
RM0198,Recurring Deposit,2026-04-12,19271.0
RM0238,Loan Against Property,2021-04-09,27397.0
RM0199,ULIP,2025-09-16,10992.0
RM0183,Credit Card,2025-08-07,42019.0
RM0006,ULIP,2022-04-19,83178.0
RM0164,Credit Card,2022-02-21,109114.0
RM0199,ULIP,2024-02-03,95859.0
RM0199,Gold Investment,02/10/2024,36931.0
RM0115,Life Insurance,2019-11-09,75545.0
RM0070,Loan Against Property,2022-08-25,
RM0058,Gold Investment,,26976.0
RM0187,Credit Card,2021-11-02,12858.0
RM0109,Health Insurance,09-19-2021,66346.0
RM0103,ULIP,2019-04-14,62319.0
RM0210,Gold Investment,2024-05-19,90880.0
RM0006,term insurance,2019-10-06,57869.0
RM0151,Recurring Deposit,05-19-2020,18532.0
RM0066,Mutual Funds,2019-06-17,105921.0
RM0159,Recurring Deposit,07-27-2026,59342.0
RM0007,Loan Against Property,2024-11-22,92411.0
RM0070,Term Insurance,2021-02-23,84384.0
,ULIP,2024-04-18,27681.0
RM0112,Mutual Funds,2019-09-15,13873.0
RM0054,Recurring Deposit,2025-11-01,19709.0
,Current Account,2025-08-10,14873.0
RM0201,Current Account,2019-09-10,23946.0
RM0094,ULIP,06-05-2025,40766.0
RM0081,ULIP,2025-05-19,128656.0
RM0134,Mutual Funds,29/06/2023,112793.0
RM0203,Fixed Deposit,2023-06-20,73398.0
RM0050,Gold Investment,2021-06-21,11220.0
RM0245,Saving Account,2023-10-08,30881.0
,Saving Account,2026-05-09,67340.0
RM0245,Fixed Deposit,06-16-2023,16907.0
RM0040,Health Insurance,25/11/2025,90744.0
RM0120,Saving Account,2025-06-15,133005.0
,Fixed Deposit,2021-12-21,31855.0
RM0144,Gold Investment,2025-01-23,71182.0
RM0073,HEALTH INSURANCE,07-10-2025,18020.0
RM0165,Credit Card,28/10/2021,68691.0
RM0219,Current Account,2023-11-27,0.0
RM0088,Fixed Deposit,2019-11-05,11084.0
,Gold Investment,2025-07-15,18171.0
RM0111,Loan Against Property,2025-03-05,71873.0
RM0021,Fixed Deposit,2021-07-08,72213.0
RM0133,Life Insurance,2023-10-02,61244.0
RM0040,Life Insurance,2024-07-28,42443.0
RM0067,Fixed Deposit,2020-11-23,66182.0
RM0086,Recurring Deposit,2023-08-17,84316.0
RM0004,Fixed Deposit,25/12/2022,179783.0
RM0036,Term Insurance,2025-01-04,119749.0
RM0111,Current Account,28/01/2022,89123.0
RM0235,Term Insurance,30/01/2026,69332.0
RM0223, Health Insurance ,2021-09-27,52684.0
RM0165,Credit Card,2021-04-19,16426.0
RM0225,Saving Account,12-25-2023,19049.0
RM0144,Gold Investment,2025-05-07,95817.0
RM0173,Credit Card,,91307.0
RM0142,Saving Account,2023-09-24,57655.0
RM0120,RECURRING DEPOSIT,2022-05-28,38887.0
RM0132,Fixed Deposit,2023-07-19,11318.0
,Gold Investment,2025-07-28,29813.0
RM0050,Fixed Deposit,2024-05-04,37291.0
RM0166,Recurring Deposit,2021-02-27,43258.0
RM0056,ULIP,05-29-2021,142482.0
RM0044,Current Account,2025-02-02,15754.0
,Current Account,25/07/2020,46580.0
RM0198,Health Insurance,10/06/2019,32937.0
RM0095,Term Insurance,2023-07-11,240751.0
RM0158,Mutual Funds,2024-09-10,108975.0
RM0159,Current Account,,38882.0
,Loan Against Property,2026-04-24,414859.0
RM0084,Loan Against Property,2022-02-02,46083.0
RM0204,Saving Account,2025-03-20,19143.0
RM0071,ULIP,2021-05-11,50582.0
RM0235,Health Insurance,2026-01-09,22822.0
RM0086,Life Insurance,2026-02-21,60573.0
RM0159,Health Insurance,26/03/2026,148581.0
RM0229,Life Insurance,,87135.0
RM0181,Mutual Funds,2022-01-02,25952.0
RM0090,ULIP,2022-04-09,27609.0
RM0007,Health Insurance,04-15-2026,13590.0
RM0093,Current Account,2020-10-24,26834.0
RM0141,Term Insurance,2019-10-03,14859.0
RM0016,Health Insurance,2021-09-23,44602.0
RM0217,Term Insurance,2026-05-16,71609.0
RM0118, Fixed Deposit ,06-14-2024,79551.0
RM0113,ULIP,2024-12-04,13068.0
RM0228,Term Insurance,,-1000.0
RM0236,Saving Account,2021-01-19,30772.0
RM0045,Current Account,2020-04-12,88888888.0
RM0158,Mutual Funds,2025-09-15,26995.0
RM0058,Gold Investment,2024-02-28,15507.0
RM0125,Loan Against Property,17/08/2020,32507.0
RM0030,ULIP,06-13-2021,27785.0
RM0233,Mutual Funds,,60324.0
RM0042,Loan Against Property,2023-05-26,117408.0
RM0241,Saving Account,2022-05-11,40333.0
RM0087,Saving Account,,78652.0
RM0142,Loan Against Property,22/10/2025,17891.0
RM0149,ULIP,2026-03-12,122673.0
RM0013,Saving Account,2020-01-12,-1000.0
RM0094, Current Account ,2021-05-01,18278.0
RM0181,Mutual Funds,10-03-2021,20665.0
RM0089,Term Insurance,2024-07-02,15628.0
RM0137,Credit Card,2025-01-18,28529.0
RM0101,Current Account,2024-05-14,50193.0
RM0172,Loan Against Property,12/11/2019,231117.0
RM0200,Health Insurance,2024-03-27,88840.0
RM0223,Recurring Deposit,2025-01-03,33936.0
RM0101,Health Insurance,05/11/2023,52882.0
RM0090,Recurring Deposit,2025-11-13,58816.0
RM0085,Health Insurance,2019-12-24,96503.0
RM0200,Credit Card,10/05/2019,76675.0
RM0156,Term Insurance,2019-05-14,52116.0
RM0073, Gold Investment ,2025-12-06,65309.0
RM0029,Mutual Funds,26/04/2022,78504.0
RM0180,Loan Against Property,2025-03-10,17144.0
RM0225,ULIP,2023-09-22,21185.0
RM0106,Fixed Deposit,2022-02-20,68331.0
RM0069,Health Insurance,2022-07-14,104998.0
RM0020,Credit Card,2021-04-04,36319.0
RM0003,Term Insurance,2021-11-05,205327.0
RM0233,Mutual Funds,2020-01-04,22171.0
RM0158,Life Insurance,19/10/2021,0.0
RM0054,Health Insurance,2026-08-01,88888888.0
RM0250,Fixed Deposit,23/12/2023,36952.0
RM0081,Health Insurance,2025-10-20,33782.0
RM0164,Loan Against Property,2026-02-18,88888888.0
RM0081,Recurring Deposit,2025-03-10,88888888.0
RM0219,ULIP,08-25-2022,143174.0
RM0191,Term Insurance,19/09/2025,26800.0
RM0064,Fixed Deposit,2023-07-27,41818.0
RM0076,Current Account,2026-01-18,20365.0
RM0194,Loan Against Property,2023-08-15,46830.0
RM0106,ULIP,20/05/2019,107387.0
RM0127,Life Insurance,30/05/2025,28123.0
RM0102,Fixed Deposit,2022-02-05,93245.0
,Loan Against Property,2026-03-06,131131.0
RM0004,Saving Account,2021-01-14,13787.0
,Credit Card,2025-08-23,80616.0
RM0112,Current Account,2019-12-17,24741.0
RM0001,Mutual Funds,06/01/2026,19638.0
RM0210,Credit Card,2023-01-07,55955.0
RM0122,Fixed Deposit,06-08-2025,71141.0
RM0236,Recurring Deposit,07-05-2020,35106.0
RM0156,Recurring Deposit,16/03/2019,11998.0
RM0080,Term Insurance,2023-03-09,129682.0
RM0066,Saving Account,28/03/2024,75605.0
RM0158,ULIP,2023-02-07,25849.0
RM0238,Life Insurance,2022-11-16,44344.0
RM0227,Saving Account,2023-08-01,11409.0
RM0034,Life Insurance,2024-06-28,30721.0
RM0062,Life Insurance,2020-07-19,46963.0
RM0114,Fixed Deposit,,46410.0
RM0073,Health Insurance,2024-07-10,21671.0
RM0241,Saving Account,2022-09-23,84972.0
RM0226,Term Insurance,2025-05-15,27752.0
RM0167,Current Account,19/03/2023,53423.0
RM0035,Recurring Deposit,2021-03-11,25839.0
RM0225,Saving Account,2026-03-29,37683.0
RM0049,ULIP,30/08/2021,21629.0
RM0039,Term Insurance,26/05/2019,60120.0
RM0208,Fixed Deposit,12-05-2022,37720.0
RM0189,Life Insurance,02-27-2026,10812.0
RM0068,Mutual Funds,2022-03-20,11428.0
RM0175,Fixed Deposit,07/08/2023,41851.0
RM0141,Saving Account,22/06/2023,20119.0
RM0208,ULIP,2020-07-05,53978.0
RM0216,Fixed Deposit,2024-05-18,36228.0
RM0187,Term Insurance,2025-07-12,63126.0
RM0183,Gold Investment,10/03/2022,162241.0
RM0090,ULIP,,47616.0
RM0034,Health Insurance,19/09/2023,87412.0
RM0040,Current Account,2022-06-18,79926.0
RM0089,Loan Against Property,2020-01-22,137418.0
RM0144,Fixed Deposit,2025-07-29,22041.0
RM0228,Gold Investment,2026-01-08,97817.0
RM0103,Credit Card,2025-07-17,127968.0
RM0221,Health Insurance,2025-03-07,34941.0
RM0199,Term Insurance,11-01-2025,28830.0
RM0146, ULIP ,2023-09-06,161865.0
RM0078,Gold Investment,19/08/2021,59393.0
RM0024,Credit Card,21/07/2022,33956.0
RM0093,Life Insurance,2026-03-04,88469.0
RM0049,Saving Account,03/03/2025,28154.0
RM0008,Term Insurance,2022-01-07,19703.0
RM0073,Life Insurance,03-26-2022,49259.0
RM0204,Saving Account,2020-04-30,51759.0
RM0109,Health Insurance,2022-09-16,97362.0
,Fixed Deposit,21/01/2023,40534.0
RM0240,Loan Against Property,2025-08-10,94258.0
RM0224,Credit Card,07-16-2023,28649.0
RM0033,Health Insurance,2025-09-02,52826.0
RM0126,Saving Account,2022-08-07,21689.0
RM0016,Health Insurance,2024-04-10,34342.0
RM0167,Life Insurance,07/02/2024,107434.0
RM0172,Gold Investment,2020-10-17,22166.0
RM0079,ULIP,03-02-2022,93099.0
RM0141,Term Insurance,09-30-2024,26625.0
RM0183,Recurring Deposit,16/05/2025,11754.0
RM0208,Gold Investment,2019-10-03,15823.0
RM0002,Credit Card,2021-11-04,78497.0
RM0212,ULIP,25/06/2022,25195.0
RM0104,Saving Account,2019-12-16,63086.0
RM0071,Health Insurance,05-17-2020,70065.0
RM0111,Term Insurance,2023-04-02,31165.0
RM0177,Life Insurance,2024-03-30,42210.0
RM0060,Credit Card,10-09-2020,35856.0
RM0030,Recurring Deposit,,157203.0
RM0084,Term Insurance,09/04/2026,29279.0
RM0092,Saving Account,2022-12-17,20125.0
RM0096,Mutual Funds,2024-06-12,88888888.0
RM0206,ULIP,2021-06-18,32753.0
RM0093,Credit Card,11/02/2023,65359.0
RM0037,LOAN AGAINST PROPERTY,2026-05-09,69761.0
RM0019,Recurring Deposit,,138888.0
RM0161,Loan Against Property,2025-04-16,116749.0
RM0143,Health Insurance,07-26-2020,27006.0
RM0003,Loan Against Property,2022-06-22,40363.0
RM0205,Recurring Deposit,2026-06-06,78771.0
RM0164,Fixed Deposit,11/12/2025,134167.0
RM0092,Life Insurance,03-20-2021,30561.0
RM0219,ULIP,11-12-2021,88888888.0
RM0127,Saving Account,2022-03-28,39389.0
RM0131,Gold Investment,2019-10-14,124869.0
RM0183,Saving Account,2019-02-19,32196.0
RM0054,Recurring Deposit,2019-04-05,42745.0
RM0163,Health Insurance,06-28-2023,127433.0
,Gold Investment,2023-05-12,91035.0
RM0070,Saving Account,2025-03-26,23948.0
RM0088,Loan Against Property,2024-06-17,29636.0
RM0040,Life Insurance,2025-01-02,31767.0
,Mutual Funds,17/06/2023,131942.0
RM0023,Credit Card,2024-04-21,352179.0
RM0198,Mutual Funds,2021-11-05,84361.0
RM0207,Saving Account,,43114.0
,Fixed Deposit,2021-01-14,88888888.0
RM0194,Health Insurance,2022-07-19,10511.0
RM0089,Credit Card,02-24-2021,69781.0
RM0101,Credit Card,,0.0
RM0184,Credit Card,28/03/2025,34662.0
RM0150,Mutual Funds,2023-06-18,60117.0
RM0147,Health Insurance,,56658.0
RM0019,TERM INSURANCE,2025-01-19,42776.0
RM0009,Term Insurance,2021-11-08,154467.0
RM0241,Mutual Funds,2025-06-12,11170.0
RM0248,Life Insurance,04-10-2020,72262.0
RM0198,Recurring Deposit,01-04-2022,36368.0
RM0128,Life Insurance,2019-04-06,72551.0
RM0104,Fixed Deposit,2021-01-20,66230.0
RM0239,Fixed Deposit,09-21-2020,10514.0
RM0160,ULIP,2021-03-11,26797.0
RM0046,Life Insurance,13/12/2022,20480.0
RM0033,Current Account,2025-10-14,19135.0
RM0111,Term Insurance,2019-02-17,75185.0
RM0049, Gold Investment ,10-27-2021,23692.0
RM0182,ULIP,06-10-2026,42192.0
RM0201,Fixed Deposit,21/09/2023,24183.0
RM0211,Health Insurance,2019-06-30,53402.0
RM0082,Credit Card,2022-11-06,73750.0
RM0153,Mutual Funds,2019-09-18,30104.0
RM0029,Credit Card,2022-06-12,
RM0177,Life Insurance,2020-06-21,56193.0
RM0187,Life Insurance,2019-09-16,88888888.0
RM0189,Gold Investment,2026-04-05,97106.0
RM0101,Gold Investment,2019-09-12,-1000.0
RM0029,ULIP,2023-10-01,14948.0
RM0049,Term Insurance,03-09-2021,72009.0
RM0138,ULIP,06-16-2023,29514.0
RM0128,Saving Account,2024-11-13,16542.0
RM0151,Credit Card,2021-11-14,49444.0
RM0236,Life Insurance,08-22-2020,88888888.0
RM0146,Current Account,2022-09-21,22826.0
RM0173,Current Account,2025-05-15,96119.0
,ULIP,08-02-2024,12192.0
RM0106,Current Account,2022-09-06,15193.0
RM0006,Current Account,,46802.0
RM0170,Term Insurance,2020-01-31,54451.0
RM0212,Loan Against Property,2024-06-06,75445.0
RM0177,Mutual Funds,2025-02-08,25005.0
RM0124,Gold Investment,2020-08-17,102182.0
RM0216,ULIP,22/08/2025,163032.0
RM0181, Health Insurance ,,44561.0
RM0232,Term Insurance,2023-06-17,81466.0
RM0202,Life Insurance,2020-11-02,47206.0
RM0139,Recurring Deposit,2022-05-08,13599.0
,ULIP,2026-07-29,-1000.0
RM0075,ULIP,2021-05-26,29734.0
RM0135,Term Insurance,2021-09-11,14577.0
RM0147,Credit Card,2021-02-12,234946.0
RM0043,Mutual Funds,2023-02-17,23005.0
RM0200,Credit Card,2022-02-07,60516.0
,Loan Against Property,2023-04-28,26727.0
RM0059,Loan Against Property,2023-07-07,62957.0
RM0020,ULIP,18/03/2022,21811.0
RM0237,Life Insurance,2024-01-11,86918.0
RM0180,Saving Account,03-21-2026,15872.0
RM0219,ULIP,08/02/2025,122761.0
RM0016,Saving Account,2022-11-19,101761.0
,Credit Card,2020-07-31,66785.0
RM0054,Saving Account,24/03/2023,13489.0
RM0032,Loan Against Property,2023-10-27,21695.0
RM0070,mutual funds,2022-12-08,108078.0
RM0149,Recurring Deposit,2022-01-14,16503.0
RM0010,Saving Account,2025-04-15,18476.0
RM0102,Health Insurance,2026-06-10,49263.0
RM0123,Credit Card,2024-09-17,26022.0
RM0013,Credit Card,,22556.0
RM0005,Term Insurance,2024-01-11,52879.0
RM0102,Saving Account,03-05-2021,33306.0
RM0154,Health Insurance,2024-01-05,0.0
RM0076,mutual funds,11-11-2020,17573.0
RM0241,Life Insurance,19/03/2026,48270.0
RM0064,Term Insurance,09-17-2021,34470.0
RM0247,Mutual Funds,2023-03-04,76310.0
RM0034,Mutual Funds,2019-12-15,15421.0
RM0074,Fixed Deposit,01-23-2025,58459.0
RM0089,Health Insurance,2025-09-20,38678.0
RM0139,Fixed Deposit,28/10/2021,36049.0
RM0182,Loan Against Property,14/03/2022,23217.0
RM0073,Life Insurance,2023-07-07,11544.0
RM0238,Current Account,2021-04-21,104091.0
RM0142,Health Insurance,2025-04-27,29756.0
RM0143,Term Insurance,2021-07-31,67142.0
RM0116,Mutual Funds,2021-09-29,157430.0
RM0048,Gold Investment,2026-06-08,51619.0
RM0024,Current Account,2020-10-04,35304.0
RM0192,Loan Against Property,2023-04-21,25617.0
RM0028,Credit Card,2019-08-10,
RM0016,Mutual Funds,2021-12-12,145938.0
RM0046,Life Insurance,15/06/2020,67297.0
RM0052,Gold Investment,2019-05-28,64723.0
,Saving Account,24/03/2026,37770.0
,Credit Card,2025-11-17,0.0
RM0052,Fixed Deposit,2024-07-22,103232.0
RM0039,Loan Against Property,2026-07-15,72530.0
RM0190,Mutual Funds,2019-05-08,26646.0
RM0145,Gold Investment,05/12/2021,55761.0
RM0066,Credit Card,2026-01-29,38122.0
RM0044,Term Insurance,,10330.0
RM0114,Saving Account,2019-05-21,92415.0
RM0084,Loan Against Property,09-09-2023,-1000.0
RM0185,Health Insurance,2021-10-28,16552.0
RM0030,Saving Account,01-02-2022,45662.0
RM0037,Mutual Funds,29/06/2022,30490.0
RM0159,Current Account,2020-02-12,30934.0
RM0202,Fixed Deposit,2025-11-08,42443.0
RM0054,Credit Card,02-28-2022,300843.0
RM0231,Life Insurance,2025-11-05,36244.0
RM0091,Term Insurance,2019-01-21,20064.0
RM0188,Mutual Funds,03-18-2022,57544.0
RM0085,Credit Card,2023-08-01,23478.0
RM0038,Life Insurance,2022-05-27,15577.0
RM0139,ULIP,2021-03-31,12573.0
RM0085,CREDIT CARD,2025-02-11,11157.0
RM0169,Current Account,2019-01-05,38208.0
,ULIP,2025-05-10,37819.0
RM0244,Loan Against Property,2020-05-06,20261.0
RM0202,Life Insurance,2019-10-02,86628.0
RM0124,Current Account,2024-01-07,16921.0
RM0172,Loan Against Property,10-20-2021,133442.0
RM0096,Current Account,28/05/2020,54285.0
RM0195,Recurring Deposit,2026-01-28,11400.0
RM0214,Term Insurance,2026-02-11,174804.0
RM0005,ULIP,05-18-2019,28404.0
RM0211,Life Insurance,2025-03-06,39889.0
RM0134,Health Insurance,2026-06-04,26722.0
RM0155,Loan Against Property,2026-03-03,75175.0
RM0173,Recurring Deposit,2026-05-03,43245.0
RM0016,Gold Investment,2024-10-01,17099.0
,Term Insurance,2022-07-14,15502.0
RM0101,Life Insurance,2024-08-16,74617.0
RM0028,ULIP,2023-01-06,23530.0
,Current Account,2026-04-10,17413.0
RM0006,Loan Against Property,09-29-2024,44600.0
RM0192,ULIP,24/08/2024,91168.0
RM0220,Credit Card,02/11/2021,26340.0
RM0056,Fixed Deposit,,26178.0
RM0234,Loan Against Property,2023-06-04,99752.0
RM0212,Credit Card,2019-08-27,17998.0
RM0198,Credit Card,09-10-2022,
RM0180,Recurring Deposit,2020-03-26,57950.0
RM0108,Health Insurance,,165069.0
RM0225,Saving Account,2022-09-10,102037.0
,Recurring Deposit,2019-08-30,13190.0
RM0166,Life Insurance,2025-12-08,29276.0
,Recurring Deposit,06-13-2026,17679.0
RM0011,Life Insurance,12-28-2023,159032.0
RM0166,Loan Against Property,2025-04-29,223226.0
RM0066,Loan Against Property,2026-02-17,23393.0
RM0125,Current Account,05-30-2021,65387.0
RM0076,Gold Investment,2020-12-11,102141.0
RM0129,Life Insurance,11-20-2020,
RM0118,Loan Against Property,2020-12-01,23307.0
RM0207,Term Insurance,2024-10-21,20393.0
RM0200,Current Account,2019-05-16,10563.0
RM0152,Fixed Deposit,12/11/2022,36548.0
RM0092,ULIP,2020-10-17,124848.0
RM0187,Current Account,2020-09-11,126641.0
RM0224,Current Account,,16833.0
RM0054,Recurring Deposit,2025-05-17,21429.0
,Mutual Funds,10-21-2022,88888888.0
RM0064,Term Insurance,2020-08-28,36216.0
RM0190,Credit Card,2020-11-14,85848.0
RM0002,Fixed Deposit,2019-10-25,57318.0
RM0132,Saving Account,2023-06-26,46061.0
RM0043,Credit Card,2024-12-09,54816.0
RM0236,Saving Account,2024-12-13,15057.0
RM0035,Mutual Funds,2020-06-09,42472.0
RM0101,Life Insurance,2022-10-14,251812.0
RM0103,Health Insurance,2023-02-09,14630.0
RM0006,Gold Investment,2021-04-21,46620.0
RM0126,Recurring Deposit,2025-06-19,27523.0
RM0105,Loan Against Property,,48817.0
RM0150,credit card,23/02/2021,52644.0
RM0067,Gold Investment,2023-10-25,53075.0
RM0205,Mutual Funds,,105597.0
RM0023,Gold Investment,2020-01-14,34694.0
RM0216,Gold Investment,2022-01-14,46320.0
RM0071,Current Account,2024-12-26,10549.0
RM0048,Saving Account,20/11/2022,87925.0
RM0202,Credit Card,2021-01-26,25020.0
RM0052,Term Insurance,07-08-2024,94792.0
RM0166,Term Insurance,04-14-2024,25437.0
RM0208,Mutual Funds,15/10/2019,10542.0
RM0234,life insurance,2024-01-07,18410.0
RM0218,Fixed Deposit,2019-09-04,222315.0
RM0183,Current Account,2026-02-13,29268.0
RM0107,Loan Against Property,2022-12-27,15760.0
RM0179,Mutual Funds,,16321.0
RM0120,ULIP,12/07/2026,28578.0
RM0091,ULIP,2020-08-03,11918.0
RM0095,Mutual Funds,,45819.0
RM0190,ULIP,11-24-2020,22023.0
RM0087,Life Insurance,10-26-2019,46626.0
RM0021,Life Insurance,,17585.0
RM0159,Saving Account,,38093.0
RM0009,Term Insurance,,55554.0
RM0129,Loan Against Property,09-07-2025,13200.0
, Credit Card ,2022-05-07,35437.0
,Mutual Funds,2022-01-18,28014.0
RM0119,Recurring Deposit,2019-01-12,-1000.0
RM0019,SAVING ACCOUNT,2022-05-28,23745.0
RM0166,Saving Account,2021-08-28,56384.0
RM0133,ULIP,2022-01-13,54402.0
RM0176,Recurring Deposit,2019-06-20,59807.0
RM0104,Life Insurance,2022-12-17,18651.0
RM0188,Loan Against Property,2022-08-30,26823.0
RM0065,Health Insurance,30/09/2021,21765.0
RM0186,Fixed Deposit,,48881.0
RM0193,Health Insurance,07-27-2022,40908.0
,Mutual Funds,2021-07-01,30045.0
RM0055,Current Account,2024-11-03,87092.0
,Life Insurance,2021-02-04,14934.0
RM0103,Mutual Funds,2021-05-19,194237.0
RM0217,Gold Investment,01-22-2024,16195.0
RM0181,Gold Investment,09-14-2023,84155.0
RM0184,Life Insurance,2025-08-29,32961.0
RM0192,Credit Card,2024-11-27,110221.0
RM0139,Gold Investment,2019-06-08,13853.0
RM0006,Saving Account,2026-07-06,33477.0
RM0114,Credit Card,2023-03-23,30431.0
RM0009,Fixed Deposit,2023-06-10,259226.0
RM0098,Current Account,2024-08-05,221849.0
RM0029,Recurring Deposit,2025-04-09,20523.0
RM0003,Recurring Deposit,2025-06-26,59705.0
RM0031,Gold Investment,2023-08-18,48341.0
RM0179,ULIP,2021-10-11,18383.0
RM0173,Mutual Funds,2020-05-10,19182.0
RM0109,Gold Investment,06-12-2020,236650.0
RM0229,Mutual Funds,2021-08-17,40140.0
RM0123,Saving Account,01/06/2022,16722.0
RM0239,Loan Against Property,,22090.0
RM0216,Gold Investment,2025-06-11,25622.0
RM0206,Loan Against Property,,45761.0
RM0073,Fixed Deposit,01/05/2020,30439.0
,Saving Account,2025-04-06,40349.0
,Gold Investment,20/10/2021,19106.0
RM0240,Current Account,04-02-2026,29780.0
RM0077,Saving Account,,13645.0
RM0152,Health Insurance,2025-10-22,120232.0
RM0210,Current Account,2025-05-15,21079.0
RM0035,Life Insurance,09/07/2021,80714.0
RM0082,Saving Account,2021-11-25,31504.0
RM0199,Health Insurance,16/08/2020,42160.0
,Current Account,2022-02-02,88888888.0
RM0093,Life Insurance,2024-07-02,88888888.0
RM0248,Saving Account,2019-06-27,27213.0
RM0117,Gold Investment,13/04/2023,69609.0
,Health Insurance,2020-05-05,103070.0
RM0002,Recurring Deposit,2019-07-29,26862.0
RM0099,Fixed Deposit,05/02/2019,23867.0
,Recurring Deposit,2023-09-03,67197.0
RM0128,Life Insurance,18/12/2025,20855.0
RM0061,Recurring Deposit,2023-06-03,61060.0
,Life Insurance,,14959.0
RM0045,Mutual Funds,2019-07-28,58397.0
RM0216,Fixed Deposit,2020-06-09,46016.0
RM0066,Credit Card,2021-10-06,16046.0
RM0218,Current Account,02-21-2024,62363.0
RM0231,ULIP,2024-01-16,39579.0
RM0187,Term Insurance,09/02/2021,22238.0
RM0024,Recurring Deposit,2024-07-20,31800.0
RM0242,Current Account,2021-08-01,43873.0
RM0203,Credit Card,,14801.0
,Loan Against Property,2021-10-01,168041.0
RM0190,Recurring Deposit,2024-11-26,64765.0
RM0129,Mutual Funds,2021-02-09,15409.0
RM0059,Term Insurance,2020-04-13,96541.0
RM0156,Life Insurance,2021-09-19,29471.0
RM0188,Life Insurance,2025-08-13,55416.0
RM0163,Fixed Deposit,,26227.0
RM0045,ULIP,2026-04-22,
RM0217,health insurance,2023-06-21,76101.0
RM0180,HEALTH INSURANCE,2022-10-20,74188.0
RM0189,Recurring Deposit,2024-02-18,50152.0
RM0045,Mutual Funds,2025-11-05,23782.0
RM0036,ULIP,2019-02-04,24631.0
RM0025,Loan Against Property,2026-05-03,34133.0
RM0145,Credit Card,10-05-2021,17833.0
RM0059,Loan Against Property,2026-06-06,30598.0
RM0105,Current Account,2020-01-06,67656.0
RM0213,Fixed Deposit,2020-09-22,98847.0
RM0020,Current Account,31/08/2019,30216.0
RM0102,Credit Card,2026-01-24,23301.0
RM0137,Life Insurance,15/06/2021,99381.0
RM0034,Loan Against Property,22/08/2023,120684.0
RM0250,health insurance,2020-04-22,36383.0
RM0138,Credit Card,2024-05-25,11363.0
RM0021,Term Insurance,2024-07-17,69365.0
RM0040,Gold Investment,2025-03-01,86631.0
RM0155,Current Account,2026-05-01,10909.0
RM0147,Credit Card,2024-03-29,55197.0
RM0199,Current Account,2025-03-02,54381.0
RM0060,Term Insurance,03-06-2021,33797.0
RM0074,Fixed Deposit,2019-08-03,79268.0
RM0196,Mutual Funds,2021-12-21,37946.0
RM0112,Mutual Funds,2024-03-23,0.0
,Gold Investment,2020-07-16,66470.0
RM0017,Credit Card,16/12/2022,46399.0
RM0216,Gold Investment,2021-11-15,24281.0
RM0006,Health Insurance,,56633.0
RM0084,ULIP,2022-03-25,76762.0
RM0101,Saving Account,2021-10-04,192301.0
RM0064,Saving Account,30/07/2024,33910.0
RM0227,ULIP,2025-03-15,13332.0
RM0102,Fixed Deposit,22/06/2025,231022.0
RM0100,Mutual Funds,2022-11-17,58882.0
RM0001,Mutual Funds,2024-08-11,156357.0
RM0215,Credit Card,05-13-2020,15481.0
RM0009,Saving Account,2025-03-26,30930.0
RM0105,Mutual Funds,2019-01-15,17189.0
RM0036,Current Account,2025-11-08,100245.0
RM0015,fixed deposit,18/12/2025,116156.0
RM0172,Health Insurance,2021-10-09,44788.0
RM0179,Recurring Deposit,09/03/2022,20326.0
RM0054,Gold Investment,2019-01-15,16797.0
RM0141,Loan Against Property,2019-06-12,54356.0
RM0226,ULIP,2019-09-05,45299.0
RM0063,Mutual Funds,2020-02-19,69337.0
RM0230,Life Insurance,,28207.0
RM0202,Current Account,2019-12-16,35739.0
RM0047,Credit Card,,0.0
RM0158,Health Insurance,10-09-2020,11079.0
RM0099,Current Account,2023-06-18,57098.0
RM0010,Credit Card,12-09-2021,37508.0
RM0018,Gold Investment,,136139.0
RM0163,Health Insurance,2021-07-17,61331.0
RM0054,Health Insurance,,35432.0
RM0052,Gold Investment,2026-01-17,25298.0
RM0115,Saving Account,2020-10-23,127844.0
RM0091,Loan Against Property,2021-06-06,10819.0
RM0006,Loan Against Property,2021-07-14,29793.0
RM0089,term insurance,27/11/2024,153680.0
RM0094,ULIP,2020-04-21,63070.0
RM0134,Life Insurance,11-10-2023,48041.0
RM0127,Saving Account,2021-06-13,21378.0
RM0001,Gold Investment,09-08-2022,99600.0
RM0082,Gold Investment,2025-12-16,21420.0
RM0022,Credit Card,2020-11-27,24267.0
RM0136,Fixed Deposit,2023-07-07,20650.0
RM0090,Recurring Deposit,14/03/2021,18607.0
RM0044,Mutual Funds,29/04/2026,163213.0
RM0188,Gold Investment,2024-09-14,56069.0
RM0188,Saving Account,27/02/2022,60783.0
RM0206,Credit Card,06-10-2024,164310.0
RM0056,Health Insurance,2021-04-07,23105.0
RM0001,Gold Investment,2021-05-26,10296.0
RM0100,Current Account,28/06/2026,55675.0
RM0091,Term Insurance,2025-02-14,45448.0
RM0146,Current Account,20/09/2022,42470.0
RM0189,ULIP,2024-09-18,13193.0
RM0078,Credit Card,2024-11-11,40296.0
RM0078,Gold Investment,2021-10-06,26952.0
RM0134,Health Insurance,07-31-2019,26049.0
RM0068,Mutual Funds,2022-09-20,22575.0
RM0043,credit card,2026-08-02,30212.0
RM0180,Recurring Deposit,,31780.0
RM0201,Credit Card,2020-03-28,28464.0
RM0158,Health Insurance,2021-06-30,202576.0
RM0061,Term Insurance,2023-04-27,144952.0
RM0112,Loan Against Property,,52725.0
RM0037,Current Account,2026-04-21,208310.0
RM0239,Current Account,2025-08-03,246638.0
RM0197,Term Insurance,2022-02-18,31998.0
RM0109,Credit Card,2019-09-15,39456.0
RM0234,Credit Card,2021-08-25,169784.0
RM0179,Mutual Funds,2021-02-04,56904.0
RM0245,mutual funds,,21971.0
RM0233,Life Insurance,2025-08-09,68459.0
RM0027,Recurring Deposit,2025-11-21,21517.0
RM0183,ULIP,2024-02-28,30727.0
RM0147,recurring deposit,30/07/2025,22910.0
RM0018,Term Insurance,2023-11-01,24050.0
RM0069,Current Account,2021-05-14,10233.0
RM0195,Mutual Funds,2019-06-20,116309.0
RM0172, ULIP ,12-05-2023,27548.0
RM0216,Term Insurance,2025-12-21,14516.0
RM0217,Health Insurance,02-11-2026,14550.0
RM0068,Gold Investment,25/02/2023,50598.0
RM0204,Term Insurance,2025-06-08,257527.0
RM0126,Saving Account,2020-10-09,17834.0
RM0001,Credit Card,2025-08-12,15247.0
RM0104,Gold Investment,01-16-2021,38839.0
RM0164,Term Insurance,03-26-2024,51429.0
RM0196,Fixed Deposit,2024-11-12,27433.0
RM0085,Fixed Deposit,2023-07-28,28014.0
RM0218,Loan Against Property,2021-09-28,37623.0
RM0236,Loan Against Property,2022-02-03,-1000.0
RM0104,Loan Against Property,06-28-2023,28854.0
RM0050,Health Insurance,02-05-2023,133450.0
RM0043,Fixed Deposit,2023-11-24,12143.0
RM0201,Credit Card,2020-07-27,23365.0
RM0224,Term Insurance,2023-05-17,92657.0
RM0137,credit card,2026-02-07,
RM0003,Credit Card,2024-11-21,99775.0
,ULIP,2022-07-06,15914.0
RM0113,Credit Card,10-07-2024,192030.0
RM0160,Health Insurance,2023-09-20,69103.0
RM0187,Recurring Deposit,03-10-2024,25913.0
RM0250,Saving Account,2024-08-09,40443.0
RM0011,Health Insurance,2019-08-04,27629.0
RM0182, Term Insurance ,02/08/2022,18127.0
RM0001,Current Account,30/12/2021,27207.0
RM0023,Saving Account,29/11/2020,53385.0
,Mutual Funds,26/01/2021,0.0
RM0097,Health Insurance,2022-07-12,97426.0
RM0049,Mutual Funds,05/12/2021,32590.0
RM0250,Health Insurance,2025-07-13,31377.0
RM0012,Mutual Funds,2026-06-06,41555.0
RM0239,Mutual Funds,2024-03-21,61719.0
RM0224,Loan Against Property,2024-02-15,79639.0
RM0089,Fixed Deposit,2025-03-10,29785.0
RM0233, Saving Account ,,54137.0
RM0123,ULIP,2019-12-13,34662.0
RM0065,Gold Investment,2025-11-26,73009.0
,Loan Against Property,2026-06-02,18996.0
RM0075,ULIP,06-01-2026,24847.0
RM0009,ULIP,,37761.0
RM0158,Credit Card,2026-02-05,120098.0
RM0171,Life Insurance,10-02-2025,52586.0
RM0207,life insurance,2019-06-11,178189.0
RM0215,Current Account,2026-05-03,15450.0
RM0076,HEALTH INSURANCE,2020-10-20,40825.0
RM0064,ULIP,2020-09-21,37156.0
RM0116,Recurring Deposit,26/10/2021,55840.0
,Term Insurance,,93556.0
RM0239,Fixed Deposit,2020-06-12,102083.0
RM0233,Saving Account,2020-05-30,65462.0
RM0002,Loan Against Property,2024-11-28,61296.0
RM0229,Credit Card,2021-05-02,158825.0
RM0211,Recurring Deposit,2021-06-22,34200.0
RM0147,Gold Investment,2024-02-11,99423.0
,Health Insurance,2026-05-31,137235.0
RM0081,Gold Investment,2024-03-15,43818.0
RM0148,Recurring Deposit,06/07/2021,75300.0
RM0186,Credit Card,2021-01-26,33662.0
RM0204,Saving Account,2021-12-13,18650.0
RM0065,Credit Card,2022-11-21,54155.0
RM0211,Life Insurance,2020-07-13,20937.0
,Life Insurance,2020-10-04,40587.0
RM0042,Mutual Funds,2019-07-15,113130.0
RM0197,Fixed Deposit,2022-11-27,14497.0
RM0218,ULIP,2019-12-11,11545.0
RM0115,Recurring Deposit,2023-07-03,56630.0
RM0065,Recurring Deposit,2025-07-31,30103.0
RM0190,Mutual Funds,2019-01-28,37058.0
RM0239,ULIP,,36019.0
,Term Insurance,2022-02-23,14530.0
RM0051,Health Insurance,02-08-2020,10178.0
RM0004,Mutual Funds,2020-09-30,124347.0
,Current Account,2023-07-31,22282.0
RM0169,Loan Against Property,2021-08-12,37763.0
RM0152,Health Insurance,2021-02-12,188645.0
RM0205,Current Account,2025-01-12,97654.0
RM0149,Gold Investment,2025-02-14,15710.0
,Life Insurance,2022-06-04,45516.0
RM0063,ULIP,2023-08-14,75481.0
,Term Insurance,2026-01-30,69931.0
RM0088,Health Insurance,02-14-2023,81531.0
RM0142,Mutual Funds,2022-03-12,40574.0
RM0046,Recurring Deposit,11-29-2024,19674.0
RM0159,Current Account,04-01-2020,41262.0
RM0159,Loan Against Property,2024-05-12,62190.0
RM0186,Gold Investment,04/11/2023,56900.0
RM0019,ULIP,24/11/2023,13656.0
RM0232,Loan Against Property,2024-02-10,13357.0
RM0127,Term Insurance,2025-08-20,177990.0
RM0118,Fixed Deposit,2022-04-25,18232.0
RM0035,Recurring Deposit,2024-12-13,27439.0
RM0146,Credit Card,2023-10-28,82972.0
RM0223,Mutual Funds,14/09/2023,88888888.0
RM0221,Saving Account,2025-06-06,-1000.0
RM0097,Recurring Deposit,2020-09-05,36354.0
RM0117,Term Insurance,16/06/2023,20011.0
RM0240,Credit Card,2026-01-25,41483.0
,Mutual Funds,2024-10-26,52076.0
,Credit Card,2022-08-21,-1000.0
RM0149,Saving Account,08/08/2023,40143.0
,Recurring Deposit,2022-03-07,135632.0
RM0215,ULIP,2023-05-12,26752.0
RM0020,Gold Investment,09-14-2019,64136.0
RM0040,ULIP,2021-08-09,15955.0
RM0202,Recurring Deposit,2023-01-27,34902.0
RM0129,Mutual Funds,2026-01-02,77545.0
RM0016,Loan Against Property,10/10/2025,22732.0
,Gold Investment,2022-03-28,54551.0
RM0070,Recurring Deposit,2019-05-15,18328.0
RM0202,Current Account,14/07/2025,15418.0
RM0197,Saving Account,2024-09-24,47036.0
RM0063,Life Insurance,2022-12-14,0.0
RM0155,Gold Investment,2023-05-27,66198.0
RM0110,Gold Investment,05/02/2023,16016.0
RM0161,gold investment,10-19-2019,134915.0
RM0122,Term Insurance,25/08/2024,22794.0
RM0074,Credit Card,2024-09-07,16390.0
RM0086,Current Account,2020-04-06,21326.0
RM0239,Health Insurance,2019-04-30,19290.0
RM0007,Saving Account,2021-09-26,14752.0
RM0221,Health Insurance,2026-06-27,89934.0
RM0184,recurring deposit,2024-02-21,44213.0
RM0185,ULIP,06-19-2024,34593.0
RM0142,Gold Investment,15/07/2020,160418.0
RM0215,Recurring Deposit,11-20-2022,33181.0
RM0125,Credit Card,2025-08-04,19134.0
RM0123,Health Insurance,2025-11-22,26013.0
RM0244,Recurring Deposit,27/05/2024,23653.0
RM0050,Term Insurance,21/04/2021,44531.0
RM0105,Life Insurance,08-12-2025,27230.0
RM0037,Loan Against Property,06-23-2023,46289.0
RM0003,Credit Card,2024-08-28,65326.0
RM0125,Term Insurance,12/04/2022,85096.0
RM0138,Gold Investment,2021-01-10,71920.0
RM0238,Health Insurance,01-27-2020,21507.0
RM0012,Term Insurance,11/01/2022,16159.0
RM0141,Health Insurance,2024-06-17,49093.0
RM0177,Fixed Deposit,2024-02-08,21089.0
RM0050,Health Insurance,2026-02-01,14437.0
RM0180,Term Insurance,2019-04-16,47442.0
RM0216,Loan Against Property,2019-09-23,29785.0
RM0245,Gold Investment,04-13-2025,80559.0
RM0197,Life Insurance,2019-05-12,28857.0
RM0035,ULIP,2024-02-16,202492.0
RM0145,Life Insurance,2023-08-10,81049.0
RM0091,Term Insurance,2019-04-12,12971.0
RM0235,Gold Investment,31/07/2021,45552.0
RM0167,Credit Card,13/10/2020,51347.0
RM0017,Term Insurance,09-21-2022,69421.0
RM0162,ULIP,10-20-2024,44437.0
RM0160,Fixed Deposit,2020-09-15,43028.0
RM0002,Term Insurance,2021-06-30,32938.0
RM0238,ULIP,2024-10-10,25835.0
RM0073,Fixed Deposit,2019-03-03,156124.0
RM0110,Life Insurance,2021-11-05,29106.0
RM0059,Health Insurance,2024-01-28,13276.0
RM0075,HEALTH INSURANCE,2023-01-31,19153.0
RM0249,Credit Card,,107342.0
RM0122,Credit Card,11-11-2024,54171.0
RM0177,Saving Account,09-27-2021,85430.0
RM0207,Recurring Deposit,2021-01-21,92716.0
RM0112,Gold Investment,06-23-2023,96647.0
RM0121,Credit Card,25/04/2020,49993.0
RM0057,Credit Card,2021-01-19,19747.0
RM0217,Recurring Deposit,2022-03-18,18022.0
RM0092,Current Account,2023-10-30,52663.0
RM0228,Saving Account,,32825.0
RM0086,Saving Account,2021-04-08,50827.0
RM0225,Recurring Deposit,2019-06-03,44505.0
RM0003,Saving Account,2024-01-03,56090.0
RM0189,Recurring Deposit,19/03/2019,11631.0
RM0198,Fixed Deposit,2023-06-07,11669.0
RM0142,Current Account,2026-01-24,73933.0
RM0074,Recurring Deposit,2024-10-25,20729.0
RM0109,Life Insurance,2022-12-13,88888888.0
RM0196,Health Insurance,2020-01-16,62806.0
RM0003,Current Account,2020-01-19,49546.0
RM0155,Gold Investment,2022-03-04,210301.0
RM0241,Life Insurance,2019-06-28,100213.0
RM0167,Credit Card,13/12/2025,36647.0
RM0040,ULIP,19/11/2022,57909.0
RM0188,life insurance,2024-06-19,16237.0
RM0200,Credit Card,07-13-2025,34419.0
RM0148,Gold Investment,2022-12-03,76191.0
RM0030,Saving Account,2020-09-30,58731.0
RM0173,Saving Account,2023-10-26,43128.0
RM0027,Recurring Deposit,2025-08-17,19711.0
RM0037,Loan Against Property,2023-10-07,91264.0
RM0128,Credit Card,2021-09-22,25952.0
RM0240,Credit Card,2023-10-30,95873.0
RM0114,Current Account,2019-03-30,57287.0
RM0219,Recurring Deposit,2021-09-06,33319.0
RM0109,Health Insurance,2023-07-29,12072.0
RM0011,Saving Account,29/12/2025,23225.0
,Loan Against Property,,119943.0
RM0222,Gold Investment,2023-05-09,95180.0
RM0156,Recurring Deposit,2024-12-30,52766.0
RM0197,Health Insurance,2026-05-02,41398.0
RM0010,Current Account,2023-04-30,62084.0
RM0094,Health Insurance,2019-07-20,88888888.0
RM0046,Term Insurance,2022-08-06,41391.0
RM0069,Mutual Funds,2022-01-29,61684.0
RM0016,Health Insurance,,28365.0
RM0181,Current Account,2026-07-15,101161.0
,life insurance,2026-05-07,0.0
RM0225,Loan Against Property,,70519.0
RM0206,Mutual Funds,2023-02-20,30022.0
RM0054,Term Insurance,2019-10-11,98794.0
RM0019,Gold Investment,12-30-2025,43407.0
RM0099,Current Account,2023-10-30,19596.0
RM0240,Current Account,2020-04-20,14044.0
RM0153,Gold Investment,2024-08-18,70132.0
RM0204,ULIP,2021-09-24,110168.0
RM0079,Fixed Deposit,2026-04-01,92367.0
RM0217,Term Insurance,2022-08-11,63304.0
RM0035,Loan Against Property,04/05/2021,17621.0
RM0070,Saving Account,03-09-2024,14938.0
RM0202,Term Insurance,07-02-2019,31158.0
RM0041,ULIP,2022-04-14,106520.0
RM0247,ULIP,03/03/2022,173162.0
,Current Account,2020-07-01,23811.0
RM0209,ULIP,2026-03-17,81794.0
,Gold Investment,,52650.0
RM0092,Loan Against Property,,11616.0
RM0131,Fixed Deposit,2024-03-28,49144.0
RM0179,Life Insurance,06-11-2020,91979.0
RM0227,Recurring Deposit,2024-08-24,26156.0
RM0207,Saving Account,2023-04-19,123827.0
RM0050,Life Insurance,2022-03-03,-1000.0
RM0203,Saving Account,07-18-2019,23476.0
RM0019,Recurring Deposit,,13977.0
,Loan Against Property,2025-08-20,18714.0
RM0036,Current Account,2023-07-05,100701.0
RM0028,Life Insurance,2022-07-07,37004.0
RM0117,Loan Against Property,2022-04-10,89714.0
RM0121,ULIP,2026-04-17,47882.0
RM0186,Life Insurance,02-04-2020,42750.0
RM0125,Life Insurance,2025-09-29,92230.0
RM0244,Recurring Deposit,2019-01-08,37537.0
RM0037,ULIP,21/03/2020,90982.0
RM0093,Current Account,2020-09-29,15304.0
RM0238,Life Insurance,2023-06-05,60572.0
RM0043,Current Account,2020-03-28,70631.0
RM0148,ULIP,2023-02-01,124679.0
RM0112,ULIP,2021-12-07,22701.0
RM0205,Gold Investment,2025-12-03,56344.0
RM0060,Health Insurance,13/09/2025,38392.0
RM0147,Health Insurance,26/06/2019,34125.0
RM0070,Life Insurance,2023-06-15,15642.0
RM0206,Gold Investment,2022-01-04,17206.0
RM0235,Mutual Funds,01-18-2026,100696.0
RM0227,Saving Account,2019-09-03,79265.0
RM0178,Health Insurance,21/07/2020,34090.0
RM0161,ULIP,2019-06-09,98154.0
RM0215,ULIP,,14210.0
RM0104,Current Account,05/05/2024,59011.0
RM0019,Term Insurance,2022-02-25,111314.0
RM0229,Term Insurance,2021-01-05,101275.0
RM0116,Saving Account,12-12-2023,33323.0
RM0036,Health Insurance,2019-11-06,78370.0
RM0099,Credit Card,02-08-2022,37884.0
,Term Insurance,08/10/2022,101672.0
RM0237,Credit Card,12/08/2021,47832.0
RM0240,Recurring Deposit,2025-10-22,82378.0
RM0065,Term Insurance,2019-11-02,14091.0
,Loan Against Property,2024-06-16,54583.0
RM0185,Saving Account,2019-02-27,49956.0
RM0124,ULIP,2026-05-20,57077.0
RM0173,Credit Card,2024-10-06,69477.0
RM0019,Credit Card,2021-10-31,135118.0
,Fixed Deposit,2023-07-07,87014.0
RM0066,Gold Investment,2022-03-23,22399.0
RM0209,Loan Against Property,2019-11-09,97405.0
RM0030,Loan Against Property,07-12-2021,16509.0
RM0203,Current Account,,58669.0
,Health Insurance,2023-03-20,117173.0
RM0170,ULIP,2025-10-23,15330.0
RM0246,Loan Against Property,2021-07-30,104753.0
RM0036,Recurring Deposit,2026-07-22,90128.0
RM0008,Fixed Deposit,2019-12-30,45036.0
RM0244,Gold Investment,2020-01-20,28473.0
RM0140,Fixed Deposit,13/12/2023,35996.0
RM0008,life insurance,2022-10-27,183140.0
RM0213,Loan Against Property,01-02-2023,21263.0
RM0235,Saving Account,2025-03-08,53327.0
RM0223,Current Account,,14345.0
RM0108,Saving Account,2023-12-02,22288.0
RM0069,Health Insurance,2024-07-29,82051.0
RM0011,Mutual Funds,2024-05-19,28019.0
RM0107,Term Insurance,09-29-2022,222606.0
RM0019,Fixed Deposit,2026-02-09,44739.0
RM0069,Fixed Deposit,2021-07-04,46339.0
RM0243,Term Insurance,18/11/2024,11849.0
RM0023,Fixed Deposit,2020-01-11,166780.0
RM0068,Health Insurance,2025-05-13,19572.0
RM0165,Loan Against Property,2024-05-20,48646.0
RM0220,Recurring Deposit,2024-02-18,35182.0
RM0120,Current Account,2019-11-27,36857.0
RM0167,Loan Against Property,2019-01-23,
RM0008,term insurance,2021-02-07,61543.0
RM0249,Life Insurance,2024-08-25,64248.0
RM0144,ULIP,23/03/2019,18378.0
RM0173,Saving Account,2025-02-18,44616.0
RM0083,Health Insurance,2024-08-03,88146.0
RM0090,Life Insurance,10-14-2022,39285.0
RM0237,Life Insurance,26/03/2022,19064.0
RM0147,Saving Account,2024-05-12,28786.0
RM0076,Saving Account,2025-03-25,21936.0
RM0096,Gold Investment,2022-03-28,0.0
RM0198,Health Insurance,2023-11-18,16723.0
RM0136,Term Insurance,2024-10-24,33707.0
RM0173,Saving Account,2025-04-03,
RM0207,TERM INSURANCE,2020-12-08,48928.0
RM0119,Mutual Funds,2020-03-16,13776.0
RM0082,credit card,09-21-2023,56294.0
RM0065,Mutual Funds,2025-05-21,258267.0
RM0062,Current Account,28/11/2019,176385.0
RM0084,Recurring Deposit,2019-10-10,98355.0
RM0044,Mutual Funds,11-23-2025,25485.0
,Saving Account,2024-12-01,11133.0
RM0250,Recurring Deposit,2019-01-26,99650.0
RM0147,Health Insurance,2025-07-31,12866.0
RM0097,Loan Against Property,04/12/2021,
RM0159,ULIP,30/10/2023,21510.0
RM0161,Fixed Deposit,2021-01-07,49312.0
RM0182,Current Account,2024-08-12,19823.0
RM0049,Recurring Deposit,19/02/2026,99724.0
RM0104,Current Account,2025-02-05,85064.0
RM0095,Life Insurance,2021-11-17,80482.0
RM0208,Loan Against Property,2023-09-10,-1000.0
RM0069,Mutual Funds,2022-12-14,94675.0
RM0031,Health Insurance,2026-02-20,22403.0
RM0082,Life Insurance,,75261.0
RM0038,ULIP,2019-03-13,31947.0
RM0210,Loan Against Property,2026-01-12,64957.0
RM0075,Fixed Deposit,03/05/2025,16506.0
RM0003,Loan Against Property,2022-09-20,71138.0
RM0160, Health Insurance ,06-23-2026,188970.0
RM0144,Credit Card,2019-04-24,12228.0
RM0042,Term Insurance,,14926.0
RM0131,Saving Account,30/09/2020,16598.0
RM0157,Credit Card,2021-11-30,38155.0
RM0193,Gold Investment,2025-05-31,27179.0
RM0215,Gold Investment,12/03/2026,92232.0
RM0029,Health Insurance,2025-06-28,-1000.0
RM0080,ULIP,2023-03-29,42102.0
RM0224,Gold Investment,2025-12-15,43134.0
RM0147,Credit Card,2025-06-05,73122.0
RM0080,Term Insurance,2025-09-11,32468.0
RM0158,Saving Account,2025-07-11,88888888.0
RM0188,Gold Investment,03/07/2022,31786.0
RM0048,Life Insurance,12/03/2022,80719.0
,Gold Investment,2023-07-13,85715.0
RM0208,Current Account,2024-10-08,10725.0
RM0081,Term Insurance,23/12/2020,17762.0
RM0207,Term Insurance,,21982.0
RM0104,Life Insurance,2020-12-17,31662.0
RM0034,Recurring Deposit,02-19-2021,27226.0
RM0135,current account,02/04/2023,65209.0
RM0203,Current Account,2023-06-26,98052.0
RM0248,Gold Investment,2024-01-28,20665.0
RM0146,Term Insurance,2020-07-04,51388.0
RM0238,Life Insurance,2021-02-06,32928.0
RM0074,ULIP,2021-05-29,45238.0
RM0239,MUTUAL FUNDS,2024-04-09,58479.0
RM0064,ULIP,2026-07-11,122027.0
RM0170,Loan Against Property,09-11-2020,20677.0
RM0061,Fixed Deposit,2025-07-01,14551.0
RM0011,Life Insurance,2019-12-13,59337.0
RM0109,Gold Investment,2022-05-06,35054.0
RM0144,Credit Card,2025-03-12,18890.0
RM0127,Life Insurance,2020-10-03,16226.0
RM0164,Fixed Deposit,2025-09-27,50925.0
RM0070,Gold Investment,22/01/2023,27867.0
RM0052,Term Insurance,2020-06-24,308122.0
RM0045,Recurring Deposit,,36035.0
RM0192,Life Insurance,2023-02-28,21931.0
RM0197,Credit Card,2024-02-08,59557.0
RM0176,Recurring Deposit,2021-11-09,24002.0
RM0188,Health Insurance,2022-09-06,44069.0
RM0182,Mutual Funds,2021-11-12,88888888.0
RM0186,Life Insurance,2025-06-15,42944.0
RM0117,Credit Card,2023-11-30,40216.0
RM0057,Current Account,2025-04-12,89502.0
RM0102,Life Insurance,2020-03-07,22206.0
RM0215,Loan Against Property,2021-02-21,127330.0
RM0132,life insurance,2026-07-05,88352.0
RM0078,Gold Investment,2024-11-19,30257.0
RM0028,Mutual Funds,06-11-2020,19959.0
RM0182, Credit Card ,2026-01-15,26392.0
RM0247,Credit Card,30/11/2022,30221.0
RM0038,Mutual Funds,2022-06-22,50701.0
RM0232,Health Insurance,2019-10-22,12373.0
RM0034,Health Insurance,2024-02-27,132879.0
RM0163,Health Insurance,2019-11-20,15194.0
RM0062,Saving Account,2023-01-31,26374.0
RM0217,Loan Against Property,2019-01-29,15786.0
RM0213,Health Insurance,09-25-2020,24830.0
RM0212,Credit Card,2019-07-27,
RM0243,Saving Account,2019-10-03,100907.0
RM0212,Credit Card,,57748.0
RM0050,Loan Against Property,2019-11-25,22894.0
RM0225,Fixed Deposit,,112692.0
RM0241,Loan Against Property,2025-03-01,88888888.0
,FIXED DEPOSIT,2019-10-05,90650.0
RM0099,Current Account,2025-10-01,80049.0
RM0005,Health Insurance,2026-06-12,104073.0
RM0056,Current Account,21/02/2023,58333.0
RM0037,Saving Account,2023-12-18,44801.0
RM0088,Life Insurance,2024-09-22,33415.0
RM0184,Current Account,18/04/2021,22664.0
RM0128,Term Insurance,2024-04-16,50755.0
RM0154,ULIP,2020-09-28,120133.0
RM0208,Saving Account,2021-09-09,55067.0
RM0029,Credit Card,2024-11-15,136041.0
RM0020,Term Insurance,06-06-2020,32074.0
RM0020,Mutual Funds,2024-08-13,69394.0
RM0212,ULIP,28/09/2024,-1000.0
RM0126,Term Insurance,,62300.0
RM0095,Health Insurance,2020-07-28,65498.0
RM0129,Recurring Deposit,2023-09-16,61787.0
RM0053,Life Insurance,2022-08-21,22529.0
RM0077,Loan Against Property,2024-04-12,17750.0
RM0125,ULIP,2025-02-04,202284.0
RM0023,Saving Account,2024-05-05,12317.0
RM0181,Gold Investment,2021-04-18,41530.0
RM0104,Current Account,2025-10-15,37676.0
RM0237,Term Insurance,07-21-2020,32315.0
RM0221,Recurring Deposit,2021-06-15,86159.0
RM0214,Fixed Deposit,21/05/2026,78393.0
RM0095,Term Insurance,2025-02-01,127812.0
RM0151,Health Insurance,2023-01-06,35166.0
RM0221,Loan Against Property,2022-11-20,51526.0
RM0028,Fixed Deposit,2024-08-06,121423.0
RM0235,ULIP,2023-07-18,264549.0
RM0066,Saving Account,11-22-2019,
RM0232,Gold Investment,24/03/2019,184165.0
RM0116,Saving Account,2019-09-25,73264.0
RM0079,Saving Account,2026-01-22,17729.0
RM0137,CREDIT CARD,23/09/2022,11172.0
RM0017,Mutual Funds,2025-08-04,97210.0
RM0119, Recurring Deposit ,2024-11-04,101924.0
RM0080,Life Insurance,2019-08-20,78592.0
RM0163,Recurring Deposit,2020-05-10,26419.0
RM0239,Recurring Deposit,2021-02-05,61057.0
RM0023,Current Account,24/12/2023,29008.0
RM0127,Fixed Deposit,2021-06-19,39950.0
RM0048,Credit Card,2025-10-25,34098.0
RM0111,Loan Against Property,2021-01-02,132461.0
RM0092,Recurring Deposit,2023-07-25,23338.0
RM0180,Credit Card,2024-05-16,53091.0
RM0012,Mutual Funds,2022-01-10,32391.0
RM0051,Saving Account,2022-01-25,64394.0
RM0250,Saving Account,04-05-2019,51570.0
RM0201,Life Insurance,2019-09-29,138836.0
RM0158,Term Insurance,2025-10-15,15357.0
RM0237,Loan Against Property,2022-01-22,22464.0
RM0217,Fixed Deposit,05/12/2021,82696.0
RM0165,Gold Investment,01-15-2019,33005.0
RM0071,MUTUAL FUNDS,2022-01-26,19063.0
RM0018,Recurring Deposit,2019-12-26,44990.0
RM0205,Recurring Deposit,01-15-2025,62798.0
RM0047,Recurring Deposit,2022-09-01,12293.0
RM0185,Mutual Funds,2026-01-11,27238.0
RM0070,Mutual Funds,2025-12-28,92884.0
RM0114,Saving Account,11-03-2024,-1000.0
RM0068,Recurring Deposit,2019-08-01,46723.0
RM0118,Loan Against Property,2023-05-11,11801.0
RM0063,Mutual Funds,2019-07-26,26560.0
RM0234,Fixed Deposit,2023-06-17,60963.0
RM0236,ULIP,2020-12-10,21117.0
RM0177,ULIP,2026-06-14,97836.0
RM0125,Gold Investment,2025-01-25,66439.0
RM0009,Gold Investment,01-07-2026,41874.0
RM0217,Fixed Deposit,2026-01-21,133623.0
RM0178,Gold Investment,27/08/2024,34862.0
RM0117,Health Insurance,2025-06-06,23398.0
RM0187,Term Insurance,2024-11-15,64147.0
RM0180,Loan Against Property,,52583.0
RM0214,saving account,21/06/2024,30417.0
RM0174,Loan Against Property,2025-09-10,31054.0
RM0032,Mutual Funds,2022-04-17,35392.0
RM0098,Loan Against Property,2024-06-10,27204.0
RM0020,Mutual Funds,2019-08-31,71935.0
RM0006,Health Insurance,09-29-2020,62685.0
RM0200,Term Insurance,2023-08-30,39060.0
RM0220,Saving Account,2020-08-21,35362.0
RM0152,Current Account,2020-11-24,32710.0
RM0207,Term Insurance,22/11/2024,26666.0
RM0044,Life Insurance,2022-12-19,14479.0
RM0120,Life Insurance,2026-07-28,25612.0
RM0063,Mutual Funds,2026-01-23,29371.0
,Gold Investment,2021-02-05,49668.0
RM0020,Life Insurance,2021-09-14,84314.0
RM0106,Recurring Deposit,2025-02-21,35184.0
RM0045,Term Insurance,2024-04-23,154800.0
RM0123,ULIP,2025-06-07,97824.0
,Recurring Deposit,2024-05-25,219329.0
RM0092,Current Account,2020-07-15,114455.0
RM0008,Term Insurance,11-09-2025,57950.0
RM0231, Health Insurance ,01-17-2024,-1000.0
RM0024,Health Insurance,2020-03-03,55624.0
RM0126,Recurring Deposit,2020-09-18,16935.0
,FIXED DEPOSIT,2025-12-22,74078.0
RM0185,Recurring Deposit,2019-09-09,55840.0
RM0114,Saving Account,2025-01-24,45355.0
RM0056,Current Account,17/03/2020,69092.0
RM0232,Current Account,2023-02-16,39353.0
RM0226,Credit Card,2022-05-25,47102.0
,Life Insurance,2025-03-02,35404.0
RM0115,Credit Card,2026-03-20,73180.0
RM0142,Credit Card,2025-10-21,114620.0
RM0218,Life Insurance,2025-02-22,101893.0
RM0115,Health Insurance,2019-11-19,87094.0
RM0109,ULIP,24/12/2023,10694.0
RM0074,Life Insurance,07-26-2026,131453.0
RM0212,Life Insurance,2025-12-01,26070.0
RM0139,Credit Card,07-01-2026,119451.0
RM0099,Recurring Deposit,03-08-2026,20968.0
RM0055,Mutual Funds,,38959.0
RM0029,Term Insurance,2020-04-10,79194.0
RM0218,Saving Account,26/04/2023,61121.0
RM0089,Mutual Funds,16/08/2021,36886.0
RM0037,Mutual Funds,2025-07-24,66757.0
RM0077,Current Account,2019-07-03,49808.0
RM0151,Saving Account,2020-02-04,26129.0
RM0249,CURRENT ACCOUNT,2025-10-27,61969.0
RM0028,Life Insurance,2021-04-10,21423.0
RM0181,Loan Against Property,2019-12-06,69206.0
RM0046,Health Insurance,2020-02-21,10155.0
RM0217,Gold Investment,05-25-2021,49789.0
RM0159,Saving Account,20/08/2025,88888888.0
RM0029, Recurring Deposit ,2021-05-17,35630.0
RM0211,Health Insurance,08-29-2023,28055.0
RM0003,Mutual Funds,02-14-2020,46253.0
RM0154,Health Insurance,19/10/2020,61825.0
RM0241,Recurring Deposit,2019-06-05,88888888.0
,Recurring Deposit,2023-07-15,178068.0
RM0160,Recurring Deposit,2019-07-16,99507.0
RM0249,Health Insurance,2025-05-31,73141.0
RM0052,Gold Investment,23/12/2025,42597.0
RM0091,ULIP,2023-04-14,34890.0
RM0059,Fixed Deposit,2025-10-04,11653.0
,Saving Account,02-01-2023,32243.0
RM0139,Health Insurance,2019-03-27,104317.0
RM0090,Saving Account,08-03-2020,34227.0
RM0112,Fixed Deposit,,40956.0
RM0243,Recurring Deposit,2024-05-07,25861.0
RM0074,Gold Investment,,26019.0
RM0024,Fixed Deposit,,13193.0
RM0212,Life Insurance,2026-07-24,57570.0
RM0115,Loan Against Property,21/05/2023,39716.0
RM0159,Fixed Deposit,24/06/2025,56565.0
RM0173,Credit Card,,49580.0
RM0154,Life Insurance,05/11/2023,90183.0
RM0157,ULIP,2024-01-20,79517.0
RM0046,ULIP,2022-11-02,83800.0
RM0091,Life Insurance,2021-03-14,44581.0
RM0075,Current Account,2026-05-26,31838.0
RM0158,Saving Account,2023-02-03,145480.0
RM0037,Loan Against Property,2019-07-09,12789.0
RM0080,ULIP,10-17-2025,18280.0
RM0172,Gold Investment,2022-03-14,37201.0
RM0154,Recurring Deposit,2022-01-01,57590.0
,Fixed Deposit,08-28-2019,10411.0
RM0095,Gold Investment,30/08/2023,73527.0
RM0058,Life Insurance,2022-06-23,50904.0
RM0037,Current Account,2023-02-03,43150.0
,Saving Account,2026-04-04,37538.0
RM0066,Mutual Funds,2021-04-22,46645.0
RM0139,Credit Card,2026-06-02,18824.0
RM0031,Saving Account,2021-08-01,15754.0
RM0151,CREDIT CARD,2026-02-12,27098.0
RM0238,Current Account,2024-10-28,71808.0
,Recurring Deposit,2024-09-29,54371.0
RM0020,Life Insurance,2019-01-19,42708.0
RM0221,Recurring Deposit,2025-07-24,52375.0
RM0086,Life Insurance,11/05/2019,50964.0
RM0241,Saving Account,2023-05-29,28339.0
RM0108,Current Account,2022-01-07,15126.0
RM0065,Term Insurance,2025-04-03,123545.0
RM0150,Credit Card,20/10/2024,55803.0
RM0156,Mutual Funds,2019-10-27,69824.0
RM0055,Term Insurance,2024-01-13,41180.0
RM0211,ULIP,05-15-2023,80627.0
RM0099,Gold Investment,2022-07-14,53913.0
RM0041,Fixed Deposit,2025-02-04,12765.0
RM0227,ULIP,2024-03-03,120407.0
RM0202,Loan Against Property,2022-07-08,28230.0
RM0149,Credit Card,2019-05-17,17418.0
RM0077,Recurring Deposit,2025-05-28,14608.0
,Recurring Deposit,,73726.0
RM0219,Loan Against Property,2020-12-09,70864.0
RM0127,Fixed Deposit,07/06/2020,70225.0
RM0193,Life Insurance,10-06-2019,133699.0
RM0218,Term Insurance,2019-03-06,31457.0
RM0218,Mutual Funds,11-14-2023,51177.0
RM0142,Gold Investment,2021-04-08,58312.0
RM0015,Health Insurance,05/10/2024,204322.0
RM0014,Gold Investment,2023-01-10,28723.0
RM0119,Saving Account,2021-03-09,166556.0
RM0239,Health Insurance,14/10/2022,18051.0
RM0069,Current Account,2023-05-08,82196.0
RM0046,Fixed Deposit,11/02/2023,60104.0
RM0204,ULIP,18/08/2024,94885.0
RM0022,Credit Card,12/07/2020,11455.0
,Recurring Deposit,2021-12-27,14067.0
RM0095,Fixed Deposit,2024-07-05,13612.0
RM0022,Term Insurance,,54942.0
RM0225,Loan Against Property,2023-03-18,56182.0
RM0081,Gold Investment,14/09/2024,128278.0
RM0199,ULIP,2026-01-01,41518.0
RM0053,Saving Account,2025-09-18,13523.0
RM0075,Life Insurance,2025-01-22,21756.0
RM0085,Fixed Deposit,2025-12-24,10405.0
RM0097,Current Account,,84965.0
RM0145,Credit Card,2026-01-20,94532.0
RM0128,Mutual Funds,2021-10-15,319262.0
RM0018,Saving Account,09-05-2025,36567.0
RM0026, Fixed Deposit ,2024-11-08,10974.0
RM0139,ULIP,2019-01-15,23376.0
RM0224,Life Insurance,2023-07-29,54308.0
,Mutual Funds,2020-01-09,173433.0
RM0031,Term Insurance,2021-04-16,15467.0
,Credit Card,2019-02-17,16481.0
RM0098,Credit Card,2024-03-13,70492.0
RM0011,Gold Investment,2020-11-12,65011.0
RM0152,Life Insurance,2025-03-04,24417.0
RM0079,Saving Account,2024-01-15,93871.0
RM0074,Loan Against Property,2023-12-11,-1000.0
,Mutual Funds,2021-01-09,16892.0
RM0207,Credit Card,2024-06-29,140010.0
RM0032,Term Insurance,2019-02-06,21221.0
RM0234,Term Insurance,2023-03-10,14242.0
RM0193,Term Insurance,2025-04-21,30739.0
RM0247,Saving Account,2024-02-14,20402.0
,Term Insurance,03/09/2023,47426.0
RM0107,Life Insurance,2021-10-24,68053.0
RM0061, Credit Card ,2024-12-17,43757.0
RM0098,Saving Account,2019-01-16,64029.0
RM0227,health insurance,03-06-2023,32700.0
RM0168,Mutual Funds,,11415.0
RM0078,Current Account,2023-02-27,192606.0
RM0230,Mutual Funds,07/07/2026,95577.0
RM0136, Term Insurance ,2019-03-31,13812.0
RM0240,Mutual Funds,27/07/2026,39817.0
RM0038,Loan Against Property,2025-09-16,60395.0
RM0233,Fixed Deposit,2026-08-08,20572.0
RM0069,Credit Card,2020-05-14,53136.0
RM0186,ULIP,2026-04-27,48140.0
RM0074,Fixed Deposit,,21676.0
RM0096,Current Account,2020-09-08,17611.0
RM0143,Current Account,13/09/2022,81140.0
RM0244,Mutual Funds,2024-09-13,29473.0
RM0187,Saving Account,06-07-2023,23988.0
RM0189,Health Insurance,2025-10-12,76947.0
RM0165,Loan Against Property,,76603.0
RM0237,Saving Account,2019-03-06,26175.0
RM0057,Term Insurance,2023-02-13,113008.0
RM0201,Recurring Deposit,2021-02-02,88888888.0
RM0045,Credit Card,14/06/2024,68277.0
RM0034,Current Account,2019-04-25,31214.0
RM0096,Health Insurance,,37886.0
RM0249,Mutual Funds,2024-10-07,74861.0
RM0093,Mutual Funds,04/09/2021,21886.0
RM0076,ULIP,2020-05-31,41627.0
RM0203,Saving Account,2023-12-30,63002.0
RM0022,Gold Investment,08/09/2024,48771.0
RM0206,Mutual Funds,29/06/2022,56866.0
RM0083,Gold Investment,2024-03-04,49506.0
RM0080,Gold Investment,2022-04-26,21108.0
RM0040,Fixed Deposit,2021-07-12,36399.0
RM0210,credit card,2022-06-10,47962.0
,Recurring Deposit,2020-07-10,85720.0
RM0235,Mutual Funds,,63051.0
RM0020,Health Insurance,2026-04-10,37807.0
RM0083,Mutual Funds,2024-10-17,193257.0
RM0224,Life Insurance,2022-01-23,15702.0
RM0072,Term Insurance,2019-08-06,21584.0
RM0174,Mutual Funds,2026-07-09,30875.0
RM0093,Saving Account,2020-05-29,22975.0
RM0216,Saving Account,2024-02-13,59100.0
,Recurring Deposit,2023-07-13,12017.0
RM0185,Loan Against Property,2021-11-19,19766.0
RM0170,Life Insurance,2024-04-09,-1000.0
RM0078,Mutual Funds,2026-07-08,27360.0
RM0163,ULIP,2024-09-15,67497.0
RM0143,Saving Account,2021-04-28,114319.0
RM0213,Mutual Funds,2020-12-20,90096.0
RM0219,Saving Account,01-07-2024,20049.0
RM0141,Health Insurance,2024-03-25,51667.0
RM0162,Fixed Deposit,2023-01-19,11524.0
RM0159,Health Insurance,,28592.0
RM0215,Credit Card,2024-07-04,91990.0
RM0204,Term Insurance,2025-11-14,40501.0
RM0080,term insurance,2026-07-06,18122.0
RM0048,Loan Against Property,2026-02-19,38861.0
RM0156,Credit Card,2021-12-15,21034.0
RM0178,Gold Investment,2021-03-26,34977.0
RM0117,Fixed Deposit,,43455.0
RM0250,Recurring Deposit,2019-11-07,31505.0
RM0198,ULIP,2023-07-28,148206.0
RM0034,Term Insurance,2023-08-10,51337.0
RM0099,Health Insurance,2026-07-15,102541.0
,Gold Investment,2024-07-26,81507.0
RM0152,Gold Investment,2026-04-28,64112.0
RM0241,Mutual Funds,2021-09-17,44347.0
RM0170,Term Insurance,2025-12-11,10108.0
,Life Insurance,24/11/2025,57526.0
RM0037,Credit Card,2019-06-11,31999.0
RM0196,Mutual Funds,2023-03-13,16264.0
RM0080,Recurring Deposit,12-27-2024,0.0
RM0186,Life Insurance,2025-11-16,39405.0
RM0228,Health Insurance,2019-07-29,76505.0
RM0099,Current Account,13/10/2020,173086.0
,Term Insurance,18/03/2022,88888888.0
RM0152,Loan Against Property,2020-07-05,33428.0
RM0210,Saving Account,2022-07-29,49123.0
RM0237,Credit Card,2026-07-12,105272.0
,Current Account,2023-04-28,30323.0
RM0112,ULIP,10/04/2021,17672.0
RM0032,ULIP,2020-03-20,26556.0
,Term Insurance,2025-11-17,124692.0
RM0100,Gold Investment,2020-06-14,18681.0
RM0012,Fixed Deposit,2019-06-30,29965.0
RM0133,Term Insurance,30/12/2022,41240.0
RM0159,ULIP,2022-11-24,103902.0
RM0101,Gold Investment,03-07-2019,0.0
RM0026,Loan Against Property,2021-08-07,148800.0
RM0171,Loan Against Property,11/11/2020,37739.0
RM0048,Health Insurance,14/08/2021,144378.0
RM0097,ULIP,,18804.0
RM0242,Current Account,2020-01-16,18530.0
RM0238,Life Insurance,,159042.0
RM0024,Fixed Deposit,2019-05-24,45634.0
RM0146,Life Insurance,2023-05-24,20284.0
RM0059,Gold Investment,2022-02-27,43470.0
RM0112,Saving Account,2019-03-05,86441.0
RM0179,Recurring Deposit,2019-06-24,97700.0
RM0064,Gold Investment,2019-08-06,109743.0
RM0187,Loan Against Property,,52148.0
RM0050,Gold Investment,2019-12-03,110850.0
RM0025,Current Account,30/04/2023,45670.0
RM0049,Term Insurance,,56704.0
RM0108,Fixed Deposit,2025-06-28,81089.0
RM0110,Health Insurance,2024-08-17,37707.0
RM0211,ULIP,08-02-2026,13821.0
RM0189,Loan Against Property,2023-01-17,31551.0
RM0093,Loan Against Property,09/04/2019,58900.0
RM0009,saving account,24/09/2021,20680.0
RM0187,Life Insurance,2023-04-26,18031.0
RM0190,Fixed Deposit,,27341.0
RM0202,Health Insurance,2024-07-20,11631.0
RM0194,ULIP,2023-11-03,78016.0
RM0041,Gold Investment,2020-02-22,24968.0
RM0167,recurring deposit,2022-07-05,16633.0
RM0134,Current Account,07-03-2021,70053.0
RM0108,ULIP,09-24-2022,102552.0
RM0250,Saving Account,2025-05-08,11003.0
RM0250, Recurring Deposit ,2025-01-22,23302.0
RM0020,Health Insurance,2020-05-29,155232.0
RM0062,Saving Account,2024-10-25,34327.0
RM0114,Loan Against Property,07/06/2019,149510.0
RM0002,Health Insurance,25/06/2019,26024.0
RM0108,LIFE INSURANCE,2025-01-28,22299.0
,Fixed Deposit,2019-01-21,22046.0
RM0050,Saving Account,2022-05-22,14454.0
RM0200,Mutual Funds,,123376.0
RM0242,Life Insurance,2025-12-14,205190.0
RM0075,Loan Against Property,2025-02-27,164511.0
RM0082,Life Insurance,13/08/2021,105536.0
RM0227,Mutual Funds,20/01/2021,103829.0
RM0075,Life Insurance,2026-02-04,64100.0
RM0065,Gold Investment,2022-03-29,97496.0
RM0096,Term Insurance,16/04/2020,21681.0
RM0211,Credit Card,07/07/2023,34544.0
RM0008,Current Account,31/10/2019,61198.0
RM0148,Loan Against Property,25/06/2026,113880.0
RM0053,Term Insurance,2026-04-06,64009.0
RM0095,Health Insurance,2023-07-31,101324.0
RM0227,Saving Account,2022-05-13,42117.0
RM0120,Mutual Funds,19/04/2020,73169.0
RM0142,Health Insurance,2025-03-14,205553.0
RM0196,Credit Card,2025-04-02,18331.0
RM0179,Loan Against Property,2020-02-19,140810.0
RM0223,Loan Against Property,2022-10-06,0.0
RM0233,Term Insurance,2025-10-26,46945.0
RM0240,Fixed Deposit,2021-11-28,61531.0
RM0015,Recurring Deposit,2023-02-16,115133.0
RM0193,Fixed Deposit,2026-05-27,36352.0
RM0215,Credit Card,2021-09-09,37123.0
,Mutual Funds,08-08-2024,47452.0
RM0128,Recurring Deposit,01-17-2026,10964.0
RM0180,Life Insurance,2019-08-12,44325.0
RM0124,Term Insurance,,27201.0
RM0069,Gold Investment,2021-04-18,141522.0
RM0199,ULIP,2021-07-31,
RM0100,Fixed Deposit,20/07/2024,14591.0
RM0116,Fixed Deposit,03-29-2026,40746.0
RM0114,ULIP,05-07-2026,157316.0
RM0063,Recurring Deposit,2025-04-29,125649.0
RM0098,Recurring Deposit,2025-11-05,70423.0
,Saving Account,2025-11-01,54502.0
RM0073,Fixed Deposit,05-31-2021,26475.0
RM0187,Credit Card,2025-04-03,32860.0
RM0027,Term Insurance,2021-05-02,14722.0
RM0149,Fixed Deposit,2025-09-26,87114.0
RM0188,ULIP,2020-06-17,29568.0
RM0139,Credit Card,2026-07-12,65098.0
,Saving Account,2023-06-12,32126.0
RM0058,Current Account,2026-02-25,41211.0
RM0181,Loan Against Property,08-01-2021,50484.0
RM0153,Life Insurance,2021-02-12,90937.0
RM0143,Term Insurance,2025-06-27,21859.0
RM0100,ULIP,2026-03-21,35438.0
RM0229,Loan Against Property,,16967.0
,Life Insurance,2020-12-28,13939.0
RM0135,Term Insurance,2023-01-17,56402.0
RM0145,Health Insurance,03-12-2021,20479.0
RM0002,Recurring Deposit,2024-12-25,13083.0
RM0249,Health Insurance,2024-01-15,123698.0
RM0040,Mutual Funds,2022-02-14,88888888.0
RM0137,Credit Card,2019-04-10,48212.0
RM0178,Saving Account,06-09-2021,17229.0
RM0137,Health Insurance,,12745.0
RM0178,Gold Investment,04/01/2020,16383.0
,Credit Card,2026-01-22,41870.0
RM0070,Health Insurance,30/01/2019,65201.0
RM0127,Current Account,12-28-2024,61260.0
RM0124,Term Insurance,2021-01-30,17798.0
RM0073,Term Insurance,2023-11-15,60186.0
RM0056,Mutual Funds,2020-04-28,35948.0
RM0054,Gold Investment,2025-09-25,41250.0
RM0174,Credit Card,2024-11-08,90830.0
RM0113,Credit Card,2023-07-21,30210.0
RM0140,life insurance,,17949.0
RM0154,Gold Investment,2020-04-25,113357.0
RM0178,Health Insurance,,21921.0
RM0139,Life Insurance,12-20-2025,27409.0
,Saving Account,2023-09-24,71309.0
RM0102,Fixed Deposit,30/10/2024,67529.0
,Health Insurance,2025-11-12,90572.0
RM0240,Term Insurance,10-05-2023,20158.0
RM0020,ULIP,2019-10-25,31714.0
RM0234,Gold Investment,2023-11-10,16727.0
RM0192,CURRENT ACCOUNT,07-02-2019,48939.0
RM0055,Recurring Deposit,2021-11-16,27305.0
RM0216,Life Insurance,2019-12-12,68387.0
RM0183,Health Insurance,2025-12-30,10017.0
RM0022,Health Insurance,11-11-2025,13076.0
,Life Insurance,2026-02-16,38331.0
RM0118,RECURRING DEPOSIT,09-25-2020,168723.0
RM0115,Saving Account,2025-03-01,120752.0
RM0145,Loan Against Property,03-26-2026,265875.0
RM0250,Loan Against Property,2023-07-23,36963.0
RM0096,Recurring Deposit,07-13-2026,12384.0
RM0094,Life Insurance,2022-05-09,28261.0
RM0102,Loan Against Property,2026-05-22,66315.0
RM0036,Fixed Deposit,05-03-2024,17260.0
RM0015,Credit Card,2023-07-24,27831.0
,Saving Account,2022-04-11,0.0
,Loan Against Property,,12890.0
RM0210,ULIP,08-23-2020,42214.0
RM0003,Life Insurance,2020-02-09,21717.0
RM0037,Mutual Funds,08-11-2020,14784.0
RM0173,Term Insurance,02-13-2022,36484.0
RM0133,Term Insurance,05-01-2024,31633.0
RM0198,Gold Investment,2026-07-14,48557.0
RM0038,Fixed Deposit,30/10/2019,79122.0
RM0015,Loan Against Property,2024-12-23,15971.0
RM0238,Term Insurance,2020-02-24,88301.0
RM0045,Fixed Deposit,2026-06-25,11332.0
RM0094,ULIP,2025-01-15,39268.0
,Saving Account,13/07/2019,
RM0099,Credit Card,2021-01-24,54267.0
,Current Account,07-31-2020,167326.0
RM0155,Term Insurance,2023-04-11,
RM0221,Term Insurance,2025-11-19,52656.0
RM0165,Recurring Deposit,2024-06-25,18643.0
RM0095,Mutual Funds,2025-06-20,46443.0
RM0148,Saving Account,2023-05-02,35191.0
RM0100,Credit Card,2024-06-04,42634.0
RM0007,Recurring Deposit,2019-11-21,20976.0
RM0072,Life Insurance,02/05/2021,44740.0
RM0175,Fixed Deposit,2021-02-27,18128.0
RM0126,Health Insurance,2022-09-12,78137.0
RM0022,Term Insurance,2023-11-09,55058.0
RM0219,Term Insurance,2026-01-05,14089.0
RM0049,ULIP,2021-10-17,120188.0
RM0225,Term Insurance,05-01-2026,57905.0
RM0005,Recurring Deposit,2025-07-31,28997.0
RM0015,Gold Investment,2020-10-09,12335.0
RM0074,ULIP,,60014.0
RM0092,Fixed Deposit,2019-11-17,33375.0
RM0140,Mutual Funds,2021-08-27,129091.0
RM0206,Mutual Funds,2019-02-17,11775.0
RM0133,Term Insurance,01/07/2019,11994.0
RM0064,Life Insurance,2025-08-11,159090.0
RM0079,Term Insurance,10-14-2023,177440.0
RM0190,Fixed Deposit,2020-06-13,11406.0
RM0165,Recurring Deposit,16/02/2023,72944.0
RM0104,Gold Investment,10-23-2024,22518.0
RM0037,Life Insurance,2022-10-13,70431.0
RM0154,Term Insurance,2024-07-01,111526.0
,Term Insurance,08-21-2020,15314.0
RM0189,Gold Investment,2021-07-28,23640.0
RM0141,Saving Account,2020-06-05,11218.0
RM0070,Fixed Deposit,2023-09-09,12240.0
RM0032,Mutual Funds,2023-08-27,11503.0
RM0176, Current Account ,2023-08-28,90642.0
RM0161,Mutual Funds,04/05/2024,27711.0
RM0047,Gold Investment,03/04/2019,43983.0
,Term Insurance,2023-11-01,87521.0
RM0054,Current Account,08-27-2025,44154.0
RM0046,Recurring Deposit,20/05/2025,38035.0
RM0075,GOLD INVESTMENT,2019-09-19,10582.0
RM0190,Credit Card,2026-04-04,51971.0
RM0202,Saving Account,02-11-2019,16661.0
RM0063,Term Insurance,,82333.0
RM0153,Fixed Deposit,2023-01-22,24902.0
RM0192,Credit Card,10-15-2021,66071.0
RM0065,Fixed Deposit,03-25-2023,61954.0
RM0153,Saving Account,2022-08-05,57943.0
RM0211,Current Account,2021-12-03,25527.0
RM0017,ULIP,2025-04-05,25536.0
,ULIP,2025-09-29,109406.0
RM0238,Mutual Funds,2019-02-04,10644.0
RM0238,Term Insurance,2020-06-18,20015.0
RM0028,Current Account,2022-11-20,57102.0
RM0066,Mutual Funds,06/03/2026,94926.0
RM0080,Health Insurance,23/08/2020,32185.0
RM0028,Term Insurance,06-30-2025,62985.0
RM0218,LOAN AGAINST PROPERTY,2021-11-03,50726.0
RM0087,Recurring Deposit,03-11-2023,13335.0
RM0116,CURRENT ACCOUNT,2021-05-15,58610.0
RM0239,Credit Card,2020-07-31,94074.0
,Current Account,08/02/2024,0.0
RM0168,Term Insurance,10/02/2019,254299.0
RM0183,Loan Against Property,2020-04-29,-1000.0
RM0099,Life Insurance,2025-10-08,11504.0
RM0245,Loan Against Property,10-03-2020,63949.0
RM0069,Current Account,2024-04-09,36768.0
RM0194,Mutual Funds,2024-03-30,10491.0
,Fixed Deposit,2025-04-06,57642.0
RM0217,Recurring Deposit,2025-07-27,16529.0
RM0031,gold investment,2025-04-24,33786.0
RM0157,Loan Against Property,26/06/2025,25147.0
RM0244,Current Account,2020-07-18,32405.0
RM0176,Credit Card,2023-12-23,43932.0
RM0157,Recurring Deposit,2020-05-18,32252.0
RM0207,Recurring Deposit,05-06-2021,50229.0
RM0227,Recurring Deposit,21/05/2019,23633.0
RM0238,Saving Account,2024-02-01,60442.0
,Fixed Deposit,2021-05-02,106126.0
RM0086,Current Account,10-09-2024,22684.0
RM0176,Current Account,09-10-2024,45451.0
RM0076,Health Insurance,07-14-2020,62304.0
RM0103,Mutual Funds,2020-02-04,51577.0
RM0053,Health Insurance,2024-11-14,32757.0
RM0214,Loan Against Property,2023-05-19,61389.0
RM0047,Term Insurance,2020-02-06,11432.0
RM0184,Gold Investment,2022-05-03,33094.0
RM0020,Credit Card,2023-06-05,48029.0
RM0029,Life Insurance,19/08/2025,11041.0
RM0164,Life Insurance,19/02/2025,45428.0
RM0027,Term Insurance,2019-07-25,63102.0
RM0214,Mutual Funds,,81191.0
RM0202,Saving Account,2019-11-21,16016.0
RM0024,Recurring Deposit,2021-04-17,243165.0
RM0153,Recurring Deposit,2022-04-19,56591.0
,Life Insurance,05/11/2025,32564.0
RM0104,Fixed Deposit,2020-10-02,24323.0
RM0209,ULIP,01-09-2026,52536.0
RM0040,health insurance,03-08-2026,116731.0
RM0156,Gold Investment,2021-05-10,-1000.0
RM0040,Recurring Deposit,2023-04-05,46757.0
RM0072,Gold Investment,12-11-2024,64157.0
RM0222,Recurring Deposit,12-03-2022,32134.0
RM0172,Credit Card,2021-06-12,34563.0
RM0125,Current Account,2026-07-12,26855.0
RM0047,Health Insurance,2020-09-26,71147.0
RM0116,Health Insurance,2019-02-19,32250.0
RM0167,Loan Against Property,04-29-2025,20580.0
,Fixed Deposit,2022-02-08,33054.0
RM0249,Current Account,01-10-2024,106148.0
RM0072,Credit Card,16/11/2021,77018.0
RM0180, Mutual Funds ,28/06/2023,30371.0
RM0236,Gold Investment,2026-06-18,128655.0
RM0051,Loan Against Property,2024-06-02,0.0
RM0186,ULIP,2021-02-15,
RM0042,ULIP,2020-06-19,13889.0
RM0206,Credit Card,12/05/2020,12551.0
,ULIP,2021-05-01,16817.0
RM0001,Life Insurance,2020-12-01,16190.0
,Saving Account,09-09-2025,14596.0
RM0210,Gold Investment,11-10-2020,64138.0
RM0109,Fixed Deposit,2023-12-15,55919.0
RM0190,Life Insurance,2021-01-10,62150.0
RM0161,GOLD INVESTMENT,2025-02-26,68296.0
RM0127,Current Account,,80709.0
RM0076,Health Insurance,09-10-2021,21607.0
RM0127,Fixed Deposit,01/02/2023,58683.0
RM0003,fixed deposit,2023-04-06,53380.0
RM0134,Life Insurance,2025-04-07,153817.0
RM0192,Health Insurance,12/10/2025,23222.0
RM0152,Health Insurance,05/04/2022,13025.0
RM0166,Term Insurance,2019-08-26,62992.0
RM0193,Fixed Deposit,2023-03-26,77386.0
RM0025,Loan Against Property,27/04/2024,26647.0
RM0178,Term Insurance,06/04/2026,52297.0
RM0086,Current Account,2026-02-28,13069.0
RM0055,Mutual Funds,2020-01-18,170999.0
RM0035,Recurring Deposit,2024-01-15,15822.0
RM0184,Term Insurance,2020-01-26,13498.0
RM0028,Loan Against Property,2025-10-07,12255.0
RM0170,Loan Against Property,2022-10-20,37867.0
RM0138,Fixed Deposit,05/07/2025,15110.0
RM0147,Credit Card,2023-08-11,78255.0
RM0175,Gold Investment,2020-11-17,124569.0
RM0221,Health Insurance,2022-12-07,25070.0
RM0075,Life Insurance,26/05/2026,59547.0
RM0152,Gold Investment,,0.0
,Gold Investment,2023-08-03,12163.0
RM0204,Term Insurance,2026-07-17,34434.0
RM0137,Life Insurance,2022-10-15,27332.0
RM0217,Fixed Deposit,2022-02-24,22978.0
RM0077,GOLD INVESTMENT,20/04/2024,61742.0
RM0159,Gold Investment,2023-01-24,16976.0
RM0188,Mutual Funds,24/09/2020,108560.0
RM0050,Credit Card,2023-09-03,64656.0
RM0107,Gold Investment,08/11/2020,72020.0
RM0123,Life Insurance,2019-01-26,
RM0164,Term Insurance,2020-10-22,146933.0
,RECURRING DEPOSIT,17/06/2026,152688.0
RM0071,Saving Account,2026-05-30,50109.0
RM0018,Life Insurance,04-28-2019,44197.0
RM0150,ULIP,2020-07-21,30427.0
RM0155,Loan Against Property,2025-09-21,72863.0
RM0009,Term Insurance,04-09-2025,48632.0
RM0204,Term Insurance,2026-06-14,145059.0
RM0123,RECURRING DEPOSIT,,23631.0
RM0217,Gold Investment,2021-05-29,28571.0
RM0141,Saving Account,2024-03-24,28996.0
,Gold Investment,2019-10-02,91994.0
RM0072,Recurring Deposit,2023-10-27,15214.0
,Loan Against Property,2026-06-27,40408.0
,Loan Against Property,2020-02-22,37894.0
RM0168,Fixed Deposit,10-12-2024,13797.0
RM0180,Credit Card,2021-12-26,36449.0
RM0020,Fixed Deposit,06-18-2026,46013.0
RM0226,Health Insurance,10-28-2021,13366.0
RM0060,gold investment,2024-12-20,45653.0
RM0013,ULIP,03-19-2019,170000.0
RM0125,Life Insurance,2022-12-18,202958.0
RM0176,Life Insurance,03-16-2020,47930.0
RM0203,Gold Investment,2019-02-07,46190.0
RM0209,Loan Against Property,2024-04-28,26809.0
RM0249,Loan Against Property,07-16-2019,302419.0
RM0047,Credit Card,2020-02-03,26026.0
RM0250,Current Account,2019-02-13,40156.0
RM0115,ULIP,2021-03-15,10146.0
RM0216,Recurring Deposit,16/05/2022,31480.0
RM0077,Term Insurance,05-10-2022,13706.0
RM0074,Health Insurance,2020-01-24,78094.0
RM0085,Mutual Funds,2023-03-02,51164.0
RM0103,Loan Against Property,2023-07-09,52451.0
RM0193,Mutual Funds,26/02/2026,26879.0
RM0194,Saving Account,18/08/2025,94341.0
RM0109,ULIP,2020-10-08,10163.0
RM0154,Loan Against Property,2025-04-06,30293.0
RM0074,credit card,2025-03-05,63866.0
RM0216,Recurring Deposit,2024-06-24,129256.0
RM0015, Term Insurance ,2024-05-29,23368.0
RM0084,Life Insurance,2025-08-05,48946.0
RM0202,ULIP,2020-12-02,48608.0
RM0152,Saving Account,2021-11-04,113642.0
RM0242,Gold Investment,15/08/2025,12591.0
RM0090,Mutual Funds,2020-03-05,37623.0
RM0192,Credit Card,2020-11-08,20073.0
RM0001,Saving Account,2019-03-26,11088.0
,Saving Account,2020-05-17,17951.0
RM0035,Gold Investment,03-12-2022,197475.0
RM0149,Fixed Deposit,2026-06-29,22093.0
RM0115,Health Insurance,2019-07-04,146692.0
,life insurance,2019-08-06,21486.0
RM0194,Current Account,2023-07-16,143896.0
RM0160,Credit Card,2026-04-04,63155.0
RM0195,Health Insurance,2019-01-26,16007.0
RM0078,Fixed Deposit,2021-11-23,53603.0
RM0182,Loan Against Property,2019-12-25,29173.0
RM0078,Current Account,02-18-2020,34156.0
RM0187,Term Insurance,2019-06-16,39006.0
RM0142,Life Insurance,08-29-2019,37470.0
RM0014,Credit Card,2026-01-26,64548.0
RM0010,Credit Card,2019-12-22,83130.0
RM0113,GOLD INVESTMENT,08/08/2021,29962.0
RM0074,Current Account,11-08-2020,139091.0
RM0144,Term Insurance,05-31-2020,149408.0
RM0061,Life Insurance,2024-07-06,12077.0
,Recurring Deposit,2026-02-17,10751.0
RM0179,Loan Against Property,2020-10-19,37675.0
RM0108,Gold Investment,09-30-2023,54658.0
RM0021,Recurring Deposit,30/05/2025,26279.0
RM0006,Term Insurance,05/10/2024,88888888.0
RM0025,Gold Investment,22/11/2023,25015.0
RM0058,Loan Against Property,2025-10-29,66712.0
RM0198,Recurring Deposit,09-03-2025,56028.0
RM0077,Saving Account,2026-02-07,19144.0
RM0093,Term Insurance,,117924.0
RM0006,Mutual Funds,2019-07-16,66967.0
,Fixed Deposit,16/02/2022,32516.0
,Health Insurance,30/03/2019,67541.0
RM0032,HEALTH INSURANCE,2025-02-09,15975.0
RM0013,Life Insurance,2021-03-09,41579.0
RM0158,Loan Against Property,2024-04-12,19255.0
RM0106,Recurring Deposit,04-17-2020,12115.0
RM0005,Life Insurance,2024-04-29,30649.0
RM0101,Life Insurance,2023-02-02,18169.0
RM0246,Life Insurance,2024-10-13,60190.0
RM0098,Term Insurance,2023-04-02,66053.0
RM0114,Health Insurance,2019-12-12,18049.0
RM0173,Term Insurance,2021-12-06,11246.0
RM0205,ULIP,2021-04-26,88706.0
RM0129,Credit Card,2026-07-14,10102.0
RM0071,ULIP,,31073.0
RM0031,Health Insurance,2019-03-30,44118.0
RM0191,Recurring Deposit,2022-03-23,95364.0
RM0203,Life Insurance,07-31-2022,101180.0
RM0181,Saving Account,2024-12-27,74538.0
RM0117,Life Insurance,2019-11-27,24197.0
RM0123,Loan Against Property,2024-02-13,73681.0
RM0182,Saving Account,28/07/2021,24153.0
RM0225,ULIP,15/06/2026,22078.0
,Recurring Deposit,17/07/2020,49607.0
,ULIP,20/04/2025,66793.0
RM0118,Recurring Deposit,2020-05-17,12725.0
RM0076, Credit Card ,2023-09-25,13094.0
RM0073,Current Account,2020-12-25,86663.0
RM0151,Credit Card,06-24-2022,108126.0
RM0046,ULIP,2021-11-14,56372.0
RM0101,Mutual Funds,2019-01-11,38003.0
RM0244,Saving Account,2023-03-26,103318.0
RM0076,Term Insurance,09-24-2019,75248.0
RM0174,TERM INSURANCE,2023-04-04,53326.0
RM0197,Health Insurance,05-19-2025,-1000.0
RM0225,Health Insurance,29/06/2026,29265.0
,Recurring Deposit,2023-09-28,21032.0
RM0224,Recurring Deposit,2023-11-10,37122.0
RM0234,ULIP,2021-04-15,26901.0
RM0098,Fixed Deposit,13/12/2021,-1000.0
RM0070,ULIP,,30719.0
RM0056,Credit Card,,46245.0
RM0029,ULIP,2022-11-20,19261.0
,Current Account,2019-10-24,92040.0
RM0011,Saving Account,27/10/2019,17863.0
RM0245,Saving Account,2020-08-05,42791.0
RM0187,Term Insurance,04/07/2025,78515.0
RM0058,Gold Investment,05/07/2019,43181.0
RM0120,Health Insurance,2019-07-31,32394.0
RM0240,Term Insurance,11-29-2022,42207.0
RM0040,Loan Against Property,2025-10-22,104414.0
RM0100,Credit Card,2023-05-29,242464.0
RM0186,Gold Investment,2019-07-13,59867.0
RM0232,Term Insurance,2024-08-15,88859.0
,Fixed Deposit,2025-11-17,10729.0
RM0014,Term Insurance,2022-02-28,116165.0
RM0009,Credit Card,2019-07-27,164009.0
RM0004,Gold Investment,2024-04-03,52803.0
RM0055,Loan Against Property,2026-01-19,80081.0
RM0009,Mutual Funds,,45948.0
RM0217,Loan Against Property,2025-05-11,26857.0
RM0102,Saving Account,31/01/2019,105610.0
RM0089,ULIP,12-17-2024,55420.0
RM0143,Recurring Deposit,2023-04-27,53301.0
RM0127,Current Account,10-11-2019,63813.0
RM0115,Health Insurance,2023-09-27,106898.0
RM0125,Recurring Deposit,2021-05-14,75820.0
,Loan Against Property,2024-06-05,21857.0
RM0052,Credit Card,2024-03-28,41445.0
RM0084,Fixed Deposit,2025-01-23,206352.0
RM0124,Gold Investment,2026-07-16,50434.0
RM0152,Gold Investment,2023-04-12,149229.0
RM0074,Credit Card,03-26-2026,93931.0
RM0062,Current Account,,64834.0
RM0171,Health Insurance,07/12/2020,31490.0
RM0249,CURRENT ACCOUNT,11-17-2023,28143.0
RM0153,ULIP,05-01-2026,61559.0
RM0041,ULIP,2020-03-29,38331.0
RM0219,Term Insurance,29/11/2024,90161.0
RM0171,Credit Card,2025-01-13,81451.0
RM0150,Saving Account,,28707.0
RM0199,Fixed Deposit,05-12-2024,70655.0
RM0130,Recurring Deposit,07/03/2020,44115.0
RM0055,Health Insurance,2026-07-17,29525.0
RM0232,Current Account,07/08/2021,36633.0
RM0056,Credit Card,2020-05-27,122857.0
RM0192,Loan Against Property,2024-11-18,32276.0
RM0183,Credit Card,2026-05-17,26941.0
RM0235,Loan Against Property,09-20-2022,31678.0
,Fixed Deposit,2020-11-20,22079.0
RM0241,Current Account,2019-12-13,49332.0
RM0209,Mutual Funds,2022-11-15,17975.0
RM0234,Loan Against Property,2026-08-06,95034.0
RM0229,Fixed Deposit,17/03/2021,22782.0
RM0213,Recurring Deposit,2026-08-05,55572.0
RM0048,Gold Investment,2025-07-01,16678.0
RM0065,Mutual Funds,2024-12-16,201876.0
RM0008,Term Insurance,2026-05-21,40309.0
RM0132,Credit Card,02-02-2019,96346.0
RM0108,Term Insurance,2026-04-12,83190.0
RM0152,Health Insurance,2024-07-18,72534.0
RM0106,Recurring Deposit,08-22-2020,97828.0
RM0077,Term Insurance,2019-04-07,15293.0
RM0158,Fixed Deposit,2024-10-28,66737.0
RM0037,Loan Against Property,2026-02-03,25450.0
,Health Insurance,2019-12-23,87058.0
RM0120,Mutual Funds,2024-11-30,167175.0
RM0078,ULIP,2019-08-27,125879.0
,Term Insurance,2022-12-23,16105.0
RM0028,ULIP,2021-07-30,33066.0
RM0024,ULIP,2021-10-27,32653.0
RM0246,credit card,03-16-2022,16522.0
RM0115,Current Account,05-26-2021,15164.0
RM0235,Saving Account,05/06/2022,34297.0
RM0024,Credit Card,2020-04-12,251864.0
RM0137,Gold Investment,2025-12-11,52075.0
RM0073,ULIP,2023-08-12,58614.0
RM0109,Mutual Funds,2024-02-21,41840.0
RM0009,Saving Account,26/05/2019,64284.0
RM0241,Recurring Deposit,2026-01-28,166936.0
RM0048,Mutual Funds,,54421.0
RM0030,Term Insurance,15/05/2020,13362.0
RM0040,Recurring Deposit,2023-01-20,43951.0
RM0112,Loan Against Property,2021-07-15,256346.0
RM0063,Credit Card,12-12-2022,34502.0
RM0121,Saving Account,2023-02-13,55055.0
RM0154,Current Account,2023-04-02,15638.0
RM0066,Fixed Deposit,2023-01-02,17609.0
RM0101,Mutual Funds,29/04/2026,113844.0
RM0024,Gold Investment,2026-02-09,27858.0
RM0021,fixed deposit,27/02/2026,28224.0
RM0107,Fixed Deposit,13/09/2022,34486.0
RM0026,Life Insurance,2020-06-27,179778.0
, Saving Account ,2024-08-11,14408.0
RM0152,Mutual Funds,09-18-2019,95397.0
RM0214,Recurring Deposit,2020-03-18,30893.0
RM0176,Loan Against Property,10-13-2025,104678.0
RM0118,Gold Investment,2023-08-30,249911.0
RM0182,Mutual Funds,30/12/2025,31436.0
RM0129,Term Insurance,,16926.0
RM0178,Life Insurance,2026-02-26,17796.0
RM0201,Health Insurance,2024-09-18,81094.0
RM0166,Gold Investment,2021-12-30,17828.0
RM0225,Loan Against Property,2025-05-06,25083.0
,Recurring Deposit,2020-04-15,21432.0
RM0108,ULIP,2021-07-26,31977.0
RM0246,Gold Investment,07-08-2023,13863.0
RM0082,Recurring Deposit,,107155.0
,Mutual Funds,2024-05-02,108357.0
RM0146,Saving Account,2019-01-01,36630.0
RM0058,Fixed Deposit,2023-01-10,57348.0
RM0240,Recurring Deposit,,61354.0
RM0120,ULIP,2022-10-01,79166.0
RM0022,Credit Card,2021-08-11,46770.0
RM0193,Recurring Deposit,2025-06-08,45701.0
RM0183,Gold Investment,26/11/2024,59889.0
RM0158,Life Insurance,05-20-2022,70709.0
RM0210, Loan Against Property ,2022-11-29,31285.0
RM0185,Health Insurance,2019-02-19,30051.0
RM0090,life insurance,2019-05-31,25716.0
RM0214,Gold Investment,2022-07-22,49797.0
RM0245,Recurring Deposit,2025-11-30,32326.0
RM0018,Fixed Deposit,2022-12-18,48860.0
RM0230,Mutual Funds,2019-07-30,36042.0
,Gold Investment,2019-11-14,100618.0
RM0051,Current Account,2024-07-23,13797.0
RM0147,Credit Card,2019-10-30,
RM0218,Saving Account,2025-05-20,52456.0
RM0047,Life Insurance,2020-08-05,52856.0
RM0207,Loan Against Property,2026-01-17,34202.0
RM0239,Loan Against Property,2020-09-26,37324.0
RM0111,Mutual Funds,2024-05-25,90504.0
RM0180,Current Account,2025-08-05,26472.0
RM0241,Term Insurance,2019-07-26,112553.0
RM0190,Current Account,2019-07-11,123333.0
RM0223,Mutual Funds,2019-12-12,62579.0
RM0132,Current Account,2022-11-05,84108.0
RM0153,Health Insurance,2026-06-20,57459.0
RM0205,Credit Card,2023-02-02,47249.0
RM0091,ULIP,,180076.0
RM0144,Saving Account,2020-02-18,26609.0
RM0032,ULIP,2024-08-21,18370.0
RM0106,Health Insurance,2020-12-17,26947.0
,Gold Investment,2019-06-04,57676.0
RM0179,Recurring Deposit,2023-05-20,20239.0
RM0149,Term Insurance,12-11-2023,129742.0
RM0038,Life Insurance,,36468.0
RM0131,Fixed Deposit,2021-04-15,104843.0
RM0100,Life Insurance,2023-11-18,24333.0
RM0160,Life Insurance,04-29-2019,28783.0
RM0241,Mutual Funds,2020-01-15,13052.0
RM0136,Saving Account,2024-12-05,24904.0
RM0044,Gold Investment,2022-10-01,43698.0
RM0111,Life Insurance,2025-05-21,156065.0
RM0147,Current Account,2022-04-16,34624.0
, Recurring Deposit ,10-10-2021,61047.0
RM0131,Term Insurance,04-04-2019,37905.0
RM0141,Credit Card,2019-03-29,
RM0062,Credit Card,08/09/2025,12396.0
RM0127,Mutual Funds,2024-04-11,45011.0
RM0092,Fixed Deposit,26/06/2022,13409.0
RM0028,Term Insurance,2024-09-20,117579.0
RM0029,Fixed Deposit,2024-10-08,79925.0
RM0004,Current Account,2025-01-19,33793.0
RM0177,Term Insurance,2024-01-16,61112.0
RM0003,Mutual Funds,2025-12-24,15940.0
RM0057,Current Account,2023-03-21,70626.0
RM0079,ULIP,10-15-2022,96504.0
RM0078,Loan Against Property,2026-04-28,96227.0
RM0060,Recurring Deposit,2023-01-04,26723.0
RM0238,Life Insurance,2025-07-06,25309.0
RM0070,Fixed Deposit,2026-06-07,46844.0
RM0046,Gold Investment,2021-06-28,181746.0
RM0181,Health Insurance,26/03/2024,136614.0
RM0157,Term Insurance,29/10/2022,32286.0
RM0199,Mutual Funds,2023-10-22,85667.0
RM0249,Gold Investment,03-07-2019,137116.0
RM0003,Term Insurance,2024-09-27,25117.0
RM0004,Term Insurance,2020-05-20,98684.0
RM0023,Loan Against Property,2020-04-04,25591.0
RM0014,Health Insurance,2026-07-05,31025.0
RM0118,Current Account,2019-05-10,0.0
RM0068,Credit Card,2025-11-28,21083.0
RM0076,Fixed Deposit,2019-09-24,45370.0
RM0025,Gold Investment,2021-03-23,102674.0
RM0025,Current Account,03-01-2019,47544.0
,Loan Against Property,01/07/2023,16587.0
,Fixed Deposit,2019-03-12,24502.0
RM0002,Credit Card,29/01/2021,51375.0
RM0023,Loan Against Property,2022-08-10,53755.0
RM0177,Health Insurance,2022-02-12,53008.0
RM0044,Life Insurance,2019-05-01,14006.0
RM0218,Current Account,2021-12-29,80059.0
RM0002,ULIP,2025-01-31,130080.0
RM0225,Health Insurance,2020-03-28,45720.0
RM0076,Loan Against Property,2026-02-17,73439.0
,Term Insurance,,132679.0
RM0073,Loan Against Property,2024-06-28,0.0
RM0234,Term Insurance,,61448.0
RM0023,Credit Card,2024-11-12,66092.0
RM0167,Saving Account,2026-06-27,73899.0
RM0122,Credit Card,25/09/2019,25089.0
RM0219,Saving Account,2022-05-21,53694.0
RM0172,ULIP,2020-02-22,102313.0
RM0210,Health Insurance,2025-02-18,27560.0
RM0218,Current Account,2021-07-22,123734.0
,ULIP,,58429.0
RM0073,Fixed Deposit,2020-11-23,37510.0
RM0202,Gold Investment,11-28-2022,58799.0
RM0159,Saving Account,2020-03-27,35696.0
RM0197,Saving Account,27/04/2020,101018.0
RM0184,ULIP,04/01/2021,42919.0
RM0164,Health Insurance,06/10/2020,125739.0
RM0155,Credit Card,01-27-2026,45647.0
RM0041,Fixed Deposit,05-21-2026,63994.0
,Saving Account,2024-07-12,314717.0
RM0219,Saving Account,2023-01-02,17947.0
RM0123,Credit Card,2021-05-09,76728.0
,ULIP,2025-11-21,17475.0
RM0219,Saving Account,2023-11-20,101276.0
RM0097,Credit Card,2023-07-11,55373.0
RM0075,Credit Card,2019-01-18,149159.0
RM0193,Gold Investment,2026-03-03,110479.0
RM0197,Mutual Funds,07-31-2025,13891.0
RM0154,Recurring Deposit,2026-03-31,0.0
RM0168,Fixed Deposit,18/09/2025,17384.0
RM0090,Credit Card,2025-02-07,55961.0
RM0167,Credit Card,2026-06-27,46523.0
RM0068,Mutual Funds,2020-03-20,19230.0
RM0140,Fixed Deposit,2019-07-04,16926.0
RM0103,Health Insurance,09-09-2025,51504.0
RM0180,Health Insurance,2022-06-22,12507.0
RM0140,Term Insurance,21/01/2020,113468.0
RM0212,Saving Account,2023-02-18,92274.0
RM0082,Life Insurance,2024-09-04,86941.0
RM0113,Life Insurance,,10806.0
RM0021,Mutual Funds,2025-06-09,12440.0
RM0068,ULIP,2022-10-26,49907.0
RM0214,Loan Against Property,2019-04-16,269479.0
RM0102,Saving Account,22/07/2019,30951.0
RM0152,Gold Investment,08-25-2019,31108.0
RM0009,ULIP,2026-07-20,17209.0
RM0175,Term Insurance,2024-03-19,66094.0
RM0058,Mutual Funds,2021-02-24,62018.0
RM0056,Mutual Funds,2020-03-31,15341.0
RM0044,Credit Card,05-26-2025,41500.0
RM0158,Life Insurance,2023-02-23,64991.0
RM0075,Gold Investment,,44013.0
RM0220,Health Insurance,,66098.0
RM0077,Fixed Deposit,2024-07-20,94714.0
RM0020,Mutual Funds,,67888.0
RM0157,Credit Card,17/06/2023,57870.0
RM0012,Loan Against Property,2025-03-15,106067.0
RM0102,Saving Account,2021-03-17,125424.0
RM0157, Recurring Deposit ,2020-12-30,34623.0
RM0124,Loan Against Property,,19512.0
RM0028,Life Insurance,2025-05-20,95149.0
RM0152,Term Insurance,2022-09-26,22024.0
RM0221,Credit Card,2020-07-20,142219.0
RM0045,loan against property,2019-07-28,11157.0
RM0051, Life Insurance ,2024-10-25,137087.0
RM0247,Saving Account,2020-11-21,54480.0
RM0223,Mutual Funds,2026-05-06,84525.0
RM0123,Current Account,2025-12-24,35415.0
RM0008,Recurring Deposit,07-06-2021,249673.0
RM0090,Loan Against Property,2022-10-26,22909.0
RM0168,Life Insurance,10-07-2021,25349.0
RM0140,Term Insurance,01/09/2025,12640.0
RM0108,ULIP,,151066.0
,Health Insurance,2024-02-01,40442.0
RM0074,Gold Investment,2025-11-28,66173.0
RM0054,Saving Account,2020-10-13,68148.0
RM0011,Recurring Deposit,2022-03-21,113773.0
RM0216, Mutual Funds ,03-30-2023,64670.0
RM0071,Credit Card,06-06-2024,51279.0
RM0177,Credit Card,2022-05-09,71948.0
RM0097,Health Insurance,2024-11-09,79509.0
RM0174,Fixed Deposit,2019-12-14,20285.0
RM0028,Current Account,2025-04-26,15807.0
RM0156, Loan Against Property ,2025-10-05,
RM0083,Current Account,2019-03-23,13889.0
RM0209,Fixed Deposit,2025-10-27,33424.0
RM0195,Health Insurance,21/06/2023,44457.0
RM0125,Fixed Deposit,2021-11-16,57810.0
RM0248,Life Insurance,2022-01-11,168545.0
RM0146,Term Insurance,2021-10-20,30082.0
RM0118,Gold Investment,2024-12-26,81538.0
RM0228,Fixed Deposit,2025-08-03,47895.0
RM0248,Saving Account,2023-10-30,22428.0
RM0202,Term Insurance,2021-02-20,57765.0
RM0219,ULIP,,180830.0
RM0118,Credit Card,12-01-2023,16637.0
RM0232,Recurring Deposit,2019-11-30,45390.0
RM0074,Gold Investment,2021-10-23,12649.0
,Current Account,2020-04-10,29372.0
RM0118,recurring deposit,2020-09-23,58458.0
RM0151,ULIP,2019-01-31,101960.0
RM0236,LIFE INSURANCE,07-29-2019,75527.0
,Life Insurance,2023-06-21,41074.0
,Current Account,2025-04-13,129967.0
RM0189,Loan Against Property,2022-03-22,28028.0
RM0197,Health Insurance,2023-07-18,80117.0
,Current Account,10-11-2022,42123.0
RM0215,Gold Investment,2023-12-03,124451.0
RM0091,ULIP,05-02-2021,89834.0
RM0034,Recurring Deposit,15/04/2022,125869.0
RM0007,ULIP,02-08-2026,22055.0
,Life Insurance,2026-01-08,65153.0
RM0231,Mutual Funds,2022-03-10,77059.0
RM0022,Health Insurance,10-15-2022,77820.0
RM0171,Life Insurance,2025-06-05,45059.0
RM0147,Current Account,05/11/2020,88888888.0
RM0239,Current Account,22/03/2026,10565.0
RM0227,Mutual Funds,2023-01-25,25152.0
RM0146,Fixed Deposit,,0.0
RM0250,Credit Card,2024-04-06,29526.0
RM0022,Recurring Deposit,2021-01-21,105539.0
, Loan Against Property ,,101906.0
RM0220,Life Insurance,05/09/2021,15528.0
RM0229,term insurance,2026-01-23,159622.0
RM0106,Saving Account,12-28-2019,20072.0
RM0229,Saving Account,,36752.0
RM0021,Life Insurance,2025-11-15,22113.0
RM0228,Mutual Funds,2023-08-04,108424.0
RM0137, Fixed Deposit ,2019-01-24,79195.0
RM0006,Current Account,2026-03-01,31811.0
RM0012,Credit Card,2024-08-07,67266.0
RM0163,Life Insurance,2023-04-12,20189.0
RM0203,gold investment,2022-12-07,34087.0
RM0169,Current Account,2023-08-12,33669.0
RM0220,Saving Account,2022-05-09,23586.0
RM0077,Loan Against Property,2024-03-31,114499.0
RM0248,ULIP,2020-12-23,66791.0
RM0085,Saving Account,2024-04-29,26420.0
RM0225,Loan Against Property,2021-08-29,23861.0
RM0071, Fixed Deposit ,2020-12-13,10905.0
RM0023,Health Insurance,26/02/2021,31276.0
RM0107,Credit Card,2020-10-21,47408.0
RM0143,Mutual Funds,2020-04-26,26266.0
RM0105,Life Insurance,30/04/2022,70275.0
RM0176,Saving Account,2020-11-26,36530.0
RM0081,recurring deposit,2026-08-05,29013.0
RM0057,Term Insurance,06-11-2024,149891.0
RM0083,Term Insurance,2025-06-18,25244.0
RM0204,ULIP,09/03/2021,35396.0
RM0074,Saving Account,02/07/2020,34086.0
RM0168,Gold Investment,2020-11-09,23800.0
RM0165,Loan Against Property,10/08/2021,22261.0
RM0037,Saving Account,2025-04-05,28004.0
RM0145,Life Insurance,2020-07-31,109841.0
RM0229,Recurring Deposit,2020-09-22,82853.0
RM0079,Mutual Funds,2022-04-16,67128.0
RM0035,LOAN AGAINST PROPERTY,,40541.0
RM0055,Current Account,2025-08-17,45438.0
RM0212,Saving Account,2025-05-07,25539.0
,ULIP,2021-02-12,13861.0
RM0016,Current Account,05/12/2020,30101.0
RM0240,Life Insurance,,44217.0
,Health Insurance,2020-12-12,12951.0
RM0085,Saving Account,,14618.0
RM0164,Fixed Deposit,2024-02-21,-1000.0
RM0227,Loan Against Property,2021-09-09,25260.0
RM0041,Saving Account,2021-07-31,-1000.0
RM0159,Term Insurance,10/11/2020,32870.0
RM0172,ULIP,2024-06-20,34987.0
RM0074,Health Insurance,02/08/2025,16271.0
RM0022,Health Insurance,2022-11-27,22797.0
RM0153,Gold Investment,2023-01-15,25166.0
RM0117,Current Account,2021-01-29,13501.0
RM0163,Gold Investment,2025-01-27,29733.0
RM0018,Term Insurance,07/10/2021,13748.0
RM0010,Loan Against Property,23/10/2025,70778.0
RM0187,Saving Account,2019-09-18,34391.0
RM0224,Saving Account,03-31-2020,29782.0
RM0117,Credit Card,05-30-2025,
RM0140,Life Insurance,2019-09-19,16763.0
RM0065,Life Insurance,2023-09-15,22841.0
RM0216,Credit Card,2023-05-30,23244.0
RM0224,Term Insurance,2021-12-09,220670.0
RM0183,Gold Investment,2020-05-21,100196.0
RM0167,Life Insurance,03/05/2024,10768.0
,Recurring Deposit,2019-05-25,57964.0
RM0051,Life Insurance,07-02-2024,24779.0
RM0010,Loan Against Property,02-26-2020,15511.0
RM0051,ULIP,2020-01-07,71140.0
RM0123,ULIP,2019-03-29,17055.0
RM0170,Saving Account,2025-07-29,39326.0
,Fixed Deposit,2024-11-28,60006.0
RM0220,Gold Investment,2024-03-11,50427.0
RM0208,Term Insurance,2024-10-08,199999.0
,Life Insurance,23/06/2024,87028.0
RM0026,gold investment,2025-10-15,84403.0
RM0056,Recurring Deposit,2026-04-13,31971.0
RM0071,Current Account,2022-12-04,10421.0
RM0132,ULIP,2026-06-05,76290.0
RM0068,Health Insurance,,421241.0
RM0158,Loan Against Property,02-21-2024,36033.0
RM0085,Credit Card,07/06/2024,221744.0
RM0208,Saving Account,2025-08-06,17640.0
RM0111,Loan Against Property,2019-04-13,27585.0
RM0061,Saving Account,21/02/2024,19360.0
RM0003,Gold Investment,,42234.0
RM0219,Saving Account,2021-01-03,89722.0
RM0195,Saving Account,2019-10-24,30825.0
RM0208,Mutual Funds,2020-04-25,128344.0
RM0073,Saving Account,2023-09-04,49354.0
RM0131,Credit Card,2020-01-04,41314.0
RM0021,Health Insurance,2019-12-17,87331.0
RM0105,Gold Investment,2020-07-05,0.0
RM0070,Credit Card,12-20-2022,15348.0
RM0028,Loan Against Property,2026-03-07,84306.0
RM0250,Mutual Funds,2019-05-26,23916.0
RM0021,Credit Card,2025-10-01,26481.0
RM0019,SAVING ACCOUNT,07-11-2026,55746.0
RM0044,Current Account,2025-08-24,126105.0
RM0249,Gold Investment,2024-02-13,53185.0
RM0058,Current Account,26/02/2022,62341.0
RM0220,Saving Account,08-06-2026,84938.0
RM0017,Life Insurance,2022-05-01,25009.0
RM0025,Gold Investment,10/03/2023,97790.0
RM0160,Fixed Deposit,2021-06-22,37060.0
RM0054,Saving Account,2025-01-14,19658.0
RM0120,Credit Card,2026-02-07,31548.0
RM0093,ULIP,01/02/2022,24126.0
RM0152,Mutual Funds,2021-11-24,22984.0
RM0239,LOAN AGAINST PROPERTY,2024-01-01,26603.0
RM0071,Current Account,2019-06-27,
RM0227,gold investment,01-03-2019,19979.0
RM0112,Current Account,2019-02-12,65086.0
RM0176,Life Insurance,06-25-2020,53374.0
RM0023,Saving Account,31/07/2026,62269.0
RM0069,Recurring Deposit,2019-06-02,31058.0
RM0203,Gold Investment,2019-10-20,83425.0
RM0044,Saving Account,2021-03-04,16940.0
RM0107,Loan Against Property,2020-01-15,0.0
RM0137,Life Insurance,2024-04-24,52330.0
RM0021,Recurring Deposit,2022-06-10,26110.0
RM0235,ULIP,2020-11-18,47497.0
RM0041,recurring deposit,2023-02-01,29551.0
,Recurring Deposit,2026-06-19,88154.0
RM0107,Loan Against Property,10-20-2020,120945.0
RM0123,Credit Card,12-08-2021,77852.0
RM0004,Loan Against Property,12-17-2023,19653.0
RM0194,Saving Account,2019-09-17,26070.0
,Fixed Deposit,2020-08-31,135886.0
RM0232,Loan Against Property,2020-08-05,38743.0
RM0015,Loan Against Property,2021-06-18,151664.0
RM0213,Recurring Deposit,2022-10-22,34916.0
RM0119,GOLD INVESTMENT,2022-12-20,161593.0
RM0015,Loan Against Property,2022-07-07,140008.0
RM0200,Life Insurance,2026-02-26,64018.0
RM0110,ULIP,2024-12-14,10443.0
RM0224,Health Insurance,2026-06-09,35569.0
RM0115,Fixed Deposit,2021-02-03,131088.0
RM0087,Fixed Deposit,2025-03-23,118189.0
RM0146,Current Account,21/02/2024,20375.0
RM0040,Loan Against Property,2023-02-21,35473.0
RM0158,Fixed Deposit,2019-09-28,100245.0
RM0160,Fixed Deposit,19/04/2026,53123.0
RM0167,Loan Against Property,12/01/2023,103963.0
RM0114,Credit Card,,97598.0
RM0072,Term Insurance,22/06/2025,129017.0
RM0069,Credit Card,2024-10-08,16233.0
RM0220,Term Insurance,2020-06-06,17845.0
RM0111,Saving Account,2020-05-27,14321.0
RM0077,Mutual Funds,2022-07-14,146875.0
RM0104,Term Insurance,2020-04-05,42233.0
RM0097,Gold Investment,16/12/2020,13324.0
RM0188,Recurring Deposit,2025-02-03,29395.0
RM0190,Recurring Deposit,2020-03-20,0.0
RM0208,Recurring Deposit,,31647.0
RM0011,Health Insurance,22/11/2022,92920.0
RM0012,Saving Account,2022-05-29,76491.0
RM0110,Gold Investment,2021-09-29,68460.0
RM0117,Loan Against Property,2023-06-23,11105.0
RM0152,Current Account,2020-01-28,130785.0
RM0195,Saving Account,2024-04-13,22138.0
RM0243,term insurance,,59585.0
,LIFE INSURANCE,16/12/2022,13190.0
RM0250,LIFE INSURANCE,2024-04-24,14252.0
RM0193,Recurring Deposit,,10481.0
RM0135,Saving Account,2023-09-28,51727.0
RM0099,Health Insurance,2023-06-10,59628.0
RM0223,Loan Against Property,2019-12-23,12589.0
RM0209,Credit Card,2026-07-17,27158.0
RM0062,Life Insurance,2021-09-13,105343.0
RM0173,Saving Account,2024-12-19,15340.0
RM0153,Health Insurance,2020-10-21,22202.0
RM0241,Loan Against Property,02-24-2022,37616.0
RM0102,Term Insurance,2023-11-06,102344.0
RM0210,Credit Card,2022-10-13,24708.0
RM0234,Fixed Deposit,25/10/2021,302794.0
,Fixed Deposit,01-10-2019,31945.0
RM0013,Life Insurance,2021-09-29,34424.0
RM0188,Saving Account,2022-03-04,16511.0
RM0215,Recurring Deposit,2021-02-20,67002.0
RM0242,Current Account,09-11-2019,23950.0
RM0221,Fixed Deposit,11-03-2021,59559.0
RM0081,Saving Account,2019-05-28,22625.0
RM0118,Saving Account,2020-12-17,34540.0
RM0076, Gold Investment ,2021-07-18,107131.0
RM0152,loan against property,2021-04-01,77143.0
RM0061,Loan Against Property,20/07/2023,18396.0
RM0053,Current Account,2020-03-20,56787.0
RM0041,Saving Account,2024-09-28,59529.0
RM0125,TERM INSURANCE,2020-09-20,14746.0
RM0153,Loan Against Property,12-03-2021,41349.0
RM0059,Health Insurance,2021-09-26,25100.0
RM0194,Current Account,2025-07-14,41473.0
RM0035,Health Insurance,05-31-2025,85045.0
RM0210,Recurring Deposit,02-19-2019,18614.0
RM0114,Gold Investment,,16579.0
RM0157,ULIP,2023-08-28,25688.0
RM0225,Mutual Funds,2023-05-05,162115.0
RM0079,ULIP,08-02-2019,78881.0
RM0192, Loan Against Property ,31/05/2022,10982.0
RM0209,ULIP,2023-08-17,35625.0
RM0065,Fixed Deposit,2024-08-20,24879.0
RM0213,Loan Against Property,2020-12-16,60825.0
RM0011,Life Insurance,,40743.0
,ULIP,05-19-2020,176909.0
RM0026,Credit Card,2022-04-30,22357.0
RM0128,Life Insurance,2026-04-24,54319.0
RM0203,Loan Against Property,03/04/2026,70233.0
RM0040,Term Insurance,02/05/2019,97310.0
RM0040,Saving Account,,36125.0
RM0248,Health Insurance,02-05-2025,68065.0
RM0047,Current Account,08-18-2025,28062.0
RM0174,Current Account,03-26-2021,38588.0
RM0074,RECURRING DEPOSIT,2026-02-16,122989.0
RM0217,Loan Against Property,2022-07-28,159694.0
RM0031,Credit Card,,73437.0
RM0167,Term Insurance,,33448.0
,ULIP,2021-07-17,95755.0
RM0170,Recurring Deposit,2023-01-17,0.0
RM0048,Mutual Funds,29/06/2023,11310.0
RM0145,Fixed Deposit,2019-07-04,15420.0
RM0116,Mutual Funds,2024-01-17,64142.0
,Loan Against Property,30/04/2025,27212.0
RM0016,Mutual Funds,26/05/2021,161192.0
RM0076,ULIP,2026-06-01,38640.0
RM0053,Mutual Funds,2024-11-28,38050.0
RM0143,Gold Investment,2024-09-24,66672.0
RM0118,Life Insurance,,82957.0
RM0160,ULIP,02-16-2019,42271.0
RM0025,Mutual Funds,2020-02-21,22039.0
RM0226,Current Account,2025-11-21,84208.0
,term insurance,09-28-2022,29308.0
RM0092,Health Insurance,2026-05-08,19625.0
RM0079,Credit Card,2023-03-01,59934.0
RM0027,Life Insurance,2025-03-20,14740.0
RM0192,mutual funds,2024-11-04,187634.0
RM0189,ULIP,2020-10-08,60037.0
RM0220,Term Insurance,2020-02-15,223063.0
RM0055,CURRENT ACCOUNT,06-16-2026,30692.0
RM0173,Gold Investment,11-23-2021,187377.0
RM0019,ULIP,2024-09-14,17865.0
RM0128,Term Insurance,2022-02-15,12077.0
RM0104,Current Account,2021-01-20,11677.0
RM0066,ULIP,,41262.0
RM0210,Term Insurance,2019-02-28,14332.0
RM0193,Mutual Funds,05-30-2021,45889.0
RM0185,Fixed Deposit,2019-12-18,29837.0
RM0130,Saving Account,2022-05-18,30445.0
RM0196,Gold Investment,2024-03-29,60476.0
,Mutual Funds,2024-02-26,18902.0
RM0241,Gold Investment,2020-03-15,0.0
,TERM INSURANCE,2025-12-22,82740.0
RM0213,Health Insurance,2023-06-12,53617.0
RM0102,Life Insurance,2025-07-06,133222.0
RM0061,Current Account,2020-06-19,32693.0
RM0078,Term Insurance,2019-04-26,212895.0
RM0022,credit card,2025-08-18,52880.0
RM0094,Gold Investment,2024-10-09,191345.0
RM0094,Loan Against Property,2023-05-17,11371.0
,Health Insurance,2026-08-01,75093.0
RM0083,Gold Investment,2024-11-05,-1000.0
,Life Insurance,2022-10-24,94810.0
RM0144, Saving Account ,2019-08-13,12731.0
RM0019,ULIP,2024-05-18,53252.0
RM0147,Health Insurance,2026-04-03,90959.0
RM0235,Term Insurance,2021-11-21,51167.0
RM0166,Health Insurance,2024-09-17,13297.0
RM0229,Loan Against Property,11/12/2025,69118.0
RM0037, Recurring Deposit ,,13125.0
RM0154,Credit Card,10-27-2020,95041.0
RM0050,ULIP,2021-08-29,12199.0
RM0101,Life Insurance,2023-11-11,17390.0
RM0044,Loan Against Property,2023-09-25,26086.0
RM0180,Mutual Funds,2023-12-30,60169.0
RM0145, Fixed Deposit ,2025-01-03,197238.0
RM0162,Mutual Funds,2020-12-25,16268.0
RM0161,Current Account,2021-11-02,17698.0
RM0053,Credit Card,2024-05-29,33012.0
RM0239,Mutual Funds,05/04/2024,100461.0
RM0172,Life Insurance,,41483.0
RM0133,ULIP,08/09/2023,29401.0
RM0172,Fixed Deposit,2022-11-03,51186.0
RM0220,Mutual Funds,03/07/2022,25090.0
RM0181,Gold Investment,28/06/2022,35638.0
RM0011,Gold Investment,2025-01-30,30218.0
RM0159,Saving Account,2021-11-28,91518.0
RM0047, Life Insurance ,2020-09-01,139019.0
RM0152,Fixed Deposit,10-16-2025,81266.0
RM0174,Loan Against Property,2022-11-05,38909.0
RM0221,Mutual Funds,12-29-2024,45092.0
RM0092,Recurring Deposit,08/01/2020,16680.0
RM0213,Health Insurance,2020-12-30,78691.0
RM0041,ULIP,2022-06-23,55375.0
RM0043,Credit Card,2019-03-18,126364.0
RM0176,Term Insurance,09/06/2025,21195.0
RM0171,Term Insurance,2022-10-09,81298.0
RM0048,Term Insurance,2025-03-26,67707.0
RM0091,Health Insurance,2023-07-04,25451.0
RM0031,Health Insurance,24/02/2025,65037.0
,Life Insurance,2020-09-17,139097.0
RM0081,Term Insurance,2020-01-14,135318.0
RM0245,term insurance,2021-06-10,73581.0
RM0171,Credit Card,2023-06-13,88888888.0
RM0118,Fixed Deposit,2019-02-08,12463.0
RM0075,Term Insurance,2019-05-29,112889.0
RM0136,Saving Account,29/12/2022,63614.0
RM0194,Credit Card,2020-12-12,28584.0
RM0225,Life Insurance,2021-12-19,20366.0
RM0166,Recurring Deposit,,16176.0
RM0225,Mutual Funds,2023-01-12,12577.0
RM0069,TERM INSURANCE,15/01/2026,80142.0
RM0127,Life Insurance,2021-02-27,23449.0
RM0029,Fixed Deposit,2021-08-19,11227.0
RM0157,Credit Card,12/01/2026,35314.0
RM0076,Mutual Funds,2022-12-03,42947.0
RM0074,Term Insurance,10-19-2025,19270.0
RM0223,Term Insurance,2025-10-25,12252.0
RM0054,CREDIT CARD,2020-08-18,-1000.0
RM0024,Health Insurance,2023-05-22,20482.0
RM0068,Recurring Deposit,2022-01-27,66831.0
RM0144,Mutual Funds,2025-06-19,14291.0
RM0208,Saving Account,2024-11-23,50488.0
RM0046,gold investment,,17915.0
RM0073,Life Insurance,2020-08-21,20888.0
RM0015,mutual funds,2020-05-27,34967.0
RM0190,Mutual Funds,2023-06-25,15313.0
RM0070,Term Insurance,2020-05-12,19509.0
RM0192,Life Insurance,2019-07-30,31458.0
RM0236,Current Account,2021-06-17,29999.0
RM0075,Mutual Funds,2023-05-28,79169.0
RM0199,Life Insurance,2023-06-04,13886.0
RM0237,Health Insurance,2024-07-07,
RM0217,Credit Card,18/10/2025,0.0
RM0118,Recurring Deposit,2024-04-14,108466.0
RM0131,Mutual Funds,2021-09-09,94704.0
RM0142,Current Account,2025-12-30,
RM0249,Loan Against Property,2024-08-17,82619.0
RM0106,Saving Account,2023-02-16,28507.0
, Health Insurance ,2020-09-17,96546.0
RM0176,ULIP,11-24-2023,
RM0233,Mutual Funds,2019-03-08,-1000.0
RM0151, Fixed Deposit ,2026-05-26,20093.0
,Term Insurance,18/07/2026,16642.0
,Saving Account,11-03-2023,12299.0
RM0009,Fixed Deposit,2024-11-21,150099.0
RM0099,Recurring Deposit,2020-04-11,28409.0
RM0154,ULIP,2021-06-26,134819.0
RM0046,Term Insurance,2020-06-30,25914.0
RM0099,Fixed Deposit,2019-09-25,129062.0
RM0173,Credit Card,08/02/2021,127133.0
RM0099,Health Insurance,2020-08-01,138638.0
RM0240,Gold Investment,2021-12-27,
RM0013,Credit Card,2023-05-01,44274.0
RM0199,Term Insurance,2020-02-11,110475.0
RM0091,Fixed Deposit,2020-01-20,
RM0018,Term Insurance,2019-04-25,160558.0
RM0010,Loan Against Property,2022-12-30,29623.0
RM0158,Credit Card,03-01-2019,37139.0
RM0041,Term Insurance,2022-12-01,73512.0
RM0085,Credit Card,2025-05-03,88888888.0
RM0093,ULIP,29/06/2026,27859.0
RM0008,Term Insurance,2020-12-26,80082.0
RM0078,Saving Account,2024-07-09,13838.0
RM0038,Fixed Deposit,01-07-2022,47064.0
RM0040,Loan Against Property,2021-10-08,16523.0
RM0018,gold investment,12/10/2020,0.0
RM0250,Saving Account,2023-04-01,27359.0
RM0067,Term Insurance,2019-02-03,24962.0
RM0229,Term Insurance,2024-05-10,101296.0
RM0062,Mutual Funds,2025-02-21,20753.0
RM0048,Mutual Funds,2019-09-09,92629.0
,Mutual Funds,12-15-2020,88984.0
RM0037,Credit Card,2020-01-22,88888888.0
RM0170,Mutual Funds,2024-03-11,44545.0
RM0028,health insurance,2025-05-23,23318.0
RM0101,Current Account,29/11/2020,22867.0
RM0178,Saving Account,2023-05-06,41267.0
RM0198,Life Insurance,06-03-2025,10442.0
RM0164,Term Insurance,14/12/2023,47895.0
RM0218,Credit Card,2020-05-18,162646.0
RM0016,Term Insurance,2024-05-09,18403.0
,Loan Against Property,11/11/2021,52589.0
RM0162,Current Account,09-08-2019,173218.0
RM0019,ULIP,2021-04-27,108492.0
RM0182,ULIP,2024-03-26,104982.0
RM0006,Life Insurance,2022-03-28,96256.0
, Saving Account ,2024-10-20,28482.0
RM0047,Saving Account,05-15-2026,120644.0
RM0085,Credit Card,2021-04-13,151800.0
RM0099,Health Insurance,07-12-2020,44238.0
RM0226,Current Account,2019-11-14,31892.0
RM0245,Credit Card,07/12/2022,36741.0
RM0095,Fixed Deposit,2019-08-12,30338.0
RM0111,Fixed Deposit,2019-04-14,21939.0
RM0076,Mutual Funds,05/11/2019,58175.0
RM0064,Current Account,,51345.0
RM0202,Gold Investment,2025-09-27,41049.0
RM0031,Loan Against Property,2022-08-19,15037.0
RM0190,Credit Card,11-08-2025,89701.0
RM0061,Term Insurance,06-18-2025,19614.0
,Saving Account,2020-10-26,16083.0
RM0107,Health Insurance,2019-07-18,88888888.0
RM0042,Credit Card,2021-07-06,58784.0
RM0214,Credit Card,2025-07-30,35428.0
RM0062,Mutual Funds,21/10/2021,13083.0
RM0004,Loan Against Property,18/10/2023,31969.0
RM0090,Saving Account,2026-06-20,83872.0
RM0133,Life Insurance,2019-08-02,57757.0
RM0227,ULIP,2024-04-19,32532.0
RM0125,ULIP,08-02-2022,20647.0
RM0224,Credit Card,,59955.0
RM0159,Fixed Deposit,2025-12-24,119264.0
RM0025,Fixed Deposit,2025-09-19,61961.0
RM0249,ULIP,2025-01-05,93806.0
RM0110,Gold Investment,28/05/2023,46857.0
RM0070,Health Insurance,09/04/2023,73287.0
RM0034,Health Insurance,2024-09-16,123277.0
RM0241,Fixed Deposit,2025-07-18,84179.0
RM0228,Recurring Deposit,03/02/2026,130316.0
RM0175,Loan Against Property,2025-03-03,38206.0
RM0045,Current Account,28/05/2020,127285.0
RM0250,Life Insurance,2022-07-05,58585.0
RM0183,Recurring Deposit,2025-02-05,112029.0
RM0033,Health Insurance,10/09/2025,12008.0
RM0094,Fixed Deposit,01-12-2024,63625.0
RM0075,Recurring Deposit,2022-09-10,104185.0
RM0049,ULIP,31/07/2024,19570.0
RM0054,Saving Account,2025-09-12,64203.0
RM0147,Fixed Deposit,,97135.0
RM0012,ULIP,2025-09-30,26980.0
RM0220,Fixed Deposit,2023-07-01,35980.0
RM0234,Life Insurance,2024-07-26,52142.0
RM0074,ULIP,2025-07-27,46611.0
RM0198,Recurring Deposit,12-08-2022,11998.0
RM0225,Credit Card,2025-07-31,15194.0
RM0013,Term Insurance,2021-08-14,15293.0
RM0227,Health Insurance,2025-05-17,25208.0
RM0120,credit card,2019-08-10,24109.0
RM0038,Recurring Deposit,19/10/2022,77782.0
RM0066,ULIP,2024-06-13,52518.0
RM0201,Credit Card,2021-03-14,82191.0
RM0171,Life Insurance,2019-06-09,13622.0
,Life Insurance,2021-06-27,43200.0
RM0206,ULIP,16/03/2025,29561.0
RM0018, Saving Account ,,104835.0
RM0204,Term Insurance,2023-09-10,71513.0
RM0065,Saving Account,10-01-2025,111726.0
RM0215,Recurring Deposit,01-10-2024,12376.0
RM0113,ULIP,2023-08-19,73795.0
RM0203,Health Insurance,21/05/2020,48827.0
RM0008,Term Insurance,2025-11-14,97148.0
RM0074,Recurring Deposit,2021-12-07,45378.0
RM0018,Credit Card,2020-04-24,48849.0
RM0023,Mutual Funds,15/12/2023,12657.0
,Recurring Deposit,2022-09-01,65209.0
RM0177,Fixed Deposit,2021-01-19,0.0
RM0121,Credit Card,2022-07-31,25951.0
RM0104,Saving Account,2022-06-17,10994.0
RM0044,Recurring Deposit,08/01/2024,13437.0
RM0233,Credit Card,2025-11-24,167660.0
RM0107,Mutual Funds,01-11-2020,31238.0
,Mutual Funds,2021-05-20,111276.0
RM0157,Health Insurance,2026-07-30,170541.0
RM0220,Life Insurance,2025-04-23,153470.0
RM0233,Health Insurance,24/05/2025,116737.0
RM0036,Term Insurance,07-16-2020,122615.0
RM0153,Health Insurance,,27054.0
RM0043,Health Insurance,09-16-2019,-1000.0
RM0248,Credit Card,07-21-2025,88888888.0
RM0161,Gold Investment,2025-01-14,18212.0
RM0186,recurring deposit,2026-03-07,60980.0
RM0016,Life Insurance,2020-10-07,43481.0
RM0036,Mutual Funds,03-30-2025,15198.0
RM0159,ULIP,03/07/2024,66589.0
RM0085,Current Account,05-18-2021,51375.0
RM0073,Health Insurance,01-27-2020,109413.0
RM0113,Health Insurance,2025-05-25,56975.0
RM0016,Health Insurance,26/03/2023,52659.0
RM0034,Health Insurance,2023-10-22,39058.0
RM0194,ULIP,2024-08-09,41068.0
RM0223,Saving Account,2020-12-17,164371.0
RM0061,Recurring Deposit,2019-12-21,17450.0
RM0245,Fixed Deposit,25/07/2024,39549.0
RM0180,Health Insurance,2021-07-08,63330.0
RM0030,Current Account,2020-10-14,38370.0
RM0043,ULIP,08-03-2021,26649.0
,Life Insurance,2024-07-10,26938.0
RM0247,Life Insurance,2026-06-13,23306.0
RM0129,Gold Investment,2023-08-18,31072.0
RM0199,ULIP,15/03/2020,88888888.0
RM0205,Gold Investment,2024-05-29,112659.0
RM0223,Fixed Deposit,2022-02-11,45182.0
RM0185,ULIP,2026-05-01,0.0
RM0043,Loan Against Property,22/06/2019,23737.0
RM0015,Saving Account,,34268.0
RM0134,Term Insurance,2022-02-20,15592.0
RM0039,Recurring Deposit,2023-05-31,127188.0
RM0008,Health Insurance,2026-08-08,36229.0
RM0076,Recurring Deposit,2022-10-19,206588.0
RM0048,Mutual Funds,2025-07-09,31350.0
RM0076,Recurring Deposit,2025-12-22,100503.0
RM0137,Gold Investment,2023-03-07,24811.0
RM0247,Loan Against Property,2021-03-12,13960.0
RM0070,Loan Against Property,2021-04-02,11612.0
RM0175,ULIP,2021-08-17,56591.0
RM0177,Health Insurance,2021-10-14,28667.0
RM0024,Mutual Funds,05/08/2020,39306.0
RM0118,Fixed Deposit,,95365.0
RM0090,Credit Card,,24258.0
RM0129,Life Insurance,2024-04-04,28455.0
RM0086,Loan Against Property,14/06/2026,103325.0
RM0236,Saving Account,2021-10-02,43938.0
RM0127,Mutual Funds,2022-07-11,97915.0
RM0185,Life Insurance,2025-06-18,33458.0
RM0214,Loan Against Property,,35405.0
RM0130, Fixed Deposit ,2026-02-10,19144.0
,Fixed Deposit,2024-11-18,134053.0
RM0210,Mutual Funds,2026-02-16,123546.0
RM0109,Fixed Deposit,2020-01-17,217441.0
RM0016,Loan Against Property,05/07/2020,35745.0
RM0187,Gold Investment,2019-03-07,95356.0
RM0184,Gold Investment,2019-01-14,36803.0
,Life Insurance,2026-06-24,40284.0
RM0246,Recurring Deposit,2021-09-14,98597.0
,Life Insurance,2022-08-15,19762.0
RM0134, Fixed Deposit ,2019-05-21,22443.0
RM0125,gold investment,2020-04-10,28896.0
RM0067,Credit Card,06-13-2026,87600.0
RM0101,Mutual Funds,2019-01-04,33312.0
RM0232,Gold Investment,2021-07-11,32171.0
RM0180,Term Insurance,04/09/2024,346957.0
RM0086,Gold Investment,29/09/2024,34209.0
RM0103,Loan Against Property,2021-01-21,88888888.0
RM0246,Life Insurance,02-27-2022,24235.0
RM0092,Health Insurance,2021-07-24,58803.0
,Health Insurance,2024-09-14,90944.0
RM0103,Term Insurance,2026-07-20,13607.0
RM0134,ULIP,2020-07-05,58233.0
RM0210,ULIP,2022-07-08,11819.0
RM0106,Current Account,07-06-2026,47362.0
RM0229,Term Insurance,2024-12-24,24852.0
RM0073,Saving Account,2022-05-09,28310.0
RM0098,Term Insurance,2022-07-07,41470.0
RM0005,ULIP,05-27-2021,140938.0
RM0207,Credit Card,,72008.0
RM0165,Current Account,16/11/2025,148108.0
RM0167,Mutual Funds,2025-02-06,63936.0
RM0057,gold investment,2022-03-10,10356.0
RM0001,Saving Account,2022-06-28,25434.0
,Current Account,2022-10-05,128102.0
RM0056,Gold Investment,17/11/2024,61563.0
RM0225,SAVING ACCOUNT,2021-03-22,209898.0
RM0041,Life Insurance,2021-03-31,18478.0
RM0206,Life Insurance,06-02-2021,27601.0
RM0098,Term Insurance,2020-06-10,32499.0
RM0247,Current Account,01-11-2023,29767.0
RM0072,Credit Card,03-26-2026,24517.0
RM0071,Health Insurance,2026-06-11,39301.0
