Customer_ID,RM_ID,Rating,Feedback_Date,City
CUST000001,RM0186,4.1,08-04-2026,Ahmedabad
CUST000002,,3.6,2023-09-08,Kolkata
CUST000003,RM0117,4.2,2024-07-07,Delhi
CUST000004,RM0006,5.0,2026-04-28,Ahmedabad
CUST000005,RM0111,5.0,09/01/2026,Jaipur
CUST000005,RM0111,,2025-08-13,Hyderabad
CUST000005,RM0111,4.4,2023-08-24,Hyderabad
CUST000006,RM0149,4.6,2025-07-26,Delhi
CUST000007,RM0241,4.0,2025-03-05,Bangalore
CUST000008,RM0005,3.4,2024-01-11,Lucknow
CUST000008,RM0005,4.4,2024-07-18,Mumbai
CUST000008,,3.6,09/01/2025,Ahmedabad
CUST000008,RM0005,3.0,2026-01-01,Pune
CUST000008,RM0005,3.6,2025-03-30,Kolkata
CUST000009,RM0219,2.4,2025-02-13,Mumbai
CUST000010,RM0142,2.8,16/05/2025,
CUST000011,RM0026,5.0,2025-02-02,Kolkata
CUST000012,RM0070,5.0,2025-02-09,Bangalore
CUST000013,RM0033,3.8,2024-11-19,Pune
CUST000014,RM0204,4.5,2023-03-13,Hyderabad
CUST000015,RM0048,3.0,2025-07-23,Lucknow
CUST000015,,4.7,2024-09-27,Hyderabad
CUST000016,RM0170,4.3,2023-08-28,Mumbai
CUST000017,,3.3,2026-05-10,Bangalore
CUST000017,,3.7,2024-06-23,Bangalore
CUST000017,,3.6,2023-08-19,Kolkata
CUST000017,,4.9,17/03/2025,Hyderabad
CUST000018,RM0088,3.9,2024-05-01,Delhi
CUST000018,RM0088,2.4,,
CUST000018,RM0088,3.6,2023-08-02,Delhi
CUST000019,RM0207,6.0,2024-09-21,Ahmedabad
CUST000020,RM0136,3.2,02-10-2023,Jaipur
CUST000020,RM0136,2.5,2024-05-18,Jaipur
CUST000021,RM0188,3.2,09/04/2026,
CUST000021,RM0188,1.8,2024-03-18,Mumbai
CUST000021,,3.1,2024-05-19,Hyderabad
CUST000021,RM0188,4.2,2023-07-27,Mumbai
CUST000021,RM0188,4.5,2024-09-28,Hyderabad
CUST000022,,4.5,07-01-2024,Delhi
CUST000023,RM0228,5.0,2023-08-02,Pune
CUST000024,,5.0,2023-07-19,Delhi
CUST000025,,3.0,2024-05-01,Jaipur
CUST000025,,2.6,2023-01-05,Ahmedabad
CUST000025,,4.0,2023-10-05,Pune
CUST000025,,4.5,2025-06-09,Hyderabad
CUST000026,,3.2,2024-11-13,Jaipur
CUST000027,RM0085,4.3,02/07/2023,Delhi
CUST000027,RM0085,5.0,2024-09-23,Delhi
CUST000027,RM0085,2.7,2023-03-20,Jaipur
CUST000027,RM0085,0.0,2023-11-06,Lucknow
CUST000027,RM0085,4.0,07-31-2023,Kolkata
CUST000028,RM0055,5.0,02/01/2026,Ahmedabad
CUST000029,RM0208,3.8,21/03/2024,Pune
CUST000030,RM0042,4.4,2023-11-10,Ahmedabad
CUST000031,RM0229,4.9,10-12-2025,Chennai
CUST000032,RM0095,3.7,,Jaipur
CUST000033,RM0096,2.9,2023-01-17,Hyderabad
CUST000034,,3.9,2026-02-03,Chennai
CUST000035,RM0178,2.9,11-29-2023,Lucknow
CUST000036,RM0064,3.4,2026-06-01,Mumbai
CUST000037,RM0167,4.4,04-25-2024,Chennai
CUST000038,RM0210,4.2,2025-12-26,
CUST000039,RM0083,5.0,2023-08-31,Jaipur
CUST000040,RM0169,4.2,11/06/2023,Bangalore
CUST000041,RM0076,3.2,07/01/2025,Bangalore
CUST000041,RM0076,3.0,2023-01-24,Hyderabad
CUST000042,RM0190,4.6,16/12/2025,Ahmedabad
CUST000043,RM0236,4.2,05-03-2025,Chennai
CUST000044,RM0059,3.8,2024-07-08,Jaipur
CUST000045,RM0143,4.3,2024-11-11,Delhi
CUST000046,RM0091,3.3,2025-09-27,Kolkata
CUST000046,RM0091,1.6,06-30-2023,Chennai
CUST000047,RM0023,5.0,2024-06-10,
CUST000048,RM0029,4.6,07-08-2024,Hyderabad
CUST000049,RM0110,3.9,,Kolkata
CUST000050,RM0216,3.1,2025-02-02,Chennai
CUST000051,RM0185,3.8,20/11/2025,Hyderabad
CUST000052,RM0246,2.3,02-07-2025,Hyderabad
CUST000053,RM0032,4.1,2023-01-10,Chennai
CUST000054,,2.1,2024-10-18,Hyderabad
CUST000055,RM0175,4.1,2023-06-23,Hyderabad
CUST000056,RM0150,3.3,,Hyderabad
CUST000057,RM0246,3.9,2024-05-17,Chennai
CUST000058,,,2025-08-02,Hyderabad
CUST000059,RM0242,2.9,2026-03-02,Delhi
CUST000060,RM0095,5.0,,Kolkata
CUST000061,RM0149,4.4,2024-06-14,Delhi
CUST000061,RM0149,3.3,06-07-2026,Lucknow
CUST000061,RM0149,3.8,02-16-2026,Mumbai
CUST000061,RM0149,5.0,01-30-2025,Delhi
CUST000062,RM0187,3.1,2024-11-13,Ahmedabad
CUST000063,RM0066,2.9,2024-02-06,Chennai
CUST000063,RM0066,2.8,,Kolkata
CUST000063,RM0066,3.3,2026-03-30,Pune
CUST000063,RM0066,5.0,11-29-2024,Mumbai
CUST000064,RM0070,3.4,2023-06-01,Jaipur
CUST000065,,3.6,2025-09-03,Bangalore
CUST000065,RM0096,4.2,2025-12-30,Chennai
CUST000065,RM0096,4.0,2024-09-15,Jaipur
CUST000065,RM0096,5.0,03-24-2025,Mumbai
CUST000066,RM0101,4.8,2026-04-01,Lucknow
CUST000066,RM0101,4.3,2023-10-24,
CUST000066,,3.8,2024-10-25,Ahmedabad
CUST000066,RM0101,5.0,30/09/2024,Kolkata
CUST000066,RM0101,3.2,2024-05-03,Pune
CUST000067,RM0243,3.1,10-30-2025,Chennai
CUST000068,RM0147,3.6,25/02/2023,Kolkata
CUST000069,RM0050,5.0,2025-08-26,Hyderabad
CUST000070,RM0109,3.2,2025-06-04,Jaipur
CUST000070,RM0109,6.0,2025-10-20,Lucknow
CUST000070,RM0109,3.4,18/02/2023,Jaipur
CUST000070,RM0109,4.2,2024-01-16,Chennai
CUST000071,RM0081,3.9,2026-03-05,Delhi
CUST000072,RM0012,3.6,31/07/2025,Lucknow
CUST000073,RM0011,4.5,2024-10-30,Kolkata
CUST000074,RM0075,3.5,2023-10-01,Bangalore
CUST000075,,5.0,2025-11-05,Hyderabad
CUST000075,,4.2,2025-06-05,Chennai
CUST000075,,5.0,2025-12-28,Ahmedabad
CUST000075,,3.2,16/05/2023,Jaipur
CUST000075,,3.9,25/10/2024,Kolkata
CUST000076,RM0001,10.0,17/09/2025,Delhi
CUST000076,,2.1,2026-07-16,Bangalore
CUST000077,RM0128,5.0,2024-11-03,Pune
CUST000078,,5.0,2025-04-23,Lucknow
CUST000079,,-1.0,03-24-2024,Jaipur
CUST000080,RM0219,3.7,2025-03-31,Pune
CUST000081,RM0145,4.4,,Bangalore
CUST000082,RM0014,4.1,,Bangalore
CUST000083,RM0045,2.7,2024-10-12,Jaipur
CUST000084,RM0079,5.0,2024-12-27,Pune
CUST000085,RM0179,3.7,02/06/2024,Chennai
CUST000085,,2.0,08-22-2024,Pune
CUST000085,RM0179,3.3,02-07-2025,Ahmedabad
CUST000085,RM0179,2.6,2023-12-31,Lucknow
CUST000085,RM0179,4.1,07-26-2026,Pune
CUST000086,RM0243,4.1,2023-01-15,Mumbai
CUST000087,RM0123,5.0,2026-07-23,Hyderabad
CUST000088,RM0211,5.0,2026-07-28,Jaipur
CUST000089,,5.0,2023-01-17,Hyderabad
CUST000090,RM0220,3.0,07-23-2026,Mumbai
CUST000091,RM0181,4.6,24/02/2026,
CUST000092,RM0074,4.8,2024-07-21,Jaipur
CUST000092,RM0074,3.5,2026-03-25,Ahmedabad
CUST000092,RM0074,4.3,2024-05-27,Jaipur
CUST000092,RM0074,4.4,2025-03-26,
CUST000093,RM0063,3.5,2026-01-09,
CUST000094,,5.0,06-24-2025,Pune
CUST000095,RM0208,4.2,2025-05-02,Chennai
CUST000095,RM0208,3.8,2026-03-01,Jaipur
CUST000095,RM0208,2.8,2024-09-14,Delhi
CUST000095,RM0208,5.0,2023-08-18,Mumbai
CUST000095,RM0208,4.1,02-25-2023,Bangalore
CUST000096,,4.1,08-14-2023,Kolkata
CUST000097,RM0123,10.0,2025-02-20,Mumbai
CUST000097,RM0123,3.2,2023-02-06,Lucknow
CUST000097,RM0123,4.9,06-19-2025,Chennai
CUST000097,RM0123,2.9,2023-10-06,Chennai
CUST000098,RM0211,1.8,2025-04-12,Mumbai
CUST000099,,3.3,2025-04-26,Hyderabad
CUST000100,,4.3,2023-02-01,Ahmedabad
CUST000101,RM0038,4.3,2023-06-30,Bangalore
CUST000102,RM0058,4.1,2023-11-02,Jaipur
CUST000103,RM0250,3.8,2025-03-22,Ahmedabad
CUST000104,,4.2,2025-02-25,Jaipur
CUST000104,,5.0,2023-04-18,Mumbai
CUST000104,,4.2,2023-02-21,Hyderabad
CUST000104,,3.6,2024-07-10,Pune
CUST000104,,3.9,2025-01-13,Lucknow
CUST000105,RM0128,3.8,2024-06-26,Mumbai
CUST000106,,4.1,01-09-2023,Hyderabad
CUST000106,RM0026,3.1,2026-02-22,Chennai
CUST000106,RM0026,4.8,2023-01-26,Jaipur
CUST000107,RM0151,4.3,2026-02-19,Bangalore
CUST000108,RM0158,3.2,,
CUST000109,RM0044,5.0,,Kolkata
CUST000110,RM0135,2.1,08-24-2023,Kolkata
CUST000110,,5.0,2024-12-28,Lucknow
CUST000111,RM0179,5.0,05/06/2025,Bangalore
CUST000112,RM0219,5.0,2024-04-23,Jaipur
CUST000113,RM0063,3.5,2026-04-29,Lucknow
CUST000114,,4.2,2023-09-09,Chennai
CUST000115,RM0100,3.4,2025-10-02,Hyderabad
CUST000116,RM0173,4.4,2025-04-19,Mumbai
CUST000117,RM0103,4.0,2023-10-23,Mumbai
CUST000118,RM0028,3.5,21/06/2024,Delhi
CUST000119,RM0132,3.5,2025-12-22,Lucknow
CUST000120,RM0152,4.1,2023-12-11,Kolkata
CUST000120,RM0152,5.0,02-04-2024,Bangalore
CUST000121,RM0208,5.0,2023-07-11,Kolkata
CUST000122,RM0076,4.1,2025-02-03,Hyderabad
CUST000123,RM0136,3.8,02/12/2023,Pune
CUST000123,RM0136,4.6,2023-01-22,Pune
CUST000123,RM0136,3.4,2025-04-09,Kolkata
CUST000123,RM0136,0.0,09-11-2024,Bangalore
CUST000124,,3.8,2023-10-09,Ahmedabad
CUST000124,,2.0,06-06-2024,Bangalore
CUST000124,,4.1,2025-03-16,Lucknow
CUST000125,RM0145,,18/03/2025,Hyderabad
CUST000126,RM0212,4.1,2025-08-25,Bangalore
CUST000127,RM0212,3.5,2024-06-18,Jaipur
CUST000128,RM0168,4.5,2024-10-11,Pune
CUST000129,RM0174,4.1,2023-02-24,Hyderabad
CUST000130,RM0128,3.5,2026-06-26,Delhi
CUST000131,RM0085,4.8,2024-10-23,Delhi
CUST000132,,3.8,2023-11-28,Mumbai
CUST000133,,3.0,2023-03-28,Bangalore
CUST000134,RM0116,2.2,29/07/2026,Ahmedabad
CUST000135,,5.0,2026-02-10,Ahmedabad
CUST000136,,4.1,2023-02-03,Delhi
CUST000137,RM0011,4.1,2024-08-11,Delhi
CUST000138,RM0098,4.0,2025-08-07,Jaipur
CUST000139,RM0021,5.0,2026-06-30,Chennai
CUST000140,RM0135,4.1,2025-07-10,Pune
CUST000141,RM0115,5.0,2024-12-03,Mumbai
CUST000142,RM0076,4.1,2025-03-26,Delhi
CUST000143,RM0245,1.3,2024-09-26,Delhi
CUST000144,RM0059,5.0,2024-04-11,Mumbai
CUST000145,RM0026,4.3,2023-09-05,Lucknow
CUST000146,RM0223,3.5,04/09/2025,Kolkata
CUST000147,RM0232,3.7,2024-09-28,Lucknow
CUST000148,RM0197,3.7,,Ahmedabad
CUST000149,RM0140,2.8,,Bangalore
CUST000150,RM0051,4.9,2023-11-29,Chennai
CUST000151,RM0219,3.6,16/01/2024,Lucknow
CUST000152,RM0047,3.1,2024-04-01,Hyderabad
CUST000153,RM0133,5.0,08-08-2026,Pune
CUST000154,RM0125,2.8,20/06/2023,Delhi
CUST000155,RM0113,3.9,2024-09-09,Mumbai
CUST000155,RM0113,1.7,2024-08-23,Hyderabad
CUST000155,RM0113,5.0,2026-07-05,Pune
CUST000155,RM0113,3.7,2023-04-22,Lucknow
CUST000156,RM0040,4.8,07/04/2025,Chennai
CUST000156,RM0040,3.1,2023-02-17,Mumbai
CUST000156,RM0040,2.4,02-19-2025,Chennai
CUST000156,RM0040,3.3,2025-01-22,Ahmedabad
CUST000156,RM0040,5.0,2025-06-21,Kolkata
CUST000157,RM0158,4.6,2024-10-08,Mumbai
CUST000158,RM0176,2.4,2023-05-08,Hyderabad
CUST000159,RM0008,1.6,2023-06-30,Ahmedabad
CUST000160,RM0225,3.7,2024-04-18,Bangalore
CUST000161,,5.0,2025-05-28,Chennai
CUST000161,,3.2,10-20-2025,Delhi
CUST000161,,5.0,2023-10-28,Lucknow
CUST000162,RM0133,4.1,06-27-2023,Hyderabad
CUST000163,RM0168,5.0,2025-07-14,Ahmedabad
CUST000164,RM0151,3.3,2026-02-26,Kolkata
CUST000165,RM0237,3.9,02/12/2024,Delhi
CUST000166,RM0109,3.3,30/09/2024,Hyderabad
CUST000167,RM0122,5.0,2024-08-26,Mumbai
CUST000168,RM0079,4.6,01/02/2023,Ahmedabad
CUST000169,RM0095,2.3,09-09-2024,Chennai
CUST000169,RM0095,4.7,2023-04-13,Kolkata
CUST000169,RM0095,2.5,18/06/2023,Hyderabad
CUST000169,RM0095,3.1,26/11/2024,Lucknow
CUST000170,RM0057,4.7,2023-10-07,Mumbai
CUST000171,RM0204,2.7,03-01-2024,Jaipur
CUST000172,RM0173,3.6,2023-10-30,Bangalore
CUST000173,RM0241,4.8,2025-11-28,Lucknow
CUST000173,RM0241,4.4,2024-07-27,Delhi
CUST000173,RM0241,4.4,2023-05-03,Mumbai
CUST000173,RM0241,4.8,2026-04-14,Lucknow
CUST000174,RM0129,5.0,01-06-2026,Ahmedabad
CUST000175,RM0244,2.8,11-27-2025,Hyderabad
CUST000176,RM0028,4.3,2023-03-29,Jaipur
CUST000177,RM0067,5.0,,Lucknow
CUST000178,RM0003,4.8,2026-07-23,Jaipur
CUST000179,RM0221,3.8,2024-09-14,Ahmedabad
CUST000180,RM0143,3.8,13/03/2026,Ahmedabad
CUST000181,RM0096,4.8,2026-06-14,Hyderabad
CUST000182,RM0013,4.2,13/10/2024,Chennai
CUST000183,RM0079,5.0,07/01/2024,Lucknow
CUST000184,RM0093,4.1,2023-06-14,Ahmedabad
CUST000185,RM0061,3.6,2023-05-06,Delhi
CUST000186,RM0110,2.2,2026-03-17,Hyderabad
CUST000187,RM0085,3.8,07-19-2026,Lucknow
CUST000187,RM0085,2.8,2026-01-16,Jaipur
CUST000187,RM0085,2.2,2026-08-01,Ahmedabad
CUST000187,RM0085,3.1,2023-03-30,Kolkata
CUST000188,RM0196,4.7,2024-07-23,Kolkata
CUST000189,RM0070,3.8,2023-11-28,Kolkata
CUST000190,RM0142,4.2,2023-10-31,Lucknow
CUST000191,RM0196,4.7,2024-04-05,Pune
CUST000192,,4.0,2024-05-25,Jaipur
CUST000193,RM0113,3.3,03-23-2024,Mumbai
CUST000194,RM0135,3.6,18/12/2025,Pune
CUST000194,RM0135,4.8,2026-03-16,Bangalore
CUST000194,RM0135,4.0,2024-03-14,Ahmedabad
CUST000195,RM0169,1.5,2024-09-23,Pune
CUST000196,RM0227,3.6,10-04-2023,Jaipur
CUST000197,RM0049,4.5,2025-04-06,Pune
CUST000198,RM0088,4.2,2026-08-04,Ahmedabad
CUST000199,RM0080,3.0,2025-05-09,Delhi
CUST000200,RM0141,3.3,2025-03-03,
CUST000201,RM0065,-1.0,2025-03-03,
CUST000201,RM0065,2.1,2024-12-31,Chennai
CUST000202,,4.5,2026-04-29,Jaipur
CUST000203,RM0223,4.6,2024-01-22,Pune
CUST000204,RM0244,3.9,2026-06-08,Lucknow
CUST000204,RM0244,3.6,2025-01-22,Pune
CUST000205,RM0073,2.9,,Ahmedabad
CUST000205,RM0073,4.3,2023-04-21,Bangalore
CUST000205,RM0073,2.4,2025-02-14,Jaipur
CUST000205,RM0073,4.8,2025-03-19,Ahmedabad
CUST000205,RM0073,4.6,2026-04-12,Delhi
CUST000206,,5.0,2023-05-12,Ahmedabad
CUST000207,RM0039,4.1,2023-06-07,Jaipur
CUST000208,RM0093,3.5,2026-04-13,Kolkata
CUST000209,RM0069,4.4,2026-07-02,Delhi
CUST000210,,4.8,2025-09-04,Jaipur
CUST000211,RM0090,2.8,2023-03-07,Mumbai
CUST000212,RM0068,3.9,2024-12-06,Mumbai
CUST000213,RM0060,4.3,02/02/2023,
CUST000213,RM0060,4.5,06-01-2024,Hyderabad
CUST000213,RM0060,3.6,2026-06-23,Delhi
CUST000213,RM0060,4.6,2025-08-19,Ahmedabad
CUST000214,,3.0,2023-11-08,Pune
CUST000214,,5.0,03-28-2026,Jaipur
CUST000214,,3.4,2024-04-24,Ahmedabad
CUST000215,RM0134,4.4,2024-09-08,Bangalore
CUST000216,,3.4,2026-03-24,Bangalore
CUST000216,,4.1,03/06/2026,Bangalore
CUST000216,,2.9,2024-02-11,Bangalore
CUST000216,,5.0,04-19-2023,Delhi
CUST000217,,3.2,2026-06-06,Jaipur
CUST000218,RM0131,4.1,10/04/2026,Lucknow
CUST000219,RM0140,3.9,2023-05-06,Ahmedabad
CUST000220,RM0042,3.3,2026-03-05,Pune
CUST000221,RM0086,1.5,2024-05-25,Kolkata
CUST000221,RM0086,5.0,2024-03-01,Hyderabad
CUST000222,,4.1,2023-09-09,Lucknow
CUST000223,RM0240,2.3,01/02/2024,Ahmedabad
CUST000223,RM0240,2.1,14/12/2024,Kolkata
CUST000223,RM0240,3.7,2025-02-03,Bangalore
CUST000224,RM0248,3.9,2026-01-22,Lucknow
CUST000225,RM0017,3.8,2023-07-20,Chennai
CUST000226,RM0223,5.0,2026-06-04,Lucknow
CUST000227,,2.3,,Hyderabad
CUST000228,,4.2,2026-06-01,Kolkata
CUST000229,RM0088,4.6,2024-08-09,Hyderabad
CUST000230,RM0122,4.6,2024-02-01,Ahmedabad
CUST000231,,4.9,07-28-2025,Lucknow
CUST000231,,4.1,08/02/2024,Lucknow
CUST000232,RM0122,4.2,27/05/2026,Hyderabad
CUST000233,RM0013,3.7,03/05/2026,Delhi
CUST000233,RM0013,2.5,2025-10-17,Bangalore
CUST000233,RM0013,4.3,01-18-2024,Bangalore
CUST000234,RM0019,3.6,2023-07-23,Chennai
CUST000235,RM0041,3.3,07/05/2026,Jaipur
CUST000236,RM0246,4.4,02-26-2025,Ahmedabad
CUST000237,,4.5,09/08/2024,Pune
CUST000238,RM0024,3.3,17/03/2023,Hyderabad
CUST000239,RM0162,4.3,08/04/2026,Chennai
CUST000240,RM0144,3.9,03-24-2026,Lucknow
CUST000240,RM0144,4.2,2024-11-18,Delhi
CUST000240,RM0144,5.0,2026-07-15,Hyderabad
CUST000241,,4.4,2025-03-31,Hyderabad
CUST000241,,4.4,2026-03-17,Jaipur
CUST000241,,3.1,,Bangalore
CUST000242,,3.3,2023-07-01,Kolkata
CUST000242,,4.5,08/08/2026,Mumbai
CUST000242,,2.4,,Pune
CUST000242,,3.6,29/01/2026,Jaipur
CUST000243,RM0137,3.2,12/12/2023,Bangalore
CUST000243,RM0137,3.9,2023-09-26,Hyderabad
CUST000243,RM0137,3.8,2024-02-22,Pune
CUST000244,RM0144,4.1,2025-04-28,Mumbai
CUST000244,RM0144,4.5,2024-01-05,Delhi
CUST000244,RM0144,5.0,25/06/2024,Kolkata
CUST000244,RM0144,5.0,2024-11-17,Mumbai
CUST000245,,3.8,2023-02-26,Kolkata
CUST000246,RM0196,3.4,2023-04-30,Kolkata
CUST000247,RM0014,3.2,2026-06-19,
CUST000248,,3.7,08-22-2025,Kolkata
CUST000249,RM0023,3.0,2023-03-23,Pune
CUST000250,RM0245,4.5,16/01/2025,Lucknow
CUST000251,RM0174,5.0,2026-04-12,Chennai
CUST000252,,2.5,26/03/2026,Kolkata
CUST000253,,4.0,04-17-2024,Hyderabad
CUST000253,RM0219,5.0,,Lucknow
CUST000254,RM0045,2.5,2024-06-28,Kolkata
CUST000255,RM0018,5.0,27/03/2026,Lucknow
CUST000255,RM0018,3.1,2023-05-08,Hyderabad
CUST000255,RM0018,3.4,2023-10-09,Jaipur
CUST000256,RM0041,4.6,09-22-2025,
CUST000257,RM0218,4.5,2026-01-28,
CUST000258,RM0205,3.9,2023-04-15,Bangalore
CUST000259,RM0156,3.2,2026-02-21,Lucknow
CUST000259,RM0156,2.8,2023-06-19,Pune
CUST000259,RM0156,3.9,2023-04-13,Ahmedabad
CUST000259,RM0156,3.8,2026-04-14,Hyderabad
CUST000260,RM0152,3.2,2025-01-20,Chennai
CUST000260,RM0152,3.7,2025-08-15,Ahmedabad
CUST000260,RM0152,4.3,01-18-2024,Lucknow
CUST000260,RM0152,5.0,2024-03-24,Ahmedabad
CUST000261,RM0154,4.2,2024-02-06,Ahmedabad
CUST000262,RM0147,3.8,2024-08-18,Ahmedabad
CUST000262,RM0147,3.2,2025-01-07,Kolkata
CUST000262,RM0147,3.3,09-11-2025,Jaipur
CUST000262,RM0147,4.2,2025-03-27,Bangalore
CUST000262,RM0147,4.3,2023-04-02,Lucknow
CUST000263,RM0086,3.8,2024-05-12,Ahmedabad
CUST000263,RM0086,4.9,,Ahmedabad
CUST000263,RM0086,4.1,09-24-2023,Pune
CUST000263,RM0086,3.5,2023-12-23,Chennai
CUST000264,RM0013,3.3,2026-03-08,Bangalore
CUST000265,RM0082,3.3,2026-07-24,Mumbai
CUST000266,RM0115,4.5,2024-08-23,Pune
CUST000267,RM0033,3.4,2025-01-18,Bangalore
CUST000268,RM0163,4.1,2024-08-11,Chennai
CUST000269,RM0184,3.2,21/12/2024,Kolkata
CUST000270,RM0216,3.8,01-07-2025,Chennai
CUST000271,RM0026,3.9,08-29-2025,Bangalore
CUST000272,RM0086,5.0,09/12/2025,Jaipur
CUST000273,RM0165,2.7,2026-08-08,Hyderabad
CUST000274,RM0121,4.8,2023-03-18,Hyderabad
CUST000274,RM0121,3.2,,Mumbai
CUST000274,RM0121,5.0,2025-07-28,Bangalore
CUST000274,RM0121,3.3,,Bangalore
CUST000275,RM0085,5.0,2026-04-22,Jaipur
CUST000276,RM0048,4.2,08/11/2025,Delhi
CUST000277,RM0189,2.7,01-20-2026,Pune
CUST000278,RM0056,4.2,2023-01-28,Chennai
CUST000279,,4.5,2023-02-15,Jaipur
CUST000280,RM0137,4.6,03/09/2025,Ahmedabad
CUST000281,RM0128,3.8,2024-01-30,Chennai
CUST000282,RM0100,5.0,27/08/2025,Delhi
CUST000283,RM0035,5.0,01-03-2023,Pune
CUST000284,,4.3,2023-12-05,Ahmedabad
CUST000284,,2.7,2025-08-23,Chennai
CUST000285,RM0108,3.0,2025-10-24,Ahmedabad
CUST000286,RM0087,3.7,2024-04-06,Hyderabad
CUST000287,RM0146,3.9,11/07/2025,Bangalore
CUST000288,RM0045,3.2,18/10/2025,
CUST000289,,3.5,14/09/2023,Chennai
CUST000290,RM0222,2.0,2026-07-20,
CUST000290,RM0222,1.8,2026-04-16,Jaipur
CUST000290,RM0222,4.0,2024-09-27,Chennai
CUST000290,RM0222,5.0,2023-09-26,Lucknow
CUST000290,RM0222,2.4,,Pune
CUST000291,RM0169,3.8,,Jaipur
CUST000291,RM0169,4.0,,Chennai
CUST000291,RM0169,4.4,,Hyderabad
CUST000291,RM0169,3.5,2026-01-23,Chennai
CUST000292,RM0232,2.9,2025-06-20,Kolkata
CUST000293,RM0026,4.6,2025-08-08,Jaipur
CUST000294,RM0142,2.0,17/04/2026,Lucknow
CUST000295,RM0240,4.4,09-21-2024,
CUST000296,RM0002,3.2,2025-04-03,Jaipur
CUST000297,RM0200,4.2,19/04/2023,Chennai
CUST000297,RM0200,5.0,2026-03-15,Hyderabad
CUST000297,RM0200,3.3,2023-08-10,Kolkata
CUST000297,RM0200,3.6,2026-01-01,Lucknow
CUST000298,RM0163,3.6,2023-08-23,Lucknow
CUST000299,RM0050,5.0,2023-02-11,Kolkata
CUST000300,RM0245,3.9,2023-08-02,
CUST000301,RM0068,3.8,24/04/2024,Bangalore
CUST000301,RM0068,3.9,11-02-2023,Delhi
CUST000301,RM0068,5.0,2026-02-09,Mumbai
CUST000302,RM0085,3.4,06-22-2023,Bangalore
CUST000303,RM0233,4.8,2024-10-15,Ahmedabad
CUST000303,RM0233,3.2,2025-10-14,Chennai
CUST000303,RM0233,3.2,2024-09-14,Kolkata
CUST000304,RM0162,4.4,2025-05-25,Bangalore
CUST000304,RM0162,5.0,2025-09-26,Pune
CUST000304,RM0162,3.6,2023-06-04,Hyderabad
CUST000304,RM0162,3.6,2026-05-29,Bangalore
CUST000304,RM0162,4.6,2024-06-10,Lucknow
CUST000305,RM0245,4.0,02-06-2025,Lucknow
CUST000306,RM0176,4.7,2023-02-13,Ahmedabad
CUST000306,RM0176,2.4,2025-09-17,Kolkata
CUST000306,,3.0,21/09/2023,Delhi
CUST000306,RM0176,3.9,09/03/2025,Delhi
CUST000307,RM0007,4.5,06-14-2024,Ahmedabad
CUST000308,RM0094,3.9,05-12-2024,Mumbai
CUST000309,RM0008,4.1,2025-08-14,Jaipur
CUST000310,RM0088,4.6,2025-05-03,Chennai
CUST000311,RM0189,2.8,11/04/2023,Hyderabad
CUST000312,,4.6,2024-03-11,Pune
CUST000313,RM0113,5.0,2024-08-24,Chennai
CUST000313,RM0113,3.7,2024-08-20,Chennai
CUST000314,RM0198,3.1,2024-03-19,Chennai
CUST000315,RM0203,4.9,01-12-2026,Lucknow
CUST000316,RM0217,5.0,18/01/2025,Jaipur
CUST000317,RM0232,4.1,2025-01-05,Ahmedabad
CUST000318,,3.1,05/01/2024,Kolkata
CUST000318,,4.0,2024-02-16,Delhi
CUST000318,,3.2,08-31-2023,Hyderabad
CUST000318,,4.7,30/05/2025,Bangalore
CUST000319,,3.9,2024-01-19,Bangalore
CUST000320,RM0017,3.1,26/05/2024,Lucknow
CUST000320,RM0017,4.2,2026-07-05,Delhi
CUST000320,RM0017,3.3,2025-09-19,Chennai
CUST000320,,,2023-04-25,Delhi
CUST000321,RM0200,2.7,21/06/2023,Ahmedabad
CUST000322,RM0212,4.8,2025-04-23,
CUST000323,RM0166,4.3,2024-07-22,Lucknow
CUST000324,RM0193,3.5,2025-08-22,Hyderabad
CUST000324,RM0193,5.0,2023-06-14,Ahmedabad
CUST000325,,3.3,2024-07-27,Jaipur
CUST000326,RM0117,3.6,08-12-2024,Jaipur
CUST000327,RM0125,4.4,2026-04-23,Hyderabad
CUST000328,,4.9,2026-07-06,Delhi
CUST000329,RM0062,4.4,2023-05-18,Mumbai
CUST000330,RM0061,3.4,2023-09-29,Delhi
CUST000330,RM0061,3.8,2024-04-12,Bangalore
CUST000330,RM0061,3.4,2026-04-01,
CUST000331,RM0188,3.7,2026-03-24,Hyderabad
CUST000332,RM0182,3.7,2025-04-16,Ahmedabad
CUST000333,RM0119,4.4,07-16-2023,Hyderabad
CUST000334,RM0129,3.3,2025-08-22,Ahmedabad
CUST000335,RM0125,5.0,2026-02-07,Pune
CUST000335,RM0125,4.0,2026-07-26,Pune
CUST000336,,3.1,2023-08-16,Kolkata
CUST000336,,4.4,24/06/2025,Ahmedabad
CUST000336,,3.9,2023-04-25,Lucknow
CUST000336,,3.5,,Delhi
CUST000337,,5.0,2025-02-02,Bangalore
CUST000338,,3.7,2023-12-19,Lucknow
CUST000338,,3.5,10-10-2025,Lucknow
CUST000338,RM0189,5.0,,Hyderabad
CUST000339,RM0012,4.5,2025-06-22,Chennai
CUST000340,RM0233,4.8,2024-06-21,Jaipur
CUST000340,RM0233,3.4,2025-07-29,Jaipur
CUST000340,RM0233,4.2,2023-05-05,Kolkata
CUST000341,RM0203,2.6,2024-05-09,Ahmedabad
CUST000341,RM0203,2.1,2024-04-13,Pune
CUST000341,RM0203,3.4,08-15-2025,Pune
CUST000342,RM0097,4.0,2026-03-12,Kolkata
CUST000343,RM0047,5.0,07/04/2025,Bangalore
CUST000343,RM0047,5.0,2026-01-08,Delhi
CUST000344,RM0205,2.9,03-13-2025,Lucknow
CUST000345,,4.9,2023-08-08,
CUST000346,RM0227,2.7,06-17-2026,Mumbai
CUST000347,RM0009,5.0,,Delhi
CUST000347,RM0009,3.5,2025-07-02,Delhi
CUST000348,RM0178,3.4,2024-02-13,Jaipur
CUST000349,,5.0,09/05/2024,Bangalore
CUST000350,RM0082,3.4,2023-03-16,Delhi
CUST000351,,5.0,2025-10-10,Chennai
CUST000352,RM0234,3.4,03-28-2024,Pune
CUST000352,RM0234,4.9,08/07/2026,Chennai
CUST000352,RM0234,4.1,2023-04-10,Mumbai
CUST000352,RM0234,4.7,,Mumbai
CUST000352,RM0234,3.0,2025-05-22,Lucknow
CUST000353,RM0132,2.2,2024-12-14,Hyderabad
CUST000354,,3.1,30/07/2025,Chennai
CUST000355,,3.6,2025-10-29,Jaipur
CUST000356,,3.8,2026-06-25,Jaipur
CUST000357,RM0036,3.5,2025-12-13,Ahmedabad
CUST000357,RM0036,1.9,07-17-2025,Delhi
CUST000357,RM0036,3.4,2023-12-29,Bangalore
CUST000357,RM0036,4.0,2024-12-28,Bangalore
CUST000357,RM0036,3.8,2023-04-05,Bangalore
CUST000358,RM0199,3.6,2025-04-20,Ahmedabad
CUST000358,RM0199,3.5,2025-01-01,Jaipur
CUST000358,RM0199,4.1,2023-10-20,Ahmedabad
CUST000358,RM0199,3.0,2024-11-07,Lucknow
CUST000359,RM0229,3.8,06-18-2024,Delhi
CUST000360,RM0016,3.6,05-09-2026,Mumbai
CUST000361,RM0170,2.8,2023-01-14,Lucknow
CUST000362,RM0046,3.8,2023-09-07,Mumbai
CUST000363,RM0205,2.0,2026-02-10,Mumbai
CUST000363,RM0205,3.3,2024-04-17,Kolkata
CUST000364,RM0020,4.3,2026-02-16,Jaipur
CUST000365,RM0007,4.4,2025-04-10,Mumbai
CUST000366,RM0069,4.0,2025-08-22,Bangalore
CUST000367,RM0143,4.2,07-08-2024,Pune
CUST000368,RM0005,4.6,2024-03-26,Bangalore
CUST000369,RM0131,4.1,2023-05-11,Bangalore
CUST000370,,5.0,04/08/2026,Jaipur
CUST000370,RM0219,1.9,2025-03-24,Hyderabad
CUST000370,RM0219,4.8,2025-08-22,Lucknow
CUST000371,RM0007,1.8,07-02-2026,Lucknow
CUST000372,RM0103,3.4,,Pune
CUST000373,RM0174,4.7,2023-12-03,Pune
CUST000374,RM0033,4.6,2023-11-23,Bangalore
CUST000375,RM0147,3.0,2023-03-01,Chennai
CUST000375,RM0147,4.0,2024-01-09,Ahmedabad
CUST000376,RM0192,3.4,2023-08-26,Delhi
CUST000377,RM0221,4.8,2025-04-11,Hyderabad
CUST000378,RM0235,3.9,2025-07-28,Delhi
CUST000379,RM0091,3.4,11/06/2024,
CUST000380,RM0240,4.4,2023-11-15,Hyderabad
CUST000381,,4.6,2023-12-31,Delhi
CUST000382,RM0123,10.0,2025-11-26,Kolkata
CUST000383,RM0038,3.8,2026-03-16,Kolkata
CUST000384,RM0122,4.7,2023-11-29,Ahmedabad
CUST000385,RM0131,5.0,07-10-2024,Pune
CUST000386,RM0131,1.9,2023-09-03,Lucknow
CUST000387,,5.0,2023-01-05,Bangalore
CUST000388,RM0181,5.0,21/03/2023,Mumbai
CUST000389,RM0017,4.4,2023-11-14,Pune
CUST000389,RM0017,3.7,27/07/2026,Jaipur
CUST000389,RM0017,2.4,2025-02-11,Chennai
CUST000390,RM0040,4.0,20/06/2025,Hyderabad
CUST000391,RM0199,3.6,30/07/2025,Pune
CUST000392,RM0143,2.6,22/04/2023,Lucknow
CUST000393,RM0167,3.3,2024-04-27,Lucknow
CUST000394,RM0061,4.0,2023-03-06,
CUST000395,RM0142,4.3,02-07-2023,Bangalore
CUST000396,,3.0,2025-03-03,Kolkata
CUST000397,RM0140,1.6,08-13-2023,Delhi
CUST000398,RM0168,3.7,17/08/2023,Hyderabad
CUST000399,,3.1,2026-05-23,Kolkata
CUST000399,,3.6,2024-04-04,Delhi
CUST000399,,2.0,2024-06-02,Delhi
CUST000400,RM0123,3.7,2023-07-01,Hyderabad
CUST000401,RM0180,4.4,2024-10-11,Hyderabad
CUST000402,RM0206,3.6,2023-10-19,Chennai
CUST000403,RM0081,4.1,02-10-2023,Kolkata
CUST000404,RM0211,3.7,2024-06-06,Delhi
CUST000405,RM0122,2.0,08/10/2025,Mumbai
CUST000405,RM0122,4.1,2023-09-15,Jaipur
CUST000405,RM0122,3.2,2024-11-22,
CUST000405,RM0122,2.7,2025-05-10,Jaipur
CUST000406,RM0155,4.7,12-09-2025,Pune
CUST000407,RM0015,4.3,09/08/2023,Chennai
CUST000408,,3.4,02-15-2024,Ahmedabad
CUST000409,,3.8,2024-08-05,Chennai
CUST000410,RM0236,4.2,2025-06-02,Pune
CUST000411,RM0023,2.3,26/04/2023,Hyderabad
CUST000412,RM0203,2.9,2023-09-01,Pune
CUST000413,RM0170,2.9,2026-07-08,Pune
CUST000414,,4.5,2025-02-02,Delhi
CUST000415,,5.0,19/02/2023,Chennai
CUST000416,RM0246,4.6,2025-08-16,Mumbai
CUST000417,RM0216,4.1,31/12/2025,Kolkata
CUST000418,RM0190,3.0,2025-11-16,Bangalore
CUST000419,,4.7,2023-11-15,Delhi
CUST000420,RM0089,3.6,2023-10-09,Kolkata
CUST000421,RM0082,3.0,24/05/2026,Jaipur
CUST000422,RM0086,4.7,2023-04-12,Bangalore
CUST000423,,5.0,2024-08-25,Lucknow
CUST000424,,4.7,07-14-2025,Mumbai
CUST000425,RM0185,5.0,2024-02-22,Bangalore
CUST000426,RM0175,3.2,2026-07-17,Kolkata
CUST000426,RM0175,3.5,2025-05-12,Chennai
CUST000426,RM0175,3.1,2023-12-04,Bangalore
CUST000426,RM0175,3.1,06/10/2024,Lucknow
CUST000427,RM0212,5.0,2024-06-10,Jaipur
CUST000428,RM0222,2.9,2026-07-11,Hyderabad
CUST000429,RM0216,3.5,2024-08-10,Bangalore
CUST000430,RM0111,5.0,2024-04-18,Mumbai
CUST000430,RM0111,4.4,05/09/2025,
CUST000430,RM0111,3.0,25/11/2023,Jaipur
CUST000430,RM0111,3.9,2023-01-13,Mumbai
CUST000430,RM0111,2.3,,Jaipur
CUST000431,RM0155,3.8,12/11/2025,Delhi
CUST000432,RM0039,4.1,2025-12-09,Pune
CUST000433,RM0117,4.1,2024-09-26,Bangalore
CUST000434,,5.0,2024-02-15,Delhi
CUST000435,RM0020,4.7,06-11-2024,Kolkata
CUST000436,RM0150,2.8,07-30-2025,Mumbai
CUST000437,RM0088,4.1,2023-01-28,Chennai
CUST000438,RM0236,3.9,2024-02-12,Hyderabad
CUST000439,RM0153,5.0,04-11-2026,Pune
CUST000440,RM0153,3.6,07/05/2026,Bangalore
CUST000441,RM0138,4.1,30/10/2025,Lucknow
CUST000442,RM0057,4.3,07-14-2025,Hyderabad
CUST000443,RM0065,2.9,,Chennai
CUST000444,,2.5,2023-10-22,Lucknow
CUST000445,RM0017,3.8,03/08/2024,Pune
CUST000446,RM0023,4.7,13/03/2023,Kolkata
CUST000446,RM0023,2.7,2023-03-10,Ahmedabad
CUST000447,RM0044,3.9,10/11/2023,Kolkata
CUST000447,RM0044,3.3,,Ahmedabad
CUST000448,RM0227,2.1,2026-01-23,Delhi
CUST000448,RM0227,4.2,2025-09-30,Pune
CUST000448,RM0227,4.4,08-25-2023,Mumbai
CUST000449,RM0110,4.7,2024-11-25,
CUST000450,,4.8,2025-03-07,Mumbai
CUST000450,,3.9,2025-05-23,Jaipur
CUST000451,RM0033,4.4,,Jaipur
CUST000452,RM0107,4.2,03/02/2023,Pune
CUST000453,RM0091,1.4,2026-03-13,Chennai
CUST000454,,2.5,2025-02-14,
CUST000455,RM0157,3.3,2026-05-27,Pune
CUST000456,RM0250,4.1,2023-08-10,Lucknow
CUST000456,RM0250,4.3,2024-12-01,Pune
CUST000457,,4.7,2023-10-12,Delhi
CUST000457,,4.7,05-14-2024,Lucknow
CUST000457,,4.2,22/11/2025,Mumbai
CUST000458,,4.5,2023-08-01,Lucknow
CUST000459,,5.0,2025-05-13,Pune
CUST000460,,4.4,10-12-2023,Kolkata
CUST000461,RM0034,4.0,23/01/2024,Ahmedabad
CUST000462,RM0223,4.5,10-23-2025,Jaipur
CUST000463,RM0070,4.8,22/08/2025,Ahmedabad
CUST000464,,5.0,2024-03-21,Bangalore
CUST000465,RM0167,2.9,2026-03-03,Mumbai
CUST000465,RM0167,2.4,12-31-2025,Ahmedabad
CUST000465,,4.2,2026-07-27,Hyderabad
CUST000465,,6.0,2024-07-30,Mumbai
CUST000466,RM0156,2.6,2023-01-13,Lucknow
CUST000466,RM0156,3.8,,Lucknow
CUST000466,RM0156,5.0,01-18-2024,Hyderabad
CUST000467,RM0170,4.0,2023-05-07,Hyderabad
CUST000468,RM0148,-1.0,16/03/2026,Chennai
CUST000469,RM0177,4.0,2025-06-12,Chennai
CUST000469,,3.6,2026-03-10,Lucknow
CUST000469,RM0177,5.0,2025-02-26,Mumbai
CUST000469,RM0177,4.4,2023-05-19,Chennai
CUST000469,RM0177,3.5,2023-02-06,Ahmedabad
CUST000470,RM0227,5.0,2024-02-02,Mumbai
CUST000471,RM0030,4.2,09-30-2025,Mumbai
CUST000471,RM0030,3.6,2023-08-18,Ahmedabad
CUST000471,RM0030,1.9,04-04-2025,Pune
CUST000471,RM0030,4.1,02/07/2024,Mumbai
CUST000471,RM0030,3.5,2026-04-28,Delhi
CUST000472,,3.7,24/01/2023,Chennai
CUST000473,RM0118,3.6,2025-08-21,Hyderabad
CUST000474,RM0164,2.2,2024-08-29,Hyderabad
CUST000474,RM0164,5.0,13/10/2023,Mumbai
CUST000474,RM0164,3.3,2025-08-31,Mumbai
CUST000474,RM0164,4.7,26/07/2024,Bangalore
CUST000475,RM0030,3.8,02-24-2026,
CUST000476,,1.3,03-17-2025,Bangalore
CUST000477,RM0232,3.9,2023-10-14,Ahmedabad
CUST000478,RM0240,4.1,2025-09-01,Kolkata
CUST000479,RM0232,3.5,2026-07-27,Ahmedabad
CUST000480,RM0061,5.0,,Lucknow
CUST000481,RM0046,5.0,2023-09-15,Jaipur
CUST000482,RM0114,4.3,2025-08-19,Ahmedabad
CUST000482,RM0114,4.4,2026-05-27,Lucknow
CUST000482,RM0114,2.8,2024-05-24,Chennai
CUST000483,RM0215,6.0,2025-04-27,Ahmedabad
CUST000484,,2.8,2026-07-09,
CUST000485,RM0124,3.3,15/01/2025,Jaipur
CUST000486,RM0207,5.0,2025-02-12,
CUST000487,RM0003,3.5,22/01/2025,Jaipur
CUST000488,RM0168,5.0,2024-09-23,Chennai
CUST000489,RM0032,3.3,07-10-2023,Kolkata
CUST000489,RM0032,3.0,2024-08-03,Delhi
CUST000489,RM0032,3.5,01-28-2026,Jaipur
CUST000489,RM0032,3.5,2023-12-27,Jaipur
CUST000490,RM0199,3.3,2024-10-11,Jaipur
CUST000491,RM0145,5.0,2025-10-21,Chennai
CUST000492,,3.9,2025-07-04,Jaipur
CUST000493,RM0150,3.8,05-22-2023,Jaipur
CUST000494,RM0164,4.0,2026-04-09,Hyderabad
CUST000495,RM0191,4.9,26/04/2023,Bangalore
CUST000495,RM0191,4.0,2024-08-07,Kolkata
CUST000495,RM0191,4.3,28/05/2026,Chennai
CUST000495,RM0191,5.0,2023-11-25,Mumbai
CUST000495,RM0191,2.9,2023-05-07,Ahmedabad
CUST000496,RM0077,3.2,2026-03-28,Jaipur
CUST000497,,4.1,2025-07-09,Hyderabad
CUST000498,RM0063,3.3,2024-11-08,Ahmedabad
CUST000499,RM0121,3.8,02-11-2023,Jaipur
CUST000499,RM0121,2.9,2026-01-07,Pune
CUST000499,RM0121,3.1,2025-04-11,Lucknow
CUST000499,RM0121,5.0,2024-08-28,
CUST000499,RM0121,3.6,2023-10-31,Hyderabad
CUST000500,RM0126,3.5,12-25-2025,Chennai
CUST000501,,3.2,2024-04-01,Kolkata
CUST000501,,3.1,2026-07-01,Ahmedabad
CUST000501,,3.0,2026-06-15,Chennai
CUST000502,RM0162,2.7,2026-06-04,Hyderabad
CUST000502,RM0162,3.3,2023-06-11,Bangalore
CUST000502,RM0162,3.9,2025-03-04,Kolkata
CUST000502,RM0162,4.6,09/02/2023,Lucknow
CUST000503,,3.9,2025-05-20,Mumbai
CUST000504,RM0225,3.0,2023-11-10,Pune
CUST000504,RM0225,-1.0,15/08/2024,Mumbai
CUST000505,RM0088,3.5,2026-07-29,Hyderabad
CUST000506,RM0215,3.4,26/04/2023,Mumbai
CUST000507,RM0124,3.3,06-19-2026,Kolkata
CUST000508,RM0164,3.6,2023-10-02,Hyderabad
CUST000509,RM0240,4.9,2024-02-24,Jaipur
CUST000510,RM0129,4.7,2026-05-15,Delhi
CUST000511,RM0089,5.0,2025-02-14,Delhi
CUST000512,RM0135,3.1,30/06/2024,Mumbai
CUST000513,RM0229,2.9,,Lucknow
CUST000514,RM0167,3.6,23/09/2024,Kolkata
CUST000515,,5.0,2024-11-02,Bangalore
CUST000516,RM0182,1.9,2025-02-20,Bangalore
CUST000517,,4.1,18/01/2026,Bangalore
CUST000518,RM0091,3.7,2023-07-30,Kolkata
CUST000519,,4.6,2026-01-23,Chennai
CUST000520,RM0247,4.4,2024-09-11,Delhi
CUST000520,RM0247,4.6,2025-09-03,Jaipur
CUST000520,RM0247,4.5,09-09-2025,Hyderabad
CUST000520,RM0247,5.0,19/02/2025,Delhi
CUST000520,RM0247,5.0,20/03/2024,Lucknow
CUST000521,,4.8,2024-04-16,Pune
CUST000522,RM0189,3.5,01/01/2023,Jaipur
CUST000523,RM0027,3.6,2024-05-22,
CUST000523,RM0027,5.0,2024-04-28,Pune
CUST000524,RM0020,5.0,2023-02-05,Chennai
CUST000525,RM0229,3.1,08-30-2025,Mumbai
CUST000525,RM0229,2.0,2025-11-24,Jaipur
CUST000526,RM0162,2.2,2026-02-19,Chennai
CUST000526,RM0162,5.0,2025-02-22,
CUST000526,RM0162,5.0,04/11/2024,Hyderabad
CUST000526,RM0162,4.0,2025-04-30,Jaipur
CUST000526,RM0162,4.3,02-17-2024,Pune
CUST000527,RM0120,5.0,12-15-2024,Pune
CUST000527,RM0120,5.0,2024-06-21,Hyderabad
CUST000527,RM0120,4.7,2023-08-10,Ahmedabad
CUST000527,,4.0,2024-03-24,Bangalore
CUST000527,RM0120,3.6,2024-12-09,Jaipur
CUST000528,RM0242,3.7,2023-09-25,Chennai
CUST000529,,3.2,11/12/2023,Bangalore
CUST000530,RM0153,4.7,2024-01-06,Kolkata
CUST000531,RM0029,3.9,05-07-2025,Lucknow
CUST000531,RM0029,3.2,2024-03-03,Bangalore
CUST000532,RM0157,5.0,07-24-2024,Bangalore
CUST000533,RM0210,4.6,2025-11-26,Mumbai
CUST000534,RM0191,4.3,2023-10-15,Bangalore
CUST000535,RM0099,3.8,09-10-2023,Hyderabad
CUST000536,RM0032,4.5,2026-06-23,Hyderabad
CUST000537,RM0108,3.7,2025-07-21,Hyderabad
CUST000538,RM0137,5.0,2025-01-14,
CUST000539,RM0047,5.0,2025-09-07,Jaipur
CUST000540,RM0077,3.2,2024-10-07,Jaipur
CUST000541,RM0213,3.7,2023-03-11,Ahmedabad
CUST000542,,3.1,2024-08-25,Ahmedabad
CUST000542,,2.1,2024-02-22,Jaipur
CUST000542,RM0234,5.0,04-12-2024,Hyderabad
CUST000543,RM0162,3.9,2023-10-15,Mumbai
CUST000543,RM0162,2.9,2023-04-25,Kolkata
CUST000544,RM0024,2.3,2023-11-07,Bangalore
CUST000545,RM0131,10.0,11-22-2023,Delhi
CUST000546,RM0208,-1.0,07/07/2025,Kolkata
CUST000547,RM0207,4.2,2024-01-18,Bangalore
CUST000548,RM0165,4.4,2026-01-07,Hyderabad
CUST000549,RM0001,4.4,2025-12-26,Delhi
CUST000550,RM0124,5.0,2023-10-27,Pune
CUST000551,RM0152,4.9,2026-01-20,Hyderabad
CUST000552,RM0116,2.7,22/01/2023,Delhi
CUST000552,RM0116,2.9,2024-08-16,Kolkata
CUST000552,RM0116,5.0,2025-08-21,Kolkata
CUST000552,RM0116,3.4,2026-02-15,Kolkata
CUST000552,RM0116,2.5,2024-01-08,Chennai
CUST000553,RM0188,2.6,04-19-2026,Mumbai
CUST000553,RM0188,4.9,2026-06-22,Hyderabad
CUST000553,RM0188,4.9,2025-01-30,Mumbai
CUST000554,RM0118,4.1,2024-05-11,Bangalore
CUST000555,RM0213,3.1,02-10-2024,Pune
CUST000555,RM0213,3.9,2025-01-10,Bangalore
CUST000556,RM0089,3.8,2026-01-09,Mumbai
CUST000557,RM0102,3.6,2025-11-18,Mumbai
CUST000558,RM0024,4.7,03-17-2025,Kolkata
CUST000559,RM0064,3.5,16/05/2024,Hyderabad
CUST000560,RM0070,4.5,2023-05-08,Delhi
CUST000560,RM0070,4.3,11/02/2024,Mumbai
CUST000560,RM0070,2.6,2023-08-30,Pune
CUST000560,RM0070,5.0,2026-06-25,Hyderabad
CUST000561,RM0249,4.6,2024-01-26,Bangalore
CUST000562,RM0079,2.4,2025-10-22,Pune
CUST000563,RM0177,2.6,2023-12-28,Kolkata
CUST000563,RM0177,5.0,2025-08-07,
CUST000564,RM0124,4.2,2023-11-17,Mumbai
CUST000565,,4.6,2023-03-09,Jaipur
CUST000565,,4.4,2025-09-01,Delhi
CUST000566,RM0199,5.0,2024-02-01,
CUST000566,RM0199,5.0,2025-11-27,Delhi
CUST000567,RM0196,3.1,2025-08-05,Jaipur
CUST000568,RM0128,4.5,2026-05-19,Kolkata
CUST000569,RM0045,2.6,13/06/2023,Pune
CUST000569,RM0045,2.9,2024-04-05,Chennai
CUST000569,RM0045,3.7,2024-01-01,Jaipur
CUST000569,RM0045,2.3,31/07/2025,Jaipur
CUST000569,RM0045,3.2,2025-04-19,Mumbai
CUST000570,RM0032,1.8,2023-09-01,Jaipur
CUST000571,RM0127,4.0,22/03/2025,Hyderabad
CUST000572,RM0085,5.0,2024-07-05,Ahmedabad
CUST000573,RM0069,4.0,12-26-2023,Ahmedabad
CUST000574,RM0148,4.0,2023-06-01,Hyderabad
CUST000575,RM0221,3.6,2026-05-06,Bangalore
CUST000576,RM0036,5.0,2025-08-04,Pune
CUST000577,,3.9,06-08-2026,
CUST000578,RM0214,2.9,10-05-2024,Lucknow
CUST000579,RM0026,4.2,2024-09-30,Kolkata
CUST000580,RM0152,5.0,2023-08-01,Pune
CUST000581,RM0173,2.6,05-23-2024,Ahmedabad
CUST000581,,3.1,2024-06-15,Kolkata
CUST000581,RM0173,3.9,2026-07-03,Kolkata
CUST000581,RM0173,3.6,2024-04-12,Chennai
CUST000581,RM0173,4.4,2025-05-25,
CUST000582,RM0087,3.0,2024-03-30,Delhi
CUST000583,RM0024,3.5,20/04/2024,Delhi
CUST000584,,4.1,2024-01-25,Lucknow
CUST000585,RM0140,4.1,2026-02-10,Delhi
CUST000586,RM0241,5.0,2023-08-27,Lucknow
CUST000587,RM0148,4.8,11-20-2023,Bangalore
CUST000587,RM0148,2.5,2023-08-24,Hyderabad
CUST000588,RM0033,3.0,2026-06-01,
CUST000589,RM0098,2.6,2025-04-01,Lucknow
CUST000590,RM0235,5.0,2023-04-30,Pune
CUST000590,RM0235,2.9,2026-02-13,Mumbai
CUST000590,RM0235,4.6,2024-03-01,Lucknow
CUST000590,RM0235,4.5,2023-08-02,Lucknow
CUST000590,RM0235,2.5,2023-09-18,Lucknow
CUST000591,RM0206,3.6,05-13-2024,Lucknow
CUST000592,RM0167,3.7,2026-01-26,Lucknow
CUST000593,RM0173,2.4,2025-06-13,Ahmedabad
CUST000594,RM0059,5.0,2023-10-29,Bangalore
CUST000595,RM0156,4.2,2025-05-27,Pune
CUST000596,RM0109,5.0,04/06/2025,Bangalore
CUST000597,RM0137,5.0,08-29-2024,Ahmedabad
CUST000598,RM0032,4.2,09-10-2024,Jaipur
CUST000599,,4.4,2025-01-03,Delhi
CUST000600,RM0208,3.2,,Kolkata
CUST000601,RM0001,5.0,2023-02-23,Jaipur
CUST000602,RM0204,4.0,2026-01-01,Ahmedabad
CUST000603,,3.6,2025-04-06,Chennai
CUST000603,RM0186,3.2,2026-01-31,Kolkata
CUST000603,RM0186,4.1,2024-09-29,Lucknow
CUST000603,RM0186,4.6,22/06/2023,
CUST000604,RM0089,4.2,09/03/2026,Chennai
CUST000605,RM0072,4.5,2024-12-21,Hyderabad
CUST000606,RM0248,3.8,03/09/2023,Chennai
CUST000606,RM0248,4.5,07-04-2025,Kolkata
CUST000606,RM0248,4.5,,Mumbai
CUST000607,RM0198,5.0,2025-06-15,Hyderabad
CUST000608,RM0230,10.0,2024-09-13,Delhi
CUST000609,RM0055,4.8,2023-03-05,Delhi
CUST000609,RM0055,4.2,2024-07-28,Mumbai
CUST000610,RM0075,4.4,2024-04-18,Chennai
CUST000611,,2.8,2024-08-01,Bangalore
CUST000612,RM0141,5.0,02/02/2024,Ahmedabad
CUST000613,,3.8,2025-01-14,Hyderabad
CUST000614,RM0099,3.9,2023-07-24,Bangalore
CUST000615,RM0068,3.5,2025-03-19,Hyderabad
CUST000616,RM0025,3.1,28/02/2025,Bangalore
CUST000617,RM0137,3.2,05-26-2026,Kolkata
CUST000618,,2.9,2024-07-04,Delhi
CUST000619,RM0011,6.0,,Mumbai
CUST000620,,3.8,01/11/2025,Jaipur
CUST000621,RM0146,4.8,2025-06-20,Pune
CUST000621,RM0146,4.0,2026-07-11,Bangalore
CUST000622,RM0059,4.7,2025-04-01,Delhi
CUST000622,RM0059,4.5,2025-11-30,Lucknow
CUST000622,RM0059,3.6,2023-05-10,Hyderabad
CUST000623,RM0145,5.0,2023-05-26,Kolkata
CUST000624,RM0133,5.0,2023-12-05,Ahmedabad
CUST000625,RM0196,4.8,2025-07-01,Hyderabad
CUST000626,RM0246,4.4,2024-04-28,Mumbai
CUST000627,RM0152,3.7,2025-09-23,Mumbai
CUST000627,RM0152,3.7,,Delhi
CUST000627,RM0152,4.0,2025-12-28,Delhi
CUST000627,RM0152,5.0,2026-04-21,Bangalore
CUST000627,,5.0,2025-09-06,
CUST000628,RM0242,2.6,01/02/2025,Delhi
CUST000628,,4.3,2024-12-22,Ahmedabad
CUST000628,RM0242,1.5,2023-03-10,Ahmedabad
CUST000629,RM0129,3.6,,Delhi
CUST000630,,3.3,20/09/2023,Pune
CUST000631,RM0107,4.6,2025-03-24,Pune
CUST000631,RM0107,2.9,2023-04-12,Mumbai
CUST000631,RM0107,2.5,2023-06-13,Chennai
CUST000631,RM0107,3.5,2023-01-24,Lucknow
CUST000631,RM0107,4.0,04-09-2025,Hyderabad
CUST000632,RM0139,2.3,2024-05-12,Bangalore
CUST000632,RM0139,5.0,2024-11-22,Hyderabad
CUST000632,RM0139,3.8,2026-04-04,Delhi
CUST000632,RM0139,4.0,2024-12-19,Delhi
CUST000632,RM0139,5.0,22/07/2024,Mumbai
CUST000633,,3.3,2026-02-21,Mumbai
CUST000634,RM0031,5.0,2023-08-21,Delhi
CUST000635,RM0073,4.0,2023-11-10,Chennai
CUST000635,RM0073,4.8,10-08-2024,Chennai
CUST000635,RM0073,4.4,2025-07-26,Kolkata
CUST000636,RM0239,4.7,2026-01-25,Ahmedabad
CUST000637,RM0012,4.1,06/03/2023,Hyderabad
CUST000638,RM0168,3.5,20/03/2026,Jaipur
CUST000639,RM0084,5.0,,Chennai
CUST000640,RM0030,4.0,01/09/2025,
CUST000641,RM0112,2.9,02-08-2025,Mumbai
CUST000642,RM0168,5.0,2023-04-23,Ahmedabad
CUST000643,RM0184,3.7,2023-10-28,Pune
CUST000643,RM0184,2.3,03-10-2025,Delhi
CUST000643,RM0184,3.2,2025-06-13,Ahmedabad
CUST000643,RM0184,2.0,,
CUST000643,RM0184,3.2,06/05/2025,Mumbai
CUST000644,RM0133,5.0,,Ahmedabad
CUST000645,RM0029,4.5,2023-12-06,Pune
CUST000646,RM0051,4.0,2025-01-21,Kolkata
CUST000646,RM0051,-1.0,07-24-2023,Kolkata
CUST000646,RM0051,3.4,2024-02-28,Bangalore
CUST000646,RM0051,3.9,2024-06-18,Kolkata
CUST000646,RM0051,5.0,2023-04-22,Jaipur
CUST000647,RM0067,-1.0,2024-01-23,Jaipur
CUST000648,RM0208,2.2,,Delhi
CUST000649,RM0068,5.0,08-15-2025,Chennai
CUST000649,RM0068,3.1,2023-05-07,Delhi
CUST000649,RM0068,3.8,2026-08-04,Pune
CUST000650,RM0061,3.8,2024-01-02,Delhi
CUST000651,RM0245,3.8,2023-02-19,Kolkata
CUST000652,RM0051,3.3,,Hyderabad
CUST000653,,4.9,2025-04-18,Mumbai
CUST000654,RM0162,5.0,2024-03-19,Jaipur
CUST000655,,5.0,2025-09-06,Lucknow
CUST000656,RM0197,4.1,2023-06-03,Chennai
CUST000657,RM0117,3.4,2023-10-06,Delhi
CUST000658,RM0025,3.8,2025-01-14,
CUST000659,RM0058,3.9,2024-02-08,Lucknow
CUST000660,RM0100,3.0,2023-05-09,Hyderabad
CUST000661,RM0158,4.2,,Lucknow
CUST000661,RM0158,5.0,2023-06-07,Kolkata
CUST000661,RM0158,3.8,12-13-2025,Hyderabad
CUST000661,RM0158,10.0,04-21-2023,Chennai
CUST000662,RM0181,4.5,2025-09-15,Chennai
CUST000662,RM0181,3.3,2026-02-13,Lucknow
CUST000663,RM0074,4.9,28/04/2025,Mumbai
CUST000664,RM0034,3.3,2023-07-18,Hyderabad
CUST000665,RM0096,3.6,2026-05-15,Mumbai
CUST000666,RM0231,4.5,2024-06-09,Lucknow
CUST000667,,3.0,2023-12-27,Chennai
CUST000668,RM0076,4.4,2024-01-26,Hyderabad
CUST000668,RM0076,5.0,2023-03-05,Chennai
CUST000668,RM0076,4.2,2026-02-08,Chennai
CUST000669,RM0211,4.9,2023-04-26,Pune
CUST000670,,2.7,2024-05-08,Pune
CUST000671,RM0133,4.4,2023-11-19,Hyderabad
CUST000672,RM0201,3.5,2026-03-14,Bangalore
CUST000673,RM0121,4.4,2024-10-30,Bangalore
CUST000674,RM0062,5.0,08-13-2024,Delhi
CUST000675,RM0113,1.0,2025-05-06,Hyderabad
CUST000676,RM0159,3.4,2024-03-29,Kolkata
CUST000677,RM0093,1.7,2023-10-01,Delhi
CUST000678,,2.8,21/04/2026,Hyderabad
CUST000679,RM0239,3.5,2024-08-04,Lucknow
CUST000679,RM0239,4.9,07-08-2023,Kolkata
CUST000679,RM0239,4.8,07/08/2026,Pune
CUST000679,RM0239,4.8,2025-10-03,
CUST000679,RM0239,4.6,2025-07-08,
CUST000680,RM0209,2.7,2023-12-26,Lucknow
CUST000681,RM0157,4.8,12-18-2023,Hyderabad
CUST000682,RM0083,3.3,03/07/2026,Bangalore
CUST000683,RM0107,4.4,2023-11-19,Pune
CUST000684,RM0091,3.1,,Lucknow
CUST000685,RM0026,3.8,17/07/2023,Kolkata
CUST000686,RM0210,3.9,09-05-2025,Pune
CUST000686,RM0210,4.3,2025-05-25,Chennai
CUST000686,RM0210,3.2,01-09-2023,Jaipur
CUST000686,RM0210,4.7,2026-07-07,Ahmedabad
CUST000687,RM0163,2.7,2024-04-19,Hyderabad
CUST000688,RM0067,5.0,2026-02-09,Pune
CUST000689,RM0011,3.2,2023-02-01,Chennai
CUST000690,RM0232,2.0,2026-06-24,
CUST000691,RM0075,3.9,19/08/2024,Delhi
CUST000692,RM0011,3.6,2025-03-18,Lucknow
CUST000693,RM0110,3.1,,Delhi
CUST000694,RM0248,5.0,2024-09-25,Jaipur
CUST000695,,4.8,2023-05-13,Jaipur
CUST000696,RM0072,4.5,2023-03-09,Pune
CUST000697,RM0082,3.0,27/07/2026,Mumbai
CUST000698,RM0165,3.5,2023-07-11,Bangalore
CUST000698,RM0165,3.4,2026-02-27,Chennai
CUST000698,RM0165,2.2,08-22-2025,Pune
CUST000699,RM0096,4.3,2025-07-23,Hyderabad
CUST000699,RM0096,4.3,2026-05-10,Pune
CUST000700,RM0178,4.1,2025-12-09,Chennai
CUST000701,RM0139,4.2,2023-06-19,Pune
CUST000702,RM0168,2.9,2023-05-16,Mumbai
CUST000703,RM0105,3.1,2023-05-25,Bangalore
CUST000704,RM0165,3.7,2026-04-13,Kolkata
CUST000704,RM0165,5.0,04-21-2025,Chennai
CUST000704,RM0165,5.0,,Mumbai
CUST000705,RM0007,4.5,2026-01-06,Bangalore
CUST000706,,5.0,2023-10-27,Chennai
CUST000707,RM0070,4.5,2023-11-02,Delhi
CUST000708,RM0054,4.6,2026-04-08,Pune
CUST000709,RM0009,5.0,05-02-2026,Pune
CUST000709,RM0009,4.7,2025-01-04,Pune
CUST000709,RM0009,10.0,2023-03-12,Mumbai
CUST000709,RM0009,5.0,2025-07-10,Chennai
CUST000709,RM0009,4.0,08-22-2023,Bangalore
CUST000710,,3.4,20/01/2023,Pune
CUST000711,RM0004,3.9,2024-10-11,Chennai
CUST000712,RM0212,4.2,2024-09-30,Lucknow
CUST000713,RM0098,3.1,2024-12-16,Lucknow
CUST000714,RM0009,0.0,,Bangalore
CUST000715,,3.3,,Pune
CUST000716,RM0051,3.6,2024-03-12,Delhi
CUST000717,RM0217,2.9,09-01-2023,Kolkata
CUST000718,RM0093,3.4,06-13-2026,Mumbai
CUST000719,RM0013,4.7,05-16-2024,Hyderabad
CUST000720,RM0142,4.8,,Mumbai
CUST000721,RM0101,2.6,2024-08-24,Kolkata
CUST000721,RM0101,4.3,07/10/2024,Pune
CUST000722,RM0220,3.9,12/10/2024,Bangalore
CUST000723,RM0159,5.0,08-06-2025,Chennai
CUST000723,RM0159,3.7,2023-03-06,
CUST000723,RM0159,2.8,2024-11-08,Delhi
CUST000724,,3.5,2025-12-23,Ahmedabad
CUST000725,RM0248,2.8,2025-10-01,Pune
CUST000726,RM0186,1.7,2025-07-15,Ahmedabad
CUST000727,RM0058,3.9,2026-07-13,Delhi
CUST000728,RM0051,4.5,,Delhi
CUST000728,RM0051,4.2,2024-04-10,Kolkata
CUST000728,RM0051,2.7,2026-04-26,Jaipur
CUST000728,RM0051,2.6,2023-09-26,Pune
CUST000729,RM0157,4.2,2025-11-06,Lucknow
CUST000729,RM0157,5.0,07-16-2024,Hyderabad
CUST000729,RM0157,5.0,06-24-2024,Ahmedabad
CUST000729,RM0157,3.7,2025-05-07,Delhi
CUST000730,RM0098,4.2,09/07/2023,Bangalore
CUST000731,RM0089,4.9,11-21-2024,Mumbai
CUST000732,RM0083,3.9,2023-12-02,Chennai
CUST000733,,2.7,2025-05-02,Hyderabad
CUST000734,RM0238,1.2,2025-07-24,Mumbai
CUST000735,RM0042,4.2,,Delhi
CUST000735,RM0042,3.8,2025-01-18,Mumbai
CUST000735,RM0042,2.3,12-21-2024,Delhi
CUST000736,RM0210,2.6,06-14-2026,Hyderabad
CUST000737,RM0063,3.7,2024-02-19,Delhi
CUST000738,RM0028,3.5,2024-02-17,
CUST000738,RM0028,-1.0,2025-03-06,Bangalore
CUST000739,RM0147,5.0,2026-03-21,Bangalore
CUST000740,RM0182,5.0,2024-07-23,Hyderabad
CUST000741,RM0001,3.2,2023-05-12,Bangalore
CUST000742,RM0037,5.0,,Ahmedabad
CUST000743,RM0165,5.0,2024-12-07,Lucknow
CUST000743,RM0165,4.3,2026-08-01,Chennai
CUST000743,,3.1,2023-08-01,Ahmedabad
CUST000744,RM0178,4.1,2026-07-20,Mumbai
CUST000745,RM0095,1.9,2024-01-18,Bangalore
CUST000746,RM0102,3.4,24/07/2025,
CUST000747,RM0149,4.3,20/05/2026,Jaipur
CUST000748,RM0167,4.4,2023-03-27,Kolkata
CUST000749,RM0029,3.6,07-08-2026,Hyderabad
CUST000750,,4.1,2023-09-05,Lucknow
CUST000751,RM0104,3.0,2026-06-25,Delhi
CUST000752,RM0182,5.0,2023-08-26,Pune
CUST000752,,5.0,05-04-2023,Chennai
CUST000752,RM0182,4.7,2026-02-06,Delhi
CUST000753,RM0026,3.7,2024-10-10,Jaipur
CUST000754,RM0144,3.2,2023-08-16,Ahmedabad
CUST000755,RM0011,4.8,27/09/2024,Jaipur
CUST000756,RM0167,4.2,2023-04-19,Jaipur
CUST000757,RM0243,3.0,05/06/2026,Mumbai
CUST000757,RM0243,5.0,2025-09-15,Lucknow
CUST000757,RM0243,3.6,2025-11-05,Chennai
CUST000758,RM0096,3.1,10-19-2025,Ahmedabad
CUST000759,RM0093,4.9,2024-06-29,Mumbai
CUST000760,RM0114,3.2,2024-08-24,Kolkata
CUST000760,RM0114,4.1,2024-10-27,Pune
CUST000760,RM0114,5.0,,Jaipur
CUST000761,RM0008,5.0,11-02-2025,Mumbai
CUST000762,,4.3,11-16-2025,Kolkata
CUST000763,RM0189,2.8,2023-07-15,Mumbai
CUST000764,RM0215,3.5,2024-01-01,
CUST000765,RM0032,5.0,2024-10-26,Lucknow
CUST000766,,4.9,2023-10-09,Bangalore
CUST000766,,3.8,2025-08-22,Chennai
CUST000767,,6.0,2024-08-17,Pune
CUST000768,,2.7,25/06/2025,Bangalore
CUST000768,,2.1,2024-12-12,Lucknow
CUST000768,,,17/07/2025,Pune
CUST000769,RM0094,5.0,2023-05-03,Mumbai
CUST000770,,5.0,29/07/2023,Delhi
CUST000771,RM0175,4.0,2025-12-02,Mumbai
CUST000772,RM0088,3.6,2023-01-09,Delhi
CUST000773,RM0010,5.0,2024-05-08,Bangalore
CUST000773,RM0010,2.5,2023-05-07,Hyderabad
CUST000773,RM0010,5.0,2024-03-29,Pune
CUST000773,RM0010,4.7,2023-03-31,Mumbai
CUST000773,RM0010,2.7,2026-05-11,Delhi
CUST000774,,4.8,2023-11-10,Ahmedabad
CUST000775,RM0048,3.3,2023-06-27,Hyderabad
CUST000776,RM0195,2.7,2023-08-01,Delhi
CUST000776,RM0195,4.8,08-06-2025,Pune
CUST000777,,2.9,2025-04-28,Bangalore
CUST000777,,2.7,25/05/2026,Mumbai
CUST000777,,4.5,2023-03-05,Bangalore
CUST000778,,3.9,01-07-2023,Bangalore
CUST000779,RM0149,5.0,2023-09-11,
CUST000779,RM0149,3.7,2025-05-28,Bangalore
CUST000780,RM0014,3.6,,Bangalore
CUST000781,RM0149,2.0,2024-09-25,Pune
CUST000782,RM0176,4.5,2025-10-19,Jaipur
CUST000783,RM0178,4.0,2025-03-26,Bangalore
CUST000783,RM0178,5.0,2023-04-26,Hyderabad
CUST000783,RM0178,4.8,06/04/2025,Mumbai
CUST000783,RM0178,4.3,2025-11-24,Jaipur
CUST000784,RM0055,3.3,15/03/2026,Pune
CUST000785,RM0212,3.6,2026-03-28,Bangalore
CUST000786,RM0006,4.5,2024-06-06,Kolkata
CUST000787,,3.9,2023-03-05,Hyderabad
CUST000788,RM0100,5.0,2024-01-15,Jaipur
CUST000789,RM0011,5.0,2025-04-20,Mumbai
CUST000790,RM0140,3.7,2023-05-10,Kolkata
CUST000791,,4.1,2024-07-26,Mumbai
CUST000792,RM0078,3.2,2024-03-31,Jaipur
CUST000793,RM0215,3.9,,Bangalore
CUST000794,RM0215,4.9,,Hyderabad
CUST000794,RM0215,3.5,2024-03-03,Ahmedabad
CUST000795,RM0208,3.6,2024-05-16,Delhi
CUST000796,RM0130,2.8,2025-02-05,Kolkata
CUST000797,RM0110,3.4,2026-03-19,Mumbai
CUST000797,RM0110,4.6,2023-02-11,Lucknow
CUST000797,RM0110,3.8,08-10-2023,Ahmedabad
CUST000798,RM0001,2.8,2025-01-10,
CUST000799,RM0139,4.2,2023-06-21,Ahmedabad
CUST000800,RM0014,3.9,2023-01-08,Bangalore
CUST000801,RM0170,5.0,06-30-2026,
CUST000802,RM0155,3.9,12/08/2024,Hyderabad
CUST000803,,3.0,2023-07-15,Jaipur
CUST000803,RM0138,5.0,2023-10-28,Ahmedabad
CUST000804,RM0158,3.0,02/09/2023,Chennai
CUST000805,RM0040,2.7,03-23-2023,Chennai
CUST000805,RM0040,3.0,02-08-2026,Hyderabad
CUST000806,RM0154,3.4,2023-11-02,Bangalore
CUST000807,RM0072,2.1,2024-08-17,Pune
CUST000808,RM0043,2.3,24/05/2025,Bangalore
CUST000809,RM0041,4.8,,Jaipur
CUST000810,RM0078,-1.0,02-23-2023,
CUST000811,RM0060,3.8,2026-06-01,Pune
CUST000811,RM0060,3.8,2023-04-05,Bangalore
CUST000811,RM0060,3.9,2023-11-12,Hyderabad
CUST000812,RM0054,4.6,2025-07-30,Pune
CUST000813,RM0129,3.2,2024-05-16,Pune
CUST000814,RM0144,4.6,2024-08-31,Bangalore
CUST000815,RM0203,4.1,2024-05-08,Ahmedabad
CUST000816,RM0189,3.0,2025-10-06,Delhi
CUST000817,RM0170,4.6,,Ahmedabad
CUST000818,RM0188,4.1,2025-07-28,Ahmedabad
CUST000819,RM0091,3.0,2024-04-30,Mumbai
CUST000820,RM0171,3.0,2024-11-17,Kolkata
CUST000820,RM0171,4.5,2024-07-10,Jaipur
CUST000820,RM0171,5.0,2024-08-29,Pune
CUST000821,RM0191,4.3,2023-02-01,Bangalore
CUST000822,RM0021,4.9,2023-04-04,Ahmedabad
CUST000823,RM0024,5.0,12/07/2023,Bangalore
CUST000824,RM0209,-1.0,2024-07-15,Jaipur
CUST000824,RM0209,3.8,2025-02-13,Hyderabad
CUST000824,,4.2,2025-05-07,Ahmedabad
CUST000824,RM0209,4.7,2025-09-21,Hyderabad
CUST000825,RM0217,2.9,2023-03-07,Delhi
CUST000826,RM0055,5.0,2024-05-22,Jaipur
CUST000827,RM0173,5.0,15/08/2023,Ahmedabad
CUST000828,RM0043,3.3,28/06/2026,Chennai
CUST000829,RM0025,5.0,03-26-2023,Ahmedabad
CUST000830,RM0153,4.8,12-22-2023,Chennai
CUST000831,RM0023,3.8,2024-04-02,Pune
CUST000832,RM0175,1.9,2024-06-12,Kolkata
CUST000832,RM0175,3.9,2026-04-20,Lucknow
CUST000832,RM0175,4.4,2025-03-27,Ahmedabad
CUST000832,RM0175,4.3,2023-12-25,Ahmedabad
CUST000833,RM0218,2.7,2026-04-12,Hyderabad
CUST000834,RM0006,3.3,09-12-2023,Lucknow
CUST000835,RM0237,4.7,2024-11-10,Kolkata
CUST000836,RM0212,4.6,2023-06-05,Jaipur
CUST000837,RM0140,4.9,2023-04-17,Jaipur
CUST000838,RM0038,4.1,2024-08-08,Chennai
CUST000839,RM0019,4.0,05-23-2025,Delhi
CUST000840,RM0176,4.5,2023-05-24,Hyderabad
CUST000841,,4.1,,Jaipur
CUST000842,,2.5,2023-03-21,
CUST000843,RM0157,5.0,25/04/2025,
CUST000844,RM0012,4.9,10-22-2024,Hyderabad
CUST000845,RM0178,4.4,01-12-2026,Hyderabad
CUST000846,RM0088,2.6,2024-10-05,Jaipur
CUST000847,RM0028,4.8,2023-08-22,Bangalore
CUST000847,RM0028,3.6,03/05/2026,Lucknow
CUST000847,RM0028,4.8,10-03-2024,Pune
CUST000847,RM0028,4.5,2023-07-06,
CUST000847,RM0028,3.7,2025-06-11,Ahmedabad
CUST000848,RM0236,5.0,2023-07-18,Hyderabad
CUST000849,RM0182,2.8,2025-09-28,Lucknow
CUST000850,RM0134,4.1,2023-10-12,Ahmedabad
CUST000851,RM0071,5.0,07-10-2026,Ahmedabad
CUST000852,RM0110,4.5,11/03/2025,Ahmedabad
CUST000852,RM0110,4.9,2025-04-04,Delhi
CUST000852,RM0110,4.1,06-09-2023,Chennai
CUST000852,RM0110,4.0,2025-01-05,Pune
CUST000852,RM0110,2.8,2024-04-04,Delhi
CUST000853,RM0062,3.8,2024-04-05,Delhi
CUST000854,RM0075,4.7,,Mumbai
CUST000854,RM0075,2.9,2024-12-13,Pune
CUST000855,RM0097,6.0,2025-12-21,Ahmedabad
CUST000856,RM0216,3.0,2023-02-04,Mumbai
CUST000857,RM0117,4.4,2023-06-10,Bangalore
CUST000858,RM0093,4.8,2025-02-07,Bangalore
CUST000858,RM0093,5.0,2023-06-30,Jaipur
CUST000858,RM0093,3.7,10-12-2025,Chennai
CUST000858,,3.8,2023-01-16,Lucknow
CUST000859,RM0178,4.8,04-06-2024,Jaipur
CUST000860,RM0003,4.6,2023-03-03,
CUST000861,,3.7,05/08/2023,Chennai
CUST000862,RM0195,4.0,2023-01-04,Ahmedabad
CUST000863,,3.4,30/10/2025,Pune
CUST000864,RM0192,2.8,2025-02-28,Ahmedabad
CUST000865,RM0085,3.9,2024-08-17,Ahmedabad
CUST000866,RM0112,5.0,11/09/2024,Mumbai
CUST000867,RM0067,3.3,04-04-2025,
CUST000868,RM0217,2.6,2024-03-03,Bangalore
CUST000869,RM0105,3.0,26/03/2025,Pune
CUST000869,RM0105,4.5,12-28-2025,Jaipur
CUST000870,,4.4,2024-05-28,Delhi
CUST000870,,5.0,04-07-2026,Mumbai
CUST000870,,5.0,12-28-2025,Bangalore
CUST000870,,4.3,2024-10-21,Pune
CUST000871,RM0145,4.7,2025-04-29,Lucknow
CUST000872,RM0090,6.0,2024-02-25,Kolkata
CUST000873,RM0081,3.3,2023-10-25,Bangalore
CUST000874,,4.7,05/09/2025,Ahmedabad
CUST000875,RM0140,3.9,2025-02-06,Mumbai
CUST000876,RM0232,4.9,2024-01-04,Kolkata
CUST000877,RM0193,4.4,04/07/2025,Pune
CUST000878,RM0019,3.5,2023-07-25,Pune
CUST000879,RM0142,2.9,2023-01-07,Mumbai
CUST000880,RM0093,0.0,07-07-2024,Kolkata
CUST000881,,3.5,03/07/2026,Pune
CUST000882,,4.2,2024-07-19,Ahmedabad
CUST000883,RM0220,3.2,2023-04-10,Hyderabad
CUST000884,RM0035,3.8,2023-02-14,Bangalore
CUST000884,RM0035,5.0,2025-04-30,Hyderabad
CUST000884,RM0035,5.0,2024-11-18,Kolkata
CUST000884,RM0035,4.5,11-17-2023,Bangalore
CUST000884,RM0035,5.0,2025-11-23,Lucknow
CUST000885,RM0111,2.7,2025-02-04,
CUST000886,RM0192,5.0,2024-11-05,
CUST000887,RM0082,2.6,2024-03-28,Ahmedabad
CUST000888,RM0118,6.0,2025-07-17,Hyderabad
CUST000889,RM0037,4.0,04/02/2023,Ahmedabad
CUST000889,RM0037,3.2,2026-01-13,Pune
CUST000889,RM0037,4.7,2024-01-04,Ahmedabad
CUST000889,RM0037,2.4,2025-02-20,Chennai
CUST000890,,2.2,31/05/2023,Pune
CUST000891,RM0200,3.3,2024-06-13,Pune
CUST000892,RM0246,3.3,2023-06-24,Mumbai
CUST000893,RM0176,3.4,2024-01-19,Kolkata
CUST000894,RM0058,3.3,2024-12-13,Delhi
CUST000894,RM0058,4.7,11-29-2025,Jaipur
CUST000895,RM0031,3.9,2025-04-04,Delhi
CUST000896,RM0031,5.0,2023-12-20,Bangalore
CUST000897,,4.2,,Chennai
CUST000898,RM0240,4.9,2024-08-21,Mumbai
CUST000899,RM0055,4.6,2026-07-31,
CUST000900,RM0048,3.1,2023-10-24,Kolkata
CUST000901,,3.5,2023-09-16,Chennai
CUST000902,RM0156,5.0,2024-01-20,Ahmedabad
CUST000902,RM0156,2.2,,Kolkata
CUST000902,RM0156,4.5,2024-01-14,Ahmedabad
CUST000902,RM0156,3.8,2025-11-05,Delhi
CUST000903,RM0035,3.3,2025-03-06,Mumbai
CUST000904,RM0112,3.7,13/10/2025,Jaipur
CUST000905,RM0068,5.0,2024-10-22,Jaipur
CUST000905,RM0068,2.3,05-13-2023,Delhi
CUST000905,RM0068,2.8,08-13-2024,Chennai
CUST000905,RM0068,2.1,14/06/2025,Kolkata
CUST000906,RM0147,3.6,2023-06-16,Jaipur
CUST000907,RM0243,3.4,04-11-2025,Chennai
CUST000908,RM0200,4.2,2026-05-14,Hyderabad
CUST000909,RM0152,3.5,29/09/2025,Mumbai
CUST000910,RM0052,4.5,2025-06-16,Mumbai
CUST000910,RM0052,3.2,2023-02-13,Lucknow
CUST000910,RM0052,5.0,2026-03-16,Mumbai
CUST000910,RM0052,4.6,2023-07-10,
CUST000910,RM0052,4.5,02-06-2025,Hyderabad
CUST000911,RM0126,4.6,,Kolkata
CUST000912,,3.0,13/02/2025,Bangalore
CUST000913,RM0001,3.8,2025-08-17,Hyderabad
CUST000914,RM0006,3.8,24/02/2024,Chennai
CUST000915,RM0079,3.5,2026-06-30,Bangalore
CUST000916,RM0036,3.7,28/01/2024,Lucknow
CUST000916,RM0036,4.8,2023-02-09,Mumbai
CUST000917,RM0055,3.9,2023-02-19,Chennai
CUST000918,RM0128,4.3,2023-12-27,Hyderabad
CUST000919,,2.3,2023-06-22,Jaipur
CUST000920,RM0028,2.3,2026-05-28,
CUST000921,RM0050,3.1,2024-08-28,Lucknow
CUST000922,RM0147,5.0,2024-08-02,Ahmedabad
CUST000922,RM0147,5.0,01/11/2025,Lucknow
CUST000922,RM0147,5.0,2024-08-04,Delhi
CUST000923,RM0185,3.6,2023-12-10,Mumbai
CUST000924,RM0035,4.4,09-15-2023,Delhi
CUST000925,RM0029,5.0,2024-04-18,Chennai
CUST000926,RM0093,5.0,2026-07-02,Jaipur
CUST000927,,2.8,2023-02-05,Bangalore
CUST000928,RM0145,4.2,2023-01-28,Lucknow
CUST000929,RM0045,3.7,09-20-2025,Kolkata
CUST000930,RM0029,4.6,2023-07-27,Delhi
CUST000931,RM0058,4.1,2026-05-09,Hyderabad
CUST000932,RM0140,3.0,2024-06-26,Kolkata
CUST000933,,4.4,2023-08-18,Jaipur
CUST000934,RM0027,3.3,28/01/2025,Hyderabad
CUST000934,RM0027,4.0,2023-06-18,Hyderabad
CUST000934,RM0027,4.0,2024-07-19,Ahmedabad
CUST000935,RM0045,5.0,02-06-2026,Delhi
CUST000936,,4.3,04-07-2023,
CUST000937,RM0194,3.9,2026-05-31,Kolkata
CUST000937,RM0194,4.7,2024-07-06,Hyderabad
CUST000938,,3.1,2023-10-16,Delhi
CUST000939,RM0006,4.1,2024-11-21,Hyderabad
CUST000940,RM0067,4.6,2026-04-01,Ahmedabad
CUST000941,RM0185,4.6,2024-02-09,Mumbai
CUST000942,RM0081,3.5,03/01/2026,Jaipur
CUST000943,RM0231,4.4,28/09/2025,Mumbai
CUST000944,RM0226,4.7,06-08-2026,Delhi
CUST000945,RM0013,3.1,2024-02-25,Lucknow
CUST000946,RM0161,6.0,10/10/2023,Kolkata
CUST000947,RM0154,3.4,01/09/2025,Jaipur
CUST000948,RM0128,3.7,01-11-2023,Mumbai
CUST000949,RM0193,5.0,2024-10-28,Hyderabad
CUST000949,RM0193,3.3,2023-06-17,Lucknow
CUST000949,RM0193,4.3,2023-02-23,Chennai
CUST000949,,3.6,08/05/2023,Chennai
CUST000949,RM0193,3.1,2026-02-18,Jaipur
CUST000950,RM0114,4.7,10-12-2023,Lucknow
CUST000951,RM0056,2.6,2026-03-26,Ahmedabad
CUST000952,RM0048,5.0,2025-05-19,Mumbai
CUST000953,RM0237,3.0,2026-07-18,Ahmedabad
CUST000954,,3.3,2023-04-11,Delhi
CUST000955,RM0017,4.6,11-18-2023,Mumbai
CUST000956,RM0147,4.8,15/11/2024,Chennai
CUST000957,,4.2,,
CUST000958,,3.5,2024-09-18,Delhi
CUST000959,RM0230,2.4,03-29-2024,Ahmedabad
CUST000959,RM0230,3.9,2025-01-20,Ahmedabad
CUST000959,RM0230,3.1,03/05/2025,Ahmedabad
CUST000959,RM0230,5.0,2026-06-13,Hyderabad
CUST000960,RM0001,4.1,2023-10-10,Jaipur
CUST000960,RM0001,2.7,2025-08-24,Chennai
CUST000960,RM0001,3.7,30/10/2025,Hyderabad
CUST000960,RM0001,4.8,2025-05-16,Bangalore
CUST000960,RM0001,5.0,11-05-2025,Jaipur
CUST000961,RM0109,3.7,2025-11-02,Hyderabad
CUST000962,RM0126,3.9,2026-07-13,Mumbai
CUST000963,RM0073,4.6,09-28-2025,Hyderabad
CUST000964,RM0058,3.1,2025-01-06,Mumbai
CUST000965,RM0168,4.3,2024-04-22,Delhi
CUST000965,RM0168,4.3,06-16-2026,Delhi
CUST000966,RM0092,4.5,2024-05-17,Pune
CUST000967,RM0043,4.0,2024-08-30,Mumbai
CUST000968,RM0183,2.4,21/05/2026,Pune
CUST000968,RM0183,4.2,05-21-2025,Lucknow
CUST000968,RM0183,3.1,04-24-2025,Hyderabad
CUST000968,RM0183,5.0,2024-03-08,Pune
CUST000968,RM0183,5.0,04-11-2023,Hyderabad
CUST000969,RM0120,2.9,,Delhi
CUST000969,RM0120,3.1,03-08-2023,Ahmedabad
CUST000969,RM0120,1.7,01-28-2024,Hyderabad
CUST000970,RM0202,4.7,,Ahmedabad
CUST000971,RM0090,3.4,2023-01-19,Ahmedabad
CUST000971,RM0090,4.3,2024-10-17,Kolkata
CUST000971,RM0090,3.5,2025-10-25,Chennai
CUST000971,RM0090,2.4,15/01/2024,Pune
CUST000972,RM0043,4.2,2025-07-23,Hyderabad
CUST000973,RM0227,5.0,2023-07-24,Jaipur
CUST000974,RM0032,4.0,2025-08-14,Bangalore
CUST000975,RM0042,3.0,08-12-2024,Hyderabad
CUST000976,RM0194,3.9,06/09/2024,Hyderabad
CUST000977,RM0023,4.5,2024-05-22,Kolkata
CUST000978,RM0220,3.8,2023-10-25,Lucknow
CUST000979,RM0211,2.9,2025-08-02,Mumbai
CUST000979,RM0211,5.0,2026-06-03,Delhi
CUST000979,RM0211,2.5,12-03-2024,Chennai
CUST000979,RM0211,5.0,2024-10-08,Jaipur
CUST000979,RM0211,3.9,2023-11-13,Delhi
CUST000980,RM0205,4.9,2025-09-26,Lucknow
CUST000981,RM0110,4.2,2025-06-16,Chennai
CUST000982,RM0021,3.1,2024-06-18,Bangalore
CUST000982,RM0021,5.0,2023-02-28,Chennai
CUST000983,RM0221,4.6,01-11-2025,Pune
CUST000984,RM0091,3.9,2025-05-18,Ahmedabad
CUST000985,RM0030,-1.0,06/10/2024,Kolkata
CUST000985,RM0030,4.7,2025-04-01,Lucknow
CUST000985,RM0030,3.9,19/02/2026,Delhi
CUST000985,RM0030,1.8,2025-11-30,Bangalore
CUST000986,RM0149,2.3,18/10/2025,Ahmedabad
CUST000987,,4.0,2025-01-04,Jaipur
CUST000988,RM0060,3.7,2024-12-10,Ahmedabad
CUST000989,RM0191,3.9,27/08/2023,Ahmedabad
CUST000989,RM0191,3.7,2023-03-21,Ahmedabad
CUST000989,RM0191,2.9,2024-06-25,Lucknow
CUST000990,RM0211,2.6,2023-06-12,Ahmedabad
CUST000991,RM0077,3.2,2023-03-18,Delhi
CUST000992,RM0040,4.8,2024-02-13,Mumbai
CUST000993,RM0059,3.2,10-20-2025,Ahmedabad
CUST000994,RM0149,5.0,2026-05-02,Ahmedabad
CUST000994,RM0149,3.0,2024-06-23,Bangalore
CUST000994,RM0149,5.0,2024-06-10,Delhi
CUST000995,,3.5,06-17-2024,Mumbai
CUST000996,RM0050,3.7,09-29-2024,Chennai
CUST000997,RM0033,3.7,2023-09-24,
CUST000998,RM0125,4.6,18/12/2024,Ahmedabad
CUST000999,,4.3,2023-12-07,Mumbai
CUST001000,RM0195,4.1,2025-03-20,Bangalore
CUST001000,RM0195,3.9,2024-04-22,Kolkata
CUST001001,RM0122,3.4,2026-01-30,Jaipur
CUST001001,RM0122,5.0,,Kolkata
CUST001001,RM0122,4.1,,Lucknow
CUST001001,RM0122,4.6,2025-03-03,Mumbai
CUST001001,RM0122,4.2,2023-03-09,Bangalore
CUST001002,RM0064,3.6,2024-06-26,Ahmedabad
CUST001002,RM0064,5.0,2025-08-18,Ahmedabad
CUST001002,RM0064,5.0,2023-01-23,Bangalore
CUST001002,RM0064,3.5,2025-11-25,Hyderabad
CUST001002,,5.0,2023-04-26,Bangalore
CUST001003,RM0229,4.9,2024-07-08,Chennai
CUST001004,RM0020,2.9,2025-01-12,Jaipur
CUST001005,RM0161,4.9,2025-08-06,Kolkata
CUST001006,RM0206,4.4,2026-07-07,Chennai
CUST001007,RM0174,4.2,2025-01-28,Hyderabad
CUST001008,RM0248,5.0,27/01/2025,Mumbai
CUST001009,RM0045,4.3,05-28-2024,Chennai
CUST001010,,2.0,05-21-2025,Hyderabad
CUST001011,RM0209,2.6,2026-03-02,Pune
CUST001011,RM0209,3.1,2023-08-29,Ahmedabad
CUST001011,RM0209,5.0,2023-06-04,Jaipur
CUST001012,RM0244,4.7,2024-12-30,Hyderabad
CUST001013,RM0133,4.5,2026-02-21,Mumbai
CUST001014,RM0149,4.1,02-14-2026,Kolkata
CUST001015,RM0106,3.1,2023-05-17,Jaipur
CUST001015,RM0106,2.5,09/10/2023,Chennai
CUST001015,RM0106,5.0,2024-09-18,Hyderabad
CUST001015,RM0106,5.0,2025-07-14,Hyderabad
CUST001016,RM0056,-1.0,2023-01-11,Jaipur
CUST001017,RM0013,4.7,2026-05-26,Mumbai
CUST001018,,3.5,2024-10-19,Kolkata
CUST001019,RM0068,3.6,,Chennai
CUST001020,RM0143,4.7,20/10/2023,Mumbai
CUST001021,RM0148,3.9,2026-01-07,Lucknow
CUST001022,RM0116,3.8,2024-10-05,Lucknow
CUST001023,RM0074,3.5,09-18-2025,Hyderabad
CUST001024,RM0052,3.3,2026-01-26,Jaipur
CUST001025,,-1.0,2024-12-29,Pune
CUST001026,RM0103,3.9,2024-06-19,Jaipur
CUST001026,RM0103,2.4,2023-06-13,Pune
CUST001026,RM0103,4.6,,
CUST001026,RM0103,2.1,2024-11-04,Jaipur
CUST001026,RM0103,5.0,2025-05-01,Pune
CUST001027,RM0120,3.5,04-28-2024,Pune
CUST001028,RM0236,3.9,2023-11-21,Bangalore
CUST001029,RM0092,4.6,2023-05-24,Jaipur
CUST001030,RM0214,3.7,16/04/2023,Jaipur
CUST001031,RM0141,3.3,2024-02-26,Chennai
CUST001032,RM0109,4.3,2024-07-14,Pune
CUST001032,RM0109,5.0,,Hyderabad
CUST001032,,4.8,,Jaipur
CUST001032,RM0109,3.2,2024-06-01,Hyderabad
CUST001033,RM0101,3.6,2023-09-25,Delhi
CUST001033,RM0101,3.5,11-30-2023,Lucknow
CUST001033,RM0101,3.0,27/04/2023,Pune
CUST001034,RM0081,4.6,2025-03-21,Mumbai
CUST001035,,3.7,2026-04-05,Jaipur
CUST001036,RM0012,4.3,07/04/2025,Kolkata
CUST001037,RM0182,1.4,2024-03-30,Ahmedabad
CUST001037,RM0182,-1.0,2026-05-06,Chennai
CUST001038,RM0179,4.7,2024-05-23,Bangalore
CUST001039,RM0246,3.4,2024-08-02,Delhi
CUST001040,RM0184,3.0,2023-08-04,Mumbai
CUST001041,RM0209,2.7,19/12/2024,Pune
CUST001042,,3.1,2024-12-01,Kolkata
CUST001042,,3.6,10/03/2025,Chennai
CUST001042,,4.9,2023-07-04,Kolkata
CUST001042,,3.6,2026-05-26,Pune
CUST001042,,5.0,2024-04-22,Chennai
CUST001043,RM0009,4.3,2024-04-03,Pune
CUST001044,RM0085,5.0,2024-11-04,Bangalore
CUST001044,RM0085,3.5,2025-02-16,Kolkata
CUST001045,RM0129,4.4,10-31-2025,Hyderabad
CUST001046,RM0213,5.0,2025-06-17,Delhi
CUST001047,,4.6,08-15-2025,Delhi
CUST001048,RM0072,3.8,02-10-2025,Hyderabad
CUST001048,RM0072,3.5,2026-07-06,Ahmedabad
CUST001048,RM0072,2.1,2023-10-16,Bangalore
CUST001048,RM0072,3.8,2026-01-06,Mumbai
CUST001049,RM0197,3.1,2023-06-22,Hyderabad
CUST001050,RM0217,3.5,02-11-2024,Chennai
CUST001051,RM0231,4.1,2024-12-05,Jaipur
CUST001051,RM0231,10.0,2025-03-19,Bangalore
CUST001051,RM0231,2.4,2026-02-25,Chennai
CUST001052,RM0142,3.0,11-13-2025,Mumbai
CUST001053,RM0193,4.4,2024-06-27,Bangalore
CUST001054,RM0006,2.7,2025-06-21,Ahmedabad
CUST001054,RM0006,4.0,2024-07-25,Kolkata
CUST001054,RM0006,2.6,02/07/2025,Delhi
CUST001054,RM0006,4.5,03/10/2023,Kolkata
CUST001055,RM0045,4.7,2024-10-07,Lucknow
CUST001056,RM0206,5.0,18/07/2026,Jaipur
CUST001057,RM0243,5.0,2024-09-15,Mumbai
CUST001058,RM0155,4.3,2025-01-27,Jaipur
CUST001058,RM0155,2.2,2023-10-12,Kolkata
CUST001059,RM0053,4.0,20/07/2026,Chennai
CUST001060,,4.5,2024-01-13,Pune
CUST001061,RM0221,4.1,2023-02-11,Bangalore
CUST001061,RM0221,5.0,2026-02-13,Pune
CUST001062,RM0148,,28/08/2025,Delhi
CUST001063,RM0124,5.0,2024-10-10,Ahmedabad
CUST001064,RM0055,4.0,2023-04-13,Lucknow
CUST001065,,4.7,2026-05-04,Hyderabad
CUST001066,RM0140,2.5,2025-02-01,Lucknow
CUST001067,RM0155,4.2,04/05/2025,Lucknow
CUST001067,RM0155,2.7,,Jaipur
CUST001067,RM0155,3.8,,Pune
CUST001068,RM0144,3.3,2025-08-28,Bangalore
CUST001069,RM0184,3.3,2026-05-06,Kolkata
CUST001070,RM0184,3.2,2023-02-16,Ahmedabad
CUST001070,RM0184,3.6,2025-11-14,Pune
CUST001070,RM0184,3.4,2023-07-07,Mumbai
CUST001070,RM0184,4.6,2024-12-23,Jaipur
CUST001071,RM0185,3.7,11-12-2024,Lucknow
CUST001072,RM0024,4.0,,Hyderabad
CUST001073,RM0176,4.3,2025-12-08,Mumbai
CUST001074,RM0217,4.3,07-11-2024,Lucknow
CUST001074,RM0217,2.9,2024-10-25,Kolkata
CUST001075,RM0115,3.7,2025-05-10,Hyderabad
CUST001075,RM0115,4.2,2024-07-09,Mumbai
CUST001075,RM0115,3.1,03/03/2024,Mumbai
CUST001075,RM0115,3.0,2024-12-07,Hyderabad
CUST001076,,2.8,2023-03-22,Hyderabad
CUST001076,,4.2,2023-11-30,Bangalore
CUST001077,RM0025,3.7,2024-11-28,Hyderabad
CUST001078,RM0229,3.8,2023-08-19,Delhi
CUST001079,RM0053,2.2,2023-08-13,Lucknow
CUST001080,RM0118,4.1,02-15-2023,Mumbai
CUST001081,RM0104,4.1,2024-11-26,Hyderabad
CUST001082,RM0096,4.3,2026-03-21,Chennai
CUST001083,RM0003,5.0,04-27-2025,Delhi
CUST001084,RM0175,3.2,12-19-2024,Kolkata
CUST001085,RM0211,4.5,2025-04-25,Chennai
CUST001085,RM0211,4.3,2023-02-18,Chennai
CUST001085,RM0211,4.5,2026-02-26,Delhi
CUST001085,RM0211,3.7,2025-11-07,Bangalore
CUST001086,RM0120,4.8,08/04/2025,Kolkata
CUST001087,RM0221,3.3,04/07/2026,Jaipur
CUST001088,RM0140,3.5,2023-02-11,Hyderabad
CUST001089,RM0169,3.8,2023-09-15,Ahmedabad
CUST001090,,3.8,2025-03-16,Chennai
CUST001091,RM0079,4.4,07-09-2023,Jaipur
CUST001092,RM0124,4.3,05/05/2025,Jaipur
CUST001093,RM0239,4.3,2024-01-25,Jaipur
CUST001094,RM0212,6.0,,
CUST001095,RM0107,5.0,05-07-2026,Kolkata
CUST001096,RM0142,3.8,,Mumbai
CUST001097,RM0167,5.0,17/03/2023,Mumbai
CUST001097,RM0167,2.9,2025-12-12,Kolkata
CUST001098,RM0158,3.9,10/02/2023,Bangalore
CUST001098,RM0158,3.9,2023-01-01,Jaipur
CUST001099,RM0054,2.7,2023-09-05,Kolkata
CUST001099,RM0054,4.0,12/05/2024,Kolkata
CUST001099,,4.1,2023-02-03,Pune
CUST001099,RM0054,4.6,22/02/2026,Delhi
CUST001099,RM0054,4.5,31/07/2023,Jaipur
CUST001100,RM0105,2.7,2024-01-16,Mumbai
CUST001101,RM0128,5.0,2024-10-15,Pune
CUST001101,RM0128,6.0,06-25-2025,
CUST001101,RM0128,3.5,2024-09-14,Jaipur
CUST001101,RM0128,3.4,19/02/2025,Kolkata
CUST001101,,4.5,2023-09-27,Mumbai
CUST001102,RM0082,4.9,2025-05-07,
CUST001103,RM0178,3.5,2023-04-28,Delhi
CUST001104,,4.0,21/01/2024,Jaipur
CUST001104,,4.9,2026-03-23,Bangalore
CUST001104,,3.1,2023-01-05,Kolkata
CUST001104,,1.2,2026-06-29,Jaipur
CUST001105,RM0040,4.5,2023-08-28,Mumbai
CUST001106,,4.9,2025-09-18,Bangalore
CUST001107,RM0038,2.4,2024-12-12,Pune
CUST001108,RM0072,4.0,2025-05-08,
CUST001108,RM0072,3.5,2024-12-19,Hyderabad
CUST001108,RM0072,4.1,08-20-2025,Kolkata
CUST001108,RM0072,1.9,2023-08-10,Pune
CUST001109,RM0078,2.7,2024-06-18,Chennai
CUST001110,RM0181,4.4,,Mumbai
CUST001111,RM0110,3.9,2023-05-16,Jaipur
CUST001112,,5.0,2024-12-22,Ahmedabad
CUST001113,RM0141,4.6,2024-06-29,Lucknow
CUST001114,RM0205,3.0,,Chennai
CUST001115,RM0184,4.7,2023-10-24,Delhi
CUST001116,RM0003,5.0,02-14-2023,Mumbai
CUST001117,RM0009,3.9,2023-08-19,Mumbai
CUST001118,RM0001,4.4,2025-08-25,Bangalore
CUST001119,RM0250,4.8,,Pune
CUST001120,RM0006,3.8,31/08/2024,Mumbai
CUST001121,RM0149,1.9,12-10-2023,Kolkata
CUST001121,RM0149,4.6,2024-02-24,Chennai
CUST001122,RM0147,4.8,05/03/2023,Delhi
CUST001123,RM0085,5.0,05-31-2023,Jaipur
CUST001124,RM0024,2.9,21/10/2023,Delhi
CUST001125,RM0162,2.9,2024-05-12,
CUST001126,RM0094,3.3,2025-04-04,Chennai
CUST001127,,3.8,02-14-2024,Chennai
CUST001128,RM0059,4.5,05-02-2024,Hyderabad
CUST001129,,2.9,2026-07-30,Bangalore
CUST001129,,4.9,2024-07-10,Hyderabad
CUST001129,,4.9,06-30-2023,Lucknow
CUST001129,,4.9,2024-07-19,Jaipur
CUST001130,,3.7,04-07-2024,Hyderabad
CUST001130,,1.8,2025-07-11,Hyderabad
CUST001130,,5.0,2026-01-09,Kolkata
CUST001130,,3.4,,Bangalore
CUST001131,,4.7,06-09-2026,Bangalore
CUST001132,RM0001,4.1,,Bangalore
CUST001132,RM0001,5.0,26/08/2025,Mumbai
CUST001132,RM0001,3.9,31/10/2024,Bangalore
CUST001133,RM0113,4.1,2025-01-07,Bangalore
CUST001133,RM0113,4.2,,Pune
CUST001133,RM0113,4.4,11-22-2025,Ahmedabad
CUST001133,RM0113,2.8,2024-07-05,Bangalore
CUST001134,RM0094,5.0,18/06/2024,
CUST001135,RM0191,3.9,2025-08-27,
CUST001135,RM0191,4.6,2026-03-06,Jaipur
CUST001135,RM0191,5.0,12-20-2024,Kolkata
CUST001135,RM0191,4.0,,Hyderabad
CUST001135,RM0191,3.0,05-26-2023,Mumbai
CUST001136,,3.0,07-10-2026,Kolkata
CUST001137,,3.6,2023-04-20,Delhi
CUST001138,,4.3,16/06/2023,Hyderabad
CUST001139,,4.4,2024-08-10,Chennai
CUST001140,RM0088,5.0,2023-12-24,Chennai
CUST001141,RM0186,2.5,2026-06-08,Hyderabad
CUST001142,RM0097,4.2,2023-11-06,Lucknow
CUST001143,,4.6,2024-12-16,Bangalore
CUST001143,,4.6,2024-10-20,Chennai
CUST001143,,1.6,2026-01-06,Delhi
CUST001143,,3.6,,Mumbai
CUST001143,,4.8,07-28-2025,Jaipur
CUST001144,RM0197,3.2,2025-09-03,Chennai
CUST001145,RM0211,2.8,2026-05-31,
CUST001145,RM0211,4.6,2023-07-18,Ahmedabad
CUST001145,RM0211,4.3,2025-12-19,Hyderabad
CUST001145,RM0211,4.2,2024-09-27,Jaipur
CUST001145,RM0211,3.4,2023-07-05,
CUST001146,RM0207,2.7,2025-04-09,Hyderabad
CUST001146,RM0207,4.9,2024-08-05,Bangalore
CUST001146,RM0207,5.0,2025-01-03,Mumbai
CUST001147,RM0235,2.4,2026-04-20,
CUST001148,RM0248,5.0,08/02/2025,
CUST001148,RM0248,3.8,03/05/2023,Bangalore
CUST001148,RM0248,4.3,2026-01-26,Delhi
CUST001148,RM0248,3.9,2023-05-11,Mumbai
CUST001148,RM0248,5.0,07-01-2025,Bangalore
CUST001149,RM0193,3.2,2024-01-29,Jaipur
CUST001150,RM0188,3.4,2025-03-26,Bangalore
CUST001151,RM0188,4.1,2023-08-09,Delhi
CUST001152,RM0245,4.6,07/09/2025,Delhi
CUST001153,,5.0,2024-04-26,Bangalore
CUST001154,RM0170,4.5,2023-11-23,Kolkata
CUST001155,RM0120,4.2,2023-07-15,Hyderabad
CUST001156,RM0246,3.6,2023-02-21,Chennai
CUST001157,RM0028,4.5,2023-08-06,Bangalore
CUST001157,RM0028,3.3,2026-02-18,Jaipur
CUST001158,RM0068,4.2,2023-10-28,Chennai
CUST001159,RM0103,3.8,2023-10-20,Kolkata
CUST001160,RM0123,3.0,04/11/2024,Pune
CUST001161,,5.0,2023-03-04,
CUST001162,RM0138,3.0,11-20-2023,Delhi
CUST001163,RM0196,3.6,2023-02-09,Lucknow
CUST001164,RM0145,2.4,2024-08-27,
CUST001165,,3.8,2024-02-23,Lucknow
CUST001166,RM0186,4.4,2023-10-09,Ahmedabad
CUST001167,,3.1,2023-12-14,Delhi
CUST001168,RM0226,2.2,2025-12-24,Ahmedabad
CUST001169,RM0127,3.6,2024-03-15,Delhi
CUST001170,RM0070,3.8,2023-03-14,Jaipur
CUST001171,RM0099,3.8,2023-10-28,Ahmedabad
CUST001172,RM0056,5.0,2025-09-04,Pune
CUST001173,,4.3,2024-08-17,
CUST001174,RM0010,4.3,09/11/2023,Ahmedabad
CUST001175,RM0184,4.3,06-24-2025,Chennai
CUST001176,RM0221,4.3,08/07/2023,Mumbai
CUST001177,RM0116,3.6,07-19-2024,Bangalore
CUST001178,RM0121,3.1,25/09/2025,
CUST001179,RM0159,5.0,2024-12-26,Chennai
CUST001179,RM0159,3.9,2025-04-26,Lucknow
CUST001179,RM0159,4.0,03-07-2026,Bangalore
CUST001179,RM0159,4.0,2024-01-04,Pune
CUST001180,RM0181,3.2,2023-09-01,Ahmedabad
CUST001181,RM0036,4.2,2026-01-01,Lucknow
CUST001181,RM0036,2.7,2023-08-06,Pune
CUST001181,RM0036,4.7,2023-04-06,Lucknow
CUST001182,,3.7,2024-11-11,Pune
CUST001183,RM0001,5.0,2026-02-15,Chennai
CUST001184,RM0065,4.5,2025-05-23,Mumbai
CUST001185,RM0094,4.4,2023-08-07,Chennai
CUST001186,RM0184,3.2,2025-03-01,Jaipur
CUST001186,,4.1,18/09/2024,Jaipur
CUST001186,RM0184,4.8,2024-03-04,Jaipur
CUST001186,RM0184,4.1,,Lucknow
CUST001186,RM0184,2.6,2026-05-11,Kolkata
CUST001187,RM0043,5.0,2024-06-26,Delhi
CUST001188,RM0234,4.8,,Delhi
CUST001189,RM0250,2.5,2024-02-11,Ahmedabad
CUST001190,RM0075,4.1,08/06/2025,Ahmedabad
CUST001191,RM0203,4.8,2024-03-31,Chennai
CUST001192,RM0030,3.4,,Mumbai
CUST001193,RM0217,2.7,2024-10-28,Mumbai
CUST001194,,2.9,11-04-2025,Kolkata
CUST001195,RM0069,3.9,10/01/2023,Hyderabad
CUST001195,RM0069,4.9,2026-05-03,Bangalore
CUST001196,RM0058,2.9,26/01/2025,Hyderabad
CUST001197,RM0212,2.9,2024-10-18,Ahmedabad
CUST001198,,3.7,2024-10-29,Bangalore
CUST001199,RM0222,4.7,08-21-2024,Chennai
CUST001200,RM0078,5.0,12-09-2025,Lucknow
CUST001201,,4.1,2023-11-03,Hyderabad
CUST001201,,3.3,14/01/2024,Hyderabad
CUST001201,,3.2,2026-05-19,Lucknow
CUST001202,RM0151,5.0,2025-01-24,Delhi
CUST001203,RM0172,2.7,2025-08-29,Ahmedabad
CUST001204,RM0035,4.2,2025-08-28,Chennai
CUST001205,RM0152,5.0,2026-01-14,Chennai
CUST001206,RM0042,3.8,20/02/2023,Mumbai
CUST001207,RM0007,2.9,2024-06-19,Kolkata
CUST001207,RM0007,4.5,2024-07-05,Hyderabad
CUST001207,RM0007,4.1,13/06/2023,Lucknow
CUST001207,RM0007,4.5,2023-02-12,Hyderabad
CUST001207,RM0007,4.6,2025-04-13,Hyderabad
CUST001208,RM0037,4.5,2025-05-01,Chennai
CUST001209,RM0148,4.3,2023-10-29,Ahmedabad
CUST001210,RM0172,4.7,2023-03-21,Bangalore
CUST001211,RM0155,5.0,2024-09-27,Pune
CUST001211,RM0155,3.2,2024-05-19,Hyderabad
CUST001211,RM0155,3.7,2024-03-26,Mumbai
CUST001211,RM0155,4.8,11/08/2025,Ahmedabad
CUST001211,RM0155,3.9,13/01/2025,Bangalore
CUST001212,RM0020,2.7,08-04-2026,Lucknow
CUST001213,RM0065,4.3,2026-01-09,Ahmedabad
CUST001214,RM0024,3.5,2024-08-06,Hyderabad
CUST001215,RM0168,5.0,2023-06-06,Lucknow
CUST001216,RM0092,5.0,03-18-2023,Hyderabad
CUST001217,RM0241,5.0,2026-06-27,
CUST001217,RM0241,4.0,2023-03-22,Kolkata
CUST001217,RM0241,4.3,2025-02-20,Kolkata
CUST001217,RM0241,3.7,2023-02-01,Bangalore
CUST001218,RM0135,3.2,,Hyderabad
CUST001219,RM0197,3.1,06-25-2024,Hyderabad
CUST001220,RM0222,5.0,2026-04-08,
CUST001220,RM0222,4.4,2023-04-19,Hyderabad
CUST001220,RM0222,2.7,2024-01-06,Lucknow
CUST001221,,5.0,2026-04-19,Mumbai
CUST001222,RM0009,5.0,2025-10-12,Ahmedabad
CUST001223,RM0016,2.5,2026-03-28,Delhi
CUST001224,RM0149,4.6,,Mumbai
CUST001225,RM0013,2.9,2025-12-06,Lucknow
CUST001226,RM0247,5.0,2025-08-11,Hyderabad
CUST001227,RM0007,1.9,19/07/2025,Chennai
CUST001228,RM0109,4.1,20/02/2026,Kolkata
CUST001229,RM0173,4.4,2025-01-06,Lucknow
CUST001229,RM0173,2.6,2023-06-10,Mumbai
CUST001229,RM0173,4.4,2023-11-06,Jaipur
CUST001229,RM0173,3.5,2025-08-23,Mumbai
CUST001230,RM0153,5.0,2025-07-25,Lucknow
CUST001231,RM0019,2.6,21/07/2023,Kolkata
CUST001232,,4.9,2023-07-03,Ahmedabad
CUST001233,RM0167,3.9,2023-03-14,Kolkata
CUST001234,RM0079,5.0,28/07/2024,Mumbai
CUST001235,RM0003,5.0,13/02/2023,Mumbai
CUST001236,RM0037,3.7,23/04/2024,Lucknow
CUST001237,RM0119,4.0,2026-02-03,Chennai
CUST001238,RM0182,4.9,2023-04-23,Mumbai
CUST001239,RM0130,4.5,2024-10-17,Hyderabad
CUST001240,RM0165,3.9,2024-12-11,Delhi
CUST001241,RM0150,3.2,2023-02-02,Jaipur
CUST001242,RM0145,4.4,2023-05-07,Delhi
CUST001243,RM0070,2.9,2024-03-23,Lucknow
CUST001243,RM0070,4.6,2026-07-31,Lucknow
CUST001243,RM0070,5.0,2023-07-18,Chennai
CUST001243,RM0070,3.2,11/04/2025,Chennai
CUST001244,RM0227,3.6,2024-12-30,Mumbai
CUST001244,RM0227,3.4,2023-06-29,Chennai
CUST001244,RM0227,5.0,24/04/2026,Lucknow
CUST001244,RM0227,4.1,01-02-2025,Hyderabad
CUST001244,RM0227,3.6,2025-04-06,
CUST001245,RM0099,4.6,2024-09-20,Jaipur
CUST001246,,3.5,2024-09-19,Mumbai
CUST001246,,3.8,2024-11-26,Kolkata
CUST001246,,2.9,2023-03-17,Ahmedabad
CUST001247,RM0130,4.8,2023-07-22,Ahmedabad
CUST001248,,2.9,2026-06-15,Mumbai
CUST001249,RM0069,5.0,2023-08-16,Chennai
CUST001250,RM0199,4.2,2025-07-10,
CUST001251,RM0046,3.8,2024-04-04,Kolkata
CUST001252,RM0123,4.0,2023-12-09,
CUST001253,RM0175,5.0,2024-01-09,Mumbai
CUST001254,RM0112,2.7,2023-06-01,Bangalore
CUST001255,RM0127,2.7,2025-12-23,Pune
CUST001256,RM0054,5.0,30/03/2025,Jaipur
CUST001256,RM0054,3.1,04-13-2025,Chennai
CUST001256,RM0054,3.3,2025-11-02,Hyderabad
CUST001256,RM0054,3.6,2025-02-23,Bangalore
CUST001257,RM0117,5.0,2025-05-10,Kolkata
CUST001257,RM0117,4.8,11/05/2023,Pune
CUST001258,RM0088,3.9,08-21-2024,Kolkata
CUST001259,,4.4,2026-01-23,Bangalore
CUST001260,RM0199,10.0,02/11/2025,Hyderabad
CUST001261,RM0121,4.4,,Chennai
CUST001261,RM0121,3.0,26/12/2025,Bangalore
CUST001261,RM0121,3.1,11-19-2023,Pune
CUST001261,RM0121,2.0,2026-02-24,Kolkata
CUST001262,RM0162,0.0,2024-12-21,Pune
CUST001263,RM0004,10.0,29/04/2026,Kolkata
CUST001264,RM0179,5.0,2024-02-18,Chennai
CUST001265,RM0021,3.3,2025-09-08,Lucknow
CUST001266,RM0017,4.0,04/01/2025,Kolkata
CUST001267,RM0078,4.5,2025-12-04,Jaipur
CUST001268,RM0160,3.0,02-20-2024,Jaipur
CUST001269,RM0183,3.2,2025-11-27,Chennai
CUST001270,RM0027,3.1,2025-01-01,Hyderabad
CUST001271,RM0146,1.1,,Kolkata
CUST001272,RM0082,3.9,2023-01-07,Kolkata
CUST001273,RM0250,5.0,27/02/2025,Kolkata
CUST001274,,3.5,06/02/2026,Delhi
CUST001275,RM0207,3.5,,Hyderabad
CUST001275,RM0207,3.6,2024-08-17,Bangalore
CUST001276,RM0158,4.3,2026-07-25,
CUST001277,,4.9,2026-06-29,Chennai
CUST001278,RM0182,-1.0,2023-04-21,Bangalore
CUST001279,RM0212,3.2,,Bangalore
CUST001280,RM0212,4.5,2025-03-11,Ahmedabad
CUST001281,RM0179,3.9,10/08/2024,Pune
CUST001282,RM0150,4.3,30/06/2023,
CUST001283,,4.5,2024-10-25,
CUST001284,RM0035,3.0,2024-10-22,Lucknow
CUST001285,RM0197,3.5,2024-11-15,Hyderabad
CUST001286,RM0201,4.5,2024-11-07,Lucknow
CUST001287,RM0213,3.9,05-31-2026,Kolkata
CUST001288,RM0192,4.8,01/03/2024,Kolkata
CUST001289,RM0081,3.8,2024-06-18,Ahmedabad
CUST001290,RM0250,5.0,,Delhi
CUST001291,RM0125,2.0,07-10-2024,
CUST001292,RM0033,-1.0,2023-07-11,Delhi
CUST001293,RM0105,4.3,2023-04-06,Chennai
CUST001293,RM0105,2.7,2025-12-03,Jaipur
CUST001293,RM0105,5.0,11-21-2024,Jaipur
CUST001293,RM0105,3.9,2025-05-13,Lucknow
CUST001294,RM0036,3.7,,Chennai
CUST001295,RM0235,3.2,12-29-2024,Mumbai
CUST001296,RM0170,4.7,09-24-2024,Ahmedabad
CUST001297,RM0001,4.6,,Mumbai
CUST001298,RM0180,3.7,20/03/2025,Kolkata
CUST001298,RM0180,4.7,2023-03-08,Ahmedabad
CUST001298,RM0180,4.2,2024-11-03,Kolkata
CUST001298,RM0180,4.1,2026-05-04,Kolkata
CUST001298,RM0180,4.8,27/04/2023,Mumbai
CUST001299,RM0193,5.0,2024-02-05,Lucknow
CUST001299,RM0193,4.3,08/03/2026,Kolkata
CUST001299,RM0193,4.3,30/01/2024,Hyderabad
CUST001299,RM0193,4.9,04-08-2024,Jaipur
CUST001299,RM0193,3.0,2024-09-23,Kolkata
CUST001300,RM0077,3.8,2024-03-22,Pune
CUST001301,RM0136,10.0,2025-12-03,Hyderabad
CUST001302,RM0001,3.6,2023-05-12,Ahmedabad
CUST001303,RM0166,4.3,2026-04-09,Ahmedabad
CUST001303,RM0166,4.2,2024-09-04,
CUST001303,RM0166,5.0,2024-09-18,Kolkata
CUST001303,RM0166,5.0,09-03-2023,Ahmedabad
CUST001303,RM0166,2.5,08-02-2023,Mumbai
CUST001304,RM0049,4.4,2025-08-26,Hyderabad
CUST001305,RM0157,4.7,26/08/2025,Mumbai
CUST001306,RM0164,4.1,09/07/2024,Bangalore
CUST001307,RM0050,6.0,03-29-2026,Ahmedabad
CUST001308,,3.5,2023-09-06,Hyderabad
CUST001309,RM0222,5.0,2023-07-11,Delhi
CUST001310,RM0031,4.3,2025-12-03,Lucknow
CUST001311,RM0223,3.0,2023-10-01,Mumbai
CUST001312,RM0118,5.0,16/03/2025,Chennai
CUST001312,RM0118,4.5,2026-05-22,Chennai
CUST001312,RM0118,3.4,05-24-2024,Pune
CUST001313,RM0145,3.2,20/01/2025,Mumbai
CUST001314,RM0141,3.2,2026-03-30,Pune
CUST001315,RM0175,5.0,2025-05-09,Jaipur
CUST001316,,4.6,2024-10-28,Jaipur
CUST001317,RM0170,5.0,2026-06-11,Ahmedabad
CUST001318,RM0153,4.2,2023-10-16,Bangalore
CUST001318,RM0153,6.0,,Jaipur
CUST001318,RM0153,3.3,02-14-2023,Ahmedabad
CUST001318,RM0153,3.2,2024-10-19,Ahmedabad
CUST001319,RM0173,5.0,2026-07-16,Lucknow
CUST001320,,4.4,2024-03-03,Jaipur
CUST001321,RM0104,3.7,2024-07-19,Ahmedabad
CUST001321,RM0104,4.0,2025-06-11,Kolkata
CUST001322,RM0187,-1.0,2025-10-18,Kolkata
CUST001322,RM0187,5.0,2025-10-18,Jaipur
CUST001322,,4.6,2025-10-29,Jaipur
CUST001322,RM0187,3.9,2024-06-11,Lucknow
CUST001322,RM0187,4.0,2023-05-15,Delhi
CUST001323,RM0175,3.4,2024-06-20,Kolkata
CUST001324,RM0189,4.0,09-07-2023,Lucknow
CUST001324,RM0189,3.7,2025-06-13,Jaipur
CUST001324,RM0189,3.9,2023-07-29,
CUST001324,RM0189,3.5,06-04-2023,Bangalore
CUST001324,RM0189,2.7,26/03/2026,Mumbai
CUST001325,RM0145,5.0,,Chennai
CUST001326,,4.6,21/03/2023,Ahmedabad
CUST001327,RM0015,3.7,2024-12-06,Jaipur
CUST001327,RM0015,3.7,,Delhi
CUST001327,RM0015,2.6,27/05/2024,Bangalore
CUST001327,RM0015,5.0,21/03/2025,Pune
CUST001327,RM0015,5.0,2023-01-30,Kolkata
CUST001328,,3.9,2025-05-12,Kolkata
CUST001329,,4.3,03-10-2023,Delhi
CUST001330,RM0061,3.0,2026-02-04,Pune
CUST001331,RM0125,4.1,2024-08-06,Ahmedabad
CUST001332,RM0072,3.3,2025-06-25,Pune
CUST001333,RM0074,3.3,2023-04-25,Chennai
CUST001334,RM0081,3.7,,Pune
CUST001335,RM0242,3.6,2026-03-14,Delhi
CUST001335,RM0242,3.9,24/07/2026,
CUST001335,RM0242,6.0,06-14-2026,Bangalore
CUST001335,RM0242,5.0,2024-12-11,Delhi
CUST001335,RM0242,1.9,2026-07-05,Ahmedabad
CUST001336,RM0197,3.5,2025-10-06,Delhi
CUST001336,RM0197,,2025-01-15,
CUST001337,RM0196,4.6,2024-03-04,Pune
CUST001338,,4.2,2024-06-29,Delhi
CUST001339,RM0108,3.2,2024-04-06,Delhi
CUST001340,RM0179,5.0,2026-05-02,Jaipur
CUST001341,RM0187,5.0,2025-08-26,Ahmedabad
CUST001342,RM0214,4.0,2024-08-04,Hyderabad
CUST001343,RM0231,3.0,2024-08-31,Hyderabad
CUST001344,,3.7,2024-11-04,Jaipur
CUST001344,,2.9,,Kolkata
CUST001344,,4.4,2023-09-06,Chennai
CUST001344,,4.6,2024-07-28,Ahmedabad
CUST001345,,5.0,2025-02-14,Jaipur
CUST001346,RM0198,4.4,2024-05-11,Hyderabad
CUST001347,RM0158,4.2,06-23-2023,Jaipur
CUST001348,RM0047,3.0,2024-07-22,Mumbai
CUST001349,RM0161,2.8,2026-05-29,Chennai
CUST001350,RM0111,2.0,2025-01-14,Jaipur
CUST001351,RM0028,4.1,2023-03-10,Pune
CUST001352,RM0215,4.9,2024-07-12,Ahmedabad
CUST001353,RM0134,5.0,2024-10-25,Lucknow
CUST001353,RM0134,4.8,2023-01-27,Hyderabad
CUST001353,RM0134,3.6,2024-03-20,Chennai
CUST001353,RM0134,5.0,01-21-2025,Chennai
CUST001353,RM0134,3.1,2023-09-04,Kolkata
CUST001354,RM0221,3.0,2025-02-25,Hyderabad
CUST001355,,4.8,2026-02-24,Kolkata
CUST001356,RM0163,5.0,05/06/2023,Bangalore
CUST001357,RM0145,5.0,2026-04-16,Pune
CUST001358,RM0239,5.0,2023-11-05,Bangalore
CUST001358,RM0239,4.7,2024-05-01,Bangalore
CUST001359,RM0227,4.8,2023-04-22,Bangalore
CUST001359,RM0227,3.7,13/03/2025,Ahmedabad
CUST001359,RM0227,3.2,2024-07-06,Mumbai
CUST001359,RM0227,4.3,2025-09-19,Hyderabad
CUST001360,RM0032,2.3,2024-08-14,Ahmedabad
CUST001361,,3.7,2024-02-10,Mumbai
CUST001362,RM0169,3.5,30/04/2026,Jaipur
CUST001363,,4.6,2024-11-22,Jaipur
CUST001364,RM0165,4.2,25/12/2025,Ahmedabad
CUST001365,,5.0,2025-05-19,Lucknow
CUST001365,,4.8,22/05/2026,Hyderabad
CUST001365,,3.4,09-15-2023,Mumbai
CUST001366,RM0211,4.7,11-01-2025,Mumbai
CUST001366,RM0211,2.3,2023-06-17,Bangalore
CUST001366,RM0211,4.7,04-03-2026,Kolkata
CUST001366,RM0211,3.3,2025-02-25,Mumbai
CUST001367,,3.4,2023-01-18,Hyderabad
CUST001368,RM0178,5.0,05-18-2023,Bangalore
CUST001369,RM0065,4.4,2026-04-09,Mumbai
CUST001369,RM0065,3.8,2025-12-30,Chennai
CUST001369,RM0065,5.0,2024-04-17,Kolkata
CUST001369,RM0065,,2025-06-23,Jaipur
CUST001369,RM0065,5.0,2025-03-22,Kolkata
CUST001370,RM0017,3.0,2025-03-24,Ahmedabad
CUST001371,RM0232,3.3,2025-03-29,Bangalore
CUST001371,RM0232,4.8,2024-04-11,Kolkata
CUST001372,RM0243,4.3,15/01/2023,Ahmedabad
CUST001372,RM0243,2.1,2026-06-12,Mumbai
CUST001372,RM0243,5.0,2023-08-06,Pune
CUST001373,RM0098,3.5,2024-12-03,Kolkata
CUST001374,RM0092,3.0,2023-01-16,Kolkata
CUST001375,RM0005,4.0,2024-03-13,Chennai
CUST001376,RM0188,4.9,28/08/2025,Bangalore
CUST001377,RM0228,5.0,2025-12-22,Jaipur
CUST001378,RM0031,4.1,,Ahmedabad
CUST001379,RM0110,5.0,2023-08-14,Chennai
CUST001380,RM0091,5.0,2025-03-07,Jaipur
CUST001381,,4.4,01-20-2025,Bangalore
CUST001382,RM0126,3.9,2023-03-23,Mumbai
CUST001383,RM0109,0.0,2024-05-25,Jaipur
CUST001384,RM0175,3.7,2023-05-14,Hyderabad
CUST001385,RM0124,3.8,2023-02-18,Pune
CUST001385,RM0124,5.0,,Kolkata
CUST001385,RM0124,4.3,14/03/2023,Bangalore
CUST001386,RM0229,4.9,02-04-2023,
CUST001387,RM0029,4.7,2023-04-16,
CUST001388,RM0129,4.6,2025-03-24,Kolkata
CUST001389,RM0105,5.0,04-17-2026,Hyderabad
CUST001390,RM0027,4.8,2024-08-27,Kolkata
CUST001390,RM0027,4.5,2024-07-29,Jaipur
CUST001390,RM0027,5.0,2023-07-25,Hyderabad
CUST001391,RM0223,2.7,2025-04-30,Hyderabad
CUST001392,RM0218,4.3,,Delhi
CUST001393,RM0030,3.5,2023-11-10,Mumbai
CUST001394,RM0024,4.9,2024-08-19,Lucknow
CUST001395,RM0003,2.4,,Jaipur
CUST001395,,4.2,2023-12-17,Chennai
CUST001396,,4.5,2023-03-17,Chennai
CUST001397,RM0085,5.0,2025-08-26,Jaipur
CUST001398,RM0046,3.6,28/03/2024,Jaipur
CUST001399,RM0160,5.0,2023-01-03,Ahmedabad
CUST001400,RM0106,3.4,2024-05-24,
CUST001401,RM0028,2.9,2023-07-10,Chennai
CUST001402,RM0146,4.6,26/12/2025,Pune
CUST001403,RM0103,3.9,2025-10-19,Ahmedabad
CUST001404,,5.0,02/09/2024,Delhi
CUST001405,RM0207,2.4,2025-12-27,Pune
CUST001406,RM0070,4.0,2026-07-07,Chennai
CUST001406,RM0070,4.8,10-29-2024,Delhi
CUST001407,RM0233,3.3,2023-01-16,
CUST001408,RM0193,2.6,,Ahmedabad
CUST001408,RM0193,5.0,2025-08-19,Kolkata
CUST001408,RM0193,3.2,,Kolkata
CUST001408,RM0193,5.0,2026-02-17,Jaipur
CUST001408,,3.1,2023-10-31,Mumbai
CUST001409,RM0041,3.7,2026-05-14,Lucknow
CUST001410,RM0168,4.8,2024-06-08,Kolkata
CUST001410,RM0168,4.4,2026-02-15,Jaipur
CUST001410,RM0168,3.1,2025-09-24,Ahmedabad
CUST001410,RM0168,4.5,2025-04-21,Lucknow
CUST001411,RM0243,1.8,2025-06-13,Hyderabad
CUST001412,RM0158,2.8,2024-06-19,Lucknow
CUST001413,RM0147,5.0,11/09/2024,Pune
CUST001414,,3.8,03-24-2024,Lucknow
CUST001415,RM0036,4.7,2026-01-03,Jaipur
CUST001416,RM0187,4.7,2025-06-19,Kolkata
CUST001417,RM0237,3.7,10-09-2025,Chennai
CUST001418,RM0064,4.1,2024-03-19,Lucknow
CUST001419,RM0194,2.8,05-05-2023,Delhi
CUST001419,RM0194,4.1,04-24-2023,Delhi
CUST001419,RM0194,3.5,2025-01-24,Pune
CUST001420,RM0162,5.0,11-29-2023,Bangalore
CUST001421,RM0190,3.3,2025-12-18,Bangalore
CUST001422,,4.5,2024-05-19,Lucknow
CUST001423,,3.7,2024-08-31,Pune
CUST001423,,4.8,2023-03-14,Jaipur
CUST001424,RM0064,2.6,2026-02-01,Bangalore
CUST001424,RM0064,3.9,11-04-2024,Pune
CUST001425,RM0090,4.6,07-31-2026,Lucknow
CUST001426,RM0058,4.2,2024-06-09,Mumbai
CUST001427,RM0174,4.5,29/12/2024,Kolkata
CUST001428,,3.2,2026-01-13,Kolkata
CUST001429,RM0208,3.7,2024-01-20,Lucknow
CUST001430,RM0215,4.0,2026-06-23,Chennai
CUST001431,RM0086,4.8,10-07-2025,Bangalore
CUST001432,RM0085,5.0,2023-02-28,Mumbai
CUST001433,,2.1,01-18-2024,
CUST001434,RM0092,3.7,17/01/2026,Delhi
CUST001435,RM0237,3.3,,Hyderabad
CUST001436,RM0082,3.2,2024-12-30,Delhi
CUST001437,RM0083,4.3,,Ahmedabad
CUST001438,RM0195,4.0,01-17-2026,Mumbai
CUST001439,RM0085,2.9,2023-04-13,Pune
CUST001440,RM0226,2.8,01-05-2025,Ahmedabad
CUST001441,RM0159,10.0,,Hyderabad
CUST001442,RM0043,4.5,2026-04-12,
CUST001443,,2.9,2023-06-30,Mumbai
CUST001444,RM0175,3.3,2023-08-04,Bangalore
CUST001445,RM0136,4.9,09-13-2023,Jaipur
CUST001446,RM0075,4.2,2023-09-13,
CUST001447,RM0148,5.0,,Lucknow
CUST001447,RM0148,3.9,2025-09-09,Pune
CUST001447,RM0148,5.0,02-18-2024,Pune
CUST001447,RM0148,3.8,2024-08-24,Lucknow
CUST001447,RM0148,5.0,2023-09-19,Lucknow
CUST001448,,3.2,04-29-2023,Ahmedabad
CUST001449,RM0029,3.3,2023-03-29,Lucknow
CUST001450,RM0177,5.0,2023-10-05,Ahmedabad
CUST001451,,3.3,2026-06-29,Kolkata
CUST001452,RM0170,3.8,2025-05-26,Chennai
CUST001453,RM0146,3.3,2023-01-13,Bangalore
CUST001454,RM0185,10.0,2026-07-26,Jaipur
CUST001455,RM0100,5.0,02/07/2025,Bangalore
CUST001456,RM0053,2.8,2025-01-27,Pune
CUST001457,RM0133,5.0,2023-01-06,Mumbai
CUST001458,RM0091,4.2,,Ahmedabad
CUST001458,RM0091,4.2,2023-04-13,Jaipur
CUST001458,RM0091,3.9,2026-05-19,Hyderabad
CUST001458,RM0091,5.0,2025-02-10,
CUST001459,RM0193,3.8,07-06-2025,Hyderabad
CUST001460,RM0164,3.3,02-06-2025,Kolkata
CUST001461,RM0033,4.5,2024-02-21,Mumbai
CUST001462,RM0030,3.9,17/12/2023,Mumbai
CUST001463,RM0099,5.0,09-09-2024,Jaipur
CUST001464,,4.9,08-26-2025,Lucknow
CUST001464,,4.3,2023-12-27,Bangalore
CUST001464,RM0213,5.0,2023-07-22,Pune
CUST001465,RM0069,2.5,19/04/2025,Delhi
CUST001466,RM0054,4.6,2024-03-26,Bangalore
CUST001467,RM0088,4.1,02-15-2026,Kolkata
CUST001468,RM0034,3.8,2024-01-04,Hyderabad
CUST001469,RM0144,3.7,2025-01-29,Delhi
CUST001470,,5.0,2023-09-28,Chennai
CUST001471,,2.1,2025-11-19,Lucknow
CUST001472,,10.0,2025-01-03,Kolkata
CUST001473,RM0204,4.5,2024-11-17,Kolkata
CUST001474,RM0039,2.6,05-11-2024,Hyderabad
CUST001475,,3.8,2025-08-11,Bangalore
CUST001476,RM0154,3.9,2025-03-31,Hyderabad
CUST001476,RM0154,5.0,2025-10-05,Jaipur
CUST001476,RM0154,3.5,2025-06-30,Ahmedabad
CUST001476,RM0154,4.1,2026-02-23,Jaipur
CUST001477,RM0004,2.8,07-29-2023,Pune
CUST001478,RM0118,4.5,11-20-2023,Jaipur
CUST001479,RM0126,2.7,20/05/2024,Hyderabad
CUST001480,RM0020,2.2,2025-02-24,Ahmedabad
CUST001481,RM0127,2.5,2023-07-08,Hyderabad
CUST001481,RM0127,3.7,2025-12-31,Lucknow
CUST001481,RM0127,3.8,2024-08-15,Mumbai
CUST001482,RM0189,6.0,2024-12-03,Jaipur
CUST001483,RM0128,5.0,2023-12-03,Kolkata
CUST001483,RM0128,5.0,2024-12-05,Mumbai
CUST001484,RM0089,5.0,2024-01-30,Jaipur
CUST001485,RM0109,5.0,04-20-2023,Hyderabad
CUST001486,RM0250,5.0,,Kolkata
CUST001487,RM0242,4.5,2025-08-20,Bangalore
CUST001488,RM0049,4.5,24/01/2026,Kolkata
CUST001489,RM0160,5.0,2023-06-16,Hyderabad
CUST001490,RM0187,2.9,2024-07-04,Ahmedabad
CUST001491,RM0076,4.9,2024-01-13,Pune
CUST001491,RM0076,4.0,2023-05-25,Bangalore
CUST001491,RM0076,5.0,2025-07-03,Ahmedabad
CUST001491,,5.0,10-08-2024,Mumbai
CUST001491,RM0076,3.8,2024-09-06,Kolkata
CUST001492,RM0191,2.8,2025-07-19,Pune
CUST001493,RM0235,5.0,01/04/2026,Jaipur
CUST001494,,3.5,2023-01-15,Chennai
CUST001495,RM0093,4.1,2025-02-13,Mumbai
CUST001496,RM0109,2.9,2024-06-26,Jaipur
CUST001497,RM0133,3.6,2025-10-26,Bangalore
CUST001498,RM0028,5.0,2025-10-19,Mumbai
CUST001498,RM0028,4.4,2024-11-30,Lucknow
CUST001498,RM0028,3.2,07/07/2026,
CUST001499,RM0200,2.1,06/08/2025,Hyderabad
CUST001500,RM0160,4.7,2026-05-24,Jaipur
CUST001501,,3.6,2026-01-15,Delhi
CUST001502,,4.2,2023-05-02,Pune
CUST001502,,3.9,2023-04-02,Lucknow
CUST001502,,3.6,2023-11-25,Jaipur
CUST001503,RM0001,4.6,10-30-2024,Lucknow
CUST001504,RM0214,3.1,18/10/2025,Kolkata
CUST001504,RM0214,0.0,2023-06-19,Chennai
CUST001505,,4.1,2025-11-14,Chennai
CUST001506,RM0175,4.4,2025-01-09,Bangalore
CUST001506,RM0175,5.0,2023-10-07,Jaipur
CUST001506,RM0175,4.1,26/09/2024,Ahmedabad
CUST001506,RM0175,2.8,2026-05-30,Chennai
CUST001507,,4.7,2026-06-18,Chennai
CUST001508,RM0184,3.1,2026-08-01,Ahmedabad
CUST001508,RM0184,3.3,04-27-2024,Mumbai
CUST001508,,3.5,24/12/2025,Hyderabad
CUST001509,RM0082,3.8,2024-10-19,Delhi
CUST001510,,5.0,2025-05-12,Jaipur
CUST001511,,4.7,2024-01-02,Pune
CUST001512,RM0058,2.9,2025-06-26,Bangalore
CUST001512,RM0058,5.0,03-07-2026,Chennai
CUST001512,RM0058,5.0,2024-03-03,Lucknow
CUST001513,RM0105,4.4,2026-01-07,Lucknow
CUST001513,RM0105,1.7,2023-06-22,Kolkata
CUST001513,RM0105,3.2,02-06-2023,Kolkata
CUST001513,RM0105,4.0,2026-06-19,Delhi
CUST001514,RM0242,5.0,2025-06-20,Bangalore
CUST001514,RM0242,5.0,2023-02-27,Pune
CUST001514,RM0242,3.0,,Hyderabad
CUST001514,RM0242,2.3,2025-08-13,Kolkata
CUST001514,RM0242,3.8,2023-06-07,Bangalore
CUST001515,,4.1,2025-11-13,Jaipur
CUST001516,RM0198,2.8,2026-06-29,Ahmedabad
CUST001517,RM0157,3.1,14/06/2023,Lucknow
CUST001518,RM0147,5.0,2026-05-12,Mumbai
CUST001519,,3.6,2024-05-23,Hyderabad
CUST001520,RM0010,3.7,2025-04-05,Mumbai
CUST001521,RM0080,5.0,2023-01-13,Pune
CUST001521,RM0080,3.7,2025-09-27,Chennai
CUST001521,RM0080,3.0,01-03-2023,Chennai
CUST001521,RM0080,3.3,2024-04-08,Ahmedabad
CUST001522,RM0002,4.3,2023-05-27,
CUST001523,,3.5,14/10/2024,Jaipur
CUST001524,RM0196,3.9,09-07-2024,Chennai
CUST001524,,4.0,10-08-2025,Bangalore
CUST001525,,5.0,2024-11-29,Bangalore
CUST001526,RM0194,4.7,2023-08-20,Mumbai
CUST001527,RM0139,3.0,07-29-2023,Mumbai
CUST001527,,3.8,,Jaipur
CUST001527,RM0139,4.8,2023-07-11,
CUST001527,RM0139,5.0,2024-09-23,Delhi
CUST001527,RM0139,6.0,2025-05-27,Ahmedabad
CUST001528,RM0031,2.4,2023-03-17,Jaipur
CUST001529,RM0171,2.6,2024-07-25,Mumbai
CUST001530,RM0021,4.5,11/01/2023,Mumbai
CUST001531,,3.4,03/07/2025,Kolkata
CUST001532,RM0218,3.2,2026-01-12,Bangalore
CUST001532,RM0218,4.2,2025-11-17,Hyderabad
CUST001533,RM0067,4.8,2024-05-13,
CUST001534,RM0204,3.8,2024-07-15,Ahmedabad
CUST001535,,2.1,2025-07-24,Jaipur
CUST001536,,3.5,2025-04-14,Ahmedabad
CUST001537,,2.8,2024-06-26,Pune
CUST001538,RM0201,6.0,2025-03-20,Mumbai
CUST001538,RM0201,4.6,03/11/2023,Mumbai
CUST001538,RM0201,5.0,2023-06-25,Ahmedabad
CUST001538,RM0201,4.3,2023-02-04,Lucknow
CUST001539,RM0014,4.4,2024-11-02,Pune
CUST001540,,4.8,2024-10-17,Kolkata
CUST001541,RM0173,5.0,07-23-2024,Hyderabad
CUST001542,RM0236,3.4,,Lucknow
CUST001543,RM0200,3.9,07/07/2023,Ahmedabad
CUST001543,RM0200,,2026-06-29,Lucknow
CUST001543,RM0200,4.9,2025-01-03,Ahmedabad
CUST001544,RM0063,3.1,2025-05-29,Bangalore
CUST001544,RM0063,2.5,,Pune
CUST001544,RM0063,3.5,,Hyderabad
CUST001544,RM0063,5.0,25/07/2026,Chennai
CUST001545,RM0198,4.1,2026-05-04,Ahmedabad
CUST001546,RM0011,3.5,2025-09-11,Kolkata
CUST001547,,5.0,2023-04-05,Hyderabad
CUST001548,RM0213,4.6,04-21-2023,Hyderabad
CUST001549,RM0234,3.2,2023-11-08,Lucknow
CUST001549,RM0234,3.8,2023-04-23,Mumbai
CUST001550,RM0169,3.0,2023-02-18,Ahmedabad
CUST001551,RM0164,4.1,2024-07-19,Delhi
CUST001552,,4.6,2025-11-06,Ahmedabad
CUST001552,,1.5,2026-06-21,Bangalore
CUST001552,,3.0,2023-02-07,Lucknow
CUST001553,RM0203,5.0,24/02/2023,Bangalore
CUST001554,,3.7,09/08/2024,Ahmedabad
CUST001555,RM0134,5.0,26/05/2023,Chennai
CUST001556,RM0044,2.7,2025-12-14,Lucknow
CUST001557,,3.5,2024-09-19,Mumbai
CUST001558,RM0221,4.2,2023-11-24,Lucknow
CUST001559,RM0061,3.7,,Delhi
CUST001560,RM0113,5.0,01-31-2023,Kolkata
CUST001561,RM0098,3.9,2024-09-11,Kolkata
CUST001562,,4.7,2023-03-29,Bangalore
CUST001563,RM0149,2.9,2024-10-21,Lucknow
CUST001564,RM0171,4.3,,Mumbai
CUST001565,RM0221,3.7,12-02-2025,Lucknow
CUST001565,RM0221,3.0,2024-08-17,Ahmedabad
CUST001565,,4.5,,Mumbai
CUST001566,RM0004,5.0,08-23-2025,Kolkata
CUST001566,RM0004,3.4,02/05/2025,
CUST001567,RM0072,4.4,2024-08-14,Hyderabad
CUST001568,RM0061,3.8,,Chennai
CUST001569,,4.1,,Lucknow
CUST001570,RM0194,4.8,05-25-2025,Hyderabad
CUST001571,RM0026,5.0,2023-01-09,Delhi
CUST001571,RM0026,5.0,2023-03-10,Mumbai
CUST001572,RM0122,3.3,2023-10-05,Kolkata
CUST001573,,2.7,2024-01-20,Kolkata
CUST001574,RM0232,2.0,2025-02-22,Kolkata
CUST001575,,4.6,2023-06-29,Chennai
CUST001576,RM0030,3.5,2024-11-20,Delhi
CUST001577,RM0183,5.0,2026-02-05,Kolkata
CUST001578,RM0015,3.0,2026-02-27,Chennai
CUST001579,RM0023,4.4,2025-11-17,Bangalore
CUST001579,RM0023,2.2,2026-06-08,Ahmedabad
CUST001580,RM0131,4.5,05/03/2023,Mumbai
CUST001581,RM0216,,,Chennai
CUST001582,RM0078,4.4,2023-07-21,Chennai
CUST001583,RM0233,2.9,2024-07-29,Kolkata
CUST001584,RM0194,4.2,04/06/2025,Mumbai
CUST001585,RM0183,5.0,2026-01-26,Jaipur
CUST001586,RM0005,4.7,2025-04-12,Bangalore
CUST001586,RM0005,5.0,2026-07-15,Kolkata
CUST001586,RM0005,4.2,2025-12-20,Bangalore
CUST001586,RM0005,4.6,05-20-2023,Delhi
CUST001586,RM0005,3.5,03-29-2024,Lucknow
CUST001587,,4.2,09-14-2024,Pune
CUST001588,RM0083,3.0,2024-05-20,Delhi
CUST001589,RM0140,4.9,2025-03-17,
CUST001590,RM0036,3.2,09/08/2025,Chennai
CUST001590,RM0036,5.0,2025-05-02,Jaipur
CUST001591,RM0157,2.7,09-02-2023,Bangalore
CUST001592,RM0090,3.7,2025-09-18,Jaipur
CUST001593,RM0226,3.8,2026-01-07,Pune
CUST001594,RM0056,2.9,2024-04-17,Lucknow
CUST001595,RM0038,4.2,2026-03-24,Ahmedabad
CUST001596,RM0206,3.5,2024-02-13,Bangalore
CUST001596,RM0206,5.0,11-01-2023,Chennai
CUST001596,RM0206,3.2,2024-01-27,Pune
CUST001597,,4.4,2025-10-01,Pune
CUST001598,,3.9,2023-10-07,Delhi
CUST001599,RM0225,3.8,2025-06-03,Jaipur
CUST001600,RM0018,4.1,2025-06-06,Ahmedabad
CUST001600,RM0018,4.7,06-01-2026,Hyderabad
CUST001600,RM0018,2.1,2025-11-16,Lucknow
CUST001601,RM0105,4.0,28/01/2024,Ahmedabad
CUST001602,RM0078,3.2,2026-01-12,Chennai
CUST001602,RM0078,3.3,2024-07-15,Ahmedabad
CUST001603,RM0021,4.2,2025-03-06,Bangalore
CUST001604,RM0176,5.0,20/02/2025,Kolkata
CUST001605,RM0084,5.0,2025-09-03,Ahmedabad
CUST001605,RM0084,3.4,2023-06-17,Pune
CUST001605,RM0084,1.2,01-19-2024,Bangalore
CUST001605,RM0084,4.1,2023-05-31,Ahmedabad
CUST001606,RM0157,2.2,07/01/2026,Kolkata
CUST001607,RM0006,4.4,2025-07-19,Lucknow
CUST001608,,3.1,2023-05-11,Ahmedabad
CUST001609,RM0188,4.3,15/07/2023,Hyderabad
CUST001610,RM0053,3.1,2023-02-18,Bangalore
CUST001611,RM0217,2.8,2024-08-26,Chennai
CUST001612,RM0017,2.9,09/01/2026,Delhi
CUST001612,RM0017,4.4,,Hyderabad
CUST001612,RM0017,2.7,2023-02-06,Lucknow
CUST001612,RM0017,4.5,2023-04-29,Pune
CUST001612,RM0017,5.0,2025-04-20,Pune
CUST001613,RM0011,5.0,07-05-2026,Bangalore
CUST001614,,2.4,2024-03-17,Hyderabad
CUST001615,RM0122,2.7,2024-08-08,Jaipur
CUST001616,RM0111,4.5,2023-07-15,Bangalore
CUST001616,RM0111,2.9,2024-12-14,Lucknow
CUST001616,RM0111,4.6,2024-06-23,Mumbai
CUST001616,RM0111,0.0,04-07-2024,Ahmedabad
CUST001617,RM0047,2.3,21/01/2026,Jaipur
CUST001617,RM0047,3.9,08-07-2024,Delhi
CUST001617,RM0047,4.9,2025-12-06,Ahmedabad
CUST001618,RM0103,2.4,01-07-2026,Kolkata
CUST001618,RM0103,3.9,2024-04-19,Hyderabad
CUST001618,RM0103,3.9,2025-05-08,Hyderabad
CUST001618,RM0103,4.6,2025-07-06,Chennai
CUST001618,RM0103,3.3,02-18-2024,Mumbai
CUST001619,,2.6,2023-02-03,Ahmedabad
CUST001620,RM0009,,2024-03-09,Delhi
CUST001621,RM0220,1.5,10/08/2025,Lucknow
CUST001621,RM0220,5.0,2023-10-22,Hyderabad
CUST001621,RM0220,4.8,15/08/2024,Jaipur
CUST001622,RM0003,4.0,2026-06-11,Hyderabad
CUST001623,RM0224,3.9,2025-07-24,Bangalore
CUST001624,RM0045,4.4,2023-02-09,Chennai
CUST001625,RM0105,5.0,2023-03-16,Mumbai
CUST001626,RM0020,2.0,2023-05-10,Kolkata
CUST001627,RM0165,2.2,2026-01-20,Ahmedabad
CUST001628,RM0230,2.1,2025-08-16,Pune
CUST001629,RM0238,3.7,2024-02-19,Kolkata
CUST001630,RM0016,4.2,2023-12-26,Lucknow
CUST001631,RM0129,5.0,28/05/2025,
CUST001632,RM0132,1.1,12-23-2024,Chennai
CUST001633,RM0135,2.7,02-04-2025,Hyderabad
CUST001634,RM0216,4.1,2024-09-17,Ahmedabad
CUST001634,RM0216,4.3,01-20-2025,Hyderabad
CUST001634,RM0216,3.8,2026-06-26,Pune
CUST001634,RM0216,2.9,2023-09-04,Jaipur
CUST001635,RM0202,3.3,2024-06-10,Lucknow
CUST001636,RM0130,3.9,,Ahmedabad
CUST001637,RM0210,2.3,,Lucknow
CUST001638,RM0074,3.1,10-10-2025,Chennai
CUST001639,RM0152,2.6,02-08-2023,Kolkata
CUST001640,RM0061,4.5,2026-07-18,Hyderabad
CUST001641,RM0072,3.1,2026-02-24,Kolkata
CUST001642,RM0215,2.7,,Chennai
CUST001642,,3.5,11-21-2025,Delhi
CUST001642,RM0215,4.8,2024-03-28,Chennai
CUST001642,,4.0,2025-02-02,Bangalore
CUST001642,RM0215,5.0,01-20-2025,Bangalore
CUST001643,RM0090,4.9,2025-07-28,Delhi
CUST001644,RM0152,3.3,01-25-2025,Lucknow
CUST001645,RM0133,4.1,07-02-2026,Jaipur
CUST001646,RM0015,5.0,2025-06-20,Hyderabad
CUST001647,RM0179,3.5,2024-03-19,Jaipur
CUST001648,RM0003,4.2,2024-06-10,
CUST001649,,3.1,,Pune
CUST001650,RM0159,3.8,2023-07-27,Ahmedabad
CUST001651,,3.7,2023-08-13,Chennai
CUST001652,RM0085,4.6,2025-03-04,Hyderabad
CUST001653,RM0017,3.6,22/11/2024,Hyderabad
CUST001654,,4.2,2023-07-20,Delhi
CUST001655,RM0042,4.4,2024-04-21,Delhi
CUST001656,RM0220,3.2,2025-02-27,Chennai
CUST001657,RM0115,3.6,11/11/2025,Lucknow
CUST001657,RM0115,4.5,2023-10-10,Bangalore
CUST001657,RM0115,5.0,,Pune
CUST001658,RM0043,2.7,,Ahmedabad
CUST001659,RM0103,4.5,2023-05-16,Ahmedabad
CUST001660,,5.0,03-27-2023,Kolkata
CUST001661,,4.1,2024-01-08,Kolkata
CUST001661,,3.1,2023-05-18,Jaipur
CUST001661,,3.9,2025-11-14,Delhi
CUST001661,,3.0,2026-07-07,Ahmedabad
CUST001661,,3.5,2024-05-28,Lucknow
CUST001662,RM0240,4.4,04/01/2023,Delhi
CUST001663,RM0059,3.9,2024-01-21,Delhi
CUST001664,RM0120,4.2,05-16-2025,Chennai
CUST001665,RM0202,2.8,2024-04-30,Hyderabad
CUST001666,RM0168,3.4,2023-12-01,Jaipur
CUST001667,RM0220,,09-26-2023,Lucknow
CUST001668,RM0010,4.6,07/09/2023,Mumbai
CUST001669,RM0068,2.3,,Ahmedabad
CUST001670,RM0017,2.7,2026-02-23,Delhi
CUST001671,RM0231,3.7,2024-09-01,Lucknow
CUST001672,RM0072,3.5,2024-08-08,Chennai
CUST001673,RM0141,4.8,2026-01-26,Pune
CUST001674,,1.6,2024-06-18,Chennai
CUST001674,RM0155,3.9,2023-04-30,Delhi
CUST001674,RM0155,5.0,2024-05-07,Delhi
CUST001674,RM0155,4.3,,Jaipur
CUST001674,RM0155,2.5,2026-07-08,Lucknow
CUST001675,RM0155,5.0,08/07/2023,Jaipur
CUST001676,RM0085,3.5,2024-03-28,Hyderabad
CUST001677,RM0206,1.6,2025-04-04,Delhi
CUST001677,RM0206,4.8,24/03/2024,Bangalore
CUST001677,RM0206,3.2,,Jaipur
CUST001678,RM0211,5.0,2023-04-24,Lucknow
CUST001679,RM0043,10.0,2025-03-10,Bangalore
CUST001680,RM0155,4.7,2025-03-25,Ahmedabad
CUST001681,RM0081,5.0,2025-04-22,
CUST001682,RM0127,2.9,2023-09-12,Pune
CUST001683,RM0198,5.0,04/07/2026,Lucknow
CUST001684,RM0194,3.2,2024-03-16,Ahmedabad
CUST001685,,4.3,2023-12-30,Bangalore
CUST001686,,4.2,20/09/2025,Jaipur
CUST001686,,5.0,2024-07-18,Mumbai
CUST001686,,4.8,2024-11-30,Chennai
CUST001687,RM0144,3.5,2023-08-07,Mumbai
CUST001688,,5.0,10-26-2025,Chennai
CUST001689,RM0093,3.9,2024-09-18,Kolkata
CUST001690,RM0226,4.7,12-16-2023,Hyderabad
CUST001691,,4.3,2023-07-01,Delhi
CUST001692,RM0215,3.8,2026-04-05,Delhi
CUST001693,RM0018,2.7,03-25-2026,Bangalore
CUST001694,RM0036,4.2,2026-02-06,Lucknow
CUST001695,,3.3,2025-07-16,Kolkata
CUST001696,,2.8,2025-01-31,Hyderabad
CUST001696,,4.8,2025-06-03,Jaipur
CUST001696,,3.4,2025-04-01,Bangalore
CUST001696,,2.2,2023-10-08,Jaipur
CUST001697,RM0227,4.0,2023-05-25,Pune
CUST001698,RM0078,3.8,2023-06-24,Lucknow
CUST001699,RM0041,3.9,2023-01-07,Delhi
CUST001700,,3.9,2025-10-28,
CUST001701,RM0092,3.0,2024-12-16,Kolkata
CUST001702,RM0217,-1.0,2024-11-29,Ahmedabad
CUST001703,RM0240,3.6,17/12/2025,Chennai
CUST001703,RM0240,5.0,08/10/2025,Kolkata
CUST001703,RM0240,4.9,2024-03-20,Ahmedabad
CUST001704,,3.6,07/06/2024,Kolkata
CUST001705,RM0234,4.6,04-30-2025,Pune
CUST001706,RM0027,4.1,2025-11-13,Kolkata
CUST001707,RM0023,3.7,2025-10-20,Jaipur
CUST001708,RM0012,5.0,2024-10-27,Hyderabad
CUST001709,RM0073,-1.0,2025-01-08,Mumbai
CUST001709,,3.1,2023-07-06,Pune
CUST001710,RM0170,4.3,2023-07-17,Delhi
CUST001711,RM0020,2.3,2024-12-05,Bangalore
CUST001712,RM0165,4.4,20/09/2023,Chennai
CUST001713,RM0250,3.3,2025-02-16,Hyderabad
CUST001714,RM0046,3.6,12/02/2026,Pune
CUST001715,,3.7,08/03/2025,Lucknow
CUST001716,RM0225,1.8,05-03-2023,Mumbai
CUST001717,RM0087,2.4,06-07-2024,
CUST001717,RM0087,4.8,20/01/2025,Delhi
CUST001717,RM0087,4.1,2023-01-01,Bangalore
CUST001717,RM0087,5.0,2026-03-07,Jaipur
CUST001717,,2.6,,Lucknow
CUST001718,RM0229,4.9,2023-01-12,Kolkata
CUST001719,RM0007,4.5,17/01/2026,Jaipur
CUST001720,RM0126,5.0,2023-04-28,Jaipur
CUST001720,RM0126,3.9,13/12/2024,Lucknow
CUST001720,RM0126,4.1,16/05/2023,Jaipur
CUST001720,RM0126,3.1,2026-02-16,Lucknow
CUST001721,,3.7,09-05-2023,Kolkata
CUST001722,,3.5,2026-07-02,Pune
CUST001723,RM0076,2.7,2026-01-18,
CUST001724,,4.1,2025-12-06,Hyderabad
CUST001725,RM0001,4.9,02/02/2023,Lucknow
CUST001726,RM0026,5.0,07-28-2023,Hyderabad
CUST001727,RM0024,3.2,2024-12-15,Pune
CUST001727,RM0024,4.0,2024-05-22,Lucknow
CUST001727,RM0024,3.9,2023-08-06,Hyderabad
CUST001728,RM0228,5.0,2026-04-27,Kolkata
CUST001728,RM0228,5.0,2025-12-22,Chennai
CUST001728,RM0228,2.7,2026-05-04,Chennai
CUST001728,RM0228,4.5,2024-01-05,Jaipur
CUST001728,,4.5,05-30-2024,Bangalore
CUST001729,,3.8,2024-12-25,Hyderabad
CUST001730,RM0187,2.7,05-21-2024,Bangalore
CUST001731,RM0107,4.7,2026-05-27,Lucknow
CUST001732,RM0066,5.0,2026-04-18,Delhi
CUST001733,RM0213,3.5,2023-10-08,Jaipur
CUST001734,RM0170,5.0,05-22-2026,Jaipur
CUST001735,RM0238,4.0,2023-11-19,Mumbai
CUST001736,RM0088,5.0,2024-10-15,Ahmedabad
CUST001736,RM0088,5.0,2023-10-13,Jaipur
CUST001736,RM0088,4.0,2023-10-07,Chennai
CUST001736,RM0088,4.4,06-06-2024,Ahmedabad
CUST001736,RM0088,3.3,2023-11-27,Lucknow
CUST001737,RM0006,2.4,02-15-2023,Chennai
CUST001737,RM0006,4.3,2024-03-24,Chennai
CUST001737,RM0006,2.5,2023-06-27,Bangalore
CUST001738,RM0064,5.0,2023-01-14,Mumbai
CUST001739,,5.0,2026-01-25,Pune
CUST001740,,3.8,2023-07-15,Jaipur
CUST001741,RM0103,5.0,2024-11-07,Lucknow
CUST001742,,3.4,2025-04-12,Kolkata
CUST001742,,3.6,06-21-2026,Ahmedabad
CUST001742,,3.6,,Delhi
CUST001742,,3.9,2024-07-25,Pune
CUST001742,,3.7,2024-08-29,Ahmedabad
CUST001743,RM0003,4.5,2023-08-27,Pune
CUST001744,RM0137,3.0,23/02/2023,Hyderabad
CUST001745,RM0047,4.1,2025-02-04,Hyderabad
CUST001746,RM0194,3.5,2026-02-18,Ahmedabad
CUST001747,RM0222,4.1,03/04/2026,Chennai
CUST001748,,2.9,16/06/2026,Kolkata
CUST001749,RM0215,3.1,2024-12-04,Hyderabad
CUST001749,RM0215,5.0,2025-05-24,Bangalore
CUST001750,,3.1,2024-09-07,Pune
CUST001750,,4.5,13/06/2026,Lucknow
CUST001750,,3.5,24/03/2025,Chennai
CUST001751,RM0209,3.0,2023-12-04,Lucknow
CUST001751,RM0209,6.0,2025-04-24,Kolkata
CUST001751,RM0209,4.1,2025-04-11,Jaipur
CUST001751,RM0209,3.1,2025-05-13,Jaipur
CUST001752,RM0113,4.5,12-14-2023,Chennai
CUST001753,RM0205,3.9,2024-05-29,
CUST001754,RM0105,5.0,11-11-2023,Hyderabad
CUST001754,RM0105,2.7,2023-07-09,
CUST001754,RM0105,4.3,2026-02-03,Ahmedabad
CUST001754,,4.4,2025-06-06,Bangalore
CUST001754,RM0105,3.0,11-05-2023,Jaipur
CUST001755,RM0208,3.3,24/03/2026,Kolkata
CUST001756,RM0025,2.6,2025-02-27,Lucknow
CUST001757,,2.4,25/06/2026,Lucknow
CUST001758,,3.9,2024-05-15,Pune
CUST001759,,4.8,26/02/2023,
CUST001760,RM0085,3.9,08-11-2023,Chennai
CUST001761,RM0013,3.9,2023-09-02,Delhi
CUST001762,RM0131,2.7,09-15-2025,Delhi
CUST001763,RM0047,1.9,2023-02-25,Bangalore
CUST001764,RM0093,4.3,,Hyderabad
CUST001765,RM0055,3.3,2024-09-21,Pune
CUST001766,RM0249,2.2,2024-04-20,Kolkata
CUST001767,RM0177,3.5,2025-12-29,Jaipur
CUST001768,RM0224,4.2,2025-11-11,Mumbai
CUST001769,RM0157,4.4,2026-04-02,Delhi
CUST001770,RM0121,4.2,08-27-2024,Pune
CUST001771,RM0162,3.3,2024-11-11,Kolkata
CUST001772,RM0177,4.6,07-21-2025,Kolkata
CUST001772,RM0177,4.0,2023-01-09,Delhi
CUST001773,RM0143,3.1,2026-04-12,Kolkata
CUST001773,RM0143,2.9,2023-12-18,Pune
CUST001773,RM0143,4.2,2024-08-29,Mumbai
CUST001773,RM0143,4.9,2026-01-07,Jaipur
CUST001773,RM0143,4.6,2023-09-27,Lucknow
CUST001774,RM0124,4.2,2023-10-02,Ahmedabad
CUST001775,RM0028,4.6,09/02/2026,Ahmedabad
CUST001776,RM0211,5.0,2024-08-22,Delhi
CUST001777,RM0180,4.3,2025-03-28,Pune
CUST001778,RM0245,4.2,2024-10-15,Lucknow
CUST001779,,4.5,02/02/2024,Jaipur
CUST001779,,4.8,,Delhi
CUST001779,,2.7,01-31-2023,Ahmedabad
CUST001779,,4.2,2024-08-28,Jaipur
CUST001780,RM0243,5.0,2024-07-16,Lucknow
CUST001781,RM0227,5.0,2026-01-09,Hyderabad
CUST001782,RM0240,4.0,2024-05-08,Delhi
CUST001783,RM0003,3.5,2023-10-04,Chennai
CUST001784,RM0209,4.2,04-27-2025,Ahmedabad
CUST001785,RM0195,3.4,05-03-2024,Chennai
CUST001786,RM0118,5.0,12/03/2023,Kolkata
CUST001787,RM0167,4.5,06/01/2026,Mumbai
CUST001787,RM0167,3.9,2023-01-20,
CUST001787,RM0167,5.0,2024-03-26,Ahmedabad
CUST001787,RM0167,2.8,2024-12-14,Ahmedabad
CUST001787,RM0167,1.9,2025-10-12,Mumbai
CUST001788,RM0244,4.4,27/10/2025,
CUST001789,RM0093,5.0,01/04/2025,Jaipur
CUST001790,RM0098,3.9,05-28-2024,Lucknow
CUST001791,RM0187,3.3,30/10/2023,Hyderabad
CUST001792,RM0190,3.0,2025-04-24,Ahmedabad
CUST001793,RM0059,2.8,2023-07-03,Chennai
CUST001794,,4.7,2025-05-05,Pune
CUST001795,RM0025,4.8,01-07-2025,Lucknow
CUST001796,RM0082,4.9,2026-04-19,Kolkata
CUST001796,RM0082,4.0,2024-11-22,Ahmedabad
CUST001797,,2.8,2025-12-16,Pune
CUST001798,,3.3,2025-10-21,Kolkata
CUST001799,RM0100,4.6,2023-05-18,Pune
CUST001800,RM0227,3.0,16/02/2023,Ahmedabad
CUST001801,RM0198,3.9,2023-12-03,Jaipur
CUST001802,,3.0,2025-07-19,Bangalore
CUST001803,RM0037,3.3,2024-01-05,Ahmedabad
CUST001804,RM0180,2.8,2026-06-06,Hyderabad
CUST001805,RM0112,4.0,10-26-2024,Bangalore
CUST001806,,2.5,10-23-2023,Ahmedabad
CUST001807,RM0232,3.2,2026-04-03,Ahmedabad
CUST001807,RM0232,4.9,2024-05-09,Delhi
CUST001807,RM0232,5.0,09-30-2023,Pune
CUST001807,RM0232,4.7,2025-10-18,Delhi
CUST001807,RM0232,5.0,16/03/2023,Mumbai
CUST001808,RM0226,2.7,03/08/2023,Ahmedabad
CUST001809,RM0048,3.9,,Delhi
CUST001810,RM0065,4.1,,Delhi
CUST001811,RM0042,5.0,2023-10-05,Delhi
CUST001812,RM0099,3.8,22/05/2024,
CUST001813,RM0145,4.8,01-17-2025,Lucknow
CUST001814,RM0060,10.0,2025-01-20,Ahmedabad
CUST001815,RM0236,5.0,2025-01-25,Jaipur
CUST001816,RM0125,4.1,2024-09-06,Mumbai
CUST001817,RM0076,3.5,2024-02-06,Jaipur
CUST001818,RM0017,3.6,2025-02-05,Bangalore
CUST001819,RM0137,2.3,06/09/2024,Delhi
CUST001820,RM0036,3.5,12/05/2025,
CUST001820,RM0036,2.6,02/03/2024,Chennai
CUST001820,RM0036,4.8,2024-06-22,Mumbai
CUST001820,RM0036,0.0,03-29-2026,Pune
CUST001821,RM0180,2.4,2025-02-14,Mumbai
CUST001821,RM0180,4.4,2026-08-02,Lucknow
CUST001821,RM0180,5.0,2023-08-01,Pune
CUST001821,RM0180,4.7,2025-07-31,Mumbai
CUST001821,RM0180,3.5,,Lucknow
CUST001822,,4.8,10-26-2024,Chennai
CUST001823,,4.0,2024-04-21,Kolkata
CUST001824,,3.5,,Chennai
CUST001825,RM0177,10.0,26/01/2023,Pune
CUST001826,RM0044,3.6,28/05/2026,Mumbai
CUST001827,RM0025,4.4,17/07/2025,Bangalore
CUST001827,RM0025,2.4,2026-01-06,Chennai
CUST001827,RM0025,3.5,2023-06-02,Delhi
CUST001828,,4.4,09-01-2024,Mumbai
CUST001828,RM0103,3.5,2023-11-14,Lucknow
CUST001829,RM0168,2.7,2023-03-02,Kolkata
CUST001830,RM0091,3.1,28/03/2023,Delhi
CUST001831,RM0200,4.2,2025-05-18,Mumbai
CUST001832,RM0023,4.5,2024-03-13,Bangalore
CUST001833,RM0199,5.0,2025-12-16,Chennai
CUST001833,RM0199,4.8,2025-04-15,Bangalore
CUST001834,RM0163,4.8,2023-08-07,Pune
CUST001835,RM0015,2.1,2025-05-23,Lucknow
CUST001835,,4.8,13/07/2025,Hyderabad
CUST001835,,3.5,2023-04-18,Ahmedabad
CUST001835,RM0015,2.6,2023-11-29,Delhi
CUST001836,RM0213,4.6,2024-12-19,Hyderabad
CUST001837,RM0221,4.2,2025-02-12,Ahmedabad
CUST001838,RM0211,-1.0,2023-10-18,Delhi
CUST001839,RM0119,4.9,26/06/2023,Jaipur
CUST001839,RM0119,3.5,2024-05-22,Pune
CUST001839,RM0119,4.0,2025-07-26,Mumbai
CUST001840,RM0204,2.2,2023-05-31,Kolkata
CUST001841,RM0107,5.0,2023-04-08,Delhi
CUST001841,RM0107,2.7,2026-03-22,Bangalore
CUST001841,RM0107,3.2,03/09/2023,Bangalore
CUST001841,RM0107,3.0,,Pune
CUST001841,RM0107,4.2,03-13-2023,Lucknow
CUST001842,RM0126,3.2,07-14-2023,Jaipur
CUST001842,RM0126,5.0,12-14-2025,Lucknow
CUST001842,RM0126,4.3,2023-08-18,Bangalore
CUST001843,RM0042,2.5,2024-12-24,Lucknow
CUST001844,,4.8,03-08-2025,Ahmedabad
CUST001845,RM0230,4.9,2023-06-15,Mumbai
CUST001846,RM0186,3.3,2025-09-27,Mumbai
CUST001847,RM0096,2.9,2024-01-30,Chennai
CUST001848,RM0125,4.4,2025-03-29,Lucknow
CUST001849,RM0062,4.7,2025-04-25,Chennai
CUST001850,RM0128,3.0,2025-12-13,Mumbai
CUST001851,RM0002,4.9,2024-01-09,Hyderabad
CUST001852,RM0186,3.4,2023-05-09,Ahmedabad
CUST001853,RM0133,5.0,2025-10-15,Kolkata
CUST001854,RM0030,2.4,2024-05-23,Chennai
CUST001855,,3.3,2025-04-20,Lucknow
CUST001856,,3.8,10-18-2024,Pune
CUST001857,RM0071,3.0,2023-07-17,Jaipur
CUST001858,RM0014,4.0,02-21-2025,Pune
CUST001859,RM0057,3.7,2025-05-23,Jaipur
CUST001860,RM0091,3.8,2023-06-25,
CUST001861,RM0123,3.6,21/05/2023,Mumbai
CUST001862,RM0019,2.7,05-05-2024,Bangalore
CUST001862,RM0019,4.0,16/07/2025,Jaipur
CUST001862,RM0019,3.9,2024-05-18,Ahmedabad
CUST001862,RM0019,3.0,08/09/2025,Kolkata
CUST001862,RM0019,5.0,2024-05-08,Jaipur
CUST001863,RM0155,4.3,2023-02-09,Chennai
CUST001864,,4.7,2023-01-06,Lucknow
CUST001865,,3.2,10/03/2025,Delhi
CUST001866,RM0219,1.7,2023-09-11,Ahmedabad
CUST001867,RM0190,5.0,2026-07-25,Pune
CUST001867,RM0190,4.2,2025-12-22,Kolkata
CUST001867,RM0190,4.4,2024-09-19,Jaipur
CUST001867,RM0190,4.3,2023-02-04,
CUST001868,RM0204,4.4,2023-04-21,
CUST001869,,-1.0,2023-04-24,Jaipur
CUST001870,,2.9,,Kolkata
CUST001871,RM0235,3.0,2024-12-25,Lucknow
CUST001872,,3.0,2024-03-01,Jaipur
CUST001872,,4.6,2024-10-10,Jaipur
CUST001873,RM0022,2.8,29/03/2024,Ahmedabad
CUST001874,RM0176,2.5,08-12-2024,Mumbai
CUST001875,RM0082,3.4,2023-12-24,Jaipur
CUST001876,RM0101,3.7,2025-02-09,Pune
CUST001877,RM0220,4.0,2024-04-28,Hyderabad
CUST001878,RM0126,3.5,2025-06-12,Lucknow
CUST001879,RM0035,4.5,06-30-2025,Pune
CUST001879,RM0035,5.0,,Pune
CUST001880,RM0238,4.0,2026-05-12,Hyderabad
CUST001880,RM0238,5.0,2026-07-03,Jaipur
CUST001881,,4.5,2026-05-11,Bangalore
CUST001882,,3.0,2026-06-08,Jaipur
CUST001883,RM0037,3.2,2025-10-24,Mumbai
CUST001884,RM0248,3.1,06-17-2023,Kolkata
CUST001885,RM0233,3.8,01-10-2024,Delhi
CUST001886,RM0150,3.7,2025-11-09,Kolkata
CUST001887,RM0085,4.6,2025-08-17,Ahmedabad
CUST001888,RM0061,3.8,12-20-2024,Delhi
CUST001889,,4.2,01-25-2026,Mumbai
CUST001890,RM0138,2.8,2023-05-24,Pune
CUST001891,,4.2,2024-02-26,Ahmedabad
CUST001891,RM0034,3.5,04-11-2026,Jaipur
CUST001891,RM0034,3.4,2023-09-23,Delhi
CUST001891,RM0034,3.4,16/10/2024,Hyderabad
CUST001891,RM0034,5.0,2023-11-25,Kolkata
CUST001892,RM0064,2.8,01-15-2025,Lucknow
CUST001893,RM0096,4.7,13/08/2024,
CUST001894,RM0143,4.0,2025-02-03,Lucknow
CUST001894,RM0143,2.6,,Lucknow
CUST001894,RM0143,3.7,,Bangalore
CUST001894,RM0143,1.7,2024-09-05,Kolkata
CUST001894,RM0143,5.0,08-09-2023,Lucknow
CUST001895,RM0229,3.6,2026-05-08,Chennai
CUST001896,,5.0,2024-06-01,Jaipur
CUST001897,RM0070,5.0,2025-12-15,Delhi
CUST001897,RM0070,3.4,2026-07-01,Mumbai
CUST001897,RM0070,4.0,2026-02-26,Lucknow
CUST001897,RM0070,4.2,2025-02-21,Pune
CUST001898,RM0210,5.0,2025-11-18,Chennai
CUST001899,RM0224,3.8,2025-06-06,Ahmedabad
CUST001899,RM0224,3.9,2023-09-07,Mumbai
CUST001899,RM0224,2.6,12-04-2024,Bangalore
CUST001899,RM0224,3.1,12-28-2024,Kolkata
CUST001899,RM0224,3.5,2024-11-07,Delhi
CUST001900,RM0039,5.0,24/04/2024,Chennai
CUST001901,,5.0,27/12/2023,Ahmedabad
CUST001901,,4.5,2024-06-30,Jaipur
CUST001901,,4.4,2025-03-12,Lucknow
CUST001902,RM0178,4.7,2025-02-25,Jaipur
CUST001903,RM0207,3.3,2025-04-20,Hyderabad
CUST001904,RM0148,5.0,2026-05-16,
CUST001905,,2.6,2025-08-05,Kolkata
CUST001906,RM0211,3.5,2026-07-07,Delhi
CUST001907,RM0148,4.7,01-02-2023,Chennai
CUST001908,RM0208,3.5,,Chennai
CUST001909,RM0204,5.0,19/06/2026,Ahmedabad
CUST001910,RM0069,4.7,,Lucknow
CUST001911,RM0231,5.0,2025-04-05,Pune
CUST001911,RM0231,3.2,2025-07-17,Hyderabad
CUST001911,RM0231,5.0,2026-06-22,Mumbai
CUST001911,RM0231,-1.0,2025-12-26,Jaipur
CUST001911,RM0231,4.8,09-16-2023,Chennai
CUST001912,RM0212,5.0,03-11-2025,Kolkata
CUST001913,RM0219,1.8,02/12/2024,
CUST001914,RM0150,3.2,2025-09-17,
CUST001915,RM0200,4.3,2026-06-23,Jaipur
CUST001916,RM0147,4.4,2025-08-28,Pune
CUST001917,,4.0,2025-12-10,Kolkata
CUST001918,RM0009,2.5,2024-05-19,Hyderabad
CUST001919,RM0081,4.2,2023-01-05,Bangalore
CUST001920,RM0210,4.3,11-30-2023,Pune
CUST001921,,4.0,2025-06-04,Hyderabad
CUST001922,RM0115,4.0,2026-01-04,Lucknow
CUST001923,RM0222,4.9,,Hyderabad
CUST001924,RM0033,3.8,04-27-2023,Pune
CUST001924,RM0033,2.7,2025-11-12,Jaipur
CUST001925,RM0052,5.0,08/05/2025,Delhi
CUST001925,RM0052,5.0,,Kolkata
CUST001926,,4.0,2023-02-16,Chennai
CUST001927,RM0099,4.9,2023-05-08,Bangalore
CUST001928,RM0137,2.5,2024-03-31,Pune
CUST001929,RM0159,3.9,2024-06-03,Pune
CUST001929,RM0159,2.3,2026-07-27,Hyderabad
CUST001929,RM0159,5.0,2023-09-08,
CUST001929,RM0159,2.5,2023-12-15,Hyderabad
CUST001930,RM0071,3.6,2026-03-14,Lucknow
CUST001931,RM0036,4.2,2024-04-22,Mumbai
CUST001932,RM0058,4.8,2025-12-17,Jaipur
CUST001933,RM0197,4.5,2023-03-25,Kolkata
CUST001934,RM0222,5.0,2024-01-09,Pune
CUST001935,RM0090,4.8,2024-03-03,Mumbai
CUST001936,RM0009,5.0,2026-06-29,Kolkata
CUST001937,RM0221,2.2,2026-03-10,Jaipur
CUST001938,RM0137,3.5,2025-08-11,Mumbai
CUST001939,RM0206,4.5,2025-03-14,Chennai
CUST001940,RM0065,5.0,2025-12-24,Pune
CUST001941,RM0103,3.5,13/06/2026,Mumbai
CUST001942,RM0045,5.0,2024-10-20,Pune
CUST001943,RM0111,4.4,2023-04-18,Bangalore
CUST001944,RM0099,3.3,2025-09-22,Mumbai
CUST001945,RM0204,2.8,2024-08-13,Chennai
CUST001946,RM0148,4.7,2025-12-12,Bangalore
CUST001947,RM0198,3.4,2025-10-15,Hyderabad
CUST001948,,3.7,2026-02-10,Ahmedabad
CUST001949,RM0242,4.2,05-30-2025,Kolkata
CUST001950,,4.2,07/02/2025,Ahmedabad
CUST001951,RM0195,5.0,2026-01-11,Chennai
CUST001952,RM0210,4.4,20/04/2023,Pune
CUST001952,RM0210,3.4,2024-11-16,
CUST001952,RM0210,3.3,07/01/2023,Pune
CUST001953,RM0059,5.0,12-05-2025,Pune
CUST001953,RM0059,3.5,09-16-2023,Ahmedabad
CUST001953,RM0059,4.6,,Jaipur
CUST001953,RM0059,4.2,2024-10-20,Hyderabad
CUST001953,RM0059,4.4,,
CUST001954,RM0239,5.0,2023-02-10,Jaipur
CUST001955,RM0073,4.3,03-08-2025,Ahmedabad
CUST001956,RM0112,4.8,2025-03-08,Lucknow
CUST001957,RM0089,4.3,2024-06-25,Kolkata
CUST001958,RM0067,3.5,13/11/2023,Delhi
CUST001959,RM0224,4.5,05-07-2026,Mumbai
CUST001959,RM0224,3.3,2023-02-28,Mumbai
CUST001959,RM0224,2.8,08-21-2025,Delhi
CUST001960,RM0247,4.6,2025-07-31,Pune
CUST001961,,4.5,2023-05-31,
CUST001962,RM0147,4.4,2025-12-31,Bangalore
CUST001963,RM0189,4.0,08-03-2025,Delhi
CUST001964,RM0129,3.9,2025-01-25,Chennai
CUST001965,,2.9,2024-05-25,
CUST001965,RM0018,2.1,2025-12-25,Pune
CUST001965,RM0018,4.9,2025-08-29,Lucknow
CUST001965,RM0018,4.9,16/06/2025,Delhi
CUST001965,RM0018,3.7,07-29-2026,Mumbai
CUST001966,RM0103,5.0,2023-05-09,Ahmedabad
CUST001967,RM0157,4.5,2025-01-23,Jaipur
CUST001967,,4.3,2023-01-01,Bangalore
CUST001967,RM0157,5.0,2026-01-27,Delhi
CUST001967,RM0157,2.7,01-01-2025,Delhi
CUST001968,RM0132,4.0,2024-05-02,Jaipur
CUST001969,RM0240,3.1,2025-11-26,Kolkata
CUST001970,RM0030,3.6,2026-06-19,Kolkata
CUST001970,RM0030,3.9,2025-12-11,Lucknow
CUST001970,RM0030,4.0,2025-07-06,Bangalore
CUST001970,RM0030,2.9,2023-08-17,Delhi
CUST001971,RM0168,4.1,2023-06-23,Bangalore
CUST001972,RM0083,3.2,2025-06-19,Lucknow
CUST001973,RM0141,5.0,2024-05-01,Jaipur
CUST001974,,4.8,19/10/2024,Jaipur
CUST001975,RM0228,6.0,03/04/2024,Chennai
CUST001976,RM0059,4.3,14/09/2024,
CUST001976,RM0059,3.5,2025-11-08,Lucknow
CUST001976,RM0059,4.2,2023-04-23,Mumbai
CUST001977,RM0191,4.7,2023-01-13,Lucknow
CUST001978,RM0060,3.7,06-01-2025,Pune
CUST001979,RM0107,2.4,2024-01-04,Lucknow
CUST001980,RM0198,4.7,17/11/2025,Pune
CUST001981,RM0131,4.5,03-17-2025,Ahmedabad
CUST001982,RM0070,4.3,02-17-2025,Kolkata
CUST001983,RM0191,3.2,2026-07-05,Jaipur
CUST001984,RM0132,5.0,2024-07-30,Delhi
CUST001985,RM0173,5.0,01/04/2024,Jaipur
CUST001986,RM0219,4.3,28/01/2024,Jaipur
CUST001987,RM0092,3.6,2025-01-23,Hyderabad
CUST001988,RM0185,3.6,2025-10-19,Chennai
CUST001989,RM0062,3.6,,Lucknow
CUST001990,,3.6,2026-06-10,Mumbai
CUST001991,RM0074,3.6,2025-09-08,Bangalore
CUST001992,RM0126,4.3,2024-08-02,Kolkata
CUST001993,RM0090,4.9,2024-07-26,Kolkata
CUST001994,RM0053,5.0,15/01/2026,Delhi
CUST001995,,3.1,2023-01-03,Kolkata
CUST001996,RM0191,3.3,10-28-2024,Delhi
CUST001997,RM0050,4.8,2025-05-18,
CUST001998,RM0021,3.1,2023-09-12,Jaipur
CUST001999,RM0187,2.8,2024-08-25,Chennai
CUST002000,,3.1,2023-03-08,Mumbai
CUST002001,RM0185,3.8,10-05-2023,Jaipur
CUST002002,RM0226,5.0,2024-10-25,Pune
CUST002003,,3.9,2023-11-15,
CUST002004,,4.3,2024-12-27,Ahmedabad
CUST002005,RM0154,2.8,2023-06-29,Chennai
CUST002006,RM0026,5.0,2024-04-01,Hyderabad
CUST002007,RM0075,4.9,2023-11-28,Pune
CUST002008,,3.5,2024-11-26,Bangalore
CUST002009,RM0094,3.3,2023-06-18,Chennai
CUST002010,RM0169,6.0,2026-06-21,Lucknow
CUST002010,RM0169,5.0,2023-01-01,Jaipur
CUST002010,RM0169,3.8,2023-12-30,Delhi
CUST002011,,3.3,,Delhi
CUST002012,RM0145,3.6,2024-12-21,Mumbai
CUST002013,,4.2,2023-06-25,Pune
CUST002014,RM0012,4.7,2023-05-10,Delhi
CUST002015,RM0112,4.3,2024-06-19,Delhi
CUST002016,,4.3,2025-08-24,Bangalore
CUST002017,RM0083,3.8,2023-05-03,
CUST002018,RM0073,4.1,2026-05-01,
CUST002019,RM0153,3.6,2024-01-22,Pune
CUST002020,RM0199,3.7,2026-04-27,Pune
CUST002020,RM0199,5.0,2024-02-18,Mumbai
CUST002020,RM0199,4.0,2025-08-26,Chennai
CUST002020,RM0199,3.6,2023-06-12,Pune
CUST002021,RM0248,3.3,05/11/2025,Kolkata
CUST002022,,1.8,2023-10-05,Chennai
CUST002022,RM0249,5.0,2025-09-03,Kolkata
CUST002022,RM0249,5.0,2024-01-03,Kolkata
CUST002022,RM0249,0.0,2024-01-01,Delhi
CUST002023,RM0247,4.6,2024-08-25,Pune
CUST002024,RM0040,3.0,14/12/2024,
CUST002025,RM0233,5.0,,Delhi
CUST002026,RM0079,2.6,2025-02-02,Jaipur
CUST002027,RM0068,4.4,23/03/2023,Mumbai
CUST002028,RM0030,2.3,2023-03-04,Ahmedabad
CUST002029,RM0230,1.8,30/10/2024,Hyderabad
CUST002030,RM0056,4.2,09-16-2025,Mumbai
CUST002031,RM0050,4.4,2024-02-10,Hyderabad
CUST002032,RM0188,4.1,2024-05-17,Jaipur
CUST002033,RM0179,5.0,2025-02-05,Delhi
CUST002034,RM0065,4.0,2025-10-26,Kolkata
CUST002035,RM0124,4.8,2023-02-28,Mumbai
CUST002036,RM0048,3.2,2024-09-29,Hyderabad
CUST002037,RM0010,5.0,13/04/2026,Delhi
CUST002038,RM0104,5.0,2023-02-11,
CUST002039,RM0246,3.7,16/03/2025,Lucknow
CUST002040,RM0156,4.4,20/06/2024,Ahmedabad
CUST002041,RM0237,-1.0,11-19-2024,Pune
CUST002042,,3.3,2024-07-02,Mumbai
CUST002043,,3.8,2026-01-31,Pune
CUST002044,RM0220,4.7,2023-08-05,Kolkata
CUST002045,RM0194,4.5,2023-02-11,Bangalore
CUST002046,RM0143,2.3,2025-08-15,Bangalore
CUST002047,RM0185,2.9,02-09-2024,Lucknow
CUST002048,RM0179,3.4,,Ahmedabad
CUST002048,RM0179,4.2,2023-11-21,Jaipur
CUST002049,RM0062,3.1,2025-12-13,Chennai
CUST002050,RM0084,2.6,07-26-2026,Kolkata
CUST002051,RM0228,1.4,2025-11-21,Chennai
CUST002052,RM0100,-1.0,2023-07-15,Ahmedabad
CUST002052,RM0100,5.0,2025-12-29,Kolkata
CUST002052,RM0100,4.2,2025-07-16,Jaipur
CUST002052,RM0100,2.6,2024-02-23,Chennai
CUST002052,RM0100,5.0,2024-03-07,Bangalore
CUST002053,RM0173,5.0,29/04/2026,Pune
CUST002054,,4.2,2023-12-25,Bangalore
CUST002055,RM0185,4.6,04-08-2026,Hyderabad
CUST002056,,5.0,04/04/2026,Pune
CUST002056,,4.6,2024-03-05,Pune
CUST002056,,4.6,2025-06-16,Lucknow
CUST002056,,2.5,2023-10-05,Ahmedabad
CUST002056,,1.3,2026-02-10,Chennai
CUST002057,RM0127,4.9,03-17-2026,Kolkata
CUST002057,RM0127,3.8,2023-04-14,Ahmedabad
CUST002057,RM0127,3.5,2024-12-29,Jaipur
CUST002058,RM0079,-1.0,2024-08-14,Jaipur
CUST002059,RM0214,5.0,2023-02-11,Chennai
CUST002059,RM0214,3.0,2023-02-15,Lucknow
CUST002059,,4.0,07-24-2023,Jaipur
CUST002059,RM0214,4.1,14/04/2026,Ahmedabad
CUST002060,RM0222,4.7,2024-01-05,Lucknow
CUST002061,RM0164,4.3,2024-12-21,Pune
CUST002062,,4.3,2026-06-18,Hyderabad
CUST002062,,3.6,14/11/2023,Hyderabad
CUST002062,,10.0,2026-06-07,Hyderabad
CUST002062,,3.6,24/06/2024,Delhi
CUST002063,RM0119,4.3,19/09/2024,Pune
CUST002064,RM0065,3.5,2026-04-20,Lucknow
CUST002065,RM0129,3.2,22/01/2025,Jaipur
CUST002066,RM0098,5.0,30/06/2026,Chennai
CUST002067,RM0219,3.3,26/04/2026,Lucknow
CUST002068,RM0250,3.5,2023-05-26,Chennai
CUST002069,RM0114,5.0,01-22-2023,Kolkata
CUST002070,RM0109,3.3,2025-06-10,Mumbai
CUST002071,RM0195,4.3,2024-01-10,Pune
CUST002071,RM0195,4.4,12-28-2024,Kolkata
CUST002072,RM0051,3.9,2026-07-07,Jaipur
CUST002073,RM0183,3.6,2024-09-30,Chennai
CUST002074,RM0169,2.9,2023-12-02,Lucknow
CUST002074,RM0169,4.6,2025-01-20,Lucknow
CUST002074,RM0169,5.0,2024-02-14,Chennai
CUST002075,RM0108,5.0,2025-07-31,
CUST002076,RM0163,4.4,2025-08-05,
CUST002077,RM0163,2.0,2026-01-25,Lucknow
CUST002078,,4.8,2024-05-03,Jaipur
CUST002078,RM0216,,10/09/2023,Jaipur
CUST002079,RM0149,3.9,06/12/2023,Ahmedabad
CUST002080,RM0112,3.4,2023-09-14,Bangalore
CUST002080,RM0112,4.7,2026-06-14,Kolkata
CUST002081,RM0116,4.2,11/09/2024,Mumbai
CUST002082,RM0068,5.0,2024-06-16,Jaipur
CUST002083,RM0069,,,Lucknow
CUST002084,RM0031,4.3,2025-12-05,
CUST002085,RM0166,3.7,2026-07-06,Mumbai
CUST002086,RM0068,3.7,03-30-2023,Ahmedabad
CUST002087,RM0002,4.6,2026-01-09,Mumbai
CUST002087,RM0002,2.7,2023-11-16,Ahmedabad
CUST002087,RM0002,3.5,19/02/2024,Bangalore
CUST002087,RM0002,1.8,2023-04-29,Bangalore
CUST002088,RM0220,4.4,12-11-2023,Chennai
CUST002088,RM0220,4.6,,Hyderabad
CUST002088,RM0220,3.2,2025-03-18,Kolkata
CUST002088,RM0220,10.0,10-07-2024,Mumbai
CUST002088,RM0220,2.9,2025-08-29,Ahmedabad
CUST002089,RM0101,5.0,2024-02-19,Kolkata
CUST002090,,3.3,2025-05-09,Mumbai
CUST002090,,4.6,2026-01-24,Mumbai
CUST002090,,4.0,02/06/2026,Delhi
CUST002090,,3.5,2025-06-16,Pune
CUST002091,RM0051,4.6,2023-04-09,Chennai
CUST002092,RM0220,4.0,2025-08-29,Kolkata
CUST002093,RM0148,5.0,2023-03-30,Chennai
CUST002094,RM0175,3.3,2025-05-04,Kolkata
CUST002095,RM0189,2.7,2024-09-28,Bangalore
CUST002096,RM0143,4.0,2026-01-07,Delhi
CUST002097,RM0221,4.5,2026-05-04,Bangalore
CUST002098,RM0181,3.8,2023-06-05,Ahmedabad
CUST002099,RM0108,5.0,2023-07-06,Kolkata
CUST002099,RM0108,5.0,2026-08-04,
CUST002100,RM0169,3.5,02/05/2023,Hyderabad
CUST002101,RM0146,4.1,2024-11-08,
CUST002102,RM0030,2.2,2025-06-28,Lucknow
CUST002102,RM0030,5.0,2025-09-20,Ahmedabad
CUST002102,RM0030,3.3,2023-10-10,Kolkata
CUST002102,,4.2,06-15-2023,Jaipur
CUST002103,,3.7,2024-03-27,Hyderabad
CUST002104,RM0048,2.5,,Pune
CUST002105,,4.8,04-15-2026,Chennai
CUST002106,,2.9,2024-05-23,Kolkata
CUST002107,RM0235,3.5,2024-08-30,Mumbai
CUST002108,RM0096,4.9,2025-10-07,Hyderabad
CUST002109,RM0037,3.0,2023-08-30,Hyderabad
CUST002110,RM0161,5.0,,Kolkata
CUST002111,RM0007,3.0,12-11-2024,Kolkata
CUST002112,RM0232,2.8,11-10-2025,Mumbai
CUST002113,RM0052,4.0,11-13-2024,Kolkata
CUST002114,RM0199,5.0,2025-08-05,Jaipur
CUST002115,RM0227,4.0,2026-02-03,Jaipur
CUST002116,RM0088,5.0,2023-04-10,Kolkata
CUST002117,RM0248,2.7,2026-02-27,Kolkata
CUST002118,RM0012,3.6,27/01/2023,Mumbai
CUST002119,RM0242,3.7,2023-06-26,Jaipur
CUST002120,RM0227,2.7,2025-08-19,Pune
CUST002121,RM0052,2.4,2024-08-18,Lucknow
CUST002121,RM0052,3.8,,Pune
CUST002121,RM0052,5.0,05-22-2024,Pune
CUST002121,RM0052,4.2,2023-07-29,Mumbai
CUST002122,RM0004,3.3,2025-09-06,Bangalore
CUST002123,RM0163,2.0,15/05/2023,
CUST002123,RM0163,3.6,06/03/2024,Lucknow
CUST002123,RM0163,3.6,23/12/2024,
CUST002123,RM0163,4.4,27/06/2026,Hyderabad
CUST002124,,3.7,2026-05-04,Hyderabad
CUST002125,RM0248,4.6,2024-05-16,Hyderabad
CUST002126,,4.8,2024-08-22,Delhi
CUST002127,,3.9,,Pune
CUST002127,,3.9,2025-09-15,Mumbai
CUST002128,RM0203,4.0,12-09-2025,Pune
CUST002129,RM0146,2.3,2023-05-06,Chennai
CUST002130,,4.7,2023-05-24,Hyderabad
CUST002131,RM0026,5.0,2024-09-30,Chennai
CUST002131,RM0026,4.1,01/09/2024,Ahmedabad
CUST002131,RM0026,3.2,06/02/2024,Jaipur
CUST002131,RM0026,4.0,,Lucknow
CUST002132,RM0160,3.6,20/03/2026,Ahmedabad
CUST002133,,4.0,2024-11-27,Mumbai
CUST002134,RM0076,3.7,2024-04-03,Pune
CUST002135,RM0152,1.8,2023-08-08,Chennai
CUST002136,RM0179,4.1,2026-07-17,Pune
CUST002137,RM0037,5.0,2024-06-14,Mumbai
CUST002138,RM0135,2.7,2025-11-13,Hyderabad
CUST002139,RM0210,5.0,2023-05-26,Ahmedabad
CUST002140,RM0190,4.4,2025-01-18,Ahmedabad
CUST002141,RM0001,3.1,03-18-2023,Mumbai
CUST002142,RM0037,2.7,09-12-2024,Kolkata
CUST002143,RM0178,4.3,2025-10-20,Lucknow
CUST002144,RM0178,4.4,2023-02-01,Lucknow
CUST002145,RM0167,2.5,,Mumbai
CUST002146,RM0027,4.9,2024-11-18,Ahmedabad
CUST002147,RM0157,3.5,2024-08-13,Jaipur
CUST002148,RM0103,-1.0,2025-10-20,Pune
CUST002149,RM0022,4.5,2025-12-14,Ahmedabad
CUST002150,RM0212,4.7,2025-10-21,Ahmedabad
CUST002151,,4.9,2025-06-17,Pune
CUST002152,RM0242,3.0,,Delhi
CUST002153,RM0131,5.0,12-22-2023,Bangalore
CUST002154,RM0014,3.1,2025-10-16,Chennai
CUST002155,,4.9,04-10-2024,Delhi
CUST002155,,3.5,2023-04-02,Delhi
CUST002155,,4.1,2023-11-16,Ahmedabad
CUST002155,,3.9,2024-03-30,Chennai
CUST002155,,4.5,2023-09-15,Hyderabad
CUST002156,RM0245,5.0,03-08-2023,Ahmedabad
CUST002157,RM0024,3.4,2024-08-16,Hyderabad
CUST002157,RM0024,3.1,2026-04-23,Ahmedabad
CUST002157,RM0024,1.9,2023-11-25,Bangalore
CUST002158,RM0005,4.2,2024-08-01,Bangalore
CUST002159,RM0189,3.8,2025-02-25,Pune
CUST002159,RM0189,4.1,2024-02-23,Delhi
CUST002159,RM0189,3.9,03-18-2026,Kolkata
CUST002159,RM0189,4.8,2024-12-03,Bangalore
CUST002160,RM0042,6.0,17/11/2024,Jaipur
CUST002161,RM0214,3.5,2026-03-15,Chennai
CUST002162,RM0075,4.3,2024-04-23,Pune
CUST002163,,4.0,2024-04-03,Delhi
CUST002164,RM0136,3.0,2025-04-16,Bangalore
CUST002165,,3.3,2025-03-02,Mumbai
CUST002166,RM0157,4.9,11/03/2023,
CUST002167,RM0098,4.8,2025-01-20,Mumbai
CUST002168,RM0211,4.7,2025-04-17,
CUST002169,RM0149,3.8,12-29-2023,Chennai
CUST002170,RM0006,1.8,2023-01-27,Mumbai
CUST002171,RM0192,2.3,2024-09-19,Jaipur
CUST002172,RM0011,3.7,2025-03-24,Ahmedabad
CUST002173,RM0033,2.5,2026-04-20,Lucknow
CUST002173,RM0033,5.0,2023-07-07,Mumbai
CUST002173,RM0033,3.2,17/06/2024,Delhi
CUST002174,RM0248,3.7,2023-11-19,Mumbai
CUST002175,RM0185,5.0,2026-06-19,Jaipur
CUST002176,,5.0,2023-06-02,Kolkata
CUST002177,RM0083,4.3,2023-05-22,Bangalore
CUST002178,RM0027,4.2,2026-06-10,Delhi
CUST002179,RM0145,3.2,03/04/2025,Lucknow
CUST002179,RM0145,4.8,20/02/2026,Mumbai
CUST002179,RM0145,4.2,2025-05-18,Kolkata
CUST002179,RM0145,3.9,2025-11-22,Lucknow
CUST002180,RM0093,6.0,2025-09-19,Hyderabad
CUST002181,RM0046,4.6,12-12-2024,Mumbai
CUST002182,RM0180,4.7,27/02/2026,Bangalore
CUST002182,RM0180,3.0,2026-04-16,Chennai
CUST002183,RM0216,4.9,05-20-2024,Hyderabad
CUST002184,RM0078,3.9,2023-08-21,Hyderabad
CUST002185,RM0199,4.1,2023-04-08,Pune
CUST002186,RM0126,2.7,2023-04-16,Bangalore
CUST002186,RM0126,2.7,2024-05-30,Ahmedabad
CUST002186,RM0126,2.5,2023-04-03,Pune
CUST002187,,5.0,2025-08-10,Ahmedabad
CUST002188,,5.0,2025-03-08,Lucknow
CUST002189,RM0029,2.3,2026-01-13,Lucknow
CUST002190,RM0199,2.5,,Delhi
CUST002191,,3.5,2025-12-24,Bangalore
CUST002192,RM0060,5.0,2024-01-28,Kolkata
CUST002193,RM0051,4.6,06-29-2023,Pune
CUST002194,RM0200,5.0,2024-05-01,Mumbai
CUST002195,,3.7,10-15-2023,Jaipur
CUST002196,RM0030,3.3,2023-01-08,Kolkata
CUST002196,RM0030,4.1,2023-05-16,Jaipur
CUST002197,RM0210,3.8,2024-06-26,Lucknow
CUST002198,RM0209,4.0,2025-09-30,Kolkata
CUST002199,RM0107,4.1,13/01/2026,
CUST002200,RM0232,5.0,2026-01-12,Ahmedabad
CUST002201,RM0160,4.1,2023-10-20,Kolkata
CUST002202,,2.9,05/01/2023,Lucknow
CUST002203,RM0182,10.0,2023-04-08,Lucknow
CUST002204,RM0216,3.7,2023-07-02,Bangalore
CUST002205,,4.7,,Bangalore
CUST002206,,4.6,2023-09-21,Delhi
CUST002207,RM0115,4.5,2023-06-10,Jaipur
CUST002208,RM0004,2.3,2025-06-09,Jaipur
CUST002209,RM0228,2.4,2024-05-20,Hyderabad
CUST002210,RM0192,3.9,2024-06-29,
CUST002211,RM0212,4.4,,Ahmedabad
CUST002211,RM0212,3.2,10-23-2023,Pune
CUST002211,RM0212,5.0,2023-07-15,Hyderabad
CUST002212,RM0135,4.5,06/01/2023,Ahmedabad
CUST002213,RM0166,3.5,2026-05-26,Kolkata
CUST002214,,5.0,23/07/2025,Lucknow
CUST002215,RM0217,3.5,2023-06-20,Ahmedabad
CUST002216,,3.6,11-22-2023,Pune
CUST002217,RM0142,3.6,,Bangalore
CUST002218,RM0182,4.0,2024-09-07,Bangalore
CUST002218,RM0182,2.9,2023-09-14,Mumbai
CUST002219,RM0118,4.7,,Bangalore
CUST002220,RM0127,4.9,2025-09-12,Bangalore
CUST002220,RM0127,4.7,2024-06-23,Lucknow
CUST002220,RM0127,3.5,2025-09-01,Bangalore
CUST002220,RM0127,3.6,2023-11-27,Ahmedabad
CUST002221,RM0149,4.6,,Kolkata
CUST002222,RM0121,4.2,2024-08-28,
CUST002223,RM0154,3.2,10-07-2024,Ahmedabad
CUST002224,RM0205,2.0,2024-10-29,Hyderabad
CUST002225,RM0106,3.6,2025-06-22,Delhi
CUST002226,RM0228,4.5,07/11/2025,Bangalore
CUST002227,RM0216,4.5,14/03/2023,Bangalore
CUST002228,,2.5,2026-08-03,Jaipur
CUST002228,,4.8,2024-10-12,Kolkata
CUST002228,,5.0,2024-04-11,Delhi
CUST002228,,3.6,25/03/2023,Chennai
CUST002228,,3.8,2024-06-22,Chennai
CUST002229,RM0174,3.5,04/08/2025,Hyderabad
CUST002230,,3.6,06/05/2026,Hyderabad
CUST002231,RM0076,5.0,2025-12-02,Bangalore
CUST002232,RM0154,3.2,2026-02-22,Ahmedabad
CUST002232,RM0154,4.2,25/01/2025,Delhi
CUST002232,RM0154,3.7,2024-01-12,Ahmedabad
CUST002232,RM0154,4.2,2025-09-01,Kolkata
CUST002233,RM0198,3.7,11-08-2023,Bangalore
CUST002233,RM0198,4.8,2025-03-31,Bangalore
CUST002233,RM0198,5.0,2023-03-15,Chennai
CUST002233,RM0198,4.4,2025-06-24,Jaipur
CUST002233,RM0198,3.8,17/01/2023,Delhi
CUST002234,RM0233,4.8,2024-03-23,Ahmedabad
CUST002235,,3.3,2026-04-24,Kolkata
CUST002236,,4.4,2024-06-19,Mumbai
CUST002237,RM0167,3.5,11/10/2025,Pune
CUST002238,RM0214,4.2,2023-09-09,Kolkata
CUST002239,RM0022,3.0,2025-06-01,Chennai
CUST002240,RM0145,5.0,2026-02-04,Chennai
CUST002241,RM0105,2.7,2023-02-24,Ahmedabad
CUST002242,RM0159,3.9,2024-07-13,Hyderabad
CUST002243,RM0113,2.5,2026-07-24,Kolkata
CUST002244,RM0241,5.0,2024-05-06,Jaipur
CUST002245,RM0134,5.0,2025-12-05,Jaipur
CUST002246,RM0162,2.8,21/09/2024,Jaipur
CUST002247,RM0221,4.3,07-11-2024,Jaipur
CUST002248,RM0026,-1.0,2023-03-18,Jaipur
CUST002248,RM0026,3.7,07-02-2024,Lucknow
CUST002248,RM0026,4.5,06-18-2025,Jaipur
CUST002248,RM0026,5.0,2024-09-13,Bangalore
CUST002248,RM0026,4.4,2023-11-20,Jaipur
CUST002249,,3.2,06-04-2025,Kolkata
CUST002249,,3.3,2025-09-16,Pune
CUST002249,,3.6,13/04/2024,Hyderabad
CUST002249,,3.3,2025-12-15,Kolkata
CUST002249,,4.8,17/03/2025,Bangalore
CUST002250,RM0237,4.8,2023-08-25,Chennai
CUST002250,RM0237,5.0,2025-11-26,Lucknow
CUST002250,RM0237,3.6,02-01-2023,Lucknow
CUST002250,RM0237,5.0,2026-01-12,Delhi
CUST002250,RM0237,5.0,2025-09-27,Mumbai
CUST002251,RM0064,2.7,2024-05-04,Delhi
CUST002252,RM0093,3.5,2025-03-12,
CUST002253,RM0042,3.9,04-24-2024,Pune
CUST002254,RM0148,4.8,04/04/2025,Bangalore
CUST002255,,5.0,2024-03-15,Lucknow
CUST002256,RM0096,2.3,2026-04-06,Delhi
CUST002257,RM0217,3.3,2026-01-28,Kolkata
CUST002257,RM0217,5.0,01-29-2025,Kolkata
CUST002257,,3.1,2023-08-04,Lucknow
CUST002257,RM0217,4.8,13/01/2023,Kolkata
CUST002257,,4.6,2024-11-10,Lucknow
CUST002258,,4.8,2026-06-07,Lucknow
CUST002259,RM0004,4.8,20/04/2023,Delhi
CUST002260,RM0117,3.6,2024-11-30,Mumbai
CUST002261,RM0186,3.7,03-14-2026,Hyderabad
CUST002262,RM0167,3.7,12/03/2024,Mumbai
CUST002263,RM0221,4.2,2025-04-18,Jaipur
CUST002263,RM0221,1.9,12-21-2024,Mumbai
CUST002263,RM0221,4.5,2024-02-08,Chennai
CUST002263,RM0221,5.0,2024-03-04,Hyderabad
CUST002263,RM0221,4.2,2024-04-13,Ahmedabad
CUST002264,RM0230,3.9,2025-07-06,Hyderabad
CUST002265,RM0183,4.1,2024-07-03,Jaipur
CUST002266,RM0220,4.5,05/03/2023,Pune
CUST002267,RM0176,5.0,2023-10-11,Ahmedabad
CUST002268,RM0245,3.9,01-16-2026,Kolkata
CUST002269,RM0239,3.8,,Ahmedabad
CUST002269,RM0239,2.6,2024-09-29,Kolkata
CUST002269,RM0239,4.0,21/03/2024,Chennai
CUST002269,RM0239,2.8,2025-02-09,Pune
CUST002270,,3.5,2023-09-01,Jaipur
CUST002271,RM0045,4.9,2024-05-16,Hyderabad
CUST002272,RM0133,5.0,,Pune
CUST002273,RM0071,4.5,2025-09-15,Lucknow
CUST002273,RM0071,5.0,2025-01-29,Lucknow
CUST002273,RM0071,2.3,01-31-2025,Ahmedabad
CUST002274,RM0101,5.0,,Delhi
CUST002275,RM0088,3.2,2025-07-16,Jaipur
CUST002276,RM0192,4.3,2024-05-05,Jaipur
CUST002276,RM0192,3.3,,Chennai
CUST002276,RM0192,4.3,02-09-2026,Hyderabad
CUST002277,RM0048,4.0,2024-02-08,Mumbai
CUST002278,RM0116,5.0,12-17-2024,Chennai
CUST002279,RM0161,5.0,2023-12-02,Delhi
CUST002279,RM0161,4.9,04-21-2023,Kolkata
CUST002280,RM0025,3.9,2026-08-05,Bangalore
CUST002281,RM0213,5.0,2023-01-05,Mumbai
CUST002282,RM0110,2.3,04-21-2023,Jaipur
CUST002282,RM0110,3.4,16/08/2023,Bangalore
CUST002282,RM0110,3.8,,Bangalore
CUST002282,RM0110,3.7,2024-12-06,Chennai
CUST002283,RM0214,3.3,01-21-2025,Chennai
CUST002283,RM0214,4.7,2024-12-05,
CUST002283,RM0214,4.0,2023-04-09,Kolkata
CUST002284,,3.9,2023-11-13,Ahmedabad
CUST002285,RM0141,5.0,2025-05-22,Kolkata
CUST002286,RM0041,-1.0,08/01/2026,Jaipur
CUST002286,RM0041,3.6,09-22-2025,Hyderabad
CUST002287,,5.0,09-22-2023,Lucknow
CUST002287,,3.7,17/11/2023,Chennai
CUST002287,,3.7,26/03/2026,
CUST002287,,3.2,2025-01-03,Lucknow
CUST002288,RM0007,2.5,2023-05-12,
CUST002289,RM0048,3.3,07/03/2025,Delhi
CUST002290,RM0198,2.2,10/03/2025,Delhi
CUST002291,RM0145,4.3,18/08/2023,
CUST002291,RM0145,3.7,12-24-2024,Ahmedabad
CUST002292,RM0133,5.0,14/07/2024,Pune
CUST002293,RM0226,3.3,24/05/2026,Pune
CUST002294,RM0193,3.7,2023-08-25,Kolkata
CUST002295,RM0155,5.0,2024-04-13,Jaipur
CUST002296,RM0072,4.9,,Mumbai
CUST002296,RM0072,4.1,2026-03-12,Jaipur
CUST002296,RM0072,3.0,2025-08-17,Delhi
CUST002296,RM0072,4.6,04-14-2024,Ahmedabad
CUST002296,RM0072,3.7,,Mumbai
CUST002297,RM0134,3.5,05-02-2025,
CUST002298,RM0077,5.0,25/09/2025,
CUST002299,RM0129,5.0,2026-03-17,Delhi
CUST002300,,3.1,2024-02-04,Hyderabad
CUST002301,RM0172,5.0,18/11/2025,Mumbai
CUST002302,RM0113,3.9,2023-05-16,Jaipur
CUST002303,RM0106,4.8,2025-12-24,Lucknow
CUST002304,RM0106,5.0,03-09-2024,Pune
CUST002305,RM0081,3.8,04-18-2023,Lucknow
CUST002306,,4.3,2026-04-30,Mumbai
CUST002307,,4.7,2023-10-14,Hyderabad
CUST002308,RM0080,5.0,2026-07-06,Bangalore
CUST002309,RM0069,4.0,2023-03-07,
CUST002310,RM0140,4.8,2025-01-04,Jaipur
CUST002311,RM0072,3.2,2026-01-02,Jaipur
CUST002311,RM0072,2.5,2026-06-19,Bangalore
CUST002311,RM0072,3.3,2024-02-16,
CUST002311,RM0072,3.3,2024-11-21,Ahmedabad
CUST002311,RM0072,5.0,2024-09-07,Kolkata
CUST002312,RM0195,3.9,03/12/2025,Jaipur
CUST002313,RM0060,3.4,2025-07-05,Kolkata
CUST002314,RM0183,3.1,2026-01-22,Bangalore
CUST002314,RM0183,3.6,22/09/2024,Hyderabad
CUST002314,,4.9,03-13-2023,Chennai
CUST002314,RM0183,3.1,,Hyderabad
CUST002315,RM0099,-1.0,01-30-2025,Pune
CUST002316,RM0160,6.0,2026-01-20,Jaipur
CUST002317,RM0002,3.9,2023-09-10,Jaipur
CUST002318,RM0073,3.6,2025-12-08,Hyderabad
CUST002319,,4.4,12/04/2025,Mumbai
CUST002320,RM0073,5.0,2023-10-18,Ahmedabad
CUST002321,,3.3,02-12-2025,Pune
CUST002322,RM0203,4.3,2026-01-15,Lucknow
CUST002322,RM0203,4.0,2023-01-18,Bangalore
CUST002322,RM0203,3.5,2024-03-13,Lucknow
CUST002322,RM0203,4.1,2025-12-06,Ahmedabad
CUST002323,RM0087,5.0,10-13-2025,Hyderabad
CUST002324,RM0009,3.9,2025-12-13,Delhi
CUST002325,RM0005,3.9,03-13-2023,Pune
CUST002326,RM0126,3.6,2023-03-29,Lucknow
CUST002327,RM0126,4.4,2024-02-15,Mumbai
CUST002328,RM0091,3.0,05-10-2025,Lucknow
CUST002328,RM0091,4.1,2023-04-15,
CUST002329,RM0120,6.0,01-29-2023,Delhi
CUST002330,RM0037,4.4,2024-11-23,Jaipur
CUST002331,RM0122,3.2,2024-01-06,Hyderabad
CUST002332,RM0118,5.0,,Bangalore
CUST002333,,5.0,2024-04-17,Ahmedabad
CUST002334,RM0104,5.0,,Mumbai
CUST002335,RM0051,4.6,2024-01-13,Pune
CUST002336,RM0200,4.4,2024-12-11,Lucknow
CUST002337,RM0138,3.9,2025-06-11,Chennai
CUST002337,RM0138,4.1,2024-06-02,Jaipur
CUST002338,,4.9,06/01/2026,Delhi
CUST002339,,4.0,2024-09-10,Ahmedabad
CUST002339,,3.8,12-15-2024,Pune
CUST002339,,4.6,2023-09-15,Jaipur
CUST002340,RM0104,3.4,2023-04-25,Bangalore
CUST002340,RM0104,5.0,2024-10-29,Hyderabad
CUST002341,RM0100,4.0,2025-12-04,
CUST002341,RM0100,4.8,2024-01-23,Pune
CUST002341,RM0100,3.2,01-26-2024,Jaipur
CUST002342,,4.0,12-15-2023,Jaipur
CUST002342,RM0017,3.6,2024-05-10,Kolkata
CUST002342,RM0017,3.6,25/11/2024,Mumbai
CUST002343,RM0151,2.9,2026-07-24,Kolkata
CUST002344,,10.0,2025-12-01,Ahmedabad
CUST002345,RM0192,5.0,2023-10-15,Jaipur
CUST002346,RM0224,0.0,2026-03-22,Mumbai
CUST002347,,4.5,2024-05-29,Chennai
CUST002347,,2.6,2024-09-26,Hyderabad
CUST002347,,3.8,2024-06-29,Bangalore
CUST002347,,3.8,01-15-2024,Hyderabad
CUST002347,,4.4,2023-07-15,Mumbai
CUST002348,RM0215,3.9,2025-05-05,Lucknow
CUST002349,RM0001,5.0,2025-07-29,Delhi
CUST002350,RM0013,5.0,2025-12-01,Bangalore
CUST002351,RM0185,5.0,04/05/2026,Mumbai
CUST002351,RM0185,1.8,16/01/2024,
CUST002351,RM0185,5.0,2026-02-05,Ahmedabad
CUST002352,,4.8,16/03/2023,Hyderabad
CUST002352,RM0087,3.8,2024-07-28,Ahmedabad
CUST002352,RM0087,3.7,29/11/2023,Pune
CUST002352,RM0087,3.9,2025-07-04,Hyderabad
CUST002352,RM0087,4.2,2023-04-07,Jaipur
CUST002353,RM0032,3.5,02-28-2023,Bangalore
CUST002354,RM0171,2.4,2025-07-24,Hyderabad
CUST002355,,-1.0,2023-10-12,Delhi
CUST002356,RM0043,3.5,2025-11-08,Pune
CUST002357,RM0016,3.7,2026-01-16,Pune
CUST002358,,4.6,2026-02-14,Chennai
CUST002359,RM0151,2.8,,
CUST002360,RM0197,4.6,2026-06-29,Kolkata
CUST002361,,2.8,,Mumbai
CUST002361,,4.4,2024-06-27,Lucknow
CUST002361,,4.6,2024-03-26,Jaipur
CUST002361,,3.9,06-02-2025,Ahmedabad
CUST002361,,4.0,03-11-2025,Chennai
CUST002362,,4.7,2025-08-31,Chennai
CUST002363,RM0046,3.4,31/03/2023,Chennai
CUST002364,RM0070,4.3,2026-02-12,Bangalore
CUST002365,,3.6,2023-05-21,Pune
CUST002366,RM0150,5.0,2023-11-15,Kolkata
CUST002367,RM0100,4.5,27/08/2023,Kolkata
CUST002367,,3.0,04-16-2024,Bangalore
CUST002367,RM0100,5.0,03/08/2024,Kolkata
CUST002368,RM0242,5.0,2023-02-07,Mumbai
CUST002368,,2.8,2023-02-24,Jaipur
CUST002368,RM0242,2.5,2025-09-20,Kolkata
CUST002368,,2.8,12-24-2024,Hyderabad
CUST002368,RM0242,3.0,2025-11-28,Ahmedabad
CUST002369,RM0194,4.2,2024-10-05,
CUST002369,RM0194,4.1,2024-10-20,Chennai
CUST002369,RM0194,4.7,2026-06-13,Kolkata
CUST002369,RM0194,3.7,2024-07-07,Jaipur
CUST002370,RM0052,3.7,06-01-2024,Pune
CUST002370,RM0052,4.1,06-26-2024,Kolkata
CUST002370,RM0052,5.0,2026-05-28,Hyderabad
CUST002370,RM0052,2.1,2026-05-12,Chennai
CUST002371,RM0130,3.7,2024-07-16,
CUST002372,RM0051,5.0,2024-08-23,Jaipur
CUST002373,RM0230,4.1,2024-11-23,Bangalore
CUST002373,RM0230,3.7,2026-05-18,Lucknow
CUST002373,RM0230,3.2,10/05/2026,Bangalore
CUST002373,RM0230,4.9,2023-08-14,Lucknow
CUST002374,,3.5,2025-11-18,Kolkata
CUST002375,RM0056,3.5,2023-09-12,Bangalore
CUST002376,RM0143,5.0,15/06/2023,Kolkata
CUST002377,,3.0,05-16-2023,
CUST002378,RM0058,5.0,10-05-2025,Kolkata
CUST002379,RM0246,4.2,,Lucknow
CUST002380,RM0101,4.0,2025-02-17,
CUST002381,RM0214,4.3,2025-12-13,Mumbai
CUST002381,RM0214,4.0,,Chennai
CUST002382,,3.5,2025-10-17,Kolkata
CUST002383,RM0211,4.3,2025-06-04,Mumbai
CUST002384,RM0133,3.5,23/09/2023,Chennai
CUST002385,RM0215,4.4,,Jaipur
CUST002386,RM0074,0.0,2023-02-08,Pune
CUST002387,,5.0,2023-11-06,Bangalore
CUST002388,RM0159,4.7,2026-02-10,Jaipur
CUST002389,RM0013,3.8,2023-11-02,Pune
CUST002390,,4.3,2025-08-26,Hyderabad
CUST002391,RM0062,3.7,2024-06-19,Chennai
CUST002392,RM0237,3.8,2025-10-01,Lucknow
CUST002393,RM0010,3.9,04-25-2025,Lucknow
CUST002394,RM0088,4.5,2024-09-19,Mumbai
CUST002395,RM0018,4.9,2026-02-16,Bangalore
CUST002395,RM0018,5.0,2026-06-20,Delhi
CUST002395,RM0018,4.6,2023-12-18,
CUST002396,RM0234,2.9,03-06-2024,Jaipur
CUST002396,RM0234,2.7,2026-03-17,Pune
CUST002396,RM0234,3.9,2025-08-27,Bangalore
CUST002397,RM0198,5.0,,Mumbai
CUST002398,RM0078,3.8,2023-10-09,Jaipur
CUST002399,RM0037,3.8,02-12-2023,Lucknow
CUST002400,RM0032,4.9,2025-04-05,Kolkata
CUST002401,RM0102,6.0,2026-06-13,Delhi
CUST002402,RM0190,4.0,2024-09-07,Chennai
CUST002403,RM0247,5.0,2023-03-26,Kolkata
CUST002404,RM0232,2.5,02-27-2024,Delhi
CUST002405,RM0165,4.5,2025-10-28,Lucknow
CUST002406,,2.2,2025-04-26,Bangalore
CUST002407,RM0243,4.3,2025-05-21,Delhi
CUST002407,RM0243,4.9,2025-02-21,Hyderabad
CUST002407,RM0243,2.4,04-17-2026,Kolkata
CUST002407,RM0243,1.7,,Bangalore
CUST002407,RM0243,4.9,2025-06-14,Hyderabad
CUST002408,RM0016,4.4,2025-05-19,Pune
CUST002409,RM0221,2.9,2024-11-28,
CUST002410,RM0230,4.2,2026-05-19,Hyderabad
CUST002411,RM0223,3.5,23/11/2024,Pune
CUST002412,RM0027,3.8,2026-07-08,Jaipur
CUST002413,,3.7,03/10/2023,Jaipur
CUST002413,,2.7,05-27-2023,Bangalore
CUST002413,,4.9,2023-07-22,Pune
CUST002413,,2.9,2024-04-20,Kolkata
CUST002414,RM0085,4.1,07-12-2026,Mumbai
CUST002415,RM0200,4.7,2025-08-24,Lucknow
CUST002416,RM0034,3.2,2023-09-25,Mumbai
CUST002417,RM0003,3.7,07-07-2024,Bangalore
CUST002418,RM0013,3.5,2025-08-08,Hyderabad
CUST002419,RM0229,5.0,2026-05-16,Mumbai
CUST002420,RM0070,4.9,2025-12-15,Delhi
CUST002421,RM0061,4.8,10-07-2023,Delhi
CUST002421,RM0061,5.0,22/11/2024,Bangalore
CUST002421,RM0061,4.4,2024-02-04,Chennai
CUST002421,RM0061,3.7,,Bangalore
CUST002422,RM0056,2.6,09-22-2025,Bangalore
CUST002423,RM0161,3.3,2023-12-03,Mumbai
CUST002424,RM0027,4.2,15/08/2023,Ahmedabad
CUST002425,RM0223,4.9,2025-08-15,Mumbai
CUST002425,RM0223,3.3,2024-09-19,Ahmedabad
CUST002426,,5.0,2025-10-29,Bangalore
CUST002427,RM0015,2.5,2024-07-30,Bangalore
CUST002428,RM0089,3.6,2025-11-25,Kolkata
CUST002429,,4.4,2024-07-16,Chennai
CUST002430,RM0179,4.1,2023-01-26,Delhi
CUST002431,RM0243,4.5,2023-04-29,Chennai
CUST002432,,4.1,,Lucknow
CUST002433,RM0149,4.6,2023-10-13,Mumbai
CUST002434,RM0226,3.8,2024-12-21,Jaipur
CUST002435,,3.7,2023-03-08,Delhi
CUST002435,RM0224,3.2,2023-05-23,Ahmedabad
CUST002436,,5.0,05-03-2024,Hyderabad
CUST002436,,3.9,2026-07-19,Mumbai
CUST002437,RM0204,4.4,2023-11-29,Chennai
CUST002438,RM0125,3.8,2025-09-16,Kolkata
CUST002438,RM0125,5.0,2026-01-01,Delhi
CUST002438,,4.0,08/05/2023,Delhi
CUST002438,RM0125,4.3,2026-06-27,Jaipur
CUST002438,RM0125,3.1,2024-10-08,Bangalore
CUST002439,RM0179,5.0,2026-01-08,Hyderabad
CUST002439,RM0179,4.2,2024-03-30,Pune
CUST002440,RM0072,5.0,2024-01-17,Mumbai
CUST002441,,3.4,30/03/2026,Kolkata
CUST002442,RM0199,3.6,2025-11-27,Bangalore
CUST002443,RM0181,3.5,2023-09-15,Delhi
CUST002443,RM0181,3.7,2023-08-02,Bangalore
CUST002443,RM0181,4.7,2023-06-12,Hyderabad
CUST002443,RM0181,2.0,23/06/2025,Jaipur
CUST002443,RM0181,4.0,2023-08-07,Lucknow
CUST002444,RM0216,3.2,,Chennai
CUST002444,RM0216,3.1,2026-05-22,Delhi
CUST002445,RM0170,4.5,2025-12-21,Ahmedabad
CUST002446,,4.3,2023-06-26,Delhi
CUST002446,,4.9,2025-05-26,Pune
CUST002446,,4.4,04-06-2025,Bangalore
CUST002447,RM0021,4.2,2025-02-03,Jaipur
CUST002448,RM0212,3.4,2024-09-17,Chennai
CUST002449,RM0154,3.1,2025-03-01,Ahmedabad
CUST002449,RM0154,4.6,2025-11-18,Lucknow
CUST002450,RM0199,3.7,2025-11-05,Jaipur
CUST002451,RM0222,4.4,29/10/2025,Delhi
CUST002452,RM0212,4.0,2025-02-03,Hyderabad
CUST002453,RM0174,2.0,2026-01-23,Bangalore
CUST002453,RM0174,4.5,2024-11-28,Ahmedabad
CUST002453,RM0174,3.4,01/08/2023,Kolkata
CUST002454,,4.9,2024-09-11,Pune
CUST002455,,2.1,2023-01-10,Mumbai
CUST002456,RM0207,5.0,24/03/2024,Jaipur
CUST002457,RM0174,3.4,2026-05-25,Mumbai
CUST002458,RM0224,4.5,,Kolkata
CUST002459,,3.3,2025-04-30,Jaipur
CUST002460,RM0039,3.4,10-11-2025,Mumbai
CUST002460,RM0039,4.7,,Delhi
CUST002460,RM0039,3.8,2023-03-27,Bangalore
CUST002460,RM0039,3.9,09-27-2024,Chennai
CUST002460,RM0039,4.8,11-18-2023,Bangalore
CUST002461,RM0215,4.2,2023-01-14,Bangalore
CUST002462,,4.4,2023-02-07,Delhi
CUST002462,,3.4,2024-09-07,Lucknow
CUST002462,,4.7,2023-06-04,Bangalore
CUST002462,,4.1,04/02/2023,Kolkata
CUST002463,RM0130,4.4,2026-01-16,Mumbai
CUST002464,RM0100,4.4,2024-02-13,Ahmedabad
CUST002465,,5.0,2025-07-24,Kolkata
CUST002466,RM0050,4.5,16/03/2023,Chennai
CUST002466,RM0050,2.8,06-15-2023,Bangalore
CUST002466,RM0050,3.4,2026-06-02,Bangalore
CUST002466,RM0050,4.2,,Mumbai
CUST002466,RM0050,4.4,2025-06-17,Bangalore
CUST002467,,2.7,2023-03-06,Delhi
CUST002468,RM0016,3.0,2025-10-31,Lucknow
CUST002468,,5.0,17/01/2023,Bangalore
CUST002468,RM0016,5.0,2025-05-27,Lucknow
CUST002469,RM0196,2.3,18/06/2023,Mumbai
CUST002469,RM0196,4.3,16/04/2023,Jaipur
CUST002469,RM0196,4.0,23/01/2025,Delhi
CUST002469,RM0196,5.0,22/03/2023,Mumbai
CUST002469,RM0196,4.5,2025-03-20,Jaipur
CUST002470,RM0047,4.8,07-12-2023,Chennai
CUST002471,RM0014,1.7,06-25-2024,
CUST002472,RM0160,4.0,17/07/2025,Ahmedabad
CUST002473,RM0042,3.1,2025-06-18,Hyderabad
CUST002473,RM0042,3.1,2024-03-19,
CUST002473,RM0042,2.8,2025-07-20,Chennai
CUST002474,RM0142,4.2,2025-01-22,Chennai
CUST002475,RM0146,4.3,2024-12-11,Kolkata
CUST002476,,-1.0,2024-04-08,Mumbai
CUST002476,,4.6,2024-11-06,Ahmedabad
CUST002477,RM0008,3.6,05/01/2026,Hyderabad
CUST002478,RM0064,5.0,2025-01-23,
CUST002479,,3.1,2026-06-16,Ahmedabad
CUST002479,,2.6,2026-06-12,Jaipur
CUST002480,RM0102,4.2,2025-06-12,Ahmedabad
CUST002481,RM0097,3.3,2023-05-06,Chennai
CUST002482,RM0248,4.5,2025-03-10,Jaipur
CUST002483,,3.3,2024-11-15,Ahmedabad
CUST002483,,3.4,2024-04-29,Mumbai
CUST002483,,3.3,2024-01-16,Lucknow
CUST002483,,3.3,2026-05-23,Lucknow
CUST002484,RM0216,4.0,2023-01-04,Lucknow
CUST002484,RM0216,4.2,12/09/2024,Pune
CUST002484,RM0216,3.3,2024-10-30,Mumbai
CUST002485,RM0094,2.8,2025-11-19,Bangalore
CUST002486,RM0130,4.5,26/08/2023,Lucknow
CUST002487,,4.4,03-09-2023,Mumbai
CUST002488,,4.7,2025-01-15,Bangalore
CUST002489,RM0138,3.0,2025-05-14,Chennai
CUST002490,RM0021,3.2,2023-11-15,Chennai
CUST002491,,4.8,2024-05-28,Chennai
CUST002492,RM0178,4.9,06/06/2024,Bangalore
CUST002493,RM0076,3.6,2025-04-21,Chennai
CUST002494,RM0074,3.0,01-13-2025,Jaipur
CUST002494,RM0074,3.3,2025-03-03,Jaipur
CUST002494,RM0074,3.0,05-30-2026,Ahmedabad
CUST002494,RM0074,4.8,06-13-2025,Chennai
CUST002494,RM0074,4.7,,Hyderabad
CUST002495,RM0129,4.1,28/01/2024,Pune
CUST002496,RM0158,3.3,16/01/2026,Mumbai
CUST002496,RM0158,3.1,2024-07-31,Delhi
CUST002496,RM0158,3.4,2025-06-04,Delhi
CUST002496,RM0158,3.1,2023-08-15,Hyderabad
CUST002496,RM0158,4.2,12-04-2025,Chennai
CUST002497,RM0179,4.8,2026-01-04,Mumbai
CUST002498,RM0161,4.8,04-11-2026,Chennai
CUST002499,,3.1,02-29-2024,Ahmedabad
CUST002500,RM0136,3.4,2026-07-19,Delhi
