Customer_ID,RM_ID,Age,Gender,City,Income,Segment
CUST000001,RM0043,55,F,Hyderabad,42010,
CUST000002,RM0118,70,M,Jaipur,235309,Bronze
CUST000003,RM0094,21,M,Chennai,25367,Bronze
CUST000004,RM0009,50,M,Lucknow,28294,Premium
CUST000005,RM0221,32,M,Lucknow,30324,Gold
CUST000006,RM0072,34,M,Kolkata,36780,Silver
CUST000007,RM0071,42,M,Kolkata,46415,Gold
CUST000008,RM0148,29,M,Hyderabad,221932,Bronze
CUST000009,RM0225,38,M,Ahmedabad,194452,Silver
CUST000010,RM0179,28,M,Pune,120312,Platinum
CUST000011,RM0087,33,M,,29369,Bronze
CUST000012,RM0215,53,,Chennai,75227,Gold
CUST000013,RM0233,43,M,Hyderabad,62386,Gold
CUST000014,RM0171,53,M,Delhi,36423,Bronze
CUST000015,RM0001,32,M,,39554,Platinum
CUST000016,RM0031,50,M,Delhi,47707,Gold
CUST000017,RM0095,18,M,Mumbai,26099,Gold
CUST000018,RM0043,42,F,Delhi,67159,Gold
CUST000019,RM0036,51,M,Delhi,28383,Bronze
CUST000020,RM0154,18,F,Lucknow,52806,Premium
CUST000021,RM0192,32,F,Delhi,40519,Gold
CUST000022,RM0004,42,F,Bangalore,27217,Gold
CUST000023,RM0245,57,M,Kolkata,34694,Platinum
CUST000024,RM0161,33,M,Hyderabad,77207,Bronze
CUST000025,,49,M,Kolkata,51892,Gold
CUST000026,RM0217,63,M,Bangalore,46537,Bronze
CUST000027,RM0182,50,F,Bangalore,108780,
CUST000028,RM0224,38,M,Lucknow,187658,Premium
CUST000029,RM0128,47,M,Delhi,159306,Bronze
CUST000030,RM0173,32,M,Ahmedabad,29997,platinum
CUST000031,RM0236,43,F,Chennai,62721,Premium
CUST000032,RM0185,39,M,Jaipur,112203,Platinum
CUST000033,RM0245,47,M,Mumbai,31258,Silver
CUST000034,RM0075,35,F,Chennai,28935,Platinum
CUST000035,RM0140,47,F,Mumbai,74710,Premium
CUST000036,RM0001,35,M,Mumbai,57018,Silver
CUST000037,RM0037,55,F,Delhi,44915,Gold
CUST000038,RM0130,37,M,Hyderabad,104804,Premium
CUST000039,RM0238,18,M,Bangalore,51058,Silver
CUST000040,RM0150,26,F,Chennai,37932,Bronze
CUST000041,RM0119,42,M,Pune,33212,Gold
CUST000042,RM0183,67,M,,134916,Platinum
CUST000043,RM0116,54,M,Mumbai,138474,Premium
CUST000044,RM0057,18,M,Hyderabad,68939,Silver
CUST000045,RM0020,19,F,Ahmedabad,-1000,Bronze
CUST000046,,59,F,Chennai,27498,Bronze
CUST000047,RM0071,49,F,Jaipur,58120,Premium
CUST000048,RM0023,60,M,Jaipur,132165,Gold
CUST000049,RM0098,34,F,Bangalore,38678,Platinum
CUST000050,,48,F,Lucknow,34283,
CUST000051,RM0250,64,M,Chennai,124683,Gold
CUST000052,RM0205,48,F,Mumbai,40933,Gold
CUST000053,RM0091,61,F,Bangalore,28121,Platinum
CUST000054,RM0024,35,,Chennai,33019,Premium
CUST000055,RM0088,56,M,Jaipur,71242,Silver
CUST000056,RM0246,56,F,Bangalore,79200,Bronze
CUST000057,RM0112,18,F,Lucknow,41209,Silver
CUST000058,RM0097,46,,Lucknow,30020,Gold
CUST000059,RM0198,44,M,Delhi,45612,
CUST000060,RM0037,54,M,Pune,50995,Silver
CUST000061,RM0068,44,M,,67267,Silver
CUST000062,RM0108,80,F,Ahmedabad,20913,Bronze
CUST000063,RM0148,68,M,Pune,147873,Gold
CUST000064,RM0027,50,M,Lucknow,81419,Bronze
CUST000065,RM0181,45,M,Chennai,66661,Gold
CUST000066,RM0105,24,M,Kolkata,47593,Platinum
CUST000067,RM0216,44,F,Mumbai,149893,Premium
CUST000068,RM0164,43,F,Hyderabad,49968,Premium
CUST000069,RM0140,80,F,Hyderabad,45458,Bronze
CUST000070,RM0069,49,F,Lucknow,22815,Premium
CUST000071,RM0016,58,F,Chennai,20232,Bronze
CUST000072,RM0021,33,M,Ahmedabad,40285,Premium
CUST000073,RM0043,54,F,Bangalore,146196,Gold
CUST000074,RM0067,18,F,Jaipur,41258,Premium
CUST000075,RM0224,61,M,Lucknow,8888888,Gold
CUST000076,RM0202,29,F,Ahmedabad,50093,Silver
CUST000077,,38,F,Pune,27590,Platinum
CUST000078,RM0013,19,F,Ahmedabad,29702,silver
CUST000079,RM0176,18,F,Kolkata,143164,Gold
CUST000080,RM0023,41,F,Jaipur,42501,Bronze
CUST000081,RM0017,69,M,Chennai,20659,Gold
CUST000082,RM0064,58,F,Delhi,74463,Silver
CUST000083,RM0062,37,F,Hyderabad,24460,Gold
CUST000084,RM0177,25,M,Chennai,308404,
CUST000085,RM0069,80,M,Mumbai,23471,Premium
CUST000086,RM0156,42,F,Chennai,89306,Silver
CUST000087,RM0174,44,F,Lucknow,31479,Platinum
CUST000088,RM0077,39,F,Hyderabad,30578,Silver
CUST000089,RM0133,41,M,Ahmedabad,61602,Platinum
CUST000090,RM0067,33,M,Chennai,23398,Premium
CUST000091,RM0164,38,M,Ahmedabad,57157,Silver
CUST000092,RM0067,64,M,Chennai,49059,Gold
CUST000093,RM0079,60,M,Lucknow,28435,Silver
CUST000094,RM0159,18,F,Bangalore,30040,Platinum
CUST000095,RM0052,20,M,Ahmedabad,71641,Bronze
CUST000096,RM0046,30,M,Bangalore,46274,Bronze
CUST000097,RM0196,56,F,Mumbai,21373,Bronze
CUST000098,RM0188,61,M,,32549,
CUST000099,,52,F,Mumbai,20995,Silver
CUST000100,RM0075,25,M,Ahmedabad,25496,Platinum
CUST000101,RM0049,34,M,Mumbai,72884,bronze
CUST000102,RM0044,49,M,Mumbai,33602,Premium
CUST000103,RM0168,38,M,Ahmedabad,84054,
CUST000104,RM0053,36,F,Bangalore,116791,Silver
CUST000105,RM0231,36,F,Chennai,75143,Premium
CUST000106,RM0213,59,F,Ahmedabad,31469,Bronze
CUST000107,RM0001,50,M,Delhi,-1000,Platinum
CUST000108,RM0026,37,F,Bangalore,20654,Bronze
CUST000109,RM0219,18,M,,131593,Silver
CUST000110,RM0166,68,M,Pune,105034,Bronze
CUST000111,RM0103,23,F,Bangalore,43876,Bronze
CUST000112,RM0179,29,F,Ahmedabad,64615,Gold
CUST000113,RM0098,53,F,Delhi,46331,Gold
CUST000114,RM0081,20,M,Chennai,-5000,Silver
CUST000115,RM0170,18,M,Bangalore,37439,Platinum
CUST000116,RM0121,67,F,Mumbai,168263,Premium
CUST000117,RM0141,33,F,Ahmedabad,121425,Gold
CUST000118,RM0031,47,M,Lucknow,53416,Premium
CUST000119,RM0164,43,F,Mumbai,47687,Gold
CUST000120,RM0217,44,F,Delhi,21136,Platinum
CUST000121,RM0169,46,M,,70184,Silver
CUST000122,RM0036,18,M,Kolkata,34912,Bronze
CUST000123,RM0212,44,M,Ahmedabad,228031,Premium
CUST000124,RM0151,39,F,Ahmedabad,57294,bronze
CUST000125,RM0200,33,M,Lucknow,20928,Platinum
CUST000126,RM0083,30,F,Pune,142844,Platinum
CUST000127,RM0116,44,F,Jaipur,36014,Platinum
CUST000128,RM0183,27,F,Bangalore,60391,Gold
CUST000129,RM0167,57,M,Jaipur,31560,Platinum
CUST000130,RM0147,49,M,Mumbai,20552,Platinum
CUST000131,RM0014,45,M,Hyderabad,65879,Gold
CUST000132,RM0139,56,M,Jaipur,74686,Premium
CUST000133,RM0131,18,F,Pune,56585,Silver
CUST000134,RM0014,22,F,Jaipur,9999999,Bronze
CUST000135,RM0051,36,M,Bangalore,66210,Silver
CUST000136,RM0031,44,F,,34075,Platinum
CUST000137,RM0240,19,F,Lucknow,41977,Silver
CUST000138,RM0019,30,M,Jaipur,83478,Gold
CUST000139,RM0090,50,F,Mumbai,52317,Silver
CUST000140,RM0089,18,M,Pune,74483,Platinum
CUST000141,RM0204,43,F,Jaipur,32099,Platinum
CUST000142,RM0012,44,M,Jaipur,21583,Silver
CUST000143,RM0161,51,M,Kolkata,22639,Gold
CUST000144,RM0241,19,M,Bangalore,54295,Premium
CUST000145,RM0143,18,F,Mumbai,93682,Silver
CUST000146,RM0031,56,M,Delhi,25635,Platinum
CUST000147,RM0129,44,F,Mumbai,54208,Silver
CUST000148,RM0137,36,F,Pune,78302,Platinum
CUST000149,RM0003,18,F,Delhi,105491,Premium
CUST000150,RM0192,35,M,Chennai,100326,Gold
CUST000151,RM0065,25,F,Delhi,64608,Platinum
CUST000152,RM0018,55,M,Chennai,42390,Platinum
CUST000153,RM0159,22,F,Bangalore,59033,Bronze
CUST000154,RM0094,38,M,Kolkata,123157,gold
CUST000155,RM0093,54,F,Delhi,73761,Bronze
CUST000156,RM0156,51,M,Mumbai,78927,Gold
CUST000157,RM0162,35,M,Jaipur,53610,Bronze
CUST000158,RM0139,51,F,Jaipur,32500,Silver
CUST000159,RM0102,54,M,Bangalore,21726,
CUST000160,RM0046,44,F,,79770,Gold
CUST000161,RM0060,48,F,Ahmedabad,197123,Premium
CUST000162,RM0011,38,F,Lucknow,164358,Platinum
CUST000163,RM0168,58,M,Pune,113071,Premium
CUST000164,RM0089,40,F,Delhi,39217,platinum
CUST000165,RM0072,20,M,Pune,26423,Silver
CUST000166,RM0124,49,M,Bangalore,24003,Platinum
CUST000167,RM0042,26,M,Kolkata,84506,Platinum
CUST000168,RM0145,61,F,Bangalore,23379,Silver
CUST000169,RM0106,48,M,Pune,98204,Gold
CUST000170,RM0153,18,,Jaipur,39191,Bronze
CUST000171,RM0212,55,M,Bangalore,67837,Bronze
CUST000172,RM0139,46,M,Kolkata,33260,Bronze
CUST000173,RM0206,52,M,Hyderabad,100168,Silver
CUST000174,RM0060,42,M,,329109,Platinum
CUST000175,RM0002,60,F,Delhi,45702,Premium
CUST000176,RM0167,31,F,Kolkata,52684,Platinum
CUST000177,RM0106,55,F,Lucknow,227019,Gold
CUST000178,RM0181,46,M,Jaipur,93109,Premium
CUST000179,RM0087,18,M,Bangalore,86890,Premium
CUST000180,RM0154,18,F,Kolkata,33641,Gold
CUST000181,RM0134,37,F,Chennai,36930,Premium
CUST000182,RM0239,29,M,Mumbai,37570,Premium
CUST000183,RM0168,18,F,Chennai,-5000,Silver
CUST000184,RM0189,23,F,Hyderabad,76916,Platinum
CUST000185,RM0247,56,M,Jaipur,164778,platinum
CUST000186,RM0243,38,F,Kolkata,51499,Silver
CUST000187,RM0198,25,M,Hyderabad,256472,Bronze
CUST000188,,47,F,Mumbai,33176,Gold
CUST000189,RM0068,44,F,Chennai,66791,Silver
CUST000190,RM0069,49,M,Chennai,55942,Gold
CUST000191,RM0214,32,M,Ahmedabad,32454,Gold
CUST000192,RM0196,34,F,Jaipur,30316,Bronze
CUST000193,RM0057,32,M,Kolkata,22979,Platinum
CUST000194,RM0199,59,M,Kolkata,193854,Platinum
CUST000195,RM0084,63,F,Pune,79539,Gold
CUST000196,RM0128,33,F,Bangalore,28355,Silver
CUST000197,RM0176,33,F,Bangalore,32668,Silver
CUST000198,RM0003,51,F,Jaipur,58498,Platinum
CUST000199,RM0013,65,M,Pune,24797,Premium
CUST000200,RM0093,68,F,Lucknow,124966,Silver
CUST000201,RM0148,32,F,Ahmedabad,129797,Silver
CUST000202,RM0098,36,F,Lucknow,175783,Gold
CUST000203,RM0218,46,F,Lucknow,73245,Silver
CUST000204,RM0070,47,F,Bangalore,60020,Silver
CUST000205,RM0033,39,M,Ahmedabad,43315,Premium
CUST000206,RM0007,30,M,Kolkata,35038,Premium
CUST000207,RM0064,41,M,,24225,Gold
CUST000208,RM0235,68,M,Jaipur,32434,Platinum
CUST000209,RM0153,34,F,Ahmedabad,115259,Platinum
CUST000210,RM0207,45,M,Bangalore,54174,Bronze
CUST000211,RM0121,79,M,Hyderabad,107057,Bronze
CUST000212,RM0204,34,F,Chennai,9999999,Platinum
CUST000213,RM0109,61,F,Jaipur,61704,Platinum
CUST000214,RM0106,25,F,Lucknow,35532,Gold
CUST000215,RM0083,45,F,Ahmedabad,-1000,Premium
CUST000216,RM0060,46,F,Ahmedabad,73713,
CUST000217,RM0009,54,M,Bangalore,79778,Gold
CUST000218,RM0216,49,M,Ahmedabad,76993,Premium
CUST000219,RM0009,62,F,Hyderabad,28634,Premium
CUST000220,RM0041,51,F,Hyderabad,126377,
CUST000221,RM0228,39,M,Hyderabad,40407,Premium
CUST000222,RM0102,44,F,Bangalore,88032,
CUST000223,RM0023,47,M,Bangalore,109229,Platinum
CUST000224,RM0203,36,F,Ahmedabad,55409,Silver
CUST000225,RM0006,44,F,Jaipur,69958,Gold
CUST000226,RM0049,42,M,Bangalore,35041,Silver
CUST000227,RM0210,51,M,Lucknow,95671,Premium
CUST000228,RM0199,74,F,Ahmedabad,25657,Premium
CUST000229,RM0040,45,M,,184831,Silver
CUST000230,RM0046,65,F,Jaipur,40917,Bronze
CUST000231,RM0152,51,,Ahmedabad,25407,Platinum
CUST000232,RM0214,44,F,Mumbai,158412,Premium
CUST000233,RM0069,35,M,Chennai,37902,Silver
CUST000234,RM0049,44,F,Lucknow,81579,Platinum
CUST000235,RM0118,43,F,Bangalore,41223,Premium
CUST000236,RM0154,31,F,Kolkata,68499,Silver
CUST000237,RM0083,33,F,Ahmedabad,90995,Gold
CUST000238,RM0102,47,F,,-1000,platinum
CUST000239,RM0055,40,F,Jaipur,93572,
CUST000240,RM0238,18,F,Chennai,77489,Bronze
CUST000241,RM0208,18,F,Bangalore,312576,Platinum
CUST000242,RM0231,35,F,Mumbai,47772,Premium
CUST000243,RM0086,23,M,Lucknow,99190,Bronze
CUST000244,RM0163,39,M,Chennai,79156,Silver
CUST000245,RM0173,58,M,Hyderabad,35959,Bronze
CUST000246,RM0038,61,F,Jaipur,170657,Platinum
CUST000247,RM0179,38,M,Jaipur,163778,Platinum
CUST000248,RM0019,24,F,Chennai,47212,Platinum
CUST000249,RM0153,23,F,Ahmedabad,36025,Gold
CUST000250,,66,M,Mumbai,226688,Silver
CUST000251,RM0159,55,M,Ahmedabad,33065,silver
CUST000252,,38,F,Bangalore,31983,Gold
CUST000253,RM0172,43,F,Mumbai,-1000,Premium
CUST000254,,38,,Kolkata,42984,Silver
CUST000255,RM0098,40,M,Jaipur,192404,Silver
CUST000256,RM0144,58,F,Bangalore,30260,
CUST000257,,47,F,Hyderabad,93684,Silver
CUST000258,RM0228,48,F,Bangalore,113146,Platinum
CUST000259,RM0098,51,F,Lucknow,27034,Gold
CUST000260,RM0139,61,M,Jaipur,21653,Platinum
CUST000261,RM0111,44,M,Jaipur,99613,Gold
CUST000262,RM0185,52,F,Hyderabad,52842,Gold
CUST000263,RM0240,31,M,Lucknow,31189,Silver
CUST000264,RM0156,69,M,Ahmedabad,53823,Gold
CUST000265,RM0217,43,F,Chennai,35666,Silver
CUST000266,RM0105,31,M,Delhi,99865,
CUST000267,RM0245,35,M,Mumbai,20584,Bronze
CUST000268,RM0212,18,M,Ahmedabad,23760,Platinum
CUST000269,RM0225,35,M,Jaipur,65817,Platinum
CUST000270,RM0247,18,F,Kolkata,37241,Bronze
CUST000271,RM0236,53,M,Delhi,95672,Gold
CUST000272,RM0150,48,M,Lucknow,22021,Gold
CUST000273,RM0230,27,M,Delhi,33856,Silver
CUST000274,RM0181,41,M,Kolkata,235859,Platinum
CUST000275,,41,M,Hyderabad,68137,Gold
CUST000276,RM0247,24,M,Hyderabad,80611,Premium
CUST000277,,38,M,Ahmedabad,39760,Premium
CUST000278,RM0114,42,M,,56460,Gold
CUST000279,RM0168,38,F,Delhi,21688,Premium
CUST000280,,31,M,Lucknow,24091,Silver
CUST000281,RM0010,26,F,Delhi,61913,Silver
CUST000282,RM0035,37,M,Delhi,78472,Silver
CUST000283,RM0162,33,F,Pune,29165,Platinum
CUST000284,RM0148,50,F,Bangalore,25522,Gold
CUST000285,RM0060,62,M,Chennai,21604,Premium
CUST000286,RM0107,55,M,Hyderabad,157609,Platinum
CUST000287,RM0079,42,F,Lucknow,81732,Premium
CUST000288,RM0214,32,F,Bangalore,122385,Silver
CUST000289,RM0161,55,M,Hyderabad,40734,Silver
CUST000290,RM0174,51,F,Bangalore,104322,Gold
CUST000291,RM0008,61,F,Delhi,50103,Platinum
CUST000292,RM0193,44,M,Hyderabad,71581,Premium
CUST000293,RM0078,68,F,Ahmedabad,24257,Premium
CUST000294,RM0040,44,M,Jaipur,23112,Platinum
CUST000295,RM0034,32,M,,122701,
CUST000296,RM0176,34,F,,32372,Silver
CUST000297,RM0164,49,F,Hyderabad,73750,Gold
CUST000298,RM0071,33,F,Hyderabad,54477,Platinum
CUST000299,RM0181,67,F,Mumbai,32967,Gold
CUST000300,RM0121,48,M,Lucknow,300431,Bronze
CUST000301,RM0177,42,M,Ahmedabad,31128,Silver
CUST000302,RM0024,43,F,Chennai,77007,Bronze
CUST000303,RM0230,38,F,Pune,121350,Bronze
CUST000304,RM0008,18,F,Bangalore,84945,Bronze
CUST000305,RM0104,34,F,Kolkata,41227,Silver
CUST000306,RM0062,65,F,Kolkata,43184,Bronze
CUST000307,RM0088,45,F,Lucknow,48867,Premium
CUST000308,RM0143,57,M,Lucknow,84596,Silver
CUST000309,RM0098,58,M,Bangalore,135481,Premium
CUST000310,RM0075,41,F,Hyderabad,47384,Gold
CUST000311,RM0240,51,F,Hyderabad,141727,Silver
CUST000312,,18,F,Hyderabad,31828,Premium
CUST000313,RM0061,64,F,Bangalore,86046,Silver
CUST000314,RM0049,62,M,Delhi,27053,Silver
CUST000315,RM0037,49,M,Kolkata,29903,Bronze
CUST000316,RM0229,45,F,Ahmedabad,33560,Bronze
CUST000317,RM0058,41,F,Jaipur,34199,Platinum
CUST000318,RM0009,59,M,Jaipur,122300,Silver
CUST000319,RM0193,53,M,Delhi,42254,Premium
CUST000320,RM0139,18,M,Jaipur,64941,Premium
CUST000321,RM0147,36,F,Lucknow,194357,Silver
CUST000322,RM0162,25,M,Delhi,34929,Premium
CUST000323,RM0020,22,F,,94244,Gold
CUST000324,RM0045,59,M,Jaipur,27013,Bronze
CUST000325,RM0088,41,F,Kolkata,33462,Platinum
CUST000326,RM0061,49,F,Hyderabad,23816,Gold
CUST000327,RM0030,43,M,Kolkata,40549,Bronze
CUST000328,RM0038,22,F,Mumbai,108270,Silver
CUST000329,RM0137,18,F,Hyderabad,68004,Bronze
CUST000330,RM0066,35,M,Bangalore,81341,Gold
CUST000331,RM0003,36,F,Hyderabad,21868,Premium
CUST000332,RM0009,36,M,Delhi,-1000,Platinum
CUST000333,RM0155,54,M,Hyderabad,52182,Platinum
CUST000334,RM0170,60,F,Delhi,112949,Silver
CUST000335,RM0016,47,M,Ahmedabad,121350,Premium
CUST000336,RM0052,61,F,Delhi,31523,Bronze
CUST000337,RM0184,37,F,,22939,
CUST000338,RM0168,33,F,Jaipur,57875,Bronze
CUST000339,RM0198,40,,Ahmedabad,155810,Premium
CUST000340,RM0138,26,M,Pune,39001,Silver
CUST000341,RM0118,33,F,Hyderabad,28028,Gold
CUST000342,RM0230,42,M,Chennai,235737,Bronze
CUST000343,,44,F,Ahmedabad,121216,Bronze
CUST000344,RM0005,48,F,Jaipur,50324,Premium
CUST000345,RM0149,18,,Lucknow,74960,Gold
CUST000346,,80,M,Bangalore,27520,Gold
CUST000347,RM0017,27,M,Kolkata,75955,Bronze
CUST000348,RM0214,51,M,Chennai,195181,Silver
CUST000349,RM0152,46,F,Ahmedabad,49326,Silver
CUST000350,RM0149,32,F,Mumbai,121301,Platinum
CUST000351,RM0023,50,F,Chennai,111043,Silver
CUST000352,RM0070,28,M,Lucknow,164671,Gold
CUST000353,RM0161,41,M,Delhi,68096,bronze
CUST000354,RM0221,72,M,Chennai,121591,Gold
CUST000355,RM0039,35,M,Pune,153645,Bronze
CUST000356,RM0112,43,M,Mumbai,78482,Bronze
CUST000357,RM0030,25,M,Pune,73776,Bronze
CUST000358,RM0029,52,M,Lucknow,45032,Bronze
CUST000359,RM0228,30,M,Chennai,73624,Platinum
CUST000360,RM0250,46,M,Ahmedabad,392086,Premium
CUST000361,RM0044,57,M,Jaipur,96251,Silver
CUST000362,RM0023,38,F,,61852,Gold
CUST000363,RM0224,50,M,Mumbai,45887,Platinum
CUST000364,RM0012,47,F,Delhi,39802,Platinum
CUST000365,RM0062,57,F,Delhi,91834,Bronze
CUST000366,,50,M,Ahmedabad,99928,Bronze
CUST000367,RM0224,61,M,Delhi,26403,Silver
CUST000368,RM0177,38,M,Delhi,59316,
CUST000369,RM0086,22,F,Mumbai,79448,Silver
CUST000370,RM0045,18,F,Delhi,44596,Platinum
CUST000371,RM0189,18,F,Hyderabad,43360,Gold
CUST000372,RM0109,37,M,Jaipur,32891,Silver
CUST000373,RM0137,44,M,Ahmedabad,75163,Silver
CUST000374,RM0101,31,M,Chennai,68312,Premium
CUST000375,RM0161,18,F,Mumbai,8888888,Platinum
CUST000376,RM0017,31,F,Pune,-5000,Platinum
CUST000377,RM0171,42,F,Hyderabad,52617,Bronze
CUST000378,RM0096,58,M,Bangalore,21298,Premium
CUST000379,RM0074,24,F,Ahmedabad,45443,Gold
CUST000380,RM0048,19,F,Bangalore,63395,Silver
CUST000381,RM0032,76,F,Jaipur,92383,Bronze
CUST000382,RM0085,52,M,Ahmedabad,103828,Silver
CUST000383,RM0029,38,M,Chennai,150888,Gold
CUST000384,RM0024,47,F,Delhi,23107,Gold
CUST000385,RM0115,39,M,Pune,25347,Platinum
CUST000386,RM0184,50,F,Jaipur,53264,silver
CUST000387,RM0187,28,F,Kolkata,38357,Bronze
CUST000388,RM0151,27,F,Lucknow,101234,Silver
CUST000389,RM0023,18,M,Kolkata,9999999,Platinum
CUST000390,RM0126,47,F,Mumbai,67123,Platinum
CUST000391,RM0077,27,F,Ahmedabad,46683,Bronze
CUST000392,RM0166,56,F,Lucknow,26498,Silver
CUST000393,RM0067,50,M,Bangalore,30010,Premium
CUST000394,RM0038,27,F,Pune,57239,Gold
CUST000395,,32,M,Lucknow,61886,Premium
CUST000396,RM0140,46,F,Lucknow,34823,Silver
CUST000397,RM0037,41,M,Bangalore,9999999,Bronze
CUST000398,RM0213,50,M,Delhi,101992,Platinum
CUST000399,RM0034,33,F,Lucknow,70140,Silver
CUST000400,RM0249,42,M,Bangalore,171210,Premium
CUST000401,RM0079,60,M,Ahmedabad,127797,Premium
CUST000402,RM0011,47,F,Hyderabad,32943,
CUST000403,,49,M,Chennai,46468,
CUST000404,RM0090,22,M,Lucknow,-5000,Silver
CUST000405,RM0146,23,F,Jaipur,95825,Premium
CUST000406,,31,M,Delhi,36065,Platinum
CUST000407,RM0091,37,F,Delhi,75063,Platinum
CUST000408,RM0127,60,F,Hyderabad,25020,Platinum
CUST000409,RM0189,29,F,Delhi,64168,Bronze
CUST000410,RM0206,74,M,Jaipur,29196,gold
CUST000411,RM0022,51,M,Chennai,32214,Platinum
CUST000412,RM0153,48,F,Lucknow,25030,Gold
CUST000413,RM0194,42,F,Jaipur,66709,Bronze
CUST000414,RM0197,39,M,,59559,Bronze
CUST000415,RM0213,33,M,Lucknow,65128,Gold
CUST000416,RM0020,21,F,Hyderabad,54335,Bronze
CUST000417,RM0208,29,M,Pune,47948,Premium
CUST000418,RM0114,66,F,Bangalore,83221,
CUST000419,RM0035,50,F,Bangalore,36021,Premium
CUST000420,RM0101,66,F,Mumbai,24137,Bronze
CUST000421,RM0033,33,F,Kolkata,32851,platinum
CUST000422,RM0092,26,M,Delhi,41924,Gold
CUST000423,RM0030,42,F,Kolkata,23500,
CUST000424,RM0179,30,F,Ahmedabad,100561,
CUST000425,RM0173,45,F,Delhi,126046,Silver
CUST000426,RM0138,18,M,Delhi,72616,Silver
CUST000427,RM0149,18,F,Delhi,40248,Premium
CUST000428,RM0078,47,F,Ahmedabad,75355,Platinum
CUST000429,RM0141,67,F,Ahmedabad,51293,
CUST000430,RM0164,48,M,Pune,23101,Bronze
CUST000431,RM0062,50,M,Kolkata,29636,Silver
CUST000432,RM0074,43,M,Chennai,78559,Platinum
CUST000433,RM0080,44,M,Bangalore,25083,Bronze
CUST000434,,20,F,Mumbai,49925,Platinum
CUST000435,RM0022,30,F,Delhi,74668,Premium
CUST000436,RM0215,60,M,Lucknow,99347,Premium
CUST000437,RM0239,25,F,Lucknow,264532,Premium
CUST000438,RM0207,37,M,Ahmedabad,150865,Bronze
CUST000439,RM0221,60,F,Chennai,56798,Silver
CUST000440,RM0226,44,M,Lucknow,68853,Bronze
CUST000441,,44,M,Kolkata,26831,Premium
CUST000442,RM0246,37,F,Kolkata,107454,Premium
CUST000443,RM0235,52,M,Pune,21841,Gold
CUST000444,RM0197,56,F,Kolkata,38057,Silver
CUST000445,RM0086,30,M,Lucknow,24586,Premium
CUST000446,RM0141,22,M,Bangalore,158197,Premium
CUST000447,,18,M,Kolkata,45290,Platinum
CUST000448,RM0082,49,F,Chennai,49638,Gold
CUST000449,RM0095,47,M,Ahmedabad,145907,Platinum
CUST000450,RM0180,79,M,Pune,54354,
CUST000451,RM0146,43,F,Chennai,43952,Bronze
CUST000452,RM0221,40,M,Hyderabad,125176,Bronze
CUST000453,RM0049,46,M,Chennai,98039,gold
CUST000454,RM0176,46,F,Kolkata,38169,Bronze
CUST000455,RM0189,39,M,Pune,29529,Platinum
CUST000456,RM0241,30,F,Kolkata,79364,premium
CUST000457,RM0034,42,F,Ahmedabad,71217,Platinum
CUST000458,RM0082,41,M,Hyderabad,106433,Silver
CUST000459,RM0238,41,F,Kolkata,66602,Silver
CUST000460,RM0081,54,F,Bangalore,92368,Gold
CUST000461,,42,F,,45429,Gold
CUST000462,RM0182,22,M,Chennai,27913,Premium
CUST000463,RM0047,32,M,Mumbai,21307,Silver
CUST000464,RM0147,39,F,,27260,Gold
CUST000465,RM0175,42,M,Ahmedabad,188808,Premium
CUST000466,RM0245,49,F,Lucknow,48325,Silver
CUST000467,RM0221,42,F,Hyderabad,48947,Silver
CUST000468,RM0248,18,F,Bangalore,25583,Premium
CUST000469,RM0126,23,F,Pune,68325,Silver
CUST000470,RM0126,50,F,Lucknow,72519,Silver
CUST000471,RM0162,38,M,Bangalore,22996,
CUST000472,RM0135,64,F,Bangalore,283596,Silver
CUST000473,RM0077,44,M,Jaipur,225764,Silver
CUST000474,RM0025,36,M,Ahmedabad,33667,Silver
CUST000475,RM0047,32,F,Ahmedabad,78908,
CUST000476,RM0116,37,F,Delhi,23215,Gold
CUST000477,RM0005,44,F,Lucknow,-1000,
CUST000478,RM0078,42,F,Delhi,104092,Silver
CUST000479,RM0004,18,M,Kolkata,68894,Gold
CUST000480,RM0220,55,F,,57437,Silver
CUST000481,RM0040,26,M,Lucknow,128843,Bronze
CUST000482,RM0101,38,F,Lucknow,49872,
CUST000483,RM0142,34,F,Mumbai,46732,
CUST000484,RM0109,24,F,Lucknow,107878,Silver
CUST000485,RM0089,55,F,Jaipur,20554,Gold
CUST000486,RM0233,53,F,Pune,46905,Bronze
CUST000487,RM0205,36,F,Chennai,35042,Gold
CUST000488,RM0126,41,M,Pune,91416,Bronze
CUST000489,RM0092,43,F,Chennai,32116,Platinum
CUST000490,RM0058,25,F,Jaipur,20609,Silver
CUST000491,RM0027,27,M,Lucknow,59699,Bronze
CUST000492,RM0220,41,M,Pune,50291,Premium
CUST000493,RM0075,24,F,Bangalore,39628,Bronze
CUST000494,RM0052,41,F,Bangalore,86847,Premium
CUST000495,RM0096,18,F,Bangalore,45083,Gold
CUST000496,RM0106,35,M,Mumbai,50758,Platinum
CUST000497,RM0133,46,F,Mumbai,175427,Silver
CUST000498,RM0165,45,F,Pune,97300,Platinum
CUST000499,RM0003,59,F,Jaipur,48777,Platinum
CUST000500,RM0159,25,M,,34696,Bronze
CUST000501,RM0186,40,M,Hyderabad,70695,Platinum
CUST000502,RM0194,55,F,Hyderabad,73845,
CUST000503,RM0130,46,M,,67587,Silver
CUST000504,RM0032,53,M,Hyderabad,23448,Premium
CUST000505,RM0209,24,F,Chennai,86862,Bronze
CUST000506,RM0093,42,M,Bangalore,55894,Bronze
CUST000507,RM0115,38,F,Lucknow,24430,Bronze
CUST000508,RM0109,43,M,Bangalore,82996,Bronze
CUST000509,RM0118,29,F,,37586,Platinum
CUST000510,RM0144,61,F,Mumbai,41516,Platinum
CUST000511,RM0031,52,M,Lucknow,30240,Silver
CUST000512,RM0240,59,M,Pune,29564,Gold
CUST000513,,46,F,Lucknow,92275,Silver
CUST000514,RM0036,31,F,Lucknow,35397,Bronze
CUST000515,RM0105,51,F,Delhi,44058,Silver
CUST000516,RM0182,61,M,Jaipur,9999999,Premium
CUST000517,RM0122,37,M,Chennai,67727,
CUST000518,RM0181,38,F,Ahmedabad,94501,Premium
CUST000519,RM0006,48,F,Delhi,22142,Premium
CUST000520,RM0074,74,M,Pune,192870,Premium
CUST000521,RM0183,32,F,Delhi,215527,Silver
CUST000522,,55,F,Hyderabad,66050,Gold
CUST000523,,64,M,Lucknow,103504,bronze
CUST000524,RM0064,49,M,Jaipur,73425,Gold
CUST000525,RM0248,36,F,Jaipur,151612,Gold
CUST000526,RM0001,29,M,Ahmedabad,32719,Platinum
CUST000527,RM0065,26,F,,48937,Silver
CUST000528,RM0145,18,F,Chennai,67458,Premium
CUST000529,RM0246,38,F,Pune,128985,Silver
CUST000530,RM0118,37,,Mumbai,71896,Gold
CUST000531,RM0106,54,M,Ahmedabad,118797,Bronze
CUST000532,RM0091,33,M,Pune,113707,Platinum
CUST000533,RM0114,39,F,Chennai,-1000,Silver
CUST000534,RM0127,46,M,,90333,
CUST000535,RM0164,60,M,Lucknow,85187,Platinum
CUST000536,RM0155,39,M,Hyderabad,94905,Gold
CUST000537,RM0174,26,M,Pune,9999999,bronze
CUST000538,RM0105,49,M,Chennai,59375,Bronze
CUST000539,,47,M,Mumbai,105128,silver
CUST000540,RM0058,32,F,Delhi,32008,Premium
CUST000541,,60,F,Ahmedabad,85988,
CUST000542,RM0088,42,F,Ahmedabad,59070,Platinum
CUST000543,RM0022,45,M,Mumbai,37658,Bronze
CUST000544,RM0114,80,M,Kolkata,61622,Bronze
CUST000545,RM0159,53,F,Kolkata,70570,Platinum
CUST000546,RM0159,47,M,Mumbai,91590,Premium
CUST000547,RM0018,39,F,Lucknow,20468,Platinum
CUST000548,RM0063,23,F,Jaipur,34163,
CUST000549,RM0038,38,,Bangalore,100489,Silver
CUST000550,,29,M,Chennai,31410,Premium
CUST000551,RM0088,67,F,Kolkata,67853,Bronze
CUST000552,RM0027,47,M,Ahmedabad,30414,Premium
CUST000553,RM0062,59,F,Mumbai,60397,Silver
CUST000554,RM0019,32,F,,20262,Gold
CUST000555,,30,M,Mumbai,178591,Silver
CUST000556,RM0068,51,M,Chennai,42938,
CUST000557,RM0062,28,F,Delhi,38235,Gold
CUST000558,RM0226,35,F,Chennai,124636,Gold
CUST000559,RM0196,67,M,Hyderabad,128663,Platinum
CUST000560,RM0218,36,F,Lucknow,64952,Bronze
CUST000561,,20,M,Pune,79473,Platinum
CUST000562,RM0124,18,M,Chennai,20161,Silver
CUST000563,RM0061,19,F,Delhi,99041,Bronze
CUST000564,RM0022,60,F,Ahmedabad,24880,Gold
CUST000565,RM0095,33,F,Pune,71406,bronze
CUST000566,RM0076,80,M,Pune,23352,Premium
CUST000567,,65,F,Lucknow,61124,Silver
CUST000568,RM0219,72,F,Kolkata,66252,silver
CUST000569,RM0211,57,M,Chennai,35723,Bronze
CUST000570,RM0192,50,F,Delhi,107162,Platinum
CUST000571,RM0049,29,M,Lucknow,23016,Bronze
CUST000572,RM0079,41,F,Kolkata,40341,
CUST000573,RM0104,52,M,Bangalore,97703,Silver
CUST000574,RM0085,56,F,Kolkata,56414,Platinum
CUST000575,,24,F,Delhi,39889,Silver
CUST000576,RM0046,39,F,Chennai,48459,bronze
CUST000577,RM0135,40,F,Delhi,65593,platinum
CUST000578,RM0108,40,F,Ahmedabad,86526,Gold
CUST000579,RM0148,26,M,,70554,Platinum
CUST000580,RM0017,69,F,Lucknow,97007,Gold
CUST000581,,38,F,Bangalore,111567,Bronze
CUST000582,RM0046,27,M,Mumbai,44211,Bronze
CUST000583,RM0223,70,M,Kolkata,30196,Platinum
CUST000584,RM0142,65,F,Hyderabad,42489,Premium
CUST000585,RM0012,44,M,Mumbai,37742,Bronze
CUST000586,RM0182,18,M,Ahmedabad,161239,Bronze
CUST000587,RM0211,35,M,Kolkata,123072,Premium
CUST000588,RM0172,18,M,Jaipur,112236,Gold
CUST000589,RM0179,49,M,Hyderabad,50641,Platinum
CUST000590,RM0154,34,M,,8888888,Gold
CUST000591,,25,M,Mumbai,-5000,Premium
CUST000592,RM0028,41,F,Delhi,24201,Gold
CUST000593,RM0028,41,,Chennai,48710,Bronze
CUST000594,,68,F,Lucknow,85375,Silver
CUST000595,RM0027,32,F,Kolkata,67109,Platinum
CUST000596,RM0249,49,F,Ahmedabad,27271,Gold
CUST000597,,53,M,Lucknow,8888888,Gold
CUST000598,RM0032,60,F,Chennai,176881,Gold
CUST000599,RM0053,27,F,Pune,34183,Platinum
CUST000600,RM0195,28,M,Pune,138358,Bronze
CUST000601,RM0053,29,M,Kolkata,91230,Gold
CUST000602,RM0047,28,M,Bangalore,49868,
CUST000603,RM0033,34,F,Chennai,23235,Gold
CUST000604,RM0046,41,F,Ahmedabad,138456,Platinum
CUST000605,RM0249,43,F,Ahmedabad,46474,Bronze
CUST000606,,25,M,Ahmedabad,41335,Silver
CUST000607,RM0073,45,M,Chennai,61068,Premium
CUST000608,,43,F,Pune,158090,Silver
CUST000609,RM0079,40,M,Lucknow,35065,Bronze
CUST000610,RM0196,32,F,Kolkata,85618,Silver
CUST000611,RM0189,25,M,Ahmedabad,61658,Silver
CUST000612,RM0038,50,F,Lucknow,51174,gold
CUST000613,RM0021,43,F,Jaipur,41501,Bronze
CUST000614,RM0098,47,F,Hyderabad,26057,Premium
CUST000615,RM0239,35,M,Kolkata,34448,Premium
CUST000616,RM0168,33,M,Jaipur,115061,Gold
CUST000617,RM0116,57,M,Kolkata,26095,Gold
CUST000618,RM0234,80,M,Pune,118355,Gold
CUST000619,,37,M,Mumbai,81521,premium
CUST000620,RM0134,44,F,Pune,59212,Platinum
CUST000621,RM0087,40,F,Mumbai,53149,Silver
CUST000622,RM0224,29,M,,29062,Bronze
CUST000623,RM0136,35,F,Chennai,46531,Gold
CUST000624,,72,M,Pune,72630,silver
CUST000625,RM0060,31,F,Delhi,55923,Platinum
CUST000626,RM0076,43,M,Delhi,102098,Platinum
CUST000627,RM0173,32,M,Jaipur,97154,Bronze
CUST000628,RM0055,41,M,Pune,31242,Premium
CUST000629,RM0197,31,M,Ahmedabad,40039,Bronze
CUST000630,RM0178,34,F,Kolkata,90683,Platinum
CUST000631,RM0201,20,M,Pune,125117,Gold
CUST000632,RM0240,43,F,Mumbai,125839,Platinum
CUST000633,RM0152,36,M,Lucknow,50004,Bronze
CUST000634,RM0028,49,F,Ahmedabad,229950,Bronze
CUST000635,RM0038,41,M,Lucknow,139965,Premium
CUST000636,RM0213,30,M,Chennai,58685,Bronze
CUST000637,RM0240,27,F,Hyderabad,73469,Premium
CUST000638,RM0169,41,F,Kolkata,106327,Premium
CUST000639,RM0136,61,M,Lucknow,186878,Gold
CUST000640,RM0014,33,F,Hyderabad,31393,Bronze
CUST000641,RM0054,18,M,Bangalore,98716,Premium
CUST000642,RM0110,45,M,Delhi,63089,Premium
CUST000643,RM0167,59,M,Kolkata,45206,Gold
CUST000644,RM0177,50,M,Kolkata,143308,Bronze
CUST000645,RM0168,23,M,,79519,
CUST000646,RM0147,43,F,Kolkata,98814,Premium
CUST000647,RM0033,54,M,Jaipur,138299,Platinum
CUST000648,RM0136,35,M,Chennai,36210,Platinum
CUST000649,RM0230,33,F,Bangalore,132210,gold
CUST000650,RM0168,34,F,Jaipur,73108,Premium
CUST000651,RM0242,39,F,Ahmedabad,67764,Premium
CUST000652,RM0126,24,M,Mumbai,24357,Silver
CUST000653,RM0049,44,M,Hyderabad,55180,Gold
CUST000654,RM0160,45,F,Hyderabad,190754,Silver
CUST000655,RM0241,45,M,Lucknow,75118,Premium
CUST000656,RM0211,41,F,,70347,Gold
CUST000657,RM0020,24,M,Pune,20634,Platinum
CUST000658,RM0038,38,M,Delhi,61021,Premium
CUST000659,RM0032,68,M,Lucknow,130481,Silver
CUST000660,RM0142,45,F,Jaipur,24136,Premium
CUST000661,RM0226,29,M,Bangalore,117658,Gold
CUST000662,RM0189,50,F,Bangalore,105480,Silver
CUST000663,RM0091,69,M,Delhi,38869,Silver
CUST000664,RM0105,47,M,Mumbai,51854,Premium
CUST000665,RM0074,39,M,Jaipur,42142,Premium
CUST000666,RM0174,61,M,Jaipur,54081,bronze
CUST000667,RM0063,34,F,Jaipur,29543,Platinum
CUST000668,RM0045,56,F,Pune,82242,Platinum
CUST000669,RM0087,33,F,Hyderabad,41381,Platinum
CUST000670,RM0001,35,M,Lucknow,49923,Gold
CUST000671,RM0015,53,F,Bangalore,68501,Silver
CUST000672,RM0003,60,F,Ahmedabad,41722,Premium
CUST000673,,40,F,Jaipur,213412,Bronze
CUST000674,RM0028,60,F,,70275,Bronze
CUST000675,RM0182,47,F,Bangalore,39659,Premium
CUST000676,RM0243,30,F,Bangalore,77970,Silver
CUST000677,RM0196,35,M,Pune,110712,Bronze
CUST000678,RM0197,49,M,Hyderabad,36374,Silver
CUST000679,RM0022,62,F,Hyderabad,55939,Gold
CUST000680,RM0064,57,M,Lucknow,38214,Bronze
CUST000681,RM0039,57,M,Lucknow,159277,Premium
CUST000682,RM0222,22,M,Ahmedabad,122476,Silver
CUST000683,,52,F,Chennai,74678,Premium
CUST000684,RM0013,52,F,Lucknow,35074,
CUST000685,RM0048,46,M,Bangalore,61099,Silver
CUST000686,RM0190,51,F,Kolkata,25882,Platinum
CUST000687,RM0028,18,M,Ahmedabad,119962,Premium
CUST000688,RM0020,18,M,Bangalore,59554,Silver
CUST000689,,45,F,Ahmedabad,25867,Silver
CUST000690,RM0031,41,M,Hyderabad,47456,Bronze
CUST000691,RM0034,38,F,Jaipur,117716,Premium
CUST000692,RM0249,48,F,Chennai,37280,Platinum
CUST000693,RM0041,44,F,Jaipur,101713,Premium
CUST000694,RM0219,46,M,Bangalore,20908,Platinum
CUST000695,RM0072,55,M,Mumbai,36530,Premium
CUST000696,RM0162,34,F,Kolkata,123081,Premium
CUST000697,RM0076,47,F,Mumbai,58902,Premium
CUST000698,RM0223,32,F,Lucknow,25075,Premium
CUST000699,RM0210,18,F,Chennai,65609,Gold
CUST000700,RM0112,37,M,Ahmedabad,37636,Premium
CUST000701,RM0047,57,F,Chennai,22467,
CUST000702,,29,M,Kolkata,136598,Bronze
CUST000703,RM0029,48,F,Lucknow,64974,Premium
CUST000704,,55,M,Ahmedabad,131421,Premium
CUST000705,RM0229,53,F,Delhi,21764,Silver
CUST000706,,32,M,,63710,Premium
CUST000707,RM0059,30,F,Delhi,109003,Silver
CUST000708,RM0029,42,M,Delhi,65687,Silver
CUST000709,RM0155,45,M,Hyderabad,108388,Silver
CUST000710,RM0074,51,M,Bangalore,125589,Bronze
CUST000711,RM0038,51,F,Hyderabad,48143,Bronze
CUST000712,RM0083,80,F,Kolkata,39059,Bronze
CUST000713,RM0163,64,F,Chennai,66055,Gold
CUST000714,RM0149,36,M,Mumbai,131524,Gold
CUST000715,RM0122,73,M,Bangalore,69889,Premium
CUST000716,RM0142,25,M,Bangalore,64787,Gold
CUST000717,RM0007,26,M,Lucknow,55909,Premium
CUST000718,RM0008,53,F,Bangalore,25503,Gold
CUST000719,RM0036,38,F,Mumbai,72809,Silver
CUST000720,RM0040,18,M,Kolkata,170320,Platinum
CUST000721,RM0225,64,M,Bangalore,55287,Silver
CUST000722,RM0024,51,M,Bangalore,70270,Gold
CUST000723,RM0250,40,F,Bangalore,42459,Bronze
CUST000724,,39,F,,51979,Silver
CUST000725,RM0139,38,M,Mumbai,30913,Premium
CUST000726,RM0022,18,M,Hyderabad,67180,Platinum
CUST000727,,28,F,Bangalore,56342,Bronze
CUST000728,RM0025,31,M,,20276,Platinum
CUST000729,RM0123,58,M,Delhi,62437,Silver
CUST000730,RM0060,33,F,Bangalore,55940,Gold
CUST000731,RM0093,47,F,Lucknow,45293,Premium
CUST000732,RM0246,39,,Hyderabad,24556,Bronze
CUST000733,RM0249,28,F,Hyderabad,41173,Bronze
CUST000734,RM0091,46,F,Ahmedabad,55404,Bronze
CUST000735,RM0036,41,F,Lucknow,80576,Bronze
CUST000736,RM0034,58,F,Hyderabad,266800,Platinum
CUST000737,RM0175,36,M,Delhi,45091,Premium
CUST000738,RM0041,32,M,Ahmedabad,47394,Gold
CUST000739,RM0231,54,F,Chennai,82593,Gold
CUST000740,RM0017,39,M,Mumbai,66812,Bronze
CUST000741,RM0243,55,F,Pune,175121,Silver
CUST000742,RM0122,33,F,Bangalore,106073,Premium
CUST000743,RM0018,44,F,Mumbai,78012,Bronze
CUST000744,RM0231,32,F,Jaipur,26079,Silver
CUST000745,RM0042,29,,Lucknow,43026,Platinum
CUST000746,RM0186,18,F,,26449,Silver
CUST000747,RM0240,64,F,Mumbai,23682,Premium
CUST000748,RM0242,34,M,Chennai,24178,Bronze
CUST000749,RM0140,49,M,Pune,75217,Gold
CUST000750,,39,F,Pune,76764,Premium
CUST000751,RM0139,59,F,Jaipur,20509,Silver
CUST000752,RM0139,18,M,Delhi,70543,Bronze
CUST000753,RM0005,45,M,Jaipur,123454,Bronze
CUST000754,RM0009,53,F,Ahmedabad,84362,Gold
CUST000755,RM0090,42,F,,27665,Bronze
CUST000756,RM0058,30,F,Mumbai,20588,Silver
CUST000757,RM0107,18,F,Lucknow,53276,
CUST000758,RM0062,32,F,Kolkata,63042,Platinum
CUST000759,RM0045,18,M,Lucknow,85313,Gold
CUST000760,RM0216,52,M,Kolkata,72819,Platinum
CUST000761,,49,M,Mumbai,48099,Platinum
CUST000762,RM0034,54,M,Jaipur,75884,Silver
CUST000763,RM0186,27,M,Lucknow,97791,Silver
CUST000764,RM0029,25,M,Ahmedabad,49567,Premium
CUST000765,RM0234,49,F,Delhi,117442,Bronze
CUST000766,RM0108,49,M,Lucknow,144226,Bronze
CUST000767,RM0219,18,M,Hyderabad,63637,Silver
CUST000768,RM0050,31,F,Chennai,43194,Platinum
CUST000769,,65,M,Jaipur,78302,Gold
CUST000770,RM0120,53,F,Hyderabad,43464,Platinum
CUST000771,RM0027,38,F,Ahmedabad,27692,Silver
CUST000772,RM0192,23,F,Delhi,130407,Premium
CUST000773,RM0228,27,F,Delhi,21288,Platinum
CUST000774,RM0083,35,F,Pune,71897,Gold
CUST000775,RM0082,20,M,Kolkata,23720,Gold
CUST000776,RM0055,60,M,Kolkata,46350,Silver
CUST000777,RM0112,58,M,Kolkata,66542,Gold
CUST000778,RM0116,24,M,Lucknow,42674,Bronze
CUST000779,RM0234,70,M,Mumbai,27573,Bronze
CUST000780,,35,F,Pune,53236,Silver
CUST000781,RM0013,42,M,Lucknow,186235,Bronze
CUST000782,RM0058,34,F,Delhi,44242,
CUST000783,RM0231,25,M,Mumbai,21181,Platinum
CUST000784,RM0243,36,M,Lucknow,90573,Platinum
CUST000785,RM0033,18,F,Delhi,135170,Platinum
CUST000786,RM0062,36,M,Hyderabad,26172,Silver
CUST000787,RM0091,40,F,Mumbai,129643,Gold
CUST000788,RM0120,45,F,Hyderabad,66183,Premium
CUST000789,RM0168,18,F,Jaipur,40805,Gold
CUST000790,RM0103,19,M,Delhi,58979,Gold
CUST000791,RM0062,44,F,Jaipur,8888888,Premium
CUST000792,RM0111,24,F,Mumbai,59012,Bronze
CUST000793,RM0188,51,F,Delhi,49030,Gold
CUST000794,RM0166,49,F,Jaipur,38000,Premium
CUST000795,RM0058,30,F,Bangalore,22968,Bronze
CUST000796,RM0089,32,F,Chennai,40961,Silver
CUST000797,RM0175,18,,Pune,63430,Bronze
CUST000798,,53,F,Lucknow,27494,Gold
CUST000799,,73,F,Jaipur,53559,Premium
CUST000800,RM0194,28,F,Jaipur,45689,Silver
CUST000801,RM0125,58,F,Jaipur,68466,Silver
CUST000802,RM0006,71,F,,31239,Gold
CUST000803,RM0179,35,M,Jaipur,52269,Premium
CUST000804,RM0116,40,F,Kolkata,59156,Gold
CUST000805,RM0071,45,M,Ahmedabad,58112,
CUST000806,RM0203,49,F,Jaipur,121999,Premium
CUST000807,RM0160,46,M,Chennai,26666,Bronze
CUST000808,RM0152,36,M,,99045,Premium
CUST000809,RM0225,51,F,Chennai,164157,Platinum
CUST000810,RM0236,36,F,Delhi,28055,Bronze
CUST000811,RM0236,47,M,Chennai,53025,Platinum
CUST000812,RM0107,41,F,Kolkata,119588,Premium
CUST000813,RM0214,18,F,Kolkata,36828,Bronze
CUST000814,RM0247,60,F,Bangalore,31359,
CUST000815,RM0078,33,F,Kolkata,55797,Silver
CUST000816,RM0172,62,M,Delhi,8888888,Premium
CUST000817,RM0145,80,M,Jaipur,120338,Premium
CUST000818,RM0190,37,M,Lucknow,217484,Gold
CUST000819,RM0030,59,M,Jaipur,92308,Premium
CUST000820,RM0015,36,F,Ahmedabad,62610,Bronze
CUST000821,RM0158,59,M,Jaipur,131788,Premium
CUST000822,RM0123,38,F,Delhi,23224,Platinum
CUST000823,RM0209,39,M,Mumbai,55711,
CUST000824,RM0229,57,F,Bangalore,69254,Silver
CUST000825,RM0220,71,M,Lucknow,84134,Platinum
CUST000826,RM0184,38,F,Ahmedabad,78969,Silver
CUST000827,RM0047,35,F,Kolkata,42214,Platinum
CUST000828,,30,F,Chennai,-5000,Premium
CUST000829,RM0226,32,F,Delhi,31830,Bronze
CUST000830,RM0096,54,F,Lucknow,177851,Gold
CUST000831,RM0051,56,F,Chennai,37450,Silver
CUST000832,RM0007,49,M,Kolkata,20720,Gold
CUST000833,RM0222,52,F,Pune,87445,Platinum
CUST000834,RM0144,49,M,Bangalore,27707,Bronze
CUST000835,RM0077,54,M,Hyderabad,73726,Premium
CUST000836,RM0065,53,M,Lucknow,92646,Gold
CUST000837,RM0103,47,F,Mumbai,24638,Premium
CUST000838,RM0067,58,F,Mumbai,53435,Premium
CUST000839,RM0019,39,M,Delhi,46137,Platinum
CUST000840,RM0154,30,M,Ahmedabad,23414,Platinum
CUST000841,RM0167,30,M,Kolkata,102574,gold
CUST000842,RM0189,37,F,Delhi,8888888,Bronze
CUST000843,RM0230,42,M,Delhi,37802,Silver
CUST000844,RM0059,51,M,Chennai,23998,Platinum
CUST000845,RM0020,63,M,Bangalore,81393,Silver
CUST000846,RM0123,42,F,Pune,22576,Premium
CUST000847,RM0220,39,M,Hyderabad,37498,Silver
CUST000848,RM0139,31,F,Bangalore,33223,Bronze
CUST000849,RM0134,55,M,,152414,Gold
CUST000850,RM0113,32,F,Kolkata,45968,premium
CUST000851,RM0248,37,,Ahmedabad,52354,Platinum
CUST000852,,51,M,Pune,32811,Bronze
CUST000853,RM0233,43,M,Lucknow,66253,Silver
CUST000854,RM0110,42,F,Jaipur,42143,Premium
CUST000855,RM0147,29,M,Mumbai,129757,Silver
CUST000856,RM0175,47,F,,54966,Gold
CUST000857,RM0069,74,F,Bangalore,69012,platinum
CUST000858,RM0005,22,M,Lucknow,23724,Silver
CUST000859,RM0071,25,F,Ahmedabad,82579,Premium
CUST000860,RM0162,53,M,Ahmedabad,106449,Premium
CUST000861,RM0011,45,,Pune,56716,Silver
CUST000862,RM0012,62,M,Pune,27708,Premium
CUST000863,RM0213,30,F,Pune,54327,Bronze
CUST000864,RM0105,55,M,Bangalore,36722,Silver
CUST000865,RM0007,47,F,Kolkata,22793,Silver
CUST000866,RM0009,27,M,Lucknow,89044,Premium
CUST000867,RM0188,32,F,Chennai,36159,Platinum
CUST000868,RM0076,42,M,Ahmedabad,81375,Silver
CUST000869,RM0226,29,F,Ahmedabad,25373,Platinum
CUST000870,RM0059,58,F,Bangalore,42332,Gold
CUST000871,RM0204,52,M,Chennai,38796,Premium
CUST000872,RM0225,34,F,Bangalore,97778,Bronze
CUST000873,RM0214,39,F,Pune,140365,Premium
CUST000874,RM0179,56,F,Lucknow,43685,Premium
CUST000875,RM0185,41,F,Kolkata,44522,Silver
CUST000876,RM0123,71,M,Mumbai,70080,Platinum
CUST000877,RM0095,49,F,Delhi,74888,Silver
CUST000878,RM0127,29,F,Kolkata,189139,Platinum
CUST000879,RM0046,26,M,Hyderabad,25566,
CUST000880,RM0158,57,F,Bangalore,96122,Gold
CUST000881,RM0235,35,M,Jaipur,42318,Premium
CUST000882,RM0194,44,M,,177095,Premium
CUST000883,RM0007,18,M,Hyderabad,50596,Platinum
CUST000884,RM0184,42,M,Hyderabad,31715,Bronze
CUST000885,RM0030,20,F,Jaipur,22688,Gold
CUST000886,RM0019,20,F,Jaipur,92957,Premium
CUST000887,RM0225,60,M,Hyderabad,114972,Premium
CUST000888,RM0125,37,M,Chennai,31912,Silver
CUST000889,,36,F,Lucknow,126078,Gold
CUST000890,RM0090,73,F,Ahmedabad,32150,Gold
CUST000891,RM0101,56,F,Ahmedabad,37499,Silver
CUST000892,RM0170,66,F,Ahmedabad,27343,Silver
CUST000893,RM0222,61,M,Kolkata,38962,gold
CUST000894,,54,F,Mumbai,71758,Silver
CUST000895,RM0187,65,M,Delhi,31108,Premium
CUST000896,RM0158,30,F,Pune,130461,platinum
CUST000897,RM0197,28,M,Jaipur,22992,Premium
CUST000898,RM0184,20,M,Mumbai,25911,Silver
CUST000899,RM0194,18,F,Chennai,110236,Bronze
CUST000900,RM0177,43,F,Hyderabad,20740,Premium
CUST000901,RM0020,19,M,Lucknow,20975,bronze
CUST000902,RM0050,24,F,Chennai,26640,Silver
CUST000903,RM0249,38,F,Ahmedabad,45900,Silver
CUST000904,RM0180,18,F,Delhi,57850,Premium
CUST000905,RM0148,40,M,Pune,51189,Gold
CUST000906,RM0162,42,M,Kolkata,185521,Gold
CUST000907,RM0122,72,F,Pune,38688,Gold
CUST000908,RM0010,45,M,Ahmedabad,94359,Bronze
CUST000909,RM0081,43,M,Kolkata,206513,Bronze
CUST000910,RM0097,65,M,Delhi,26708,
CUST000911,,38,F,Hyderabad,35433,Platinum
CUST000912,RM0076,44,F,Bangalore,20885,Silver
CUST000913,RM0134,56,F,Pune,56486,Silver
CUST000914,RM0185,30,M,Bangalore,41392,Gold
CUST000915,RM0018,56,M,Pune,202858,
CUST000916,RM0160,21,F,Chennai,113885,Silver
CUST000917,RM0211,52,F,Chennai,50624,Silver
CUST000918,,52,M,Lucknow,45375,Silver
CUST000919,RM0099,36,F,Mumbai,32953,Platinum
CUST000920,RM0056,39,M,Mumbai,34158,Gold
CUST000921,RM0207,67,M,Kolkata,52104,Silver
CUST000922,RM0181,40,M,Hyderabad,22979,Platinum
CUST000923,RM0216,50,F,Bangalore,23930,Silver
CUST000924,,42,M,Bangalore,42760,Silver
CUST000925,RM0003,32,M,Hyderabad,27587,gold
CUST000926,RM0004,33,M,Hyderabad,68697,
CUST000927,RM0015,47,F,Jaipur,27947,Bronze
CUST000928,RM0010,63,M,Delhi,103333,Gold
CUST000929,,22,M,Mumbai,76062,Premium
CUST000930,RM0173,65,F,Kolkata,35048,Gold
CUST000931,RM0171,51,M,Hyderabad,37160,Platinum
CUST000932,RM0177,38,M,Lucknow,51742,Premium
CUST000933,RM0023,46,M,Lucknow,23211,Premium
CUST000934,RM0006,51,M,Chennai,27967,Gold
CUST000935,RM0189,25,F,Chennai,178425,Silver
CUST000936,RM0052,39,F,Jaipur,57714,Bronze
CUST000937,RM0162,42,M,Kolkata,76912,Platinum
CUST000938,RM0208,18,F,Chennai,23965,Silver
CUST000939,RM0120,54,M,Pune,50778,Platinum
CUST000940,RM0097,32,M,Ahmedabad,59546,Silver
CUST000941,RM0166,33,M,Ahmedabad,29061,Silver
CUST000942,RM0117,40,F,Ahmedabad,49488,Bronze
CUST000943,RM0077,48,M,Hyderabad,33852,Gold
CUST000944,RM0103,47,M,Lucknow,181733,Gold
CUST000945,RM0034,42,M,Ahmedabad,35024,Premium
CUST000946,RM0118,46,M,Kolkata,-5000,Gold
CUST000947,RM0063,72,M,Kolkata,23794,silver
CUST000948,RM0234,21,M,Pune,68688,Bronze
CUST000949,RM0035,48,F,Jaipur,90798,Silver
CUST000950,,42,M,Pune,28817,platinum
CUST000951,RM0129,69,M,Mumbai,34207,Bronze
CUST000952,RM0112,39,F,Ahmedabad,71168,Gold
CUST000953,,27,M,Delhi,61630,Gold
CUST000954,RM0188,49,F,Mumbai,93838,Premium
CUST000955,RM0246,37,M,Ahmedabad,20453,Premium
CUST000956,RM0200,41,M,Jaipur,42082,Platinum
CUST000957,RM0223,23,F,Lucknow,39406,Silver
CUST000958,RM0117,51,F,Lucknow,114207,Premium
CUST000959,RM0065,34,F,Ahmedabad,47992,Premium
CUST000960,RM0163,45,M,Delhi,21480,Premium
CUST000961,RM0038,73,M,Jaipur,26306,Silver
CUST000962,RM0011,38,M,Delhi,37046,Gold
CUST000963,RM0164,53,M,Kolkata,269947,Premium
CUST000964,RM0204,39,M,Mumbai,22297,Silver
CUST000965,RM0122,32,F,Mumbai,44916,Silver
CUST000966,RM0233,61,,Bangalore,90175,Premium
CUST000967,RM0119,18,F,Lucknow,97452,Silver
CUST000968,RM0183,57,F,Jaipur,34450,Bronze
CUST000969,,18,F,Bangalore,73447,Bronze
CUST000970,RM0066,55,F,Jaipur,33748,Platinum
CUST000971,RM0075,42,M,Lucknow,32477,bronze
CUST000972,RM0196,27,M,Delhi,9999999,Bronze
CUST000973,RM0056,45,F,Pune,36597,Silver
CUST000974,RM0108,39,F,Jaipur,170247,Silver
CUST000975,RM0220,18,M,Mumbai,63385,Silver
CUST000976,RM0086,71,F,Mumbai,56355,Premium
CUST000977,RM0036,29,M,Chennai,41774,Premium
CUST000978,RM0161,56,F,Chennai,132260,silver
CUST000979,RM0042,63,M,Hyderabad,52345,Gold
CUST000980,,35,M,Ahmedabad,54411,Bronze
CUST000981,RM0029,48,M,,30298,Gold
CUST000982,,22,F,Jaipur,40140,Bronze
CUST000983,RM0199,36,M,Kolkata,23690,Premium
CUST000984,RM0186,48,M,Hyderabad,23575,Platinum
CUST000985,RM0149,42,M,Ahmedabad,46331,Gold
CUST000986,RM0025,52,M,Pune,103268,Bronze
CUST000987,RM0114,34,M,Hyderabad,79146,Silver
CUST000988,,56,F,Ahmedabad,93728,Silver
CUST000989,RM0040,27,F,Mumbai,124326,Gold
CUST000990,RM0150,48,F,Bangalore,58728,Silver
CUST000991,RM0165,33,F,Jaipur,21914,Silver
CUST000992,RM0124,18,F,Bangalore,26840,
CUST000993,RM0200,52,M,Jaipur,22809,Gold
CUST000994,RM0190,18,M,Jaipur,200740,Bronze
CUST000995,RM0138,31,M,Bangalore,38116,Premium
CUST000996,RM0167,26,F,Delhi,33095,Bronze
CUST000997,RM0188,60,M,Lucknow,114333,Gold
CUST000998,RM0026,54,F,Delhi,47463,Silver
CUST000999,RM0026,26,,Delhi,82347,Bronze
CUST001000,RM0114,24,F,Lucknow,104853,Platinum
CUST001001,RM0162,35,F,Chennai,136108,Platinum
CUST001002,RM0174,24,M,Pune,102173,Bronze
CUST001003,RM0131,63,M,Ahmedabad,74089,Premium
CUST001004,RM0176,18,F,Jaipur,24085,Premium
CUST001005,RM0176,69,M,Bangalore,29155,Platinum
CUST001006,RM0157,47,F,Hyderabad,95850,Platinum
CUST001007,RM0068,50,F,Pune,22167,Silver
CUST001008,RM0109,43,F,Bangalore,35416,Premium
CUST001009,RM0197,18,F,Mumbai,82662,Gold
CUST001010,RM0203,53,F,Delhi,91149,Gold
CUST001011,,42,M,Kolkata,55554,Platinum
CUST001012,RM0233,27,M,Hyderabad,43044,Platinum
CUST001013,RM0113,58,F,Bangalore,50968,Gold
CUST001014,RM0147,56,F,Hyderabad,146911,Gold
CUST001015,RM0036,58,F,Chennai,118913,Silver
CUST001016,RM0120,55,F,Mumbai,36015,Gold
CUST001017,RM0165,33,M,Jaipur,41182,Bronze
CUST001018,RM0145,50,F,Pune,40444,
CUST001019,RM0189,57,M,Ahmedabad,61285,Platinum
CUST001020,RM0049,56,M,Delhi,166958,Bronze
CUST001021,RM0148,18,F,,28898,Bronze
CUST001022,RM0005,40,F,Chennai,9999999,Silver
CUST001023,RM0148,52,M,Delhi,44254,Platinum
CUST001024,,54,F,Chennai,21275,Gold
CUST001025,RM0052,19,F,,81017,Silver
CUST001026,RM0242,36,M,Ahmedabad,104948,bronze
CUST001027,RM0051,49,M,Chennai,22652,Premium
CUST001028,RM0126,42,M,Pune,55139,Silver
CUST001029,RM0131,52,M,Hyderabad,29877,Premium
CUST001030,RM0112,48,F,Mumbai,100472,Gold
CUST001031,RM0071,18,M,Bangalore,27061,Premium
CUST001032,RM0121,58,F,Bangalore,120233,Gold
CUST001033,RM0045,34,M,,37127,Gold
CUST001034,RM0104,29,M,Ahmedabad,122557,Silver
CUST001035,,57,M,Mumbai,34415,Premium
CUST001036,RM0058,51,F,Jaipur,69024,Premium
CUST001037,RM0220,60,F,Jaipur,138269,Silver
CUST001038,RM0158,45,M,Jaipur,20611,Bronze
CUST001039,RM0242,36,M,Hyderabad,59798,Premium
CUST001040,RM0169,44,F,Bangalore,36958,Bronze
CUST001041,RM0096,26,M,Bangalore,68549,Premium
CUST001042,,21,F,Pune,40327,Gold
CUST001043,RM0223,32,F,Delhi,23540,Bronze
CUST001044,RM0168,65,F,Ahmedabad,96568,Silver
CUST001045,RM0117,33,F,Mumbai,77829,Silver
CUST001046,RM0033,18,M,Hyderabad,40207,Premium
CUST001047,RM0142,39,M,Chennai,164522,Platinum
CUST001048,RM0051,33,M,Pune,71324,Platinum
CUST001049,RM0178,58,M,Bangalore,31094,Silver
CUST001050,RM0245,63,F,Jaipur,47092,Silver
CUST001051,RM0229,35,F,Lucknow,36276,silver
CUST001052,RM0018,45,M,Bangalore,36170,Gold
CUST001053,RM0101,47,F,Kolkata,23494,Silver
CUST001054,RM0190,41,F,,56563,Gold
CUST001055,RM0080,38,F,Jaipur,86948,Platinum
CUST001056,RM0117,28,M,Hyderabad,80963,Silver
CUST001057,RM0120,18,M,Lucknow,45342,Bronze
CUST001058,RM0222,28,F,Delhi,35345,Bronze
CUST001059,RM0072,40,F,Delhi,35635,Silver
CUST001060,,20,F,Ahmedabad,36946,Platinum
CUST001061,RM0215,45,M,Delhi,66271,Bronze
CUST001062,RM0062,43,M,Ahmedabad,24005,Platinum
CUST001063,RM0147,33,F,Mumbai,65695,
CUST001064,RM0047,37,F,Pune,9999999,Bronze
CUST001065,RM0248,64,F,Bangalore,35557,Premium
CUST001066,RM0198,60,M,Delhi,20761,Bronze
CUST001067,RM0158,59,M,Pune,67081,Gold
CUST001068,RM0164,57,F,Pune,38764,Silver
CUST001069,RM0246,51,F,Jaipur,120531,
CUST001070,RM0159,18,F,Bangalore,166622,Premium
CUST001071,RM0137,38,F,Delhi,64286,Bronze
CUST001072,RM0058,46,F,,80388,
CUST001073,RM0178,29,M,,20775,Gold
CUST001074,RM0006,67,M,Jaipur,63724,Bronze
CUST001075,RM0161,37,F,Hyderabad,178007,Bronze
CUST001076,RM0094,18,M,Chennai,45460,Silver
CUST001077,RM0149,36,M,Lucknow,75807,Platinum
CUST001078,RM0090,48,F,Mumbai,208628,Platinum
CUST001079,RM0113,29,M,Ahmedabad,88992,gold
CUST001080,RM0038,39,M,Ahmedabad,142990,Silver
CUST001081,RM0196,18,F,Lucknow,48493,Gold
CUST001082,RM0131,35,M,Mumbai,84267,Platinum
CUST001083,RM0092,42,M,Chennai,67504,Premium
CUST001084,RM0199,40,M,Delhi,70762,gold
CUST001085,RM0147,54,F,Hyderabad,24792,Bronze
CUST001086,RM0182,27,M,Delhi,31111,Premium
CUST001087,RM0193,47,F,Mumbai,20692,Platinum
CUST001088,RM0136,50,F,Bangalore,9999999,Premium
CUST001089,RM0159,30,M,Lucknow,35790,Silver
CUST001090,RM0113,31,F,,34221,Gold
CUST001091,,40,F,Bangalore,85975,Premium
CUST001092,RM0043,31,F,Jaipur,66663,Platinum
CUST001093,RM0201,33,M,Ahmedabad,171299,Platinum
CUST001094,RM0104,45,M,Delhi,111159,Bronze
CUST001095,RM0083,49,M,Bangalore,154937,Platinum
CUST001096,RM0051,49,M,Pune,59290,Bronze
CUST001097,RM0157,49,M,Delhi,87910,Silver
CUST001098,RM0151,23,M,,86954,Gold
CUST001099,RM0049,30,M,Mumbai,43190,Bronze
CUST001100,RM0026,42,M,Lucknow,146767,Gold
CUST001101,RM0004,58,,Pune,35657,Premium
CUST001102,RM0100,77,M,Hyderabad,42978,Bronze
CUST001103,RM0109,46,F,Mumbai,97414,Silver
CUST001104,RM0106,52,M,Kolkata,50288,Gold
CUST001105,,21,M,Ahmedabad,81117,Gold
CUST001106,,52,F,Hyderabad,47895,Silver
CUST001107,RM0146,71,M,Ahmedabad,157663,Bronze
CUST001108,RM0133,30,F,Delhi,23307,Premium
CUST001109,RM0158,33,M,Pune,49342,Bronze
CUST001110,,54,M,Mumbai,-5000,Silver
CUST001111,RM0040,31,F,,53774,Gold
CUST001112,RM0216,42,F,Delhi,150940,Platinum
CUST001113,RM0137,45,M,Mumbai,-5000,Silver
CUST001114,RM0145,36,M,Delhi,46353,Platinum
CUST001115,,23,F,Chennai,28687,Platinum
CUST001116,RM0157,54,F,Pune,28745,Bronze
CUST001117,RM0074,53,F,Kolkata,104134,Bronze
CUST001118,RM0037,47,M,Pune,77780,Platinum
CUST001119,RM0104,37,F,Kolkata,38539,Bronze
CUST001120,RM0136,32,F,Jaipur,34381,Gold
CUST001121,RM0203,80,F,Lucknow,42071,Gold
CUST001122,RM0052,60,F,Ahmedabad,41831,Gold
CUST001123,,49,M,Lucknow,38393,Gold
CUST001124,RM0051,50,F,Lucknow,142547,Gold
CUST001125,RM0161,40,,Mumbai,41880,Premium
CUST001126,RM0024,46,F,Pune,55223,Gold
CUST001127,RM0081,38,F,Jaipur,60301,Bronze
CUST001128,RM0226,29,F,Hyderabad,54971,Platinum
CUST001129,RM0232,47,M,Kolkata,76495,Gold
CUST001130,RM0123,37,F,Bangalore,110979,
CUST001131,RM0006,48,M,Delhi,48920,Platinum
CUST001132,RM0160,51,M,Pune,67150,Gold
CUST001133,RM0203,49,F,Pune,29877,Platinum
CUST001134,RM0050,28,M,Hyderabad,79200,Premium
CUST001135,RM0111,35,M,Lucknow,29033,Bronze
CUST001136,,37,M,Hyderabad,20099,Gold
CUST001137,RM0086,56,F,Jaipur,56173,Bronze
CUST001138,RM0073,55,M,,28798,Premium
CUST001139,RM0196,31,M,Delhi,25565,Silver
CUST001140,,23,F,Pune,9999999,Platinum
CUST001141,RM0028,43,M,Delhi,66793,Gold
CUST001142,,19,M,Chennai,34075,Premium
CUST001143,RM0127,39,M,Jaipur,33341,Silver
CUST001144,,33,M,Delhi,32394,Gold
CUST001145,RM0218,43,F,Jaipur,60695,Gold
CUST001146,RM0056,48,F,Bangalore,46873,Gold
CUST001147,,62,M,Ahmedabad,79607,Premium
CUST001148,,18,M,Pune,80557,Platinum
CUST001149,RM0191,42,M,Bangalore,46547,Silver
CUST001150,,22,F,Ahmedabad,122214,Bronze
CUST001151,RM0037,50,F,Bangalore,26130,Premium
CUST001152,RM0004,75,M,Kolkata,66524,Gold
CUST001153,RM0070,36,F,Ahmedabad,27706,
CUST001154,RM0128,30,F,Delhi,78894,Gold
CUST001155,RM0181,34,M,Mumbai,133012,Gold
CUST001156,RM0162,22,M,Pune,31427,Platinum
CUST001157,RM0207,18,F,Chennai,20914,Platinum
CUST001158,RM0084,45,F,Jaipur,98693,Silver
CUST001159,RM0204,41,M,Lucknow,61126,Gold
CUST001160,RM0210,30,F,Lucknow,69500,Premium
CUST001161,RM0136,25,M,Hyderabad,20501,Silver
CUST001162,RM0094,54,,Lucknow,84267,Gold
CUST001163,RM0038,60,M,Chennai,106127,Bronze
CUST001164,RM0153,43,F,Kolkata,112679,Premium
CUST001165,RM0210,18,F,Ahmedabad,98404,Gold
CUST001166,RM0038,39,M,Ahmedabad,50009,Gold
CUST001167,RM0181,47,M,Pune,127091,Platinum
CUST001168,RM0095,37,F,Pune,51396,Bronze
CUST001169,RM0195,39,M,Bangalore,101364,Platinum
CUST001170,RM0238,31,M,Pune,136024,Platinum
CUST001171,RM0106,37,F,Jaipur,59018,Bronze
CUST001172,RM0209,56,M,Chennai,192203,Silver
CUST001173,RM0011,44,F,Kolkata,23849,Gold
CUST001174,,33,M,Lucknow,43537,Bronze
CUST001175,RM0090,37,F,Jaipur,313592,Silver
CUST001176,,62,M,Lucknow,60942,Silver
CUST001177,RM0051,25,F,Jaipur,41579,Premium
CUST001178,RM0053,31,M,Lucknow,43303,
CUST001179,RM0077,39,M,Chennai,51203,Platinum
CUST001180,RM0227,32,M,Chennai,84139,Premium
CUST001181,RM0185,61,F,Lucknow,20419,Bronze
CUST001182,RM0171,56,,,32273,Platinum
CUST001183,,38,M,Pune,9999999,Silver
CUST001184,RM0049,73,M,Mumbai,20266,Silver
CUST001185,RM0078,50,M,Ahmedabad,59750,Gold
CUST001186,RM0029,52,M,Ahmedabad,23438,Platinum
CUST001187,,48,F,Ahmedabad,96153,Bronze
CUST001188,RM0250,63,M,Mumbai,-1000,Silver
CUST001189,RM0247,53,M,Kolkata,56491,Bronze
CUST001190,RM0180,51,F,Ahmedabad,27560,Premium
CUST001191,RM0096,58,F,Lucknow,87788,Platinum
CUST001192,RM0120,64,F,Kolkata,29309,Gold
CUST001193,RM0111,44,F,Jaipur,89310,Gold
CUST001194,RM0043,40,M,Lucknow,139422,Gold
CUST001195,RM0209,50,M,Jaipur,73085,Bronze
CUST001196,,63,M,Pune,129968,
CUST001197,RM0084,69,F,Pune,28508,Platinum
CUST001198,RM0177,58,M,Jaipur,52115,Bronze
CUST001199,RM0127,27,M,Delhi,31298,Silver
CUST001200,RM0049,55,M,Ahmedabad,-1000,Gold
CUST001201,RM0109,25,F,Hyderabad,32098,Premium
CUST001202,RM0151,30,M,Pune,47656,Platinum
CUST001203,,42,F,Lucknow,30407,Bronze
CUST001204,RM0243,55,M,Jaipur,24004,Premium
CUST001205,RM0063,28,M,Ahmedabad,106251,Premium
CUST001206,,64,M,Lucknow,73868,Bronze
CUST001207,RM0200,32,F,Jaipur,8888888,Gold
CUST001208,RM0013,54,F,Mumbai,78941,Platinum
CUST001209,RM0085,43,M,Bangalore,70581,Premium
CUST001210,RM0012,41,F,Delhi,39615,Platinum
CUST001211,RM0036,29,F,Kolkata,79313,Platinum
CUST001212,,32,F,Kolkata,32340,Platinum
CUST001213,,19,M,Bangalore,74230,Silver
CUST001214,RM0042,51,F,Ahmedabad,104353,Gold
CUST001215,,52,M,Bangalore,30395,Bronze
CUST001216,RM0101,53,M,Bangalore,-1000,Premium
CUST001217,RM0063,45,M,Kolkata,42970,Gold
CUST001218,RM0161,33,M,Delhi,48312,Gold
CUST001219,RM0019,47,M,Kolkata,21987,Bronze
CUST001220,,18,F,Lucknow,74957,bronze
CUST001221,RM0058,52,F,Bangalore,129515,Platinum
CUST001222,RM0134,37,M,Bangalore,39673,Bronze
CUST001223,RM0011,47,F,Jaipur,34318,Bronze
CUST001224,RM0236,46,M,Delhi,62983,Platinum
CUST001225,RM0250,53,F,Lucknow,117604,Premium
CUST001226,RM0081,51,F,Pune,322207,Gold
CUST001227,RM0106,26,M,Hyderabad,21134,Gold
CUST001228,RM0176,38,M,Hyderabad,42347,Silver
CUST001229,RM0053,47,F,Kolkata,38754,Silver
CUST001230,RM0070,63,F,Kolkata,73115,Silver
CUST001231,RM0101,51,F,Kolkata,-5000,Silver
CUST001232,RM0014,61,F,Bangalore,91837,Bronze
CUST001233,RM0093,58,F,Delhi,68990,Premium
CUST001234,RM0176,72,M,Lucknow,119914,
CUST001235,RM0073,66,F,Bangalore,253775,Platinum
CUST001236,,68,M,Mumbai,90679,Gold
CUST001237,RM0024,68,M,Chennai,44651,Silver
CUST001238,RM0157,34,,Kolkata,32995,Gold
CUST001239,RM0154,52,F,Kolkata,152352,Gold
CUST001240,RM0193,44,F,Jaipur,40920,Silver
CUST001241,RM0006,19,M,Kolkata,291662,Bronze
CUST001242,RM0104,44,M,Ahmedabad,218477,Bronze
CUST001243,RM0176,58,F,Pune,82780,Premium
CUST001244,RM0126,50,M,Hyderabad,64966,Bronze
CUST001245,RM0044,41,M,Pune,76163,Platinum
CUST001246,,32,M,Jaipur,76587,Gold
CUST001247,RM0116,50,M,Bangalore,29157,Bronze
CUST001248,RM0060,39,M,Ahmedabad,54693,Platinum
CUST001249,RM0230,58,M,Delhi,72297,
CUST001250,RM0201,58,M,Bangalore,36099,Bronze
CUST001251,RM0003,48,M,Bangalore,65727,Silver
CUST001252,,26,F,Ahmedabad,29883,Platinum
CUST001253,RM0029,36,F,Hyderabad,75094,Platinum
CUST001254,RM0205,69,F,Jaipur,110812,Platinum
CUST001255,RM0156,49,F,Ahmedabad,80138,Bronze
CUST001256,RM0010,61,F,Hyderabad,111055,Silver
CUST001257,RM0081,27,M,Lucknow,45698,Gold
CUST001258,RM0192,80,,Ahmedabad,28343,Bronze
CUST001259,RM0103,18,M,Bangalore,147110,Gold
CUST001260,RM0237,50,F,Hyderabad,63756,Silver
CUST001261,RM0132,18,M,Chennai,22669,
CUST001262,RM0130,58,M,,21612,Gold
CUST001263,RM0134,29,F,Mumbai,66677,Silver
CUST001264,RM0150,39,M,Bangalore,126420,Bronze
CUST001265,RM0097,46,M,Kolkata,31864,Silver
CUST001266,RM0057,53,F,Bangalore,119387,Gold
CUST001267,RM0146,39,M,Ahmedabad,86861,Premium
CUST001268,RM0057,45,F,Pune,36880,Bronze
CUST001269,RM0245,46,F,Pune,51275,Platinum
CUST001270,RM0171,43,M,Mumbai,113992,Platinum
CUST001271,RM0070,39,M,Hyderabad,23468,Bronze
CUST001272,RM0066,34,M,Bangalore,205134,Gold
CUST001273,RM0179,47,M,Lucknow,159003,Bronze
CUST001274,RM0238,46,M,Mumbai,24447,Premium
CUST001275,RM0095,32,M,Chennai,31836,Bronze
CUST001276,RM0157,39,M,Delhi,33027,Platinum
CUST001277,RM0003,18,M,Mumbai,25322,Premium
CUST001278,RM0009,38,F,Delhi,29165,Silver
CUST001279,,18,M,Chennai,100047,Premium
CUST001280,RM0230,35,M,Hyderabad,39745,Premium
CUST001281,RM0119,26,F,,26944,Platinum
CUST001282,RM0171,30,F,Kolkata,34816,Bronze
CUST001283,RM0239,62,F,Bangalore,23230,Silver
CUST001284,,24,M,Hyderabad,31818,Gold
CUST001285,RM0177,36,F,Chennai,40976,Bronze
CUST001286,RM0168,46,F,Ahmedabad,119997,Gold
CUST001287,RM0248,18,F,Lucknow,61437,Silver
CUST001288,RM0048,39,F,Bangalore,-5000,Bronze
CUST001289,RM0155,36,M,Pune,63458,Gold
CUST001290,RM0096,46,F,Jaipur,55211,Platinum
CUST001291,RM0157,47,F,Ahmedabad,35985,Premium
CUST001292,,26,F,Lucknow,53455,Premium
CUST001293,RM0237,40,M,Lucknow,38297,Bronze
CUST001294,RM0068,29,F,,-5000,
CUST001295,,24,F,,84550,Platinum
CUST001296,RM0188,18,F,Chennai,62699,Silver
CUST001297,RM0142,58,F,Chennai,119098,Gold
CUST001298,,52,M,Hyderabad,38834,Gold
CUST001299,RM0075,60,M,Hyderabad,247586,Bronze
CUST001300,RM0139,44,M,Delhi,130145,Premium
CUST001301,RM0204,24,M,Jaipur,53607,Gold
CUST001302,RM0032,34,M,Chennai,87670,Premium
CUST001303,RM0065,18,M,Bangalore,111079,Platinum
CUST001304,RM0042,19,F,,42424,Gold
CUST001305,RM0203,37,M,Ahmedabad,39892,Platinum
CUST001306,RM0192,57,F,Ahmedabad,50255,Gold
CUST001307,RM0165,34,,Pune,30933,Premium
CUST001308,RM0107,47,M,Lucknow,171252,
CUST001309,RM0197,45,F,Mumbai,63293,Bronze
CUST001310,RM0164,23,M,Bangalore,53630,Bronze
CUST001311,RM0209,23,F,Hyderabad,60222,Silver
CUST001312,RM0105,51,M,Delhi,9999999,Premium
CUST001313,RM0197,64,M,Hyderabad,27612,Gold
CUST001314,RM0195,24,F,Hyderabad,62300,Premium
CUST001315,RM0104,33,F,Mumbai,32340,
CUST001316,RM0025,29,F,Delhi,30095,Premium
CUST001317,RM0152,33,M,Mumbai,150949,Gold
CUST001318,RM0187,54,F,Chennai,195205,Platinum
CUST001319,RM0061,25,F,Lucknow,43464,Bronze
CUST001320,RM0149,45,F,,99908,Premium
CUST001321,RM0152,31,M,Chennai,60685,Gold
CUST001322,RM0011,38,M,Hyderabad,113255,Premium
CUST001323,RM0148,34,F,Delhi,-5000,Premium
CUST001324,RM0084,49,M,Bangalore,75853,Platinum
CUST001325,RM0091,31,F,,123602,Gold
CUST001326,,31,M,Hyderabad,34362,Premium
CUST001327,RM0072,46,F,Chennai,69352,Bronze
CUST001328,RM0177,47,F,Mumbai,89367,Bronze
CUST001329,RM0166,39,M,Pune,41633,Platinum
CUST001330,RM0177,24,M,Delhi,24923,Platinum
CUST001331,RM0073,54,M,Jaipur,22044,Platinum
CUST001332,,41,F,Delhi,37227,Platinum
CUST001333,RM0185,32,F,Ahmedabad,139535,Silver
CUST001334,RM0228,31,M,Ahmedabad,51562,
CUST001335,RM0246,65,F,Chennai,28390,Premium
CUST001336,RM0137,38,M,Delhi,53399,Platinum
CUST001337,,71,M,Chennai,8888888,Silver
CUST001338,RM0024,20,M,,406176,Platinum
CUST001339,RM0139,34,M,Pune,107883,Premium
CUST001340,RM0129,62,F,Jaipur,29359,silver
CUST001341,RM0007,44,M,Chennai,67742,platinum
CUST001342,RM0188,18,F,Bangalore,140734,Gold
CUST001343,,49,F,Kolkata,22577,Silver
CUST001344,RM0017,80,M,Kolkata,21776,bronze
CUST001345,RM0196,18,M,Jaipur,111373,Bronze
CUST001346,RM0227,67,F,Bangalore,28758,Platinum
CUST001347,RM0153,41,F,Hyderabad,33556,Bronze
CUST001348,RM0238,35,F,Lucknow,22544,Premium
CUST001349,RM0178,33,F,Lucknow,66865,Platinum
CUST001350,RM0210,46,M,Jaipur,36498,Platinum
CUST001351,RM0140,35,M,Pune,100834,Platinum
CUST001352,RM0212,25,M,Lucknow,44886,Gold
CUST001353,RM0109,33,F,,94089,Silver
CUST001354,RM0200,47,M,Chennai,-1000,Premium
CUST001355,RM0207,53,M,Pune,61710,Platinum
CUST001356,RM0173,25,M,Bangalore,152355,Silver
CUST001357,RM0148,32,M,Hyderabad,20967,Platinum
CUST001358,RM0202,39,M,Mumbai,107682,Premium
CUST001359,RM0227,65,F,Kolkata,33356,Silver
CUST001360,RM0032,44,F,Pune,41162,Silver
CUST001361,RM0044,49,F,Chennai,35428,Premium
CUST001362,RM0155,44,M,Mumbai,67268,Platinum
CUST001363,RM0013,24,M,Hyderabad,114229,Silver
CUST001364,RM0165,59,M,Chennai,167025,Bronze
CUST001365,RM0017,46,F,Jaipur,36249,Premium
CUST001366,RM0172,50,F,Bangalore,36537,Silver
CUST001367,RM0186,56,M,Mumbai,68734,Premium
CUST001368,RM0075,57,F,Mumbai,250805,Gold
CUST001369,RM0202,25,M,Mumbai,24111,Silver
CUST001370,RM0121,22,M,Delhi,49241,Silver
CUST001371,RM0143,29,F,Mumbai,109960,Silver
CUST001372,RM0088,23,M,Chennai,157042,Premium
CUST001373,RM0211,34,M,Chennai,151994,Silver
CUST001374,RM0207,24,M,Lucknow,23190,Platinum
CUST001375,RM0062,25,F,Mumbai,192220,Gold
CUST001376,RM0219,46,F,Pune,49594,Premium
CUST001377,RM0025,18,M,,51834,Bronze
CUST001378,RM0211,42,M,Jaipur,-1000,Silver
CUST001379,RM0063,60,M,Kolkata,90094,Bronze
CUST001380,RM0226,53,M,Lucknow,63124,Silver
CUST001381,,27,M,Jaipur,45742,Platinum
CUST001382,RM0215,68,M,Lucknow,-5000,Bronze
CUST001383,RM0038,37,F,Hyderabad,78729,Silver
CUST001384,RM0138,50,F,Kolkata,35847,Silver
CUST001385,RM0248,34,M,Mumbai,40935,
CUST001386,RM0242,34,F,Delhi,48102,Platinum
CUST001387,RM0196,45,M,Chennai,-5000,Premium
CUST001388,RM0088,67,M,Ahmedabad,36980,Platinum
CUST001389,RM0144,18,F,Mumbai,65327,Gold
CUST001390,RM0078,40,M,Chennai,48444,
CUST001391,RM0171,55,M,Lucknow,41076,Platinum
CUST001392,RM0014,43,F,Lucknow,86025,Premium
CUST001393,RM0206,50,F,Bangalore,106013,Premium
CUST001394,RM0154,44,F,Hyderabad,61805,Bronze
CUST001395,RM0165,52,M,Pune,45501,Bronze
CUST001396,RM0164,46,F,Chennai,39785,Silver
CUST001397,RM0228,40,F,Jaipur,63002,Gold
CUST001398,RM0015,43,M,Kolkata,51179,Platinum
CUST001399,RM0008,64,M,Chennai,21649,Gold
CUST001400,RM0170,51,M,Hyderabad,73752,Gold
CUST001401,RM0230,27,F,Jaipur,29468,Premium
CUST001402,RM0201,43,F,Jaipur,61963,Silver
CUST001403,RM0097,47,F,Bangalore,105391,gold
CUST001404,RM0207,39,F,Bangalore,225423,Premium
CUST001405,RM0204,18,M,Bangalore,22583,Silver
CUST001406,RM0058,29,F,Delhi,8888888,Bronze
CUST001407,RM0050,43,M,Hyderabad,50617,Premium
CUST001408,RM0162,37,M,Jaipur,32842,Silver
CUST001409,RM0150,20,F,Ahmedabad,63093,Gold
CUST001410,RM0154,51,F,Lucknow,42252,Bronze
CUST001411,RM0005,48,F,Bangalore,52442,Bronze
CUST001412,RM0239,48,F,Chennai,41602,silver
CUST001413,RM0117,59,M,Kolkata,39888,Silver
CUST001414,RM0140,34,M,Delhi,31726,Gold
CUST001415,RM0001,40,F,Ahmedabad,52901,Bronze
CUST001416,RM0250,29,F,Lucknow,111913,Gold
CUST001417,,33,F,Delhi,102618,Silver
CUST001418,RM0073,22,F,Delhi,106756,Gold
CUST001419,RM0232,30,M,Delhi,38069,Platinum
CUST001420,RM0229,18,F,Jaipur,154822,Gold
CUST001421,RM0213,47,M,Jaipur,21660,Platinum
CUST001422,RM0030,71,F,Mumbai,52274,Silver
CUST001423,RM0180,24,M,Mumbai,73415,Bronze
CUST001424,RM0241,37,M,Mumbai,197283,Platinum
CUST001425,RM0037,67,M,Kolkata,23545,Gold
CUST001426,RM0169,49,F,Bangalore,47035,Platinum
CUST001427,RM0134,46,F,Lucknow,159421,Premium
CUST001428,RM0143,28,F,Mumbai,74202,Silver
CUST001429,RM0033,38,M,Jaipur,59999,
CUST001430,RM0185,32,F,Pune,45809,Platinum
CUST001431,RM0157,48,F,Mumbai,67315,Premium
CUST001432,RM0113,48,F,Jaipur,43376,Gold
CUST001433,RM0169,35,M,Ahmedabad,41917,Bronze
CUST001434,RM0137,37,F,Bangalore,46651,Platinum
CUST001435,RM0034,59,F,Mumbai,23634,Bronze
CUST001436,RM0048,61,M,Pune,45147,Silver
CUST001437,RM0100,36,M,Jaipur,107810,Bronze
CUST001438,RM0192,36,F,Chennai,22140,Silver
CUST001439,RM0212,24,F,Chennai,125734,Gold
CUST001440,RM0050,37,M,Pune,60713,Platinum
CUST001441,RM0195,42,F,Lucknow,85742,Bronze
CUST001442,RM0243,18,F,Jaipur,178644,Gold
CUST001443,RM0182,47,F,,156135,Bronze
CUST001444,RM0125,38,M,Jaipur,144097,Silver
CUST001445,RM0020,62,M,Pune,45809,Bronze
CUST001446,RM0069,63,F,Delhi,89796,Silver
CUST001447,RM0084,71,F,Jaipur,47970,Gold
CUST001448,RM0205,47,M,Delhi,85744,premium
CUST001449,RM0198,37,M,Jaipur,109467,
CUST001450,RM0016,46,M,Jaipur,58858,bronze
CUST001451,RM0197,38,F,Pune,43824,Gold
CUST001452,RM0150,59,M,Pune,143290,Bronze
CUST001453,RM0190,51,F,Pune,53084,Silver
CUST001454,RM0216,34,M,Kolkata,56087,Gold
CUST001455,RM0007,52,F,Lucknow,39667,Premium
CUST001456,RM0060,18,M,Pune,22003,Premium
CUST001457,RM0009,64,M,Hyderabad,41217,Bronze
CUST001458,RM0135,31,F,Chennai,75599,Platinum
CUST001459,RM0231,62,M,Jaipur,35457,Silver
CUST001460,RM0181,34,M,Bangalore,251948,Gold
CUST001461,RM0207,43,M,Mumbai,73867,Gold
CUST001462,RM0160,36,F,Bangalore,78244,Premium
CUST001463,RM0142,48,M,Bangalore,32594,
CUST001464,RM0231,24,F,Kolkata,38351,Silver
CUST001465,RM0147,18,F,Jaipur,28731,Platinum
CUST001466,RM0027,60,F,Ahmedabad,29372,Gold
CUST001467,RM0051,64,M,Mumbai,134121,Gold
CUST001468,RM0045,34,M,Kolkata,24393,Platinum
CUST001469,RM0169,29,M,Pune,20836,Silver
CUST001470,RM0180,38,F,Delhi,74193,Platinum
CUST001471,RM0166,25,F,Mumbai,33316,Bronze
CUST001472,RM0067,47,M,Lucknow,21199,Bronze
CUST001473,RM0221,36,M,Chennai,121403,
CUST001474,RM0153,34,F,Jaipur,150498,Bronze
CUST001475,RM0133,33,M,Bangalore,22009,Premium
CUST001476,,40,F,Jaipur,62659,Bronze
CUST001477,RM0113,36,M,Kolkata,63763,Silver
CUST001478,RM0205,40,F,Kolkata,20568,Premium
CUST001479,RM0209,31,M,Lucknow,22054,Silver
CUST001480,RM0223,57,F,Delhi,64379,Platinum
CUST001481,RM0123,47,M,Lucknow,59284,Platinum
CUST001482,RM0121,40,M,Bangalore,36095,Bronze
CUST001483,RM0030,26,M,Lucknow,137297,Bronze
CUST001484,RM0173,56,M,Mumbai,43477,Bronze
CUST001485,RM0186,32,M,Chennai,47766,Platinum
CUST001486,,43,,Hyderabad,109297,Silver
CUST001487,RM0027,33,F,Bangalore,32814,Gold
CUST001488,RM0221,51,M,Lucknow,9999999,Gold
CUST001489,RM0217,40,M,Chennai,40583,Bronze
CUST001490,RM0146,28,,Ahmedabad,122276,Platinum
CUST001491,RM0071,18,F,Bangalore,40353,Platinum
CUST001492,RM0007,36,M,Pune,45091,gold
CUST001493,RM0123,23,F,Delhi,62431,Premium
CUST001494,RM0221,43,M,Hyderabad,101848,Gold
CUST001495,RM0041,32,F,,28081,Premium
CUST001496,,48,F,Hyderabad,9999999,Bronze
CUST001497,RM0095,29,M,Hyderabad,46250,Silver
CUST001498,RM0028,21,M,Jaipur,76924,Bronze
CUST001499,RM0054,65,M,Kolkata,8888888,Premium
CUST001500,RM0140,29,M,Delhi,-1000,Silver
CUST001501,RM0181,49,M,Chennai,35043,Platinum
CUST001502,RM0249,24,F,Kolkata,128615,Silver
CUST001503,RM0181,37,F,Kolkata,33067,
CUST001504,RM0128,51,M,Bangalore,-1000,Silver
CUST001505,RM0236,19,M,Lucknow,75795,Bronze
CUST001506,,34,F,Kolkata,107453,bronze
CUST001507,RM0248,56,F,Delhi,45291,Premium
CUST001508,RM0010,49,F,Pune,9999999,Platinum
CUST001509,RM0182,49,M,Hyderabad,42351,Premium
CUST001510,RM0154,31,F,Delhi,75626,Bronze
CUST001511,RM0152,36,F,Kolkata,265190,Bronze
CUST001512,RM0039,38,M,Bangalore,28492,Premium
CUST001513,RM0112,51,M,Ahmedabad,63114,Platinum
CUST001514,RM0018,58,M,,120533,Gold
CUST001515,RM0132,37,M,Mumbai,68298,Gold
CUST001516,RM0170,18,M,Lucknow,46482,Platinum
CUST001517,RM0153,18,M,Ahmedabad,61532,Platinum
CUST001518,RM0188,30,M,Delhi,115047,Platinum
CUST001519,RM0238,55,F,Pune,60618,Platinum
CUST001520,RM0189,50,M,Mumbai,95596,Bronze
CUST001521,RM0067,51,M,Kolkata,34586,Silver
CUST001522,RM0077,31,F,Lucknow,120332,Premium
CUST001523,RM0043,35,F,Ahmedabad,76425,Platinum
CUST001524,RM0013,55,M,Kolkata,65099,Gold
CUST001525,RM0110,66,M,Kolkata,62825,Gold
CUST001526,RM0200,55,F,Hyderabad,48023,Bronze
CUST001527,RM0097,55,F,Hyderabad,32826,Silver
CUST001528,RM0114,30,M,Kolkata,9999999,Gold
CUST001529,RM0140,26,F,Jaipur,69085,Platinum
CUST001530,RM0059,53,M,Jaipur,88733,Gold
CUST001531,RM0148,46,M,Delhi,114671,
CUST001532,RM0194,27,M,Delhi,22302,Platinum
CUST001533,RM0122,29,F,Jaipur,52555,Silver
CUST001534,RM0086,60,F,Hyderabad,152154,Gold
CUST001535,RM0025,35,F,Delhi,20688,Gold
CUST001536,RM0190,18,F,Lucknow,24256,Premium
CUST001537,RM0162,25,M,Delhi,59719,Premium
CUST001538,RM0106,70,F,Hyderabad,29597,Gold
CUST001539,RM0158,57,F,Jaipur,188054,Gold
CUST001540,RM0080,23,F,Mumbai,22586,Silver
CUST001541,RM0158,44,F,Chennai,61496,Gold
CUST001542,RM0098,56,F,Mumbai,54685,
CUST001543,RM0153,18,F,Bangalore,144607,Bronze
CUST001544,RM0149,57,,,46093,Premium
CUST001545,RM0147,48,M,Kolkata,37361,Platinum
CUST001546,RM0175,31,F,Kolkata,57271,Platinum
CUST001547,RM0004,51,F,Mumbai,98556,Silver
CUST001548,RM0201,46,M,Chennai,76406,Gold
CUST001549,RM0095,47,M,Pune,37536,Bronze
CUST001550,RM0014,44,M,,20055,Platinum
CUST001551,RM0109,28,F,Ahmedabad,74211,Gold
CUST001552,RM0122,31,M,Hyderabad,70216,Silver
CUST001553,RM0026,38,F,Mumbai,85240,Platinum
CUST001554,RM0138,42,M,Delhi,8888888,Bronze
CUST001555,RM0153,59,M,Kolkata,60661,Premium
CUST001556,RM0219,23,M,Jaipur,40983,Premium
CUST001557,RM0189,30,F,Jaipur,45710,Gold
CUST001558,,46,M,Delhi,85270,Gold
CUST001559,RM0178,36,F,,20001,Silver
CUST001560,RM0110,46,M,Delhi,82263,Silver
CUST001561,RM0242,22,F,Lucknow,20649,Bronze
CUST001562,RM0022,30,F,Bangalore,58858,Bronze
CUST001563,RM0008,51,M,Pune,24444,Platinum
CUST001564,RM0168,80,M,Hyderabad,59800,Premium
CUST001565,RM0163,63,M,Chennai,44610,Gold
CUST001566,RM0059,18,M,Kolkata,33741,
CUST001567,RM0130,37,F,Pune,25081,Bronze
CUST001568,RM0110,32,F,Chennai,29733,Platinum
CUST001569,RM0201,41,F,Lucknow,57950,
CUST001570,RM0138,46,F,Jaipur,123422,Silver
CUST001571,RM0040,33,F,Bangalore,38245,Platinum
CUST001572,RM0027,57,M,Lucknow,45767,Gold
CUST001573,RM0247,60,M,Bangalore,38934,Silver
CUST001574,RM0061,59,F,,27147,Premium
CUST001575,RM0041,28,M,Jaipur,63195,Gold
CUST001576,RM0043,46,M,Mumbai,79114,
CUST001577,,57,F,Delhi,123123,Bronze
CUST001578,,54,M,Chennai,54653,Silver
CUST001579,RM0075,53,F,Jaipur,30329,Premium
CUST001580,RM0050,63,M,,21301,Platinum
CUST001581,RM0198,35,,Hyderabad,67999,Bronze
CUST001582,RM0244,18,M,Kolkata,114842,Premium
CUST001583,RM0024,37,M,Chennai,185494,Bronze
CUST001584,RM0001,38,F,Ahmedabad,25716,Premium
CUST001585,,80,M,Bangalore,58976,Platinum
CUST001586,RM0186,32,M,Jaipur,24497,Gold
CUST001587,RM0143,59,F,Delhi,33311,Premium
CUST001588,RM0095,76,F,Mumbai,70774,Silver
CUST001589,RM0061,71,F,Jaipur,34538,Gold
CUST001590,RM0213,41,M,Lucknow,38391,Silver
CUST001591,RM0036,54,M,Ahmedabad,103016,Silver
CUST001592,RM0024,45,M,Jaipur,63749,Silver
CUST001593,RM0024,29,M,Ahmedabad,71216,Gold
CUST001594,RM0151,62,M,Jaipur,51384,Silver
CUST001595,RM0076,50,M,,60648,Premium
CUST001596,RM0033,28,,Delhi,42206,Premium
CUST001597,RM0057,36,M,Bangalore,92734,Bronze
CUST001598,RM0222,39,F,,80551,Gold
CUST001599,RM0134,60,F,Bangalore,45203,Platinum
CUST001600,RM0019,24,F,Mumbai,90581,silver
CUST001601,RM0148,18,M,Delhi,156461,
CUST001602,RM0110,24,F,Lucknow,34442,Silver
CUST001603,RM0012,45,M,Hyderabad,194210,Bronze
CUST001604,RM0213,27,F,Chennai,43727,Platinum
CUST001605,RM0037,39,F,Lucknow,55254,Bronze
CUST001606,RM0245,34,M,Chennai,28832,Premium
CUST001607,RM0208,18,M,Jaipur,45599,Premium
CUST001608,RM0104,31,F,Jaipur,26116,Bronze
CUST001609,RM0211,38,F,Kolkata,44491,Gold
CUST001610,,56,F,Jaipur,73894,Platinum
CUST001611,RM0141,71,F,Bangalore,23170,Gold
CUST001612,RM0085,30,F,Lucknow,104026,Bronze
CUST001613,RM0021,44,M,Jaipur,174574,Gold
CUST001614,RM0231,49,M,Lucknow,28210,Bronze
CUST001615,RM0060,78,F,Mumbai,63582,Premium
CUST001616,RM0207,33,M,Kolkata,45663,Bronze
CUST001617,RM0095,29,M,Delhi,44857,Silver
CUST001618,RM0047,36,M,Kolkata,28876,Platinum
CUST001619,RM0180,29,M,Pune,23017,Premium
CUST001620,RM0168,52,M,Mumbai,60188,Bronze
CUST001621,RM0127,56,M,Lucknow,63016,Gold
CUST001622,RM0165,45,F,Lucknow,-5000,Premium
CUST001623,RM0078,58,M,Bangalore,58856,
CUST001624,RM0225,33,F,Jaipur,24129,
CUST001625,RM0158,54,M,Pune,45234,Silver
CUST001626,RM0193,44,F,Mumbai,37571,Platinum
CUST001627,RM0125,40,M,Kolkata,48349,Premium
CUST001628,RM0123,40,M,Chennai,65277,Gold
CUST001629,RM0146,49,F,Kolkata,108140,Silver
CUST001630,RM0217,64,M,Chennai,24179,Gold
CUST001631,RM0081,76,F,Mumbai,108203,Gold
CUST001632,RM0170,35,F,Delhi,96501,Gold
CUST001633,,44,M,,26639,Bronze
CUST001634,RM0139,40,M,Kolkata,124025,Silver
CUST001635,RM0204,48,F,Lucknow,63451,Silver
CUST001636,RM0140,18,F,Kolkata,157394,Gold
CUST001637,,38,M,Pune,102951,Gold
CUST001638,RM0020,72,F,Pune,170322,Premium
CUST001639,RM0058,31,M,Lucknow,48978,Gold
CUST001640,RM0044,35,F,Pune,71635,Platinum
CUST001641,RM0112,33,M,Pune,65747,Bronze
CUST001642,RM0119,39,M,Pune,136345,Premium
CUST001643,RM0123,22,F,Bangalore,49221,Platinum
CUST001644,RM0149,34,F,Delhi,22478,Platinum
CUST001645,RM0036,48,M,Jaipur,64336,gold
CUST001646,RM0238,48,F,Hyderabad,41778,Gold
CUST001647,RM0188,45,F,Chennai,107415,Platinum
CUST001648,RM0173,62,M,Bangalore,69910,Premium
CUST001649,RM0034,48,M,Chennai,46733,Silver
CUST001650,,62,F,Chennai,178439,Premium
CUST001651,,76,F,Kolkata,32454,Platinum
CUST001652,RM0025,55,M,Delhi,69128,Premium
CUST001653,RM0097,22,M,Mumbai,23071,
CUST001654,RM0216,46,M,Delhi,66362,Silver
CUST001655,RM0052,44,F,Kolkata,32859,Premium
CUST001656,RM0233,65,M,Jaipur,74908,Premium
CUST001657,RM0093,40,F,Ahmedabad,28918,Silver
CUST001658,RM0101,29,F,Hyderabad,30195,Platinum
CUST001659,RM0097,34,M,Bangalore,22625,Gold
CUST001660,RM0202,23,F,Bangalore,45357,Silver
CUST001661,RM0132,18,M,Kolkata,44126,Premium
CUST001662,RM0062,72,F,Chennai,111363,Premium
CUST001663,RM0207,42,M,Mumbai,23202,Silver
CUST001664,RM0061,24,M,Pune,23690,Gold
CUST001665,RM0136,67,F,Kolkata,125200,
CUST001666,RM0145,70,F,Pune,60807,Bronze
CUST001667,RM0093,44,F,Lucknow,71862,Platinum
CUST001668,RM0098,21,M,Pune,22332,Gold
CUST001669,,35,F,Pune,29309,
CUST001670,RM0103,38,F,Chennai,26787,Silver
CUST001671,,42,M,Kolkata,34108,Gold
CUST001672,RM0209,26,M,Bangalore,42169,Silver
CUST001673,RM0210,56,F,Chennai,23993,Silver
CUST001674,RM0118,18,M,Jaipur,20209,premium
CUST001675,RM0236,59,M,Jaipur,46448,Premium
CUST001676,RM0041,62,F,Ahmedabad,53632,Silver
CUST001677,,36,M,Kolkata,40426,Gold
CUST001678,RM0225,41,F,Pune,29744,Bronze
CUST001679,RM0050,64,F,Ahmedabad,38943,Premium
CUST001680,RM0017,51,M,Ahmedabad,9999999,Platinum
CUST001681,RM0046,21,M,Mumbai,25099,Gold
CUST001682,RM0059,33,F,Delhi,29863,Premium
CUST001683,RM0043,51,M,Kolkata,59585,Gold
CUST001684,RM0185,57,F,Pune,-5000,Bronze
CUST001685,RM0221,54,F,Lucknow,23775,Gold
CUST001686,RM0134,41,M,Chennai,36466,Silver
CUST001687,RM0109,59,M,Ahmedabad,264740,Premium
CUST001688,,32,M,Delhi,33765,Premium
CUST001689,,42,M,Jaipur,32722,Silver
CUST001690,RM0162,42,F,Hyderabad,45485,Bronze
CUST001691,RM0067,46,M,Chennai,29976,Silver
CUST001692,RM0040,41,F,Bangalore,100261,platinum
CUST001693,RM0172,60,F,Bangalore,47237,Gold
CUST001694,RM0159,28,M,Ahmedabad,63180,Silver
CUST001695,RM0063,48,F,Chennai,120653,Platinum
CUST001696,,49,F,Delhi,23073,Platinum
CUST001697,RM0099,30,M,Ahmedabad,46877,Platinum
CUST001698,RM0099,48,M,Delhi,59768,Bronze
CUST001699,RM0110,49,F,Hyderabad,303126,Premium
CUST001700,,18,F,Ahmedabad,27263,Bronze
CUST001701,RM0048,27,M,Delhi,27136,gold
CUST001702,RM0167,66,M,Kolkata,28642,Premium
CUST001703,RM0159,33,F,Bangalore,75314,Bronze
CUST001704,RM0229,24,F,Mumbai,53063,Platinum
CUST001705,RM0087,18,F,Chennai,65043,Platinum
CUST001706,RM0176,26,F,Chennai,62853,Silver
CUST001707,,40,M,Bangalore,60312,Platinum
CUST001708,RM0018,23,F,Lucknow,62231,
CUST001709,RM0205,52,F,Hyderabad,21276,premium
CUST001710,RM0196,29,F,Delhi,41912,Platinum
CUST001711,RM0052,46,M,Pune,35133,Premium
CUST001712,RM0057,63,F,Ahmedabad,79364,
CUST001713,RM0029,62,M,Mumbai,86406,Silver
CUST001714,RM0152,46,M,Chennai,67094,
CUST001715,RM0061,25,F,Pune,35145,Platinum
CUST001716,RM0106,41,F,Hyderabad,47158,Silver
CUST001717,RM0202,47,M,Chennai,36996,Platinum
CUST001718,RM0242,79,F,Hyderabad,20324,Bronze
CUST001719,,18,F,Bangalore,86327,Platinum
CUST001720,RM0123,41,F,Bangalore,21211,Platinum
CUST001721,RM0003,51,M,Mumbai,29582,Bronze
CUST001722,RM0078,43,F,Ahmedabad,51899,Gold
CUST001723,RM0034,45,F,Kolkata,59984,gold
CUST001724,RM0038,30,F,Delhi,46158,Premium
CUST001725,RM0222,56,M,Pune,30926,Silver
CUST001726,RM0215,42,M,Lucknow,21141,
CUST001727,RM0018,45,F,Delhi,130663,Silver
CUST001728,,58,M,Kolkata,65434,Premium
CUST001729,RM0172,37,F,Kolkata,89286,
CUST001730,RM0028,61,F,Jaipur,-5000,Platinum
CUST001731,RM0009,44,F,Lucknow,29970,Silver
CUST001732,RM0040,54,F,Mumbai,35653,Bronze
CUST001733,RM0216,32,M,Jaipur,38294,Platinum
CUST001734,RM0072,30,M,Bangalore,60499,Bronze
CUST001735,RM0040,18,M,Mumbai,67780,gold
CUST001736,RM0057,69,F,Pune,24254,Bronze
CUST001737,RM0003,19,F,Mumbai,36653,Bronze
CUST001738,RM0165,43,F,Bangalore,45567,Gold
CUST001739,RM0056,62,F,Lucknow,100136,Gold
CUST001740,RM0205,59,M,Bangalore,154969,Premium
CUST001741,RM0226,40,F,Delhi,61573,Bronze
CUST001742,RM0122,56,M,Mumbai,74387,Silver
CUST001743,RM0164,49,M,Delhi,309621,Bronze
CUST001744,RM0082,44,F,Hyderabad,83676,Platinum
CUST001745,RM0235,51,F,Delhi,22523,Gold
CUST001746,RM0026,36,M,Pune,33138,Premium
CUST001747,RM0142,37,M,Mumbai,32464,Platinum
CUST001748,RM0125,48,M,Lucknow,27432,
CUST001749,RM0159,42,M,Bangalore,76180,Platinum
CUST001750,RM0232,59,M,Pune,33660,Silver
CUST001751,RM0039,53,F,Kolkata,38741,Bronze
CUST001752,RM0050,53,M,Hyderabad,46439,Premium
CUST001753,RM0225,50,F,,38076,
CUST001754,RM0206,44,F,Pune,96137,Platinum
CUST001755,RM0175,53,M,Lucknow,188541,Gold
CUST001756,RM0107,57,M,Lucknow,45007,Bronze
CUST001757,RM0108,47,M,,85339,Platinum
CUST001758,RM0186,29,F,Bangalore,62790,Silver
CUST001759,RM0081,42,M,Bangalore,38712,Bronze
CUST001760,RM0186,20,F,Lucknow,47884,Gold
CUST001761,RM0166,61,M,,33212,Gold
CUST001762,RM0219,53,M,Delhi,45987,Gold
CUST001763,RM0045,29,M,Jaipur,96482,Silver
CUST001764,RM0112,32,,Delhi,139983,Bronze
CUST001765,RM0068,62,M,,133649,Silver
CUST001766,RM0146,31,M,Jaipur,113580,Bronze
CUST001767,RM0189,19,F,Delhi,23223,Silver
CUST001768,RM0186,24,F,Bangalore,53293,Gold
CUST001769,,37,F,Delhi,39058,Premium
CUST001770,RM0125,35,M,Lucknow,102728,Platinum
CUST001771,RM0212,36,M,Jaipur,117842,Platinum
CUST001772,RM0029,52,F,,117326,
CUST001773,RM0044,33,F,Kolkata,78611,Silver
CUST001774,RM0025,48,M,Mumbai,-1000,Gold
CUST001775,RM0142,44,M,Kolkata,40144,Platinum
CUST001776,RM0111,47,M,Chennai,54715,Bronze
CUST001777,RM0129,44,M,Delhi,26388,Gold
CUST001778,RM0247,75,M,Hyderabad,38702,Bronze
CUST001779,RM0028,47,M,Bangalore,-1000,Platinum
CUST001780,RM0139,46,M,Pune,27384,Gold
CUST001781,RM0196,40,F,Mumbai,74281,Bronze
CUST001782,RM0162,47,M,Hyderabad,89681,gold
CUST001783,RM0020,54,M,Lucknow,27060,Bronze
CUST001784,RM0219,35,M,Bangalore,81045,Silver
CUST001785,RM0097,54,F,Delhi,34538,Bronze
CUST001786,RM0115,59,F,Lucknow,123195,Platinum
CUST001787,RM0112,38,M,Lucknow,114556,
CUST001788,,69,F,Ahmedabad,44176,Platinum
CUST001789,RM0102,47,F,Pune,59804,Platinum
CUST001790,RM0218,36,F,Ahmedabad,30486,Premium
CUST001791,RM0215,43,M,Hyderabad,66356,Silver
CUST001792,RM0137,69,F,Pune,9999999,Platinum
CUST001793,RM0031,61,M,Hyderabad,108469,Gold
CUST001794,RM0231,39,F,Chennai,81788,Gold
CUST001795,,60,F,Jaipur,42547,Gold
CUST001796,RM0159,57,M,,125713,Premium
CUST001797,RM0115,33,F,Kolkata,46193,premium
CUST001798,RM0228,46,F,Delhi,128744,gold
CUST001799,RM0197,57,F,Lucknow,35773,Platinum
CUST001800,,63,M,Mumbai,34303,Premium
CUST001801,,39,M,Hyderabad,94695,Silver
CUST001802,RM0249,46,F,Jaipur,44971,Premium
CUST001803,RM0103,48,M,Pune,43033,Silver
CUST001804,RM0112,42,M,Mumbai,42095,Bronze
CUST001805,RM0056,46,F,Kolkata,49050,Silver
CUST001806,RM0074,18,M,Chennai,125977,Platinum
CUST001807,RM0081,80,M,Lucknow,-1000,Silver
CUST001808,,76,M,Ahmedabad,27446,Gold
CUST001809,RM0200,45,F,Jaipur,65238,Bronze
CUST001810,RM0159,33,F,Pune,46819,Silver
CUST001811,RM0220,62,M,Mumbai,30889,Platinum
CUST001812,RM0014,36,F,Hyderabad,105810,Silver
CUST001813,RM0196,27,F,Ahmedabad,50627,Gold
CUST001814,RM0149,69,M,,34829,Platinum
CUST001815,RM0131,43,M,Chennai,39345,Premium
CUST001816,RM0134,66,M,Jaipur,65323,Bronze
CUST001817,,41,F,Delhi,146720,Bronze
CUST001818,RM0032,42,F,Ahmedabad,41157,Silver
CUST001819,RM0201,20,F,Hyderabad,20011,Platinum
CUST001820,RM0128,35,F,Delhi,143256,Bronze
CUST001821,RM0058,49,F,Kolkata,29185,Platinum
CUST001822,RM0232,52,M,Jaipur,26412,Platinum
CUST001823,RM0088,44,F,Delhi,152118,Platinum
CUST001824,RM0105,37,F,Jaipur,48152,Silver
CUST001825,RM0077,42,F,Pune,41449,Platinum
CUST001826,RM0228,26,M,Mumbai,43486,Platinum
CUST001827,RM0019,63,M,Hyderabad,25860,Platinum
CUST001828,RM0049,54,F,Jaipur,21811,Bronze
CUST001829,RM0248,40,M,Bangalore,101075,Premium
CUST001830,RM0101,35,M,Pune,40870,Gold
CUST001831,RM0218,70,F,Delhi,55554,Platinum
CUST001832,RM0235,32,M,Ahmedabad,118824,
CUST001833,RM0013,38,M,Pune,244773,Bronze
CUST001834,RM0213,64,F,Mumbai,53008,Platinum
CUST001835,RM0172,45,M,Lucknow,262270,bronze
CUST001836,,18,F,Pune,117431,Gold
CUST001837,RM0063,46,M,Delhi,41200,
CUST001838,,33,F,Pune,20350,Silver
CUST001839,RM0204,20,F,Pune,105426,Bronze
CUST001840,RM0154,34,M,Jaipur,40573,Silver
CUST001841,RM0224,26,F,Chennai,33300,Bronze
CUST001842,RM0086,30,F,Delhi,23531,Gold
CUST001843,RM0075,45,M,Bangalore,37220,Platinum
CUST001844,RM0219,22,M,Jaipur,47012,Bronze
CUST001845,RM0207,55,F,Pune,137851,Bronze
CUST001846,RM0053,37,F,Mumbai,53957,Silver
CUST001847,RM0144,31,F,Bangalore,173310,gold
CUST001848,RM0131,37,M,Chennai,23105,Silver
CUST001849,RM0148,26,M,Bangalore,39312,Bronze
CUST001850,RM0196,26,F,Pune,28973,Platinum
CUST001851,RM0181,36,M,Delhi,70380,Silver
CUST001852,RM0228,46,M,Kolkata,26610,Bronze
CUST001853,RM0211,49,M,Chennai,59332,Premium
CUST001854,RM0114,34,F,Ahmedabad,24052,Platinum
CUST001855,RM0213,38,M,Pune,116187,Premium
CUST001856,RM0212,45,M,Bangalore,20665,Premium
CUST001857,RM0237,65,M,Pune,156511,Gold
CUST001858,RM0035,43,F,Chennai,9999999,Premium
CUST001859,RM0096,39,F,Hyderabad,36716,Platinum
CUST001860,RM0163,45,F,Kolkata,37051,Silver
CUST001861,RM0222,21,F,Bangalore,59324,Gold
CUST001862,RM0004,18,M,,28710,Gold
CUST001863,RM0135,28,,Ahmedabad,38575,Gold
CUST001864,RM0044,49,M,Kolkata,54992,Premium
CUST001865,RM0018,51,,Lucknow,71857,Platinum
CUST001866,RM0016,54,M,,28466,Silver
CUST001867,RM0158,29,M,Jaipur,43689,Premium
CUST001868,RM0145,43,M,Hyderabad,46680,Premium
CUST001869,RM0237,36,M,Jaipur,29867,Bronze
CUST001870,RM0247,40,M,Bangalore,44896,Bronze
CUST001871,RM0195,36,F,,218848,Gold
CUST001872,RM0055,46,M,Hyderabad,44032,Premium
CUST001873,RM0115,31,M,Pune,69398,Gold
CUST001874,RM0058,59,F,Mumbai,30660,Premium
CUST001875,RM0174,59,F,,23576,Silver
CUST001876,RM0148,49,M,Jaipur,40382,Platinum
CUST001877,RM0194,57,F,Jaipur,41999,Platinum
CUST001878,RM0033,20,F,Hyderabad,28038,Premium
CUST001879,,60,M,Ahmedabad,44073,Platinum
CUST001880,RM0217,47,M,Bangalore,27093,Silver
CUST001881,RM0202,32,F,Mumbai,37826,Platinum
CUST001882,RM0031,31,M,Mumbai,71472,Bronze
CUST001883,RM0043,66,F,,42510,Gold
CUST001884,RM0056,54,F,Kolkata,-1000,
CUST001885,RM0152,34,M,Delhi,51653,
CUST001886,RM0001,50,F,Ahmedabad,-1000,Gold
CUST001887,RM0149,34,M,Jaipur,25819,Platinum
CUST001888,RM0087,49,F,Hyderabad,127572,Premium
CUST001889,RM0011,61,M,Delhi,21283,Platinum
CUST001890,RM0063,25,M,Jaipur,78566,Premium
CUST001891,RM0178,36,M,Hyderabad,67056,Platinum
CUST001892,RM0171,39,F,Lucknow,9999999,Gold
CUST001893,RM0065,32,M,Delhi,24200,Silver
CUST001894,,21,M,Bangalore,27959,Premium
CUST001895,RM0168,33,F,Jaipur,140858,Silver
CUST001896,RM0228,38,F,Chennai,20303,Silver
CUST001897,RM0041,26,M,Jaipur,38385,bronze
CUST001898,RM0142,41,M,Pune,150224,Premium
CUST001899,RM0005,51,F,Chennai,59557,Bronze
CUST001900,,29,M,Mumbai,127915,
CUST001901,RM0226,65,F,Delhi,30874,Gold
CUST001902,RM0168,78,F,Chennai,29089,silver
CUST001903,RM0198,38,F,Bangalore,43267,Silver
CUST001904,RM0108,50,M,Pune,91319,Silver
CUST001905,RM0094,47,M,Pune,86956,Gold
CUST001906,RM0108,39,M,Bangalore,65494,Platinum
CUST001907,RM0172,38,F,Kolkata,32872,Premium
CUST001908,RM0220,18,F,Ahmedabad,88110,Platinum
CUST001909,RM0217,39,M,Chennai,40937,Bronze
CUST001910,RM0010,53,F,Bangalore,182920,Platinum
CUST001911,RM0222,33,F,Delhi,41666,Premium
CUST001912,RM0087,18,M,Lucknow,140147,Silver
CUST001913,RM0005,64,M,Delhi,103514,Silver
CUST001914,RM0157,47,M,,40916,Platinum
CUST001915,RM0060,59,M,Jaipur,42569,Platinum
CUST001916,RM0151,38,M,Delhi,98978,Bronze
CUST001917,RM0012,44,F,Bangalore,87667,Silver
CUST001918,RM0008,50,F,,101762,Silver
CUST001919,RM0128,37,M,Chennai,22631,Platinum
CUST001920,RM0115,58,M,Mumbai,45697,Platinum
CUST001921,RM0054,33,F,Lucknow,89107,Premium
CUST001922,RM0196,71,M,Pune,42079,Premium
CUST001923,RM0158,24,F,Ahmedabad,89188,Platinum
CUST001924,RM0085,49,F,Jaipur,59449,Premium
CUST001925,RM0031,32,,Ahmedabad,-5000,Bronze
CUST001926,RM0015,28,M,Ahmedabad,89037,Bronze
CUST001927,RM0040,19,F,Ahmedabad,190974,Platinum
CUST001928,RM0138,40,M,Mumbai,82785,Gold
CUST001929,RM0074,40,M,,52227,Platinum
CUST001930,RM0172,50,M,Delhi,134117,Gold
CUST001931,RM0010,69,F,Ahmedabad,34529,Bronze
CUST001932,,45,M,Pune,49595,Silver
CUST001933,RM0241,38,F,Bangalore,20047,Silver
CUST001934,RM0002,36,F,Bangalore,22002,
CUST001935,RM0055,56,M,Hyderabad,59998,Platinum
CUST001936,RM0057,48,M,Chennai,9999999,Bronze
CUST001937,,49,F,Kolkata,65845,Bronze
CUST001938,RM0063,31,M,Pune,85698,Platinum
CUST001939,,18,M,Lucknow,72272,Bronze
CUST001940,RM0220,54,M,Delhi,23544,Gold
CUST001941,RM0233,57,F,Pune,65479,Gold
CUST001942,RM0040,33,F,Kolkata,45013,Premium
CUST001943,,59,F,Mumbai,40776,Silver
CUST001944,RM0114,40,F,Hyderabad,121876,Premium
CUST001945,RM0124,43,M,Pune,114045,Gold
CUST001946,RM0059,39,F,Pune,30033,Bronze
CUST001947,RM0172,23,F,Kolkata,81311,
CUST001948,RM0229,38,F,Mumbai,58323,Silver
CUST001949,RM0229,24,M,Chennai,31896,Bronze
CUST001950,RM0248,49,F,Ahmedabad,22119,Gold
CUST001951,RM0105,51,F,Chennai,117573,Silver
CUST001952,RM0178,18,M,Lucknow,74969,Gold
CUST001953,RM0122,50,F,Hyderabad,83513,Premium
CUST001954,RM0081,40,F,Ahmedabad,153081,Silver
CUST001955,RM0087,18,M,Jaipur,22713,Premium
CUST001956,RM0217,44,M,Bangalore,84746,Bronze
CUST001957,RM0165,36,F,Delhi,58014,Premium
CUST001958,RM0028,31,F,Hyderabad,61553,Silver
CUST001959,RM0104,24,F,Mumbai,43880,Silver
CUST001960,RM0220,47,M,Hyderabad,68011,Gold
CUST001961,RM0102,43,M,Mumbai,64789,Premium
CUST001962,RM0207,43,F,Mumbai,30661,Gold
CUST001963,RM0051,58,F,Delhi,66124,Bronze
CUST001964,RM0113,64,M,Lucknow,53646,Bronze
CUST001965,,18,F,Lucknow,56626,Silver
CUST001966,RM0155,47,M,Lucknow,31004,Gold
CUST001967,RM0100,34,F,Kolkata,24439,Silver
CUST001968,RM0116,49,F,Chennai,48656,Gold
CUST001969,RM0068,30,F,Mumbai,36200,silver
CUST001970,RM0127,70,M,Bangalore,60841,Premium
CUST001971,RM0043,50,M,Hyderabad,147967,Silver
CUST001972,RM0147,39,M,Bangalore,54895,Gold
CUST001973,,59,F,Mumbai,21870,Premium
CUST001974,RM0227,29,M,Kolkata,52195,Silver
CUST001975,RM0209,50,M,Bangalore,20603,Gold
CUST001976,RM0064,38,M,Jaipur,60239,Bronze
CUST001977,RM0060,40,M,Pune,24463,Silver
CUST001978,RM0101,67,M,Ahmedabad,199608,Platinum
CUST001979,RM0020,77,M,Lucknow,33499,Silver
CUST001980,RM0069,47,M,Bangalore,53033,Bronze
CUST001981,RM0020,30,F,Hyderabad,25611,Silver
CUST001982,RM0039,40,M,Lucknow,110845,Bronze
CUST001983,RM0115,31,F,Bangalore,55150,Premium
CUST001984,RM0049,32,F,,93212,Silver
CUST001985,RM0054,43,M,Ahmedabad,26346,Platinum
CUST001986,RM0152,31,F,Bangalore,21857,Bronze
CUST001987,RM0129,59,M,Mumbai,35218,Silver
CUST001988,RM0139,38,M,Chennai,47384,
CUST001989,RM0151,41,M,Ahmedabad,63091,Silver
CUST001990,RM0171,33,F,Jaipur,62304,Premium
CUST001991,RM0190,23,F,Bangalore,25637,Silver
CUST001992,,25,F,Chennai,42848,Gold
CUST001993,RM0164,45,M,Pune,189474,Premium
CUST001994,,37,F,Jaipur,195452,Bronze
CUST001995,RM0151,46,M,Hyderabad,80343,Premium
CUST001996,RM0146,57,F,Ahmedabad,36788,Premium
CUST001997,,31,M,Pune,52890,
CUST001998,RM0048,74,M,,90894,premium
CUST001999,RM0148,27,M,Ahmedabad,149275,Gold
CUST002000,RM0244,24,M,Bangalore,22893,Premium
CUST002001,RM0169,55,F,Mumbai,67126,Bronze
CUST002002,RM0112,41,F,,59527,Gold
CUST002003,RM0059,30,M,Delhi,115543,Bronze
CUST002004,RM0223,23,F,Delhi,60960,premium
CUST002005,RM0077,27,F,Chennai,20807,Premium
CUST002006,RM0119,42,M,Chennai,185776,Platinum
CUST002007,RM0155,62,M,Pune,24153,Premium
CUST002008,RM0141,18,M,Bangalore,77460,Bronze
CUST002009,,43,M,Bangalore,26740,Bronze
CUST002010,RM0089,52,F,Mumbai,63580,Gold
CUST002011,RM0224,34,F,Mumbai,125945,Gold
CUST002012,RM0120,63,,Lucknow,72303,Silver
CUST002013,RM0129,45,M,Hyderabad,27037,Silver
CUST002014,RM0200,54,M,Delhi,38530,
CUST002015,RM0110,53,F,Jaipur,37902,Bronze
CUST002016,RM0055,58,F,Hyderabad,30169,Bronze
CUST002017,RM0218,39,M,Hyderabad,32795,Bronze
CUST002018,RM0023,66,M,Bangalore,67936,Platinum
CUST002019,RM0029,40,F,,9999999,Bronze
CUST002020,RM0094,38,M,Kolkata,51607,Premium
CUST002021,RM0063,36,F,Delhi,31378,Bronze
CUST002022,RM0035,37,F,Lucknow,93280,Bronze
CUST002023,,67,F,Mumbai,21061,Platinum
CUST002024,RM0193,18,F,Mumbai,21751,Silver
CUST002025,RM0081,61,M,Delhi,128245,Premium
CUST002026,RM0016,38,F,Ahmedabad,24534,Bronze
CUST002027,,54,M,Mumbai,44548,Premium
CUST002028,RM0242,43,M,Jaipur,108470,Platinum
CUST002029,RM0180,25,M,Mumbai,159177,Gold
CUST002030,RM0211,63,M,Lucknow,36118,Gold
CUST002031,RM0245,60,F,Lucknow,92475,Premium
CUST002032,RM0029,26,F,Delhi,152538,Platinum
CUST002033,RM0210,50,M,Hyderabad,87074,Silver
CUST002034,RM0234,33,M,Jaipur,23296,Gold
CUST002035,RM0121,19,F,Delhi,38155,Bronze
CUST002036,RM0166,30,F,Lucknow,223571,Premium
CUST002037,RM0169,62,,Mumbai,207788,Platinum
CUST002038,RM0014,55,M,Jaipur,43676,Bronze
CUST002039,RM0009,37,M,Kolkata,121832,Premium
CUST002040,RM0167,62,M,Mumbai,29962,Silver
CUST002041,RM0133,59,F,Delhi,45023,Silver
CUST002042,,30,F,Bangalore,66851,Platinum
CUST002043,RM0104,66,M,Delhi,32959,
CUST002044,RM0163,36,F,Chennai,23011,Bronze
CUST002045,RM0153,38,F,Delhi,29197,Silver
CUST002046,RM0189,18,F,Lucknow,41909,Gold
CUST002047,,32,M,Hyderabad,63770,Gold
CUST002048,RM0104,39,F,,127856,Premium
CUST002049,RM0076,46,F,Delhi,74642,Silver
CUST002050,RM0209,25,F,Hyderabad,47179,Silver
CUST002051,RM0231,30,F,Pune,55123,Silver
CUST002052,RM0183,66,M,Ahmedabad,20369,Gold
CUST002053,RM0160,58,F,Ahmedabad,21957,Platinum
CUST002054,RM0219,61,M,Kolkata,42963,Gold
CUST002055,RM0247,41,F,Lucknow,54852,Premium
CUST002056,RM0046,47,M,Lucknow,140358,Platinum
CUST002057,RM0188,51,F,Ahmedabad,99926,Platinum
CUST002058,RM0116,66,F,Mumbai,119889,bronze
CUST002059,RM0222,19,M,Lucknow,44392,Gold
CUST002060,RM0033,18,M,Ahmedabad,190119,
CUST002061,RM0038,34,M,Hyderabad,119373,Premium
CUST002062,RM0145,45,F,Jaipur,52750,Premium
CUST002063,RM0009,43,M,Bangalore,46992,Silver
CUST002064,RM0003,30,F,Mumbai,125084,Gold
CUST002065,RM0125,49,F,Lucknow,60787,Premium
CUST002066,RM0212,34,F,Mumbai,22807,Premium
CUST002067,RM0169,42,M,Kolkata,37186,Premium
CUST002068,RM0123,49,,Hyderabad,51687,Silver
CUST002069,RM0031,35,F,Delhi,30701,Premium
CUST002070,,53,F,Kolkata,26909,Gold
CUST002071,RM0148,56,M,Jaipur,51897,Premium
CUST002072,RM0054,31,F,Ahmedabad,32904,Gold
CUST002073,RM0156,34,F,Chennai,9999999,Premium
CUST002074,RM0017,27,M,Mumbai,160607,Bronze
CUST002075,RM0177,22,M,Lucknow,130884,Silver
CUST002076,RM0069,41,F,Pune,50842,Silver
CUST002077,RM0190,27,F,Lucknow,30185,Premium
CUST002078,RM0094,56,F,,22007,Bronze
CUST002079,RM0151,40,F,Hyderabad,66557,Premium
CUST002080,RM0195,25,M,Lucknow,47961,Platinum
CUST002081,RM0197,39,F,Hyderabad,58344,Premium
CUST002082,RM0178,56,F,Pune,52407,Platinum
CUST002083,RM0231,55,M,Kolkata,132184,Platinum
CUST002084,RM0015,38,M,Kolkata,40459,Bronze
CUST002085,RM0130,52,M,,183585,Bronze
CUST002086,RM0031,44,F,Delhi,55561,Platinum
CUST002087,RM0175,18,F,Jaipur,179553,Bronze
CUST002088,,36,F,,27705,Gold
CUST002089,RM0205,18,F,Ahmedabad,36356,gold
CUST002090,RM0070,51,M,Bangalore,45957,Bronze
CUST002091,RM0230,30,F,Lucknow,28392,Premium
CUST002092,RM0225,44,M,Lucknow,48951,Bronze
CUST002093,RM0001,18,F,,39023,Gold
CUST002094,RM0209,43,M,Mumbai,24549,Gold
CUST002095,RM0011,39,M,Kolkata,62297,Premium
CUST002096,RM0003,48,M,Mumbai,140173,Premium
CUST002097,RM0061,37,M,Ahmedabad,34895,gold
CUST002098,RM0146,42,M,Mumbai,49886,Gold
CUST002099,,58,F,Pune,289319,Gold
CUST002100,RM0070,55,F,Pune,36949,Gold
CUST002101,RM0024,71,F,Pune,46013,
CUST002102,RM0073,76,M,Pune,29266,Silver
CUST002103,RM0127,79,F,Kolkata,32890,Bronze
CUST002104,RM0080,41,M,Kolkata,59239,
CUST002105,,44,M,Chennai,251705,Premium
CUST002106,RM0018,70,F,Pune,67252,Premium
CUST002107,RM0147,61,F,Lucknow,29344,Silver
CUST002108,RM0182,32,F,Ahmedabad,44267,Silver
CUST002109,RM0082,29,F,Hyderabad,96112,Premium
CUST002110,RM0104,18,M,Lucknow,53099,Bronze
CUST002111,RM0161,47,F,,40932,Platinum
CUST002112,RM0063,62,F,Mumbai,103030,Bronze
CUST002113,RM0026,30,M,Bangalore,55109,Platinum
CUST002114,RM0155,31,F,Mumbai,35112,Gold
CUST002115,RM0144,18,F,Lucknow,190514,Gold
CUST002116,RM0067,50,M,Pune,62338,Gold
CUST002117,RM0012,57,M,Lucknow,63746,Premium
CUST002118,RM0195,44,F,Lucknow,83294,Silver
CUST002119,RM0039,30,F,Pune,50615,
CUST002120,RM0177,38,F,Lucknow,45083,Premium
CUST002121,RM0052,36,F,Chennai,190161,premium
CUST002122,RM0048,50,F,Chennai,178668,Gold
CUST002123,RM0107,30,F,Mumbai,132955,Premium
CUST002124,RM0114,23,F,Jaipur,9999999,Bronze
CUST002125,RM0035,41,F,Bangalore,39356,Premium
CUST002126,RM0070,49,F,Lucknow,8888888,Silver
CUST002127,RM0216,71,F,Jaipur,35974,Premium
CUST002128,RM0092,46,F,Hyderabad,86680,Bronze
CUST002129,RM0069,18,M,Lucknow,38963,Platinum
CUST002130,RM0192,23,M,Jaipur,53767,Silver
CUST002131,RM0151,26,M,Kolkata,38514,silver
CUST002132,RM0112,33,F,Delhi,204252,Gold
CUST002133,RM0141,22,M,Hyderabad,62965,Platinum
CUST002134,RM0087,18,F,Bangalore,224739,
CUST002135,RM0050,53,M,Ahmedabad,82936,Silver
CUST002136,RM0179,25,M,Jaipur,66738,Platinum
CUST002137,RM0167,45,F,Kolkata,23312,Platinum
CUST002138,RM0188,32,F,Lucknow,65334,Platinum
CUST002139,RM0249,29,F,Lucknow,112138,Premium
CUST002140,RM0199,52,,Ahmedabad,21541,Platinum
CUST002141,RM0102,39,F,Kolkata,32268,Platinum
CUST002142,RM0026,60,F,Pune,27180,Silver
CUST002143,RM0238,33,F,Bangalore,68410,Silver
CUST002144,RM0111,25,F,Bangalore,59351,
CUST002145,RM0015,36,M,Hyderabad,33639,Silver
CUST002146,RM0198,31,M,Kolkata,32010,silver
CUST002147,RM0110,66,F,,-5000,Bronze
CUST002148,RM0050,31,F,Mumbai,32260,Silver
CUST002149,RM0086,22,F,Chennai,207445,Platinum
CUST002150,RM0149,18,F,Hyderabad,8888888,Platinum
CUST002151,RM0040,24,M,Mumbai,55253,Silver
CUST002152,RM0091,28,M,Ahmedabad,95192,Bronze
CUST002153,RM0245,43,M,Kolkata,42289,Premium
CUST002154,,43,M,Delhi,78115,Gold
CUST002155,RM0136,36,M,Hyderabad,80460,Silver
CUST002156,RM0059,39,F,Pune,20493,Bronze
CUST002157,RM0030,18,M,Jaipur,79106,Bronze
CUST002158,RM0186,28,F,Kolkata,92674,Platinum
CUST002159,RM0166,56,F,Hyderabad,37401,Bronze
CUST002160,RM0108,33,F,Mumbai,49558,Platinum
CUST002161,RM0047,55,M,Jaipur,238577,Premium
CUST002162,RM0200,58,F,Lucknow,32755,Silver
CUST002163,RM0239,58,F,Lucknow,143313,Gold
CUST002164,RM0149,66,M,,-5000,Gold
CUST002165,RM0196,49,F,Jaipur,61997,Silver
CUST002166,RM0120,32,F,Pune,36056,Silver
CUST002167,RM0135,18,F,Ahmedabad,63293,Platinum
CUST002168,RM0091,37,F,Lucknow,129911,Platinum
CUST002169,RM0161,71,F,Jaipur,56568,Platinum
CUST002170,,57,M,Delhi,22626,
CUST002171,RM0240,41,M,Jaipur,38570,Premium
CUST002172,RM0238,18,M,Bangalore,30030,Platinum
CUST002173,RM0007,18,M,Mumbai,34927,Bronze
CUST002174,RM0034,42,M,Jaipur,51179,Platinum
CUST002175,RM0218,48,F,,25614,Bronze
CUST002176,RM0118,52,M,Ahmedabad,94778,Platinum
CUST002177,,50,M,Pune,26049,Premium
CUST002178,RM0011,52,M,Jaipur,71628,Bronze
CUST002179,RM0155,46,F,,71980,Platinum
CUST002180,RM0131,59,F,Delhi,50658,Premium
CUST002181,RM0240,34,F,Kolkata,70938,Silver
CUST002182,RM0199,42,F,Jaipur,24247,Premium
CUST002183,,18,F,Hyderabad,59419,Silver
CUST002184,RM0250,33,F,Kolkata,27159,Premium
CUST002185,RM0209,56,F,Chennai,8888888,Gold
CUST002186,RM0091,51,M,Chennai,28917,Bronze
CUST002187,RM0101,43,M,Pune,51486,Gold
CUST002188,RM0170,57,F,Pune,25642,Gold
CUST002189,,55,F,,108067,Platinum
CUST002190,RM0054,47,M,Lucknow,69182,Bronze
CUST002191,RM0073,35,M,Ahmedabad,44311,Bronze
CUST002192,,32,M,Hyderabad,-5000,Premium
CUST002193,RM0026,44,M,Hyderabad,110082,Silver
CUST002194,RM0053,50,M,Hyderabad,81954,silver
CUST002195,RM0062,46,F,Mumbai,36086,Premium
CUST002196,RM0166,34,F,Ahmedabad,70958,Gold
CUST002197,RM0192,28,,Kolkata,153445,Bronze
CUST002198,RM0072,27,M,Chennai,21247,Premium
CUST002199,RM0151,58,M,Ahmedabad,110509,Gold
CUST002200,RM0190,56,F,Kolkata,8888888,Platinum
CUST002201,RM0076,61,F,Kolkata,-5000,Silver
CUST002202,RM0036,61,F,Kolkata,26868,Premium
CUST002203,RM0146,40,F,Bangalore,22038,Bronze
CUST002204,RM0125,54,M,,42493,Silver
CUST002205,RM0248,50,F,Chennai,50748,silver
CUST002206,RM0201,55,M,Jaipur,22833,Silver
CUST002207,RM0001,26,F,Delhi,151941,Gold
CUST002208,RM0124,18,F,Ahmedabad,71233,Gold
CUST002209,RM0082,45,F,Ahmedabad,23416,Premium
CUST002210,RM0109,18,M,Jaipur,199802,Platinum
CUST002211,RM0063,36,F,Ahmedabad,41947,Premium
CUST002212,RM0044,18,F,Lucknow,77365,Premium
CUST002213,RM0162,60,M,Jaipur,35608,Gold
CUST002214,RM0001,56,M,Hyderabad,38965,Platinum
CUST002215,RM0191,47,F,Pune,22030,Premium
CUST002216,RM0005,29,M,Bangalore,65525,Gold
CUST002217,,18,M,,24004,
CUST002218,RM0103,18,M,Mumbai,75549,Platinum
CUST002219,RM0060,33,F,Mumbai,47348,Gold
CUST002220,RM0170,52,F,Lucknow,111267,Premium
CUST002221,RM0059,36,M,Lucknow,59988,Platinum
CUST002222,RM0214,49,F,Hyderabad,30690,Silver
CUST002223,RM0110,50,F,Mumbai,22499,Platinum
CUST002224,RM0150,52,M,Lucknow,112808,Bronze
CUST002225,RM0161,18,M,Bangalore,59535,Gold
CUST002226,RM0246,30,F,Pune,24789,Platinum
CUST002227,RM0224,49,F,Pune,30326,Bronze
CUST002228,RM0104,64,F,Kolkata,30427,Gold
CUST002229,RM0082,59,F,Lucknow,20882,Platinum
CUST002230,RM0087,46,F,Lucknow,22512,Gold
CUST002231,RM0027,61,F,Jaipur,39781,Bronze
CUST002232,RM0083,46,F,Lucknow,41509,Silver
CUST002233,,18,M,Jaipur,21348,Platinum
CUST002234,RM0020,51,M,Jaipur,86444,Gold
CUST002235,RM0178,59,F,Mumbai,87678,
CUST002236,RM0043,69,F,Mumbai,76232,Premium
CUST002237,RM0036,33,F,Chennai,26740,Gold
CUST002238,RM0077,24,M,Bangalore,26954,Gold
CUST002239,RM0180,54,M,Lucknow,184481,Gold
CUST002240,RM0151,48,M,Delhi,69489,Gold
CUST002241,RM0106,46,F,Mumbai,68154,Silver
CUST002242,RM0228,61,F,Pune,96039,Gold
CUST002243,RM0147,54,M,Delhi,8888888,Gold
CUST002244,RM0060,49,F,Chennai,22892,Bronze
CUST002245,RM0071,51,F,Mumbai,36853,Premium
CUST002246,RM0222,48,M,Mumbai,71144,Premium
CUST002247,RM0149,44,F,Bangalore,21699,Premium
CUST002248,RM0010,40,F,Mumbai,63350,Bronze
CUST002249,RM0019,49,M,Pune,29672,Gold
CUST002250,RM0067,29,M,Lucknow,33419,Gold
CUST002251,RM0025,54,F,Pune,31894,Platinum
CUST002252,RM0026,41,M,Hyderabad,27788,Bronze
CUST002253,RM0210,42,,Jaipur,-5000,Bronze
CUST002254,RM0168,66,F,Ahmedabad,141398,Gold
CUST002255,RM0020,47,F,Kolkata,33255,Bronze
CUST002256,RM0019,27,F,Delhi,28525,Premium
CUST002257,RM0098,54,M,Mumbai,90289,Silver
CUST002258,,67,F,Bangalore,38514,Gold
CUST002259,RM0105,18,F,Delhi,227038,Silver
CUST002260,,24,F,Pune,37283,Premium
CUST002261,RM0155,27,F,Pune,61573,Platinum
CUST002262,RM0090,21,F,Bangalore,34539,Gold
CUST002263,RM0186,38,F,Hyderabad,133079,Bronze
CUST002264,RM0003,47,F,Chennai,25461,Premium
CUST002265,,52,F,Delhi,29241,Bronze
CUST002266,RM0001,45,F,Delhi,192614,Bronze
CUST002267,RM0138,51,M,Bangalore,76477,Gold
CUST002268,RM0037,40,,Pune,37947,Platinum
CUST002269,RM0135,33,F,Jaipur,24881,Platinum
CUST002270,RM0155,27,F,Pune,27766,Premium
CUST002271,RM0248,39,M,Mumbai,99378,Gold
CUST002272,RM0112,28,M,Ahmedabad,27621,Silver
CUST002273,RM0008,47,F,Pune,30981,premium
CUST002274,RM0020,28,M,Hyderabad,25135,Gold
CUST002275,RM0143,34,M,,73329,Gold
CUST002276,RM0089,58,M,Delhi,58531,Premium
CUST002277,RM0170,59,M,Kolkata,69541,Bronze
CUST002278,RM0004,59,F,Hyderabad,35469,Silver
CUST002279,RM0006,41,,Kolkata,130808,Platinum
CUST002280,RM0013,33,F,,62140,Gold
CUST002281,,49,F,Mumbai,76087,Bronze
CUST002282,RM0082,28,F,Jaipur,215489,Gold
CUST002283,,53,F,Bangalore,25660,Platinum
CUST002284,RM0218,32,M,Mumbai,95865,Bronze
CUST002285,RM0173,38,M,Hyderabad,69798,Silver
CUST002286,RM0182,53,F,Pune,48118,Silver
CUST002287,RM0081,18,F,Kolkata,91801,Platinum
CUST002288,,33,M,Lucknow,157581,Premium
CUST002289,RM0173,47,M,Chennai,34573,Gold
CUST002290,,50,M,Delhi,-5000,Bronze
CUST002291,RM0244,40,F,Bangalore,141639,gold
CUST002292,RM0092,38,M,Bangalore,70144,Bronze
CUST002293,RM0193,27,F,Pune,83539,Gold
CUST002294,,55,M,Lucknow,21426,Platinum
CUST002295,RM0155,63,F,Kolkata,27896,Premium
CUST002296,RM0216,20,F,Lucknow,106581,Silver
CUST002297,RM0187,52,F,Chennai,45976,Gold
CUST002298,RM0060,23,M,Kolkata,65322,Bronze
CUST002299,RM0188,38,F,Pune,105650,Premium
CUST002300,RM0158,48,F,Kolkata,386950,Premium
CUST002301,RM0089,31,M,Pune,74362,Bronze
CUST002302,RM0015,29,M,Kolkata,188265,Platinum
CUST002303,RM0141,42,F,Chennai,99264,Bronze
CUST002304,RM0051,54,M,Jaipur,27294,Silver
CUST002305,RM0166,34,M,Chennai,25276,Bronze
CUST002306,,29,M,Delhi,-5000,Silver
CUST002307,RM0067,54,M,Ahmedabad,43766,Platinum
CUST002308,RM0138,33,F,Delhi,24627,Platinum
CUST002309,RM0088,24,F,Mumbai,29108,Gold
CUST002310,RM0206,69,M,Pune,234070,Bronze
CUST002311,,33,M,Pune,23632,Silver
CUST002312,RM0081,54,F,Lucknow,22914,Bronze
CUST002313,RM0043,45,M,Bangalore,152087,Silver
CUST002314,RM0246,27,F,Bangalore,54332,Platinum
CUST002315,RM0014,39,M,Chennai,81650,Bronze
CUST002316,RM0180,59,M,Lucknow,8888888,Gold
CUST002317,RM0112,30,F,Ahmedabad,42409,Premium
CUST002318,RM0220,50,F,Ahmedabad,70709,Premium
CUST002319,RM0036,39,M,Lucknow,58264,Silver
CUST002320,RM0024,32,M,Lucknow,298961,Gold
CUST002321,RM0070,62,F,,48287,Bronze
CUST002322,RM0162,40,,Bangalore,99577,Platinum
CUST002323,RM0212,55,F,Hyderabad,46461,Premium
CUST002324,RM0210,45,M,Ahmedabad,66355,Platinum
CUST002325,RM0098,24,M,Kolkata,-5000,Platinum
CUST002326,,69,M,,27792,Platinum
CUST002327,RM0235,36,F,Delhi,31881,Premium
CUST002328,RM0239,49,M,Pune,86597,
CUST002329,RM0029,43,M,Mumbai,28867,Platinum
CUST002330,RM0135,18,M,Hyderabad,180626,Premium
CUST002331,RM0090,63,F,Delhi,27767,Silver
CUST002332,RM0166,34,M,Mumbai,20432,Silver
CUST002333,RM0104,42,F,Mumbai,50384,Silver
CUST002334,RM0238,37,F,Jaipur,56492,Bronze
CUST002335,RM0166,41,F,Jaipur,83304,Premium
CUST002336,RM0029,40,M,Bangalore,49232,Bronze
CUST002337,RM0122,28,M,Hyderabad,103870,Premium
CUST002338,RM0139,53,F,Chennai,64388,Silver
CUST002339,RM0149,31,F,Delhi,69447,Platinum
CUST002340,RM0199,31,F,Kolkata,108580,Premium
CUST002341,RM0155,18,M,Pune,120874,
CUST002342,RM0231,33,M,Delhi,75322,Bronze
CUST002343,RM0208,31,F,Chennai,31423,Silver
CUST002344,,18,F,Mumbai,69282,Premium
CUST002345,RM0196,18,F,Delhi,61718,Gold
CUST002346,RM0195,18,F,Lucknow,144298,Gold
CUST002347,,38,F,Hyderabad,83416,Premium
CUST002348,RM0126,62,F,Delhi,64122,Premium
CUST002349,RM0214,21,F,Pune,51175,Bronze
CUST002350,RM0112,41,F,Chennai,34106,Bronze
CUST002351,RM0200,38,F,Kolkata,172103,
CUST002352,RM0094,51,M,Hyderabad,58077,Gold
CUST002353,RM0160,52,M,Delhi,26927,Silver
CUST002354,RM0202,74,M,Bangalore,43565,Silver
CUST002355,RM0008,45,F,Pune,49608,Silver
CUST002356,RM0222,29,M,Delhi,95250,Gold
CUST002357,RM0028,33,M,Jaipur,46071,Platinum
CUST002358,RM0163,34,M,Ahmedabad,150581,Gold
CUST002359,RM0210,32,F,Hyderabad,56415,Gold
CUST002360,RM0152,66,M,Bangalore,24398,Bronze
CUST002361,,51,M,Lucknow,25797,
CUST002362,,18,M,Chennai,188830,Gold
CUST002363,RM0082,49,M,Delhi,34081,Gold
CUST002364,RM0015,26,M,Jaipur,83214,Platinum
CUST002365,RM0001,52,M,Hyderabad,67660,Platinum
CUST002366,,58,M,,131498,Gold
CUST002367,RM0057,38,M,Mumbai,34270,Premium
CUST002368,RM0208,33,F,Hyderabad,241200,Bronze
CUST002369,RM0217,64,M,,9999999,Gold
CUST002370,RM0141,31,F,Lucknow,77715,gold
CUST002371,RM0129,31,F,Kolkata,36514,Platinum
CUST002372,RM0122,30,M,Ahmedabad,46477,Silver
CUST002373,RM0177,22,M,Chennai,20355,Bronze
CUST002374,RM0135,23,M,Kolkata,77010,Premium
CUST002375,RM0041,37,M,Chennai,28697,Bronze
CUST002376,RM0102,46,M,Lucknow,98052,Silver
CUST002377,RM0207,34,F,Kolkata,68715,Gold
CUST002378,RM0155,43,F,Jaipur,38474,Premium
CUST002379,,61,F,Jaipur,-1000,Silver
CUST002380,RM0147,32,F,Delhi,103283,Platinum
CUST002381,RM0113,50,F,Mumbai,46082,Silver
CUST002382,RM0048,40,F,Ahmedabad,93884,Gold
CUST002383,RM0161,56,M,Bangalore,139168,
CUST002384,RM0004,41,M,Lucknow,24573,Premium
CUST002385,RM0047,32,M,Mumbai,101768,Bronze
CUST002386,,50,M,Kolkata,114900,Premium
CUST002387,RM0180,43,F,Pune,22557,Gold
CUST002388,RM0201,41,F,Ahmedabad,28120,Silver
CUST002389,RM0185,77,F,Pune,71803,Gold
CUST002390,RM0072,59,F,Jaipur,20855,Platinum
CUST002391,RM0192,52,F,Kolkata,74822,Silver
CUST002392,RM0219,43,F,Mumbai,106483,Bronze
CUST002393,RM0208,42,F,Kolkata,50768,bronze
CUST002394,RM0157,37,F,Pune,54554,Silver
CUST002395,RM0009,45,M,Jaipur,54980,Silver
CUST002396,RM0119,34,M,Ahmedabad,92440,Premium
CUST002397,RM0235,24,F,Mumbai,72242,Platinum
CUST002398,RM0237,41,M,Mumbai,8888888,Platinum
CUST002399,RM0088,44,M,Ahmedabad,-5000,Premium
CUST002400,RM0198,40,F,Delhi,67481,Gold
CUST002401,RM0062,30,F,Ahmedabad,69286,Silver
CUST002402,RM0039,42,F,Mumbai,34597,Bronze
CUST002403,RM0127,49,M,Kolkata,213036,Silver
CUST002404,RM0205,49,M,Hyderabad,54844,Premium
CUST002405,RM0092,66,F,Bangalore,27105,Bronze
CUST002406,RM0028,37,M,Pune,59583,Bronze
CUST002407,RM0096,28,M,Kolkata,47062,Gold
CUST002408,,43,,Mumbai,115963,Bronze
CUST002409,RM0060,38,F,Kolkata,123878,gold
CUST002410,RM0241,35,M,Bangalore,26900,Silver
CUST002411,RM0181,33,M,Chennai,68793,Premium
CUST002412,RM0136,46,M,Bangalore,42008,Premium
CUST002413,,32,M,Chennai,70971,Bronze
CUST002414,RM0066,52,M,Pune,33438,Silver
CUST002415,RM0007,52,M,Chennai,26779,Gold
CUST002416,RM0158,47,M,Lucknow,120718,Premium
CUST002417,RM0031,27,M,Ahmedabad,47890,Premium
CUST002418,RM0100,45,M,Kolkata,28768,Premium
CUST002419,RM0158,57,M,Lucknow,25591,Platinum
CUST002420,RM0102,53,F,Delhi,55275,Silver
CUST002421,RM0092,51,F,Lucknow,58360,Bronze
CUST002422,RM0216,42,M,,45059,Gold
CUST002423,RM0002,41,M,Hyderabad,51923,Platinum
CUST002424,RM0226,60,M,Mumbai,53697,Platinum
CUST002425,RM0155,46,F,Delhi,45835,Silver
CUST002426,RM0186,46,M,Bangalore,40270,Platinum
CUST002427,RM0019,80,M,Hyderabad,33612,Premium
CUST002428,RM0001,37,M,,98983,Platinum
CUST002429,RM0051,18,F,Mumbai,25648,Bronze
CUST002430,RM0145,39,M,Jaipur,33645,Bronze
CUST002431,RM0079,40,M,Delhi,29247,Gold
CUST002432,RM0248,45,F,Mumbai,50871,
CUST002433,RM0172,49,F,Delhi,60116,Premium
CUST002434,RM0150,18,F,Bangalore,42046,Silver
CUST002435,RM0089,49,M,Ahmedabad,43688,Platinum
CUST002436,RM0208,41,F,Pune,34935,Platinum
CUST002437,RM0035,38,M,Pune,91255,Bronze
CUST002438,RM0054,18,M,Bangalore,31532,Platinum
CUST002439,RM0168,63,F,Kolkata,40679,Silver
CUST002440,RM0046,35,M,Ahmedabad,61475,gold
CUST002441,RM0025,51,M,Kolkata,22684,Premium
CUST002442,RM0189,29,F,Kolkata,115710,Bronze
CUST002443,RM0145,46,M,,41734,Bronze
CUST002444,RM0057,38,M,Lucknow,84129,Gold
CUST002445,RM0192,51,F,Kolkata,26770,Platinum
CUST002446,RM0058,37,M,Delhi,29832,
CUST002447,RM0044,29,M,Ahmedabad,30906,Bronze
CUST002448,RM0198,41,F,Jaipur,163912,Premium
CUST002449,RM0214,41,M,Bangalore,148383,Platinum
CUST002450,RM0032,45,F,Delhi,59353,Bronze
CUST002451,RM0137,55,F,Chennai,73779,Premium
CUST002452,RM0105,26,F,Bangalore,246065,Platinum
CUST002453,RM0193,55,M,Chennai,22671,Silver
CUST002454,RM0177,24,M,Delhi,26031,Platinum
CUST002455,RM0165,50,M,Chennai,55639,Bronze
CUST002456,RM0177,51,F,Mumbai,37838,Gold
CUST002457,RM0012,34,F,Pune,43577,Premium
CUST002458,RM0086,30,M,Lucknow,90592,Bronze
CUST002459,RM0213,29,M,Pune,20909,Silver
CUST002460,RM0229,43,M,Delhi,25397,Silver
CUST002461,RM0216,52,M,Delhi,70723,Silver
CUST002462,RM0047,39,M,Hyderabad,100930,Premium
CUST002463,RM0026,18,F,Mumbai,25736,Platinum
CUST002464,RM0003,34,F,Lucknow,124346,Platinum
CUST002465,,33,F,Hyderabad,55898,Silver
CUST002466,RM0009,49,F,Chennai,53410,Platinum
CUST002467,RM0243,49,M,Lucknow,63347,Bronze
CUST002468,RM0240,44,M,Mumbai,58850,
CUST002469,RM0047,55,M,Jaipur,27312,Gold
CUST002470,RM0215,56,M,Kolkata,110418,Premium
CUST002471,RM0231,34,F,Mumbai,-1000,Silver
CUST002472,RM0072,29,F,Delhi,34315,silver
CUST002473,RM0189,21,F,Ahmedabad,53564,Silver
CUST002474,RM0159,31,M,Pune,46162,Gold
CUST002475,RM0176,33,M,,110528,Gold
CUST002476,RM0099,44,M,Kolkata,55865,Platinum
CUST002477,RM0111,80,F,Jaipur,29365,Bronze
CUST002478,RM0146,59,M,Chennai,31013,Platinum
CUST002479,RM0079,55,M,Chennai,31793,Gold
CUST002480,RM0049,18,M,Ahmedabad,26183,Platinum
CUST002481,RM0241,50,M,Pune,37635,Bronze
CUST002482,RM0045,51,M,Pune,27287,Gold
CUST002483,,48,F,Ahmedabad,71473,Premium
CUST002484,RM0222,30,F,Lucknow,8888888,Platinum
CUST002485,RM0221,29,M,,33948,Silver
CUST002486,RM0205,49,F,Lucknow,112319,Platinum
CUST002487,RM0171,30,F,Kolkata,146311,Bronze
CUST002488,RM0118,66,F,Delhi,72527,Premium
CUST002489,RM0160,29,F,Ahmedabad,45730,Premium
CUST002490,RM0101,23,,Jaipur,22629,Bronze
CUST002491,RM0109,26,M,Chennai,45622,Bronze
CUST002492,RM0095,41,F,Mumbai,41593,Bronze
CUST002493,RM0201,52,F,Bangalore,28327,Platinum
CUST002494,RM0192,51,M,Ahmedabad,42828,Platinum
CUST002495,RM0246,26,M,Ahmedabad,100086,Premium
CUST002496,RM0045,36,F,Chennai,81418,Silver
CUST002497,RM0074,34,F,Jaipur,25591,Bronze
CUST002498,RM0005,24,F,Delhi,69470,Premium
CUST002499,RM0157,34,F,Ahmedabad,63204,
CUST002500,RM0135,61,M,Kolkata,141148,Gold
