RM_ID,Month,Target,Achievement
RM0001,2023-01,204208.0,156604.0
RM0001,2023-03,62458.0,85117.0
RM0001,2023-04,142154.0,161305.0
RM0001,2023-05,141155.0,230864.0
RM0001,2023-06,172719.0,291016.0
RM0001,2023-07,157178.0,116136.0
RM0001,2023-08,115878.0,125518.0
RM0001,2023-10,163250.0,217286.0
RM0001,2023-11,0.0,0.0
RM0001,2023-12,211311.0,310179.0
RM0001,2024-01,219326.0,224313.0
RM0001,2024-03,768375.0,697084.0
RM0001,2024-04,66906.0,102517.0
RM0001,2024-05,85776.0,117506.0
RM0001,2024-06,79580.0,25888.0
RM0001,2024-07,,
RM0001,2024-08,-10000.0,0.0
RM0001,2024-09,120978.0,-5000.0
RM0001,2024-10,66911.0,39913.0
RM0001,2024-11,266987.0,388419.0
RM0001,2024-12,305141.0,476548.0
RM0002,2023-01,131821.0,211088.0
RM0002,2023-02,161962.0,162916.0
RM0002,2023-03,240162.0,149075.0
RM0002,2023-04,283738.0,267905.0
RM0002,2023-05,70423.0,33730.0
RM0002,2023-06,77031.0,126011.0
RM0002,2023-07,755546.0,631228.0
RM0002,2023-08,101827.0,63963.0
RM0002,2023-09,310434.0,190547.0
RM0002,2023-10,436731.0,568198.0
RM0002,2023-11,391140.0,442385.0
RM0002,2023-12,226006.0,277803.0
RM0002,2024-01,316852.0,492321.0
RM0002,2024-02,183664.0,229352.0
RM0002,2024-03,432418.0,732861.0
RM0002,2024-04,213708.0,66598.0
RM0002,2024-05,66541.0,105594.0
RM0002,2024-06,63277.0,39249.0
RM0002,2024-07,,
RM0002,2024-08,89311.0,107204.0
RM0002,2024-09,178927.0,131355.0
RM0002,2024-10,84905.0,122840.0
RM0002,2024-11,461061.0,174838.0
RM0002,2024-12,71438.0,90243.0
RM0003,2023-01,294784.0,438279.0
RM0003,2023-02,240775.0,392738.0
RM0003,2023-03,86760.0,39990.0
RM0003,2023-04,193318.0,296436.0
RM0003,2023-05,180856.0,315502.0
RM0003,2023-06,288125.0,389310.0
RM0003,2023-07,59322.0,27383.0
RM0003,2023-08,280454.0,167531.0
RM0003,2023-09,54388.0,90618.0
RM0003,2023-10,382193.0,239912.0
RM0003,2023-11,277259.0,103131.0
RM0003,2023-12,100333.0,-5000.0
RM0003,2024-01,196592.0,284029.0
RM0003,2024-02,51568.0,40703.0
RM0003,2024-03,86185.0,154975.0
RM0003,2024-04,216746.0,196915.0
RM0003,2024-05,61800.0,74036.0
RM0003,2024-06,203958.0,310956.0
RM0003,2024-10,101073.0,179115.0
RM0003,2024-11,136829.0,101789.0
RM0003,2024-12,114260.0,123329.0
RM0004,2023-02,463984.0,650848.0
RM0004,2023-03,179096.0,97466.0
RM0004,2023-04,74263.0,78220.0
RM0004,2023-05,245684.0,350472.0
RM0004,2023-06,88410.0,39797.0
RM0004,2023-07,122788.0,205947.0
RM0004,2023-08,168239.0,131251.0
RM0004,2023-09,108653.0,54123.0
RM0004,2023-10,146146.0,217325.0
RM0004,2023-11,568944.0,598752.0
RM0004,2023-12,77446.0,102571.0
RM0004,2024-01,262075.0,106808.0
RM0004,2024-03,334707.0,516782.0
RM0004,2024-04,145952.0,166477.0
RM0004,2024-05,237454.0,312281.0
RM0004,2024-06,52501.0,25392.0
RM0004,2024-07,76616.0,109830.0
RM0004,2024-08,136995.0,153195.0
RM0004,2024-09,272214.0,220894.0
RM0004,2024-10,257279.0,247875.0
RM0004,2024-11,121024.0,96765.0
RM0004,2024-12,552624.0,805703.0
RM0005,2023-01,53060.0,92118.0
RM0005,2023-02,274041.0,143532.0
RM0005,2023-03,61911.0,47194.0
RM0005,2023-04,196797.0,241040.0
RM0005,2023-05,98413.0,95314.0
RM0005,2023-06,85717.0,32218.0
RM0005,2023-07,159151.0,130581.0
RM0005,2023-08,167422.0,287925.0
RM0005,2023-09,73212.0,22179.0
RM0005,2023-10,61999.0,61630.0
RM0005,2023-11,234102.0,274167.0
RM0005,2023-12,152448.0,126675.0
RM0005,2024-01,105653.0,91329.0
RM0005,2024-02,191871.0,105841.0
RM0005,2024-03,271342.0,315538.0
RM0005,2024-04,-10000.0,0.0
RM0005,2024-05,154318.0,269156.0
RM0005,2024-06,53105.0,31824.0
RM0005,2024-07,139234.0,175108.0
RM0005,2024-08,85782.0,145581.0
RM0005,2024-09,204323.0,330216.0
RM0005,2024-10,109919.0,169652.0
RM0005,2024-11,121275.0,82361.0
RM0005,2024-12,413976.0,181457.0
RM0006,2023-01,479413.0,473551.0
RM0006,2023-02,786458.0,872490.0
RM0006,2023-03,262505.0,81535.0
RM0006,2023-04,152975.0,215110.0
RM0006,2023-06,279059.0,149875.0
RM0006,2023-07,131443.0,-5000.0
RM0006,2023-08,131469.0,59879.0
RM0006,2023-09,137790.0,208151.0
RM0006,2023-10,103539.0,98244.0
RM0006,2023-11,536470.0,186456.0
RM0006,2023-12,184297.0,260808.0
RM0006,2024-01,264619.0,363561.0
RM0006,2024-02,244441.0,94969.0
RM0006,2024-03,164579.0,242664.0
RM0006,2024-04,-10000.0,0.0
RM0006,2024-06,51818.0,78858.0
RM0006,2024-07,236872.0,217521.0
RM0006,2024-08,473005.0,685808.0
RM0006,2024-09,565652.0,958199.0
RM0006,2024-10,148462.0,212607.0
RM0006,2024-11,215932.0,327605.0
RM0006,2024-12,282455.0,149658.0
RM0007,2023-01,89934.0,62827.0
RM0007,2023-02,305973.0,463889.0
RM0007,2023-03,152579.0,178707.0
RM0007,2023-04,313102.0,240741.0
RM0007,2023-06,57722.0,59101.0
RM0007,2023-07,417518.0,620307.0
RM0007,2023-08,118502.0,47063.0
RM0007,2023-09,201969.0,
RM0007,2023-10,319809.0,414927.0
RM0007,2023-11,133027.0,64522.0
RM0007,2023-12,412487.0,294489.0
RM0007,2024-01,88095.0,134253.0
RM0007,2024-02,646243.0,833808.0
RM0007,2024-03,197048.0,153529.0
RM0007,2024-04,53093.0,31202.0
RM0007,2024-05,181715.0,95759.0
RM0007,2024-06,372912.0,217115.0
RM0007,2024-07,160754.0,171688.0
RM0007,2024-08,188930.0,149472.0
RM0007,2024-09,360167.0,348084.0
RM0007,2024-10,230672.0,289231.0
RM0007,2024-11,68691.0,84761.0
RM0007,2024-12,170010.0,280160.0
RM0008,2023-01,369139.0,194326.0
RM0008,2023-03,62782.0,46577.0
RM0008,2023-04,697019.0,231661.0
RM0008,2023-05,217619.0,263921.0
RM0008,2023-06,206013.0,129258.0
RM0008,2023-07,88566.0,83780.0
RM0008,2023-08,,
RM0008,2023-09,65115.0,26822.0
RM0008,2023-10,63876.0,74062.0
RM0008,2023-11,126060.0,93337.0
RM0008,2023-12,106929.0,65325.0
RM0008,2024-01,129528.0,78310.0
RM0008,2024-02,229622.0,111573.0
RM0008,2024-03,494176.0,214832.0
RM0008,2024-04,480922.0,745401.0
RM0008,2024-05,221249.0,369143.0
RM0008,2024-06,72487.0,40916.0
RM0008,2024-07,93583.0,62440.0
RM0008,2024-08,105844.0,123143.0
RM0008,2024-09,0.0,0.0
RM0008,2024-10,122256.0,81859.0
RM0008,2024-11,189950.0,337684.0
RM0008,2024-12,159364.0,149567.0
RM0009,2023-01,118887.0,175646.0
RM0009,2023-02,61205.0,106475.0
RM0009,2023-03,131171.0,101073.0
RM0009,2023-04,597842.0,1018614.0
RM0009,2023-05,204055.0,66881.0
RM0009,2023-06,257067.0,206511.0
RM0009,2023-07,-10000.0,0.0
RM0009,2023-08,75928.0,82396.0
RM0009,2023-09,254710.0,180720.0
RM0009,2023-10,468876.0,-5000.0
RM0009,2023-11,82487.0,32944.0
RM0009,2023-12,205077.0,322786.0
RM0009,2024-02,509065.0,738529.0
RM0009,2024-03,83405.0,147334.0
RM0009,2024-04,427805.0,233047.0
RM0009,2024-05,172733.0,195754.0
RM0009,2024-06,137653.0,244529.0
RM0009,2024-07,,
RM0009,2024-08,59221.0,73482.0
RM0009,2024-09,84469.0,92155.0
RM0009,2024-10,276942.0,185576.0
RM0009,2024-11,124972.0,215720.0
RM0009,2024-12,264995.0,307151.0
RM0010,2023-01,87653.0,82214.0
RM0010,2023-02,273123.0,418100.0
RM0010,2023-03,92077.0,119063.0
RM0010,2023-05,64973.0,21754.0
RM0010,2023-06,169334.0,107792.0
RM0010,2023-07,62329.0,86932.0
RM0010,2023-08,153365.0,-5000.0
RM0010,2023-09,288649.0,374064.0
RM0010,2023-10,246291.0,187437.0
RM0010,2023-11,95831.0,115122.0
RM0010,2023-12,83486.0,127159.0
RM0010,2024-01,161010.0,103124.0
RM0010,2024-02,197191.0,338686.0
RM0010,2024-04,62849.0,29163.0
RM0010,2024-05,328530.0,152566.0
RM0010,2024-07,56025.0,46046.0
RM0010,2024-08,144302.0,166548.0
RM0010,2024-09,156178.0,260782.0
RM0010,2024-10,0.0,0.0
RM0010,2024-11,668506.0,
RM0010,2024-12,147069.0,62724.0
RM0011,2023-01,516943.0,158272.0
RM0011,2023-02,274480.0,95223.0
RM0011,2023-03,264828.0,452037.0
RM0011,2023-04,123962.0,81994.0
RM0011,2023-05,88481.0,91805.0
RM0011,2023-06,78109.0,102274.0
RM0011,2023-07,118913.0,93306.0
RM0011,2023-08,142785.0,159045.0
RM0011,2023-09,72960.0,99345.0
RM0011,2023-10,371769.0,266551.0
RM0011,2023-11,79839.0,115028.0
RM0011,2023-12,80416.0,29101.0
RM0011,2024-01,194839.0,128521.0
RM0011,2024-02,78276.0,138736.0
RM0011,2024-03,101768.0,168442.0
RM0011,2024-05,79442.0,121424.0
RM0011,2024-06,154578.0,64596.0
RM0011,2024-07,248416.0,406932.0
RM0011,2024-08,76692.0,106478.0
RM0011,2024-09,138332.0,197926.0
RM0011,2024-10,237726.0,80803.0
RM0011,2024-12,79533.0,80053.0
RM0012,2023-01,456795.0,371424.0
RM0012,2023-02,198681.0,63205.0
RM0012,2023-03,236265.0,284605.0
RM0012,2023-06,238497.0,395187.0
RM0012,2023-07,73761.0,51070.0
RM0012,2023-08,870219.0,465067.0
RM0012,2023-09,241281.0,334804.0
RM0012,2023-10,222325.0,142546.0
RM0012,2023-11,86336.0,112194.0
RM0012,2024-01,80915.0,104570.0
RM0012,2024-02,151747.0,133528.0
RM0012,2024-03,103551.0,178249.0
RM0012,2024-04,156420.0,178612.0
RM0012,2024-05,497144.0,636749.0
RM0012,2024-06,524988.0,241258.0
RM0012,2024-07,331244.0,266029.0
RM0012,2024-08,299495.0,474236.0
RM0012,2024-09,97512.0,89052.0
RM0012,2024-10,244201.0,109544.0
RM0012,2024-11,261301.0,121690.0
RM0012,2024-12,418808.0,299242.0
RM0013,2023-01,178561.0,84946.0
RM0013,2023-02,97102.0,87967.0
RM0013,2023-03,150136.0,45056.0
RM0013,2023-04,379269.0,118146.0
RM0013,2023-05,272873.0,274474.0
RM0013,2023-06,161312.0,98787.0
RM0013,2023-07,190232.0,210367.0
RM0013,2023-08,76911.0,50544.0
RM0013,2023-09,60387.0,24120.0
RM0013,2023-10,52080.0,32847.0
RM0013,2023-11,220756.0,170936.0
RM0013,2023-12,112950.0,56233.0
RM0013,2024-01,178516.0,145171.0
RM0013,2024-02,219198.0,309549.0
RM0013,2024-03,181810.0,129831.0
RM0013,2024-04,156576.0,106142.0
RM0013,2024-05,399821.0,579571.0
RM0013,2024-06,151888.0,265528.0
RM0013,2024-07,168698.0,133744.0
RM0013,2024-08,65050.0,72570.0
RM0013,2024-10,345363.0,552607.0
RM0013,2024-11,189166.0,168387.0
RM0013,2024-12,207600.0,299610.0
RM0014,2023-01,129558.0,131421.0
RM0014,2023-02,221204.0,357239.0
RM0014,2023-03,284820.0,95012.0
RM0014,2023-04,69922.0,110418.0
RM0014,2023-05,319205.0,281925.0
RM0014,2023-06,181660.0,301331.0
RM0014,2023-07,413812.0,610223.0
RM0014,2023-08,85280.0,119001.0
RM0014,2023-09,65987.0,108278.0
RM0014,2023-10,74227.0,96014.0
RM0014,2023-11,191334.0,280371.0
RM0014,2023-12,170302.0,66307.0
RM0014,2024-01,233547.0,204290.0
RM0014,2024-02,107912.0,192893.0
RM0014,2024-03,,
RM0014,2024-04,183886.0,251202.0
RM0014,2024-05,162085.0,
RM0014,2024-07,270433.0,386207.0
RM0014,2024-08,210567.0,378307.0
RM0014,2024-09,142370.0,193521.0
RM0014,2024-10,289758.0,250365.0
RM0014,2024-11,141645.0,248410.0
RM0014,2024-12,54923.0,44100.0
RM0015,2023-02,149891.0,45296.0
RM0015,2023-03,394084.0,287431.0
RM0015,2023-04,94701.0,144938.0
RM0015,2023-05,98856.0,127171.0
RM0015,2023-06,308477.0,459234.0
RM0015,2023-07,278455.0,120558.0
RM0015,2023-08,62482.0,47496.0
RM0015,2023-09,55491.0,58301.0
RM0015,2023-10,125324.0,142310.0
RM0015,2023-11,103241.0,106196.0
RM0015,2023-12,111137.0,65883.0
RM0015,2024-01,207202.0,271466.0
RM0015,2024-02,315117.0,508008.0
RM0015,2024-03,232843.0,309971.0
RM0015,2024-04,58751.0,27299.0
RM0015,2024-05,301146.0,195572.0
RM0015,2024-06,115907.0,60033.0
RM0015,2024-07,82565.0,120802.0
RM0015,2024-08,95543.0,93016.0
RM0015,2024-09,74673.0,98336.0
RM0015,2024-10,245441.0,206793.0
RM0015,2024-11,280390.0,185018.0
RM0015,2024-12,226601.0,316096.0
RM0016,2023-01,569416.0,369256.0
RM0016,2023-02,64759.0,44978.0
RM0016,2023-03,69663.0,-5000.0
RM0016,2023-04,77894.0,62406.0
RM0016,2023-05,130162.0,215494.0
RM0016,2023-06,82651.0,145270.0
RM0016,2023-08,299230.0,485413.0
RM0016,2023-09,447702.0,640151.0
RM0016,2023-10,283228.0,270972.0
RM0016,2023-11,157140.0,266938.0
RM0016,2023-12,121284.0,44016.0
RM0016,2024-01,265798.0,308255.0
RM0016,2024-02,303009.0,125241.0
RM0016,2024-03,195624.0,131373.0
RM0016,2024-04,400372.0,186118.0
RM0016,2024-06,327792.0,141878.0
RM0016,2024-07,53812.0,35117.0
RM0016,2024-08,110754.0,137312.0
RM0016,2024-09,71186.0,68053.0
RM0016,2024-11,84273.0,133400.0
RM0016,2024-12,56901.0,47450.0
RM0017,2023-01,199695.0,333417.0
RM0017,2023-02,0.0,0.0
RM0017,2023-04,388343.0,153115.0
RM0017,2023-05,325755.0,478817.0
RM0017,2023-06,399080.0,306239.0
RM0017,2023-07,414162.0,374386.0
RM0017,2023-08,200809.0,-5000.0
RM0017,2023-09,132793.0,125020.0
RM0017,2023-10,168659.0,140643.0
RM0017,2023-11,0.0,0.0
RM0017,2023-12,200620.0,267754.0
RM0017,2024-01,89406.0,156850.0
RM0017,2024-02,211899.0,126248.0
RM0017,2024-03,258238.0,144760.0
RM0017,2024-04,59822.0,65285.0
RM0017,2024-06,170955.0,99743.0
RM0017,2024-07,114243.0,196344.0
RM0017,2024-08,100321.0,53506.0
RM0017,2024-09,785172.0,591594.0
RM0017,2024-11,221034.0,143084.0
RM0017,2024-12,169816.0,149340.0
RM0018,2023-01,538873.0,511503.0
RM0018,2023-02,181623.0,311873.0
RM0018,2023-03,729708.0,330183.0
RM0018,2023-04,319655.0,279114.0
RM0018,2023-05,185516.0,160020.0
RM0018,2023-06,126903.0,68310.0
RM0018,2023-07,177563.0,198883.0
RM0018,2023-08,81488.0,90663.0
RM0018,2023-09,592354.0,-5000.0
RM0018,2023-10,237978.0,243088.0
RM0018,2023-11,421690.0,490413.0
RM0018,2024-01,71762.0,80464.0
RM0018,2024-02,79945.0,116020.0
RM0018,2024-03,562481.0,473174.0
RM0018,2024-04,135617.0,126428.0
RM0018,2024-05,100383.0,-5000.0
RM0018,2024-08,287112.0,352169.0
RM0018,2024-09,59929.0,93381.0
RM0018,2024-10,81069.0,143388.0
RM0018,2024-11,120900.0,148063.0
RM0018,2024-12,62152.0,50777.0
RM0019,2023-01,293191.0,297827.0
RM0019,2023-02,402456.0,467938.0
RM0019,2023-03,445860.0,790917.0
RM0019,2023-04,140741.0,161533.0
RM0019,2023-05,320199.0,202461.0
RM0019,2023-06,346673.0,411805.0
RM0019,2023-07,243920.0,
RM0019,2023-09,62483.0,90555.0
RM0019,2023-10,105830.0,159575.0
RM0019,2023-11,156743.0,111588.0
RM0019,2023-12,507876.0,735198.0
RM0019,2024-01,686978.0,581667.0
RM0019,2024-02,207139.0,252167.0
RM0019,2024-03,224499.0,80252.0
RM0019,2024-04,101737.0,169291.0
RM0019,2024-05,132700.0,231026.0
RM0019,2024-06,86024.0,154510.0
RM0019,2024-07,229391.0,335963.0
RM0019,2024-08,125841.0,208960.0
RM0019,2024-09,168271.0,222354.0
RM0019,2024-10,64941.0,81015.0
RM0019,2024-11,366892.0,208183.0
RM0020,2023-01,250754.0,84780.0
RM0020,2023-02,440965.0,782437.0
RM0020,2023-03,115585.0,53239.0
RM0020,2023-04,211194.0,72809.0
RM0020,2023-05,148807.0,105306.0
RM0020,2023-06,146179.0,47860.0
RM0020,2023-07,57948.0,
RM0020,2023-08,52415.0,64402.0
RM0020,2023-09,173178.0,112520.0
RM0020,2023-10,206041.0,335086.0
RM0020,2023-11,98718.0,152814.0
RM0020,2023-12,212932.0,74681.0
RM0020,2024-01,120536.0,127965.0
RM0020,2024-02,247346.0,180734.0
RM0020,2024-03,658818.0,874126.0
RM0020,2024-04,119976.0,53453.0
RM0020,2024-05,80018.0,82531.0
RM0020,2024-06,152389.0,221204.0
RM0020,2024-07,244290.0,147040.0
RM0020,2024-08,185564.0,61409.0
RM0020,2024-09,126261.0,182593.0
RM0020,2024-10,126501.0,196505.0
RM0020,2024-11,610428.0,739117.0
RM0021,2023-01,73498.0,63907.0
RM0021,2023-03,51429.0,
RM0021,2023-04,188469.0,288800.0
RM0021,2023-05,199113.0,294513.0
RM0021,2023-06,291343.0,459307.0
RM0021,2023-07,96522.0,155101.0
RM0021,2023-08,209238.0,153703.0
RM0021,2023-09,704860.0,1216076.0
RM0021,2023-10,178152.0,278774.0
RM0021,2023-11,95469.0,88218.0
RM0021,2023-12,80495.0,86946.0
RM0021,2024-01,0.0,0.0
RM0021,2024-02,85893.0,112451.0
RM0021,2024-03,68798.0,27005.0
RM0021,2024-04,122896.0,112417.0
RM0021,2024-05,107792.0,74044.0
RM0021,2024-06,112049.0,61073.0
RM0021,2024-07,127489.0,211237.0
RM0021,2024-08,88122.0,116909.0
RM0021,2024-09,72935.0,60598.0
RM0021,2024-10,-10000.0,0.0
RM0021,2024-11,464763.0,437794.0
RM0021,2024-12,225903.0,271918.0
RM0022,2023-01,72803.0,-5000.0
RM0022,2023-02,470867.0,385547.0
RM0022,2023-03,56868.0,42688.0
RM0022,2023-06,111338.0,48890.0
RM0022,2023-07,195128.0,160033.0
RM0022,2023-08,198787.0,-5000.0
RM0022,2023-09,51014.0,90451.0
RM0022,2023-10,78042.0,100595.0
RM0022,2023-11,238703.0,133056.0
RM0022,2023-12,67768.0,35840.0
RM0022,2024-01,92517.0,51101.0
RM0022,2024-02,218128.0,203131.0
RM0022,2024-03,165760.0,61497.0
RM0022,2024-04,346261.0,192471.0
RM0022,2024-05,116978.0,47709.0
RM0022,2024-07,72065.0,93590.0
RM0022,2024-09,226934.0,298519.0
RM0022,2024-10,170490.0,294740.0
RM0022,2024-11,156140.0,152098.0
RM0022,2024-12,92662.0,41537.0
RM0023,2023-02,169162.0,130649.0
RM0023,2023-03,161358.0,98295.0
RM0023,2023-04,,
RM0023,2023-05,323183.0,581582.0
RM0023,2023-06,108380.0,169451.0
RM0023,2023-07,359518.0,645015.0
RM0023,2023-08,112946.0,161971.0
RM0023,2023-09,88972.0,110075.0
RM0023,2023-10,233036.0,328972.0
RM0023,2023-11,84822.0,133432.0
RM0023,2023-12,131960.0,82416.0
RM0023,2024-01,167306.0,266859.0
RM0023,2024-02,562087.0,799462.0
RM0023,2024-03,50845.0,25526.0
RM0023,2024-04,61900.0,27967.0
RM0023,2024-05,122441.0,98900.0
RM0023,2024-06,68102.0,-5000.0
RM0023,2024-07,370860.0,453614.0
RM0023,2024-08,288786.0,-5000.0
RM0023,2024-09,119674.0,109544.0
RM0023,2024-10,107325.0,102778.0
RM0023,2024-11,191386.0,198941.0
RM0023,2024-12,322947.0,532929.0
RM0024,2023-01,145142.0,95738.0
RM0024,2023-02,485589.0,681066.0
RM0024,2023-04,203300.0,288303.0
RM0024,2023-05,61853.0,24830.0
RM0024,2023-06,74929.0,39051.0
RM0024,2023-07,131882.0,70702.0
RM0024,2023-08,339163.0,395852.0
RM0024,2023-09,118892.0,48083.0
RM0024,2023-10,184116.0,87418.0
RM0024,2023-11,253930.0,381945.0
RM0024,2023-12,167781.0,87985.0
RM0024,2024-01,281872.0,214713.0
RM0024,2024-03,87780.0,88292.0
RM0024,2024-04,433904.0,-5000.0
RM0024,2024-05,102939.0,170710.0
RM0024,2024-06,58271.0,24781.0
RM0024,2024-07,229878.0,134682.0
RM0024,2024-08,107105.0,54040.0
RM0024,2024-09,110575.0,79690.0
RM0024,2024-10,249962.0,338207.0
RM0024,2024-11,514921.0,714006.0
RM0024,2024-12,228026.0,305852.0
RM0025,2023-01,371795.0,276747.0
RM0025,2023-02,103520.0,146151.0
RM0025,2023-03,88952.0,148374.0
RM0025,2023-04,164787.0,123621.0
RM0025,2023-05,274483.0,210934.0
RM0025,2023-06,545658.0,968261.0
RM0025,2023-07,214850.0,101076.0
RM0025,2023-09,95817.0,102823.0
RM0025,2023-10,336022.0,193995.0
RM0025,2023-11,66539.0,27395.0
RM0025,2023-12,156077.0,253945.0
RM0025,2024-01,56492.0,34939.0
RM0025,2024-02,227261.0,349708.0
RM0025,2024-04,297070.0,438951.0
RM0025,2024-05,70854.0,63475.0
RM0025,2024-06,677423.0,1208069.0
RM0025,2024-07,188356.0,256898.0
RM0025,2024-08,503261.0,490625.0
RM0025,2024-09,72077.0,93946.0
RM0025,2024-10,533215.0,717605.0
RM0025,2024-11,293927.0,274564.0
RM0026,2023-01,65215.0,36084.0
RM0026,2023-03,658166.0,684345.0
RM0026,2023-04,51814.0,89796.0
RM0026,2023-05,153307.0,238300.0
RM0026,2023-07,169263.0,76600.0
RM0026,2023-09,193398.0,347362.0
RM0026,2023-10,55303.0,86421.0
RM0026,2023-12,90276.0,80417.0
RM0026,2024-02,119951.0,197702.0
RM0026,2024-03,-10000.0,0.0
RM0026,2024-04,138906.0,212114.0
RM0026,2024-05,57521.0,24715.0
RM0026,2024-06,53289.0,70979.0
RM0026,2024-07,161860.0,261247.0
RM0026,2024-08,153532.0,97144.0
RM0026,2024-09,295326.0,218980.0
RM0026,2024-10,461605.0,311876.0
RM0026,2024-11,77538.0,80638.0
RM0026,2024-12,57775.0,20488.0
RM0027,2023-01,152781.0,95130.0
RM0027,2023-02,51409.0,38252.0
RM0027,2023-03,147331.0,131335.0
RM0027,2023-04,71835.0,84011.0
RM0027,2023-05,235853.0,309747.0
RM0027,2023-06,125072.0,63335.0
RM0027,2023-08,153818.0,251592.0
RM0027,2023-09,144870.0,85983.0
RM0027,2023-10,64650.0,
RM0027,2023-11,482164.0,682027.0
RM0027,2023-12,106305.0,78987.0
RM0027,2024-01,388381.0,219960.0
RM0027,2024-02,164869.0,225912.0
RM0027,2024-04,125724.0,
RM0027,2024-06,56108.0,36001.0
RM0027,2024-07,398124.0,431836.0
RM0027,2024-08,303468.0,343989.0
RM0027,2024-09,481298.0,800736.0
RM0027,2024-10,148924.0,115775.0
RM0027,2024-11,188070.0,246810.0
RM0027,2024-12,153479.0,235348.0
RM0028,2023-01,80377.0,64431.0
RM0028,2023-02,223934.0,150041.0
RM0028,2023-03,136931.0,239026.0
RM0028,2023-04,197475.0,340365.0
RM0028,2023-05,242258.0,336011.0
RM0028,2023-06,184420.0,94665.0
RM0028,2023-07,160006.0,108643.0
RM0028,2023-08,1043674.0,731034.0
RM0028,2023-09,89338.0,110406.0
RM0028,2023-10,157293.0,52225.0
RM0028,2023-11,70808.0,107384.0
RM0028,2023-12,149157.0,77415.0
RM0028,2024-01,143891.0,97806.0
RM0028,2024-02,87961.0,152752.0
RM0028,2024-03,117418.0,43403.0
RM0028,2024-04,577626.0,861967.0
RM0028,2024-05,94037.0,85887.0
RM0028,2024-06,347390.0,290459.0
RM0028,2024-07,175692.0,193662.0
RM0028,2024-08,126947.0,159858.0
RM0028,2024-09,146165.0,48504.0
RM0028,2024-10,302610.0,142146.0
RM0028,2024-11,143568.0,167953.0
RM0028,2024-12,233374.0,213816.0
RM0029,2023-01,249514.0,124014.0
RM0029,2023-02,208957.0,321691.0
RM0029,2023-04,380334.0,444743.0
RM0029,2023-05,106290.0,57931.0
RM0029,2023-06,113596.0,126087.0
RM0029,2023-08,82785.0,143116.0
RM0029,2023-09,391151.0,136682.0
RM0029,2023-10,173817.0,257938.0
RM0029,2023-11,92233.0,100150.0
RM0029,2023-12,128129.0,76213.0
RM0029,2024-01,193074.0,345706.0
RM0029,2024-02,118187.0,133382.0
RM0029,2024-03,109592.0,177037.0
RM0029,2024-04,349931.0,198816.0
RM0029,2024-05,395311.0,208432.0
RM0029,2024-06,65045.0,83218.0
RM0029,2024-07,123140.0,134975.0
RM0029,2024-09,208579.0,-5000.0
RM0029,2024-10,58142.0,42991.0
RM0029,2024-11,142679.0,99858.0
RM0029,2024-12,57531.0,24739.0
RM0030,2023-01,292732.0,488007.0
RM0030,2023-02,74772.0,50388.0
RM0030,2023-03,208440.0,360894.0
RM0030,2023-04,103413.0,163684.0
RM0030,2023-05,155790.0,270270.0
RM0030,2023-06,71972.0,126707.0
RM0030,2023-07,137235.0,237335.0
RM0030,2023-08,142064.0,155577.0
RM0030,2023-09,295040.0,408318.0
RM0030,2023-10,0.0,0.0
RM0030,2023-11,130930.0,194909.0
RM0030,2023-12,494136.0,155512.0
RM0030,2024-01,182953.0,
RM0030,2024-02,351465.0,449758.0
RM0030,2024-03,292038.0,479699.0
RM0030,2024-05,258515.0,
RM0030,2024-06,239355.0,418181.0
RM0030,2024-08,348917.0,531423.0
RM0030,2024-09,63554.0,41853.0
RM0030,2024-10,0.0,-5000.0
RM0030,2024-11,172045.0,234727.0
RM0030,2024-12,104191.0,45843.0
RM0031,2023-01,105898.0,154245.0
RM0031,2023-02,364825.0,609022.0
RM0031,2023-03,121431.0,104285.0
RM0031,2023-04,128310.0,110823.0
RM0031,2023-05,214580.0,179707.0
RM0031,2023-06,53083.0,50882.0
RM0031,2023-07,88069.0,30226.0
RM0031,2023-08,145470.0,88581.0
RM0031,2023-09,140425.0,100632.0
RM0031,2023-10,,
RM0031,2023-11,188840.0,337327.0
RM0031,2023-12,168856.0,214505.0
RM0031,2024-01,427507.0,368083.0
RM0031,2024-03,,
RM0031,2024-04,77326.0,55999.0
RM0031,2024-05,127324.0,161386.0
RM0031,2024-06,50689.0,80092.0
RM0031,2024-07,61871.0,102147.0
RM0031,2024-08,497672.0,888421.0
RM0031,2024-09,298723.0,153180.0
RM0031,2024-10,233711.0,141390.0
RM0031,2024-11,391140.0,303097.0
RM0031,2024-12,109356.0,183333.0
RM0032,2023-01,51997.0,30727.0
RM0032,2023-02,132209.0,178625.0
RM0032,2023-03,206433.0,269212.0
RM0032,2023-04,368067.0,177241.0
RM0032,2023-05,160772.0,223186.0
RM0032,2023-06,201639.0,196088.0
RM0032,2023-07,52589.0,20545.0
RM0032,2023-09,68994.0,56219.0
RM0032,2023-10,68775.0,64588.0
RM0032,2023-11,79519.0,116793.0
RM0032,2023-12,357759.0,316427.0
RM0032,2024-01,157410.0,272357.0
RM0032,2024-02,165021.0,295818.0
RM0032,2024-03,72995.0,116305.0
RM0032,2024-04,153135.0,51157.0
RM0032,2024-06,587531.0,1026752.0
RM0032,2024-07,122498.0,212070.0
RM0032,2024-08,72799.0,96106.0
RM0032,2024-09,81965.0,54914.0
RM0032,2024-10,276668.0,239604.0
RM0032,2024-11,51072.0,47055.0
RM0032,2024-12,88829.0,117697.0
RM0033,2023-01,82434.0,
RM0033,2023-02,327014.0,-5000.0
RM0033,2023-03,96610.0,85938.0
RM0033,2023-04,103081.0,130488.0
RM0033,2023-05,65998.0,67129.0
RM0033,2023-06,111072.0,180626.0
RM0033,2023-07,61436.0,94890.0
RM0033,2023-08,77530.0,33560.0
RM0033,2023-10,83907.0,38092.0
RM0033,2023-11,160403.0,285889.0
RM0033,2023-12,0.0,
RM0033,2024-01,55239.0,54780.0
RM0033,2024-02,123181.0,99703.0
RM0033,2024-03,110489.0,181480.0
RM0033,2024-04,52873.0,77320.0
RM0033,2024-05,93740.0,82017.0
RM0033,2024-06,131747.0,99745.0
RM0033,2024-07,64734.0,30521.0
RM0033,2024-08,103101.0,158024.0
RM0033,2024-09,71689.0,101365.0
RM0033,2024-10,101134.0,164362.0
RM0033,2024-11,133878.0,74648.0
RM0033,2024-12,688647.0,389052.0
RM0034,2023-01,175767.0,202822.0
RM0034,2023-02,119976.0,207226.0
RM0034,2023-03,,
RM0034,2023-04,328564.0,507542.0
RM0034,2023-05,598327.0,589749.0
RM0034,2023-06,65335.0,94617.0
RM0034,2023-07,121902.0,71375.0
RM0034,2023-09,149028.0,251645.0
RM0034,2023-10,78194.0,123002.0
RM0034,2023-12,131245.0,66305.0
RM0034,2024-01,332958.0,584151.0
RM0034,2024-02,101642.0,76770.0
RM0034,2024-03,124278.0,189051.0
RM0034,2024-04,51570.0,32795.0
RM0034,2024-05,233575.0,212193.0
RM0034,2024-06,110137.0,177147.0
RM0034,2024-07,423941.0,730017.0
RM0034,2024-08,97731.0,-5000.0
RM0034,2024-09,415439.0,583878.0
RM0034,2024-10,75123.0,91304.0
RM0034,2024-11,54003.0,73582.0
RM0034,2024-12,248395.0,368620.0
RM0035,2023-02,78406.0,97409.0
RM0035,2023-03,79558.0,136837.0
RM0035,2023-05,218594.0,96834.0
RM0035,2023-06,81059.0,104986.0
RM0035,2023-07,147131.0,206637.0
RM0035,2023-08,99440.0,127966.0
RM0035,2023-09,79212.0,88366.0
RM0035,2023-10,524798.0,651974.0
RM0035,2023-11,57692.0,102873.0
RM0035,2023-12,75594.0,104100.0
RM0035,2024-01,164063.0,121659.0
RM0035,2024-02,79276.0,44914.0
RM0035,2024-03,343212.0,552354.0
RM0035,2024-04,143864.0,65520.0
RM0035,2024-05,373338.0,384734.0
RM0035,2024-06,136641.0,124484.0
RM0035,2024-07,118122.0,128635.0
RM0035,2024-08,189156.0,189089.0
RM0035,2024-09,390442.0,303175.0
RM0035,2024-11,0.0,0.0
RM0035,2024-12,103491.0,147994.0
RM0036,2023-01,66158.0,38573.0
RM0036,2023-02,292319.0,168023.0
RM0036,2023-03,197423.0,346549.0
RM0036,2023-04,161001.0,93556.0
RM0036,2023-05,108001.0,165801.0
RM0036,2023-06,115001.0,159307.0
RM0036,2023-09,275323.0,289577.0
RM0036,2023-11,279326.0,216576.0
RM0036,2023-12,158900.0,211311.0
RM0036,2024-01,77601.0,55130.0
RM0036,2024-02,208348.0,267318.0
RM0036,2024-03,151976.0,226957.0
RM0036,2024-04,148682.0,241159.0
RM0036,2024-05,249716.0,192791.0
RM0036,2024-07,125442.0,163266.0
RM0036,2024-08,387289.0,220004.0
RM0036,2024-09,158436.0,75760.0
RM0036,2024-10,99162.0,131783.0
RM0036,2024-12,62138.0,80377.0
RM0037,2023-01,396609.0,695674.0
RM0037,2023-02,86622.0,123293.0
RM0037,2023-03,441306.0,192874.0
RM0037,2023-04,130171.0,218572.0
RM0037,2023-05,83995.0,
RM0037,2023-06,457172.0,498677.0
RM0037,2023-07,65786.0,64129.0
RM0037,2023-08,109236.0,79011.0
RM0037,2023-09,166961.0,171199.0
RM0037,2023-10,148657.0,64251.0
RM0037,2023-11,293164.0,299660.0
RM0037,2023-12,307976.0,473325.0
RM0037,2024-01,107218.0,32864.0
RM0037,2024-02,413282.0,595556.0
RM0037,2024-03,67017.0,90646.0
RM0037,2024-04,53033.0,18118.0
RM0037,2024-05,161926.0,71904.0
RM0037,2024-06,-10000.0,0.0
RM0037,2024-07,386408.0,492561.0
RM0037,2024-08,59874.0,47135.0
RM0037,2024-09,119716.0,122268.0
RM0037,2024-10,77751.0,90678.0
RM0037,2024-11,135844.0,233780.0
RM0037,2024-12,462789.0,531379.0
RM0038,2023-01,205070.0,103907.0
RM0038,2023-02,87909.0,145144.0
RM0038,2023-03,230179.0,134457.0
RM0038,2023-04,176668.0,300714.0
RM0038,2023-05,113507.0,65689.0
RM0038,2023-06,477162.0,473296.0
RM0038,2023-07,130997.0,91874.0
RM0038,2023-08,-10000.0,0.0
RM0038,2023-09,330247.0,298703.0
RM0038,2023-10,54663.0,53021.0
RM0038,2023-11,79924.0,41089.0
RM0038,2023-12,124907.0,56035.0
RM0038,2024-01,523612.0,194421.0
RM0038,2024-02,126966.0,69076.0
RM0038,2024-03,225103.0,94141.0
RM0038,2024-04,168715.0,246265.0
RM0038,2024-05,499539.0,673274.0
RM0038,2024-06,65719.0,28441.0
RM0038,2024-07,247290.0,154060.0
RM0038,2024-08,138924.0,245191.0
RM0038,2024-10,307142.0,482179.0
RM0038,2024-11,345744.0,425029.0
RM0038,2024-12,254347.0,213255.0
RM0039,2023-01,1020060.0,733865.0
RM0039,2023-02,183742.0,132862.0
RM0039,2023-03,67829.0,78096.0
RM0039,2023-07,115392.0,135565.0
RM0039,2023-08,172697.0,192278.0
RM0039,2023-09,69738.0,66967.0
RM0039,2023-11,300700.0,232355.0
RM0039,2023-12,138002.0,143625.0
RM0039,2024-01,347872.0,446458.0
RM0039,2024-02,65837.0,105191.0
RM0039,2024-03,317627.0,454355.0
RM0039,2024-04,144120.0,207002.0
RM0039,2024-05,147726.0,207545.0
RM0039,2024-06,368177.0,602268.0
RM0039,2024-07,140929.0,223938.0
RM0039,2024-08,66047.0,29901.0
RM0039,2024-09,169199.0,216196.0
RM0039,2024-11,74907.0,75526.0
RM0039,2024-12,64867.0,78044.0
RM0040,2023-01,339750.0,477844.0
RM0040,2023-02,121292.0,217196.0
RM0040,2023-03,-10000.0,0.0
RM0040,2023-04,303311.0,395683.0
RM0040,2023-05,732265.0,1121859.0
RM0040,2023-06,159915.0,135978.0
RM0040,2023-07,221928.0,263058.0
RM0040,2023-08,198874.0,161986.0
RM0040,2023-09,133983.0,152358.0
RM0040,2023-11,324216.0,468285.0
RM0040,2023-12,68946.0,46078.0
RM0040,2024-01,54052.0,16861.0
RM0040,2024-02,88113.0,132079.0
RM0040,2024-04,402683.0,357442.0
RM0040,2024-05,174241.0,236807.0
RM0040,2024-07,508439.0,848787.0
RM0040,2024-09,58833.0,39550.0
RM0040,2024-10,57558.0,70497.0
RM0040,2024-11,235936.0,179883.0
RM0040,2024-12,338470.0,331436.0
RM0041,2023-01,1013939.0,304789.0
RM0041,2023-02,67394.0,50726.0
RM0041,2023-04,53875.0,79385.0
RM0041,2023-05,58132.0,82749.0
RM0041,2023-06,58100.0,39455.0
RM0041,2023-08,326089.0,563039.0
RM0041,2023-09,130300.0,228664.0
RM0041,2023-10,197878.0,182790.0
RM0041,2023-11,293531.0,218091.0
RM0041,2023-12,96345.0,123786.0
RM0041,2024-01,124264.0,62613.0
RM0041,2024-02,60396.0,89492.0
RM0041,2024-03,219010.0,200984.0
RM0041,2024-04,389833.0,357198.0
RM0041,2024-05,235834.0,392350.0
RM0041,2024-06,325559.0,347259.0
RM0041,2024-07,221213.0,203626.0
RM0041,2024-08,206276.0,141573.0
RM0041,2024-09,135570.0,83283.0
RM0041,2024-10,55839.0,66046.0
RM0041,2024-11,0.0,0.0
RM0041,2024-12,53886.0,32010.0
RM0042,2023-01,142479.0,185058.0
RM0042,2023-02,78171.0,30099.0
RM0042,2023-03,159798.0,244181.0
RM0042,2023-04,55380.0,45636.0
RM0042,2023-06,213380.0,105860.0
RM0042,2023-07,90367.0,99696.0
RM0042,2023-08,509382.0,372365.0
RM0042,2023-09,150276.0,135232.0
RM0042,2023-10,391532.0,159680.0
RM0042,2023-11,175257.0,275009.0
RM0042,2023-12,714904.0,963753.0
RM0042,2024-01,121689.0,111678.0
RM0042,2024-02,115006.0,138630.0
RM0042,2024-03,251718.0,384927.0
RM0042,2024-04,130830.0,179899.0
RM0042,2024-05,421938.0,709377.0
RM0042,2024-06,232624.0,292025.0
RM0042,2024-07,163741.0,94117.0
RM0042,2024-08,69794.0,71787.0
RM0042,2024-09,76053.0,88639.0
RM0042,2024-10,205642.0,223825.0
RM0042,2024-11,55566.0,21481.0
RM0042,2024-12,-10000.0,0.0
RM0043,2023-01,75022.0,133901.0
RM0043,2023-02,113352.0,83649.0
RM0043,2023-03,58052.0,72738.0
RM0043,2023-05,208415.0,117373.0
RM0043,2023-06,427443.0,641480.0
RM0043,2023-07,89266.0,91834.0
RM0043,2023-09,141981.0,116819.0
RM0043,2023-10,305261.0,141609.0
RM0043,2023-11,130502.0,122938.0
RM0043,2023-12,144871.0,230638.0
RM0043,2024-01,86917.0,39493.0
RM0043,2024-02,194275.0,108940.0
RM0043,2024-03,61683.0,57980.0
RM0043,2024-05,87201.0,73407.0
RM0043,2024-07,95107.0,41747.0
RM0043,2024-08,173265.0,59001.0
RM0043,2024-09,558874.0,453803.0
RM0043,2024-11,228194.0,345838.0
RM0043,2024-12,99089.0,141014.0
RM0044,2023-01,317944.0,210471.0
RM0044,2023-02,783821.0,259470.0
RM0044,2023-03,86693.0,127441.0
RM0044,2023-04,82375.0,110991.0
RM0044,2023-05,340202.0,591550.0
RM0044,2023-06,146438.0,-5000.0
RM0044,2023-07,581634.0,533610.0
RM0044,2023-08,86909.0,93069.0
RM0044,2023-09,207397.0,204689.0
RM0044,2023-10,175543.0,162309.0
RM0044,2023-11,161590.0,279371.0
RM0044,2023-12,153921.0,104630.0
RM0044,2024-01,263286.0,212307.0
RM0044,2024-02,304091.0,117155.0
RM0044,2024-03,110560.0,48816.0
RM0044,2024-04,63376.0,81601.0
RM0044,2024-05,123001.0,197689.0
RM0044,2024-06,158976.0,118121.0
RM0044,2024-07,241421.0,298402.0
RM0044,2024-08,291111.0,368366.0
RM0044,2024-09,77410.0,101056.0
RM0044,2024-10,124525.0,123866.0
RM0044,2024-11,431821.0,362706.0
RM0044,2024-12,191996.0,162279.0
RM0045,2023-01,64927.0,63647.0
RM0045,2023-02,186345.0,169807.0
RM0045,2023-03,124308.0,190261.0
RM0045,2023-04,54520.0,40528.0
RM0045,2023-07,300503.0,505084.0
RM0045,2023-08,129730.0,211873.0
RM0045,2023-09,83271.0,52638.0
RM0045,2023-10,330806.0,547446.0
RM0045,2023-12,87809.0,34156.0
RM0045,2024-01,64200.0,44430.0
RM0045,2024-02,264975.0,282195.0
RM0045,2024-04,141207.0,166089.0
RM0045,2024-05,381395.0,166153.0
RM0045,2024-06,227980.0,385328.0
RM0045,2024-07,85995.0,133864.0
RM0045,2024-08,229611.0,73866.0
RM0045,2024-10,89519.0,108207.0
RM0045,2024-11,154693.0,168909.0
RM0045,2024-12,89581.0,117575.0
RM0046,2023-01,96472.0,85295.0
RM0046,2023-02,119047.0,
RM0046,2023-03,217222.0,94573.0
RM0046,2023-04,84514.0,50771.0
RM0046,2023-05,67214.0,41094.0
RM0046,2023-06,190114.0,265827.0
RM0046,2023-07,211955.0,214664.0
RM0046,2023-08,58078.0,100969.0
RM0046,2023-09,77602.0,101086.0
RM0046,2023-10,416088.0,560331.0
RM0046,2023-11,86894.0,-5000.0
RM0046,2023-12,106924.0,36921.0
RM0046,2024-01,192305.0,234513.0
RM0046,2024-03,243920.0,77199.0
RM0046,2024-04,305431.0,430067.0
RM0046,2024-05,72778.0,59782.0
RM0046,2024-06,202634.0,211488.0
RM0046,2024-07,68341.0,29456.0
RM0046,2024-08,0.0,0.0
RM0046,2024-09,75434.0,42102.0
RM0046,2024-10,316610.0,385697.0
RM0046,2024-12,189222.0,192820.0
RM0047,2023-01,176245.0,211961.0
RM0047,2023-02,565490.0,358780.0
RM0047,2023-03,86227.0,33268.0
RM0047,2023-04,211028.0,237103.0
RM0047,2023-06,67689.0,57319.0
RM0047,2023-08,79523.0,63397.0
RM0047,2023-10,503201.0,666730.0
RM0047,2023-12,51139.0,34711.0
RM0047,2024-01,51562.0,70758.0
RM0047,2024-02,145068.0,-5000.0
RM0047,2024-03,817867.0,1145320.0
RM0047,2024-04,159444.0,240291.0
RM0047,2024-05,233017.0,155111.0
RM0047,2024-06,163335.0,185221.0
RM0047,2024-07,140011.0,79636.0
RM0047,2024-08,87918.0,63439.0
RM0047,2024-09,51546.0,86360.0
RM0047,2024-10,223800.0,298644.0
RM0047,2024-11,177410.0,236658.0
RM0047,2024-12,651466.0,571818.0
RM0048,2023-01,236993.0,198906.0
RM0048,2023-02,338919.0,537878.0
RM0048,2023-03,398826.0,122916.0
RM0048,2023-04,103114.0,51648.0
RM0048,2023-06,140766.0,146843.0
RM0048,2023-07,94337.0,130672.0
RM0048,2023-08,97159.0,153592.0
RM0048,2023-09,79340.0,67506.0
RM0048,2023-10,196023.0,236796.0
RM0048,2023-11,62186.0,97593.0
RM0048,2023-12,186719.0,299644.0
RM0048,2024-01,353329.0,395332.0
RM0048,2024-02,412499.0,648700.0
RM0048,2024-04,525952.0,828767.0
RM0048,2024-05,308226.0,309471.0
RM0048,2024-06,85744.0,142854.0
RM0048,2024-07,242316.0,175102.0
RM0048,2024-08,112553.0,149596.0
RM0048,2024-09,147460.0,62261.0
RM0048,2024-10,72876.0,103372.0
RM0048,2024-11,109751.0,116497.0
RM0049,2023-01,268264.0,382749.0
RM0049,2023-02,77410.0,34648.0
RM0049,2023-03,184161.0,260118.0
RM0049,2023-04,74208.0,63665.0
RM0049,2023-05,356354.0,611622.0
RM0049,2023-06,140789.0,59029.0
RM0049,2023-07,94699.0,61502.0
RM0049,2023-08,90961.0,94674.0
RM0049,2023-09,181281.0,87697.0
RM0049,2023-10,380215.0,467649.0
RM0049,2023-11,186416.0,331991.0
RM0049,2023-12,198387.0,335956.0
RM0049,2024-01,100584.0,66404.0
RM0049,2024-03,159011.0,169014.0
RM0049,2024-05,88521.0,119457.0
RM0049,2024-06,54512.0,72825.0
RM0049,2024-07,141646.0,188886.0
RM0049,2024-08,147249.0,260041.0
RM0049,2024-10,111124.0,197118.0
RM0049,2024-11,60077.0,79640.0
RM0049,2024-12,140830.0,215921.0
RM0050,2023-01,283823.0,425823.0
RM0050,2023-02,64929.0,99571.0
RM0050,2023-03,86127.0,29155.0
RM0050,2023-04,86834.0,88477.0
RM0050,2023-05,253284.0,159049.0
RM0050,2023-06,67987.0,86272.0
RM0050,2023-07,669322.0,804060.0
RM0050,2023-08,226189.0,258251.0
RM0050,2023-09,278728.0,491594.0
RM0050,2023-10,167831.0,155274.0
RM0050,2023-11,345284.0,605832.0
RM0050,2023-12,70748.0,82581.0
RM0050,2024-01,285864.0,314453.0
RM0050,2024-02,128940.0,165409.0
RM0050,2024-03,97232.0,80090.0
RM0050,2024-04,779526.0,978069.0
RM0050,2024-05,359449.0,543362.0
RM0050,2024-06,208450.0,325409.0
RM0050,2024-07,100774.0,126539.0
RM0050,2024-08,183960.0,226938.0
RM0050,2024-09,77702.0,55624.0
RM0050,2024-10,100669.0,121096.0
RM0050,2024-12,589291.0,1020122.0
RM0051,2023-01,88658.0,67137.0
RM0051,2023-03,55509.0,49859.0
RM0051,2023-04,319975.0,535518.0
RM0051,2023-05,90475.0,63214.0
RM0051,2023-06,87432.0,72144.0
RM0051,2023-07,295028.0,374769.0
RM0051,2023-08,281225.0,330311.0
RM0051,2023-09,94706.0,60800.0
RM0051,2023-10,51356.0,75568.0
RM0051,2023-11,331716.0,481792.0
RM0051,2023-12,61597.0,88904.0
RM0051,2024-02,57027.0,26140.0
RM0051,2024-03,137100.0,139049.0
RM0051,2024-05,,-5000.0
RM0051,2024-06,304019.0,401089.0
RM0051,2024-07,74964.0,47918.0
RM0051,2024-08,100462.0,48775.0
RM0051,2024-09,100876.0,140509.0
RM0051,2024-10,91442.0,142013.0
RM0051,2024-11,145095.0,113813.0
RM0051,2024-12,-10000.0,0.0
RM0052,2023-01,235421.0,253122.0
RM0052,2023-02,51095.0,86017.0
RM0052,2023-03,60241.0,102887.0
RM0052,2023-04,54283.0,79061.0
RM0052,2023-05,164752.0,174404.0
RM0052,2023-06,61334.0,40364.0
RM0052,2023-07,275456.0,450891.0
RM0052,2023-08,162972.0,135269.0
RM0052,2023-09,59272.0,78432.0
RM0052,2023-10,98952.0,37851.0
RM0052,2023-11,214425.0,220553.0
RM0052,2023-12,51805.0,24161.0
RM0052,2024-01,230197.0,91044.0
RM0052,2024-02,351445.0,269554.0
RM0052,2024-03,63926.0,92030.0
RM0052,2024-04,161485.0,122722.0
RM0052,2024-05,128156.0,42562.0
RM0052,2024-06,213016.0,180778.0
RM0052,2024-07,237784.0,295388.0
RM0052,2024-08,208011.0,309798.0
RM0052,2024-09,199608.0,185253.0
RM0052,2024-10,124126.0,59502.0
RM0052,2024-11,276740.0,398965.0
RM0053,2023-01,92413.0,147308.0
RM0053,2023-02,183375.0,186681.0
RM0053,2023-03,52647.0,46019.0
RM0053,2023-04,203527.0,88457.0
RM0053,2023-05,142307.0,254751.0
RM0053,2023-07,239101.0,267866.0
RM0053,2023-08,164224.0,60048.0
RM0053,2023-09,523084.0,885197.0
RM0053,2023-10,222046.0,99591.0
RM0053,2023-11,84947.0,48917.0
RM0053,2023-12,159963.0,97850.0
RM0053,2024-01,228510.0,255438.0
RM0053,2024-02,52672.0,74588.0
RM0053,2024-04,81391.0,125124.0
RM0053,2024-05,115786.0,
RM0053,2024-06,0.0,0.0
RM0053,2024-07,51783.0,92256.0
RM0053,2024-08,192014.0,179359.0
RM0053,2024-09,65242.0,87993.0
RM0053,2024-10,99845.0,
RM0053,2024-11,716979.0,1237377.0
RM0053,2024-12,249371.0,438047.0
RM0054,2023-01,66746.0,48048.0
RM0054,2023-02,93802.0,38272.0
RM0054,2023-03,587551.0,229122.0
RM0054,2023-04,341410.0,495809.0
RM0054,2023-05,120708.0,39617.0
RM0054,2023-06,50917.0,30855.0
RM0054,2023-07,152146.0,150147.0
RM0054,2023-08,182027.0,265384.0
RM0054,2023-09,121066.0,65441.0
RM0054,2023-10,291452.0,232880.0
RM0054,2023-12,100716.0,145682.0
RM0054,2024-01,458032.0,766031.0
RM0054,2024-02,72178.0,-5000.0
RM0054,2024-03,154922.0,68058.0
RM0054,2024-05,536536.0,334177.0
RM0054,2024-06,82990.0,135549.0
RM0054,2024-07,565604.0,761556.0
RM0054,2024-08,69346.0,71342.0
RM0054,2024-09,304417.0,352732.0
RM0054,2024-10,71337.0,39794.0
RM0054,2024-11,349421.0,381058.0
RM0054,2024-12,233543.0,200752.0
RM0055,2023-01,164048.0,289652.0
RM0055,2023-02,110005.0,144346.0
RM0055,2023-03,78402.0,37837.0
RM0055,2023-04,279621.0,437931.0
RM0055,2023-05,215533.0,115804.0
RM0055,2023-06,91281.0,152143.0
RM0055,2023-07,101100.0,154510.0
RM0055,2023-08,100517.0,171803.0
RM0055,2023-09,418803.0,152819.0
RM0055,2023-10,270721.0,150031.0
RM0055,2023-11,86362.0,85478.0
RM0055,2023-12,178815.0,141031.0
RM0055,2024-01,178485.0,99235.0
RM0055,2024-03,53388.0,61761.0
RM0055,2024-05,159289.0,212568.0
RM0055,2024-06,207397.0,341423.0
RM0055,2024-07,142280.0,44470.0
RM0055,2024-08,199402.0,261754.0
RM0055,2024-09,160563.0,214184.0
RM0055,2024-10,108642.0,56842.0
RM0055,2024-11,213843.0,142800.0
RM0055,2024-12,141408.0,146701.0
RM0056,2023-01,147283.0,176396.0
RM0056,2023-03,54484.0,97227.0
RM0056,2023-04,238981.0,224183.0
RM0056,2023-05,81854.0,34400.0
RM0056,2023-06,217298.0,168500.0
RM0056,2023-07,89103.0,77513.0
RM0056,2023-08,184812.0,241652.0
RM0056,2023-09,205417.0,327619.0
RM0056,2023-10,87030.0,109233.0
RM0056,2023-11,65989.0,74033.0
RM0056,2023-12,181545.0,113348.0
RM0056,2024-01,124561.0,191922.0
RM0056,2024-02,74097.0,70522.0
RM0056,2024-03,454862.0,480408.0
RM0056,2024-04,243720.0,375401.0
RM0056,2024-05,84180.0,52808.0
RM0056,2024-06,263189.0,376349.0
RM0056,2024-07,59310.0,46484.0
RM0056,2024-08,126257.0,194885.0
RM0056,2024-09,132191.0,223256.0
RM0056,2024-10,902940.0,1328305.0
RM0056,2024-11,214665.0,190589.0
RM0057,2023-01,60408.0,70055.0
RM0057,2023-02,117343.0,96966.0
RM0057,2023-04,224573.0,223553.0
RM0057,2023-05,259205.0,232574.0
RM0057,2023-06,74530.0,73935.0
RM0057,2023-07,502428.0,754791.0
RM0057,2023-08,84553.0,74994.0
RM0057,2023-09,444230.0,215695.0
RM0057,2023-11,93944.0,65134.0
RM0057,2023-12,176921.0,162077.0
RM0057,2024-03,62486.0,77718.0
RM0057,2024-04,65650.0,79411.0
RM0057,2024-05,156089.0,162411.0
RM0057,2024-06,60482.0,76136.0
RM0057,2024-07,134665.0,123441.0
RM0057,2024-08,186118.0,225085.0
RM0057,2024-09,52272.0,25500.0
RM0057,2024-10,90479.0,119157.0
RM0057,2024-11,178965.0,257073.0
RM0057,2024-12,252412.0,398753.0
RM0058,2023-02,120936.0,98876.0
RM0058,2023-03,316692.0,207877.0
RM0058,2023-04,142753.0,84436.0
RM0058,2023-05,417733.0,380849.0
RM0058,2023-06,85831.0,114843.0
RM0058,2023-07,92085.0,157949.0
RM0058,2023-08,118739.0,153999.0
RM0058,2023-09,113524.0,171519.0
RM0058,2023-10,390841.0,579178.0
RM0058,2023-11,333074.0,150822.0
RM0058,2023-12,436680.0,539933.0
RM0058,2024-01,355132.0,471137.0
RM0058,2024-02,83818.0,101782.0
RM0058,2024-03,64302.0,86395.0
RM0058,2024-04,128891.0,68002.0
RM0058,2024-05,631135.0,1042399.0
RM0058,2024-06,386003.0,-5000.0
RM0058,2024-08,283256.0,378988.0
RM0058,2024-09,209666.0,96266.0
RM0058,2024-10,396239.0,642577.0
RM0058,2024-11,256661.0,434006.0
RM0058,2024-12,170807.0,165932.0
RM0059,2023-01,566056.0,563903.0
RM0059,2023-02,203800.0,175185.0
RM0059,2023-04,201724.0,278409.0
RM0059,2023-05,196986.0,211138.0
RM0059,2023-06,103524.0,131037.0
RM0059,2023-07,408595.0,126815.0
RM0059,2023-08,71568.0,34328.0
RM0059,2023-09,434992.0,562932.0
RM0059,2023-10,504822.0,592772.0
RM0059,2023-11,142910.0,212723.0
RM0059,2023-12,76321.0,66552.0
RM0059,2024-01,144180.0,107801.0
RM0059,2024-02,119611.0,49896.0
RM0059,2024-03,83093.0,66744.0
RM0059,2024-04,288364.0,165447.0
RM0059,2024-05,113844.0,45239.0
RM0059,2024-06,172163.0,209501.0
RM0059,2024-07,,
RM0059,2024-08,350947.0,536483.0
RM0059,2024-09,100400.0,50745.0
RM0059,2024-10,75455.0,132306.0
RM0059,2024-11,217772.0,79237.0
RM0059,2024-12,72062.0,74130.0
RM0060,2023-01,84946.0,127885.0
RM0060,2023-02,177721.0,216632.0
RM0060,2023-03,143214.0,97971.0
RM0060,2023-04,183521.0,252424.0
RM0060,2023-05,119531.0,126393.0
RM0060,2023-06,324591.0,169768.0
RM0060,2023-07,168192.0,138357.0
RM0060,2023-08,231999.0,76145.0
RM0060,2023-09,216514.0,98372.0
RM0060,2023-10,60044.0,83277.0
RM0060,2023-11,203390.0,334048.0
RM0060,2023-12,159987.0,175191.0
RM0060,2024-01,234146.0,183827.0
RM0060,2024-03,55641.0,35892.0
RM0060,2024-04,90773.0,72935.0
RM0060,2024-05,480928.0,724885.0
RM0060,2024-06,462228.0,-5000.0
RM0060,2024-07,1036723.0,985579.0
RM0060,2024-08,88635.0,101044.0
RM0060,2024-09,0.0,0.0
RM0060,2024-10,144028.0,152395.0
RM0060,2024-11,71656.0,66689.0
RM0060,2024-12,123407.0,102123.0
RM0061,2023-01,377452.0,146810.0
RM0061,2023-02,587123.0,183399.0
RM0061,2023-03,486692.0,546103.0
RM0061,2023-05,231823.0,134619.0
RM0061,2023-07,209289.0,339662.0
RM0061,2023-08,72532.0,35585.0
RM0061,2023-09,104356.0,56622.0
RM0061,2023-10,67588.0,89045.0
RM0061,2023-11,86086.0,111956.0
RM0061,2023-12,346998.0,443476.0
RM0061,2024-01,69067.0,80143.0
RM0061,2024-02,125039.0,101913.0
RM0061,2024-03,107525.0,182163.0
RM0061,2024-05,253514.0,-5000.0
RM0061,2024-06,71554.0,72556.0
RM0061,2024-07,107457.0,189866.0
RM0061,2024-08,622704.0,485274.0
RM0061,2024-09,0.0,0.0
RM0061,2024-10,187224.0,190773.0
RM0061,2024-11,85948.0,110926.0
RM0061,2024-12,110998.0,142141.0
RM0062,2023-01,122598.0,-5000.0
RM0062,2023-02,230700.0,300302.0
RM0062,2023-03,156639.0,212576.0
RM0062,2023-04,142696.0,
RM0062,2023-05,68518.0,39271.0
RM0062,2023-06,92353.0,36464.0
RM0062,2023-07,236397.0,201194.0
RM0062,2023-08,64728.0,99029.0
RM0062,2023-09,222637.0,217813.0
RM0062,2023-10,92638.0,48877.0
RM0062,2023-11,141976.0,231118.0
RM0062,2023-12,81311.0,93750.0
RM0062,2024-01,539290.0,677172.0
RM0062,2024-02,136963.0,188263.0
RM0062,2024-03,311084.0,368875.0
RM0062,2024-04,358162.0,383909.0
RM0062,2024-05,315819.0,545744.0
RM0062,2024-06,154345.0,186371.0
RM0062,2024-07,191036.0,281234.0
RM0062,2024-08,309711.0,105563.0
RM0062,2024-09,248278.0,366389.0
RM0062,2024-10,230810.0,316335.0
RM0062,2024-11,56342.0,54260.0
RM0062,2024-12,305710.0,520015.0
RM0063,2023-01,89101.0,104140.0
RM0063,2023-03,294699.0,421010.0
RM0063,2023-04,194700.0,63868.0
RM0063,2023-05,243041.0,354806.0
RM0063,2023-06,242479.0,351282.0
RM0063,2023-07,134558.0,240943.0
RM0063,2023-08,0.0,0.0
RM0063,2023-09,179654.0,305642.0
RM0063,2023-10,,-5000.0
RM0063,2023-11,408218.0,621246.0
RM0063,2023-12,174412.0,190222.0
RM0063,2024-01,109782.0,74247.0
RM0063,2024-02,157726.0,184014.0
RM0063,2024-03,92061.0,155021.0
RM0063,2024-04,172220.0,187678.0
RM0063,2024-05,135809.0,52572.0
RM0063,2024-06,371071.0,287762.0
RM0063,2024-07,204276.0,247408.0
RM0063,2024-08,181736.0,197832.0
RM0063,2024-09,80031.0,57695.0
RM0063,2024-10,161409.0,-5000.0
RM0063,2024-11,283628.0,268874.0
RM0063,2024-12,84208.0,36370.0
RM0064,2023-01,213155.0,199302.0
RM0064,2023-02,70093.0,
RM0064,2023-03,218343.0,133487.0
RM0064,2023-04,156701.0,118980.0
RM0064,2023-05,452555.0,290735.0
RM0064,2023-06,131688.0,229037.0
RM0064,2023-07,107568.0,136276.0
RM0064,2023-08,107129.0,49923.0
RM0064,2023-09,198146.0,331705.0
RM0064,2023-11,140376.0,173963.0
RM0064,2023-12,190818.0,176055.0
RM0064,2024-01,193136.0,133066.0
RM0064,2024-02,121231.0,116803.0
RM0064,2024-03,349274.0,287277.0
RM0064,2024-04,201235.0,124786.0
RM0064,2024-05,93667.0,119204.0
RM0064,2024-07,265518.0,263706.0
RM0064,2024-08,111217.0,185221.0
RM0064,2024-09,71894.0,99290.0
RM0064,2024-10,225760.0,301472.0
RM0064,2024-11,460978.0,641812.0
RM0064,2024-12,103837.0,86196.0
RM0065,2023-01,124417.0,43074.0
RM0065,2023-02,417159.0,171172.0
RM0065,2023-03,230493.0,321593.0
RM0065,2023-04,328411.0,371118.0
RM0065,2023-05,243791.0,183838.0
RM0065,2023-06,255317.0,208114.0
RM0065,2023-07,399707.0,217869.0
RM0065,2023-08,106916.0,112064.0
RM0065,2023-09,274316.0,390406.0
RM0065,2023-10,85494.0,44145.0
RM0065,2024-01,104354.0,107028.0
RM0065,2024-02,166155.0,156801.0
RM0065,2024-03,213190.0,200683.0
RM0065,2024-04,488732.0,337935.0
RM0065,2024-05,198076.0,241071.0
RM0065,2024-06,99604.0,91389.0
RM0065,2024-07,118231.0,66061.0
RM0065,2024-08,147310.0,129631.0
RM0065,2024-09,79460.0,77459.0
RM0065,2024-10,132186.0,65702.0
RM0065,2024-11,71094.0,90379.0
RM0065,2024-12,233922.0,400420.0
RM0066,2023-01,63653.0,30349.0
RM0066,2023-02,57981.0,63683.0
RM0066,2023-03,196225.0,177639.0
RM0066,2023-04,289850.0,385514.0
RM0066,2023-05,688604.0,349013.0
RM0066,2023-06,59012.0,42028.0
RM0066,2023-07,52885.0,89847.0
RM0066,2023-08,104350.0,117774.0
RM0066,2023-10,107424.0,
RM0066,2023-11,92316.0,48793.0
RM0066,2023-12,107930.0,132012.0
RM0066,2024-01,584316.0,664447.0
RM0066,2024-02,164120.0,57917.0
RM0066,2024-03,324980.0,119352.0
RM0066,2024-04,405040.0,448787.0
RM0066,2024-06,77672.0,75929.0
RM0066,2024-07,844282.0,639648.0
RM0066,2024-08,97095.0,46315.0
RM0066,2024-09,186375.0,80857.0
RM0066,2024-10,267870.0,449709.0
RM0066,2024-11,452953.0,209207.0
RM0066,2024-12,172555.0,76901.0
RM0067,2023-01,177300.0,269934.0
RM0067,2023-02,165760.0,266555.0
RM0067,2023-03,292676.0,209211.0
RM0067,2023-04,199179.0,61968.0
RM0067,2023-05,125637.0,82536.0
RM0067,2023-07,464970.0,422231.0
RM0067,2023-08,209225.0,292490.0
RM0067,2023-09,272561.0,382583.0
RM0067,2023-10,101197.0,134501.0
RM0067,2023-11,169446.0,202667.0
RM0067,2023-12,50122.0,34453.0
RM0067,2024-02,450361.0,331066.0
RM0067,2024-03,136442.0,79137.0
RM0067,2024-04,72379.0,44368.0
RM0067,2024-05,170996.0,-5000.0
RM0067,2024-06,427048.0,337068.0
RM0067,2024-07,108603.0,124481.0
RM0067,2024-09,116181.0,193513.0
RM0067,2024-11,121185.0,125506.0
RM0067,2024-12,164338.0,242086.0
RM0068,2023-01,174484.0,
RM0068,2023-02,90998.0,44223.0
RM0068,2023-03,466548.0,700915.0
RM0068,2023-04,53484.0,81953.0
RM0068,2023-05,183958.0,198369.0
RM0068,2023-06,51845.0,76279.0
RM0068,2023-07,0.0,0.0
RM0068,2023-08,245282.0,79422.0
RM0068,2023-10,288705.0,96588.0
RM0068,2023-11,90357.0,63468.0
RM0068,2023-12,75708.0,77342.0
RM0068,2024-01,100045.0,179073.0
RM0068,2024-02,180113.0,-5000.0
RM0068,2024-03,175371.0,110712.0
RM0068,2024-04,128812.0,62598.0
RM0068,2024-05,265656.0,211658.0
RM0068,2024-06,259128.0,222213.0
RM0068,2024-07,723204.0,402594.0
RM0068,2024-08,50228.0,59883.0
RM0068,2024-09,-10000.0,0.0
RM0068,2024-10,206216.0,-5000.0
RM0068,2024-11,63443.0,70467.0
RM0068,2024-12,410339.0,127106.0
RM0069,2023-01,77392.0,117778.0
RM0069,2023-02,386516.0,525948.0
RM0069,2023-04,766218.0,333553.0
RM0069,2023-05,168341.0,223471.0
RM0069,2023-06,231924.0,345619.0
RM0069,2023-07,424472.0,357601.0
RM0069,2023-08,56587.0,47740.0
RM0069,2023-09,217035.0,134601.0
RM0069,2023-11,299088.0,188319.0
RM0069,2023-12,51517.0,54717.0
RM0069,2024-01,244446.0,201541.0
RM0069,2024-02,257283.0,246375.0
RM0069,2024-03,78259.0,34108.0
RM0069,2024-04,235985.0,207329.0
RM0069,2024-05,415887.0,461793.0
RM0069,2024-06,114256.0,94088.0
RM0069,2024-07,71137.0,84701.0
RM0069,2024-09,180901.0,271349.0
RM0069,2024-10,83696.0,61615.0
RM0069,2024-11,65344.0,48551.0
RM0069,2024-12,133819.0,233653.0
RM0070,2023-01,208793.0,307825.0
RM0070,2023-02,109069.0,56363.0
RM0070,2023-03,94502.0,64705.0
RM0070,2023-04,181241.0,147205.0
RM0070,2023-06,342155.0,609999.0
RM0070,2023-08,113078.0,153513.0
RM0070,2023-10,210716.0,124679.0
RM0070,2023-11,425171.0,254747.0
RM0070,2023-12,250315.0,205612.0
RM0070,2024-01,118612.0,116616.0
RM0070,2024-02,349826.0,178543.0
RM0070,2024-03,58417.0,-5000.0
RM0070,2024-04,127134.0,48740.0
RM0070,2024-05,224521.0,323419.0
RM0070,2024-06,339356.0,480447.0
RM0070,2024-07,422169.0,-5000.0
RM0070,2024-08,256928.0,437834.0
RM0070,2024-09,82185.0,86277.0
RM0070,2024-10,815674.0,1078620.0
RM0070,2024-11,366350.0,126607.0
RM0070,2024-12,358075.0,482172.0
RM0071,2023-01,78086.0,26433.0
RM0071,2023-02,0.0,0.0
RM0071,2023-03,421136.0,548403.0
RM0071,2023-04,427867.0,414699.0
RM0071,2023-05,463807.0,461228.0
RM0071,2023-06,84271.0,44418.0
RM0071,2023-07,812766.0,650858.0
RM0071,2023-08,76162.0,23809.0
RM0071,2023-09,100440.0,164086.0
RM0071,2023-10,164538.0,205450.0
RM0071,2023-11,433410.0,463427.0
RM0071,2023-12,323283.0,254019.0
RM0071,2024-01,616504.0,257834.0
RM0071,2024-02,243554.0,314391.0
RM0071,2024-03,81918.0,72355.0
RM0071,2024-04,106275.0,46945.0
RM0071,2024-05,181844.0,325592.0
RM0071,2024-06,173006.0,193401.0
RM0071,2024-07,56172.0,28582.0
RM0071,2024-08,157991.0,280871.0
RM0071,2024-09,363858.0,294839.0
RM0071,2024-10,167462.0,189073.0
RM0071,2024-11,223449.0,297561.0
RM0071,2024-12,283949.0,95820.0
RM0072,2023-01,481506.0,195054.0
RM0072,2023-04,0.0,0.0
RM0072,2023-05,428072.0,441557.0
RM0072,2023-06,59862.0,38542.0
RM0072,2023-07,179649.0,77571.0
RM0072,2023-08,132663.0,105286.0
RM0072,2023-09,303278.0,141084.0
RM0072,2023-10,222232.0,202205.0
RM0072,2023-11,182919.0,111269.0
RM0072,2023-12,191127.0,250561.0
RM0072,2024-01,60922.0,93607.0
RM0072,2024-02,346266.0,136889.0
RM0072,2024-03,188643.0,224677.0
RM0072,2024-04,51880.0,42205.0
RM0072,2024-05,,
RM0072,2024-06,570706.0,646710.0
RM0072,2024-07,455934.0,598854.0
RM0072,2024-08,54320.0,22628.0
RM0072,2024-09,242116.0,274039.0
RM0072,2024-10,70399.0,
RM0072,2024-12,192812.0,292193.0
RM0073,2023-01,259744.0,173832.0
RM0073,2023-02,94800.0,166066.0
RM0073,2023-03,377593.0,293580.0
RM0073,2023-05,310637.0,168554.0
RM0073,2023-06,-10000.0,0.0
RM0073,2023-07,79986.0,34520.0
RM0073,2023-08,339320.0,396397.0
RM0073,2023-09,94954.0,149360.0
RM0073,2023-11,293414.0,132455.0
RM0073,2023-12,204982.0,283438.0
RM0073,2024-03,238725.0,330565.0
RM0073,2024-04,77851.0,60149.0
RM0073,2024-05,328856.0,541819.0
RM0073,2024-06,-10000.0,0.0
RM0073,2024-10,53493.0,85035.0
RM0073,2024-11,121003.0,96100.0
RM0073,2024-12,113926.0,105215.0
RM0074,2023-01,121286.0,139436.0
RM0074,2023-02,,
RM0074,2023-03,62334.0,109540.0
RM0074,2023-04,463391.0,788510.0
RM0074,2023-05,367139.0,473789.0
RM0074,2023-06,87482.0,32737.0
RM0074,2023-07,65690.0,51631.0
RM0074,2023-08,155141.0,277683.0
RM0074,2023-09,135757.0,147563.0
RM0074,2023-10,228193.0,130321.0
RM0074,2023-11,455072.0,497644.0
RM0074,2023-12,98497.0,167707.0
RM0074,2024-02,197304.0,202342.0
RM0074,2024-03,180180.0,256297.0
RM0074,2024-04,75180.0,120080.0
RM0074,2024-05,530993.0,610907.0
RM0074,2024-06,221983.0,352897.0
RM0074,2024-07,120455.0,215523.0
RM0074,2024-08,221150.0,206995.0
RM0074,2024-09,219672.0,237799.0
RM0074,2024-10,67756.0,101213.0
RM0074,2024-11,174646.0,260880.0
RM0074,2024-12,75247.0,83338.0
RM0075,2023-01,268265.0,478170.0
RM0075,2023-02,373639.0,596523.0
RM0075,2023-04,92645.0,144246.0
RM0075,2023-05,77819.0,46470.0
RM0075,2023-06,67499.0,
RM0075,2023-07,342363.0,158302.0
RM0075,2023-08,72294.0,48352.0
RM0075,2023-09,177527.0,287641.0
RM0075,2023-10,-10000.0,0.0
RM0075,2023-11,,
RM0075,2023-12,168543.0,92653.0
RM0075,2024-01,96375.0,48273.0
RM0075,2024-02,129124.0,153076.0
RM0075,2024-03,100115.0,157079.0
RM0075,2024-04,646391.0,310417.0
RM0075,2024-06,52703.0,78246.0
RM0075,2024-07,81727.0,67810.0
RM0075,2024-08,125188.0,209677.0
RM0075,2024-09,211309.0,76264.0
RM0075,2024-10,52238.0,31308.0
RM0075,2024-11,107446.0,110324.0
RM0075,2024-12,322875.0,249332.0
RM0076,2023-01,120869.0,95970.0
RM0076,2023-03,51350.0,88979.0
RM0076,2023-04,72448.0,52995.0
RM0076,2023-05,70769.0,73303.0
RM0076,2023-06,453604.0,204598.0
RM0076,2023-07,137213.0,45769.0
RM0076,2023-08,271038.0,342006.0
RM0076,2023-09,230445.0,232404.0
RM0076,2023-10,407297.0,372406.0
RM0076,2023-11,158258.0,
RM0076,2023-12,228258.0,246710.0
RM0076,2024-01,81485.0,63200.0
RM0076,2024-02,64525.0,61229.0
RM0076,2024-03,191007.0,91262.0
RM0076,2024-05,199376.0,326838.0
RM0076,2024-06,111810.0,70781.0
RM0076,2024-07,385247.0,515428.0
RM0076,2024-08,66705.0,60846.0
RM0076,2024-09,218169.0,253419.0
RM0076,2024-10,194565.0,
RM0076,2024-11,175599.0,262887.0
RM0076,2024-12,107943.0,147093.0
RM0077,2023-01,757909.0,670702.0
RM0077,2023-02,284847.0,190609.0
RM0077,2023-03,99671.0,169669.0
RM0077,2023-04,53942.0,33775.0
RM0077,2023-05,148933.0,134452.0
RM0077,2023-06,198801.0,117110.0
RM0077,2023-08,60973.0,52070.0
RM0077,2023-09,161462.0,184551.0
RM0077,2023-10,188004.0,211127.0
RM0077,2023-11,92305.0,133549.0
RM0077,2024-01,63781.0,38111.0
RM0077,2024-02,251702.0,181122.0
RM0077,2024-03,152026.0,120221.0
RM0077,2024-04,156081.0,127983.0
RM0077,2024-05,822691.0,687947.0
RM0077,2024-06,197946.0,323149.0
RM0077,2024-07,202389.0,232501.0
RM0077,2024-08,0.0,0.0
RM0077,2024-09,152914.0,231109.0
RM0077,2024-10,57760.0,94015.0
RM0077,2024-11,182389.0,286954.0
RM0077,2024-12,51567.0,82709.0
RM0078,2023-01,69198.0,95619.0
RM0078,2023-02,130812.0,172882.0
RM0078,2023-03,198405.0,108149.0
RM0078,2023-04,158421.0,113404.0
RM0078,2023-05,173296.0,243828.0
RM0078,2023-06,62712.0,67330.0
RM0078,2023-07,194204.0,144303.0
RM0078,2023-08,508652.0,549575.0
RM0078,2023-09,80228.0,37039.0
RM0078,2023-10,167021.0,144115.0
RM0078,2023-11,82080.0,28403.0
RM0078,2023-12,175414.0,210128.0
RM0078,2024-01,72938.0,87715.0
RM0078,2024-02,505398.0,893262.0
RM0078,2024-03,379050.0,572599.0
RM0078,2024-04,85238.0,45572.0
RM0078,2024-05,138303.0,170036.0
RM0078,2024-06,335248.0,217222.0
RM0078,2024-08,147987.0,188115.0
RM0078,2024-09,138478.0,135887.0
RM0078,2024-10,88256.0,157094.0
RM0078,2024-11,146708.0,161248.0
RM0078,2024-12,86992.0,93186.0
RM0079,2023-01,94226.0,56865.0
RM0079,2023-02,98387.0,29923.0
RM0079,2023-03,176648.0,155665.0
RM0079,2023-04,393434.0,142053.0
RM0079,2023-05,56624.0,92229.0
RM0079,2023-06,70311.0,21321.0
RM0079,2023-08,79569.0,122203.0
RM0079,2023-09,293465.0,237764.0
RM0079,2023-11,215407.0,228519.0
RM0079,2023-12,,
RM0079,2024-01,402663.0,154878.0
RM0079,2024-02,301640.0,167681.0
RM0079,2024-04,124543.0,73223.0
RM0079,2024-07,231908.0,305536.0
RM0079,2024-08,169076.0,227786.0
RM0079,2024-09,203066.0,297423.0
RM0079,2024-10,91048.0,85891.0
RM0079,2024-11,74665.0,70512.0
RM0079,2024-12,231444.0,309460.0
RM0080,2023-01,235385.0,179634.0
RM0080,2023-02,212801.0,181136.0
RM0080,2023-04,483684.0,394226.0
RM0080,2023-05,188579.0,268766.0
RM0080,2023-06,405320.0,387847.0
RM0080,2023-07,117056.0,110622.0
RM0080,2023-08,108666.0,139188.0
RM0080,2023-09,454826.0,222458.0
RM0080,2023-10,173461.0,285598.0
RM0080,2023-11,65823.0,68508.0
RM0080,2023-12,350627.0,578772.0
RM0080,2024-01,158340.0,53428.0
RM0080,2024-02,66746.0,78765.0
RM0080,2024-03,69834.0,36601.0
RM0080,2024-04,271838.0,387651.0
RM0080,2024-05,327509.0,150196.0
RM0080,2024-06,83124.0,128795.0
RM0080,2024-07,241528.0,364449.0
RM0080,2024-08,737008.0,1176741.0
RM0080,2024-09,160240.0,122768.0
RM0080,2024-10,176482.0,221993.0
RM0080,2024-11,111265.0,162046.0
RM0080,2024-12,64601.0,94904.0
RM0081,2023-01,54878.0,57454.0
RM0081,2023-02,346463.0,148890.0
RM0081,2023-03,159390.0,85925.0
RM0081,2023-04,387806.0,600524.0
RM0081,2023-05,457527.0,737750.0
RM0081,2023-07,250085.0,144382.0
RM0081,2023-08,104038.0,108749.0
RM0081,2023-10,183336.0,270104.0
RM0081,2023-11,88613.0,43634.0
RM0081,2023-12,148843.0,79893.0
RM0081,2024-01,227496.0,
RM0081,2024-02,178572.0,252083.0
RM0081,2024-03,59830.0,104525.0
RM0081,2024-04,50000.0,39408.0
RM0081,2024-05,220744.0,81170.0
RM0081,2024-06,63054.0,26168.0
RM0081,2024-07,180665.0,296993.0
RM0081,2024-08,171599.0,206838.0
RM0081,2024-09,113697.0,37305.0
RM0081,2024-10,53277.0,86972.0
RM0081,2024-11,66233.0,119198.0
RM0081,2024-12,76944.0,100946.0
RM0082,2023-01,496258.0,418560.0
RM0082,2023-02,248883.0,205648.0
RM0082,2023-03,104563.0,63020.0
RM0082,2023-04,308000.0,211312.0
RM0082,2023-05,99935.0,179728.0
RM0082,2023-06,109470.0,102262.0
RM0082,2023-07,741609.0,633297.0
RM0082,2023-09,118391.0,182508.0
RM0082,2023-10,106079.0,69023.0
RM0082,2023-12,132541.0,179057.0
RM0082,2024-02,56630.0,48751.0
RM0082,2024-03,113753.0,75899.0
RM0082,2024-04,209322.0,153848.0
RM0082,2024-05,0.0,0.0
RM0082,2024-06,155278.0,97170.0
RM0082,2024-07,96502.0,53645.0
RM0082,2024-08,58744.0,72183.0
RM0082,2024-09,217572.0,119447.0
RM0082,2024-10,193329.0,342796.0
RM0082,2024-11,61597.0,63787.0
RM0082,2024-12,248097.0,91551.0
RM0083,2023-01,275946.0,488222.0
RM0083,2023-02,63897.0,97976.0
RM0083,2023-03,121362.0,62643.0
RM0083,2023-04,151943.0,61883.0
RM0083,2023-05,160753.0,52893.0
RM0083,2023-06,245630.0,253478.0
RM0083,2023-07,-10000.0,-5000.0
RM0083,2023-08,142133.0,84467.0
RM0083,2023-09,117239.0,67154.0
RM0083,2023-10,249424.0,149289.0
RM0083,2023-11,193861.0,139465.0
RM0083,2023-12,210495.0,233793.0
RM0083,2024-02,132601.0,173641.0
RM0083,2024-03,130606.0,200095.0
RM0083,2024-04,246177.0,273492.0
RM0083,2024-05,364409.0,562389.0
RM0083,2024-06,163841.0,65974.0
RM0083,2024-07,175205.0,145925.0
RM0083,2024-08,166516.0,211591.0
RM0083,2024-09,205277.0,268971.0
RM0083,2024-10,220572.0,102328.0
RM0083,2024-11,81925.0,102063.0
RM0083,2024-12,128680.0,185849.0
RM0084,2023-01,70014.0,41118.0
RM0084,2023-02,172624.0,181448.0
RM0084,2023-03,96468.0,88028.0
RM0084,2023-04,55341.0,19676.0
RM0084,2023-06,0.0,0.0
RM0084,2023-07,178983.0,285580.0
RM0084,2023-09,95211.0,33410.0
RM0084,2023-11,234972.0,371967.0
RM0084,2024-01,72305.0,63528.0
RM0084,2024-02,75927.0,34891.0
RM0084,2024-03,206690.0,361977.0
RM0084,2024-04,220057.0,391090.0
RM0084,2024-05,135478.0,223105.0
RM0084,2024-06,84427.0,40259.0
RM0084,2024-07,231861.0,198730.0
RM0084,2024-08,107340.0,140284.0
RM0084,2024-10,110853.0,128460.0
RM0084,2024-11,103384.0,152557.0
RM0084,2024-12,106179.0,117061.0
RM0085,2023-01,53517.0,79611.0
RM0085,2023-02,195270.0,114888.0
RM0085,2023-03,86382.0,59926.0
RM0085,2023-04,178890.0,200799.0
RM0085,2023-05,98002.0,131429.0
RM0085,2023-06,379789.0,138726.0
RM0085,2023-07,130985.0,155908.0
RM0085,2023-08,182441.0,60078.0
RM0085,2023-09,85465.0,33566.0
RM0085,2023-10,176234.0,223479.0
RM0085,2023-11,76106.0,60848.0
RM0085,2023-12,110027.0,168308.0
RM0085,2024-01,82473.0,92573.0
RM0085,2024-02,279134.0,431085.0
RM0085,2024-03,214746.0,160907.0
RM0085,2024-04,309780.0,437796.0
RM0085,2024-06,232847.0,93372.0
RM0085,2024-07,56634.0,76062.0
RM0085,2024-09,484504.0,707659.0
RM0085,2024-10,317101.0,354351.0
RM0085,2024-11,104487.0,137568.0
RM0085,2024-12,236704.0,-5000.0
RM0086,2023-01,218754.0,376270.0
RM0086,2023-02,118635.0,42647.0
RM0086,2023-04,408621.0,220961.0
RM0086,2023-05,0.0,0.0
RM0086,2023-06,-10000.0,0.0
RM0086,2023-07,,
RM0086,2023-08,105690.0,163356.0
RM0086,2023-09,110533.0,164847.0
RM0086,2023-10,60858.0,78072.0
RM0086,2023-11,219579.0,227733.0
RM0086,2023-12,224276.0,-5000.0
RM0086,2024-02,434950.0,609270.0
RM0086,2024-03,537771.0,-5000.0
RM0086,2024-04,139297.0,152173.0
RM0086,2024-05,95925.0,170593.0
RM0086,2024-06,58507.0,49024.0
RM0086,2024-07,103008.0,90623.0
RM0086,2024-08,424640.0,361817.0
RM0086,2024-09,423295.0,395784.0
RM0086,2024-10,339414.0,367458.0
RM0086,2024-11,105953.0,103200.0
RM0086,2024-12,132846.0,91646.0
RM0087,2023-01,101297.0,58719.0
RM0087,2023-02,-10000.0,0.0
RM0087,2023-03,196886.0,173227.0
RM0087,2023-04,236887.0,421769.0
RM0087,2023-05,121005.0,120273.0
RM0087,2023-06,76888.0,68301.0
RM0087,2023-07,244650.0,153177.0
RM0087,2023-08,80143.0,69288.0
RM0087,2023-09,306098.0,378179.0
RM0087,2023-10,524018.0,868198.0
RM0087,2023-11,74578.0,27133.0
RM0087,2023-12,126397.0,-5000.0
RM0087,2024-01,160746.0,172537.0
RM0087,2024-03,71599.0,34884.0
RM0087,2024-04,57199.0,90162.0
RM0087,2024-05,492740.0,233325.0
RM0087,2024-06,85952.0,37371.0
RM0087,2024-07,364949.0,634304.0
RM0087,2024-08,95530.0,72161.0
RM0087,2024-09,117570.0,-5000.0
RM0087,2024-10,0.0,0.0
RM0087,2024-11,222073.0,234639.0
RM0087,2024-12,502395.0,225997.0
RM0088,2023-01,290373.0,232799.0
RM0088,2023-02,121113.0,165106.0
RM0088,2023-03,447560.0,615082.0
RM0088,2023-04,274323.0,391230.0
RM0088,2023-05,108065.0,-5000.0
RM0088,2023-06,262161.0,387154.0
RM0088,2023-07,164342.0,181619.0
RM0088,2023-08,263893.0,402580.0
RM0088,2023-09,111691.0,167798.0
RM0088,2023-10,302469.0,196964.0
RM0088,2023-11,239320.0,138757.0
RM0088,2023-12,64650.0,75111.0
RM0088,2024-02,408962.0,144440.0
RM0088,2024-03,312738.0,331410.0
RM0088,2024-04,345879.0,
RM0088,2024-05,328182.0,529334.0
RM0088,2024-06,269718.0,421970.0
RM0088,2024-07,79042.0,59738.0
RM0088,2024-08,91657.0,129570.0
RM0088,2024-09,75022.0,43013.0
RM0088,2024-10,366750.0,498348.0
RM0088,2024-11,362372.0,184459.0
RM0088,2024-12,126369.0,91582.0
RM0089,2023-01,51459.0,37399.0
RM0089,2023-02,0.0,0.0
RM0089,2023-03,64512.0,74171.0
RM0089,2023-04,122474.0,45277.0
RM0089,2023-05,232598.0,324222.0
RM0089,2023-06,319791.0,328844.0
RM0089,2023-07,569423.0,951560.0
RM0089,2023-08,170227.0,164682.0
RM0089,2023-09,50455.0,-5000.0
RM0089,2023-10,236196.0,271018.0
RM0089,2023-11,-10000.0,0.0
RM0089,2023-12,185296.0,331547.0
RM0089,2024-01,338436.0,585628.0
RM0089,2024-02,109549.0,57404.0
RM0089,2024-03,289087.0,427645.0
RM0089,2024-04,85633.0,123920.0
RM0089,2024-05,-10000.0,0.0
RM0089,2024-06,67400.0,70950.0
RM0089,2024-07,451347.0,478286.0
RM0089,2024-08,283170.0,97230.0
RM0089,2024-10,245337.0,422042.0
RM0089,2024-11,153830.0,124073.0
RM0089,2024-12,206044.0,344998.0
RM0090,2023-01,79177.0,71698.0
RM0090,2023-02,75492.0,78887.0
RM0090,2023-03,166616.0,285963.0
RM0090,2023-04,129785.0,149309.0
RM0090,2023-06,374766.0,293107.0
RM0090,2023-07,218204.0,313284.0
RM0090,2023-08,110189.0,60219.0
RM0090,2023-09,154847.0,129328.0
RM0090,2023-10,96481.0,169819.0
RM0090,2023-11,154619.0,245027.0
RM0090,2023-12,0.0,0.0
RM0090,2024-01,470624.0,702004.0
RM0090,2024-02,298080.0,263695.0
RM0090,2024-03,149723.0,178175.0
RM0090,2024-04,283929.0,446786.0
RM0090,2024-05,62188.0,102989.0
RM0090,2024-06,465880.0,554085.0
RM0090,2024-07,81007.0,123748.0
RM0090,2024-08,169306.0,258326.0
RM0090,2024-09,302954.0,130298.0
RM0090,2024-11,190100.0,194798.0
RM0090,2024-12,488147.0,363650.0
RM0091,2023-01,84600.0,139220.0
RM0091,2023-02,74151.0,98604.0
RM0091,2023-03,103505.0,119213.0
RM0091,2023-04,193652.0,179332.0
RM0091,2023-05,603121.0,300203.0
RM0091,2023-06,124488.0,117714.0
RM0091,2023-07,199562.0,181778.0
RM0091,2023-08,65310.0,112407.0
RM0091,2023-09,130698.0,106389.0
RM0091,2023-10,138784.0,86725.0
RM0091,2023-11,65841.0,34426.0
RM0091,2023-12,77346.0,46137.0
RM0091,2024-01,131698.0,162758.0
RM0091,2024-02,198687.0,59635.0
RM0091,2024-03,430665.0,660756.0
RM0091,2024-04,548377.0,460625.0
RM0091,2024-05,213953.0,118108.0
RM0091,2024-07,304767.0,165199.0
RM0091,2024-08,109175.0,113132.0
RM0091,2024-09,185406.0,211260.0
RM0091,2024-10,66153.0,61688.0
RM0091,2024-11,434415.0,698779.0
RM0091,2024-12,184026.0,213191.0
RM0092,2023-01,67762.0,40683.0
RM0092,2023-02,93681.0,96706.0
RM0092,2023-03,247155.0,244952.0
RM0092,2023-04,70211.0,67333.0
RM0092,2023-06,76623.0,109319.0
RM0092,2023-07,77318.0,79158.0
RM0092,2023-08,-10000.0,0.0
RM0092,2023-10,88854.0,36789.0
RM0092,2023-11,174276.0,66452.0
RM0092,2023-12,182925.0,261628.0
RM0092,2024-02,109918.0,113492.0
RM0092,2024-03,446258.0,449231.0
RM0092,2024-04,900583.0,
RM0092,2024-05,75618.0,103097.0
RM0092,2024-06,208599.0,335522.0
RM0092,2024-09,64549.0,46495.0
RM0092,2024-11,71265.0,121125.0
RM0092,2024-12,133434.0,222180.0
RM0093,2023-01,102307.0,50084.0
RM0093,2023-02,102761.0,122877.0
RM0093,2023-03,329874.0,289657.0
RM0093,2023-04,419428.0,279485.0
RM0093,2023-05,227400.0,319171.0
RM0093,2023-06,98023.0,33372.0
RM0093,2023-07,118175.0,43464.0
RM0093,2023-08,396522.0,686097.0
RM0093,2023-09,249419.0,346699.0
RM0093,2023-10,91341.0,37530.0
RM0093,2023-11,293002.0,333653.0
RM0093,2023-12,221679.0,325748.0
RM0093,2024-01,129001.0,66670.0
RM0093,2024-03,287738.0,282169.0
RM0093,2024-04,313103.0,299498.0
RM0093,2024-05,86696.0,48246.0
RM0093,2024-07,254340.0,295627.0
RM0093,2024-08,127779.0,132656.0
RM0093,2024-09,169655.0,111823.0
RM0093,2024-10,121262.0,89566.0
RM0093,2024-11,123757.0,130049.0
RM0093,2024-12,78557.0,69937.0
RM0094,2023-01,123040.0,89696.0
RM0094,2023-02,1024976.0,420692.0
RM0094,2023-03,204482.0,114848.0
RM0094,2023-04,324441.0,542236.0
RM0094,2023-06,126993.0,194961.0
RM0094,2023-07,93134.0,47507.0
RM0094,2023-08,106942.0,86891.0
RM0094,2023-09,125964.0,108258.0
RM0094,2023-10,129436.0,176686.0
RM0094,2023-11,92270.0,30251.0
RM0094,2023-12,150907.0,146747.0
RM0094,2024-02,59291.0,29687.0
RM0094,2024-03,,
RM0094,2024-04,156978.0,102369.0
RM0094,2024-05,365067.0,204415.0
RM0094,2024-06,53049.0,51528.0
RM0094,2024-08,692062.0,865637.0
RM0094,2024-09,115550.0,37588.0
RM0094,2024-10,149523.0,91164.0
RM0094,2024-11,0.0,0.0
RM0094,2024-12,181203.0,126447.0
RM0095,2023-01,60705.0,86961.0
RM0095,2023-02,182089.0,284639.0
RM0095,2023-03,95125.0,121692.0
RM0095,2023-04,68950.0,50865.0
RM0095,2023-05,210302.0,323522.0
RM0095,2023-06,108053.0,161893.0
RM0095,2023-07,219865.0,180951.0
RM0095,2023-08,363601.0,386814.0
RM0095,2023-09,206723.0,215704.0
RM0095,2023-10,140419.0,220733.0
RM0095,2023-11,102370.0,36335.0
RM0095,2023-12,367768.0,565456.0
RM0095,2024-02,118488.0,68507.0
RM0095,2024-03,218836.0,91504.0
RM0095,2024-04,132683.0,56893.0
RM0095,2024-05,186661.0,63616.0
RM0095,2024-07,198829.0,260427.0
RM0095,2024-08,150164.0,84468.0
RM0095,2024-09,66036.0,50843.0
RM0095,2024-10,143881.0,181766.0
RM0095,2024-11,50187.0,68585.0
RM0095,2024-12,237090.0,229220.0
RM0096,2023-01,113103.0,-5000.0
RM0096,2023-02,327067.0,483039.0
RM0096,2023-03,663637.0,569331.0
RM0096,2023-04,406003.0,-5000.0
RM0096,2023-05,63718.0,58442.0
RM0096,2023-06,143928.0,138359.0
RM0096,2023-07,197163.0,109486.0
RM0096,2023-08,351994.0,396924.0
RM0096,2023-09,401838.0,122137.0
RM0096,2023-10,199133.0,182940.0
RM0096,2023-11,155509.0,220155.0
RM0096,2024-01,88650.0,53841.0
RM0096,2024-03,232107.0,251151.0
RM0096,2024-05,89915.0,92255.0
RM0096,2024-06,142305.0,190285.0
RM0096,2024-07,50399.0,59477.0
RM0096,2024-08,189588.0,
RM0096,2024-09,255274.0,417078.0
RM0096,2024-10,137023.0,111506.0
RM0096,2024-11,66191.0,53300.0
RM0096,2024-12,,
RM0097,2023-01,60641.0,91218.0
RM0097,2023-02,296764.0,274760.0
RM0097,2023-03,95093.0,45362.0
RM0097,2023-04,335810.0,542750.0
RM0097,2023-05,96446.0,118883.0
RM0097,2023-06,94893.0,60512.0
RM0097,2023-07,53215.0,62034.0
RM0097,2023-08,74367.0,23690.0
RM0097,2023-09,66614.0,51336.0
RM0097,2023-10,215919.0,130400.0
RM0097,2023-12,377841.0,276856.0
RM0097,2024-01,110346.0,69183.0
RM0097,2024-02,93915.0,38618.0
RM0097,2024-03,102384.0,162731.0
RM0097,2024-04,224917.0,362769.0
RM0097,2024-05,66616.0,65511.0
RM0097,2024-06,89059.0,123063.0
RM0097,2024-08,577177.0,-5000.0
RM0097,2024-09,303401.0,107075.0
RM0097,2024-10,107114.0,36726.0
RM0097,2024-11,56149.0,23541.0
RM0097,2024-12,98512.0,74505.0
RM0098,2023-01,126737.0,115000.0
RM0098,2023-02,271373.0,138971.0
RM0098,2023-03,75750.0,93921.0
RM0098,2023-04,177204.0,94096.0
RM0098,2023-05,336849.0,267319.0
RM0098,2023-06,118584.0,110364.0
RM0098,2023-07,108446.0,123214.0
RM0098,2023-08,123812.0,85325.0
RM0098,2023-09,402254.0,306729.0
RM0098,2023-10,229842.0,188663.0
RM0098,2023-11,135697.0,88734.0
RM0098,2023-12,259348.0,364592.0
RM0098,2024-01,53373.0,-5000.0
RM0098,2024-02,59312.0,99855.0
RM0098,2024-04,379499.0,401939.0
RM0098,2024-06,151992.0,230820.0
RM0098,2024-07,72353.0,92651.0
RM0098,2024-08,146934.0,207911.0
RM0098,2024-09,54584.0,64905.0
RM0098,2024-10,172035.0,268593.0
RM0098,2024-11,219439.0,355543.0
RM0098,2024-12,377418.0,344298.0
RM0099,2023-01,72176.0,89889.0
RM0099,2023-02,360419.0,148647.0
RM0099,2023-03,172440.0,81477.0
RM0099,2023-05,54105.0,71389.0
RM0099,2023-06,221784.0,266359.0
RM0099,2023-07,344086.0,144968.0
RM0099,2023-08,66683.0,106479.0
RM0099,2023-10,154958.0,
RM0099,2023-11,97835.0,137676.0
RM0099,2023-12,387219.0,516706.0
RM0099,2024-01,285483.0,206617.0
RM0099,2024-02,101115.0,161398.0
RM0099,2024-03,193123.0,125770.0
RM0099,2024-04,161401.0,214468.0
RM0099,2024-05,86990.0,111552.0
RM0099,2024-06,56458.0,42656.0
RM0099,2024-07,218115.0,114297.0
RM0099,2024-09,87692.0,141941.0
RM0099,2024-10,218276.0,228835.0
RM0099,2024-11,85528.0,69458.0
RM0099,2024-12,178113.0,94928.0
RM0100,2023-01,148592.0,135733.0
RM0100,2023-02,147136.0,67438.0
RM0100,2023-03,66890.0,116801.0
RM0100,2023-04,632134.0,593729.0
RM0100,2023-05,283381.0,363772.0
RM0100,2023-06,68650.0,51145.0
RM0100,2023-07,106455.0,127071.0
RM0100,2023-08,180116.0,303542.0
RM0100,2023-11,284123.0,450412.0
RM0100,2023-12,382776.0,574897.0
RM0100,2024-01,110718.0,68924.0
RM0100,2024-02,177213.0,236464.0
RM0100,2024-03,123302.0,193893.0
RM0100,2024-04,534971.0,617406.0
RM0100,2024-05,141484.0,-5000.0
RM0100,2024-06,327618.0,-5000.0
RM0100,2024-07,53685.0,26494.0
RM0100,2024-08,,
RM0100,2024-09,330287.0,461755.0
RM0100,2024-10,130713.0,213490.0
RM0100,2024-11,114954.0,143780.0
RM0101,2023-01,200905.0,115821.0
RM0101,2023-02,100289.0,167884.0
RM0101,2023-04,80393.0,45049.0
RM0101,2023-06,147978.0,64858.0
RM0101,2023-08,387536.0,-5000.0
RM0101,2023-09,65828.0,80628.0
RM0101,2023-10,112277.0,169135.0
RM0101,2023-11,183670.0,162081.0
RM0101,2024-01,669088.0,267197.0
RM0101,2024-02,179336.0,319998.0
RM0101,2024-03,226139.0,318777.0
RM0101,2024-05,54892.0,18226.0
RM0101,2024-06,0.0,0.0
RM0101,2024-07,769157.0,1360853.0
RM0101,2024-09,111084.0,81810.0
RM0101,2024-10,73666.0,58469.0
RM0101,2024-12,119341.0,169753.0
RM0102,2023-01,351816.0,499614.0
RM0102,2023-02,205970.0,298419.0
RM0102,2023-03,251196.0,254618.0
RM0102,2023-04,111387.0,80663.0
RM0102,2023-05,220613.0,383636.0
RM0102,2023-07,180502.0,
RM0102,2023-08,415462.0,133506.0
RM0102,2023-09,287324.0,454087.0
RM0102,2023-10,199541.0,339437.0
RM0102,2023-11,183707.0,121394.0
RM0102,2023-12,86447.0,98009.0
RM0102,2024-01,405443.0,165644.0
RM0102,2024-02,189099.0,275083.0
RM0102,2024-03,68393.0,32497.0
RM0102,2024-04,118386.0,84151.0
RM0102,2024-05,83155.0,49730.0
RM0102,2024-06,71004.0,86360.0
RM0102,2024-07,224773.0,304433.0
RM0102,2024-09,164006.0,283625.0
RM0102,2024-10,368706.0,640238.0
RM0102,2024-11,123848.0,200221.0
RM0102,2024-12,265874.0,215347.0
RM0103,2023-01,0.0,0.0
RM0103,2023-02,222148.0,112113.0
RM0103,2023-03,102173.0,107337.0
RM0103,2023-04,220860.0,373107.0
RM0103,2023-05,184929.0,241724.0
RM0103,2023-06,105662.0,
RM0103,2023-07,224373.0,214654.0
RM0103,2023-08,341664.0,303628.0
RM0103,2023-09,144743.0,137343.0
RM0103,2023-10,299998.0,519161.0
RM0103,2023-11,109463.0,110835.0
RM0103,2023-12,233588.0,383802.0
RM0103,2024-01,152094.0,70471.0
RM0103,2024-02,118989.0,133927.0
RM0103,2024-03,-10000.0,0.0
RM0103,2024-04,80971.0,28783.0
RM0103,2024-05,224428.0,401525.0
RM0103,2024-06,427379.0,566237.0
RM0103,2024-07,326328.0,223075.0
RM0103,2024-09,196101.0,76657.0
RM0103,2024-11,234231.0,411030.0
RM0103,2024-12,345773.0,380924.0
RM0104,2023-01,283200.0,485928.0
RM0104,2023-02,0.0,0.0
RM0104,2023-03,286442.0,201875.0
RM0104,2023-04,364271.0,163022.0
RM0104,2023-06,79442.0,109703.0
RM0104,2023-07,78815.0,42330.0
RM0104,2023-10,171609.0,266419.0
RM0104,2023-11,96892.0,151316.0
RM0104,2023-12,,
RM0104,2024-01,297502.0,347678.0
RM0104,2024-02,206007.0,74298.0
RM0104,2024-03,118624.0,82454.0
RM0104,2024-04,0.0,0.0
RM0104,2024-05,124060.0,103262.0
RM0104,2024-06,245785.0,294240.0
RM0104,2024-07,416449.0,215766.0
RM0104,2024-08,59241.0,65278.0
RM0104,2024-09,50154.0,74307.0
RM0104,2024-10,155774.0,160774.0
RM0104,2024-11,117529.0,101364.0
RM0104,2024-12,134616.0,43622.0
RM0105,2023-01,63086.0,66717.0
RM0105,2023-02,74399.0,109228.0
RM0105,2023-03,98131.0,43849.0
RM0105,2023-05,90223.0,75394.0
RM0105,2023-06,55393.0,28389.0
RM0105,2023-07,108700.0,83233.0
RM0105,2023-08,291705.0,456484.0
RM0105,2023-09,82242.0,39962.0
RM0105,2023-10,200834.0,302643.0
RM0105,2023-12,547486.0,169827.0
RM0105,2024-01,130082.0,182242.0
RM0105,2024-02,314527.0,123744.0
RM0105,2024-04,221203.0,162232.0
RM0105,2024-05,61628.0,63702.0
RM0105,2024-06,75823.0,106570.0
RM0105,2024-07,252790.0,395136.0
RM0105,2024-08,121118.0,38753.0
RM0105,2024-09,95112.0,
RM0105,2024-10,144613.0,193928.0
RM0105,2024-11,122199.0,134916.0
RM0105,2024-12,161433.0,88380.0
RM0106,2023-01,196346.0,188271.0
RM0106,2023-02,297475.0,397401.0
RM0106,2023-03,67727.0,69971.0
RM0106,2023-04,231848.0,99814.0
RM0106,2023-06,285891.0,180970.0
RM0106,2023-07,154900.0,265009.0
RM0106,2023-09,177061.0,165743.0
RM0106,2023-10,51022.0,25517.0
RM0106,2023-11,179648.0,186966.0
RM0106,2023-12,117843.0,198544.0
RM0106,2024-01,110628.0,122324.0
RM0106,2024-03,176147.0,192212.0
RM0106,2024-05,147394.0,118739.0
RM0106,2024-07,409145.0,399409.0
RM0106,2024-09,162759.0,209099.0
RM0106,2024-10,60508.0,89063.0
RM0106,2024-11,157771.0,202856.0
RM0106,2024-12,271769.0,437860.0
RM0107,2023-01,124691.0,189174.0
RM0107,2023-02,94930.0,122507.0
RM0107,2023-03,66255.0,21867.0
RM0107,2023-04,65099.0,50716.0
RM0107,2023-05,54738.0,68189.0
RM0107,2023-06,107089.0,150413.0
RM0107,2023-07,57050.0,35659.0
RM0107,2023-08,128638.0,112426.0
RM0107,2023-09,71061.0,127284.0
RM0107,2023-10,100203.0,138435.0
RM0107,2023-11,87274.0,141102.0
RM0107,2023-12,123594.0,204097.0
RM0107,2024-01,112744.0,35285.0
RM0107,2024-02,159167.0,
RM0107,2024-03,161599.0,77527.0
RM0107,2024-04,90174.0,133028.0
RM0107,2024-05,55617.0,57524.0
RM0107,2024-06,163383.0,217800.0
RM0107,2024-07,55726.0,65671.0
RM0107,2024-08,50465.0,35212.0
RM0107,2024-09,153877.0,256500.0
RM0107,2024-11,70302.0,38942.0
RM0107,2024-12,215958.0,186218.0
RM0108,2023-01,196494.0,352938.0
RM0108,2023-02,699947.0,581355.0
RM0108,2023-03,155154.0,257095.0
RM0108,2023-04,64504.0,63114.0
RM0108,2023-05,121120.0,89910.0
RM0108,2023-06,822593.0,1151896.0
RM0108,2023-07,-10000.0,0.0
RM0108,2023-08,314932.0,325796.0
RM0108,2023-09,359327.0,251374.0
RM0108,2023-10,87963.0,-5000.0
RM0108,2023-11,92610.0,102586.0
RM0108,2023-12,101651.0,52927.0
RM0108,2024-01,0.0,0.0
RM0108,2024-03,396039.0,
RM0108,2024-04,201183.0,329399.0
RM0108,2024-05,-10000.0,0.0
RM0108,2024-06,219101.0,236195.0
RM0108,2024-08,370562.0,426774.0
RM0108,2024-09,70338.0,59807.0
RM0108,2024-10,138567.0,235987.0
RM0108,2024-11,211462.0,341070.0
RM0108,2024-12,262569.0,200810.0
RM0109,2023-01,-10000.0,0.0
RM0109,2023-02,82592.0,75341.0
RM0109,2023-03,296055.0,360563.0
RM0109,2023-04,311799.0,212664.0
RM0109,2023-05,257793.0,155574.0
RM0109,2023-06,168218.0,159857.0
RM0109,2023-07,171950.0,86542.0
RM0109,2023-08,117231.0,152442.0
RM0109,2023-09,172647.0,193961.0
RM0109,2023-10,157256.0,269824.0
RM0109,2023-11,459015.0,385672.0
RM0109,2023-12,0.0,0.0
RM0109,2024-01,171417.0,76007.0
RM0109,2024-02,104146.0,67309.0
RM0109,2024-03,87922.0,110584.0
RM0109,2024-04,122761.0,68346.0
RM0109,2024-05,377816.0,608745.0
RM0109,2024-06,347579.0,307995.0
RM0109,2024-07,58800.0,27054.0
RM0109,2024-08,,
RM0109,2024-09,98454.0,62021.0
RM0109,2024-10,360703.0,641884.0
RM0109,2024-11,304473.0,424670.0
RM0109,2024-12,183237.0,266584.0
RM0110,2023-01,0.0,0.0
RM0110,2023-02,187948.0,99973.0
RM0110,2023-03,76843.0,90351.0
RM0110,2023-04,110850.0,184606.0
RM0110,2023-05,191874.0,252264.0
RM0110,2023-06,50875.0,53330.0
RM0110,2023-07,134624.0,182928.0
RM0110,2023-08,122345.0,215922.0
RM0110,2023-09,216391.0,279117.0
RM0110,2023-10,427629.0,766656.0
RM0110,2023-11,83063.0,125906.0
RM0110,2023-12,76567.0,75461.0
RM0110,2024-01,65834.0,81308.0
RM0110,2024-02,144812.0,180008.0
RM0110,2024-03,219962.0,270365.0
RM0110,2024-04,102227.0,159007.0
RM0110,2024-05,170339.0,
RM0110,2024-06,150957.0,268793.0
RM0110,2024-07,100008.0,
RM0110,2024-08,162626.0,-5000.0
RM0110,2024-09,222008.0,108304.0
RM0110,2024-10,115599.0,173691.0
RM0110,2024-11,90527.0,94142.0
RM0110,2024-12,199393.0,260555.0
RM0111,2023-02,245464.0,392488.0
RM0111,2023-04,124849.0,169788.0
RM0111,2023-05,247613.0,185811.0
RM0111,2023-06,567045.0,906040.0
RM0111,2023-07,101344.0,133024.0
RM0111,2023-08,239771.0,227117.0
RM0111,2023-10,348982.0,466011.0
RM0111,2023-11,211009.0,133201.0
RM0111,2024-01,128597.0,122280.0
RM0111,2024-02,248447.0,304991.0
RM0111,2024-03,63465.0,48331.0
RM0111,2024-04,146096.0,205279.0
RM0111,2024-05,254134.0,263235.0
RM0111,2024-06,0.0,0.0
RM0111,2024-07,101988.0,69559.0
RM0111,2024-08,277820.0,158351.0
RM0111,2024-09,143801.0,187815.0
RM0111,2024-10,551947.0,992875.0
RM0112,2023-02,508392.0,700240.0
RM0112,2023-03,255823.0,368082.0
RM0112,2023-04,347734.0,600772.0
RM0112,2023-06,138509.0,
RM0112,2023-07,130809.0,129592.0
RM0112,2023-09,211740.0,309811.0
RM0112,2023-10,356662.0,351068.0
RM0112,2023-11,117735.0,208983.0
RM0112,2023-12,89572.0,56699.0
RM0112,2024-01,238504.0,135824.0
RM0112,2024-02,126476.0,93412.0
RM0112,2024-03,77716.0,90893.0
RM0112,2024-04,120143.0,119344.0
RM0112,2024-06,82697.0,120059.0
RM0112,2024-07,106687.0,86851.0
RM0112,2024-08,93583.0,89054.0
RM0112,2024-10,143424.0,156977.0
RM0112,2024-11,564292.0,935053.0
RM0112,2024-12,191007.0,68448.0
RM0113,2023-01,192113.0,83473.0
RM0113,2023-02,,
RM0113,2023-04,235859.0,208762.0
RM0113,2023-05,322743.0,553114.0
RM0113,2023-06,130963.0,129762.0
RM0113,2023-07,183793.0,109485.0
RM0113,2023-08,443279.0,420893.0
RM0113,2023-09,77375.0,111737.0
RM0113,2023-10,87106.0,44885.0
RM0113,2023-11,174129.0,227628.0
RM0113,2023-12,176443.0,226687.0
RM0113,2024-01,68413.0,69372.0
RM0113,2024-02,116245.0,204597.0
RM0113,2024-03,57634.0,43078.0
RM0113,2024-04,476740.0,846329.0
RM0113,2024-05,311361.0,128902.0
RM0113,2024-06,173609.0,156280.0
RM0113,2024-07,296334.0,113358.0
RM0113,2024-08,82934.0,85736.0
RM0113,2024-10,75733.0,101411.0
RM0113,2024-11,307860.0,417698.0
RM0114,2023-01,137048.0,221686.0
RM0114,2023-02,72220.0,49868.0
RM0114,2023-03,150866.0,59140.0
RM0114,2023-05,65086.0,58327.0
RM0114,2023-06,482056.0,-5000.0
RM0114,2023-07,408571.0,408147.0
RM0114,2023-09,73000.0,41402.0
RM0114,2023-10,121112.0,74497.0
RM0114,2023-11,62993.0,82562.0
RM0114,2023-12,180643.0,133123.0
RM0114,2024-01,276403.0,404632.0
RM0114,2024-02,151296.0,67296.0
RM0114,2024-03,426016.0,555094.0
RM0114,2024-04,92563.0,112527.0
RM0114,2024-05,127884.0,160241.0
RM0114,2024-06,146331.0,150458.0
RM0114,2024-07,249703.0,304784.0
RM0114,2024-08,62499.0,24878.0
RM0114,2024-09,104578.0,98864.0
RM0114,2024-10,,
RM0114,2024-11,98283.0,125526.0
RM0114,2024-12,82557.0,111964.0
RM0115,2023-01,272520.0,132575.0
RM0115,2023-02,207819.0,362052.0
RM0115,2023-04,82131.0,136662.0
RM0115,2023-05,189728.0,225096.0
RM0115,2023-06,57997.0,82497.0
RM0115,2023-07,147591.0,203935.0
RM0115,2023-08,298464.0,324040.0
RM0115,2023-09,95906.0,49138.0
RM0115,2023-10,76242.0,122017.0
RM0115,2023-11,69786.0,61205.0
RM0115,2023-12,111031.0,177447.0
RM0115,2024-01,147425.0,264579.0
RM0115,2024-02,250371.0,394681.0
RM0115,2024-03,65582.0,44573.0
RM0115,2024-04,71831.0,71502.0
RM0115,2024-05,240030.0,132879.0
RM0115,2024-06,70918.0,86655.0
RM0115,2024-07,89265.0,90959.0
RM0115,2024-08,57870.0,76441.0
RM0115,2024-09,166909.0,212163.0
RM0115,2024-10,98321.0,70585.0
RM0115,2024-11,292439.0,402935.0
RM0115,2024-12,0.0,0.0
RM0116,2023-01,198387.0,87501.0
RM0116,2023-02,340869.0,495916.0
RM0116,2023-03,183919.0,308596.0
RM0116,2023-04,77703.0,103343.0
RM0116,2023-05,544451.0,416512.0
RM0116,2023-06,52311.0,73355.0
RM0116,2023-07,51050.0,82129.0
RM0116,2023-08,58692.0,75075.0
RM0116,2023-09,121025.0,73221.0
RM0116,2023-10,392797.0,557523.0
RM0116,2023-11,112427.0,81647.0
RM0116,2023-12,249777.0,388367.0
RM0116,2024-01,238738.0,300806.0
RM0116,2024-02,88800.0,140233.0
RM0116,2024-03,257741.0,277306.0
RM0116,2024-04,157489.0,
RM0116,2024-05,176307.0,271938.0
RM0116,2024-06,253370.0,401431.0
RM0116,2024-07,156172.0,193180.0
RM0116,2024-08,339210.0,219970.0
RM0116,2024-09,138053.0,
RM0116,2024-10,195395.0,326841.0
RM0116,2024-11,52394.0,32424.0
RM0116,2024-12,90074.0,71151.0
RM0117,2023-01,99648.0,118103.0
RM0117,2023-02,375234.0,471093.0
RM0117,2023-03,91467.0,145947.0
RM0117,2023-04,-10000.0,0.0
RM0117,2023-05,87069.0,-5000.0
RM0117,2023-07,117334.0,174234.0
RM0117,2023-08,251445.0,292901.0
RM0117,2023-09,73457.0,110547.0
RM0117,2023-10,105126.0,153210.0
RM0117,2023-11,0.0,0.0
RM0117,2023-12,96013.0,59389.0
RM0117,2024-01,71046.0,47097.0
RM0117,2024-02,75765.0,92855.0
RM0117,2024-03,186987.0,220505.0
RM0117,2024-04,204037.0,310580.0
RM0117,2024-05,,
RM0117,2024-06,417233.0,269350.0
RM0117,2024-07,182927.0,76372.0
RM0117,2024-08,69199.0,88679.0
RM0117,2024-10,149999.0,215623.0
RM0117,2024-11,133184.0,65446.0
RM0118,2023-01,358421.0,152089.0
RM0118,2023-02,81416.0,58250.0
RM0118,2023-03,853411.0,789652.0
RM0118,2023-04,154485.0,224705.0
RM0118,2023-05,201761.0,315177.0
RM0118,2023-06,149956.0,263662.0
RM0118,2023-07,289043.0,260730.0
RM0118,2023-08,122013.0,206718.0
RM0118,2023-09,222999.0,274768.0
RM0118,2023-10,262717.0,299825.0
RM0118,2023-11,76004.0,59193.0
RM0118,2023-12,172448.0,56433.0
RM0118,2024-01,136264.0,195362.0
RM0118,2024-02,76910.0,30520.0
RM0118,2024-03,321209.0,393773.0
RM0118,2024-04,79143.0,
RM0118,2024-05,296220.0,381292.0
RM0118,2024-06,110996.0,95933.0
RM0118,2024-07,75420.0,117118.0
RM0118,2024-08,156698.0,177935.0
RM0118,2024-09,372469.0,120585.0
RM0118,2024-10,60390.0,32753.0
RM0118,2024-11,54574.0,70249.0
RM0118,2024-12,200718.0,123683.0
RM0119,2023-02,74273.0,38512.0
RM0119,2023-03,509413.0,682744.0
RM0119,2023-04,182076.0,142698.0
RM0119,2023-05,135120.0,58656.0
RM0119,2023-06,994038.0,1424086.0
RM0119,2023-07,195712.0,231263.0
RM0119,2023-08,155272.0,106538.0
RM0119,2023-09,88503.0,99503.0
RM0119,2023-10,60917.0,25079.0
RM0119,2023-11,173424.0,291303.0
RM0119,2024-01,418486.0,132343.0
RM0119,2024-02,67041.0,78747.0
RM0119,2024-03,333051.0,576735.0
RM0119,2024-04,345542.0,454878.0
RM0119,2024-05,83570.0,34174.0
RM0119,2024-06,57302.0,69800.0
RM0119,2024-07,55528.0,78231.0
RM0119,2024-08,236964.0,99386.0
RM0119,2024-09,405665.0,439292.0
RM0119,2024-10,402197.0,664596.0
RM0119,2024-11,82916.0,72208.0
RM0119,2024-12,71689.0,104842.0
RM0120,2023-02,155214.0,262810.0
RM0120,2023-03,85019.0,
RM0120,2023-04,224889.0,401169.0
RM0120,2023-05,214214.0,86362.0
RM0120,2023-06,183164.0,104360.0
RM0120,2023-07,54646.0,43850.0
RM0120,2023-08,96408.0,142988.0
RM0120,2023-09,-10000.0,0.0
RM0120,2023-11,248052.0,80457.0
RM0120,2024-01,52238.0,17968.0
RM0120,2024-02,87145.0,75030.0
RM0120,2024-03,190415.0,338723.0
RM0120,2024-04,115638.0,44345.0
RM0120,2024-05,82518.0,135888.0
RM0120,2024-06,0.0,0.0
RM0120,2024-07,284240.0,138212.0
RM0120,2024-08,71751.0,33605.0
RM0120,2024-09,341914.0,210260.0
RM0120,2024-11,204566.0,219754.0
RM0120,2024-12,167917.0,99600.0
RM0121,2023-01,201279.0,73396.0
RM0121,2023-02,804754.0,273727.0
RM0121,2023-03,57718.0,45422.0
RM0121,2023-04,317234.0,217553.0
RM0121,2023-05,145780.0,47665.0
RM0121,2023-06,62324.0,75533.0
RM0121,2023-07,82417.0,110552.0
RM0121,2023-08,280840.0,442463.0
RM0121,2023-09,71545.0,70347.0
RM0121,2023-11,490850.0,715720.0
RM0121,2023-12,68657.0,72347.0
RM0121,2024-03,433390.0,416079.0
RM0121,2024-04,322485.0,336598.0
RM0121,2024-05,66943.0,34929.0
RM0121,2024-06,57170.0,33900.0
RM0121,2024-07,386102.0,492394.0
RM0121,2024-08,251403.0,309852.0
RM0121,2024-09,123295.0,-5000.0
RM0121,2024-10,86666.0,146328.0
RM0121,2024-11,158488.0,161919.0
RM0121,2024-12,882174.0,772691.0
RM0122,2023-01,338751.0,539805.0
RM0122,2023-03,89725.0,39681.0
RM0122,2023-04,607099.0,569972.0
RM0122,2023-05,50333.0,52775.0
RM0122,2023-06,194861.0,285302.0
RM0122,2023-07,479553.0,802175.0
RM0122,2023-08,472351.0,164466.0
RM0122,2023-09,236601.0,151137.0
RM0122,2023-10,81155.0,121771.0
RM0122,2023-11,130968.0,219358.0
RM0122,2024-01,56504.0,84940.0
RM0122,2024-02,72072.0,40711.0
RM0122,2024-03,147326.0,131618.0
RM0122,2024-04,149880.0,256300.0
RM0122,2024-05,210673.0,154942.0
RM0122,2024-06,78476.0,72988.0
RM0122,2024-07,140123.0,168419.0
RM0122,2024-08,96387.0,139882.0
RM0122,2024-09,65547.0,74768.0
RM0122,2024-10,196538.0,119936.0
RM0123,2023-01,0.0,0.0
RM0123,2023-02,193345.0,245274.0
RM0123,2023-03,153296.0,255144.0
RM0123,2023-05,227590.0,198629.0
RM0123,2023-07,90890.0,36955.0
RM0123,2023-08,77113.0,137957.0
RM0123,2023-09,128325.0,211483.0
RM0123,2023-11,78052.0,73216.0
RM0123,2023-12,534788.0,233541.0
RM0123,2024-01,185204.0,310912.0
RM0123,2024-02,498412.0,782014.0
RM0123,2024-03,340623.0,435409.0
RM0123,2024-04,87350.0,121942.0
RM0123,2024-06,625151.0,680727.0
RM0123,2024-08,95307.0,110575.0
RM0123,2024-09,225973.0,138390.0
RM0123,2024-10,240511.0,284079.0
RM0123,2024-12,192147.0,145836.0
RM0124,2023-01,75310.0,93021.0
RM0124,2023-02,182367.0,147173.0
RM0124,2023-03,102623.0,-5000.0
RM0124,2023-04,-10000.0,0.0
RM0124,2023-05,150967.0,266038.0
RM0124,2023-06,266312.0,420136.0
RM0124,2023-07,155676.0,169560.0
RM0124,2023-08,84284.0,116444.0
RM0124,2023-09,132119.0,186772.0
RM0124,2023-10,128904.0,59653.0
RM0124,2023-11,78502.0,
RM0124,2024-01,300354.0,206620.0
RM0124,2024-02,96051.0,162715.0
RM0124,2024-03,210781.0,99375.0
RM0124,2024-04,73250.0,51901.0
RM0124,2024-05,185208.0,264706.0
RM0124,2024-06,98133.0,157597.0
RM0124,2024-07,67341.0,41172.0
RM0124,2024-08,578326.0,290387.0
RM0124,2024-09,378537.0,513259.0
RM0124,2024-10,,
RM0124,2024-11,61384.0,62952.0
RM0124,2024-12,159776.0,271333.0
RM0125,2023-01,131995.0,128054.0
RM0125,2023-02,67899.0,85468.0
RM0125,2023-03,85528.0,35605.0
RM0125,2023-04,917375.0,646239.0
RM0125,2023-05,72807.0,98233.0
RM0125,2023-06,308628.0,122252.0
RM0125,2023-07,66705.0,29034.0
RM0125,2023-08,57214.0,
RM0125,2023-09,211581.0,250188.0
RM0125,2023-10,213064.0,225528.0
RM0125,2023-11,305157.0,341776.0
RM0125,2023-12,426528.0,438672.0
RM0125,2024-01,284568.0,259252.0
RM0125,2024-02,135698.0,213519.0
RM0125,2024-03,67086.0,76972.0
RM0125,2024-04,244378.0,348392.0
RM0125,2024-05,184287.0,179144.0
RM0125,2024-06,95324.0,158632.0
RM0125,2024-07,119254.0,178700.0
RM0125,2024-08,54826.0,35541.0
RM0125,2024-09,113601.0,148517.0
RM0125,2024-10,,
RM0125,2024-11,107701.0,
RM0126,2023-02,56336.0,31593.0
RM0126,2023-03,94996.0,53584.0
RM0126,2023-04,84171.0,122337.0
RM0126,2023-05,129662.0,117703.0
RM0126,2023-06,559908.0,543140.0
RM0126,2023-07,443952.0,332340.0
RM0126,2023-08,0.0,-5000.0
RM0126,2023-09,126780.0,113395.0
RM0126,2023-10,168474.0,198187.0
RM0126,2023-11,92777.0,138272.0
RM0126,2023-12,152933.0,47495.0
RM0126,2024-01,184230.0,275808.0
RM0126,2024-02,93245.0,33270.0
RM0126,2024-03,296898.0,523851.0
RM0126,2024-04,,
RM0126,2024-06,61948.0,105748.0
RM0126,2024-07,116773.0,199933.0
RM0126,2024-08,206976.0,338481.0
RM0126,2024-09,281149.0,96152.0
RM0126,2024-10,60152.0,65482.0
RM0126,2024-12,70823.0,70224.0
RM0127,2023-01,513936.0,381410.0
RM0127,2023-02,150682.0,132056.0
RM0127,2023-03,199067.0,117602.0
RM0127,2023-04,95153.0,151117.0
RM0127,2023-05,300168.0,445384.0
RM0127,2023-06,271052.0,268112.0
RM0127,2023-07,245785.0,216489.0
RM0127,2023-08,65922.0,58674.0
RM0127,2023-09,75914.0,67280.0
RM0127,2023-11,102950.0,123410.0
RM0127,2023-12,117304.0,-5000.0
RM0127,2024-01,233417.0,249340.0
RM0127,2024-02,427910.0,186799.0
RM0127,2024-03,224573.0,293875.0
RM0127,2024-04,501251.0,429736.0
RM0127,2024-06,104671.0,58468.0
RM0127,2024-07,96241.0,101326.0
RM0127,2024-08,322758.0,234461.0
RM0127,2024-10,75750.0,53645.0
RM0127,2024-11,65958.0,111471.0
RM0127,2024-12,359091.0,-5000.0
RM0128,2023-01,105332.0,70623.0
RM0128,2023-02,403710.0,122186.0
RM0128,2023-03,187660.0,314143.0
RM0128,2023-04,156561.0,47665.0
RM0128,2023-06,87052.0,146566.0
RM0128,2023-07,52575.0,46905.0
RM0128,2023-08,283914.0,442092.0
RM0128,2023-09,147400.0,95622.0
RM0128,2023-10,187332.0,-5000.0
RM0128,2023-11,95933.0,65512.0
RM0128,2023-12,297226.0,157945.0
RM0128,2024-01,50830.0,40926.0
RM0128,2024-02,151288.0,205391.0
RM0128,2024-03,277881.0,359933.0
RM0128,2024-04,197729.0,256775.0
RM0128,2024-05,97520.0,85187.0
RM0128,2024-06,193737.0,77176.0
RM0128,2024-07,102502.0,93238.0
RM0128,2024-08,164355.0,169240.0
RM0128,2024-09,239947.0,242380.0
RM0128,2024-10,401714.0,349683.0
RM0128,2024-11,161783.0,49313.0
RM0128,2024-12,105763.0,169205.0
RM0129,2023-01,110874.0,75369.0
RM0129,2023-02,167637.0,
RM0129,2023-03,62300.0,68368.0
RM0129,2023-04,104288.0,91215.0
RM0129,2023-05,285075.0,368586.0
RM0129,2023-07,138617.0,161665.0
RM0129,2023-08,268416.0,380795.0
RM0129,2023-09,80744.0,60669.0
RM0129,2023-10,114211.0,66392.0
RM0129,2023-11,51835.0,29076.0
RM0129,2024-01,297729.0,333123.0
RM0129,2024-02,112704.0,136655.0
RM0129,2024-04,251965.0,209544.0
RM0129,2024-05,144124.0,57119.0
RM0129,2024-06,186356.0,155534.0
RM0129,2024-08,,
RM0129,2024-09,135247.0,126307.0
RM0129,2024-10,200117.0,231875.0
RM0129,2024-11,132254.0,43039.0
RM0130,2023-01,195518.0,316615.0
RM0130,2023-03,270159.0,478836.0
RM0130,2023-04,72462.0,45924.0
RM0130,2023-05,166240.0,108691.0
RM0130,2023-06,55274.0,49936.0
RM0130,2023-07,100876.0,70173.0
RM0130,2023-08,509193.0,334886.0
RM0130,2023-09,70791.0,34544.0
RM0130,2023-10,296235.0,406515.0
RM0130,2023-11,70800.0,44577.0
RM0130,2024-01,256358.0,182507.0
RM0130,2024-02,648839.0,720766.0
RM0130,2024-03,81980.0,130201.0
RM0130,2024-04,107733.0,78991.0
RM0130,2024-05,109499.0,159024.0
RM0130,2024-06,78531.0,68532.0
RM0130,2024-07,54697.0,84230.0
RM0130,2024-08,112490.0,-5000.0
RM0130,2024-10,92787.0,108545.0
RM0130,2024-11,233112.0,-5000.0
RM0130,2024-12,301413.0,247664.0
RM0131,2023-01,300937.0,300130.0
RM0131,2023-02,65994.0,103575.0
RM0131,2023-03,168989.0,203412.0
RM0131,2023-04,465867.0,530495.0
RM0131,2023-05,50839.0,81643.0
RM0131,2023-06,100268.0,105547.0
RM0131,2023-08,84390.0,62910.0
RM0131,2023-09,224064.0,211597.0
RM0131,2023-10,197979.0,-5000.0
RM0131,2023-11,310229.0,251668.0
RM0131,2024-02,176017.0,258108.0
RM0131,2024-04,238354.0,264516.0
RM0131,2024-06,122526.0,111652.0
RM0131,2024-07,135145.0,111260.0
RM0131,2024-08,230134.0,-5000.0
RM0131,2024-09,70100.0,122757.0
RM0131,2024-10,276429.0,206560.0
RM0131,2024-11,56521.0,77261.0
RM0131,2024-12,248841.0,434335.0
RM0132,2023-01,93895.0,39819.0
RM0132,2023-02,420003.0,288950.0
RM0132,2023-03,241767.0,94528.0
RM0132,2023-04,264433.0,129714.0
RM0132,2023-05,228405.0,250906.0
RM0132,2023-06,516799.0,183658.0
RM0132,2023-07,101807.0,41156.0
RM0132,2023-08,367039.0,437089.0
RM0132,2023-09,164847.0,81959.0
RM0132,2023-12,150717.0,135352.0
RM0132,2024-01,106915.0,155912.0
RM0132,2024-02,59485.0,75547.0
RM0132,2024-03,309734.0,514456.0
RM0132,2024-04,255513.0,184910.0
RM0132,2024-05,187634.0,96088.0
RM0132,2024-07,68674.0,86387.0
RM0132,2024-08,335679.0,134564.0
RM0132,2024-09,66808.0,76723.0
RM0132,2024-10,86925.0,105850.0
RM0132,2024-12,-10000.0,0.0
RM0133,2023-02,0.0,0.0
RM0133,2023-03,168308.0,268163.0
RM0133,2023-05,223335.0,341275.0
RM0133,2023-06,96455.0,
RM0133,2023-07,-10000.0,0.0
RM0133,2023-08,120990.0,191003.0
RM0133,2023-09,145564.0,102154.0
RM0133,2023-11,,
RM0133,2023-12,95218.0,109643.0
RM0133,2024-01,62345.0,105680.0
RM0133,2024-02,97507.0,78340.0
RM0133,2024-04,89849.0,27360.0
RM0133,2024-05,226916.0,269083.0
RM0133,2024-06,298829.0,108031.0
RM0133,2024-07,446035.0,355191.0
RM0133,2024-09,416397.0,191832.0
RM0133,2024-10,254340.0,297332.0
RM0133,2024-11,116519.0,48788.0
RM0133,2024-12,189230.0,64273.0
RM0134,2023-01,154357.0,186202.0
RM0134,2023-02,247808.0,442833.0
RM0134,2023-03,95184.0,74584.0
RM0134,2023-04,112587.0,157326.0
RM0134,2023-05,452838.0,797667.0
RM0134,2023-06,487292.0,788962.0
RM0134,2023-07,756202.0,653296.0
RM0134,2023-08,494406.0,712701.0
RM0134,2023-09,77671.0,28598.0
RM0134,2023-10,86212.0,126570.0
RM0134,2023-11,199827.0,127196.0
RM0134,2023-12,253173.0,129620.0
RM0134,2024-01,308762.0,460438.0
RM0134,2024-02,589450.0,309708.0
RM0134,2024-03,405650.0,329247.0
RM0134,2024-04,130693.0,131041.0
RM0134,2024-05,197887.0,354642.0
RM0134,2024-06,187428.0,316767.0
RM0134,2024-07,94161.0,84520.0
RM0134,2024-08,,
RM0134,2024-10,155328.0,121831.0
RM0134,2024-11,614974.0,853906.0
RM0134,2024-12,147766.0,210855.0
RM0135,2023-02,144509.0,47086.0
RM0135,2023-03,167524.0,207357.0
RM0135,2023-04,646143.0,233379.0
RM0135,2023-05,157645.0,70503.0
RM0135,2023-06,74200.0,90204.0
RM0135,2023-07,89510.0,127440.0
RM0135,2023-08,158293.0,99300.0
RM0135,2023-09,152121.0,45837.0
RM0135,2023-10,347881.0,110980.0
RM0135,2023-11,51055.0,62147.0
RM0135,2023-12,594710.0,941961.0
RM0135,2024-01,93556.0,55665.0
RM0135,2024-02,197569.0,303062.0
RM0135,2024-03,117431.0,111387.0
RM0135,2024-04,68408.0,36204.0
RM0135,2024-05,176021.0,79910.0
RM0135,2024-06,83855.0,54674.0
RM0135,2024-07,,
RM0135,2024-09,138027.0,50851.0
RM0135,2024-10,153903.0,260559.0
RM0135,2024-11,53715.0,66954.0
RM0135,2024-12,321039.0,246779.0
RM0136,2023-01,71151.0,25970.0
RM0136,2023-02,204882.0,231178.0
RM0136,2023-03,89067.0,137824.0
RM0136,2023-04,249490.0,178296.0
RM0136,2023-05,259975.0,173531.0
RM0136,2023-06,218713.0,104504.0
RM0136,2023-07,226764.0,149247.0
RM0136,2023-08,177459.0,99145.0
RM0136,2023-09,244175.0,95550.0
RM0136,2023-11,77123.0,44438.0
RM0136,2024-01,56333.0,79853.0
RM0136,2024-02,644122.0,945311.0
RM0136,2024-03,345595.0,106792.0
RM0136,2024-04,68812.0,78344.0
RM0136,2024-05,621615.0,802548.0
RM0136,2024-06,120293.0,62459.0
RM0136,2024-07,74879.0,63207.0
RM0136,2024-08,237665.0,82642.0
RM0136,2024-09,336761.0,576645.0
RM0136,2024-10,379485.0,633565.0
RM0136,2024-11,52318.0,92429.0
RM0136,2024-12,118440.0,189968.0
RM0137,2023-01,81018.0,78570.0
RM0137,2023-02,56775.0,20445.0
RM0137,2023-03,480433.0,728293.0
RM0137,2023-04,163197.0,177588.0
RM0137,2023-05,257198.0,208974.0
RM0137,2023-06,265240.0,272537.0
RM0137,2023-07,202382.0,353610.0
RM0137,2023-08,145604.0,135063.0
RM0137,2023-09,404269.0,668608.0
RM0137,2023-10,782310.0,881111.0
RM0137,2023-11,113298.0,74842.0
RM0137,2023-12,55203.0,76737.0
RM0137,2024-01,89883.0,108754.0
RM0137,2024-02,422602.0,729123.0
RM0137,2024-06,50662.0,39294.0
RM0137,2024-07,322449.0,356199.0
RM0137,2024-08,297155.0,469500.0
RM0137,2024-09,137677.0,115438.0
RM0137,2024-10,141164.0,180575.0
RM0137,2024-11,118630.0,173494.0
RM0137,2024-12,401499.0,
RM0138,2023-01,99757.0,174323.0
RM0138,2023-02,196217.0,317332.0
RM0138,2023-03,66458.0,45008.0
RM0138,2023-04,108074.0,81513.0
RM0138,2023-05,78286.0,125437.0
RM0138,2023-06,131350.0,-5000.0
RM0138,2023-08,545054.0,640552.0
RM0138,2023-09,72343.0,80941.0
RM0138,2023-10,806438.0,-5000.0
RM0138,2023-11,174920.0,52966.0
RM0138,2023-12,455638.0,297231.0
RM0138,2024-01,224967.0,241304.0
RM0138,2024-02,109052.0,78949.0
RM0138,2024-04,446254.0,744302.0
RM0138,2024-05,157965.0,108639.0
RM0138,2024-06,66194.0,35404.0
RM0138,2024-07,160800.0,122488.0
RM0138,2024-08,56446.0,55472.0
RM0138,2024-09,255674.0,418677.0
RM0138,2024-10,182024.0,252091.0
RM0138,2024-11,117900.0,123129.0
RM0138,2024-12,246192.0,342573.0
RM0139,2023-01,132884.0,148232.0
RM0139,2023-02,436268.0,544460.0
RM0139,2023-03,204324.0,301772.0
RM0139,2023-04,68362.0,74126.0
RM0139,2023-05,530715.0,447122.0
RM0139,2023-06,102417.0,123085.0
RM0139,2023-07,87484.0,99199.0
RM0139,2023-08,75378.0,
RM0139,2023-09,180051.0,216703.0
RM0139,2023-10,131295.0,114767.0
RM0139,2023-11,92246.0,73463.0
RM0139,2023-12,153476.0,103057.0
RM0139,2024-01,279064.0,380518.0
RM0139,2024-02,97064.0,43305.0
RM0139,2024-03,-10000.0,0.0
RM0139,2024-04,186218.0,114905.0
RM0139,2024-05,51899.0,43523.0
RM0139,2024-06,540519.0,721546.0
RM0139,2024-07,342539.0,177129.0
RM0139,2024-08,61416.0,19486.0
RM0139,2024-09,517387.0,388197.0
RM0139,2024-10,142290.0,126892.0
RM0139,2024-11,246654.0,188677.0
RM0139,2024-12,165003.0,295911.0
RM0140,2023-01,138065.0,155586.0
RM0140,2023-02,154732.0,232837.0
RM0140,2023-03,96558.0,53653.0
RM0140,2023-04,260420.0,240478.0
RM0140,2023-05,417534.0,528697.0
RM0140,2023-06,174635.0,70846.0
RM0140,2023-07,246629.0,327784.0
RM0140,2023-09,203277.0,142672.0
RM0140,2023-10,489883.0,383324.0
RM0140,2023-11,74772.0,133154.0
RM0140,2024-01,255708.0,235808.0
RM0140,2024-02,462135.0,201803.0
RM0140,2024-04,63761.0,84398.0
RM0140,2024-05,79397.0,133046.0
RM0140,2024-06,325224.0,247024.0
RM0140,2024-07,379517.0,138270.0
RM0140,2024-08,169322.0,288413.0
RM0140,2024-09,340049.0,283638.0
RM0140,2024-10,80293.0,-5000.0
RM0140,2024-11,85461.0,91593.0
RM0140,2024-12,186238.0,65038.0
RM0141,2023-01,130050.0,201002.0
RM0141,2023-02,138136.0,76494.0
RM0141,2023-03,514698.0,359986.0
RM0141,2023-04,290241.0,171442.0
RM0141,2023-05,132531.0,137253.0
RM0141,2023-06,154162.0,165679.0
RM0141,2023-07,88223.0,94740.0
RM0141,2023-08,148583.0,91093.0
RM0141,2023-09,715841.0,1144160.0
RM0141,2023-10,377822.0,501882.0
RM0141,2023-11,76134.0,87716.0
RM0141,2023-12,308424.0,110448.0
RM0141,2024-02,152730.0,136568.0
RM0141,2024-03,85762.0,74387.0
RM0141,2024-04,665636.0,921815.0
RM0141,2024-05,103402.0,124912.0
RM0141,2024-06,92485.0,112486.0
RM0141,2024-07,389745.0,442483.0
RM0141,2024-08,248267.0,243303.0
RM0141,2024-10,161389.0,216682.0
RM0141,2024-11,301020.0,388068.0
RM0141,2024-12,619082.0,947030.0
RM0142,2023-01,275195.0,431410.0
RM0142,2023-02,99528.0,94359.0
RM0142,2023-03,174676.0,173554.0
RM0142,2023-04,332047.0,113096.0
RM0142,2023-05,85201.0,138243.0
RM0142,2023-06,59137.0,37876.0
RM0142,2023-07,114906.0,163868.0
RM0142,2023-09,173208.0,299980.0
RM0142,2023-10,88791.0,142791.0
RM0142,2023-11,99883.0,66746.0
RM0142,2023-12,153485.0,62438.0
RM0142,2024-01,122751.0,102314.0
RM0142,2024-02,76171.0,121202.0
RM0142,2024-03,123137.0,218307.0
RM0142,2024-04,394950.0,233895.0
RM0142,2024-05,155516.0,187040.0
RM0142,2024-06,306356.0,498889.0
RM0142,2024-08,196732.0,69387.0
RM0142,2024-09,148457.0,241570.0
RM0142,2024-10,237811.0,381737.0
RM0142,2024-11,218165.0,79859.0
RM0142,2024-12,566334.0,949757.0
RM0143,2023-01,70300.0,32973.0
RM0143,2023-02,166179.0,238562.0
RM0143,2023-03,122232.0,61674.0
RM0143,2023-04,157172.0,126735.0
RM0143,2023-05,115026.0,145792.0
RM0143,2023-06,375218.0,426955.0
RM0143,2023-07,224521.0,-5000.0
RM0143,2023-08,211798.0,238636.0
RM0143,2023-09,105824.0,91716.0
RM0143,2023-10,106904.0,179197.0
RM0143,2023-12,312839.0,365715.0
RM0143,2024-01,414978.0,676253.0
RM0143,2024-02,444028.0,280919.0
RM0143,2024-03,239613.0,290851.0
RM0143,2024-04,248543.0,172754.0
RM0143,2024-05,228022.0,208581.0
RM0143,2024-06,319448.0,476951.0
RM0143,2024-07,0.0,0.0
RM0143,2024-08,,
RM0143,2024-09,80474.0,110780.0
RM0143,2024-10,169934.0,193012.0
RM0143,2024-12,259460.0,410584.0
RM0144,2023-01,90961.0,103086.0
RM0144,2023-02,314874.0,506692.0
RM0144,2023-03,100827.0,46000.0
RM0144,2023-04,89755.0,154221.0
RM0144,2023-05,143118.0,132793.0
RM0144,2023-06,51975.0,19569.0
RM0144,2023-07,215707.0,255556.0
RM0144,2023-08,178536.0,83105.0
RM0144,2023-09,115093.0,174773.0
RM0144,2023-10,78839.0,128036.0
RM0144,2023-11,69427.0,38443.0
RM0144,2024-01,147441.0,253296.0
RM0144,2024-02,109970.0,141567.0
RM0144,2024-03,183254.0,96104.0
RM0144,2024-04,92786.0,157293.0
RM0144,2024-05,80653.0,108277.0
RM0144,2024-06,551557.0,264338.0
RM0144,2024-07,126419.0,80389.0
RM0144,2024-08,87569.0,41899.0
RM0144,2024-09,207281.0,294238.0
RM0144,2024-10,219419.0,370156.0
RM0144,2024-11,73617.0,57404.0
RM0144,2024-12,113370.0,73477.0
RM0145,2023-01,73008.0,75202.0
RM0145,2023-02,319762.0,-5000.0
RM0145,2023-03,513637.0,253742.0
RM0145,2023-05,309874.0,476236.0
RM0145,2023-06,123893.0,57615.0
RM0145,2023-07,740895.0,950856.0
RM0145,2023-08,654247.0,670919.0
RM0145,2023-09,125426.0,84133.0
RM0145,2023-10,666315.0,453018.0
RM0145,2023-12,53607.0,57289.0
RM0145,2024-01,120993.0,83736.0
RM0145,2024-02,201017.0,170141.0
RM0145,2024-03,127187.0,42552.0
RM0145,2024-04,183400.0,88601.0
RM0145,2024-06,86082.0,118421.0
RM0145,2024-07,106366.0,57949.0
RM0145,2024-08,179207.0,111530.0
RM0145,2024-09,97407.0,120006.0
RM0145,2024-10,251981.0,355164.0
RM0145,2024-11,148737.0,145977.0
RM0145,2024-12,282424.0,166503.0
RM0146,2023-02,74767.0,96975.0
RM0146,2023-03,129019.0,176110.0
RM0146,2023-04,94478.0,74383.0
RM0146,2023-05,390485.0,364121.0
RM0146,2023-06,184088.0,84684.0
RM0146,2023-07,79553.0,28148.0
RM0146,2023-08,132843.0,236909.0
RM0146,2023-09,360570.0,450482.0
RM0146,2023-11,346096.0,412288.0
RM0146,2023-12,119012.0,66684.0
RM0146,2024-01,208785.0,123094.0
RM0146,2024-02,131045.0,201639.0
RM0146,2024-03,70756.0,34920.0
RM0146,2024-04,88118.0,99386.0
RM0146,2024-05,93497.0,98620.0
RM0146,2024-06,103926.0,110095.0
RM0146,2024-08,98782.0,174845.0
RM0146,2024-10,151803.0,214871.0
RM0146,2024-11,230869.0,239143.0
RM0146,2024-12,90941.0,96950.0
RM0147,2023-01,221371.0,219130.0
RM0147,2023-02,62821.0,20540.0
RM0147,2023-04,109597.0,57575.0
RM0147,2023-05,404972.0,228302.0
RM0147,2023-06,125201.0,171289.0
RM0147,2023-07,303452.0,308480.0
RM0147,2023-08,79975.0,56489.0
RM0147,2023-09,131442.0,111317.0
RM0147,2023-10,114311.0,56901.0
RM0147,2023-11,416812.0,143647.0
RM0147,2023-12,136973.0,242508.0
RM0147,2024-02,211699.0,176369.0
RM0147,2024-04,73690.0,-5000.0
RM0147,2024-05,548105.0,175930.0
RM0147,2024-06,221566.0,358982.0
RM0147,2024-07,53822.0,74692.0
RM0147,2024-09,1063611.0,1339579.0
RM0147,2024-10,130339.0,210054.0
RM0147,2024-11,171175.0,243780.0
RM0147,2024-12,182929.0,65385.0
RM0148,2023-01,85956.0,35942.0
RM0148,2023-02,66922.0,21623.0
RM0148,2023-03,132010.0,74978.0
RM0148,2023-04,340375.0,485053.0
RM0148,2023-05,177707.0,183665.0
RM0148,2023-07,94330.0,95502.0
RM0148,2023-08,203760.0,300208.0
RM0148,2023-10,62781.0,85551.0
RM0148,2023-11,253644.0,288763.0
RM0148,2023-12,86180.0,95554.0
RM0148,2024-01,154785.0,156884.0
RM0148,2024-02,142605.0,66487.0
RM0148,2024-03,80297.0,-5000.0
RM0148,2024-04,65360.0,43380.0
RM0148,2024-05,95872.0,64005.0
RM0148,2024-06,85534.0,-5000.0
RM0148,2024-07,249442.0,381109.0
RM0148,2024-08,109425.0,82910.0
RM0148,2024-09,328715.0,406254.0
RM0148,2024-10,102101.0,139921.0
RM0148,2024-11,113374.0,133762.0
RM0148,2024-12,786632.0,591855.0
RM0149,2023-01,450020.0,351455.0
RM0149,2023-02,166572.0,164902.0
RM0149,2023-03,279289.0,-5000.0
RM0149,2023-04,59455.0,73764.0
RM0149,2023-05,264484.0,266657.0
RM0149,2023-06,66688.0,44494.0
RM0149,2023-07,220761.0,362744.0
RM0149,2023-08,132125.0,150704.0
RM0149,2023-09,88890.0,81629.0
RM0149,2023-10,111599.0,143213.0
RM0149,2023-11,676975.0,1028971.0
RM0149,2023-12,82009.0,95664.0
RM0149,2024-02,,
RM0149,2024-03,-10000.0,0.0
RM0149,2024-04,92536.0,51665.0
RM0149,2024-05,111318.0,146741.0
RM0149,2024-06,153790.0,261345.0
RM0149,2024-08,85881.0,72682.0
RM0149,2024-09,110038.0,71958.0
RM0149,2024-11,0.0,0.0
RM0149,2024-12,123463.0,211215.0
RM0150,2023-01,124260.0,75318.0
RM0150,2023-02,69039.0,109312.0
RM0150,2023-03,54893.0,-5000.0
RM0150,2023-04,550288.0,510274.0
RM0150,2023-06,92628.0,113577.0
RM0150,2023-07,71392.0,29143.0
RM0150,2023-08,313850.0,294079.0
RM0150,2023-09,159551.0,90153.0
RM0150,2023-10,59508.0,50680.0
RM0150,2023-11,155827.0,-5000.0
RM0150,2023-12,267500.0,281297.0
RM0150,2024-01,,
RM0150,2024-03,278838.0,131931.0
RM0150,2024-04,59915.0,32251.0
RM0150,2024-05,,
RM0150,2024-06,271769.0,391074.0
RM0150,2024-07,72862.0,25245.0
RM0150,2024-08,223411.0,353642.0
RM0150,2024-10,260429.0,157350.0
RM0150,2024-11,181476.0,260608.0
RM0150,2024-12,94322.0,102960.0
RM0151,2023-02,106632.0,68069.0
RM0151,2023-04,573944.0,957839.0
RM0151,2023-05,138498.0,69964.0
RM0151,2023-06,245241.0,167634.0
RM0151,2023-07,77681.0,67760.0
RM0151,2023-08,163205.0,72815.0
RM0151,2023-09,177205.0,57241.0
RM0151,2023-10,383661.0,644977.0
RM0151,2023-11,248115.0,248071.0
RM0151,2024-01,94134.0,133309.0
RM0151,2024-02,452790.0,243510.0
RM0151,2024-03,144053.0,111337.0
RM0151,2024-04,116181.0,105566.0
RM0151,2024-05,504848.0,347313.0
RM0151,2024-06,151790.0,262176.0
RM0151,2024-07,146955.0,234451.0
RM0151,2024-08,59084.0,102188.0
RM0151,2024-09,81151.0,143629.0
RM0151,2024-10,78960.0,76318.0
RM0151,2024-11,105358.0,100073.0
RM0151,2024-12,93257.0,163011.0
RM0152,2023-01,104733.0,134049.0
RM0152,2023-02,72178.0,110907.0
RM0152,2023-03,167299.0,295980.0
RM0152,2023-04,132591.0,78649.0
RM0152,2023-05,,
RM0152,2023-07,113701.0,159800.0
RM0152,2023-08,211427.0,310273.0
RM0152,2023-09,61446.0,71925.0
RM0152,2023-10,453609.0,209500.0
RM0152,2023-11,64862.0,89179.0
RM0152,2023-12,106790.0,137531.0
RM0152,2024-01,168245.0,299324.0
RM0152,2024-02,379810.0,500251.0
RM0152,2024-03,95505.0,66171.0
RM0152,2024-04,370870.0,436889.0
RM0152,2024-05,283585.0,276437.0
RM0152,2024-06,66317.0,52989.0
RM0152,2024-07,76358.0,112456.0
RM0152,2024-08,230852.0,99871.0
RM0152,2024-09,195685.0,315288.0
RM0152,2024-10,229283.0,244568.0
RM0152,2024-11,106065.0,172954.0
RM0152,2024-12,132436.0,209658.0
RM0153,2023-01,279178.0,425562.0
RM0153,2023-02,737768.0,1049945.0
RM0153,2023-03,55195.0,33566.0
RM0153,2023-04,55374.0,32386.0
RM0153,2023-05,59511.0,62630.0
RM0153,2023-06,0.0,0.0
RM0153,2023-09,145963.0,240585.0
RM0153,2023-10,257092.0,441152.0
RM0153,2023-11,88552.0,97108.0
RM0153,2023-12,107536.0,111915.0
RM0153,2024-01,172153.0,60990.0
RM0153,2024-02,89840.0,121927.0
RM0153,2024-03,272373.0,314366.0
RM0153,2024-04,97377.0,88381.0
RM0153,2024-05,65144.0,112684.0
RM0153,2024-06,354514.0,141239.0
RM0153,2024-08,77316.0,90586.0
RM0153,2024-09,89678.0,152596.0
RM0153,2024-10,261336.0,185532.0
RM0153,2024-11,50918.0,76334.0
RM0153,2024-12,132770.0,167763.0
RM0154,2023-01,100735.0,51809.0
RM0154,2023-02,218733.0,213371.0
RM0154,2023-03,90215.0,45688.0
RM0154,2023-04,180296.0,250309.0
RM0154,2023-05,100087.0,140393.0
RM0154,2023-07,80339.0,64883.0
RM0154,2023-08,254904.0,328881.0
RM0154,2023-09,97314.0,47022.0
RM0154,2023-10,56510.0,87978.0
RM0154,2023-11,61717.0,29146.0
RM0154,2023-12,90714.0,87856.0
RM0154,2024-01,,
RM0154,2024-02,283945.0,190589.0
RM0154,2024-03,167627.0,73011.0
RM0154,2024-04,143686.0,81392.0
RM0154,2024-05,85584.0,72767.0
RM0154,2024-07,264912.0,375109.0
RM0154,2024-08,130414.0,62338.0
RM0154,2024-10,99419.0,105188.0
RM0154,2024-11,355355.0,622717.0
RM0154,2024-12,202197.0,167020.0
RM0155,2023-02,227357.0,182873.0
RM0155,2023-03,197313.0,131341.0
RM0155,2023-04,96589.0,
RM0155,2023-05,61730.0,57421.0
RM0155,2023-06,194418.0,288359.0
RM0155,2023-07,299385.0,535499.0
RM0155,2023-08,63777.0,66309.0
RM0155,2023-09,160525.0,241879.0
RM0155,2023-10,96460.0,38975.0
RM0155,2023-11,106478.0,189093.0
RM0155,2023-12,394551.0,352282.0
RM0155,2024-01,363450.0,126891.0
RM0155,2024-02,106576.0,148163.0
RM0155,2024-03,87548.0,52317.0
RM0155,2024-04,346866.0,424540.0
RM0155,2024-05,726789.0,364851.0
RM0155,2024-06,116038.0,88980.0
RM0155,2024-07,368204.0,251462.0
RM0155,2024-08,115418.0,59353.0
RM0155,2024-09,274015.0,179905.0
RM0155,2024-10,60614.0,57744.0
RM0155,2024-11,124503.0,70520.0
RM0155,2024-12,71510.0,117622.0
RM0156,2023-02,60538.0,27179.0
RM0156,2023-03,92165.0,159377.0
RM0156,2023-04,63387.0,96603.0
RM0156,2023-05,383916.0,332779.0
RM0156,2023-06,102198.0,134499.0
RM0156,2023-07,231919.0,-5000.0
RM0156,2023-08,277103.0,428359.0
RM0156,2023-09,96877.0,128889.0
RM0156,2023-10,71737.0,76478.0
RM0156,2023-11,192355.0,104371.0
RM0156,2023-12,61938.0,36674.0
RM0156,2024-01,131861.0,215165.0
RM0156,2024-02,163865.0,-5000.0
RM0156,2024-03,257042.0,144256.0
RM0156,2024-04,66803.0,44051.0
RM0156,2024-05,106505.0,119514.0
RM0156,2024-06,369601.0,347106.0
RM0156,2024-07,159720.0,49021.0
RM0156,2024-08,55081.0,23445.0
RM0156,2024-09,230093.0,236831.0
RM0156,2024-10,82157.0,97676.0
RM0156,2024-11,-10000.0,0.0
RM0156,2024-12,63948.0,80614.0
RM0157,2023-01,268607.0,196037.0
RM0157,2023-02,224467.0,134585.0
RM0157,2023-03,262036.0,436987.0
RM0157,2023-04,137473.0,91685.0
RM0157,2023-05,126418.0,85346.0
RM0157,2023-06,50186.0,64021.0
RM0157,2023-07,56518.0,34791.0
RM0157,2023-10,242262.0,314598.0
RM0157,2023-11,61423.0,79240.0
RM0157,2023-12,450125.0,185340.0
RM0157,2024-02,130598.0,182073.0
RM0157,2024-03,215267.0,137720.0
RM0157,2024-04,76701.0,113239.0
RM0157,2024-06,519371.0,753802.0
RM0157,2024-07,545356.0,658513.0
RM0157,2024-08,446970.0,596997.0
RM0157,2024-10,409344.0,222021.0
RM0157,2024-11,303568.0,180658.0
RM0157,2024-12,54171.0,58308.0
RM0158,2023-01,107464.0,39256.0
RM0158,2023-03,639103.0,830641.0
RM0158,2023-04,398130.0,716086.0
RM0158,2023-06,124628.0,85009.0
RM0158,2023-08,80479.0,86336.0
RM0158,2023-09,189741.0,191379.0
RM0158,2023-10,123470.0,68205.0
RM0158,2023-12,137471.0,58818.0
RM0158,2024-01,350425.0,129781.0
RM0158,2024-02,121861.0,54862.0
RM0158,2024-03,273735.0,210531.0
RM0158,2024-04,68004.0,74616.0
RM0158,2024-05,422036.0,701832.0
RM0158,2024-06,93082.0,128405.0
RM0158,2024-07,54612.0,27184.0
RM0158,2024-08,153813.0,98922.0
RM0158,2024-09,290117.0,492214.0
RM0158,2024-10,50651.0,32891.0
RM0158,2024-11,136853.0,156644.0
RM0158,2024-12,421367.0,690125.0
RM0159,2023-01,202073.0,138638.0
RM0159,2023-02,279377.0,168737.0
RM0159,2023-03,553601.0,170929.0
RM0159,2023-04,176515.0,76359.0
RM0159,2023-05,128535.0,160977.0
RM0159,2023-06,225483.0,333343.0
RM0159,2023-07,184962.0,125215.0
RM0159,2023-08,380076.0,576446.0
RM0159,2023-09,76162.0,117271.0
RM0159,2023-10,589825.0,740719.0
RM0159,2023-11,99652.0,120568.0
RM0159,2023-12,112904.0,148346.0
RM0159,2024-01,168052.0,284719.0
RM0159,2024-02,194314.0,120663.0
RM0159,2024-03,243707.0,183101.0
RM0159,2024-04,97698.0,86723.0
RM0159,2024-05,51810.0,90859.0
RM0159,2024-06,163999.0,239478.0
RM0159,2024-07,94731.0,134511.0
RM0159,2024-08,175611.0,164409.0
RM0159,2024-09,579367.0,602985.0
RM0159,2024-10,210704.0,68060.0
RM0159,2024-11,103813.0,169530.0
RM0160,2023-01,263418.0,291111.0
RM0160,2023-02,395627.0,407231.0
RM0160,2023-03,,
RM0160,2023-04,175381.0,153147.0
RM0160,2023-05,195153.0,151927.0
RM0160,2023-06,123040.0,215257.0
RM0160,2023-07,67700.0,30998.0
RM0160,2023-08,56642.0,44184.0
RM0160,2023-09,126181.0,55743.0
RM0160,2023-10,169486.0,199137.0
RM0160,2023-11,258561.0,456089.0
RM0160,2023-12,194882.0,91102.0
RM0160,2024-01,63903.0,93702.0
RM0160,2024-02,207616.0,112708.0
RM0160,2024-03,93825.0,133734.0
RM0160,2024-04,175260.0,206368.0
RM0160,2024-05,85359.0,106151.0
RM0160,2024-06,270861.0,-5000.0
RM0160,2024-07,374752.0,526555.0
RM0160,2024-08,178836.0,234255.0
RM0160,2024-09,149570.0,95776.0
RM0160,2024-10,370823.0,407509.0
RM0160,2024-11,185327.0,330838.0
RM0160,2024-12,680112.0,802169.0
RM0161,2023-01,55182.0,49344.0
RM0161,2023-04,465392.0,340880.0
RM0161,2023-06,1133099.0,-5000.0
RM0161,2023-07,63212.0,72831.0
RM0161,2023-08,158680.0,108383.0
RM0161,2023-09,495238.0,608527.0
RM0161,2023-10,0.0,0.0
RM0161,2023-11,122687.0,169534.0
RM0161,2023-12,103008.0,166812.0
RM0161,2024-01,77169.0,53768.0
RM0161,2024-02,73480.0,33526.0
RM0161,2024-04,103568.0,186294.0
RM0161,2024-05,64861.0,40181.0
RM0161,2024-06,97539.0,119845.0
RM0161,2024-07,255177.0,364367.0
RM0161,2024-08,51301.0,65551.0
RM0161,2024-09,199436.0,214689.0
RM0161,2024-10,121514.0,
RM0161,2024-11,289510.0,236188.0
RM0161,2024-12,89207.0,68256.0
RM0162,2023-01,136878.0,85013.0
RM0162,2023-02,190310.0,309503.0
RM0162,2023-03,185750.0,180177.0
RM0162,2023-04,289085.0,411095.0
RM0162,2023-05,118606.0,143066.0
RM0162,2023-06,246312.0,164584.0
RM0162,2023-07,118420.0,54315.0
RM0162,2023-09,709483.0,304237.0
RM0162,2023-10,77697.0,79231.0
RM0162,2023-11,350674.0,292400.0
RM0162,2023-12,269538.0,
RM0162,2024-01,219067.0,275585.0
RM0162,2024-02,329666.0,105906.0
RM0162,2024-03,447084.0,690225.0
RM0162,2024-04,466772.0,695668.0
RM0162,2024-05,366289.0,221464.0
RM0162,2024-06,107679.0,83217.0
RM0162,2024-07,67339.0,93895.0
RM0162,2024-08,71957.0,27254.0
RM0162,2024-09,274046.0,454092.0
RM0162,2024-10,266666.0,
RM0162,2024-11,311747.0,372049.0
RM0162,2024-12,378049.0,395082.0
RM0163,2023-01,717515.0,326557.0
RM0163,2023-02,298464.0,376686.0
RM0163,2023-03,180356.0,250463.0
RM0163,2023-04,325160.0,518411.0
RM0163,2023-05,78925.0,47004.0
RM0163,2023-06,52444.0,26104.0
RM0163,2023-07,95954.0,132565.0
RM0163,2023-08,146873.0,211035.0
RM0163,2023-09,149986.0,169993.0
RM0163,2023-10,67659.0,
RM0163,2023-11,274790.0,394925.0
RM0163,2023-12,105130.0,83354.0
RM0163,2024-01,87207.0,132620.0
RM0163,2024-02,256158.0,310904.0
RM0163,2024-03,90933.0,
RM0163,2024-04,78284.0,29388.0
RM0163,2024-05,-10000.0,0.0
RM0163,2024-06,81078.0,36549.0
RM0163,2024-07,171825.0,143840.0
RM0163,2024-08,138303.0,164732.0
RM0163,2024-09,211425.0,268996.0
RM0163,2024-10,95339.0,144385.0
RM0163,2024-11,424625.0,328620.0
RM0163,2024-12,52581.0,86691.0
RM0164,2023-01,435665.0,-5000.0
RM0164,2023-02,57843.0,17782.0
RM0164,2023-03,304253.0,
RM0164,2023-04,103815.0,173565.0
RM0164,2023-05,86644.0,137914.0
RM0164,2023-06,60667.0,41918.0
RM0164,2023-07,592505.0,383229.0
RM0164,2023-09,71409.0,113224.0
RM0164,2023-10,68800.0,30697.0
RM0164,2023-11,108606.0,
RM0164,2024-01,201313.0,275017.0
RM0164,2024-02,369596.0,410756.0
RM0164,2024-03,124987.0,104770.0
RM0164,2024-04,331502.0,459369.0
RM0164,2024-05,403760.0,704986.0
RM0164,2024-06,103512.0,113295.0
RM0164,2024-07,,
RM0164,2024-08,199877.0,109087.0
RM0164,2024-09,58223.0,93252.0
RM0164,2024-10,165026.0,190796.0
RM0164,2024-11,171423.0,245553.0
RM0164,2024-12,73586.0,89853.0
RM0165,2023-02,145084.0,238726.0
RM0165,2023-03,159976.0,274263.0
RM0165,2023-04,115370.0,201936.0
RM0165,2023-05,362105.0,425978.0
RM0165,2023-06,115476.0,99757.0
RM0165,2023-07,272257.0,318798.0
RM0165,2023-08,127021.0,159294.0
RM0165,2023-09,248207.0,82988.0
RM0165,2023-10,64123.0,28324.0
RM0165,2023-11,89581.0,84249.0
RM0165,2023-12,294178.0,243181.0
RM0165,2024-01,52644.0,53962.0
RM0165,2024-02,903863.0,744359.0
RM0165,2024-03,537611.0,243009.0
RM0165,2024-04,78510.0,108829.0
RM0165,2024-05,154336.0,223429.0
RM0165,2024-06,348778.0,235992.0
RM0165,2024-07,222247.0,269230.0
RM0165,2024-08,346570.0,
RM0165,2024-09,134345.0,50756.0
RM0165,2024-10,178062.0,309528.0
RM0165,2024-11,52210.0,34478.0
RM0165,2024-12,106984.0,154993.0
RM0166,2023-01,108573.0,71508.0
RM0166,2023-02,206856.0,76455.0
RM0166,2023-03,78057.0,71191.0
RM0166,2023-04,115915.0,95137.0
RM0166,2023-06,67236.0,56562.0
RM0166,2023-07,289917.0,266945.0
RM0166,2023-08,182345.0,99445.0
RM0166,2023-09,60839.0,98555.0
RM0166,2023-10,110379.0,91118.0
RM0166,2023-11,365176.0,497244.0
RM0166,2023-12,261749.0,346295.0
RM0166,2024-01,66772.0,115982.0
RM0166,2024-02,409759.0,268117.0
RM0166,2024-03,294441.0,
RM0166,2024-04,128991.0,170996.0
RM0166,2024-05,77156.0,85475.0
RM0166,2024-06,70307.0,77636.0
RM0166,2024-07,91876.0,89919.0
RM0166,2024-08,215379.0,347968.0
RM0166,2024-09,77100.0,126436.0
RM0166,2024-10,124153.0,194385.0
RM0166,2024-11,157784.0,251399.0
RM0166,2024-12,213072.0,226511.0
RM0167,2023-01,0.0,0.0
RM0167,2023-04,570625.0,856705.0
RM0167,2023-06,121992.0,67106.0
RM0167,2023-07,276802.0,494068.0
RM0167,2023-08,99062.0,165809.0
RM0167,2023-09,70093.0,121142.0
RM0167,2023-10,255173.0,209214.0
RM0167,2023-11,104497.0,132204.0
RM0167,2023-12,185028.0,310551.0
RM0167,2024-01,268021.0,297650.0
RM0167,2024-02,443761.0,527674.0
RM0167,2024-03,334253.0,521907.0
RM0167,2024-04,427357.0,171542.0
RM0167,2024-05,181495.0,181964.0
RM0167,2024-06,151161.0,149629.0
RM0167,2024-07,322530.0,250815.0
RM0167,2024-08,143194.0,86063.0
RM0167,2024-09,93496.0,120668.0
RM0167,2024-10,68653.0,39937.0
RM0167,2024-11,162627.0,59466.0
RM0167,2024-12,70360.0,112226.0
RM0168,2023-01,330763.0,271776.0
RM0168,2023-02,114154.0,194606.0
RM0168,2023-03,53927.0,63118.0
RM0168,2023-04,186468.0,276313.0
RM0168,2023-05,504705.0,420793.0
RM0168,2023-06,136393.0,178258.0
RM0168,2023-07,,
RM0168,2023-08,562926.0,921053.0
RM0168,2023-09,214965.0,340737.0
RM0168,2023-10,63358.0,54848.0
RM0168,2023-11,51976.0,29429.0
RM0168,2023-12,199337.0,324588.0
RM0168,2024-01,200269.0,259590.0
RM0168,2024-03,66442.0,86194.0
RM0168,2024-04,140865.0,179907.0
RM0168,2024-05,109217.0,128027.0
RM0168,2024-06,132765.0,151080.0
RM0168,2024-07,73865.0,66015.0
RM0168,2024-08,120327.0,169010.0
RM0168,2024-09,233835.0,388934.0
RM0168,2024-10,199973.0,154343.0
RM0168,2024-11,279334.0,292042.0
RM0168,2024-12,82256.0,116895.0
RM0169,2023-02,71326.0,40458.0
RM0169,2023-03,263291.0,383145.0
RM0169,2023-05,284656.0,210641.0
RM0169,2023-06,352146.0,487370.0
RM0169,2023-07,319335.0,435224.0
RM0169,2023-08,179981.0,83527.0
RM0169,2023-09,236166.0,315444.0
RM0169,2023-10,106202.0,149078.0
RM0169,2023-11,169927.0,193565.0
RM0169,2023-12,118736.0,56420.0
RM0169,2024-01,86679.0,125966.0
RM0169,2024-02,97503.0,29580.0
RM0169,2024-03,922245.0,568124.0
RM0169,2024-04,209798.0,354638.0
RM0169,2024-05,187335.0,280730.0
RM0169,2024-06,611796.0,973089.0
RM0169,2024-07,172434.0,145802.0
RM0169,2024-08,148801.0,232537.0
RM0169,2024-09,337960.0,530185.0
RM0169,2024-10,186406.0,189282.0
RM0169,2024-11,105950.0,32319.0
RM0170,2023-01,266897.0,190964.0
RM0170,2023-02,109999.0,172172.0
RM0170,2023-03,58049.0,98185.0
RM0170,2023-04,50204.0,85786.0
RM0170,2023-05,140978.0,63888.0
RM0170,2023-06,218202.0,358677.0
RM0170,2023-07,136457.0,182448.0
RM0170,2023-08,632098.0,417849.0
RM0170,2023-09,307594.0,228497.0
RM0170,2023-10,133357.0,96370.0
RM0170,2023-11,138591.0,42635.0
RM0170,2023-12,104239.0,-5000.0
RM0170,2024-02,138397.0,172769.0
RM0170,2024-03,202152.0,237665.0
RM0170,2024-04,102015.0,175578.0
RM0170,2024-05,124629.0,77935.0
RM0170,2024-06,171288.0,243810.0
RM0170,2024-07,51846.0,37044.0
RM0170,2024-09,311426.0,330277.0
RM0170,2024-10,128761.0,218423.0
RM0170,2024-11,64069.0,78379.0
RM0170,2024-12,112825.0,45833.0
RM0171,2023-01,86071.0,106891.0
RM0171,2023-02,54302.0,64531.0
RM0171,2023-03,521462.0,778357.0
RM0171,2023-04,113604.0,57632.0
RM0171,2023-05,143841.0,
RM0171,2023-06,124871.0,219473.0
RM0171,2023-07,738809.0,676658.0
RM0171,2023-08,74163.0,123549.0
RM0171,2023-09,286648.0,305827.0
RM0171,2023-10,118203.0,114922.0
RM0171,2023-11,398236.0,229768.0
RM0171,2023-12,296591.0,97070.0
RM0171,2024-01,429935.0,451623.0
RM0171,2024-02,88572.0,26951.0
RM0171,2024-04,172992.0,115339.0
RM0171,2024-05,199651.0,144098.0
RM0171,2024-06,63821.0,67495.0
RM0171,2024-07,174684.0,170995.0
RM0171,2024-08,141883.0,168056.0
RM0171,2024-09,162094.0,80860.0
RM0171,2024-12,82926.0,42515.0
RM0172,2023-01,227280.0,248393.0
RM0172,2023-02,134279.0,201083.0
RM0172,2023-03,109133.0,125738.0
RM0172,2023-04,61598.0,87260.0
RM0172,2023-06,228211.0,343131.0
RM0172,2023-07,373741.0,537081.0
RM0172,2023-08,329156.0,269408.0
RM0172,2023-09,113087.0,194108.0
RM0172,2023-11,419016.0,470448.0
RM0172,2023-12,118488.0,189462.0
RM0172,2024-02,108603.0,57608.0
RM0172,2024-03,203036.0,73891.0
RM0172,2024-04,121488.0,183628.0
RM0172,2024-05,102479.0,173904.0
RM0172,2024-06,517938.0,789194.0
RM0172,2024-07,709033.0,777203.0
RM0172,2024-08,176316.0,274039.0
RM0172,2024-09,151829.0,138176.0
RM0172,2024-10,193080.0,248395.0
RM0172,2024-11,258482.0,336621.0
RM0173,2023-01,255398.0,335041.0
RM0173,2023-02,148217.0,74464.0
RM0173,2023-03,280877.0,97230.0
RM0173,2023-04,783929.0,1209357.0
RM0173,2023-05,216713.0,379228.0
RM0173,2023-06,192194.0,73927.0
RM0173,2023-08,172936.0,123788.0
RM0173,2023-10,119180.0,117914.0
RM0173,2023-11,273482.0,288357.0
RM0173,2023-12,146562.0,110355.0
RM0173,2024-01,166437.0,111943.0
RM0173,2024-02,95367.0,136936.0
RM0173,2024-03,112907.0,42577.0
RM0173,2024-04,113165.0,142345.0
RM0173,2024-05,302289.0,526861.0
RM0173,2024-07,255693.0,241189.0
RM0173,2024-08,103312.0,51082.0
RM0173,2024-09,198202.0,211050.0
RM0173,2024-11,219841.0,144149.0
RM0173,2024-12,108655.0,80202.0
RM0174,2023-01,289664.0,161297.0
RM0174,2023-02,190654.0,71882.0
RM0174,2023-03,169618.0,67146.0
RM0174,2023-04,79015.0,37100.0
RM0174,2023-05,113863.0,92866.0
RM0174,2023-07,312666.0,199646.0
RM0174,2023-08,63552.0,76597.0
RM0174,2023-09,224448.0,166593.0
RM0174,2023-11,188502.0,275982.0
RM0174,2023-12,114053.0,124093.0
RM0174,2024-01,73784.0,24752.0
RM0174,2024-02,647431.0,485311.0
RM0174,2024-03,99047.0,174309.0
RM0174,2024-04,245421.0,289092.0
RM0174,2024-05,230257.0,314275.0
RM0174,2024-06,266167.0,106675.0
RM0174,2024-07,129866.0,96450.0
RM0174,2024-08,60977.0,56031.0
RM0174,2024-09,193634.0,109935.0
RM0174,2024-10,104582.0,131643.0
RM0174,2024-12,179884.0,288386.0
RM0175,2023-02,284979.0,498262.0
RM0175,2023-03,186394.0,251203.0
RM0175,2023-04,345460.0,538913.0
RM0175,2023-05,240261.0,252366.0
RM0175,2023-06,97867.0,158135.0
RM0175,2023-08,274855.0,427910.0
RM0175,2023-09,72761.0,56187.0
RM0175,2023-10,132977.0,207115.0
RM0175,2023-12,385080.0,280083.0
RM0175,2024-02,223959.0,93328.0
RM0175,2024-03,129036.0,132907.0
RM0175,2024-04,267629.0,438365.0
RM0175,2024-05,111711.0,121944.0
RM0175,2024-06,206383.0,163668.0
RM0175,2024-07,685436.0,1106061.0
RM0175,2024-08,102732.0,109093.0
RM0175,2024-09,89368.0,95780.0
RM0175,2024-12,222485.0,95286.0
RM0176,2023-01,356168.0,424060.0
RM0176,2023-02,734934.0,248692.0
RM0176,2023-03,317121.0,471858.0
RM0176,2023-04,71381.0,57315.0
RM0176,2023-05,374157.0,403222.0
RM0176,2023-07,126944.0,210504.0
RM0176,2023-08,64698.0,65324.0
RM0176,2023-09,208494.0,252864.0
RM0176,2023-10,96035.0,109957.0
RM0176,2023-11,234939.0,276600.0
RM0176,2023-12,223021.0,152572.0
RM0176,2024-01,-10000.0,0.0
RM0176,2024-02,139590.0,248586.0
RM0176,2024-03,53534.0,46599.0
RM0176,2024-04,79854.0,90507.0
RM0176,2024-05,91799.0,
RM0176,2024-07,250613.0,406694.0
RM0176,2024-08,0.0,0.0
RM0176,2024-09,76274.0,123032.0
RM0176,2024-10,117241.0,111598.0
RM0176,2024-11,87455.0,82030.0
RM0176,2024-12,89458.0,116196.0
RM0177,2023-01,153635.0,227700.0
RM0177,2023-02,106253.0,112457.0
RM0177,2023-03,95069.0,161779.0
RM0177,2023-04,160701.0,90023.0
RM0177,2023-05,97775.0,41491.0
RM0177,2023-06,54231.0,59051.0
RM0177,2023-07,111674.0,194944.0
RM0177,2023-09,78190.0,116571.0
RM0177,2023-10,106963.0,67954.0
RM0177,2023-11,574178.0,863486.0
RM0177,2023-12,199389.0,268314.0
RM0177,2024-01,763076.0,907916.0
RM0177,2024-02,66121.0,26269.0
RM0177,2024-03,214764.0,276272.0
RM0177,2024-04,256852.0,118965.0
RM0177,2024-05,484797.0,546239.0
RM0177,2024-06,207282.0,73021.0
RM0177,2024-08,536529.0,613728.0
RM0177,2024-09,174298.0,298979.0
RM0177,2024-10,447502.0,282126.0
RM0177,2024-12,451262.0,633992.0
RM0178,2023-02,52862.0,34876.0
RM0178,2023-04,129904.0,152537.0
RM0178,2023-05,231262.0,142299.0
RM0178,2023-06,321825.0,504806.0
RM0178,2023-07,201178.0,338309.0
RM0178,2023-08,301482.0,190667.0
RM0178,2023-09,290426.0,502379.0
RM0178,2023-10,72206.0,127663.0
RM0178,2023-12,53796.0,58274.0
RM0178,2024-01,273012.0,405602.0
RM0178,2024-02,249018.0,272432.0
RM0178,2024-03,207887.0,280626.0
RM0178,2024-04,152342.0,
RM0178,2024-05,,
RM0178,2024-06,185834.0,291676.0
RM0178,2024-07,106286.0,115300.0
RM0178,2024-08,,
RM0178,2024-09,51277.0,68257.0
RM0178,2024-10,82608.0,84384.0
RM0178,2024-12,85397.0,28633.0
RM0179,2023-01,149020.0,139669.0
RM0179,2023-02,133046.0,81585.0
RM0179,2023-03,491199.0,-5000.0
RM0179,2023-04,50526.0,82727.0
RM0179,2023-05,250284.0,139685.0
RM0179,2023-06,145853.0,-5000.0
RM0179,2023-07,724448.0,916823.0
RM0179,2023-08,70437.0,69483.0
RM0179,2023-09,144724.0,217577.0
RM0179,2023-10,421832.0,178587.0
RM0179,2023-11,106539.0,79654.0
RM0179,2023-12,880034.0,1002218.0
RM0179,2024-02,367829.0,345409.0
RM0179,2024-03,242410.0,176929.0
RM0179,2024-04,414198.0,407040.0
RM0179,2024-05,-10000.0,0.0
RM0179,2024-06,94320.0,126427.0
RM0179,2024-07,127919.0,44408.0
RM0179,2024-08,129911.0,146154.0
RM0179,2024-09,74689.0,43011.0
RM0179,2024-10,143784.0,117053.0
RM0179,2024-11,137171.0,135969.0
RM0179,2024-12,72636.0,41532.0
RM0180,2023-01,332744.0,181038.0
RM0180,2023-02,214453.0,198967.0
RM0180,2023-03,567416.0,226487.0
RM0180,2023-04,,
RM0180,2023-05,316137.0,327889.0
RM0180,2023-06,50805.0,-5000.0
RM0180,2023-07,95909.0,87425.0
RM0180,2023-08,106574.0,89913.0
RM0180,2023-09,422745.0,355698.0
RM0180,2023-10,131406.0,189447.0
RM0180,2023-11,286860.0,122240.0
RM0180,2024-01,232644.0,238194.0
RM0180,2024-02,71555.0,49878.0
RM0180,2024-03,56912.0,47826.0
RM0180,2024-04,94237.0,82283.0
RM0180,2024-05,180246.0,252075.0
RM0180,2024-06,189464.0,249631.0
RM0180,2024-07,351083.0,565502.0
RM0180,2024-08,345689.0,183129.0
RM0180,2024-09,93366.0,98359.0
RM0180,2024-10,116647.0,58032.0
RM0180,2024-11,100898.0,177897.0
RM0180,2024-12,113909.0,105749.0
RM0181,2023-01,50963.0,70284.0
RM0181,2023-02,130050.0,59135.0
RM0181,2023-03,568935.0,834143.0
RM0181,2023-04,244276.0,424260.0
RM0181,2023-05,128505.0,-5000.0
RM0181,2023-06,240161.0,146332.0
RM0181,2023-07,229163.0,73588.0
RM0181,2023-08,70253.0,65889.0
RM0181,2023-09,51824.0,
RM0181,2023-10,142974.0,155010.0
RM0181,2023-11,195773.0,88211.0
RM0181,2024-01,79952.0,97535.0
RM0181,2024-02,211024.0,71505.0
RM0181,2024-03,166599.0,246145.0
RM0181,2024-04,60740.0,55866.0
RM0181,2024-05,109292.0,182572.0
RM0181,2024-06,80832.0,62850.0
RM0181,2024-07,393072.0,312877.0
RM0181,2024-08,163684.0,57216.0
RM0181,2024-09,678983.0,1043882.0
RM0181,2024-10,200932.0,78591.0
RM0181,2024-11,61673.0,68917.0
RM0182,2023-01,100334.0,123830.0
RM0182,2023-02,186767.0,290978.0
RM0182,2023-03,0.0,0.0
RM0182,2023-04,179363.0,262954.0
RM0182,2023-05,151229.0,233794.0
RM0182,2023-06,71109.0,99612.0
RM0182,2023-07,479658.0,382683.0
RM0182,2023-08,118435.0,50373.0
RM0182,2023-09,203870.0,230103.0
RM0182,2023-10,56177.0,80238.0
RM0182,2023-11,-10000.0,0.0
RM0182,2023-12,406466.0,454673.0
RM0182,2024-01,140380.0,226602.0
RM0182,2024-02,126298.0,162061.0
RM0182,2024-03,193317.0,165912.0
RM0182,2024-04,63634.0,21134.0
RM0182,2024-06,133854.0,136772.0
RM0182,2024-08,309468.0,285211.0
RM0182,2024-09,99517.0,98834.0
RM0182,2024-10,90769.0,39669.0
RM0182,2024-11,67993.0,52948.0
RM0182,2024-12,51913.0,32721.0
RM0183,2023-01,282338.0,184063.0
RM0183,2023-02,67603.0,116521.0
RM0183,2023-03,196115.0,76492.0
RM0183,2023-04,59639.0,72651.0
RM0183,2023-05,166521.0,67035.0
RM0183,2023-06,88101.0,149204.0
RM0183,2023-07,177298.0,170292.0
RM0183,2023-08,93183.0,46642.0
RM0183,2023-09,127283.0,214287.0
RM0183,2023-10,57490.0,102704.0
RM0183,2023-11,84943.0,77565.0
RM0183,2023-12,56914.0,66997.0
RM0183,2024-02,149118.0,193862.0
RM0183,2024-03,167355.0,150162.0
RM0183,2024-04,250772.0,84643.0
RM0183,2024-05,166815.0,78538.0
RM0183,2024-07,135907.0,202051.0
RM0183,2024-08,73053.0,124461.0
RM0183,2024-09,379065.0,349633.0
RM0183,2024-10,50898.0,75564.0
RM0183,2024-11,369163.0,207509.0
RM0183,2024-12,421884.0,705029.0
RM0184,2023-01,145597.0,217966.0
RM0184,2023-02,138304.0,158505.0
RM0184,2023-03,107813.0,58133.0
RM0184,2023-04,255880.0,77298.0
RM0184,2023-05,179965.0,287409.0
RM0184,2023-06,87515.0,69955.0
RM0184,2023-08,182822.0,122546.0
RM0184,2023-09,332075.0,282232.0
RM0184,2023-10,180702.0,115501.0
RM0184,2023-11,,
RM0184,2023-12,56340.0,31581.0
RM0184,2024-01,57095.0,57260.0
RM0184,2024-02,182514.0,66984.0
RM0184,2024-03,64226.0,66042.0
RM0184,2024-04,290801.0,361178.0
RM0184,2024-05,66591.0,108630.0
RM0184,2024-06,424153.0,333993.0
RM0184,2024-07,193573.0,201023.0
RM0184,2024-08,477158.0,507277.0
RM0184,2024-09,-10000.0,0.0
RM0184,2024-10,83348.0,68204.0
RM0184,2024-11,278039.0,410223.0
RM0184,2024-12,247617.0,393566.0
RM0185,2023-02,231874.0,290799.0
RM0185,2023-04,142129.0,142218.0
RM0185,2023-05,128172.0,157692.0
RM0185,2023-06,,
RM0185,2023-07,128299.0,66874.0
RM0185,2023-08,66896.0,112834.0
RM0185,2023-09,53757.0,24631.0
RM0185,2023-10,138400.0,96103.0
RM0185,2023-11,,
RM0185,2023-12,128093.0,60994.0
RM0185,2024-01,71045.0,106637.0
RM0185,2024-02,263511.0,120260.0
RM0185,2024-03,215298.0,261364.0
RM0185,2024-04,237430.0,240201.0
RM0185,2024-05,97203.0,125928.0
RM0185,2024-07,119628.0,75177.0
RM0185,2024-08,128796.0,186097.0
RM0185,2024-09,146880.0,110130.0
RM0185,2024-10,317451.0,515053.0
RM0185,2024-11,135175.0,116525.0
RM0185,2024-12,,
RM0186,2023-01,192282.0,74405.0
RM0186,2023-02,226319.0,333465.0
RM0186,2023-03,125985.0,70793.0
RM0186,2023-04,0.0,0.0
RM0186,2023-05,202104.0,142178.0
RM0186,2023-06,143512.0,
RM0186,2023-07,123250.0,69306.0
RM0186,2023-08,156503.0,
RM0186,2023-09,142315.0,175932.0
RM0186,2023-11,93529.0,58171.0
RM0186,2023-12,302579.0,409476.0
RM0186,2024-01,271897.0,131852.0
RM0186,2024-03,88048.0,102425.0
RM0186,2024-04,341947.0,560167.0
RM0186,2024-06,317488.0,115913.0
RM0186,2024-07,307954.0,507704.0
RM0186,2024-08,58763.0,54321.0
RM0186,2024-09,165378.0,107351.0
RM0186,2024-10,159063.0,259103.0
RM0186,2024-11,352546.0,602767.0
RM0186,2024-12,149279.0,136717.0
RM0187,2023-01,214396.0,
RM0187,2023-02,130873.0,47496.0
RM0187,2023-03,240902.0,173804.0
RM0187,2023-04,57549.0,19044.0
RM0187,2023-05,451834.0,
RM0187,2023-06,93568.0,90933.0
RM0187,2023-07,501099.0,501738.0
RM0187,2023-08,62280.0,70245.0
RM0187,2023-09,63849.0,
RM0187,2023-10,64987.0,102498.0
RM0187,2023-12,101251.0,133449.0
RM0187,2024-01,156673.0,99250.0
RM0187,2024-02,159415.0,64322.0
RM0187,2024-03,113975.0,123577.0
RM0187,2024-04,88892.0,114695.0
RM0187,2024-05,57980.0,59557.0
RM0187,2024-07,238287.0,225161.0
RM0187,2024-08,361420.0,451156.0
RM0187,2024-10,527283.0,382903.0
RM0187,2024-11,469015.0,567617.0
RM0187,2024-12,255079.0,421707.0
RM0188,2023-01,170175.0,271134.0
RM0188,2023-03,167033.0,200238.0
RM0188,2023-04,138344.0,71725.0
RM0188,2023-05,170948.0,
RM0188,2023-06,618791.0,916292.0
RM0188,2023-07,256450.0,324399.0
RM0188,2023-08,114135.0,63279.0
RM0188,2023-09,88147.0,27280.0
RM0188,2023-10,217889.0,330715.0
RM0188,2024-01,96983.0,42456.0
RM0188,2024-02,111359.0,82191.0
RM0188,2024-04,139914.0,97401.0
RM0188,2024-05,112266.0,186511.0
RM0188,2024-06,111158.0,164322.0
RM0188,2024-07,197458.0,159211.0
RM0188,2024-08,305387.0,364208.0
RM0188,2024-09,51298.0,20677.0
RM0188,2024-10,259536.0,251695.0
RM0188,2024-11,128007.0,66402.0
RM0188,2024-12,75674.0,113255.0
RM0189,2023-01,314928.0,359019.0
RM0189,2023-02,102460.0,174084.0
RM0189,2023-03,196709.0,294072.0
RM0189,2023-04,50493.0,49254.0
RM0189,2023-05,357132.0,288330.0
RM0189,2023-06,244496.0,314547.0
RM0189,2023-08,74769.0,109338.0
RM0189,2023-09,67906.0,94516.0
RM0189,2023-10,756052.0,1313241.0
RM0189,2023-11,291597.0,321274.0
RM0189,2023-12,218508.0,304198.0
RM0189,2024-01,51265.0,23251.0
RM0189,2024-02,186344.0,57729.0
RM0189,2024-03,409378.0,423499.0
RM0189,2024-04,94713.0,84363.0
RM0189,2024-06,335346.0,566999.0
RM0189,2024-07,68534.0,100535.0
RM0189,2024-08,179493.0,211488.0
RM0189,2024-09,276746.0,175530.0
RM0189,2024-10,163587.0,127439.0
RM0189,2024-11,64892.0,29695.0
RM0189,2024-12,-10000.0,0.0
RM0190,2023-01,193137.0,88600.0
RM0190,2023-03,176631.0,208856.0
RM0190,2023-04,401349.0,497498.0
RM0190,2023-05,685952.0,237674.0
RM0190,2023-06,232683.0,79047.0
RM0190,2023-07,246054.0,216226.0
RM0190,2023-08,191745.0,146552.0
RM0190,2023-10,75993.0,105270.0
RM0190,2023-11,402483.0,231578.0
RM0190,2023-12,430183.0,219510.0
RM0190,2024-01,249578.0,434058.0
RM0190,2024-02,73914.0,70413.0
RM0190,2024-03,111750.0,98643.0
RM0190,2024-04,259839.0,335655.0
RM0190,2024-05,569558.0,329329.0
RM0190,2024-06,167546.0,163137.0
RM0190,2024-07,426729.0,134816.0
RM0190,2024-08,728820.0,743105.0
RM0190,2024-09,197340.0,165781.0
RM0190,2024-10,337116.0,385317.0
RM0190,2024-11,213066.0,271309.0
RM0191,2023-01,117879.0,48800.0
RM0191,2023-02,297309.0,218395.0
RM0191,2023-03,333502.0,404526.0
RM0191,2023-04,115474.0,137572.0
RM0191,2023-05,205553.0,279557.0
RM0191,2023-06,309180.0,166843.0
RM0191,2023-07,482747.0,442322.0
RM0191,2023-08,345400.0,217850.0
RM0191,2023-09,54418.0,63125.0
RM0191,2023-10,108882.0,193449.0
RM0191,2023-11,66548.0,24686.0
RM0191,2023-12,56909.0,35585.0
RM0191,2024-01,179836.0,190328.0
RM0191,2024-03,114634.0,49658.0
RM0191,2024-04,89934.0,51821.0
RM0191,2024-05,255366.0,375367.0
RM0191,2024-06,275096.0,482397.0
RM0191,2024-07,373432.0,390873.0
RM0191,2024-08,130405.0,218252.0
RM0191,2024-09,191713.0,142173.0
RM0191,2024-10,174676.0,-5000.0
RM0191,2024-12,777075.0,1223275.0
RM0192,2023-01,99542.0,172151.0
RM0192,2023-03,648190.0,419217.0
RM0192,2023-04,388917.0,631913.0
RM0192,2023-05,56084.0,73163.0
RM0192,2023-07,104637.0,137275.0
RM0192,2023-08,417243.0,437341.0
RM0192,2023-09,130271.0,219154.0
RM0192,2023-10,598113.0,235270.0
RM0192,2023-11,434296.0,184207.0
RM0192,2023-12,111711.0,161295.0
RM0192,2024-01,275112.0,382057.0
RM0192,2024-02,55984.0,27961.0
RM0192,2024-03,462839.0,-5000.0
RM0192,2024-04,62745.0,26216.0
RM0192,2024-05,320859.0,404891.0
RM0192,2024-06,115000.0,63085.0
RM0192,2024-07,373345.0,665601.0
RM0192,2024-08,57689.0,65256.0
RM0192,2024-09,95430.0,147781.0
RM0192,2024-10,113713.0,156007.0
RM0192,2024-11,166323.0,184998.0
RM0192,2024-12,342788.0,344709.0
RM0193,2023-01,330230.0,279090.0
RM0193,2023-02,78816.0,77493.0
RM0193,2023-04,153479.0,156176.0
RM0193,2023-05,297797.0,341578.0
RM0193,2023-06,378984.0,405997.0
RM0193,2023-07,88178.0,43581.0
RM0193,2023-08,354155.0,136087.0
RM0193,2023-09,68768.0,27196.0
RM0193,2023-10,,
RM0193,2023-11,132677.0,145801.0
RM0193,2023-12,53011.0,56900.0
RM0193,2024-01,125071.0,182662.0
RM0193,2024-02,315755.0,419149.0
RM0193,2024-03,146224.0,91276.0
RM0193,2024-04,331710.0,269515.0
RM0193,2024-05,116076.0,194313.0
RM0193,2024-06,606958.0,999779.0
RM0193,2024-07,1000917.0,1604833.0
RM0193,2024-08,232790.0,-5000.0
RM0193,2024-09,102182.0,176717.0
RM0193,2024-10,363881.0,240569.0
RM0193,2024-11,150755.0,61068.0
RM0193,2024-12,509630.0,590738.0
RM0194,2023-01,92195.0,68095.0
RM0194,2023-02,641808.0,785201.0
RM0194,2023-03,131885.0,138448.0
RM0194,2023-04,65562.0,27046.0
RM0194,2023-05,184733.0,197295.0
RM0194,2023-06,116744.0,134158.0
RM0194,2023-07,61317.0,105219.0
RM0194,2023-08,102159.0,41646.0
RM0194,2023-09,77859.0,34507.0
RM0194,2023-10,79512.0,73559.0
RM0194,2023-11,250940.0,177796.0
RM0194,2023-12,135885.0,230071.0
RM0194,2024-01,102608.0,153099.0
RM0194,2024-02,75763.0,42994.0
RM0194,2024-03,141363.0,92048.0
RM0194,2024-04,400000.0,150451.0
RM0194,2024-05,186424.0,224891.0
RM0194,2024-06,60245.0,84273.0
RM0194,2024-07,144920.0,200657.0
RM0194,2024-08,313104.0,245582.0
RM0194,2024-09,149388.0,103248.0
RM0194,2024-10,,
RM0194,2024-11,83755.0,25201.0
RM0194,2024-12,547107.0,525984.0
RM0195,2023-01,51973.0,16288.0
RM0195,2023-02,101025.0,32419.0
RM0195,2023-03,120384.0,47480.0
RM0195,2023-04,56006.0,73035.0
RM0195,2023-05,406017.0,371131.0
RM0195,2023-06,321889.0,110697.0
RM0195,2023-07,275552.0,108622.0
RM0195,2023-08,323431.0,525106.0
RM0195,2023-09,281248.0,430625.0
RM0195,2023-10,173654.0,121093.0
RM0195,2023-11,204600.0,196275.0
RM0195,2023-12,50802.0,51576.0
RM0195,2024-01,207983.0,66726.0
RM0195,2024-02,195675.0,250228.0
RM0195,2024-03,75815.0,71767.0
RM0195,2024-05,550027.0,894500.0
RM0195,2024-06,129353.0,106686.0
RM0195,2024-08,69872.0,24649.0
RM0195,2024-09,102958.0,176101.0
RM0195,2024-10,527719.0,801488.0
RM0195,2024-11,114807.0,59176.0
RM0195,2024-12,185777.0,235891.0
RM0196,2023-01,132896.0,177744.0
RM0196,2023-02,255966.0,377445.0
RM0196,2023-03,154663.0,230055.0
RM0196,2023-04,53870.0,71141.0
RM0196,2023-05,-10000.0,0.0
RM0196,2023-06,97313.0,42521.0
RM0196,2023-07,82051.0,146708.0
RM0196,2023-08,130521.0,220795.0
RM0196,2023-09,76671.0,46469.0
RM0196,2023-10,172403.0,142111.0
RM0196,2023-11,204887.0,191173.0
RM0196,2023-12,300375.0,284556.0
RM0196,2024-01,177417.0,138670.0
RM0196,2024-02,232630.0,298255.0
RM0196,2024-03,125875.0,-5000.0
RM0196,2024-04,98451.0,120224.0
RM0196,2024-05,480105.0,239555.0
RM0196,2024-06,290754.0,324041.0
RM0196,2024-07,161842.0,282013.0
RM0196,2024-08,189662.0,293175.0
RM0196,2024-09,158379.0,106870.0
RM0196,2024-10,227866.0,383900.0
RM0196,2024-11,326044.0,194826.0
RM0196,2024-12,107164.0,115235.0
RM0197,2023-01,177155.0,104649.0
RM0197,2023-02,,
RM0197,2023-03,89207.0,128301.0
RM0197,2023-04,246576.0,384365.0
RM0197,2023-05,455302.0,347118.0
RM0197,2023-06,344483.0,447489.0
RM0197,2023-07,524695.0,371542.0
RM0197,2023-08,,
RM0197,2023-09,97139.0,131763.0
RM0197,2023-10,445521.0,
RM0197,2023-11,311065.0,432554.0
RM0197,2023-12,123484.0,169994.0
RM0197,2024-01,292239.0,417880.0
RM0197,2024-02,219427.0,81340.0
RM0197,2024-03,211695.0,215387.0
RM0197,2024-04,538834.0,652412.0
RM0197,2024-05,190561.0,341310.0
RM0197,2024-06,64739.0,46254.0
RM0197,2024-07,210101.0,162377.0
RM0197,2024-08,113731.0,186401.0
RM0197,2024-09,179894.0,81725.0
RM0197,2024-10,105847.0,43829.0
RM0197,2024-12,171833.0,96209.0
RM0198,2023-01,341857.0,398595.0
RM0198,2023-02,59181.0,44463.0
RM0198,2023-04,193698.0,155587.0
RM0198,2023-05,157978.0,262882.0
RM0198,2023-06,114625.0,92136.0
RM0198,2023-07,307017.0,238900.0
RM0198,2023-08,62174.0,35527.0
RM0198,2023-09,495803.0,842834.0
RM0198,2023-10,88197.0,99684.0
RM0198,2024-01,72165.0,94681.0
RM0198,2024-03,-10000.0,0.0
RM0198,2024-04,57660.0,88643.0
RM0198,2024-05,109045.0,50464.0
RM0198,2024-06,319278.0,460908.0
RM0198,2024-07,222687.0,371190.0
RM0198,2024-08,150774.0,74193.0
RM0198,2024-09,59496.0,
RM0198,2024-11,107505.0,46253.0
RM0198,2024-12,165022.0,53095.0
RM0199,2023-01,137984.0,78332.0
RM0199,2023-02,118893.0,156053.0
RM0199,2023-03,114840.0,93251.0
RM0199,2023-04,752481.0,1037085.0
RM0199,2023-05,158189.0,184932.0
RM0199,2023-06,195209.0,65758.0
RM0199,2023-07,62550.0,79675.0
RM0199,2023-08,117994.0,45211.0
RM0199,2023-09,102969.0,51013.0
RM0199,2023-10,422102.0,255113.0
RM0199,2023-11,73268.0,90797.0
RM0199,2023-12,160694.0,187031.0
RM0199,2024-02,135891.0,135993.0
RM0199,2024-03,0.0,0.0
RM0199,2024-04,87254.0,78074.0
RM0199,2024-05,524890.0,307049.0
RM0199,2024-06,102172.0,60010.0
RM0199,2024-07,53106.0,37426.0
RM0199,2024-09,57137.0,30398.0
RM0199,2024-10,117572.0,38925.0
RM0199,2024-11,259728.0,387873.0
RM0199,2024-12,129504.0,230128.0
RM0200,2023-01,220444.0,312056.0
RM0200,2023-02,82034.0,127657.0
RM0200,2023-03,485189.0,317539.0
RM0200,2023-04,223976.0,318138.0
RM0200,2023-06,104613.0,105922.0
RM0200,2023-08,65394.0,36597.0
RM0200,2023-09,59532.0,67881.0
RM0200,2023-10,197229.0,330196.0
RM0200,2023-11,167193.0,115516.0
RM0200,2023-12,59197.0,96338.0
RM0200,2024-01,147759.0,207746.0
RM0200,2024-02,52213.0,53894.0
RM0200,2024-05,109117.0,37699.0
RM0200,2024-06,274197.0,293213.0
RM0200,2024-07,110785.0,167141.0
RM0200,2024-08,138838.0,42379.0
RM0200,2024-09,,
RM0200,2024-10,483564.0,-5000.0
RM0200,2024-11,94293.0,145764.0
RM0200,2024-12,304261.0,165384.0
RM0201,2023-01,146368.0,52736.0
RM0201,2023-02,115671.0,161530.0
RM0201,2023-03,90588.0,43091.0
RM0201,2023-04,156124.0,172591.0
RM0201,2023-05,218972.0,315036.0
RM0201,2023-06,228515.0,358338.0
RM0201,2023-07,87829.0,101411.0
RM0201,2023-08,116965.0,-5000.0
RM0201,2023-09,540969.0,519557.0
RM0201,2023-10,531762.0,772968.0
RM0201,2023-12,240124.0,249091.0
RM0201,2024-01,137880.0,150264.0
RM0201,2024-02,102143.0,169226.0
RM0201,2024-03,287222.0,431434.0
RM0201,2024-04,135150.0,54956.0
RM0201,2024-05,222364.0,191593.0
RM0201,2024-06,356530.0,524280.0
RM0201,2024-07,73555.0,88455.0
RM0201,2024-08,226752.0,261265.0
RM0201,2024-09,158245.0,101560.0
RM0201,2024-10,90359.0,131202.0
RM0201,2024-11,52829.0,77572.0
RM0201,2024-12,162235.0,276502.0
RM0202,2023-01,938377.0,1215411.0
RM0202,2023-03,129719.0,131357.0
RM0202,2023-04,84264.0,37822.0
RM0202,2023-05,179684.0,271007.0
RM0202,2023-06,95524.0,88787.0
RM0202,2023-07,171375.0,284798.0
RM0202,2023-08,72384.0,47435.0
RM0202,2023-09,426128.0,153109.0
RM0202,2023-10,210117.0,264597.0
RM0202,2023-11,122494.0,122769.0
RM0202,2023-12,339568.0,185904.0
RM0202,2024-01,89510.0,95643.0
RM0202,2024-02,129080.0,149934.0
RM0202,2024-03,430441.0,721269.0
RM0202,2024-04,89208.0,67192.0
RM0202,2024-05,76522.0,129451.0
RM0202,2024-06,126090.0,122881.0
RM0202,2024-07,293409.0,313789.0
RM0202,2024-08,69133.0,66144.0
RM0202,2024-09,199350.0,274866.0
RM0202,2024-10,205494.0,98384.0
RM0202,2024-11,104435.0,146245.0
RM0202,2024-12,368277.0,136549.0
RM0203,2023-01,56472.0,71443.0
RM0203,2023-02,169126.0,90145.0
RM0203,2023-03,169207.0,298097.0
RM0203,2023-04,199503.0,194258.0
RM0203,2023-05,313631.0,194210.0
RM0203,2023-06,130248.0,142185.0
RM0203,2023-07,155340.0,261197.0
RM0203,2023-08,101938.0,-5000.0
RM0203,2023-09,58724.0,98337.0
RM0203,2023-10,86706.0,75307.0
RM0203,2023-11,163538.0,288451.0
RM0203,2023-12,164944.0,160262.0
RM0203,2024-01,181430.0,318629.0
RM0203,2024-02,305516.0,169088.0
RM0203,2024-03,293880.0,458937.0
RM0203,2024-04,226013.0,290618.0
RM0203,2024-05,137207.0,173229.0
RM0203,2024-06,250668.0,121381.0
RM0203,2024-07,94625.0,55934.0
RM0203,2024-08,326027.0,430356.0
RM0203,2024-09,139888.0,215299.0
RM0203,2024-10,239230.0,399607.0
RM0203,2024-11,61987.0,65937.0
RM0203,2024-12,234008.0,143034.0
RM0204,2023-01,109429.0,101600.0
RM0204,2023-03,287219.0,298812.0
RM0204,2023-04,151848.0,143698.0
RM0204,2023-05,88930.0,149812.0
RM0204,2023-06,107365.0,-5000.0
RM0204,2023-07,175714.0,91928.0
RM0204,2023-08,135438.0,224245.0
RM0204,2023-09,859397.0,724151.0
RM0204,2023-10,75083.0,57939.0
RM0204,2023-11,109455.0,138653.0
RM0204,2023-12,152823.0,222004.0
RM0204,2024-01,231248.0,156546.0
RM0204,2024-02,280049.0,440010.0
RM0204,2024-03,186841.0,316041.0
RM0204,2024-04,279142.0,-5000.0
RM0204,2024-05,185726.0,308165.0
RM0204,2024-06,187578.0,202919.0
RM0204,2024-07,116068.0,188528.0
RM0204,2024-08,69640.0,70354.0
RM0204,2024-10,165638.0,187522.0
RM0204,2024-11,208285.0,220509.0
RM0204,2024-12,94522.0,149856.0
RM0205,2023-02,210733.0,334492.0
RM0205,2023-03,98453.0,123616.0
RM0205,2023-04,237855.0,208148.0
RM0205,2023-05,300891.0,91399.0
RM0205,2023-06,185550.0,226436.0
RM0205,2023-07,164484.0,204794.0
RM0205,2023-08,77449.0,102788.0
RM0205,2023-09,111373.0,108931.0
RM0205,2023-10,110769.0,111976.0
RM0205,2023-11,195758.0,304896.0
RM0205,2023-12,149083.0,117005.0
RM0205,2024-01,150397.0,200510.0
RM0205,2024-02,113857.0,104910.0
RM0205,2024-03,-10000.0,0.0
RM0205,2024-04,102222.0,62726.0
RM0205,2024-05,72691.0,60254.0
RM0205,2024-06,57432.0,67495.0
RM0205,2024-08,79021.0,68439.0
RM0205,2024-09,97047.0,120880.0
RM0205,2024-10,334914.0,418626.0
RM0205,2024-11,167298.0,218093.0
RM0205,2024-12,54567.0,26424.0
RM0206,2023-01,64960.0,29056.0
RM0206,2023-02,95263.0,104606.0
RM0206,2023-03,68271.0,116243.0
RM0206,2023-04,338886.0,595580.0
RM0206,2023-05,56514.0,89128.0
RM0206,2023-06,294242.0,486428.0
RM0206,2023-07,162598.0,240943.0
RM0206,2023-08,57897.0,23958.0
RM0206,2023-09,68925.0,115255.0
RM0206,2023-11,59468.0,26773.0
RM0206,2023-12,449771.0,207384.0
RM0206,2024-01,355752.0,527902.0
RM0206,2024-02,56167.0,18690.0
RM0206,2024-03,164660.0,295690.0
RM0206,2024-04,366584.0,280450.0
RM0206,2024-05,123239.0,108679.0
RM0206,2024-06,248739.0,201901.0
RM0206,2024-07,73989.0,105113.0
RM0206,2024-08,141877.0,58902.0
RM0206,2024-09,284134.0,334700.0
RM0206,2024-10,150816.0,197571.0
RM0206,2024-11,155591.0,198009.0
RM0206,2024-12,353162.0,430953.0
RM0207,2023-01,211645.0,258372.0
RM0207,2023-02,163630.0,91298.0
RM0207,2023-03,111348.0,149168.0
RM0207,2023-05,133132.0,-5000.0
RM0207,2023-07,128163.0,184414.0
RM0207,2023-08,50837.0,67028.0
RM0207,2023-09,150774.0,130441.0
RM0207,2023-10,112449.0,62894.0
RM0207,2023-11,111026.0,98494.0
RM0207,2023-12,136291.0,178330.0
RM0207,2024-01,140652.0,210194.0
RM0207,2024-02,203138.0,118712.0
RM0207,2024-03,98687.0,41337.0
RM0207,2024-04,487044.0,793796.0
RM0207,2024-05,63291.0,73488.0
RM0207,2024-06,534345.0,759151.0
RM0207,2024-07,151535.0,100263.0
RM0207,2024-08,99075.0,139136.0
RM0207,2024-09,277511.0,303330.0
RM0207,2024-10,69336.0,117926.0
RM0207,2024-11,329420.0,168270.0
RM0207,2024-12,58760.0,64859.0
RM0208,2023-01,100141.0,72589.0
RM0208,2023-02,63689.0,110186.0
RM0208,2023-03,315940.0,
RM0208,2023-04,68127.0,110018.0
RM0208,2023-05,222307.0,175213.0
RM0208,2023-06,357483.0,427919.0
RM0208,2023-07,,
RM0208,2023-08,333243.0,334543.0
RM0208,2023-09,154167.0,113546.0
RM0208,2023-10,123578.0,142315.0
RM0208,2023-11,490787.0,589031.0
RM0208,2023-12,73915.0,22950.0
RM0208,2024-01,335559.0,284046.0
RM0208,2024-02,106743.0,160231.0
RM0208,2024-03,486060.0,691210.0
RM0208,2024-04,78646.0,69764.0
RM0208,2024-05,263692.0,437831.0
RM0208,2024-06,1035699.0,1105444.0
RM0208,2024-07,309338.0,114438.0
RM0208,2024-08,100494.0,86150.0
RM0208,2024-09,606508.0,185039.0
RM0208,2024-10,105229.0,178428.0
RM0208,2024-11,104939.0,66909.0
RM0208,2024-12,246449.0,349466.0
RM0209,2023-01,145849.0,250915.0
RM0209,2023-02,83979.0,140255.0
RM0209,2023-03,261285.0,222696.0
RM0209,2023-04,296688.0,148285.0
RM0209,2023-05,71058.0,120436.0
RM0209,2023-06,64936.0,19878.0
RM0209,2023-07,123906.0,56473.0
RM0209,2023-08,348206.0,586392.0
RM0209,2023-09,0.0,
RM0209,2023-10,148790.0,139595.0
RM0209,2023-11,166166.0,106228.0
RM0209,2024-01,103065.0,46530.0
RM0209,2024-03,138710.0,168884.0
RM0209,2024-04,449369.0,632985.0
RM0209,2024-06,242595.0,184857.0
RM0209,2024-07,378781.0,651667.0
RM0209,2024-08,453818.0,162559.0
RM0209,2024-09,189084.0,239160.0
RM0209,2024-10,102447.0,183238.0
RM0209,2024-11,101624.0,63506.0
RM0209,2024-12,149289.0,117150.0
RM0210,2023-01,436611.0,419196.0
RM0210,2023-03,129182.0,160029.0
RM0210,2023-04,62689.0,89964.0
RM0210,2023-05,269410.0,272383.0
RM0210,2023-06,517508.0,604971.0
RM0210,2023-08,228232.0,-5000.0
RM0210,2023-09,437235.0,568194.0
RM0210,2023-10,134799.0,45448.0
RM0210,2023-11,245458.0,428888.0
RM0210,2023-12,145298.0,117640.0
RM0210,2024-01,159864.0,222635.0
RM0210,2024-03,-10000.0,0.0
RM0210,2024-04,377336.0,614885.0
RM0210,2024-05,166903.0,-5000.0
RM0210,2024-06,69581.0,90991.0
RM0210,2024-07,72248.0,76678.0
RM0210,2024-08,64746.0,76633.0
RM0210,2024-09,107424.0,166129.0
RM0210,2024-10,291375.0,523807.0
RM0210,2024-11,94660.0,37173.0
RM0210,2024-12,-10000.0,0.0
RM0211,2023-01,63063.0,35803.0
RM0211,2023-02,186434.0,221520.0
RM0211,2023-03,56644.0,54625.0
RM0211,2023-04,163323.0,114658.0
RM0211,2023-05,358409.0,194131.0
RM0211,2023-06,93934.0,50300.0
RM0211,2023-07,68587.0,111005.0
RM0211,2023-08,98830.0,136759.0
RM0211,2023-10,133787.0,167743.0
RM0211,2023-11,445030.0,697322.0
RM0211,2023-12,60722.0,95200.0
RM0211,2024-01,140173.0,115673.0
RM0211,2024-02,217388.0,375062.0
RM0211,2024-03,64829.0,94139.0
RM0211,2024-04,84130.0,73210.0
RM0211,2024-05,360510.0,403302.0
RM0211,2024-06,60475.0,64228.0
RM0211,2024-07,283841.0,310329.0
RM0211,2024-08,77388.0,74877.0
RM0211,2024-09,437236.0,
RM0211,2024-10,211031.0,294352.0
RM0211,2024-11,281222.0,122624.0
RM0211,2024-12,180674.0,156079.0
RM0212,2023-02,72476.0,43780.0
RM0212,2023-03,277912.0,150693.0
RM0212,2023-05,106186.0,77230.0
RM0212,2023-06,57477.0,57088.0
RM0212,2023-07,267820.0,89245.0
RM0212,2023-08,67910.0,93734.0
RM0212,2023-09,185055.0,254056.0
RM0212,2023-10,89224.0,134340.0
RM0212,2023-12,148051.0,179949.0
RM0212,2024-01,64501.0,39187.0
RM0212,2024-02,272657.0,173372.0
RM0212,2024-03,64564.0,77205.0
RM0212,2024-04,169089.0,204908.0
RM0212,2024-05,194470.0,204251.0
RM0212,2024-06,152115.0,256503.0
RM0212,2024-07,164497.0,201665.0
RM0212,2024-08,0.0,0.0
RM0212,2024-09,357299.0,120249.0
RM0212,2024-10,172204.0,150812.0
RM0212,2024-11,188914.0,158736.0
RM0212,2024-12,239711.0,79223.0
RM0213,2023-02,128103.0,198161.0
RM0213,2023-03,93192.0,35331.0
RM0213,2023-04,152932.0,269894.0
RM0213,2023-05,59946.0,24283.0
RM0213,2023-07,185623.0,125314.0
RM0213,2023-09,129203.0,199716.0
RM0213,2023-10,83255.0,114804.0
RM0213,2023-12,155323.0,257438.0
RM0213,2024-01,591576.0,607809.0
RM0213,2024-02,181793.0,257921.0
RM0213,2024-03,107557.0,68848.0
RM0213,2024-04,551517.0,523347.0
RM0213,2024-05,50238.0,78199.0
RM0213,2024-06,187317.0,103555.0
RM0213,2024-09,54590.0,40245.0
RM0213,2024-10,444428.0,755632.0
RM0213,2024-11,105877.0,164521.0
RM0213,2024-12,137467.0,176166.0
RM0214,2023-01,111069.0,119283.0
RM0214,2023-02,102174.0,40018.0
RM0214,2023-03,72515.0,53371.0
RM0214,2023-04,611049.0,1068424.0
RM0214,2023-05,313745.0,203544.0
RM0214,2023-06,137402.0,131861.0
RM0214,2023-07,123402.0,45328.0
RM0214,2023-08,164705.0,67400.0
RM0214,2023-09,292861.0,391543.0
RM0214,2023-11,115250.0,146448.0
RM0214,2023-12,89797.0,62667.0
RM0214,2024-01,106560.0,159362.0
RM0214,2024-02,85489.0,97814.0
RM0214,2024-03,83559.0,60793.0
RM0214,2024-05,90276.0,114425.0
RM0214,2024-06,162213.0,224170.0
RM0214,2024-07,87258.0,27374.0
RM0214,2024-08,221154.0,104446.0
RM0214,2024-10,92415.0,70099.0
RM0214,2024-11,256037.0,317188.0
RM0214,2024-12,80549.0,96403.0
RM0215,2023-01,234726.0,207344.0
RM0215,2023-02,92345.0,-5000.0
RM0215,2023-03,220439.0,268128.0
RM0215,2023-04,62167.0,80818.0
RM0215,2023-05,150566.0,215317.0
RM0215,2023-06,81741.0,56182.0
RM0215,2023-07,167563.0,171349.0
RM0215,2023-08,123253.0,174902.0
RM0215,2023-09,174775.0,238639.0
RM0215,2023-10,74953.0,104445.0
RM0215,2023-11,142852.0,50091.0
RM0215,2023-12,90082.0,30504.0
RM0215,2024-01,141562.0,111666.0
RM0215,2024-03,706699.0,1132666.0
RM0215,2024-04,312021.0,328144.0
RM0215,2024-05,296827.0,207869.0
RM0215,2024-06,173368.0,154189.0
RM0215,2024-08,78192.0,31974.0
RM0215,2024-09,172540.0,77031.0
RM0215,2024-10,239878.0,403523.0
RM0215,2024-11,-10000.0,0.0
RM0215,2024-12,145497.0,204883.0
RM0216,2023-01,100707.0,169303.0
RM0216,2023-02,379013.0,172690.0
RM0216,2023-03,54167.0,95587.0
RM0216,2023-04,520163.0,485534.0
RM0216,2023-05,57782.0,70974.0
RM0216,2023-06,102095.0,174080.0
RM0216,2023-07,287464.0,366341.0
RM0216,2023-10,100216.0,135482.0
RM0216,2023-11,101197.0,36071.0
RM0216,2023-12,156524.0,161693.0
RM0216,2024-01,265958.0,425136.0
RM0216,2024-02,115652.0,112669.0
RM0216,2024-03,145345.0,114290.0
RM0216,2024-05,254027.0,275149.0
RM0216,2024-06,417934.0,533060.0
RM0216,2024-07,85718.0,46906.0
RM0216,2024-08,119874.0,98343.0
RM0216,2024-09,128417.0,73889.0
RM0216,2024-10,624032.0,323600.0
RM0216,2024-11,208612.0,66673.0
RM0216,2024-12,128374.0,98048.0
RM0217,2023-01,122196.0,127953.0
RM0217,2023-02,187584.0,220461.0
RM0217,2023-04,199427.0,312466.0
RM0217,2023-05,376680.0,529565.0
RM0217,2023-06,62334.0,108581.0
RM0217,2023-07,491750.0,672495.0
RM0217,2023-09,159297.0,107673.0
RM0217,2023-10,261804.0,423282.0
RM0217,2023-11,214127.0,266290.0
RM0217,2023-12,82165.0,68747.0
RM0217,2024-01,242634.0,78940.0
RM0217,2024-02,203775.0,-5000.0
RM0217,2024-04,268295.0,215187.0
RM0217,2024-05,61883.0,94599.0
RM0217,2024-06,72944.0,62454.0
RM0217,2024-07,234267.0,357369.0
RM0217,2024-08,347490.0,380719.0
RM0217,2024-09,146902.0,230999.0
RM0217,2024-10,174199.0,203460.0
RM0217,2024-11,135367.0,116310.0
RM0217,2024-12,148245.0,125603.0
RM0218,2023-01,113135.0,202567.0
RM0218,2023-02,111469.0,76308.0
RM0218,2023-03,115525.0,137032.0
RM0218,2023-04,412851.0,611761.0
RM0218,2023-05,327003.0,519448.0
RM0218,2023-06,429853.0,280525.0
RM0218,2023-07,141974.0,124624.0
RM0218,2023-08,122160.0,156172.0
RM0218,2023-09,127075.0,155602.0
RM0218,2023-10,122257.0,93733.0
RM0218,2023-11,115329.0,173643.0
RM0218,2024-01,187838.0,330782.0
RM0218,2024-02,318155.0,327276.0
RM0218,2024-03,91635.0,120120.0
RM0218,2024-04,244548.0,243634.0
RM0218,2024-05,89189.0,101305.0
RM0218,2024-06,93920.0,160602.0
RM0218,2024-07,198686.0,146609.0
RM0218,2024-08,86450.0,118876.0
RM0218,2024-09,234544.0,280443.0
RM0218,2024-10,192904.0,232604.0
RM0218,2024-11,116967.0,199559.0
RM0218,2024-12,147880.0,48873.0
RM0219,2023-01,114239.0,56596.0
RM0219,2023-02,117738.0,142744.0
RM0219,2023-04,53438.0,85784.0
RM0219,2023-05,191360.0,142191.0
RM0219,2023-06,105921.0,105762.0
RM0219,2023-08,92771.0,28435.0
RM0219,2023-09,54037.0,45207.0
RM0219,2023-10,69896.0,23313.0
RM0219,2023-11,344136.0,244751.0
RM0219,2023-12,154911.0,88161.0
RM0219,2024-01,57177.0,81036.0
RM0219,2024-02,70022.0,23707.0
RM0219,2024-03,182729.0,-5000.0
RM0219,2024-04,52033.0,49661.0
RM0219,2024-05,101127.0,78790.0
RM0219,2024-08,50585.0,88347.0
RM0219,2024-09,159149.0,184416.0
RM0219,2024-10,214547.0,321022.0
RM0219,2024-12,190439.0,274860.0
RM0220,2023-01,139331.0,-5000.0
RM0220,2023-02,119609.0,183564.0
RM0220,2023-03,350717.0,177711.0
RM0220,2023-04,167349.0,221815.0
RM0220,2023-05,63095.0,106907.0
RM0220,2023-06,160129.0,203073.0
RM0220,2023-08,79446.0,55346.0
RM0220,2023-09,69345.0,48263.0
RM0220,2023-10,151708.0,235214.0
RM0220,2023-11,164446.0,109635.0
RM0220,2023-12,56847.0,70089.0
RM0220,2024-01,131750.0,234057.0
RM0220,2024-02,276955.0,418906.0
RM0220,2024-03,51846.0,76042.0
RM0220,2024-04,82464.0,
RM0220,2024-05,182209.0,176949.0
RM0220,2024-07,177156.0,88607.0
RM0220,2024-08,141566.0,50314.0
RM0220,2024-09,56279.0,72408.0
RM0220,2024-10,504543.0,739705.0
RM0220,2024-11,144993.0,55649.0
RM0220,2024-12,56909.0,30550.0
RM0221,2023-01,608275.0,546225.0
RM0221,2023-02,328116.0,445487.0
RM0221,2023-03,189493.0,326257.0
RM0221,2023-04,89284.0,87706.0
RM0221,2023-05,350064.0,394746.0
RM0221,2023-06,-10000.0,0.0
RM0221,2023-07,85152.0,121709.0
RM0221,2023-08,51930.0,86789.0
RM0221,2023-10,52788.0,65799.0
RM0221,2023-11,189234.0,220952.0
RM0221,2023-12,-10000.0,0.0
RM0221,2024-01,337018.0,434415.0
RM0221,2024-02,278394.0,131759.0
RM0221,2024-03,57677.0,19771.0
RM0221,2024-04,73885.0,96088.0
RM0221,2024-05,152189.0,217383.0
RM0221,2024-06,81928.0,69675.0
RM0221,2024-07,379056.0,645749.0
RM0221,2024-08,432137.0,660070.0
RM0221,2024-09,224826.0,375575.0
RM0221,2024-11,237859.0,-5000.0
RM0221,2024-12,511659.0,172522.0
RM0222,2023-01,431970.0,
RM0222,2023-02,171701.0,80303.0
RM0222,2023-03,86293.0,136190.0
RM0222,2023-04,155818.0,276456.0
RM0222,2023-05,68754.0,63168.0
RM0222,2023-06,110491.0,118689.0
RM0222,2023-07,200538.0,259184.0
RM0222,2023-08,50194.0,21756.0
RM0222,2023-09,55353.0,88393.0
RM0222,2023-10,106376.0,90482.0
RM0222,2023-11,139776.0,220001.0
RM0222,2023-12,52140.0,24919.0
RM0222,2024-03,223355.0,389941.0
RM0222,2024-04,204413.0,141389.0
RM0222,2024-06,160053.0,282088.0
RM0222,2024-07,,
RM0222,2024-08,162640.0,139912.0
RM0222,2024-09,122536.0,214505.0
RM0222,2024-10,240365.0,319867.0
RM0222,2024-12,89605.0,102080.0
RM0223,2023-01,116182.0,76715.0
RM0223,2023-02,388860.0,340148.0
RM0223,2023-03,99857.0,169515.0
RM0223,2023-04,82974.0,117678.0
RM0223,2023-05,208655.0,350692.0
RM0223,2023-06,317610.0,431296.0
RM0223,2023-07,106656.0,111279.0
RM0223,2023-08,483694.0,161942.0
RM0223,2023-09,287223.0,194655.0
RM0223,2023-10,80688.0,52313.0
RM0223,2023-12,59241.0,105921.0
RM0223,2024-01,355882.0,384916.0
RM0223,2024-02,238344.0,270494.0
RM0223,2024-03,300361.0,470710.0
RM0223,2024-04,89749.0,88817.0
RM0223,2024-05,201116.0,355504.0
RM0223,2024-06,222181.0,365810.0
RM0223,2024-07,330729.0,387976.0
RM0223,2024-08,386160.0,-5000.0
RM0223,2024-09,121082.0,105211.0
RM0223,2024-10,277779.0,139393.0
RM0223,2024-11,104754.0,127051.0
RM0223,2024-12,131726.0,225394.0
RM0224,2023-02,527331.0,555739.0
RM0224,2023-03,166173.0,230472.0
RM0224,2023-05,141670.0,82897.0
RM0224,2023-06,256136.0,360301.0
RM0224,2023-07,92151.0,142776.0
RM0224,2023-09,192651.0,126080.0
RM0224,2023-10,208349.0,135513.0
RM0224,2023-12,96230.0,151274.0
RM0224,2024-01,447803.0,306890.0
RM0224,2024-03,444769.0,292746.0
RM0224,2024-04,68709.0,26613.0
RM0224,2024-05,91583.0,80397.0
RM0224,2024-06,443725.0,294294.0
RM0224,2024-07,118229.0,165666.0
RM0224,2024-08,103946.0,137889.0
RM0224,2024-09,134865.0,80199.0
RM0224,2024-10,248672.0,84687.0
RM0224,2024-11,101867.0,84984.0
RM0225,2023-01,141933.0,187323.0
RM0225,2023-02,142262.0,169503.0
RM0225,2023-03,185869.0,159830.0
RM0225,2023-04,457649.0,793463.0
RM0225,2023-06,180787.0,73677.0
RM0225,2023-07,151333.0,87262.0
RM0225,2023-09,149019.0,86837.0
RM0225,2023-10,232536.0,97814.0
RM0225,2023-12,509614.0,302233.0
RM0225,2024-01,212111.0,355380.0
RM0225,2024-02,92730.0,157775.0
RM0225,2024-03,123818.0,215541.0
RM0225,2024-04,582962.0,339353.0
RM0225,2024-05,,
RM0225,2024-06,316756.0,186927.0
RM0225,2024-07,88512.0,37722.0
RM0225,2024-08,75535.0,94292.0
RM0225,2024-09,139471.0,207311.0
RM0225,2024-10,110519.0,193732.0
RM0225,2024-11,57673.0,22746.0
RM0225,2024-12,231284.0,377295.0
RM0226,2023-01,288078.0,298081.0
RM0226,2023-02,97132.0,31099.0
RM0226,2023-04,156834.0,158944.0
RM0226,2023-05,113295.0,132227.0
RM0226,2023-06,-10000.0,0.0
RM0226,2023-07,231040.0,
RM0226,2023-08,95826.0,112878.0
RM0226,2023-09,74161.0,35775.0
RM0226,2023-10,281165.0,376935.0
RM0226,2023-11,269106.0,142274.0
RM0226,2023-12,419094.0,209407.0
RM0226,2024-01,356075.0,295032.0
RM0226,2024-02,66712.0,48709.0
RM0226,2024-03,80032.0,82913.0
RM0226,2024-04,498597.0,394792.0
RM0226,2024-05,192050.0,314497.0
RM0226,2024-06,199167.0,167957.0
RM0226,2024-07,753922.0,438119.0
RM0226,2024-08,161116.0,240877.0
RM0226,2024-09,50097.0,67784.0
RM0226,2024-10,96488.0,53511.0
RM0226,2024-11,98070.0,171644.0
RM0227,2023-01,383753.0,238169.0
RM0227,2023-04,68669.0,58109.0
RM0227,2023-05,184596.0,295485.0
RM0227,2023-06,557607.0,795554.0
RM0227,2023-07,187071.0,96060.0
RM0227,2023-08,61536.0,73476.0
RM0227,2023-09,166174.0,-5000.0
RM0227,2023-10,330706.0,259243.0
RM0227,2023-11,56075.0,52461.0
RM0227,2023-12,571949.0,854127.0
RM0227,2024-01,-10000.0,0.0
RM0227,2024-02,361531.0,364254.0
RM0227,2024-03,118064.0,96825.0
RM0227,2024-04,185633.0,203435.0
RM0227,2024-05,210340.0,244091.0
RM0227,2024-06,73313.0,50282.0
RM0227,2024-07,325855.0,421945.0
RM0227,2024-08,139239.0,79909.0
RM0227,2024-09,51158.0,39280.0
RM0227,2024-10,58461.0,59830.0
RM0227,2024-12,308728.0,224784.0
RM0228,2023-01,332338.0,450931.0
RM0228,2023-02,70074.0,88772.0
RM0228,2023-03,74674.0,95745.0
RM0228,2023-05,73097.0,64966.0
RM0228,2023-06,175412.0,65877.0
RM0228,2023-08,74962.0,58516.0
RM0228,2023-09,143073.0,227161.0
RM0228,2023-10,81104.0,66603.0
RM0228,2023-11,146875.0,109226.0
RM0228,2023-12,197423.0,
RM0228,2024-01,94478.0,137798.0
RM0228,2024-02,155526.0,66791.0
RM0228,2024-03,197926.0,228379.0
RM0228,2024-04,112008.0,35476.0
RM0228,2024-05,83603.0,75958.0
RM0228,2024-06,83455.0,97328.0
RM0228,2024-07,236888.0,375236.0
RM0228,2024-08,206185.0,274950.0
RM0228,2024-09,190643.0,339006.0
RM0228,2024-10,0.0,0.0
RM0228,2024-11,96439.0,47206.0
RM0228,2024-12,149737.0,66519.0
RM0229,2023-01,97236.0,99571.0
RM0229,2023-03,524075.0,914887.0
RM0229,2023-04,254234.0,224711.0
RM0229,2023-05,350551.0,565503.0
RM0229,2023-06,411521.0,518531.0
RM0229,2023-07,83808.0,36592.0
RM0229,2023-08,419369.0,160752.0
RM0229,2023-09,102623.0,105747.0
RM0229,2023-11,53333.0,88552.0
RM0229,2023-12,100766.0,34538.0
RM0229,2024-01,807484.0,619412.0
RM0229,2024-02,,
RM0229,2024-03,364049.0,356845.0
RM0229,2024-04,213206.0,141064.0
RM0229,2024-05,154837.0,106292.0
RM0229,2024-06,502647.0,196745.0
RM0229,2024-07,98170.0,160965.0
RM0229,2024-08,148099.0,177737.0
RM0229,2024-09,208200.0,84610.0
RM0229,2024-10,52684.0,89919.0
RM0229,2024-11,97515.0,84883.0
RM0229,2024-12,221899.0,145223.0
RM0230,2023-01,248116.0,244980.0
RM0230,2023-02,341327.0,245008.0
RM0230,2023-04,84189.0,130285.0
RM0230,2023-05,109251.0,100270.0
RM0230,2023-06,286769.0,359426.0
RM0230,2023-07,137435.0,92746.0
RM0230,2023-08,266716.0,152200.0
RM0230,2023-09,445247.0,233965.0
RM0230,2023-10,295162.0,-5000.0
RM0230,2023-11,132811.0,76898.0
RM0230,2023-12,127219.0,80444.0
RM0230,2024-01,-10000.0,0.0
RM0230,2024-02,90998.0,145696.0
RM0230,2024-04,66797.0,117483.0
RM0230,2024-05,50751.0,65334.0
RM0230,2024-06,341225.0,580402.0
RM0230,2024-07,73320.0,
RM0230,2024-09,229702.0,105898.0
RM0230,2024-10,115221.0,161066.0
RM0230,2024-11,113691.0,87549.0
RM0230,2024-12,68504.0,27378.0
RM0231,2023-02,68372.0,110298.0
RM0231,2023-03,51689.0,69227.0
RM0231,2023-04,269556.0,310483.0
RM0231,2023-05,,
RM0231,2023-06,246831.0,315549.0
RM0231,2023-07,141199.0,123417.0
RM0231,2023-09,475379.0,835672.0
RM0231,2023-12,,
RM0231,2024-01,208019.0,123968.0
RM0231,2024-02,-10000.0,0.0
RM0231,2024-03,152936.0,219762.0
RM0231,2024-04,,
RM0231,2024-05,215292.0,230840.0
RM0231,2024-06,221086.0,74303.0
RM0231,2024-07,0.0,0.0
RM0231,2024-08,85668.0,
RM0231,2024-09,210245.0,99016.0
RM0231,2024-10,68233.0,24119.0
RM0231,2024-11,411580.0,496710.0
RM0231,2024-12,117403.0,173952.0
RM0232,2023-01,197557.0,243018.0
RM0232,2023-02,150134.0,46825.0
RM0232,2023-03,94854.0,43975.0
RM0232,2023-04,212888.0,143258.0
RM0232,2023-05,139721.0,115988.0
RM0232,2023-06,73182.0,127157.0
RM0232,2023-07,456401.0,194843.0
RM0232,2023-09,313486.0,323693.0
RM0232,2023-10,272907.0,143749.0
RM0232,2023-11,71281.0,116625.0
RM0232,2023-12,392152.0,391708.0
RM0232,2024-01,356215.0,463502.0
RM0232,2024-02,80686.0,64018.0
RM0232,2024-03,71937.0,105094.0
RM0232,2024-04,682484.0,764086.0
RM0232,2024-06,210007.0,298029.0
RM0232,2024-08,88090.0,70824.0
RM0232,2024-09,129736.0,154630.0
RM0232,2024-11,335061.0,228278.0
RM0232,2024-12,145483.0,207648.0
RM0233,2023-01,63716.0,68134.0
RM0233,2023-02,73389.0,81368.0
RM0233,2023-03,269038.0,176333.0
RM0233,2023-04,334047.0,267974.0
RM0233,2023-05,81753.0,81588.0
RM0233,2023-06,363211.0,146519.0
RM0233,2023-07,109528.0,140167.0
RM0233,2023-08,116377.0,47276.0
RM0233,2023-09,,
RM0233,2023-10,110519.0,169253.0
RM0233,2023-11,566478.0,203744.0
RM0233,2023-12,176345.0,80758.0
RM0233,2024-01,221101.0,68947.0
RM0233,2024-02,52227.0,76529.0
RM0233,2024-03,61602.0,46680.0
RM0233,2024-04,525657.0,934550.0
RM0233,2024-05,76403.0,87202.0
RM0233,2024-06,172857.0,169152.0
RM0233,2024-07,437941.0,626715.0
RM0233,2024-08,266923.0,188008.0
RM0233,2024-09,135458.0,139675.0
RM0233,2024-10,103268.0,45667.0
RM0233,2024-11,70262.0,40120.0
RM0234,2023-01,84158.0,55829.0
RM0234,2023-02,94248.0,-5000.0
RM0234,2023-03,141242.0,150332.0
RM0234,2023-04,105416.0,175090.0
RM0234,2023-05,170826.0,253030.0
RM0234,2023-06,437023.0,238047.0
RM0234,2023-07,133759.0,-5000.0
RM0234,2023-08,135165.0,112417.0
RM0234,2023-09,51341.0,78241.0
RM0234,2023-10,67743.0,121478.0
RM0234,2023-11,272393.0,318703.0
RM0234,2024-01,75192.0,80687.0
RM0234,2024-02,95390.0,
RM0234,2024-03,93617.0,144572.0
RM0234,2024-04,121861.0,118946.0
RM0234,2024-05,327692.0,141460.0
RM0234,2024-06,185438.0,216466.0
RM0234,2024-07,133063.0,205537.0
RM0234,2024-08,479416.0,478458.0
RM0234,2024-09,141361.0,148866.0
RM0234,2024-10,242627.0,315922.0
RM0234,2024-11,87815.0,34760.0
RM0234,2024-12,497138.0,343822.0
RM0235,2023-01,202664.0,312641.0
RM0235,2023-02,103560.0,129776.0
RM0235,2023-03,67126.0,117799.0
RM0235,2023-04,58987.0,56466.0
RM0235,2023-05,165445.0,245805.0
RM0235,2023-06,69367.0,66676.0
RM0235,2023-07,103439.0,79442.0
RM0235,2023-08,276295.0,85151.0
RM0235,2023-09,257395.0,-5000.0
RM0235,2023-12,299424.0,494661.0
RM0235,2024-01,-10000.0,0.0
RM0235,2024-03,110847.0,104290.0
RM0235,2024-04,574669.0,931986.0
RM0235,2024-05,143410.0,245889.0
RM0235,2024-06,309702.0,511514.0
RM0235,2024-07,222317.0,352701.0
RM0235,2024-08,383519.0,167990.0
RM0235,2024-09,553793.0,443266.0
RM0235,2024-11,136945.0,203754.0
RM0235,2024-12,213997.0,350867.0
RM0236,2023-01,126767.0,109011.0
RM0236,2023-02,54830.0,54505.0
RM0236,2023-03,243141.0,182785.0
RM0236,2023-04,143187.0,90078.0
RM0236,2023-05,272280.0,106398.0
RM0236,2023-06,233311.0,202609.0
RM0236,2023-07,56372.0,89079.0
RM0236,2023-08,150333.0,180246.0
RM0236,2023-09,247532.0,317487.0
RM0236,2023-10,246876.0,356346.0
RM0236,2023-11,183429.0,155631.0
RM0236,2023-12,91786.0,151846.0
RM0236,2024-03,575608.0,-5000.0
RM0236,2024-04,116396.0,54527.0
RM0236,2024-05,87757.0,114610.0
RM0236,2024-06,78480.0,115379.0
RM0236,2024-07,434651.0,758673.0
RM0236,2024-09,51405.0,89302.0
RM0236,2024-10,252173.0,107444.0
RM0236,2024-11,130483.0,176160.0
RM0236,2024-12,520890.0,284516.0
RM0237,2023-01,70499.0,
RM0237,2023-02,145897.0,255633.0
RM0237,2023-03,583043.0,374239.0
RM0237,2023-04,107705.0,179010.0
RM0237,2023-05,249114.0,438060.0
RM0237,2023-06,385447.0,239996.0
RM0237,2023-07,263896.0,98393.0
RM0237,2023-08,305424.0,367222.0
RM0237,2023-09,-10000.0,0.0
RM0237,2023-11,532953.0,200508.0
RM0237,2023-12,76246.0,78252.0
RM0237,2024-01,367407.0,559071.0
RM0237,2024-02,550185.0,675146.0
RM0237,2024-03,94470.0,31898.0
RM0237,2024-04,87833.0,115316.0
RM0237,2024-05,441111.0,
RM0237,2024-06,108048.0,174341.0
RM0237,2024-07,125353.0,95569.0
RM0237,2024-08,156649.0,150917.0
RM0237,2024-09,417662.0,418658.0
RM0237,2024-10,98721.0,
RM0237,2024-11,327311.0,588545.0
RM0237,2024-12,206691.0,139659.0
RM0238,2023-01,90931.0,35150.0
RM0238,2023-02,62066.0,103803.0
RM0238,2023-03,65219.0,66948.0
RM0238,2023-04,229659.0,361835.0
RM0238,2023-05,78179.0,74791.0
RM0238,2023-06,93448.0,63893.0
RM0238,2023-07,104326.0,123175.0
RM0238,2023-08,52507.0,47946.0
RM0238,2023-09,81022.0,141843.0
RM0238,2023-10,181102.0,290151.0
RM0238,2023-11,82665.0,125239.0
RM0238,2023-12,130365.0,73857.0
RM0238,2024-01,264847.0,382178.0
RM0238,2024-02,874073.0,1286116.0
RM0238,2024-03,73544.0,57645.0
RM0238,2024-04,140147.0,68669.0
RM0238,2024-05,282702.0,308158.0
RM0238,2024-06,483569.0,572527.0
RM0238,2024-07,161004.0,65550.0
RM0238,2024-08,74262.0,116909.0
RM0238,2024-09,751274.0,693252.0
RM0238,2024-10,299177.0,371391.0
RM0238,2024-12,529344.0,347887.0
RM0239,2023-01,168064.0,153474.0
RM0239,2023-02,167039.0,117476.0
RM0239,2023-03,153297.0,189660.0
RM0239,2023-04,62705.0,88695.0
RM0239,2023-05,233893.0,379067.0
RM0239,2023-06,133231.0,52293.0
RM0239,2023-07,142834.0,72333.0
RM0239,2023-08,206383.0,76505.0
RM0239,2023-09,120259.0,51021.0
RM0239,2023-11,50505.0,87920.0
RM0239,2023-12,883072.0,1000745.0
RM0239,2024-01,90959.0,151596.0
RM0239,2024-02,434663.0,687533.0
RM0239,2024-03,167911.0,69188.0
RM0239,2024-04,63889.0,105092.0
RM0239,2024-05,362911.0,345344.0
RM0239,2024-07,109659.0,138848.0
RM0239,2024-08,296750.0,414716.0
RM0239,2024-10,193411.0,125188.0
RM0239,2024-11,95674.0,132613.0
RM0239,2024-12,293393.0,139127.0
RM0240,2023-01,81108.0,107119.0
RM0240,2023-02,123895.0,141852.0
RM0240,2023-03,193104.0,282763.0
RM0240,2023-04,295765.0,212993.0
RM0240,2023-05,166902.0,80995.0
RM0240,2023-06,326788.0,512459.0
RM0240,2023-07,103395.0,55929.0
RM0240,2023-08,60900.0,70794.0
RM0240,2023-09,64382.0,85041.0
RM0240,2023-10,220039.0,268663.0
RM0240,2023-11,363800.0,315567.0
RM0240,2023-12,398831.0,141739.0
RM0240,2024-01,67945.0,62394.0
RM0240,2024-02,185207.0,64556.0
RM0240,2024-04,175703.0,133727.0
RM0240,2024-05,377250.0,414947.0
RM0240,2024-06,182971.0,314423.0
RM0240,2024-07,266697.0,255338.0
RM0240,2024-08,147191.0,187210.0
RM0240,2024-11,83508.0,
RM0240,2024-12,63924.0,49020.0
RM0241,2023-01,276020.0,189345.0
RM0241,2023-02,71020.0,44638.0
RM0241,2023-03,220434.0,269132.0
RM0241,2023-04,,
RM0241,2023-05,224864.0,176054.0
RM0241,2023-07,396677.0,387813.0
RM0241,2023-08,158143.0,272513.0
RM0241,2023-09,631478.0,816067.0
RM0241,2023-11,484554.0,538950.0
RM0241,2023-12,105070.0,81181.0
RM0241,2024-01,172786.0,208648.0
RM0241,2024-02,136870.0,222503.0
RM0241,2024-03,133450.0,94767.0
RM0241,2024-04,51202.0,89903.0
RM0241,2024-06,310857.0,380283.0
RM0241,2024-07,316272.0,479289.0
RM0241,2024-08,452908.0,-5000.0
RM0241,2024-09,123180.0,139474.0
RM0241,2024-10,65575.0,114623.0
RM0241,2024-11,681231.0,1010692.0
RM0241,2024-12,140803.0,147118.0
RM0242,2023-01,135736.0,100440.0
RM0242,2023-02,162550.0,61796.0
RM0242,2023-03,772144.0,722784.0
RM0242,2023-04,443349.0,614662.0
RM0242,2023-05,101361.0,64169.0
RM0242,2023-06,866516.0,1263544.0
RM0242,2023-07,93084.0,37342.0
RM0242,2023-08,229062.0,172832.0
RM0242,2023-09,87525.0,122745.0
RM0242,2023-10,220569.0,225447.0
RM0242,2023-11,478802.0,631758.0
RM0242,2023-12,385828.0,226029.0
RM0242,2024-01,102784.0,46949.0
RM0242,2024-02,104485.0,183649.0
RM0242,2024-04,543943.0,783593.0
RM0242,2024-05,160423.0,236009.0
RM0242,2024-06,170942.0,52182.0
RM0242,2024-08,154436.0,185073.0
RM0242,2024-09,96335.0,58276.0
RM0242,2024-10,97991.0,121062.0
RM0242,2024-12,73684.0,101720.0
RM0243,2023-01,132402.0,109896.0
RM0243,2023-02,296939.0,314486.0
RM0243,2023-03,121318.0,196199.0
RM0243,2023-05,118889.0,188855.0
RM0243,2023-06,155237.0,95006.0
RM0243,2023-07,192329.0,140012.0
RM0243,2023-08,73876.0,31751.0
RM0243,2023-09,91500.0,128542.0
RM0243,2023-11,323023.0,514440.0
RM0243,2023-12,97237.0,125577.0
RM0243,2024-01,89273.0,110175.0
RM0243,2024-02,377335.0,136346.0
RM0243,2024-03,682229.0,1051063.0
RM0243,2024-04,265109.0,354462.0
RM0243,2024-06,270630.0,484940.0
RM0243,2024-07,270576.0,223874.0
RM0243,2024-08,192757.0,155243.0
RM0243,2024-09,576311.0,951033.0
RM0243,2024-10,175767.0,258713.0
RM0243,2024-11,410670.0,273259.0
RM0243,2024-12,179940.0,184002.0
RM0244,2023-01,271492.0,235824.0
RM0244,2023-02,235154.0,212694.0
RM0244,2023-03,67661.0,31170.0
RM0244,2023-04,69014.0,24070.0
RM0244,2023-05,164205.0,-5000.0
RM0244,2023-06,217166.0,106431.0
RM0244,2023-07,191957.0,229697.0
RM0244,2023-08,73865.0,66930.0
RM0244,2023-09,261057.0,84878.0
RM0244,2023-10,73840.0,132449.0
RM0244,2023-11,248382.0,247437.0
RM0244,2023-12,199057.0,312386.0
RM0244,2024-01,327063.0,257415.0
RM0244,2024-02,151381.0,190298.0
RM0244,2024-03,61191.0,105168.0
RM0244,2024-04,135041.0,115634.0
RM0244,2024-05,406435.0,194044.0
RM0244,2024-06,56007.0,74349.0
RM0244,2024-08,122920.0,177830.0
RM0244,2024-09,,
RM0244,2024-10,60651.0,53108.0
RM0244,2024-11,90245.0,127192.0
RM0244,2024-12,88654.0,87494.0
RM0245,2023-01,306287.0,512444.0
RM0245,2023-02,242347.0,228737.0
RM0245,2023-03,177289.0,236598.0
RM0245,2023-04,361835.0,590826.0
RM0245,2023-05,450981.0,683717.0
RM0245,2023-06,73813.0,104922.0
RM0245,2023-07,302779.0,489535.0
RM0245,2023-08,438174.0,466103.0
RM0245,2023-09,209671.0,-5000.0
RM0245,2023-10,51439.0,59626.0
RM0245,2023-12,146139.0,254787.0
RM0245,2024-01,397973.0,595529.0
RM0245,2024-02,58802.0,53100.0
RM0245,2024-03,228629.0,78760.0
RM0245,2024-04,90341.0,147369.0
RM0245,2024-07,,
RM0245,2024-08,70851.0,26715.0
RM0245,2024-10,180334.0,310119.0
RM0245,2024-11,319930.0,563767.0
RM0245,2024-12,260073.0,248644.0
RM0246,2023-01,489537.0,460140.0
RM0246,2023-02,114639.0,111462.0
RM0246,2023-04,302280.0,
RM0246,2023-05,424595.0,355183.0
RM0246,2023-06,143053.0,-5000.0
RM0246,2023-07,392899.0,145594.0
RM0246,2023-08,279780.0,274555.0
RM0246,2023-09,120865.0,117285.0
RM0246,2023-10,131370.0,188506.0
RM0246,2023-11,444554.0,461084.0
RM0246,2023-12,318225.0,444852.0
RM0246,2024-01,110224.0,130171.0
RM0246,2024-02,214858.0,72030.0
RM0246,2024-04,125616.0,224721.0
RM0246,2024-05,202108.0,161962.0
RM0246,2024-06,93157.0,57219.0
RM0246,2024-07,127034.0,74937.0
RM0246,2024-08,71786.0,60737.0
RM0246,2024-09,190091.0,98771.0
RM0246,2024-10,56803.0,19991.0
RM0246,2024-11,96670.0,56571.0
RM0246,2024-12,166236.0,163506.0
RM0247,2023-01,108904.0,168835.0
RM0247,2023-02,155463.0,67983.0
RM0247,2023-03,102596.0,180569.0
RM0247,2023-04,615691.0,419905.0
RM0247,2023-05,77450.0,80821.0
RM0247,2023-06,148512.0,135919.0
RM0247,2023-07,-10000.0,0.0
RM0247,2023-08,89632.0,42341.0
RM0247,2023-10,176756.0,300290.0
RM0247,2023-11,72231.0,98033.0
RM0247,2024-02,136410.0,101075.0
RM0247,2024-03,337709.0,332554.0
RM0247,2024-05,181312.0,174890.0
RM0247,2024-06,62711.0,74773.0
RM0247,2024-08,131409.0,56523.0
RM0247,2024-09,185881.0,58516.0
RM0247,2024-10,85077.0,125199.0
RM0247,2024-11,55799.0,70866.0
RM0247,2024-12,498483.0,277549.0
RM0248,2023-01,130963.0,152342.0
RM0248,2023-02,139789.0,172019.0
RM0248,2023-03,127651.0,66730.0
RM0248,2023-04,63989.0,90650.0
RM0248,2023-05,90894.0,142810.0
RM0248,2023-06,253817.0,94973.0
RM0248,2023-07,83698.0,61768.0
RM0248,2023-08,185388.0,280814.0
RM0248,2023-09,59334.0,40015.0
RM0248,2023-10,120791.0,69462.0
RM0248,2023-11,168215.0,171075.0
RM0248,2023-12,107078.0,115144.0
RM0248,2024-01,115966.0,94488.0
RM0248,2024-03,96263.0,106915.0
RM0248,2024-04,138079.0,82086.0
RM0248,2024-05,0.0,0.0
RM0248,2024-07,74541.0,27151.0
RM0248,2024-08,134739.0,85915.0
RM0248,2024-09,131826.0,104692.0
RM0248,2024-10,165833.0,229811.0
RM0248,2024-11,147891.0,58114.0
RM0249,2023-01,52649.0,32634.0
RM0249,2023-02,132999.0,48858.0
RM0249,2023-03,109565.0,178649.0
RM0249,2023-04,64149.0,110514.0
RM0249,2023-06,341392.0,528362.0
RM0249,2023-07,348888.0,146559.0
RM0249,2023-08,74584.0,37408.0
RM0249,2023-09,67689.0,53580.0
RM0249,2023-10,315985.0,214219.0
RM0249,2023-11,92001.0,120873.0
RM0249,2023-12,65292.0,54872.0
RM0249,2024-01,102524.0,161060.0
RM0249,2024-02,,
RM0249,2024-03,158386.0,201104.0
RM0249,2024-04,70722.0,119759.0
RM0249,2024-05,108391.0,147439.0
RM0249,2024-06,513922.0,546285.0
RM0249,2024-07,156249.0,74354.0
RM0249,2024-08,124212.0,196093.0
RM0249,2024-09,71772.0,120308.0
RM0249,2024-10,215081.0,200334.0
RM0249,2024-11,168613.0,88647.0
RM0249,2024-12,86786.0,63320.0
RM0250,2023-01,122882.0,205616.0
RM0250,2023-02,118727.0,128908.0
RM0250,2023-03,76515.0,107423.0
RM0250,2023-05,173242.0,166288.0
RM0250,2023-06,491148.0,803506.0
RM0250,2023-07,211605.0,356071.0
RM0250,2023-09,174786.0,269241.0
RM0250,2023-10,129007.0,55488.0
RM0250,2023-11,821160.0,450362.0
RM0250,2023-12,93454.0,50900.0
RM0250,2024-01,111755.0,82019.0
RM0250,2024-02,187857.0,337145.0
RM0250,2024-03,58090.0,85256.0
RM0250,2024-04,70543.0,23261.0
RM0250,2024-05,202655.0,326269.0
RM0250,2024-06,79092.0,64255.0
RM0250,2024-07,77723.0,129001.0
RM0250,2024-08,97280.0,94076.0
RM0250,2024-09,387700.0,437831.0
RM0250,2024-10,455123.0,
RM0250,2024-11,441469.0,438114.0
RM0250,2024-12,180978.0,116816.0
