Customer_ID,RM_ID,Rating,Feedback_Date,City,Sentiment
CUST000001,RM0186,4.1,2026-08-04 00:00:00.000000,Ahmedabad,Positive
CUST000002,RM0204,3.6,2023-09-08 00:00:00.000000,Kolkata,Neutral
CUST000003,RM0117,4.2,2024-07-07 00:00:00.000000,Delhi,Positive
CUST000004,RM0006,5.0,2026-04-28 00:00:00.000000,Ahmedabad,Positive
CUST000005,RM0111,5.0,2026-01-09 00:00:00.000000,Jaipur,Positive
CUST000005,RM0111,4.0,2025-08-13 00:00:00.000000,Hyderabad,Positive
CUST000005,RM0111,4.4,2023-08-24 00:00:00.000000,Hyderabad,Positive
CUST000006,RM0149,4.6,2025-07-26 00:00:00.000000,Delhi,Positive
CUST000007,RM0241,4.0,2025-03-05 00:00:00.000000,Bangalore,Positive
CUST000008,RM0005,3.4,2024-01-11 00:00:00.000000,Lucknow,Neutral
CUST000008,RM0005,4.4,2024-07-18 00:00:00.000000,Mumbai,Positive
CUST000008,RM0111,3.6,2025-01-09 00:00:00.000000,Ahmedabad,Neutral
CUST000008,RM0005,3.0,2026-01-01 00:00:00.000000,Pune,Neutral
CUST000008,RM0005,3.6,2025-03-30 00:00:00.000000,Kolkata,Neutral
CUST000009,RM0219,2.4,2025-02-13 00:00:00.000000,Mumbai,Negative
CUST000010,RM0142,2.8,2025-05-16 00:00:00.000000,Jaipur,Negative
CUST000011,RM0026,5.0,2025-02-02 00:00:00.000000,Kolkata,Positive
CUST000012,RM0070,5.0,2025-02-09 00:00:00.000000,Bangalore,Positive
CUST000013,RM0033,3.8,2024-11-19 00:00:00.000000,Pune,Neutral
CUST000014,RM0204,4.5,2023-03-13 00:00:00.000000,Hyderabad,Positive
CUST000015,RM0048,3.0,2025-07-23 00:00:00.000000,Lucknow,Neutral
CUST000015,RM0148,4.7,2024-09-27 00:00:00.000000,Hyderabad,Positive
CUST000016,RM0170,4.3,2023-08-28 00:00:00.000000,Mumbai,Positive
CUST000017,RM0083,3.3,2026-05-10 00:00:00.000000,Bangalore,Neutral
CUST000017,RM0093,3.7,2024-06-23 00:00:00.000000,Bangalore,Neutral
CUST000017,RM0156,3.6,2023-08-19 00:00:00.000000,Kolkata,Neutral
CUST000017,RM0052,4.9,2025-03-17 00:00:00.000000,Hyderabad,Positive
CUST000018,RM0088,3.9,2024-05-01 00:00:00.000000,Delhi,Neutral
CUST000018,RM0088,2.4,2026-05-22 10:32:46.362595,Jaipur,Negative
CUST000018,RM0088,3.6,2023-08-02 00:00:00.000000,Delhi,Neutral
CUST000019,RM0207,4.0,2024-09-21 00:00:00.000000,Ahmedabad,Positive
CUST000020,RM0136,3.2,2023-02-10 00:00:00.000000,Jaipur,Neutral
CUST000020,RM0136,2.5,2024-05-18 00:00:00.000000,Jaipur,Negative
CUST000021,RM0188,3.2,2026-04-09 00:00:00.000000,Jaipur,Neutral
CUST000021,RM0188,1.8,2024-03-18 00:00:00.000000,Mumbai,Negative
CUST000021,RM0239,3.1,2024-05-19 00:00:00.000000,Hyderabad,Neutral
CUST000021,RM0188,4.2,2023-07-27 00:00:00.000000,Mumbai,Positive
CUST000021,RM0188,4.5,2024-09-28 00:00:00.000000,Hyderabad,Positive
CUST000022,RM0064,4.5,2024-07-01 00:00:00.000000,Delhi,Positive
CUST000023,RM0228,5.0,2023-08-02 00:00:00.000000,Pune,Positive
CUST000024,RM0240,5.0,2023-07-19 00:00:00.000000,Delhi,Positive
CUST000025,RM0077,3.0,2024-05-01 00:00:00.000000,Jaipur,Neutral
CUST000025,RM0027,2.6,2023-01-05 00:00:00.000000,Ahmedabad,Negative
CUST000025,RM0109,4.0,2023-10-05 00:00:00.000000,Pune,Positive
CUST000025,RM0045,4.5,2025-06-09 00:00:00.000000,Hyderabad,Positive
CUST000026,RM0130,3.2,2024-11-13 00:00:00.000000,Jaipur,Neutral
CUST000027,RM0085,4.3,2023-07-02 00:00:00.000000,Delhi,Positive
CUST000027,RM0085,5.0,2024-09-23 00:00:00.000000,Delhi,Positive
CUST000027,RM0085,2.7,2023-03-20 00:00:00.000000,Jaipur,Negative
CUST000027,RM0085,4.0,2023-11-06 00:00:00.000000,Lucknow,Positive
CUST000027,RM0085,4.0,2023-07-31 00:00:00.000000,Kolkata,Positive
CUST000028,RM0055,5.0,2026-01-02 00:00:00.000000,Ahmedabad,Positive
CUST000029,RM0208,3.8,2024-03-21 00:00:00.000000,Pune,Neutral
CUST000030,RM0042,4.4,2023-11-10 00:00:00.000000,Ahmedabad,Positive
CUST000031,RM0229,4.9,2025-10-12 00:00:00.000000,Chennai,Positive
CUST000032,RM0095,3.7,2026-01-15 10:32:46.362764,Jaipur,Neutral
CUST000033,RM0096,2.9,2023-01-17 00:00:00.000000,Hyderabad,Negative
CUST000034,RM0168,3.9,2026-02-03 00:00:00.000000,Chennai,Neutral
CUST000035,RM0178,2.9,2023-11-29 00:00:00.000000,Lucknow,Negative
CUST000036,RM0064,3.4,2026-06-01 00:00:00.000000,Mumbai,Neutral
CUST000037,RM0167,4.4,2024-04-25 00:00:00.000000,Chennai,Positive
CUST000038,RM0210,4.2,2025-12-26 00:00:00.000000,Jaipur,Positive
CUST000039,RM0083,5.0,2023-08-31 00:00:00.000000,Jaipur,Positive
CUST000040,RM0169,4.2,2023-06-11 00:00:00.000000,Bangalore,Positive
CUST000041,RM0076,3.2,2025-01-07 00:00:00.000000,Bangalore,Neutral
CUST000041,RM0076,3.0,2023-01-24 00:00:00.000000,Hyderabad,Neutral
CUST000042,RM0190,4.6,2025-12-16 00:00:00.000000,Ahmedabad,Positive
CUST000043,RM0236,4.2,2025-05-03 00:00:00.000000,Chennai,Positive
CUST000044,RM0059,3.8,2024-07-08 00:00:00.000000,Jaipur,Neutral
CUST000045,RM0143,4.3,2024-11-11 00:00:00.000000,Delhi,Positive
CUST000046,RM0091,3.3,2025-09-27 00:00:00.000000,Kolkata,Neutral
CUST000046,RM0091,1.6,2023-06-30 00:00:00.000000,Chennai,Negative
CUST000047,RM0023,5.0,2024-06-10 00:00:00.000000,Jaipur,Positive
CUST000048,RM0029,4.6,2024-07-08 00:00:00.000000,Hyderabad,Positive
CUST000049,RM0110,3.9,2026-06-08 10:32:46.362828,Kolkata,Neutral
CUST000050,RM0216,3.1,2025-02-02 00:00:00.000000,Chennai,Neutral
CUST000051,RM0185,3.8,2025-11-20 00:00:00.000000,Hyderabad,Neutral
CUST000052,RM0246,2.3,2025-02-07 00:00:00.000000,Hyderabad,Negative
CUST000053,RM0032,4.1,2023-01-10 00:00:00.000000,Chennai,Positive
CUST000054,RM0190,2.1,2024-10-18 00:00:00.000000,Hyderabad,Negative
CUST000055,RM0175,4.1,2023-06-23 00:00:00.000000,Hyderabad,Positive
CUST000056,RM0150,3.3,2026-03-07 10:32:46.362903,Hyderabad,Neutral
CUST000057,RM0246,3.9,2024-05-17 00:00:00.000000,Chennai,Neutral
CUST000058,RM0196,4.0,2025-08-02 00:00:00.000000,Hyderabad,Positive
CUST000059,RM0242,2.9,2026-03-02 00:00:00.000000,Delhi,Negative
CUST000060,RM0095,5.0,2025-12-31 10:32:46.362945,Kolkata,Positive
CUST000061,RM0149,4.4,2024-06-14 00:00:00.000000,Delhi,Positive
CUST000061,RM0149,3.3,2026-06-07 00:00:00.000000,Lucknow,Neutral
CUST000061,RM0149,3.8,2026-02-16 00:00:00.000000,Mumbai,Neutral
CUST000061,RM0149,5.0,2025-01-30 00:00:00.000000,Delhi,Positive
CUST000062,RM0187,3.1,2024-11-13 00:00:00.000000,Ahmedabad,Neutral
CUST000063,RM0066,2.9,2024-02-06 00:00:00.000000,Chennai,Negative
CUST000063,RM0066,2.8,2026-02-13 10:32:46.362984,Kolkata,Negative
CUST000063,RM0066,3.3,2026-03-30 00:00:00.000000,Pune,Neutral
CUST000063,RM0066,5.0,2024-11-29 00:00:00.000000,Mumbai,Positive
CUST000064,RM0070,3.4,2023-06-01 00:00:00.000000,Jaipur,Neutral
CUST000065,RM0086,3.6,2025-09-03 00:00:00.000000,Bangalore,Neutral
CUST000065,RM0096,4.2,2025-12-30 00:00:00.000000,Chennai,Positive
CUST000065,RM0096,4.0,2024-09-15 00:00:00.000000,Jaipur,Positive
CUST000065,RM0096,5.0,2025-03-24 00:00:00.000000,Mumbai,Positive
CUST000066,RM0101,4.8,2026-04-01 00:00:00.000000,Lucknow,Positive
CUST000066,RM0101,4.3,2023-10-24 00:00:00.000000,Jaipur,Positive
CUST000066,RM0084,3.8,2024-10-25 00:00:00.000000,Ahmedabad,Neutral
CUST000066,RM0101,5.0,2024-09-30 00:00:00.000000,Kolkata,Positive
CUST000066,RM0101,3.2,2024-05-03 00:00:00.000000,Pune,Neutral
CUST000067,RM0243,3.1,2025-10-30 00:00:00.000000,Chennai,Neutral
CUST000068,RM0147,3.6,2023-02-25 00:00:00.000000,Kolkata,Neutral
CUST000069,RM0050,5.0,2025-08-26 00:00:00.000000,Hyderabad,Positive
CUST000070,RM0109,3.2,2025-06-04 00:00:00.000000,Jaipur,Neutral
CUST000070,RM0109,4.0,2025-10-20 00:00:00.000000,Lucknow,Positive
CUST000070,RM0109,3.4,2023-02-18 00:00:00.000000,Jaipur,Neutral
CUST000070,RM0109,4.2,2024-01-16 00:00:00.000000,Chennai,Positive
CUST000071,RM0081,3.9,2026-03-05 00:00:00.000000,Delhi,Neutral
CUST000072,RM0012,3.6,2025-07-31 00:00:00.000000,Lucknow,Neutral
CUST000073,RM0011,4.5,2024-10-30 00:00:00.000000,Kolkata,Positive
CUST000074,RM0075,3.5,2023-10-01 00:00:00.000000,Bangalore,Neutral
CUST000075,RM0104,5.0,2025-11-05 00:00:00.000000,Hyderabad,Positive
CUST000075,RM0024,4.2,2025-06-05 00:00:00.000000,Chennai,Positive
CUST000075,RM0198,5.0,2025-12-28 00:00:00.000000,Ahmedabad,Positive
CUST000075,RM0190,3.2,2023-05-16 00:00:00.000000,Jaipur,Neutral
CUST000075,RM0210,3.9,2024-10-25 00:00:00.000000,Kolkata,Neutral
CUST000076,RM0001,4.0,2025-09-17 00:00:00.000000,Delhi,Positive
CUST000076,RM0099,2.1,2026-07-16 00:00:00.000000,Bangalore,Negative
CUST000077,RM0128,5.0,2024-11-03 00:00:00.000000,Pune,Positive
CUST000078,RM0072,5.0,2025-04-23 00:00:00.000000,Lucknow,Positive
CUST000079,RM0117,4.0,2024-03-24 00:00:00.000000,Jaipur,Positive
CUST000080,RM0219,3.7,2025-03-31 00:00:00.000000,Pune,Neutral
CUST000081,RM0145,4.4,2026-02-09 10:32:46.363033,Bangalore,Positive
CUST000082,RM0014,4.1,2026-06-17 10:32:46.363066,Bangalore,Positive
CUST000083,RM0045,2.7,2024-10-12 00:00:00.000000,Jaipur,Negative
CUST000084,RM0079,5.0,2024-12-27 00:00:00.000000,Pune,Positive
CUST000085,RM0179,3.7,2024-06-02 00:00:00.000000,Chennai,Neutral
CUST000085,RM0001,2.0,2024-08-22 00:00:00.000000,Pune,Negative
CUST000085,RM0179,3.3,2025-02-07 00:00:00.000000,Ahmedabad,Neutral
CUST000085,RM0179,2.6,2023-12-31 00:00:00.000000,Lucknow,Negative
CUST000085,RM0179,4.1,2026-07-26 00:00:00.000000,Pune,Positive
CUST000086,RM0243,4.1,2023-01-15 00:00:00.000000,Mumbai,Positive
CUST000087,RM0123,5.0,2026-07-23 00:00:00.000000,Hyderabad,Positive
CUST000088,RM0211,5.0,2026-07-28 00:00:00.000000,Jaipur,Positive
CUST000089,RM0125,5.0,2023-01-17 00:00:00.000000,Hyderabad,Positive
CUST000090,RM0220,3.0,2026-07-23 00:00:00.000000,Mumbai,Neutral
CUST000091,RM0181,4.6,2026-02-24 00:00:00.000000,Jaipur,Positive
CUST000092,RM0074,4.8,2024-07-21 00:00:00.000000,Jaipur,Positive
CUST000092,RM0074,3.5,2026-03-25 00:00:00.000000,Ahmedabad,Neutral
CUST000092,RM0074,4.3,2024-05-27 00:00:00.000000,Jaipur,Positive
CUST000092,RM0074,4.4,2025-03-26 00:00:00.000000,Jaipur,Positive
CUST000093,RM0063,3.5,2026-01-09 00:00:00.000000,Jaipur,Neutral
CUST000094,RM0220,5.0,2025-06-24 00:00:00.000000,Pune,Positive
CUST000095,RM0208,4.2,2025-05-02 00:00:00.000000,Chennai,Positive
CUST000095,RM0208,3.8,2026-03-01 00:00:00.000000,Jaipur,Neutral
CUST000095,RM0208,2.8,2024-09-14 00:00:00.000000,Delhi,Negative
CUST000095,RM0208,5.0,2023-08-18 00:00:00.000000,Mumbai,Positive
CUST000095,RM0208,4.1,2023-02-25 00:00:00.000000,Bangalore,Positive
CUST000096,RM0080,4.1,2023-08-14 00:00:00.000000,Kolkata,Positive
CUST000097,RM0123,4.0,2025-02-20 00:00:00.000000,Mumbai,Positive
CUST000097,RM0123,3.2,2023-02-06 00:00:00.000000,Lucknow,Neutral
CUST000097,RM0123,4.9,2025-06-19 00:00:00.000000,Chennai,Positive
CUST000097,RM0123,2.9,2023-10-06 00:00:00.000000,Chennai,Negative
CUST000098,RM0211,1.8,2025-04-12 00:00:00.000000,Mumbai,Negative
CUST000099,RM0106,3.3,2025-04-26 00:00:00.000000,Hyderabad,Neutral
CUST000100,RM0242,4.3,2023-02-01 00:00:00.000000,Ahmedabad,Positive
CUST000101,RM0038,4.3,2023-06-30 00:00:00.000000,Bangalore,Positive
CUST000102,RM0058,4.1,2023-11-02 00:00:00.000000,Jaipur,Positive
CUST000103,RM0250,3.8,2025-03-22 00:00:00.000000,Ahmedabad,Neutral
CUST000104,RM0152,4.2,2025-02-25 00:00:00.000000,Jaipur,Positive
CUST000104,RM0229,5.0,2023-04-18 00:00:00.000000,Mumbai,Positive
CUST000104,RM0228,4.2,2023-02-21 00:00:00.000000,Hyderabad,Positive
CUST000104,RM0058,3.6,2024-07-10 00:00:00.000000,Pune,Neutral
CUST000104,RM0120,3.9,2025-01-13 00:00:00.000000,Lucknow,Neutral
CUST000105,RM0128,3.8,2024-06-26 00:00:00.000000,Mumbai,Neutral
CUST000106,RM0008,4.1,2023-01-09 00:00:00.000000,Hyderabad,Positive
CUST000106,RM0026,3.1,2026-02-22 00:00:00.000000,Chennai,Neutral
CUST000106,RM0026,4.8,2023-01-26 00:00:00.000000,Jaipur,Positive
CUST000107,RM0151,4.3,2026-02-19 00:00:00.000000,Bangalore,Positive
CUST000108,RM0158,3.2,2026-04-14 10:32:46.363119,Jaipur,Neutral
CUST000109,RM0044,5.0,2026-01-16 10:32:46.363153,Kolkata,Positive
CUST000110,RM0135,2.1,2023-08-24 00:00:00.000000,Kolkata,Negative
CUST000110,RM0247,5.0,2024-12-28 00:00:00.000000,Lucknow,Positive
CUST000111,RM0179,5.0,2025-06-05 00:00:00.000000,Bangalore,Positive
CUST000112,RM0219,5.0,2024-04-23 00:00:00.000000,Jaipur,Positive
CUST000113,RM0063,3.5,2026-04-29 00:00:00.000000,Lucknow,Neutral
CUST000114,RM0215,4.2,2023-09-09 00:00:00.000000,Chennai,Positive
CUST000115,RM0100,3.4,2025-10-02 00:00:00.000000,Hyderabad,Neutral
CUST000116,RM0173,4.4,2025-04-19 00:00:00.000000,Mumbai,Positive
CUST000117,RM0103,4.0,2023-10-23 00:00:00.000000,Mumbai,Positive
CUST000118,RM0028,3.5,2024-06-21 00:00:00.000000,Delhi,Neutral
CUST000119,RM0132,3.5,2025-12-22 00:00:00.000000,Lucknow,Neutral
CUST000120,RM0152,4.1,2023-12-11 00:00:00.000000,Kolkata,Positive
CUST000120,RM0152,5.0,2024-02-04 00:00:00.000000,Bangalore,Positive
CUST000121,RM0208,5.0,2023-07-11 00:00:00.000000,Kolkata,Positive
CUST000122,RM0076,4.1,2025-02-03 00:00:00.000000,Hyderabad,Positive
CUST000123,RM0136,3.8,2023-12-02 00:00:00.000000,Pune,Neutral
CUST000123,RM0136,4.6,2023-01-22 00:00:00.000000,Pune,Positive
CUST000123,RM0136,3.4,2025-04-09 00:00:00.000000,Kolkata,Neutral
CUST000123,RM0136,4.0,2024-09-11 00:00:00.000000,Bangalore,Positive
CUST000124,RM0083,3.8,2023-10-09 00:00:00.000000,Ahmedabad,Neutral
CUST000124,RM0019,2.0,2024-06-06 00:00:00.000000,Bangalore,Negative
CUST000124,RM0217,4.1,2025-03-16 00:00:00.000000,Lucknow,Positive
CUST000125,RM0145,4.0,2025-03-18 00:00:00.000000,Hyderabad,Positive
CUST000126,RM0212,4.1,2025-08-25 00:00:00.000000,Bangalore,Positive
CUST000127,RM0212,3.5,2024-06-18 00:00:00.000000,Jaipur,Neutral
CUST000128,RM0168,4.5,2024-10-11 00:00:00.000000,Pune,Positive
CUST000129,RM0174,4.1,2023-02-24 00:00:00.000000,Hyderabad,Positive
CUST000130,RM0128,3.5,2026-06-26 00:00:00.000000,Delhi,Neutral
CUST000131,RM0085,4.8,2024-10-23 00:00:00.000000,Delhi,Positive
CUST000132,RM0071,3.8,2023-11-28 00:00:00.000000,Mumbai,Neutral
CUST000133,RM0163,3.0,2023-03-28 00:00:00.000000,Bangalore,Neutral
CUST000134,RM0116,2.2,2026-07-29 00:00:00.000000,Ahmedabad,Negative
CUST000135,RM0196,5.0,2026-02-10 00:00:00.000000,Ahmedabad,Positive
CUST000136,RM0125,4.1,2023-02-03 00:00:00.000000,Delhi,Positive
CUST000137,RM0011,4.1,2024-08-11 00:00:00.000000,Delhi,Positive
CUST000138,RM0098,4.0,2025-08-07 00:00:00.000000,Jaipur,Positive
CUST000139,RM0021,5.0,2026-06-30 00:00:00.000000,Chennai,Positive
CUST000140,RM0135,4.1,2025-07-10 00:00:00.000000,Pune,Positive
CUST000141,RM0115,5.0,2024-12-03 00:00:00.000000,Mumbai,Positive
CUST000142,RM0076,4.1,2025-03-26 00:00:00.000000,Delhi,Positive
CUST000143,RM0245,1.3,2024-09-26 00:00:00.000000,Delhi,Negative
CUST000144,RM0059,5.0,2024-04-11 00:00:00.000000,Mumbai,Positive
CUST000145,RM0026,4.3,2023-09-05 00:00:00.000000,Lucknow,Positive
CUST000146,RM0223,3.5,2025-09-04 00:00:00.000000,Kolkata,Neutral
CUST000147,RM0232,3.7,2024-09-28 00:00:00.000000,Lucknow,Neutral
CUST000148,RM0197,3.7,2026-01-02 10:32:46.363205,Ahmedabad,Neutral
CUST000149,RM0140,2.8,2026-05-06 10:32:46.363239,Bangalore,Negative
CUST000150,RM0051,4.9,2023-11-29 00:00:00.000000,Chennai,Positive
CUST000151,RM0219,3.6,2024-01-16 00:00:00.000000,Lucknow,Neutral
CUST000152,RM0047,3.1,2024-04-01 00:00:00.000000,Hyderabad,Neutral
CUST000153,RM0133,5.0,2026-08-08 00:00:00.000000,Pune,Positive
CUST000154,RM0125,2.8,2023-06-20 00:00:00.000000,Delhi,Negative
CUST000155,RM0113,3.9,2024-09-09 00:00:00.000000,Mumbai,Neutral
CUST000155,RM0113,1.7,2024-08-23 00:00:00.000000,Hyderabad,Negative
CUST000155,RM0113,5.0,2026-07-05 00:00:00.000000,Pune,Positive
CUST000155,RM0113,3.7,2023-04-22 00:00:00.000000,Lucknow,Neutral
CUST000156,RM0040,4.8,2025-04-07 00:00:00.000000,Chennai,Positive
CUST000156,RM0040,3.1,2023-02-17 00:00:00.000000,Mumbai,Neutral
CUST000156,RM0040,2.4,2025-02-19 00:00:00.000000,Chennai,Negative
CUST000156,RM0040,3.3,2025-01-22 00:00:00.000000,Ahmedabad,Neutral
CUST000156,RM0040,5.0,2025-06-21 00:00:00.000000,Kolkata,Positive
CUST000157,RM0158,4.6,2024-10-08 00:00:00.000000,Mumbai,Positive
CUST000158,RM0176,2.4,2023-05-08 00:00:00.000000,Hyderabad,Negative
CUST000159,RM0008,1.6,2023-06-30 00:00:00.000000,Ahmedabad,Negative
CUST000160,RM0225,3.7,2024-04-18 00:00:00.000000,Bangalore,Neutral
CUST000161,RM0161,5.0,2025-05-28 00:00:00.000000,Chennai,Positive
CUST000161,RM0174,3.2,2025-10-20 00:00:00.000000,Delhi,Neutral
CUST000161,RM0052,5.0,2023-10-28 00:00:00.000000,Lucknow,Positive
CUST000162,RM0133,4.1,2023-06-27 00:00:00.000000,Hyderabad,Positive
CUST000163,RM0168,5.0,2025-07-14 00:00:00.000000,Ahmedabad,Positive
CUST000164,RM0151,3.3,2026-02-26 00:00:00.000000,Kolkata,Neutral
CUST000165,RM0237,3.9,2024-12-02 00:00:00.000000,Delhi,Neutral
CUST000166,RM0109,3.3,2024-09-30 00:00:00.000000,Hyderabad,Neutral
CUST000167,RM0122,5.0,2024-08-26 00:00:00.000000,Mumbai,Positive
CUST000168,RM0079,4.6,2023-02-01 00:00:00.000000,Ahmedabad,Positive
CUST000169,RM0095,2.3,2024-09-09 00:00:00.000000,Chennai,Negative
CUST000169,RM0095,4.7,2023-04-13 00:00:00.000000,Kolkata,Positive
CUST000169,RM0095,2.5,2023-06-18 00:00:00.000000,Hyderabad,Negative
CUST000169,RM0095,3.1,2024-11-26 00:00:00.000000,Lucknow,Neutral
CUST000170,RM0057,4.7,2023-10-07 00:00:00.000000,Mumbai,Positive
CUST000171,RM0204,2.7,2024-03-01 00:00:00.000000,Jaipur,Negative
CUST000172,RM0173,3.6,2023-10-30 00:00:00.000000,Bangalore,Neutral
CUST000173,RM0241,4.8,2025-11-28 00:00:00.000000,Lucknow,Positive
CUST000173,RM0241,4.4,2024-07-27 00:00:00.000000,Delhi,Positive
CUST000173,RM0241,4.4,2023-05-03 00:00:00.000000,Mumbai,Positive
CUST000173,RM0241,4.8,2026-04-14 00:00:00.000000,Lucknow,Positive
CUST000174,RM0129,5.0,2026-01-06 00:00:00.000000,Ahmedabad,Positive
CUST000175,RM0244,2.8,2025-11-27 00:00:00.000000,Hyderabad,Negative
CUST000176,RM0028,4.3,2023-03-29 00:00:00.000000,Jaipur,Positive
CUST000177,RM0067,5.0,2026-01-18 10:32:46.363311,Lucknow,Positive
CUST000178,RM0003,4.8,2026-07-23 00:00:00.000000,Jaipur,Positive
CUST000179,RM0221,3.8,2024-09-14 00:00:00.000000,Ahmedabad,Neutral
CUST000180,RM0143,3.8,2026-03-13 00:00:00.000000,Ahmedabad,Neutral
CUST000181,RM0096,4.8,2026-06-14 00:00:00.000000,Hyderabad,Positive
CUST000182,RM0013,4.2,2024-10-13 00:00:00.000000,Chennai,Positive
CUST000183,RM0079,5.0,2024-01-07 00:00:00.000000,Lucknow,Positive
CUST000184,RM0093,4.1,2023-06-14 00:00:00.000000,Ahmedabad,Positive
CUST000185,RM0061,3.6,2023-05-06 00:00:00.000000,Delhi,Neutral
CUST000186,RM0110,2.2,2026-03-17 00:00:00.000000,Hyderabad,Negative
CUST000187,RM0085,3.8,2026-07-19 00:00:00.000000,Lucknow,Neutral
CUST000187,RM0085,2.8,2026-01-16 00:00:00.000000,Jaipur,Negative
CUST000187,RM0085,2.2,2026-08-01 00:00:00.000000,Ahmedabad,Negative
CUST000187,RM0085,3.1,2023-03-30 00:00:00.000000,Kolkata,Neutral
CUST000188,RM0196,4.7,2024-07-23 00:00:00.000000,Kolkata,Positive
CUST000189,RM0070,3.8,2023-11-28 00:00:00.000000,Kolkata,Neutral
CUST000190,RM0142,4.2,2023-10-31 00:00:00.000000,Lucknow,Positive
CUST000191,RM0196,4.7,2024-04-05 00:00:00.000000,Pune,Positive
CUST000192,RM0248,4.0,2024-05-25 00:00:00.000000,Jaipur,Positive
CUST000193,RM0113,3.3,2024-03-23 00:00:00.000000,Mumbai,Neutral
CUST000194,RM0135,3.6,2025-12-18 00:00:00.000000,Pune,Neutral
CUST000194,RM0135,4.8,2026-03-16 00:00:00.000000,Bangalore,Positive
CUST000194,RM0135,4.0,2024-03-14 00:00:00.000000,Ahmedabad,Positive
CUST000195,RM0169,1.5,2024-09-23 00:00:00.000000,Pune,Negative
CUST000196,RM0227,3.6,2023-10-04 00:00:00.000000,Jaipur,Neutral
CUST000197,RM0049,4.5,2025-04-06 00:00:00.000000,Pune,Positive
CUST000198,RM0088,4.2,2026-08-04 00:00:00.000000,Ahmedabad,Positive
CUST000199,RM0080,3.0,2025-05-09 00:00:00.000000,Delhi,Neutral
CUST000200,RM0141,3.3,2025-03-03 00:00:00.000000,Jaipur,Neutral
CUST000201,RM0065,4.0,2025-03-03 00:00:00.000000,Jaipur,Positive
CUST000201,RM0065,2.1,2024-12-31 00:00:00.000000,Chennai,Negative
CUST000202,RM0027,4.5,2026-04-29 00:00:00.000000,Jaipur,Positive
CUST000203,RM0223,4.6,2024-01-22 00:00:00.000000,Pune,Positive
CUST000204,RM0244,3.9,2026-06-08 00:00:00.000000,Lucknow,Neutral
CUST000204,RM0244,3.6,2025-01-22 00:00:00.000000,Pune,Neutral
CUST000205,RM0073,2.9,2026-02-01 10:32:46.363363,Ahmedabad,Negative
CUST000205,RM0073,4.3,2023-04-21 00:00:00.000000,Bangalore,Positive
CUST000205,RM0073,2.4,2025-02-14 00:00:00.000000,Jaipur,Negative
CUST000205,RM0073,4.8,2025-03-19 00:00:00.000000,Ahmedabad,Positive
CUST000205,RM0073,4.6,2026-04-12 00:00:00.000000,Delhi,Positive
CUST000206,RM0226,5.0,2023-05-12 00:00:00.000000,Ahmedabad,Positive
CUST000207,RM0039,4.1,2023-06-07 00:00:00.000000,Jaipur,Positive
CUST000208,RM0093,3.5,2026-04-13 00:00:00.000000,Kolkata,Neutral
CUST000209,RM0069,4.4,2026-07-02 00:00:00.000000,Delhi,Positive
CUST000210,RM0121,4.8,2025-09-04 00:00:00.000000,Jaipur,Positive
CUST000211,RM0090,2.8,2023-03-07 00:00:00.000000,Mumbai,Negative
CUST000212,RM0068,3.9,2024-12-06 00:00:00.000000,Mumbai,Neutral
CUST000213,RM0060,4.3,2023-02-02 00:00:00.000000,Jaipur,Positive
CUST000213,RM0060,4.5,2024-06-01 00:00:00.000000,Hyderabad,Positive
CUST000213,RM0060,3.6,2026-06-23 00:00:00.000000,Delhi,Neutral
CUST000213,RM0060,4.6,2025-08-19 00:00:00.000000,Ahmedabad,Positive
CUST000214,RM0188,3.0,2023-11-08 00:00:00.000000,Pune,Neutral
CUST000214,RM0119,5.0,2026-03-28 00:00:00.000000,Jaipur,Positive
CUST000214,RM0017,3.4,2024-04-24 00:00:00.000000,Ahmedabad,Neutral
CUST000215,RM0134,4.4,2024-09-08 00:00:00.000000,Bangalore,Positive
CUST000216,RM0182,3.4,2026-03-24 00:00:00.000000,Bangalore,Neutral
CUST000216,RM0174,4.1,2026-06-03 00:00:00.000000,Bangalore,Positive
CUST000216,RM0130,2.9,2024-02-11 00:00:00.000000,Bangalore,Negative
CUST000216,RM0228,5.0,2023-04-19 00:00:00.000000,Delhi,Positive
CUST000217,RM0027,3.2,2026-06-06 00:00:00.000000,Jaipur,Neutral
CUST000218,RM0131,4.1,2026-04-10 00:00:00.000000,Lucknow,Positive
CUST000219,RM0140,3.9,2023-05-06 00:00:00.000000,Ahmedabad,Neutral
CUST000220,RM0042,3.3,2026-03-05 00:00:00.000000,Pune,Neutral
CUST000221,RM0086,1.5,2024-05-25 00:00:00.000000,Kolkata,Negative
CUST000221,RM0086,5.0,2024-03-01 00:00:00.000000,Hyderabad,Positive
CUST000222,RM0028,4.1,2023-09-09 00:00:00.000000,Lucknow,Positive
CUST000223,RM0240,2.3,2024-02-01 00:00:00.000000,Ahmedabad,Negative
CUST000223,RM0240,2.1,2024-12-14 00:00:00.000000,Kolkata,Negative
CUST000223,RM0240,3.7,2025-02-03 00:00:00.000000,Bangalore,Neutral
CUST000224,RM0248,3.9,2026-01-22 00:00:00.000000,Lucknow,Neutral
CUST000225,RM0017,3.8,2023-07-20 00:00:00.000000,Chennai,Neutral
CUST000226,RM0223,5.0,2026-06-04 00:00:00.000000,Lucknow,Positive
CUST000227,RM0080,2.3,2026-03-26 10:32:46.363413,Hyderabad,Negative
CUST000228,RM0080,4.2,2026-06-01 00:00:00.000000,Kolkata,Positive
CUST000229,RM0088,4.6,2024-08-09 00:00:00.000000,Hyderabad,Positive
CUST000230,RM0122,4.6,2024-02-01 00:00:00.000000,Ahmedabad,Positive
CUST000231,RM0247,4.9,2025-07-28 00:00:00.000000,Lucknow,Positive
CUST000231,RM0242,4.1,2024-02-08 00:00:00.000000,Lucknow,Positive
CUST000232,RM0122,4.2,2026-05-27 00:00:00.000000,Hyderabad,Positive
CUST000233,RM0013,3.7,2026-05-03 00:00:00.000000,Delhi,Neutral
CUST000233,RM0013,2.5,2025-10-17 00:00:00.000000,Bangalore,Negative
CUST000233,RM0013,4.3,2024-01-18 00:00:00.000000,Bangalore,Positive
CUST000234,RM0019,3.6,2023-07-23 00:00:00.000000,Chennai,Neutral
CUST000235,RM0041,3.3,2026-05-07 00:00:00.000000,Jaipur,Neutral
CUST000236,RM0246,4.4,2025-02-26 00:00:00.000000,Ahmedabad,Positive
CUST000237,RM0122,4.5,2024-08-09 00:00:00.000000,Pune,Positive
CUST000238,RM0024,3.3,2023-03-17 00:00:00.000000,Hyderabad,Neutral
CUST000239,RM0162,4.3,2026-04-08 00:00:00.000000,Chennai,Positive
CUST000240,RM0144,3.9,2026-03-24 00:00:00.000000,Lucknow,Neutral
CUST000240,RM0144,4.2,2024-11-18 00:00:00.000000,Delhi,Positive
CUST000240,RM0144,5.0,2026-07-15 00:00:00.000000,Hyderabad,Positive
CUST000241,RM0063,4.4,2025-03-31 00:00:00.000000,Hyderabad,Positive
CUST000241,RM0082,4.4,2026-03-17 00:00:00.000000,Jaipur,Positive
CUST000241,RM0224,3.1,2026-01-19 10:32:46.363456,Bangalore,Neutral
CUST000242,RM0001,3.3,2023-07-01 00:00:00.000000,Kolkata,Neutral
CUST000242,RM0125,4.5,2026-08-08 00:00:00.000000,Mumbai,Positive
CUST000242,RM0174,2.4,2026-03-20 10:32:46.363491,Pune,Negative
CUST000242,RM0167,3.6,2026-01-29 00:00:00.000000,Jaipur,Neutral
CUST000243,RM0137,3.2,2023-12-12 00:00:00.000000,Bangalore,Neutral
CUST000243,RM0137,3.9,2023-09-26 00:00:00.000000,Hyderabad,Neutral
CUST000243,RM0137,3.8,2024-02-22 00:00:00.000000,Pune,Neutral
CUST000244,RM0144,4.1,2025-04-28 00:00:00.000000,Mumbai,Positive
CUST000244,RM0144,4.5,2024-01-05 00:00:00.000000,Delhi,Positive
CUST000244,RM0144,5.0,2024-06-25 00:00:00.000000,Kolkata,Positive
CUST000244,RM0144,5.0,2024-11-17 00:00:00.000000,Mumbai,Positive
CUST000245,RM0220,3.8,2023-02-26 00:00:00.000000,Kolkata,Neutral
CUST000246,RM0196,3.4,2023-04-30 00:00:00.000000,Kolkata,Neutral
CUST000247,RM0014,3.2,2026-06-19 00:00:00.000000,Jaipur,Neutral
CUST000248,RM0224,3.7,2025-08-22 00:00:00.000000,Kolkata,Neutral
CUST000249,RM0023,3.0,2023-03-23 00:00:00.000000,Pune,Neutral
CUST000250,RM0245,4.5,2025-01-16 00:00:00.000000,Lucknow,Positive
CUST000251,RM0174,5.0,2026-04-12 00:00:00.000000,Chennai,Positive
CUST000252,RM0238,2.5,2026-03-26 00:00:00.000000,Kolkata,Negative
CUST000253,RM0095,4.0,2024-04-17 00:00:00.000000,Hyderabad,Positive
CUST000253,RM0219,5.0,2026-03-20 10:32:46.363533,Lucknow,Positive
CUST000254,RM0045,2.5,2024-06-28 00:00:00.000000,Kolkata,Negative
CUST000255,RM0018,5.0,2026-03-27 00:00:00.000000,Lucknow,Positive
CUST000255,RM0018,3.1,2023-05-08 00:00:00.000000,Hyderabad,Neutral
CUST000255,RM0018,3.4,2023-10-09 00:00:00.000000,Jaipur,Neutral
CUST000256,RM0041,4.6,2025-09-22 00:00:00.000000,Jaipur,Positive
CUST000257,RM0218,4.5,2026-01-28 00:00:00.000000,Jaipur,Positive
CUST000258,RM0205,3.9,2023-04-15 00:00:00.000000,Bangalore,Neutral
CUST000259,RM0156,3.2,2026-02-21 00:00:00.000000,Lucknow,Neutral
CUST000259,RM0156,2.8,2023-06-19 00:00:00.000000,Pune,Negative
CUST000259,RM0156,3.9,2023-04-13 00:00:00.000000,Ahmedabad,Neutral
CUST000259,RM0156,3.8,2026-04-14 00:00:00.000000,Hyderabad,Neutral
CUST000260,RM0152,3.2,2025-01-20 00:00:00.000000,Chennai,Neutral
CUST000260,RM0152,3.7,2025-08-15 00:00:00.000000,Ahmedabad,Neutral
CUST000260,RM0152,4.3,2024-01-18 00:00:00.000000,Lucknow,Positive
CUST000260,RM0152,5.0,2024-03-24 00:00:00.000000,Ahmedabad,Positive
CUST000261,RM0154,4.2,2024-02-06 00:00:00.000000,Ahmedabad,Positive
CUST000262,RM0147,3.8,2024-08-18 00:00:00.000000,Ahmedabad,Neutral
CUST000262,RM0147,3.2,2025-01-07 00:00:00.000000,Kolkata,Neutral
CUST000262,RM0147,3.3,2025-09-11 00:00:00.000000,Jaipur,Neutral
CUST000262,RM0147,4.2,2025-03-27 00:00:00.000000,Bangalore,Positive
CUST000262,RM0147,4.3,2023-04-02 00:00:00.000000,Lucknow,Positive
CUST000263,RM0086,3.8,2024-05-12 00:00:00.000000,Ahmedabad,Neutral
CUST000263,RM0086,4.9,2026-03-28 10:32:46.363576,Ahmedabad,Positive
CUST000263,RM0086,4.1,2023-09-24 00:00:00.000000,Pune,Positive
CUST000263,RM0086,3.5,2023-12-23 00:00:00.000000,Chennai,Neutral
CUST000264,RM0013,3.3,2026-03-08 00:00:00.000000,Bangalore,Neutral
CUST000265,RM0082,3.3,2026-07-24 00:00:00.000000,Mumbai,Neutral
CUST000266,RM0115,4.5,2024-08-23 00:00:00.000000,Pune,Positive
CUST000267,RM0033,3.4,2025-01-18 00:00:00.000000,Bangalore,Neutral
CUST000268,RM0163,4.1,2024-08-11 00:00:00.000000,Chennai,Positive
CUST000269,RM0184,3.2,2024-12-21 00:00:00.000000,Kolkata,Neutral
CUST000270,RM0216,3.8,2025-01-07 00:00:00.000000,Chennai,Neutral
CUST000271,RM0026,3.9,2025-08-29 00:00:00.000000,Bangalore,Neutral
CUST000272,RM0086,5.0,2025-12-09 00:00:00.000000,Jaipur,Positive
CUST000273,RM0165,2.7,2026-08-08 00:00:00.000000,Hyderabad,Negative
CUST000274,RM0121,4.8,2023-03-18 00:00:00.000000,Hyderabad,Positive
CUST000274,RM0121,3.2,2025-10-01 10:32:46.363615,Mumbai,Neutral
CUST000274,RM0121,5.0,2025-07-28 00:00:00.000000,Bangalore,Positive
CUST000274,RM0121,3.3,2025-09-13 10:32:46.363648,Bangalore,Neutral
CUST000275,RM0085,5.0,2026-04-22 00:00:00.000000,Jaipur,Positive
CUST000276,RM0048,4.2,2025-11-08 00:00:00.000000,Delhi,Positive
CUST000277,RM0189,2.7,2026-01-20 00:00:00.000000,Pune,Negative
CUST000278,RM0056,4.2,2023-01-28 00:00:00.000000,Chennai,Positive
CUST000279,RM0112,4.5,2023-02-15 00:00:00.000000,Jaipur,Positive
CUST000280,RM0137,4.6,2025-09-03 00:00:00.000000,Ahmedabad,Positive
CUST000281,RM0128,3.8,2024-01-30 00:00:00.000000,Chennai,Neutral
CUST000282,RM0100,5.0,2025-08-27 00:00:00.000000,Delhi,Positive
CUST000283,RM0035,5.0,2023-01-03 00:00:00.000000,Pune,Positive
CUST000284,RM0203,4.3,2023-12-05 00:00:00.000000,Ahmedabad,Positive
CUST000284,RM0101,2.7,2025-08-23 00:00:00.000000,Chennai,Negative
CUST000285,RM0108,3.0,2025-10-24 00:00:00.000000,Ahmedabad,Neutral
CUST000286,RM0087,3.7,2024-04-06 00:00:00.000000,Hyderabad,Neutral
CUST000287,RM0146,3.9,2025-07-11 00:00:00.000000,Bangalore,Neutral
CUST000288,RM0045,3.2,2025-10-18 00:00:00.000000,Jaipur,Neutral
CUST000289,RM0205,3.5,2023-09-14 00:00:00.000000,Chennai,Neutral
CUST000290,RM0222,2.0,2026-07-20 00:00:00.000000,Jaipur,Negative
CUST000290,RM0222,1.8,2026-04-16 00:00:00.000000,Jaipur,Negative
CUST000290,RM0222,4.0,2024-09-27 00:00:00.000000,Chennai,Positive
CUST000290,RM0222,5.0,2023-09-26 00:00:00.000000,Lucknow,Positive
CUST000290,RM0222,2.4,2025-09-30 10:32:46.363690,Pune,Negative
CUST000291,RM0169,3.8,2026-02-12 10:32:46.363723,Jaipur,Neutral
CUST000291,RM0169,4.0,2025-10-21 10:32:46.363756,Chennai,Positive
CUST000291,RM0169,4.4,2026-06-04 10:32:46.363788,Hyderabad,Positive
CUST000291,RM0169,3.5,2026-01-23 00:00:00.000000,Chennai,Neutral
CUST000292,RM0232,2.9,2025-06-20 00:00:00.000000,Kolkata,Negative
CUST000293,RM0026,4.6,2025-08-08 00:00:00.000000,Jaipur,Positive
CUST000294,RM0142,2.0,2026-04-17 00:00:00.000000,Lucknow,Negative
CUST000295,RM0240,4.4,2024-09-21 00:00:00.000000,Jaipur,Positive
CUST000296,RM0002,3.2,2025-04-03 00:00:00.000000,Jaipur,Neutral
CUST000297,RM0200,4.2,2023-04-19 00:00:00.000000,Chennai,Positive
CUST000297,RM0200,5.0,2026-03-15 00:00:00.000000,Hyderabad,Positive
CUST000297,RM0200,3.3,2023-08-10 00:00:00.000000,Kolkata,Neutral
CUST000297,RM0200,3.6,2026-01-01 00:00:00.000000,Lucknow,Neutral
CUST000298,RM0163,3.6,2023-08-23 00:00:00.000000,Lucknow,Neutral
CUST000299,RM0050,5.0,2023-02-11 00:00:00.000000,Kolkata,Positive
CUST000300,RM0245,3.9,2023-08-02 00:00:00.000000,Jaipur,Neutral
CUST000301,RM0068,3.8,2024-04-24 00:00:00.000000,Bangalore,Neutral
CUST000301,RM0068,3.9,2023-11-02 00:00:00.000000,Delhi,Neutral
CUST000301,RM0068,5.0,2026-02-09 00:00:00.000000,Mumbai,Positive
CUST000302,RM0085,3.4,2023-06-22 00:00:00.000000,Bangalore,Neutral
CUST000303,RM0233,4.8,2024-10-15 00:00:00.000000,Ahmedabad,Positive
CUST000303,RM0233,3.2,2025-10-14 00:00:00.000000,Chennai,Neutral
CUST000303,RM0233,3.2,2024-09-14 00:00:00.000000,Kolkata,Neutral
CUST000304,RM0162,4.4,2025-05-25 00:00:00.000000,Bangalore,Positive
CUST000304,RM0162,5.0,2025-09-26 00:00:00.000000,Pune,Positive
CUST000304,RM0162,3.6,2023-06-04 00:00:00.000000,Hyderabad,Neutral
CUST000304,RM0162,3.6,2026-05-29 00:00:00.000000,Bangalore,Neutral
CUST000304,RM0162,4.6,2024-06-10 00:00:00.000000,Lucknow,Positive
CUST000305,RM0245,4.0,2025-02-06 00:00:00.000000,Lucknow,Positive
CUST000306,RM0176,4.7,2023-02-13 00:00:00.000000,Ahmedabad,Positive
CUST000306,RM0176,2.4,2025-09-17 00:00:00.000000,Kolkata,Negative
CUST000306,RM0147,3.0,2023-09-21 00:00:00.000000,Delhi,Neutral
CUST000306,RM0176,3.9,2025-03-09 00:00:00.000000,Delhi,Neutral
CUST000307,RM0007,4.5,2024-06-14 00:00:00.000000,Ahmedabad,Positive
CUST000308,RM0094,3.9,2024-05-12 00:00:00.000000,Mumbai,Neutral
CUST000309,RM0008,4.1,2025-08-14 00:00:00.000000,Jaipur,Positive
CUST000310,RM0088,4.6,2025-05-03 00:00:00.000000,Chennai,Positive
CUST000311,RM0189,2.8,2023-04-11 00:00:00.000000,Hyderabad,Negative
CUST000312,RM0152,4.6,2024-03-11 00:00:00.000000,Pune,Positive
CUST000313,RM0113,5.0,2024-08-24 00:00:00.000000,Chennai,Positive
CUST000313,RM0113,3.7,2024-08-20 00:00:00.000000,Chennai,Neutral
CUST000314,RM0198,3.1,2024-03-19 00:00:00.000000,Chennai,Neutral
CUST000315,RM0203,4.9,2026-01-12 00:00:00.000000,Lucknow,Positive
CUST000316,RM0217,5.0,2025-01-18 00:00:00.000000,Jaipur,Positive
CUST000317,RM0232,4.1,2025-01-05 00:00:00.000000,Ahmedabad,Positive
CUST000318,RM0173,3.1,2024-01-05 00:00:00.000000,Kolkata,Neutral
CUST000318,RM0024,4.0,2024-02-16 00:00:00.000000,Delhi,Positive
CUST000318,RM0164,3.2,2023-08-31 00:00:00.000000,Hyderabad,Neutral
CUST000318,RM0052,4.7,2025-05-30 00:00:00.000000,Bangalore,Positive
CUST000319,RM0246,3.9,2024-01-19 00:00:00.000000,Bangalore,Neutral
CUST000320,RM0017,3.1,2024-05-26 00:00:00.000000,Lucknow,Neutral
CUST000320,RM0017,4.2,2026-07-05 00:00:00.000000,Delhi,Positive
CUST000320,RM0017,3.3,2025-09-19 00:00:00.000000,Chennai,Neutral
CUST000320,RM0212,4.0,2023-04-25 00:00:00.000000,Delhi,Positive
CUST000321,RM0200,2.7,2023-06-21 00:00:00.000000,Ahmedabad,Negative
CUST000322,RM0212,4.8,2025-04-23 00:00:00.000000,Jaipur,Positive
CUST000323,RM0166,4.3,2024-07-22 00:00:00.000000,Lucknow,Positive
CUST000324,RM0193,3.5,2025-08-22 00:00:00.000000,Hyderabad,Neutral
CUST000324,RM0193,5.0,2023-06-14 00:00:00.000000,Ahmedabad,Positive
CUST000325,RM0158,3.3,2024-07-27 00:00:00.000000,Jaipur,Neutral
CUST000326,RM0117,3.6,2024-08-12 00:00:00.000000,Jaipur,Neutral
CUST000327,RM0125,4.4,2026-04-23 00:00:00.000000,Hyderabad,Positive
CUST000328,RM0148,4.9,2026-07-06 00:00:00.000000,Delhi,Positive
CUST000329,RM0062,4.4,2023-05-18 00:00:00.000000,Mumbai,Positive
CUST000330,RM0061,3.4,2023-09-29 00:00:00.000000,Delhi,Neutral
CUST000330,RM0061,3.8,2024-04-12 00:00:00.000000,Bangalore,Neutral
CUST000330,RM0061,3.4,2026-04-01 00:00:00.000000,Jaipur,Neutral
CUST000331,RM0188,3.7,2026-03-24 00:00:00.000000,Hyderabad,Neutral
CUST000332,RM0182,3.7,2025-04-16 00:00:00.000000,Ahmedabad,Neutral
CUST000333,RM0119,4.4,2023-07-16 00:00:00.000000,Hyderabad,Positive
CUST000334,RM0129,3.3,2025-08-22 00:00:00.000000,Ahmedabad,Neutral
CUST000335,RM0125,5.0,2026-02-07 00:00:00.000000,Pune,Positive
CUST000335,RM0125,4.0,2026-07-26 00:00:00.000000,Pune,Positive
CUST000336,RM0016,3.1,2023-08-16 00:00:00.000000,Kolkata,Neutral
CUST000336,RM0188,4.4,2025-06-24 00:00:00.000000,Ahmedabad,Positive
CUST000336,RM0023,3.9,2023-04-25 00:00:00.000000,Lucknow,Neutral
CUST000336,RM0182,3.5,2026-05-24 10:32:46.363863,Delhi,Neutral
CUST000337,RM0238,5.0,2025-02-02 00:00:00.000000,Bangalore,Positive
CUST000338,RM0125,3.7,2023-12-19 00:00:00.000000,Lucknow,Neutral
CUST000338,RM0041,3.5,2025-10-10 00:00:00.000000,Lucknow,Neutral
CUST000338,RM0189,5.0,2026-06-15 10:32:46.363898,Hyderabad,Positive
CUST000339,RM0012,4.5,2025-06-22 00:00:00.000000,Chennai,Positive
CUST000340,RM0233,4.8,2024-06-21 00:00:00.000000,Jaipur,Positive
CUST000340,RM0233,3.4,2025-07-29 00:00:00.000000,Jaipur,Neutral
CUST000340,RM0233,4.2,2023-05-05 00:00:00.000000,Kolkata,Positive
CUST000341,RM0203,2.6,2024-05-09 00:00:00.000000,Ahmedabad,Negative
CUST000341,RM0203,2.1,2024-04-13 00:00:00.000000,Pune,Negative
CUST000341,RM0203,3.4,2025-08-15 00:00:00.000000,Pune,Neutral
CUST000342,RM0097,4.0,2026-03-12 00:00:00.000000,Kolkata,Positive
CUST000343,RM0047,5.0,2025-04-07 00:00:00.000000,Bangalore,Positive
CUST000343,RM0047,5.0,2026-01-08 00:00:00.000000,Delhi,Positive
CUST000344,RM0205,2.9,2025-03-13 00:00:00.000000,Lucknow,Negative
CUST000345,RM0007,4.9,2023-08-08 00:00:00.000000,Jaipur,Positive
CUST000346,RM0227,2.7,2026-06-17 00:00:00.000000,Mumbai,Negative
CUST000347,RM0009,5.0,2025-09-21 10:32:46.363938,Delhi,Positive
CUST000347,RM0009,3.5,2025-07-02 00:00:00.000000,Delhi,Neutral
CUST000348,RM0178,3.4,2024-02-13 00:00:00.000000,Jaipur,Neutral
CUST000349,RM0070,5.0,2024-05-09 00:00:00.000000,Bangalore,Positive
CUST000350,RM0082,3.4,2023-03-16 00:00:00.000000,Delhi,Neutral
CUST000351,RM0158,5.0,2025-10-10 00:00:00.000000,Chennai,Positive
CUST000352,RM0234,3.4,2024-03-28 00:00:00.000000,Pune,Neutral
CUST000352,RM0234,4.9,2026-07-08 00:00:00.000000,Chennai,Positive
CUST000352,RM0234,4.1,2023-04-10 00:00:00.000000,Mumbai,Positive
CUST000352,RM0234,4.7,2025-09-28 10:32:46.363975,Mumbai,Positive
CUST000352,RM0234,3.0,2025-05-22 00:00:00.000000,Lucknow,Neutral
CUST000353,RM0132,2.2,2024-12-14 00:00:00.000000,Hyderabad,Negative
CUST000354,RM0170,3.1,2025-07-30 00:00:00.000000,Chennai,Neutral
CUST000355,RM0203,3.6,2025-10-29 00:00:00.000000,Jaipur,Neutral
CUST000356,RM0113,3.8,2026-06-25 00:00:00.000000,Jaipur,Neutral
CUST000357,RM0036,3.5,2025-12-13 00:00:00.000000,Ahmedabad,Neutral
CUST000357,RM0036,1.9,2025-07-17 00:00:00.000000,Delhi,Negative
CUST000357,RM0036,3.4,2023-12-29 00:00:00.000000,Bangalore,Neutral
CUST000357,RM0036,4.0,2024-12-28 00:00:00.000000,Bangalore,Positive
CUST000357,RM0036,3.8,2023-04-05 00:00:00.000000,Bangalore,Neutral
CUST000358,RM0199,3.6,2025-04-20 00:00:00.000000,Ahmedabad,Neutral
CUST000358,RM0199,3.5,2025-01-01 00:00:00.000000,Jaipur,Neutral
CUST000358,RM0199,4.1,2023-10-20 00:00:00.000000,Ahmedabad,Positive
CUST000358,RM0199,3.0,2024-11-07 00:00:00.000000,Lucknow,Neutral
CUST000359,RM0229,3.8,2024-06-18 00:00:00.000000,Delhi,Neutral
CUST000360,RM0016,3.6,2026-05-09 00:00:00.000000,Mumbai,Neutral
CUST000361,RM0170,2.8,2023-01-14 00:00:00.000000,Lucknow,Negative
CUST000362,RM0046,3.8,2023-09-07 00:00:00.000000,Mumbai,Neutral
CUST000363,RM0205,2.0,2026-02-10 00:00:00.000000,Mumbai,Negative
CUST000363,RM0205,3.3,2024-04-17 00:00:00.000000,Kolkata,Neutral
CUST000364,RM0020,4.3,2026-02-16 00:00:00.000000,Jaipur,Positive
CUST000365,RM0007,4.4,2025-04-10 00:00:00.000000,Mumbai,Positive
CUST000366,RM0069,4.0,2025-08-22 00:00:00.000000,Bangalore,Positive
CUST000367,RM0143,4.2,2024-07-08 00:00:00.000000,Pune,Positive
CUST000368,RM0005,4.6,2024-03-26 00:00:00.000000,Bangalore,Positive
CUST000369,RM0131,4.1,2023-05-11 00:00:00.000000,Bangalore,Positive
CUST000370,RM0112,5.0,2026-08-04 00:00:00.000000,Jaipur,Positive
CUST000370,RM0219,1.9,2025-03-24 00:00:00.000000,Hyderabad,Negative
CUST000370,RM0219,4.8,2025-08-22 00:00:00.000000,Lucknow,Positive
CUST000371,RM0007,1.8,2026-07-02 00:00:00.000000,Lucknow,Negative
CUST000372,RM0103,3.4,2025-11-15 10:32:46.364021,Pune,Neutral
CUST000373,RM0174,4.7,2023-12-03 00:00:00.000000,Pune,Positive
CUST000374,RM0033,4.6,2023-11-23 00:00:00.000000,Bangalore,Positive
CUST000375,RM0147,3.0,2023-03-01 00:00:00.000000,Chennai,Neutral
CUST000375,RM0147,4.0,2024-01-09 00:00:00.000000,Ahmedabad,Positive
CUST000376,RM0192,3.4,2023-08-26 00:00:00.000000,Delhi,Neutral
CUST000377,RM0221,4.8,2025-04-11 00:00:00.000000,Hyderabad,Positive
CUST000378,RM0235,3.9,2025-07-28 00:00:00.000000,Delhi,Neutral
CUST000379,RM0091,3.4,2024-06-11 00:00:00.000000,Jaipur,Neutral
CUST000380,RM0240,4.4,2023-11-15 00:00:00.000000,Hyderabad,Positive
CUST000381,RM0026,4.6,2023-12-31 00:00:00.000000,Delhi,Positive
CUST000382,RM0123,4.0,2025-11-26 00:00:00.000000,Kolkata,Positive
CUST000383,RM0038,3.8,2026-03-16 00:00:00.000000,Kolkata,Neutral
CUST000384,RM0122,4.7,2023-11-29 00:00:00.000000,Ahmedabad,Positive
CUST000385,RM0131,5.0,2024-07-10 00:00:00.000000,Pune,Positive
CUST000386,RM0131,1.9,2023-09-03 00:00:00.000000,Lucknow,Negative
CUST000387,RM0004,5.0,2023-01-05 00:00:00.000000,Bangalore,Positive
CUST000388,RM0181,5.0,2023-03-21 00:00:00.000000,Mumbai,Positive
CUST000389,RM0017,4.4,2023-11-14 00:00:00.000000,Pune,Positive
CUST000389,RM0017,3.7,2026-07-27 00:00:00.000000,Jaipur,Neutral
CUST000389,RM0017,2.4,2025-02-11 00:00:00.000000,Chennai,Negative
CUST000390,RM0040,4.0,2025-06-20 00:00:00.000000,Hyderabad,Positive
CUST000391,RM0199,3.6,2025-07-30 00:00:00.000000,Pune,Neutral
CUST000392,RM0143,2.6,2023-04-22 00:00:00.000000,Lucknow,Negative
CUST000393,RM0167,3.3,2024-04-27 00:00:00.000000,Lucknow,Neutral
CUST000394,RM0061,4.0,2023-03-06 00:00:00.000000,Jaipur,Positive
CUST000395,RM0142,4.3,2023-02-07 00:00:00.000000,Bangalore,Positive
CUST000396,RM0012,3.0,2025-03-03 00:00:00.000000,Kolkata,Neutral
CUST000397,RM0140,1.6,2023-08-13 00:00:00.000000,Delhi,Negative
CUST000398,RM0168,3.7,2023-08-17 00:00:00.000000,Hyderabad,Neutral
CUST000399,RM0080,3.1,2026-05-23 00:00:00.000000,Kolkata,Neutral
CUST000399,RM0158,3.6,2024-04-04 00:00:00.000000,Delhi,Neutral
CUST000399,RM0228,2.0,2024-06-02 00:00:00.000000,Delhi,Negative
CUST000400,RM0123,3.7,2023-07-01 00:00:00.000000,Hyderabad,Neutral
CUST000401,RM0180,4.4,2024-10-11 00:00:00.000000,Hyderabad,Positive
CUST000402,RM0206,3.6,2023-10-19 00:00:00.000000,Chennai,Neutral
CUST000403,RM0081,4.1,2023-02-10 00:00:00.000000,Kolkata,Positive
CUST000404,RM0211,3.7,2024-06-06 00:00:00.000000,Delhi,Neutral
CUST000405,RM0122,2.0,2025-10-08 00:00:00.000000,Mumbai,Negative
CUST000405,RM0122,4.1,2023-09-15 00:00:00.000000,Jaipur,Positive
CUST000405,RM0122,3.2,2024-11-22 00:00:00.000000,Jaipur,Neutral
CUST000405,RM0122,2.7,2025-05-10 00:00:00.000000,Jaipur,Negative
CUST000406,RM0155,4.7,2025-12-09 00:00:00.000000,Pune,Positive
CUST000407,RM0015,4.3,2023-08-09 00:00:00.000000,Chennai,Positive
CUST000408,RM0062,3.4,2024-02-15 00:00:00.000000,Ahmedabad,Neutral
CUST000409,RM0224,3.8,2024-08-05 00:00:00.000000,Chennai,Neutral
CUST000410,RM0236,4.2,2025-06-02 00:00:00.000000,Pune,Positive
CUST000411,RM0023,2.3,2023-04-26 00:00:00.000000,Hyderabad,Negative
CUST000412,RM0203,2.9,2023-09-01 00:00:00.000000,Pune,Negative
CUST000413,RM0170,2.9,2026-07-08 00:00:00.000000,Pune,Negative
CUST000414,RM0153,4.5,2025-02-02 00:00:00.000000,Delhi,Positive
CUST000415,RM0234,5.0,2023-02-19 00:00:00.000000,Chennai,Positive
CUST000416,RM0246,4.6,2025-08-16 00:00:00.000000,Mumbai,Positive
CUST000417,RM0216,4.1,2025-12-31 00:00:00.000000,Kolkata,Positive
CUST000418,RM0190,3.0,2025-11-16 00:00:00.000000,Bangalore,Neutral
CUST000419,RM0054,4.7,2023-11-15 00:00:00.000000,Delhi,Positive
CUST000420,RM0089,3.6,2023-10-09 00:00:00.000000,Kolkata,Neutral
CUST000421,RM0082,3.0,2026-05-24 00:00:00.000000,Jaipur,Neutral
CUST000422,RM0086,4.7,2023-04-12 00:00:00.000000,Bangalore,Positive
CUST000423,RM0103,5.0,2024-08-25 00:00:00.000000,Lucknow,Positive
CUST000424,RM0117,4.7,2025-07-14 00:00:00.000000,Mumbai,Positive
CUST000425,RM0185,5.0,2024-02-22 00:00:00.000000,Bangalore,Positive
CUST000426,RM0175,3.2,2026-07-17 00:00:00.000000,Kolkata,Neutral
CUST000426,RM0175,3.5,2025-05-12 00:00:00.000000,Chennai,Neutral
CUST000426,RM0175,3.1,2023-12-04 00:00:00.000000,Bangalore,Neutral
CUST000426,RM0175,3.1,2024-10-06 00:00:00.000000,Lucknow,Neutral
CUST000427,RM0212,5.0,2024-06-10 00:00:00.000000,Jaipur,Positive
CUST000428,RM0222,2.9,2026-07-11 00:00:00.000000,Hyderabad,Negative
CUST000429,RM0216,3.5,2024-08-10 00:00:00.000000,Bangalore,Neutral
CUST000430,RM0111,5.0,2024-04-18 00:00:00.000000,Mumbai,Positive
CUST000430,RM0111,4.4,2025-09-05 00:00:00.000000,Jaipur,Positive
CUST000430,RM0111,3.0,2023-11-25 00:00:00.000000,Jaipur,Neutral
CUST000430,RM0111,3.9,2023-01-13 00:00:00.000000,Mumbai,Neutral
CUST000430,RM0111,2.3,2026-07-16 10:32:46.364084,Jaipur,Negative
CUST000431,RM0155,3.8,2025-11-12 00:00:00.000000,Delhi,Neutral
CUST000432,RM0039,4.1,2025-12-09 00:00:00.000000,Pune,Positive
CUST000433,RM0117,4.1,2024-09-26 00:00:00.000000,Bangalore,Positive
CUST000434,RM0111,5.0,2024-02-15 00:00:00.000000,Delhi,Positive
CUST000435,RM0020,4.7,2024-06-11 00:00:00.000000,Kolkata,Positive
CUST000436,RM0150,2.8,2025-07-30 00:00:00.000000,Mumbai,Negative
CUST000437,RM0088,4.1,2023-01-28 00:00:00.000000,Chennai,Positive
CUST000438,RM0236,3.9,2024-02-12 00:00:00.000000,Hyderabad,Neutral
CUST000439,RM0153,5.0,2026-04-11 00:00:00.000000,Pune,Positive
CUST000440,RM0153,3.6,2026-05-07 00:00:00.000000,Bangalore,Neutral
CUST000441,RM0138,4.1,2025-10-30 00:00:00.000000,Lucknow,Positive
CUST000442,RM0057,4.3,2025-07-14 00:00:00.000000,Hyderabad,Positive
CUST000443,RM0065,2.9,2025-09-28 10:32:46.364123,Chennai,Negative
CUST000444,RM0017,2.5,2023-10-22 00:00:00.000000,Lucknow,Negative
CUST000445,RM0017,3.8,2024-08-03 00:00:00.000000,Pune,Neutral
CUST000446,RM0023,4.7,2023-03-13 00:00:00.000000,Kolkata,Positive
CUST000446,RM0023,2.7,2023-03-10 00:00:00.000000,Ahmedabad,Negative
CUST000447,RM0044,3.9,2023-11-10 00:00:00.000000,Kolkata,Neutral
CUST000447,RM0044,3.3,2025-12-21 10:32:46.364159,Ahmedabad,Neutral
CUST000448,RM0227,2.1,2026-01-23 00:00:00.000000,Delhi,Negative
CUST000448,RM0227,4.2,2025-09-30 00:00:00.000000,Pune,Positive
CUST000448,RM0227,4.4,2023-08-25 00:00:00.000000,Mumbai,Positive
CUST000449,RM0110,4.7,2024-11-25 00:00:00.000000,Jaipur,Positive
CUST000450,RM0088,4.8,2025-03-07 00:00:00.000000,Mumbai,Positive
CUST000450,RM0148,3.9,2025-05-23 00:00:00.000000,Jaipur,Neutral
CUST000451,RM0033,4.4,2026-03-09 10:32:46.364194,Jaipur,Positive
CUST000452,RM0107,4.2,2023-02-03 00:00:00.000000,Pune,Positive
CUST000453,RM0091,1.4,2026-03-13 00:00:00.000000,Chennai,Negative
CUST000454,RM0106,2.5,2025-02-14 00:00:00.000000,Jaipur,Negative
CUST000455,RM0157,3.3,2026-05-27 00:00:00.000000,Pune,Neutral
CUST000456,RM0250,4.1,2023-08-10 00:00:00.000000,Lucknow,Positive
CUST000456,RM0250,4.3,2024-12-01 00:00:00.000000,Pune,Positive
CUST000457,RM0102,4.7,2023-10-12 00:00:00.000000,Delhi,Positive
CUST000457,RM0076,4.7,2024-05-14 00:00:00.000000,Lucknow,Positive
CUST000457,RM0091,4.2,2025-11-22 00:00:00.000000,Mumbai,Positive
CUST000458,RM0169,4.5,2023-08-01 00:00:00.000000,Lucknow,Positive
CUST000459,RM0055,5.0,2025-05-13 00:00:00.000000,Pune,Positive
CUST000460,RM0014,4.4,2023-10-12 00:00:00.000000,Kolkata,Positive
CUST000461,RM0034,4.0,2024-01-23 00:00:00.000000,Ahmedabad,Positive
CUST000462,RM0223,4.5,2025-10-23 00:00:00.000000,Jaipur,Positive
CUST000463,RM0070,4.8,2025-08-22 00:00:00.000000,Ahmedabad,Positive
CUST000464,RM0001,5.0,2024-03-21 00:00:00.000000,Bangalore,Positive
CUST000465,RM0167,2.9,2026-03-03 00:00:00.000000,Mumbai,Negative
CUST000465,RM0167,2.4,2025-12-31 00:00:00.000000,Ahmedabad,Negative
CUST000465,RM0019,4.2,2026-07-27 00:00:00.000000,Hyderabad,Positive
CUST000465,RM0050,4.0,2024-07-30 00:00:00.000000,Mumbai,Positive
CUST000466,RM0156,2.6,2023-01-13 00:00:00.000000,Lucknow,Negative
CUST000466,RM0156,3.8,2025-12-27 10:32:46.364239,Lucknow,Neutral
CUST000466,RM0156,5.0,2024-01-18 00:00:00.000000,Hyderabad,Positive
CUST000467,RM0170,4.0,2023-05-07 00:00:00.000000,Hyderabad,Positive
CUST000468,RM0148,4.0,2026-03-16 00:00:00.000000,Chennai,Positive
CUST000469,RM0177,4.0,2025-06-12 00:00:00.000000,Chennai,Positive
CUST000469,RM0052,3.6,2026-03-10 00:00:00.000000,Lucknow,Neutral
CUST000469,RM0177,5.0,2025-02-26 00:00:00.000000,Mumbai,Positive
CUST000469,RM0177,4.4,2023-05-19 00:00:00.000000,Chennai,Positive
CUST000469,RM0177,3.5,2023-02-06 00:00:00.000000,Ahmedabad,Neutral
CUST000470,RM0227,5.0,2024-02-02 00:00:00.000000,Mumbai,Positive
CUST000471,RM0030,4.2,2025-09-30 00:00:00.000000,Mumbai,Positive
CUST000471,RM0030,3.6,2023-08-18 00:00:00.000000,Ahmedabad,Neutral
CUST000471,RM0030,1.9,2025-04-04 00:00:00.000000,Pune,Negative
CUST000471,RM0030,4.1,2024-07-02 00:00:00.000000,Mumbai,Positive
CUST000471,RM0030,3.5,2026-04-28 00:00:00.000000,Delhi,Neutral
CUST000472,RM0197,3.7,2023-01-24 00:00:00.000000,Chennai,Neutral
CUST000473,RM0118,3.6,2025-08-21 00:00:00.000000,Hyderabad,Neutral
CUST000474,RM0164,2.2,2024-08-29 00:00:00.000000,Hyderabad,Negative
CUST000474,RM0164,5.0,2023-10-13 00:00:00.000000,Mumbai,Positive
CUST000474,RM0164,3.3,2025-08-31 00:00:00.000000,Mumbai,Neutral
CUST000474,RM0164,4.7,2024-07-26 00:00:00.000000,Bangalore,Positive
CUST000475,RM0030,3.8,2026-02-24 00:00:00.000000,Jaipur,Neutral
CUST000476,RM0015,1.3,2025-03-17 00:00:00.000000,Bangalore,Negative
CUST000477,RM0232,3.9,2023-10-14 00:00:00.000000,Ahmedabad,Neutral
CUST000478,RM0240,4.1,2025-09-01 00:00:00.000000,Kolkata,Positive
CUST000479,RM0232,3.5,2026-07-27 00:00:00.000000,Ahmedabad,Neutral
CUST000480,RM0061,5.0,2026-06-08 10:32:46.364298,Lucknow,Positive
CUST000481,RM0046,5.0,2023-09-15 00:00:00.000000,Jaipur,Positive
CUST000482,RM0114,4.3,2025-08-19 00:00:00.000000,Ahmedabad,Positive
CUST000482,RM0114,4.4,2026-05-27 00:00:00.000000,Lucknow,Positive
CUST000482,RM0114,2.8,2024-05-24 00:00:00.000000,Chennai,Negative
CUST000483,RM0215,4.0,2025-04-27 00:00:00.000000,Ahmedabad,Positive
CUST000484,RM0114,2.8,2026-07-09 00:00:00.000000,Jaipur,Negative
CUST000485,RM0124,3.3,2025-01-15 00:00:00.000000,Jaipur,Neutral
CUST000486,RM0207,5.0,2025-02-12 00:00:00.000000,Jaipur,Positive
CUST000487,RM0003,3.5,2025-01-22 00:00:00.000000,Jaipur,Neutral
CUST000488,RM0168,5.0,2024-09-23 00:00:00.000000,Chennai,Positive
CUST000489,RM0032,3.3,2023-07-10 00:00:00.000000,Kolkata,Neutral
CUST000489,RM0032,3.0,2024-08-03 00:00:00.000000,Delhi,Neutral
CUST000489,RM0032,3.5,2026-01-28 00:00:00.000000,Jaipur,Neutral
CUST000489,RM0032,3.5,2023-12-27 00:00:00.000000,Jaipur,Neutral
CUST000490,RM0199,3.3,2024-10-11 00:00:00.000000,Jaipur,Neutral
CUST000491,RM0145,5.0,2025-10-21 00:00:00.000000,Chennai,Positive
CUST000492,RM0017,3.9,2025-07-04 00:00:00.000000,Jaipur,Neutral
CUST000493,RM0150,3.8,2023-05-22 00:00:00.000000,Jaipur,Neutral
CUST000494,RM0164,4.0,2026-04-09 00:00:00.000000,Hyderabad,Positive
CUST000495,RM0191,4.9,2023-04-26 00:00:00.000000,Bangalore,Positive
CUST000495,RM0191,4.0,2024-08-07 00:00:00.000000,Kolkata,Positive
CUST000495,RM0191,4.3,2026-05-28 00:00:00.000000,Chennai,Positive
CUST000495,RM0191,5.0,2023-11-25 00:00:00.000000,Mumbai,Positive
CUST000495,RM0191,2.9,2023-05-07 00:00:00.000000,Ahmedabad,Negative
CUST000496,RM0077,3.2,2026-03-28 00:00:00.000000,Jaipur,Neutral
CUST000497,RM0129,4.1,2025-07-09 00:00:00.000000,Hyderabad,Positive
CUST000498,RM0063,3.3,2024-11-08 00:00:00.000000,Ahmedabad,Neutral
CUST000499,RM0121,3.8,2023-02-11 00:00:00.000000,Jaipur,Neutral
CUST000499,RM0121,2.9,2026-01-07 00:00:00.000000,Pune,Negative
CUST000499,RM0121,3.1,2025-04-11 00:00:00.000000,Lucknow,Neutral
CUST000499,RM0121,5.0,2024-08-28 00:00:00.000000,Jaipur,Positive
CUST000499,RM0121,3.6,2023-10-31 00:00:00.000000,Hyderabad,Neutral
CUST000500,RM0126,3.5,2025-12-25 00:00:00.000000,Chennai,Neutral
CUST000501,RM0031,3.2,2024-04-01 00:00:00.000000,Kolkata,Neutral
CUST000501,RM0061,3.1,2026-07-01 00:00:00.000000,Ahmedabad,Neutral
CUST000501,RM0077,3.0,2026-06-15 00:00:00.000000,Chennai,Neutral
CUST000502,RM0162,2.7,2026-06-04 00:00:00.000000,Hyderabad,Negative
CUST000502,RM0162,3.3,2023-06-11 00:00:00.000000,Bangalore,Neutral
CUST000502,RM0162,3.9,2025-03-04 00:00:00.000000,Kolkata,Neutral
CUST000502,RM0162,4.6,2023-02-09 00:00:00.000000,Lucknow,Positive
CUST000503,RM0081,3.9,2025-05-20 00:00:00.000000,Mumbai,Neutral
CUST000504,RM0225,3.0,2023-11-10 00:00:00.000000,Pune,Neutral
CUST000504,RM0225,4.0,2024-08-15 00:00:00.000000,Mumbai,Positive
CUST000505,RM0088,3.5,2026-07-29 00:00:00.000000,Hyderabad,Neutral
CUST000506,RM0215,3.4,2023-04-26 00:00:00.000000,Mumbai,Neutral
CUST000507,RM0124,3.3,2026-06-19 00:00:00.000000,Kolkata,Neutral
CUST000508,RM0164,3.6,2023-10-02 00:00:00.000000,Hyderabad,Neutral
CUST000509,RM0240,4.9,2024-02-24 00:00:00.000000,Jaipur,Positive
CUST000510,RM0129,4.7,2026-05-15 00:00:00.000000,Delhi,Positive
CUST000511,RM0089,5.0,2025-02-14 00:00:00.000000,Delhi,Positive
CUST000512,RM0135,3.1,2024-06-30 00:00:00.000000,Mumbai,Neutral
CUST000513,RM0229,2.9,2025-11-30 10:32:46.364357,Lucknow,Negative
CUST000514,RM0167,3.6,2024-09-23 00:00:00.000000,Kolkata,Neutral
CUST000515,RM0218,5.0,2024-11-02 00:00:00.000000,Bangalore,Positive
CUST000516,RM0182,1.9,2025-02-20 00:00:00.000000,Bangalore,Negative
CUST000517,RM0011,4.1,2026-01-18 00:00:00.000000,Bangalore,Positive
CUST000518,RM0091,3.7,2023-07-30 00:00:00.000000,Kolkata,Neutral
CUST000519,RM0115,4.6,2026-01-23 00:00:00.000000,Chennai,Positive
CUST000520,RM0247,4.4,2024-09-11 00:00:00.000000,Delhi,Positive
CUST000520,RM0247,4.6,2025-09-03 00:00:00.000000,Jaipur,Positive
CUST000520,RM0247,4.5,2025-09-09 00:00:00.000000,Hyderabad,Positive
CUST000520,RM0247,5.0,2025-02-19 00:00:00.000000,Delhi,Positive
CUST000520,RM0247,5.0,2024-03-20 00:00:00.000000,Lucknow,Positive
CUST000521,RM0127,4.8,2024-04-16 00:00:00.000000,Pune,Positive
CUST000522,RM0189,3.5,2023-01-01 00:00:00.000000,Jaipur,Neutral
CUST000523,RM0027,3.6,2024-05-22 00:00:00.000000,Jaipur,Neutral
CUST000523,RM0027,5.0,2024-04-28 00:00:00.000000,Pune,Positive
CUST000524,RM0020,5.0,2023-02-05 00:00:00.000000,Chennai,Positive
CUST000525,RM0229,3.1,2025-08-30 00:00:00.000000,Mumbai,Neutral
CUST000525,RM0229,2.0,2025-11-24 00:00:00.000000,Jaipur,Negative
CUST000526,RM0162,2.2,2026-02-19 00:00:00.000000,Chennai,Negative
CUST000526,RM0162,5.0,2025-02-22 00:00:00.000000,Jaipur,Positive
CUST000526,RM0162,5.0,2024-11-04 00:00:00.000000,Hyderabad,Positive
CUST000526,RM0162,4.0,2025-04-30 00:00:00.000000,Jaipur,Positive
CUST000526,RM0162,4.3,2024-02-17 00:00:00.000000,Pune,Positive
CUST000527,RM0120,5.0,2024-12-15 00:00:00.000000,Pune,Positive
CUST000527,RM0120,5.0,2024-06-21 00:00:00.000000,Hyderabad,Positive
CUST000527,RM0120,4.7,2023-08-10 00:00:00.000000,Ahmedabad,Positive
CUST000527,RM0203,4.0,2024-03-24 00:00:00.000000,Bangalore,Positive
CUST000527,RM0120,3.6,2024-12-09 00:00:00.000000,Jaipur,Neutral
CUST000528,RM0242,3.7,2023-09-25 00:00:00.000000,Chennai,Neutral
CUST000529,RM0084,3.2,2023-12-11 00:00:00.000000,Bangalore,Neutral
CUST000530,RM0153,4.7,2024-01-06 00:00:00.000000,Kolkata,Positive
CUST000531,RM0029,3.9,2025-05-07 00:00:00.000000,Lucknow,Neutral
CUST000531,RM0029,3.2,2024-03-03 00:00:00.000000,Bangalore,Neutral
CUST000532,RM0157,5.0,2024-07-24 00:00:00.000000,Bangalore,Positive
CUST000533,RM0210,4.6,2025-11-26 00:00:00.000000,Mumbai,Positive
CUST000534,RM0191,4.3,2023-10-15 00:00:00.000000,Bangalore,Positive
CUST000535,RM0099,3.8,2023-09-10 00:00:00.000000,Hyderabad,Neutral
CUST000536,RM0032,4.5,2026-06-23 00:00:00.000000,Hyderabad,Positive
CUST000537,RM0108,3.7,2025-07-21 00:00:00.000000,Hyderabad,Neutral
CUST000538,RM0137,5.0,2025-01-14 00:00:00.000000,Jaipur,Positive
CUST000539,RM0047,5.0,2025-09-07 00:00:00.000000,Jaipur,Positive
CUST000540,RM0077,3.2,2024-10-07 00:00:00.000000,Jaipur,Neutral
CUST000541,RM0213,3.7,2023-03-11 00:00:00.000000,Ahmedabad,Neutral
CUST000542,RM0192,3.1,2024-08-25 00:00:00.000000,Ahmedabad,Neutral
CUST000542,RM0027,2.1,2024-02-22 00:00:00.000000,Jaipur,Negative
CUST000542,RM0234,5.0,2024-04-12 00:00:00.000000,Hyderabad,Positive
CUST000543,RM0162,3.9,2023-10-15 00:00:00.000000,Mumbai,Neutral
CUST000543,RM0162,2.9,2023-04-25 00:00:00.000000,Kolkata,Negative
CUST000544,RM0024,2.3,2023-11-07 00:00:00.000000,Bangalore,Negative
CUST000545,RM0131,4.0,2023-11-22 00:00:00.000000,Delhi,Positive
CUST000546,RM0208,4.0,2025-07-07 00:00:00.000000,Kolkata,Positive
CUST000547,RM0207,4.2,2024-01-18 00:00:00.000000,Bangalore,Positive
CUST000548,RM0165,4.4,2026-01-07 00:00:00.000000,Hyderabad,Positive
CUST000549,RM0001,4.4,2025-12-26 00:00:00.000000,Delhi,Positive
CUST000550,RM0124,5.0,2023-10-27 00:00:00.000000,Pune,Positive
CUST000551,RM0152,4.9,2026-01-20 00:00:00.000000,Hyderabad,Positive
CUST000552,RM0116,2.7,2023-01-22 00:00:00.000000,Delhi,Negative
CUST000552,RM0116,2.9,2024-08-16 00:00:00.000000,Kolkata,Negative
CUST000552,RM0116,5.0,2025-08-21 00:00:00.000000,Kolkata,Positive
CUST000552,RM0116,3.4,2026-02-15 00:00:00.000000,Kolkata,Neutral
CUST000552,RM0116,2.5,2024-01-08 00:00:00.000000,Chennai,Negative
CUST000553,RM0188,2.6,2026-04-19 00:00:00.000000,Mumbai,Negative
CUST000553,RM0188,4.9,2026-06-22 00:00:00.000000,Hyderabad,Positive
CUST000553,RM0188,4.9,2025-01-30 00:00:00.000000,Mumbai,Positive
CUST000554,RM0118,4.1,2024-05-11 00:00:00.000000,Bangalore,Positive
CUST000555,RM0213,3.1,2024-02-10 00:00:00.000000,Pune,Neutral
CUST000555,RM0213,3.9,2025-01-10 00:00:00.000000,Bangalore,Neutral
CUST000556,RM0089,3.8,2026-01-09 00:00:00.000000,Mumbai,Neutral
CUST000557,RM0102,3.6,2025-11-18 00:00:00.000000,Mumbai,Neutral
CUST000558,RM0024,4.7,2025-03-17 00:00:00.000000,Kolkata,Positive
CUST000559,RM0064,3.5,2024-05-16 00:00:00.000000,Hyderabad,Neutral
CUST000560,RM0070,4.5,2023-05-08 00:00:00.000000,Delhi,Positive
CUST000560,RM0070,4.3,2024-02-11 00:00:00.000000,Mumbai,Positive
CUST000560,RM0070,2.6,2023-08-30 00:00:00.000000,Pune,Negative
CUST000560,RM0070,5.0,2026-06-25 00:00:00.000000,Hyderabad,Positive
CUST000561,RM0249,4.6,2024-01-26 00:00:00.000000,Bangalore,Positive
CUST000562,RM0079,2.4,2025-10-22 00:00:00.000000,Pune,Negative
CUST000563,RM0177,2.6,2023-12-28 00:00:00.000000,Kolkata,Negative
CUST000563,RM0177,5.0,2025-08-07 00:00:00.000000,Jaipur,Positive
CUST000564,RM0124,4.2,2023-11-17 00:00:00.000000,Mumbai,Positive
CUST000565,RM0062,4.6,2023-03-09 00:00:00.000000,Jaipur,Positive
CUST000565,RM0172,4.4,2025-09-01 00:00:00.000000,Delhi,Positive
CUST000566,RM0199,5.0,2024-02-01 00:00:00.000000,Jaipur,Positive
CUST000566,RM0199,5.0,2025-11-27 00:00:00.000000,Delhi,Positive
CUST000567,RM0196,3.1,2025-08-05 00:00:00.000000,Jaipur,Neutral
CUST000568,RM0128,4.5,2026-05-19 00:00:00.000000,Kolkata,Positive
CUST000569,RM0045,2.6,2023-06-13 00:00:00.000000,Pune,Negative
CUST000569,RM0045,2.9,2024-04-05 00:00:00.000000,Chennai,Negative
CUST000569,RM0045,3.7,2024-01-01 00:00:00.000000,Jaipur,Neutral
CUST000569,RM0045,2.3,2025-07-31 00:00:00.000000,Jaipur,Negative
CUST000569,RM0045,3.2,2025-04-19 00:00:00.000000,Mumbai,Neutral
CUST000570,RM0032,1.8,2023-09-01 00:00:00.000000,Jaipur,Negative
CUST000571,RM0127,4.0,2025-03-22 00:00:00.000000,Hyderabad,Positive
CUST000572,RM0085,5.0,2024-07-05 00:00:00.000000,Ahmedabad,Positive
CUST000573,RM0069,4.0,2023-12-26 00:00:00.000000,Ahmedabad,Positive
CUST000574,RM0148,4.0,2023-06-01 00:00:00.000000,Hyderabad,Positive
CUST000575,RM0221,3.6,2026-05-06 00:00:00.000000,Bangalore,Neutral
CUST000576,RM0036,5.0,2025-08-04 00:00:00.000000,Pune,Positive
CUST000577,RM0064,3.9,2026-06-08 00:00:00.000000,Jaipur,Neutral
CUST000578,RM0214,2.9,2024-10-05 00:00:00.000000,Lucknow,Negative
CUST000579,RM0026,4.2,2024-09-30 00:00:00.000000,Kolkata,Positive
CUST000580,RM0152,5.0,2023-08-01 00:00:00.000000,Pune,Positive
CUST000581,RM0173,2.6,2024-05-23 00:00:00.000000,Ahmedabad,Negative
CUST000581,RM0078,3.1,2024-06-15 00:00:00.000000,Kolkata,Neutral
CUST000581,RM0173,3.9,2026-07-03 00:00:00.000000,Kolkata,Neutral
CUST000581,RM0173,3.6,2024-04-12 00:00:00.000000,Chennai,Neutral
CUST000581,RM0173,4.4,2025-05-25 00:00:00.000000,Jaipur,Positive
CUST000582,RM0087,3.0,2024-03-30 00:00:00.000000,Delhi,Neutral
CUST000583,RM0024,3.5,2024-04-20 00:00:00.000000,Delhi,Neutral
CUST000584,RM0185,4.1,2024-01-25 00:00:00.000000,Lucknow,Positive
CUST000585,RM0140,4.1,2026-02-10 00:00:00.000000,Delhi,Positive
CUST000586,RM0241,5.0,2023-08-27 00:00:00.000000,Lucknow,Positive
CUST000587,RM0148,4.8,2023-11-20 00:00:00.000000,Bangalore,Positive
CUST000587,RM0148,2.5,2023-08-24 00:00:00.000000,Hyderabad,Negative
CUST000588,RM0033,3.0,2026-06-01 00:00:00.000000,Jaipur,Neutral
CUST000589,RM0098,2.6,2025-04-01 00:00:00.000000,Lucknow,Negative
CUST000590,RM0235,5.0,2023-04-30 00:00:00.000000,Pune,Positive
CUST000590,RM0235,2.9,2026-02-13 00:00:00.000000,Mumbai,Negative
CUST000590,RM0235,4.6,2024-03-01 00:00:00.000000,Lucknow,Positive
CUST000590,RM0235,4.5,2023-08-02 00:00:00.000000,Lucknow,Positive
CUST000590,RM0235,2.5,2023-09-18 00:00:00.000000,Lucknow,Negative
CUST000591,RM0206,3.6,2024-05-13 00:00:00.000000,Lucknow,Neutral
CUST000592,RM0167,3.7,2026-01-26 00:00:00.000000,Lucknow,Neutral
CUST000593,RM0173,2.4,2025-06-13 00:00:00.000000,Ahmedabad,Negative
CUST000594,RM0059,5.0,2023-10-29 00:00:00.000000,Bangalore,Positive
CUST000595,RM0156,4.2,2025-05-27 00:00:00.000000,Pune,Positive
CUST000596,RM0109,5.0,2025-06-04 00:00:00.000000,Bangalore,Positive
CUST000597,RM0137,5.0,2024-08-29 00:00:00.000000,Ahmedabad,Positive
CUST000598,RM0032,4.2,2024-09-10 00:00:00.000000,Jaipur,Positive
CUST000599,RM0177,4.4,2025-01-03 00:00:00.000000,Delhi,Positive
CUST000600,RM0208,3.2,2026-04-04 10:32:46.364493,Kolkata,Neutral
CUST000601,RM0001,5.0,2023-02-23 00:00:00.000000,Jaipur,Positive
CUST000602,RM0204,4.0,2026-01-01 00:00:00.000000,Ahmedabad,Positive
CUST000603,RM0069,3.6,2025-04-06 00:00:00.000000,Chennai,Neutral
CUST000603,RM0186,3.2,2026-01-31 00:00:00.000000,Kolkata,Neutral
CUST000603,RM0186,4.1,2024-09-29 00:00:00.000000,Lucknow,Positive
CUST000603,RM0186,4.6,2023-06-22 00:00:00.000000,Jaipur,Positive
CUST000604,RM0089,4.2,2026-03-09 00:00:00.000000,Chennai,Positive
CUST000605,RM0072,4.5,2024-12-21 00:00:00.000000,Hyderabad,Positive
CUST000606,RM0248,3.8,2023-09-03 00:00:00.000000,Chennai,Neutral
CUST000606,RM0248,4.5,2025-07-04 00:00:00.000000,Kolkata,Positive
CUST000606,RM0248,4.5,2026-07-14 10:32:46.364574,Mumbai,Positive
CUST000607,RM0198,5.0,2025-06-15 00:00:00.000000,Hyderabad,Positive
CUST000608,RM0230,4.0,2024-09-13 00:00:00.000000,Delhi,Positive
CUST000609,RM0055,4.8,2023-03-05 00:00:00.000000,Delhi,Positive
CUST000609,RM0055,4.2,2024-07-28 00:00:00.000000,Mumbai,Positive
CUST000610,RM0075,4.4,2024-04-18 00:00:00.000000,Chennai,Positive
CUST000611,RM0121,2.8,2024-08-01 00:00:00.000000,Bangalore,Negative
CUST000612,RM0141,5.0,2024-02-02 00:00:00.000000,Ahmedabad,Positive
CUST000613,RM0187,3.8,2025-01-14 00:00:00.000000,Hyderabad,Neutral
CUST000614,RM0099,3.9,2023-07-24 00:00:00.000000,Bangalore,Neutral
CUST000615,RM0068,3.5,2025-03-19 00:00:00.000000,Hyderabad,Neutral
CUST000616,RM0025,3.1,2025-02-28 00:00:00.000000,Bangalore,Neutral
CUST000617,RM0137,3.2,2026-05-26 00:00:00.000000,Kolkata,Neutral
CUST000618,RM0107,2.9,2024-07-04 00:00:00.000000,Delhi,Negative
CUST000619,RM0011,4.0,2026-01-30 10:32:46.364640,Mumbai,Positive
CUST000620,RM0026,3.8,2025-11-01 00:00:00.000000,Jaipur,Neutral
CUST000621,RM0146,4.8,2025-06-20 00:00:00.000000,Pune,Positive
CUST000621,RM0146,4.0,2026-07-11 00:00:00.000000,Bangalore,Positive
CUST000622,RM0059,4.7,2025-04-01 00:00:00.000000,Delhi,Positive
CUST000622,RM0059,4.5,2025-11-30 00:00:00.000000,Lucknow,Positive
CUST000622,RM0059,3.6,2023-05-10 00:00:00.000000,Hyderabad,Neutral
CUST000623,RM0145,5.0,2023-05-26 00:00:00.000000,Kolkata,Positive
CUST000624,RM0133,5.0,2023-12-05 00:00:00.000000,Ahmedabad,Positive
CUST000625,RM0196,4.8,2025-07-01 00:00:00.000000,Hyderabad,Positive
CUST000626,RM0246,4.4,2024-04-28 00:00:00.000000,Mumbai,Positive
CUST000627,RM0152,3.7,2025-09-23 00:00:00.000000,Mumbai,Neutral
CUST000627,RM0152,3.7,2025-09-24 10:32:46.364685,Delhi,Neutral
CUST000627,RM0152,4.0,2025-12-28 00:00:00.000000,Delhi,Positive
CUST000627,RM0152,5.0,2026-04-21 00:00:00.000000,Bangalore,Positive
CUST000627,RM0236,5.0,2025-09-06 00:00:00.000000,Jaipur,Positive
CUST000628,RM0242,2.6,2025-02-01 00:00:00.000000,Delhi,Negative
CUST000628,RM0140,4.3,2024-12-22 00:00:00.000000,Ahmedabad,Positive
CUST000628,RM0242,1.5,2023-03-10 00:00:00.000000,Ahmedabad,Negative
CUST000629,RM0129,3.6,2026-05-01 10:32:46.364722,Delhi,Neutral
CUST000630,RM0189,3.3,2023-09-20 00:00:00.000000,Pune,Neutral
CUST000631,RM0107,4.6,2025-03-24 00:00:00.000000,Pune,Positive
CUST000631,RM0107,2.9,2023-04-12 00:00:00.000000,Mumbai,Negative
CUST000631,RM0107,2.5,2023-06-13 00:00:00.000000,Chennai,Negative
CUST000631,RM0107,3.5,2023-01-24 00:00:00.000000,Lucknow,Neutral
CUST000631,RM0107,4.0,2025-04-09 00:00:00.000000,Hyderabad,Positive
CUST000632,RM0139,2.3,2024-05-12 00:00:00.000000,Bangalore,Negative
CUST000632,RM0139,5.0,2024-11-22 00:00:00.000000,Hyderabad,Positive
CUST000632,RM0139,3.8,2026-04-04 00:00:00.000000,Delhi,Neutral
CUST000632,RM0139,4.0,2024-12-19 00:00:00.000000,Delhi,Positive
CUST000632,RM0139,5.0,2024-07-22 00:00:00.000000,Mumbai,Positive
CUST000633,RM0193,3.3,2026-02-21 00:00:00.000000,Mumbai,Neutral
CUST000634,RM0031,5.0,2023-08-21 00:00:00.000000,Delhi,Positive
CUST000635,RM0073,4.0,2023-11-10 00:00:00.000000,Chennai,Positive
CUST000635,RM0073,4.8,2024-10-08 00:00:00.000000,Chennai,Positive
CUST000635,RM0073,4.4,2025-07-26 00:00:00.000000,Kolkata,Positive
CUST000636,RM0239,4.7,2026-01-25 00:00:00.000000,Ahmedabad,Positive
CUST000637,RM0012,4.1,2023-03-06 00:00:00.000000,Hyderabad,Positive
CUST000638,RM0168,3.5,2026-03-20 00:00:00.000000,Jaipur,Neutral
CUST000639,RM0084,5.0,2025-09-03 10:32:46.364764,Chennai,Positive
CUST000640,RM0030,4.0,2025-09-01 00:00:00.000000,Jaipur,Positive
CUST000641,RM0112,2.9,2025-02-08 00:00:00.000000,Mumbai,Negative
CUST000642,RM0168,5.0,2023-04-23 00:00:00.000000,Ahmedabad,Positive
CUST000643,RM0184,3.7,2023-10-28 00:00:00.000000,Pune,Neutral
CUST000643,RM0184,2.3,2025-03-10 00:00:00.000000,Delhi,Negative
CUST000643,RM0184,3.2,2025-06-13 00:00:00.000000,Ahmedabad,Neutral
CUST000643,RM0184,2.0,2025-09-27 10:32:46.364809,Jaipur,Negative
CUST000643,RM0184,3.2,2025-05-06 00:00:00.000000,Mumbai,Neutral
CUST000644,RM0133,5.0,2025-12-15 10:32:46.364845,Ahmedabad,Positive
CUST000645,RM0029,4.5,2023-12-06 00:00:00.000000,Pune,Positive
CUST000646,RM0051,4.0,2025-01-21 00:00:00.000000,Kolkata,Positive
CUST000646,RM0051,4.0,2023-07-24 00:00:00.000000,Kolkata,Positive
CUST000646,RM0051,3.4,2024-02-28 00:00:00.000000,Bangalore,Neutral
CUST000646,RM0051,3.9,2024-06-18 00:00:00.000000,Kolkata,Neutral
CUST000646,RM0051,5.0,2023-04-22 00:00:00.000000,Jaipur,Positive
CUST000647,RM0067,4.0,2024-01-23 00:00:00.000000,Jaipur,Positive
CUST000648,RM0208,2.2,2026-08-08 10:32:46.364882,Delhi,Negative
CUST000649,RM0068,5.0,2025-08-15 00:00:00.000000,Chennai,Positive
CUST000649,RM0068,3.1,2023-05-07 00:00:00.000000,Delhi,Neutral
CUST000649,RM0068,3.8,2026-08-04 00:00:00.000000,Pune,Neutral
CUST000650,RM0061,3.8,2024-01-02 00:00:00.000000,Delhi,Neutral
CUST000651,RM0245,3.8,2023-02-19 00:00:00.000000,Kolkata,Neutral
CUST000652,RM0051,3.3,2026-06-23 10:32:46.364917,Hyderabad,Neutral
CUST000653,RM0223,4.9,2025-04-18 00:00:00.000000,Mumbai,Positive
CUST000654,RM0162,5.0,2024-03-19 00:00:00.000000,Jaipur,Positive
CUST000655,RM0022,5.0,2025-09-06 00:00:00.000000,Lucknow,Positive
CUST000656,RM0197,4.1,2023-06-03 00:00:00.000000,Chennai,Positive
CUST000657,RM0117,3.4,2023-10-06 00:00:00.000000,Delhi,Neutral
CUST000658,RM0025,3.8,2025-01-14 00:00:00.000000,Jaipur,Neutral
CUST000659,RM0058,3.9,2024-02-08 00:00:00.000000,Lucknow,Neutral
CUST000660,RM0100,3.0,2023-05-09 00:00:00.000000,Hyderabad,Neutral
CUST000661,RM0158,4.2,2025-12-31 10:32:46.364954,Lucknow,Positive
CUST000661,RM0158,5.0,2023-06-07 00:00:00.000000,Kolkata,Positive
CUST000661,RM0158,3.8,2025-12-13 00:00:00.000000,Hyderabad,Neutral
CUST000661,RM0158,4.0,2023-04-21 00:00:00.000000,Chennai,Positive
CUST000662,RM0181,4.5,2025-09-15 00:00:00.000000,Chennai,Positive
CUST000662,RM0181,3.3,2026-02-13 00:00:00.000000,Lucknow,Neutral
CUST000663,RM0074,4.9,2025-04-28 00:00:00.000000,Mumbai,Positive
CUST000664,RM0034,3.3,2023-07-18 00:00:00.000000,Hyderabad,Neutral
CUST000665,RM0096,3.6,2026-05-15 00:00:00.000000,Mumbai,Neutral
CUST000666,RM0231,4.5,2024-06-09 00:00:00.000000,Lucknow,Positive
CUST000667,RM0230,3.0,2023-12-27 00:00:00.000000,Chennai,Neutral
CUST000668,RM0076,4.4,2024-01-26 00:00:00.000000,Hyderabad,Positive
CUST000668,RM0076,5.0,2023-03-05 00:00:00.000000,Chennai,Positive
CUST000668,RM0076,4.2,2026-02-08 00:00:00.000000,Chennai,Positive
CUST000669,RM0211,4.9,2023-04-26 00:00:00.000000,Pune,Positive
CUST000670,RM0141,2.7,2024-05-08 00:00:00.000000,Pune,Negative
CUST000671,RM0133,4.4,2023-11-19 00:00:00.000000,Hyderabad,Positive
CUST000672,RM0201,3.5,2026-03-14 00:00:00.000000,Bangalore,Neutral
CUST000673,RM0121,4.4,2024-10-30 00:00:00.000000,Bangalore,Positive
CUST000674,RM0062,5.0,2024-08-13 00:00:00.000000,Delhi,Positive
CUST000675,RM0113,1.0,2025-05-06 00:00:00.000000,Hyderabad,Negative
CUST000676,RM0159,3.4,2024-03-29 00:00:00.000000,Kolkata,Neutral
CUST000677,RM0093,1.7,2023-10-01 00:00:00.000000,Delhi,Negative
CUST000678,RM0066,2.8,2026-04-21 00:00:00.000000,Hyderabad,Negative
CUST000679,RM0239,3.5,2024-08-04 00:00:00.000000,Lucknow,Neutral
CUST000679,RM0239,4.9,2023-07-08 00:00:00.000000,Kolkata,Positive
CUST000679,RM0239,4.8,2026-08-07 00:00:00.000000,Pune,Positive
CUST000679,RM0239,4.8,2025-10-03 00:00:00.000000,Jaipur,Positive
CUST000679,RM0239,4.6,2025-07-08 00:00:00.000000,Jaipur,Positive
CUST000680,RM0209,2.7,2023-12-26 00:00:00.000000,Lucknow,Negative
CUST000681,RM0157,4.8,2023-12-18 00:00:00.000000,Hyderabad,Positive
CUST000682,RM0083,3.3,2026-07-03 00:00:00.000000,Bangalore,Neutral
CUST000683,RM0107,4.4,2023-11-19 00:00:00.000000,Pune,Positive
CUST000684,RM0091,3.1,2025-12-31 10:32:46.365001,Lucknow,Neutral
CUST000685,RM0026,3.8,2023-07-17 00:00:00.000000,Kolkata,Neutral
CUST000686,RM0210,3.9,2025-09-05 00:00:00.000000,Pune,Neutral
CUST000686,RM0210,4.3,2025-05-25 00:00:00.000000,Chennai,Positive
CUST000686,RM0210,3.2,2023-01-09 00:00:00.000000,Jaipur,Neutral
CUST000686,RM0210,4.7,2026-07-07 00:00:00.000000,Ahmedabad,Positive
CUST000687,RM0163,2.7,2024-04-19 00:00:00.000000,Hyderabad,Negative
CUST000688,RM0067,5.0,2026-02-09 00:00:00.000000,Pune,Positive
CUST000689,RM0011,3.2,2023-02-01 00:00:00.000000,Chennai,Neutral
CUST000690,RM0232,2.0,2026-06-24 00:00:00.000000,Jaipur,Negative
CUST000691,RM0075,3.9,2024-08-19 00:00:00.000000,Delhi,Neutral
CUST000692,RM0011,3.6,2025-03-18 00:00:00.000000,Lucknow,Neutral
CUST000693,RM0110,3.1,2026-01-22 10:32:46.365039,Delhi,Neutral
CUST000694,RM0248,5.0,2024-09-25 00:00:00.000000,Jaipur,Positive
CUST000695,RM0158,4.8,2023-05-13 00:00:00.000000,Jaipur,Positive
CUST000696,RM0072,4.5,2023-03-09 00:00:00.000000,Pune,Positive
CUST000697,RM0082,3.0,2026-07-27 00:00:00.000000,Mumbai,Neutral
CUST000698,RM0165,3.5,2023-07-11 00:00:00.000000,Bangalore,Neutral
CUST000698,RM0165,3.4,2026-02-27 00:00:00.000000,Chennai,Neutral
CUST000698,RM0165,2.2,2025-08-22 00:00:00.000000,Pune,Negative
CUST000699,RM0096,4.3,2025-07-23 00:00:00.000000,Hyderabad,Positive
CUST000699,RM0096,4.3,2026-05-10 00:00:00.000000,Pune,Positive
CUST000700,RM0178,4.1,2025-12-09 00:00:00.000000,Chennai,Positive
CUST000701,RM0139,4.2,2023-06-19 00:00:00.000000,Pune,Positive
CUST000702,RM0168,2.9,2023-05-16 00:00:00.000000,Mumbai,Negative
CUST000703,RM0105,3.1,2023-05-25 00:00:00.000000,Bangalore,Neutral
CUST000704,RM0165,3.7,2026-04-13 00:00:00.000000,Kolkata,Neutral
CUST000704,RM0165,5.0,2025-04-21 00:00:00.000000,Chennai,Positive
CUST000704,RM0165,5.0,2025-09-20 10:32:46.365078,Mumbai,Positive
CUST000705,RM0007,4.5,2026-01-06 00:00:00.000000,Bangalore,Positive
CUST000706,RM0071,5.0,2023-10-27 00:00:00.000000,Chennai,Positive
CUST000707,RM0070,4.5,2023-11-02 00:00:00.000000,Delhi,Positive
CUST000708,RM0054,4.6,2026-04-08 00:00:00.000000,Pune,Positive
CUST000709,RM0009,5.0,2026-05-02 00:00:00.000000,Pune,Positive
CUST000709,RM0009,4.7,2025-01-04 00:00:00.000000,Pune,Positive
CUST000709,RM0009,4.0,2023-03-12 00:00:00.000000,Mumbai,Positive
CUST000709,RM0009,5.0,2025-07-10 00:00:00.000000,Chennai,Positive
CUST000709,RM0009,4.0,2023-08-22 00:00:00.000000,Bangalore,Positive
CUST000710,RM0100,3.4,2023-01-20 00:00:00.000000,Pune,Neutral
CUST000711,RM0004,3.9,2024-10-11 00:00:00.000000,Chennai,Neutral
CUST000712,RM0212,4.2,2024-09-30 00:00:00.000000,Lucknow,Positive
CUST000713,RM0098,3.1,2024-12-16 00:00:00.000000,Lucknow,Neutral
CUST000714,RM0009,4.0,2025-09-18 10:32:46.365117,Bangalore,Positive
CUST000715,RM0220,3.3,2025-08-23 10:32:46.365150,Pune,Neutral
CUST000716,RM0051,3.6,2024-03-12 00:00:00.000000,Delhi,Neutral
CUST000717,RM0217,2.9,2023-09-01 00:00:00.000000,Kolkata,Negative
CUST000718,RM0093,3.4,2026-06-13 00:00:00.000000,Mumbai,Neutral
CUST000719,RM0013,4.7,2024-05-16 00:00:00.000000,Hyderabad,Positive
CUST000720,RM0142,4.8,2025-12-15 10:32:46.365185,Mumbai,Positive
CUST000721,RM0101,2.6,2024-08-24 00:00:00.000000,Kolkata,Negative
CUST000721,RM0101,4.3,2024-10-07 00:00:00.000000,Pune,Positive
CUST000722,RM0220,3.9,2024-10-12 00:00:00.000000,Bangalore,Neutral
CUST000723,RM0159,5.0,2025-08-06 00:00:00.000000,Chennai,Positive
CUST000723,RM0159,3.7,2023-03-06 00:00:00.000000,Jaipur,Neutral
CUST000723,RM0159,2.8,2024-11-08 00:00:00.000000,Delhi,Negative
CUST000724,RM0232,3.5,2025-12-23 00:00:00.000000,Ahmedabad,Neutral
CUST000725,RM0248,2.8,2025-10-01 00:00:00.000000,Pune,Negative
CUST000726,RM0186,1.7,2025-07-15 00:00:00.000000,Ahmedabad,Negative
CUST000727,RM0058,3.9,2026-07-13 00:00:00.000000,Delhi,Neutral
CUST000728,RM0051,4.5,2025-10-05 10:32:46.365222,Delhi,Positive
CUST000728,RM0051,4.2,2024-04-10 00:00:00.000000,Kolkata,Positive
CUST000728,RM0051,2.7,2026-04-26 00:00:00.000000,Jaipur,Negative
CUST000728,RM0051,2.6,2023-09-26 00:00:00.000000,Pune,Negative
CUST000729,RM0157,4.2,2025-11-06 00:00:00.000000,Lucknow,Positive
CUST000729,RM0157,5.0,2024-07-16 00:00:00.000000,Hyderabad,Positive
CUST000729,RM0157,5.0,2024-06-24 00:00:00.000000,Ahmedabad,Positive
CUST000729,RM0157,3.7,2025-05-07 00:00:00.000000,Delhi,Neutral
CUST000730,RM0098,4.2,2023-07-09 00:00:00.000000,Bangalore,Positive
CUST000731,RM0089,4.9,2024-11-21 00:00:00.000000,Mumbai,Positive
CUST000732,RM0083,3.9,2023-12-02 00:00:00.000000,Chennai,Neutral
CUST000733,RM0099,2.7,2025-05-02 00:00:00.000000,Hyderabad,Negative
CUST000734,RM0238,1.2,2025-07-24 00:00:00.000000,Mumbai,Negative
CUST000735,RM0042,4.2,2025-10-01 10:32:46.365326,Delhi,Positive
CUST000735,RM0042,3.8,2025-01-18 00:00:00.000000,Mumbai,Neutral
CUST000735,RM0042,2.3,2024-12-21 00:00:00.000000,Delhi,Negative
CUST000736,RM0210,2.6,2026-06-14 00:00:00.000000,Hyderabad,Negative
CUST000737,RM0063,3.7,2024-02-19 00:00:00.000000,Delhi,Neutral
CUST000738,RM0028,3.5,2024-02-17 00:00:00.000000,Jaipur,Neutral
CUST000738,RM0028,4.0,2025-03-06 00:00:00.000000,Bangalore,Positive
CUST000739,RM0147,5.0,2026-03-21 00:00:00.000000,Bangalore,Positive
CUST000740,RM0182,5.0,2024-07-23 00:00:00.000000,Hyderabad,Positive
CUST000741,RM0001,3.2,2023-05-12 00:00:00.000000,Bangalore,Neutral
CUST000742,RM0037,5.0,2026-03-20 10:32:46.365374,Ahmedabad,Positive
CUST000743,RM0165,5.0,2024-12-07 00:00:00.000000,Lucknow,Positive
CUST000743,RM0165,4.3,2026-08-01 00:00:00.000000,Chennai,Positive
CUST000743,RM0150,3.1,2023-08-01 00:00:00.000000,Ahmedabad,Neutral
CUST000744,RM0178,4.1,2026-07-20 00:00:00.000000,Mumbai,Positive
CUST000745,RM0095,1.9,2024-01-18 00:00:00.000000,Bangalore,Negative
CUST000746,RM0102,3.4,2025-07-24 00:00:00.000000,Jaipur,Neutral
CUST000747,RM0149,4.3,2026-05-20 00:00:00.000000,Jaipur,Positive
CUST000748,RM0167,4.4,2023-03-27 00:00:00.000000,Kolkata,Positive
CUST000749,RM0029,3.6,2026-07-08 00:00:00.000000,Hyderabad,Neutral
CUST000750,RM0242,4.1,2023-09-05 00:00:00.000000,Lucknow,Positive
CUST000751,RM0104,3.0,2026-06-25 00:00:00.000000,Delhi,Neutral
CUST000752,RM0182,5.0,2023-08-26 00:00:00.000000,Pune,Positive
CUST000752,RM0136,5.0,2023-05-04 00:00:00.000000,Chennai,Positive
CUST000752,RM0182,4.7,2026-02-06 00:00:00.000000,Delhi,Positive
CUST000753,RM0026,3.7,2024-10-10 00:00:00.000000,Jaipur,Neutral
CUST000754,RM0144,3.2,2023-08-16 00:00:00.000000,Ahmedabad,Neutral
CUST000755,RM0011,4.8,2024-09-27 00:00:00.000000,Jaipur,Positive
CUST000756,RM0167,4.2,2023-04-19 00:00:00.000000,Jaipur,Positive
CUST000757,RM0243,3.0,2026-06-05 00:00:00.000000,Mumbai,Neutral
CUST000757,RM0243,5.0,2025-09-15 00:00:00.000000,Lucknow,Positive
CUST000757,RM0243,3.6,2025-11-05 00:00:00.000000,Chennai,Neutral
CUST000758,RM0096,3.1,2025-10-19 00:00:00.000000,Ahmedabad,Neutral
CUST000759,RM0093,4.9,2024-06-29 00:00:00.000000,Mumbai,Positive
CUST000760,RM0114,3.2,2024-08-24 00:00:00.000000,Kolkata,Neutral
CUST000760,RM0114,4.1,2024-10-27 00:00:00.000000,Pune,Positive
CUST000760,RM0114,5.0,2026-02-27 10:32:46.365419,Jaipur,Positive
CUST000761,RM0008,5.0,2025-11-02 00:00:00.000000,Mumbai,Positive
CUST000762,RM0060,4.3,2025-11-16 00:00:00.000000,Kolkata,Positive
CUST000763,RM0189,2.8,2023-07-15 00:00:00.000000,Mumbai,Negative
CUST000764,RM0215,3.5,2024-01-01 00:00:00.000000,Jaipur,Neutral
CUST000765,RM0032,5.0,2024-10-26 00:00:00.000000,Lucknow,Positive
CUST000766,RM0191,4.9,2023-10-09 00:00:00.000000,Bangalore,Positive
CUST000766,RM0048,3.8,2025-08-22 00:00:00.000000,Chennai,Neutral
CUST000767,RM0095,4.0,2024-08-17 00:00:00.000000,Pune,Positive
CUST000768,RM0138,2.7,2025-06-25 00:00:00.000000,Bangalore,Negative
CUST000768,RM0126,2.1,2024-12-12 00:00:00.000000,Lucknow,Negative
CUST000768,RM0011,4.0,2025-07-17 00:00:00.000000,Pune,Positive
CUST000769,RM0094,5.0,2023-05-03 00:00:00.000000,Mumbai,Positive
CUST000770,RM0056,5.0,2023-07-29 00:00:00.000000,Delhi,Positive
CUST000771,RM0175,4.0,2025-12-02 00:00:00.000000,Mumbai,Positive
CUST000772,RM0088,3.6,2023-01-09 00:00:00.000000,Delhi,Neutral
CUST000773,RM0010,5.0,2024-05-08 00:00:00.000000,Bangalore,Positive
CUST000773,RM0010,2.5,2023-05-07 00:00:00.000000,Hyderabad,Negative
CUST000773,RM0010,5.0,2024-03-29 00:00:00.000000,Pune,Positive
CUST000773,RM0010,4.7,2023-03-31 00:00:00.000000,Mumbai,Positive
CUST000773,RM0010,2.7,2026-05-11 00:00:00.000000,Delhi,Negative
CUST000774,RM0160,4.8,2023-11-10 00:00:00.000000,Ahmedabad,Positive
CUST000775,RM0048,3.3,2023-06-27 00:00:00.000000,Hyderabad,Neutral
CUST000776,RM0195,2.7,2023-08-01 00:00:00.000000,Delhi,Negative
CUST000776,RM0195,4.8,2025-08-06 00:00:00.000000,Pune,Positive
CUST000777,RM0133,2.9,2025-04-28 00:00:00.000000,Bangalore,Negative
CUST000777,RM0090,2.7,2026-05-25 00:00:00.000000,Mumbai,Negative
CUST000777,RM0152,4.5,2023-03-05 00:00:00.000000,Bangalore,Positive
CUST000778,RM0189,3.9,2023-01-07 00:00:00.000000,Bangalore,Neutral
CUST000779,RM0149,5.0,2023-09-11 00:00:00.000000,Jaipur,Positive
CUST000779,RM0149,3.7,2025-05-28 00:00:00.000000,Bangalore,Neutral
CUST000780,RM0014,3.6,2025-12-19 10:32:46.365467,Bangalore,Neutral
CUST000781,RM0149,2.0,2024-09-25 00:00:00.000000,Pune,Negative
CUST000782,RM0176,4.5,2025-10-19 00:00:00.000000,Jaipur,Positive
CUST000783,RM0178,4.0,2025-03-26 00:00:00.000000,Bangalore,Positive
CUST000783,RM0178,5.0,2023-04-26 00:00:00.000000,Hyderabad,Positive
CUST000783,RM0178,4.8,2025-04-06 00:00:00.000000,Mumbai,Positive
CUST000783,RM0178,4.3,2025-11-24 00:00:00.000000,Jaipur,Positive
CUST000784,RM0055,3.3,2026-03-15 00:00:00.000000,Pune,Neutral
CUST000785,RM0212,3.6,2026-03-28 00:00:00.000000,Bangalore,Neutral
CUST000786,RM0006,4.5,2024-06-06 00:00:00.000000,Kolkata,Positive
CUST000787,RM0034,3.9,2023-03-05 00:00:00.000000,Hyderabad,Neutral
CUST000788,RM0100,5.0,2024-01-15 00:00:00.000000,Jaipur,Positive
CUST000789,RM0011,5.0,2025-04-20 00:00:00.000000,Mumbai,Positive
CUST000790,RM0140,3.7,2023-05-10 00:00:00.000000,Kolkata,Neutral
CUST000791,RM0109,4.1,2024-07-26 00:00:00.000000,Mumbai,Positive
CUST000792,RM0078,3.2,2024-03-31 00:00:00.000000,Jaipur,Neutral
CUST000793,RM0215,3.9,2025-10-09 10:32:46.365514,Bangalore,Neutral
CUST000794,RM0215,4.9,2026-04-08 10:32:46.365547,Hyderabad,Positive
CUST000794,RM0215,3.5,2024-03-03 00:00:00.000000,Ahmedabad,Neutral
CUST000795,RM0208,3.6,2024-05-16 00:00:00.000000,Delhi,Neutral
CUST000796,RM0130,2.8,2025-02-05 00:00:00.000000,Kolkata,Negative
CUST000797,RM0110,3.4,2026-03-19 00:00:00.000000,Mumbai,Neutral
CUST000797,RM0110,4.6,2023-02-11 00:00:00.000000,Lucknow,Positive
CUST000797,RM0110,3.8,2023-08-10 00:00:00.000000,Ahmedabad,Neutral
CUST000798,RM0001,2.8,2025-01-10 00:00:00.000000,Jaipur,Negative
CUST000799,RM0139,4.2,2023-06-21 00:00:00.000000,Ahmedabad,Positive
CUST000800,RM0014,3.9,2023-01-08 00:00:00.000000,Bangalore,Neutral
CUST000801,RM0170,5.0,2026-06-30 00:00:00.000000,Jaipur,Positive
CUST000802,RM0155,3.9,2024-08-12 00:00:00.000000,Hyderabad,Neutral
CUST000803,RM0207,3.0,2023-07-15 00:00:00.000000,Jaipur,Neutral
CUST000803,RM0138,5.0,2023-10-28 00:00:00.000000,Ahmedabad,Positive
CUST000804,RM0158,3.0,2023-09-02 00:00:00.000000,Chennai,Neutral
CUST000805,RM0040,2.7,2023-03-23 00:00:00.000000,Chennai,Negative
CUST000805,RM0040,3.0,2026-02-08 00:00:00.000000,Hyderabad,Neutral
CUST000806,RM0154,3.4,2023-11-02 00:00:00.000000,Bangalore,Neutral
CUST000807,RM0072,2.1,2024-08-17 00:00:00.000000,Pune,Negative
CUST000808,RM0043,2.3,2025-05-24 00:00:00.000000,Bangalore,Negative
CUST000809,RM0041,4.8,2026-03-06 10:32:46.365588,Jaipur,Positive
CUST000810,RM0078,4.0,2023-02-23 00:00:00.000000,Jaipur,Positive
CUST000811,RM0060,3.8,2026-06-01 00:00:00.000000,Pune,Neutral
CUST000811,RM0060,3.8,2023-04-05 00:00:00.000000,Bangalore,Neutral
CUST000811,RM0060,3.9,2023-11-12 00:00:00.000000,Hyderabad,Neutral
CUST000812,RM0054,4.6,2025-07-30 00:00:00.000000,Pune,Positive
CUST000813,RM0129,3.2,2024-05-16 00:00:00.000000,Pune,Neutral
CUST000814,RM0144,4.6,2024-08-31 00:00:00.000000,Bangalore,Positive
CUST000815,RM0203,4.1,2024-05-08 00:00:00.000000,Ahmedabad,Positive
CUST000816,RM0189,3.0,2025-10-06 00:00:00.000000,Delhi,Neutral
CUST000817,RM0170,4.6,2026-04-07 10:32:46.365626,Ahmedabad,Positive
CUST000818,RM0188,4.1,2025-07-28 00:00:00.000000,Ahmedabad,Positive
CUST000819,RM0091,3.0,2024-04-30 00:00:00.000000,Mumbai,Neutral
CUST000820,RM0171,3.0,2024-11-17 00:00:00.000000,Kolkata,Neutral
CUST000820,RM0171,4.5,2024-07-10 00:00:00.000000,Jaipur,Positive
CUST000820,RM0171,5.0,2024-08-29 00:00:00.000000,Pune,Positive
CUST000821,RM0191,4.3,2023-02-01 00:00:00.000000,Bangalore,Positive
CUST000822,RM0021,4.9,2023-04-04 00:00:00.000000,Ahmedabad,Positive
CUST000823,RM0024,5.0,2023-07-12 00:00:00.000000,Bangalore,Positive
CUST000824,RM0209,4.0,2024-07-15 00:00:00.000000,Jaipur,Positive
CUST000824,RM0209,3.8,2025-02-13 00:00:00.000000,Hyderabad,Neutral
CUST000824,RM0167,4.2,2025-05-07 00:00:00.000000,Ahmedabad,Positive
CUST000824,RM0209,4.7,2025-09-21 00:00:00.000000,Hyderabad,Positive
CUST000825,RM0217,2.9,2023-03-07 00:00:00.000000,Delhi,Negative
CUST000826,RM0055,5.0,2024-05-22 00:00:00.000000,Jaipur,Positive
CUST000827,RM0173,5.0,2023-08-15 00:00:00.000000,Ahmedabad,Positive
CUST000828,RM0043,3.3,2026-06-28 00:00:00.000000,Chennai,Neutral
CUST000829,RM0025,5.0,2023-03-26 00:00:00.000000,Ahmedabad,Positive
CUST000830,RM0153,4.8,2023-12-22 00:00:00.000000,Chennai,Positive
CUST000831,RM0023,3.8,2024-04-02 00:00:00.000000,Pune,Neutral
CUST000832,RM0175,1.9,2024-06-12 00:00:00.000000,Kolkata,Negative
CUST000832,RM0175,3.9,2026-04-20 00:00:00.000000,Lucknow,Neutral
CUST000832,RM0175,4.4,2025-03-27 00:00:00.000000,Ahmedabad,Positive
CUST000832,RM0175,4.3,2023-12-25 00:00:00.000000,Ahmedabad,Positive
CUST000833,RM0218,2.7,2026-04-12 00:00:00.000000,Hyderabad,Negative
CUST000834,RM0006,3.3,2023-09-12 00:00:00.000000,Lucknow,Neutral
CUST000835,RM0237,4.7,2024-11-10 00:00:00.000000,Kolkata,Positive
CUST000836,RM0212,4.6,2023-06-05 00:00:00.000000,Jaipur,Positive
CUST000837,RM0140,4.9,2023-04-17 00:00:00.000000,Jaipur,Positive
CUST000838,RM0038,4.1,2024-08-08 00:00:00.000000,Chennai,Positive
CUST000839,RM0019,4.0,2025-05-23 00:00:00.000000,Delhi,Positive
CUST000840,RM0176,4.5,2023-05-24 00:00:00.000000,Hyderabad,Positive
CUST000841,RM0054,4.1,2026-03-06 10:32:46.365672,Jaipur,Positive
CUST000842,RM0221,2.5,2023-03-21 00:00:00.000000,Jaipur,Negative
CUST000843,RM0157,5.0,2025-04-25 00:00:00.000000,Jaipur,Positive
CUST000844,RM0012,4.9,2024-10-22 00:00:00.000000,Hyderabad,Positive
CUST000845,RM0178,4.4,2026-01-12 00:00:00.000000,Hyderabad,Positive
CUST000846,RM0088,2.6,2024-10-05 00:00:00.000000,Jaipur,Negative
CUST000847,RM0028,4.8,2023-08-22 00:00:00.000000,Bangalore,Positive
CUST000847,RM0028,3.6,2026-05-03 00:00:00.000000,Lucknow,Neutral
CUST000847,RM0028,4.8,2024-10-03 00:00:00.000000,Pune,Positive
CUST000847,RM0028,4.5,2023-07-06 00:00:00.000000,Jaipur,Positive
CUST000847,RM0028,3.7,2025-06-11 00:00:00.000000,Ahmedabad,Neutral
CUST000848,RM0236,5.0,2023-07-18 00:00:00.000000,Hyderabad,Positive
CUST000849,RM0182,2.8,2025-09-28 00:00:00.000000,Lucknow,Negative
CUST000850,RM0134,4.1,2023-10-12 00:00:00.000000,Ahmedabad,Positive
CUST000851,RM0071,5.0,2026-07-10 00:00:00.000000,Ahmedabad,Positive
CUST000852,RM0110,4.5,2025-03-11 00:00:00.000000,Ahmedabad,Positive
CUST000852,RM0110,4.9,2025-04-04 00:00:00.000000,Delhi,Positive
CUST000852,RM0110,4.1,2023-06-09 00:00:00.000000,Chennai,Positive
CUST000852,RM0110,4.0,2025-01-05 00:00:00.000000,Pune,Positive
CUST000852,RM0110,2.8,2024-04-04 00:00:00.000000,Delhi,Negative
CUST000853,RM0062,3.8,2024-04-05 00:00:00.000000,Delhi,Neutral
CUST000854,RM0075,4.7,2026-03-11 10:32:46.365714,Mumbai,Positive
CUST000854,RM0075,2.9,2024-12-13 00:00:00.000000,Pune,Negative
CUST000855,RM0097,4.0,2025-12-21 00:00:00.000000,Ahmedabad,Positive
CUST000856,RM0216,3.0,2023-02-04 00:00:00.000000,Mumbai,Neutral
CUST000857,RM0117,4.4,2023-06-10 00:00:00.000000,Bangalore,Positive
CUST000858,RM0093,4.8,2025-02-07 00:00:00.000000,Bangalore,Positive
CUST000858,RM0093,5.0,2023-06-30 00:00:00.000000,Jaipur,Positive
CUST000858,RM0093,3.7,2025-10-12 00:00:00.000000,Chennai,Neutral
CUST000858,RM0127,3.8,2023-01-16 00:00:00.000000,Lucknow,Neutral
CUST000859,RM0178,4.8,2024-04-06 00:00:00.000000,Jaipur,Positive
CUST000860,RM0003,4.6,2023-03-03 00:00:00.000000,Jaipur,Positive
CUST000861,RM0059,3.7,2023-08-05 00:00:00.000000,Chennai,Neutral
CUST000862,RM0195,4.0,2023-01-04 00:00:00.000000,Ahmedabad,Positive
CUST000863,RM0214,3.4,2025-10-30 00:00:00.000000,Pune,Neutral
CUST000864,RM0192,2.8,2025-02-28 00:00:00.000000,Ahmedabad,Negative
CUST000865,RM0085,3.9,2024-08-17 00:00:00.000000,Ahmedabad,Neutral
CUST000866,RM0112,5.0,2024-09-11 00:00:00.000000,Mumbai,Positive
CUST000867,RM0067,3.3,2025-04-04 00:00:00.000000,Jaipur,Neutral
CUST000868,RM0217,2.6,2024-03-03 00:00:00.000000,Bangalore,Negative
CUST000869,RM0105,3.0,2025-03-26 00:00:00.000000,Pune,Neutral
CUST000869,RM0105,4.5,2025-12-28 00:00:00.000000,Jaipur,Positive
CUST000870,RM0176,4.4,2024-05-28 00:00:00.000000,Delhi,Positive
CUST000870,RM0058,5.0,2026-04-07 00:00:00.000000,Mumbai,Positive
CUST000870,RM0070,5.0,2025-12-28 00:00:00.000000,Bangalore,Positive
CUST000870,RM0103,4.3,2024-10-21 00:00:00.000000,Pune,Positive
CUST000871,RM0145,4.7,2025-04-29 00:00:00.000000,Lucknow,Positive
CUST000872,RM0090,4.0,2024-02-25 00:00:00.000000,Kolkata,Positive
CUST000873,RM0081,3.3,2023-10-25 00:00:00.000000,Bangalore,Neutral
CUST000874,RM0010,4.7,2025-09-05 00:00:00.000000,Ahmedabad,Positive
CUST000875,RM0140,3.9,2025-02-06 00:00:00.000000,Mumbai,Neutral
CUST000876,RM0232,4.9,2024-01-04 00:00:00.000000,Kolkata,Positive
CUST000877,RM0193,4.4,2025-07-04 00:00:00.000000,Pune,Positive
CUST000878,RM0019,3.5,2023-07-25 00:00:00.000000,Pune,Neutral
CUST000879,RM0142,2.9,2023-01-07 00:00:00.000000,Mumbai,Negative
CUST000880,RM0093,4.0,2024-07-07 00:00:00.000000,Kolkata,Positive
CUST000881,RM0160,3.5,2026-07-03 00:00:00.000000,Pune,Neutral
CUST000882,RM0009,4.2,2024-07-19 00:00:00.000000,Ahmedabad,Positive
CUST000883,RM0220,3.2,2023-04-10 00:00:00.000000,Hyderabad,Neutral
CUST000884,RM0035,3.8,2023-02-14 00:00:00.000000,Bangalore,Neutral
CUST000884,RM0035,5.0,2025-04-30 00:00:00.000000,Hyderabad,Positive
CUST000884,RM0035,5.0,2024-11-18 00:00:00.000000,Kolkata,Positive
CUST000884,RM0035,4.5,2023-11-17 00:00:00.000000,Bangalore,Positive
CUST000884,RM0035,5.0,2025-11-23 00:00:00.000000,Lucknow,Positive
CUST000885,RM0111,2.7,2025-02-04 00:00:00.000000,Jaipur,Negative
CUST000886,RM0192,5.0,2024-11-05 00:00:00.000000,Jaipur,Positive
CUST000887,RM0082,2.6,2024-03-28 00:00:00.000000,Ahmedabad,Negative
CUST000888,RM0118,4.0,2025-07-17 00:00:00.000000,Hyderabad,Positive
CUST000889,RM0037,4.0,2023-02-04 00:00:00.000000,Ahmedabad,Positive
CUST000889,RM0037,3.2,2026-01-13 00:00:00.000000,Pune,Neutral
CUST000889,RM0037,4.7,2024-01-04 00:00:00.000000,Ahmedabad,Positive
CUST000889,RM0037,2.4,2025-02-20 00:00:00.000000,Chennai,Negative
CUST000890,RM0033,2.2,2023-05-31 00:00:00.000000,Pune,Negative
CUST000891,RM0200,3.3,2024-06-13 00:00:00.000000,Pune,Neutral
CUST000892,RM0246,3.3,2023-06-24 00:00:00.000000,Mumbai,Neutral
CUST000893,RM0176,3.4,2024-01-19 00:00:00.000000,Kolkata,Neutral
CUST000894,RM0058,3.3,2024-12-13 00:00:00.000000,Delhi,Neutral
CUST000894,RM0058,4.7,2025-11-29 00:00:00.000000,Jaipur,Positive
CUST000895,RM0031,3.9,2025-04-04 00:00:00.000000,Delhi,Neutral
CUST000896,RM0031,5.0,2023-12-20 00:00:00.000000,Bangalore,Positive
CUST000897,RM0226,4.2,2026-04-09 10:32:46.365771,Chennai,Positive
CUST000898,RM0240,4.9,2024-08-21 00:00:00.000000,Mumbai,Positive
CUST000899,RM0055,4.6,2026-07-31 00:00:00.000000,Jaipur,Positive
CUST000900,RM0048,3.1,2023-10-24 00:00:00.000000,Kolkata,Neutral
CUST000901,RM0233,3.5,2023-09-16 00:00:00.000000,Chennai,Neutral
CUST000902,RM0156,5.0,2024-01-20 00:00:00.000000,Ahmedabad,Positive
CUST000902,RM0156,2.2,2025-10-18 10:32:46.365813,Kolkata,Negative
CUST000902,RM0156,4.5,2024-01-14 00:00:00.000000,Ahmedabad,Positive
CUST000902,RM0156,3.8,2025-11-05 00:00:00.000000,Delhi,Neutral
CUST000903,RM0035,3.3,2025-03-06 00:00:00.000000,Mumbai,Neutral
CUST000904,RM0112,3.7,2025-10-13 00:00:00.000000,Jaipur,Neutral
CUST000905,RM0068,5.0,2024-10-22 00:00:00.000000,Jaipur,Positive
CUST000905,RM0068,2.3,2023-05-13 00:00:00.000000,Delhi,Negative
CUST000905,RM0068,2.8,2024-08-13 00:00:00.000000,Chennai,Negative
CUST000905,RM0068,2.1,2025-06-14 00:00:00.000000,Kolkata,Negative
CUST000906,RM0147,3.6,2023-06-16 00:00:00.000000,Jaipur,Neutral
CUST000907,RM0243,3.4,2025-04-11 00:00:00.000000,Chennai,Neutral
CUST000908,RM0200,4.2,2026-05-14 00:00:00.000000,Hyderabad,Positive
CUST000909,RM0152,3.5,2025-09-29 00:00:00.000000,Mumbai,Neutral
CUST000910,RM0052,4.5,2025-06-16 00:00:00.000000,Mumbai,Positive
CUST000910,RM0052,3.2,2023-02-13 00:00:00.000000,Lucknow,Neutral
CUST000910,RM0052,5.0,2026-03-16 00:00:00.000000,Mumbai,Positive
CUST000910,RM0052,4.6,2023-07-10 00:00:00.000000,Jaipur,Positive
CUST000910,RM0052,4.5,2025-02-06 00:00:00.000000,Hyderabad,Positive
CUST000911,RM0126,4.6,2026-06-06 10:32:46.365855,Kolkata,Positive
CUST000912,RM0231,3.0,2025-02-13 00:00:00.000000,Bangalore,Neutral
CUST000913,RM0001,3.8,2025-08-17 00:00:00.000000,Hyderabad,Neutral
CUST000914,RM0006,3.8,2024-02-24 00:00:00.000000,Chennai,Neutral
CUST000915,RM0079,3.5,2026-06-30 00:00:00.000000,Bangalore,Neutral
CUST000916,RM0036,3.7,2024-01-28 00:00:00.000000,Lucknow,Neutral
CUST000916,RM0036,4.8,2023-02-09 00:00:00.000000,Mumbai,Positive
CUST000917,RM0055,3.9,2023-02-19 00:00:00.000000,Chennai,Neutral
CUST000918,RM0128,4.3,2023-12-27 00:00:00.000000,Hyderabad,Positive
CUST000919,RM0170,2.3,2023-06-22 00:00:00.000000,Jaipur,Negative
CUST000920,RM0028,2.3,2026-05-28 00:00:00.000000,Jaipur,Negative
CUST000921,RM0050,3.1,2024-08-28 00:00:00.000000,Lucknow,Neutral
CUST000922,RM0147,5.0,2024-08-02 00:00:00.000000,Ahmedabad,Positive
CUST000922,RM0147,5.0,2025-11-01 00:00:00.000000,Lucknow,Positive
CUST000922,RM0147,5.0,2024-08-04 00:00:00.000000,Delhi,Positive
CUST000923,RM0185,3.6,2023-12-10 00:00:00.000000,Mumbai,Neutral
CUST000924,RM0035,4.4,2023-09-15 00:00:00.000000,Delhi,Positive
CUST000925,RM0029,5.0,2024-04-18 00:00:00.000000,Chennai,Positive
CUST000926,RM0093,5.0,2026-07-02 00:00:00.000000,Jaipur,Positive
CUST000927,RM0124,2.8,2023-02-05 00:00:00.000000,Bangalore,Negative
CUST000928,RM0145,4.2,2023-01-28 00:00:00.000000,Lucknow,Positive
CUST000929,RM0045,3.7,2025-09-20 00:00:00.000000,Kolkata,Neutral
CUST000930,RM0029,4.6,2023-07-27 00:00:00.000000,Delhi,Positive
CUST000931,RM0058,4.1,2026-05-09 00:00:00.000000,Hyderabad,Positive
CUST000932,RM0140,3.0,2024-06-26 00:00:00.000000,Kolkata,Neutral
CUST000933,RM0197,4.4,2023-08-18 00:00:00.000000,Jaipur,Positive
CUST000934,RM0027,3.3,2025-01-28 00:00:00.000000,Hyderabad,Neutral
CUST000934,RM0027,4.0,2023-06-18 00:00:00.000000,Hyderabad,Positive
CUST000934,RM0027,4.0,2024-07-19 00:00:00.000000,Ahmedabad,Positive
CUST000935,RM0045,5.0,2026-02-06 00:00:00.000000,Delhi,Positive
CUST000936,RM0244,4.3,2023-04-07 00:00:00.000000,Jaipur,Positive
CUST000937,RM0194,3.9,2026-05-31 00:00:00.000000,Kolkata,Neutral
CUST000937,RM0194,4.7,2024-07-06 00:00:00.000000,Hyderabad,Positive
CUST000938,RM0010,3.1,2023-10-16 00:00:00.000000,Delhi,Neutral
CUST000939,RM0006,4.1,2024-11-21 00:00:00.000000,Hyderabad,Positive
CUST000940,RM0067,4.6,2026-04-01 00:00:00.000000,Ahmedabad,Positive
CUST000941,RM0185,4.6,2024-02-09 00:00:00.000000,Mumbai,Positive
CUST000942,RM0081,3.5,2026-01-03 00:00:00.000000,Jaipur,Neutral
CUST000943,RM0231,4.4,2025-09-28 00:00:00.000000,Mumbai,Positive
CUST000944,RM0226,4.7,2026-06-08 00:00:00.000000,Delhi,Positive
CUST000945,RM0013,3.1,2024-02-25 00:00:00.000000,Lucknow,Neutral
CUST000946,RM0161,4.0,2023-10-10 00:00:00.000000,Kolkata,Positive
CUST000947,RM0154,3.4,2025-09-01 00:00:00.000000,Jaipur,Neutral
CUST000948,RM0128,3.7,2023-01-11 00:00:00.000000,Mumbai,Neutral
CUST000949,RM0193,5.0,2024-10-28 00:00:00.000000,Hyderabad,Positive
CUST000949,RM0193,3.3,2023-06-17 00:00:00.000000,Lucknow,Neutral
CUST000949,RM0193,4.3,2023-02-23 00:00:00.000000,Chennai,Positive
CUST000949,RM0151,3.6,2023-05-08 00:00:00.000000,Chennai,Neutral
CUST000949,RM0193,3.1,2026-02-18 00:00:00.000000,Jaipur,Neutral
CUST000950,RM0114,4.7,2023-10-12 00:00:00.000000,Lucknow,Positive
CUST000951,RM0056,2.6,2026-03-26 00:00:00.000000,Ahmedabad,Negative
CUST000952,RM0048,5.0,2025-05-19 00:00:00.000000,Mumbai,Positive
CUST000953,RM0237,3.0,2026-07-18 00:00:00.000000,Ahmedabad,Neutral
CUST000954,RM0148,3.3,2023-04-11 00:00:00.000000,Delhi,Neutral
CUST000955,RM0017,4.6,2023-11-18 00:00:00.000000,Mumbai,Positive
CUST000956,RM0147,4.8,2024-11-15 00:00:00.000000,Chennai,Positive
CUST000957,RM0081,4.2,2025-11-06 10:32:46.365911,Jaipur,Positive
CUST000958,RM0005,3.5,2024-09-18 00:00:00.000000,Delhi,Neutral
CUST000959,RM0230,2.4,2024-03-29 00:00:00.000000,Ahmedabad,Negative
CUST000959,RM0230,3.9,2025-01-20 00:00:00.000000,Ahmedabad,Neutral
CUST000959,RM0230,3.1,2025-05-03 00:00:00.000000,Ahmedabad,Neutral
CUST000959,RM0230,5.0,2026-06-13 00:00:00.000000,Hyderabad,Positive
CUST000960,RM0001,4.1,2023-10-10 00:00:00.000000,Jaipur,Positive
CUST000960,RM0001,2.7,2025-08-24 00:00:00.000000,Chennai,Negative
CUST000960,RM0001,3.7,2025-10-30 00:00:00.000000,Hyderabad,Neutral
CUST000960,RM0001,4.8,2025-05-16 00:00:00.000000,Bangalore,Positive
CUST000960,RM0001,5.0,2025-11-05 00:00:00.000000,Jaipur,Positive
CUST000961,RM0109,3.7,2025-11-02 00:00:00.000000,Hyderabad,Neutral
CUST000962,RM0126,3.9,2026-07-13 00:00:00.000000,Mumbai,Neutral
CUST000963,RM0073,4.6,2025-09-28 00:00:00.000000,Hyderabad,Positive
CUST000964,RM0058,3.1,2025-01-06 00:00:00.000000,Mumbai,Neutral
CUST000965,RM0168,4.3,2024-04-22 00:00:00.000000,Delhi,Positive
CUST000965,RM0168,4.3,2026-06-16 00:00:00.000000,Delhi,Positive
CUST000966,RM0092,4.5,2024-05-17 00:00:00.000000,Pune,Positive
CUST000967,RM0043,4.0,2024-08-30 00:00:00.000000,Mumbai,Positive
CUST000968,RM0183,2.4,2026-05-21 00:00:00.000000,Pune,Negative
CUST000968,RM0183,4.2,2025-05-21 00:00:00.000000,Lucknow,Positive
CUST000968,RM0183,3.1,2025-04-24 00:00:00.000000,Hyderabad,Neutral
CUST000968,RM0183,5.0,2024-03-08 00:00:00.000000,Pune,Positive
CUST000968,RM0183,5.0,2023-04-11 00:00:00.000000,Hyderabad,Positive
CUST000969,RM0120,2.9,2026-01-11 10:32:46.365954,Delhi,Negative
CUST000969,RM0120,3.1,2023-03-08 00:00:00.000000,Ahmedabad,Neutral
CUST000969,RM0120,1.7,2024-01-28 00:00:00.000000,Hyderabad,Negative
CUST000970,RM0202,4.7,2025-10-31 10:32:46.365988,Ahmedabad,Positive
CUST000971,RM0090,3.4,2023-01-19 00:00:00.000000,Ahmedabad,Neutral
CUST000971,RM0090,4.3,2024-10-17 00:00:00.000000,Kolkata,Positive
CUST000971,RM0090,3.5,2025-10-25 00:00:00.000000,Chennai,Neutral
CUST000971,RM0090,2.4,2024-01-15 00:00:00.000000,Pune,Negative
CUST000972,RM0043,4.2,2025-07-23 00:00:00.000000,Hyderabad,Positive
CUST000973,RM0227,5.0,2023-07-24 00:00:00.000000,Jaipur,Positive
CUST000974,RM0032,4.0,2025-08-14 00:00:00.000000,Bangalore,Positive
CUST000975,RM0042,3.0,2024-08-12 00:00:00.000000,Hyderabad,Neutral
CUST000976,RM0194,3.9,2024-09-06 00:00:00.000000,Hyderabad,Neutral
CUST000977,RM0023,4.5,2024-05-22 00:00:00.000000,Kolkata,Positive
CUST000978,RM0220,3.8,2023-10-25 00:00:00.000000,Lucknow,Neutral
CUST000979,RM0211,2.9,2025-08-02 00:00:00.000000,Mumbai,Negative
CUST000979,RM0211,5.0,2026-06-03 00:00:00.000000,Delhi,Positive
CUST000979,RM0211,2.5,2024-12-03 00:00:00.000000,Chennai,Negative
CUST000979,RM0211,5.0,2024-10-08 00:00:00.000000,Jaipur,Positive
CUST000979,RM0211,3.9,2023-11-13 00:00:00.000000,Delhi,Neutral
CUST000980,RM0205,4.9,2025-09-26 00:00:00.000000,Lucknow,Positive
CUST000981,RM0110,4.2,2025-06-16 00:00:00.000000,Chennai,Positive
CUST000982,RM0021,3.1,2024-06-18 00:00:00.000000,Bangalore,Neutral
CUST000982,RM0021,5.0,2023-02-28 00:00:00.000000,Chennai,Positive
CUST000983,RM0221,4.6,2025-01-11 00:00:00.000000,Pune,Positive
CUST000984,RM0091,3.9,2025-05-18 00:00:00.000000,Ahmedabad,Neutral
CUST000985,RM0030,4.0,2024-10-06 00:00:00.000000,Kolkata,Positive
CUST000985,RM0030,4.7,2025-04-01 00:00:00.000000,Lucknow,Positive
CUST000985,RM0030,3.9,2026-02-19 00:00:00.000000,Delhi,Neutral
CUST000985,RM0030,1.8,2025-11-30 00:00:00.000000,Bangalore,Negative
CUST000986,RM0149,2.3,2025-10-18 00:00:00.000000,Ahmedabad,Negative
CUST000987,RM0054,4.0,2025-01-04 00:00:00.000000,Jaipur,Positive
CUST000988,RM0060,3.7,2024-12-10 00:00:00.000000,Ahmedabad,Neutral
CUST000989,RM0191,3.9,2023-08-27 00:00:00.000000,Ahmedabad,Neutral
CUST000989,RM0191,3.7,2023-03-21 00:00:00.000000,Ahmedabad,Neutral
CUST000989,RM0191,2.9,2024-06-25 00:00:00.000000,Lucknow,Negative
CUST000990,RM0211,2.6,2023-06-12 00:00:00.000000,Ahmedabad,Negative
CUST000991,RM0077,3.2,2023-03-18 00:00:00.000000,Delhi,Neutral
CUST000992,RM0040,4.8,2024-02-13 00:00:00.000000,Mumbai,Positive
CUST000993,RM0059,3.2,2025-10-20 00:00:00.000000,Ahmedabad,Neutral
CUST000994,RM0149,5.0,2026-05-02 00:00:00.000000,Ahmedabad,Positive
CUST000994,RM0149,3.0,2024-06-23 00:00:00.000000,Bangalore,Neutral
CUST000994,RM0149,5.0,2024-06-10 00:00:00.000000,Delhi,Positive
CUST000995,RM0077,3.5,2024-06-17 00:00:00.000000,Mumbai,Neutral
CUST000996,RM0050,3.7,2024-09-29 00:00:00.000000,Chennai,Neutral
CUST000997,RM0033,3.7,2023-09-24 00:00:00.000000,Jaipur,Neutral
CUST000998,RM0125,4.6,2024-12-18 00:00:00.000000,Ahmedabad,Positive
CUST000999,RM0238,4.3,2023-12-07 00:00:00.000000,Mumbai,Positive
CUST001000,RM0195,4.1,2025-03-20 00:00:00.000000,Bangalore,Positive
CUST001000,RM0195,3.9,2024-04-22 00:00:00.000000,Kolkata,Neutral
CUST001001,RM0122,3.4,2026-01-30 00:00:00.000000,Jaipur,Neutral
CUST001001,RM0122,5.0,2026-01-06 10:32:46.366040,Kolkata,Positive
CUST001001,RM0122,4.1,2026-01-15 10:32:46.366073,Lucknow,Positive
CUST001001,RM0122,4.6,2025-03-03 00:00:00.000000,Mumbai,Positive
CUST001001,RM0122,4.2,2023-03-09 00:00:00.000000,Bangalore,Positive
CUST001002,RM0064,3.6,2024-06-26 00:00:00.000000,Ahmedabad,Neutral
CUST001002,RM0064,5.0,2025-08-18 00:00:00.000000,Ahmedabad,Positive
CUST001002,RM0064,5.0,2023-01-23 00:00:00.000000,Bangalore,Positive
CUST001002,RM0064,3.5,2025-11-25 00:00:00.000000,Hyderabad,Neutral
CUST001002,RM0032,5.0,2023-04-26 00:00:00.000000,Bangalore,Positive
CUST001003,RM0229,4.9,2024-07-08 00:00:00.000000,Chennai,Positive
CUST001004,RM0020,2.9,2025-01-12 00:00:00.000000,Jaipur,Negative
CUST001005,RM0161,4.9,2025-08-06 00:00:00.000000,Kolkata,Positive
CUST001006,RM0206,4.4,2026-07-07 00:00:00.000000,Chennai,Positive
CUST001007,RM0174,4.2,2025-01-28 00:00:00.000000,Hyderabad,Positive
CUST001008,RM0248,5.0,2025-01-27 00:00:00.000000,Mumbai,Positive
CUST001009,RM0045,4.3,2024-05-28 00:00:00.000000,Chennai,Positive
CUST001010,RM0209,2.0,2025-05-21 00:00:00.000000,Hyderabad,Negative
CUST001011,RM0209,2.6,2026-03-02 00:00:00.000000,Pune,Negative
CUST001011,RM0209,3.1,2023-08-29 00:00:00.000000,Ahmedabad,Neutral
CUST001011,RM0209,5.0,2023-06-04 00:00:00.000000,Jaipur,Positive
CUST001012,RM0244,4.7,2024-12-30 00:00:00.000000,Hyderabad,Positive
CUST001013,RM0133,4.5,2026-02-21 00:00:00.000000,Mumbai,Positive
CUST001014,RM0149,4.1,2026-02-14 00:00:00.000000,Kolkata,Positive
CUST001015,RM0106,3.1,2023-05-17 00:00:00.000000,Jaipur,Neutral
CUST001015,RM0106,2.5,2023-10-09 00:00:00.000000,Chennai,Negative
CUST001015,RM0106,5.0,2024-09-18 00:00:00.000000,Hyderabad,Positive
CUST001015,RM0106,5.0,2025-07-14 00:00:00.000000,Hyderabad,Positive
CUST001016,RM0056,4.0,2023-01-11 00:00:00.000000,Jaipur,Positive
CUST001017,RM0013,4.7,2026-05-26 00:00:00.000000,Mumbai,Positive
CUST001018,RM0216,3.5,2024-10-19 00:00:00.000000,Kolkata,Neutral
CUST001019,RM0068,3.6,2025-10-29 10:32:46.366119,Chennai,Neutral
CUST001020,RM0143,4.7,2023-10-20 00:00:00.000000,Mumbai,Positive
CUST001021,RM0148,3.9,2026-01-07 00:00:00.000000,Lucknow,Neutral
CUST001022,RM0116,3.8,2024-10-05 00:00:00.000000,Lucknow,Neutral
CUST001023,RM0074,3.5,2025-09-18 00:00:00.000000,Hyderabad,Neutral
CUST001024,RM0052,3.3,2026-01-26 00:00:00.000000,Jaipur,Neutral
CUST001025,RM0178,4.0,2024-12-29 00:00:00.000000,Pune,Positive
CUST001026,RM0103,3.9,2024-06-19 00:00:00.000000,Jaipur,Neutral
CUST001026,RM0103,2.4,2023-06-13 00:00:00.000000,Pune,Negative
CUST001026,RM0103,4.6,2026-05-24 10:32:46.366155,Jaipur,Positive
CUST001026,RM0103,2.1,2024-11-04 00:00:00.000000,Jaipur,Negative
CUST001026,RM0103,5.0,2025-05-01 00:00:00.000000,Pune,Positive
CUST001027,RM0120,3.5,2024-04-28 00:00:00.000000,Pune,Neutral
CUST001028,RM0236,3.9,2023-11-21 00:00:00.000000,Bangalore,Neutral
CUST001029,RM0092,4.6,2023-05-24 00:00:00.000000,Jaipur,Positive
CUST001030,RM0214,3.7,2023-04-16 00:00:00.000000,Jaipur,Neutral
CUST001031,RM0141,3.3,2024-02-26 00:00:00.000000,Chennai,Neutral
CUST001032,RM0109,4.3,2024-07-14 00:00:00.000000,Pune,Positive
CUST001032,RM0109,5.0,2026-02-10 10:32:46.366191,Hyderabad,Positive
CUST001032,RM0079,4.8,2025-11-05 10:32:46.366224,Jaipur,Positive
CUST001032,RM0109,3.2,2024-06-01 00:00:00.000000,Hyderabad,Neutral
CUST001033,RM0101,3.6,2023-09-25 00:00:00.000000,Delhi,Neutral
CUST001033,RM0101,3.5,2023-11-30 00:00:00.000000,Lucknow,Neutral
CUST001033,RM0101,3.0,2023-04-27 00:00:00.000000,Pune,Neutral
CUST001034,RM0081,4.6,2025-03-21 00:00:00.000000,Mumbai,Positive
CUST001035,RM0198,3.7,2026-04-05 00:00:00.000000,Jaipur,Neutral
CUST001036,RM0012,4.3,2025-04-07 00:00:00.000000,Kolkata,Positive
CUST001037,RM0182,1.4,2024-03-30 00:00:00.000000,Ahmedabad,Negative
CUST001037,RM0182,4.0,2026-05-06 00:00:00.000000,Chennai,Positive
CUST001038,RM0179,4.7,2024-05-23 00:00:00.000000,Bangalore,Positive
CUST001039,RM0246,3.4,2024-08-02 00:00:00.000000,Delhi,Neutral
CUST001040,RM0184,3.0,2023-08-04 00:00:00.000000,Mumbai,Neutral
CUST001041,RM0209,2.7,2024-12-19 00:00:00.000000,Pune,Negative
CUST001042,RM0227,3.1,2024-12-01 00:00:00.000000,Kolkata,Neutral
CUST001042,RM0092,3.6,2025-03-10 00:00:00.000000,Chennai,Neutral
CUST001042,RM0014,4.9,2023-07-04 00:00:00.000000,Kolkata,Positive
CUST001042,RM0236,3.6,2026-05-26 00:00:00.000000,Pune,Neutral
CUST001042,RM0202,5.0,2024-04-22 00:00:00.000000,Chennai,Positive
CUST001043,RM0009,4.3,2024-04-03 00:00:00.000000,Pune,Positive
CUST001044,RM0085,5.0,2024-11-04 00:00:00.000000,Bangalore,Positive
CUST001044,RM0085,3.5,2025-02-16 00:00:00.000000,Kolkata,Neutral
CUST001045,RM0129,4.4,2025-10-31 00:00:00.000000,Hyderabad,Positive
CUST001046,RM0213,5.0,2025-06-17 00:00:00.000000,Delhi,Positive
CUST001047,RM0041,4.6,2025-08-15 00:00:00.000000,Delhi,Positive
CUST001048,RM0072,3.8,2025-02-10 00:00:00.000000,Hyderabad,Neutral
CUST001048,RM0072,3.5,2026-07-06 00:00:00.000000,Ahmedabad,Neutral
CUST001048,RM0072,2.1,2023-10-16 00:00:00.000000,Bangalore,Negative
CUST001048,RM0072,3.8,2026-01-06 00:00:00.000000,Mumbai,Neutral
CUST001049,RM0197,3.1,2023-06-22 00:00:00.000000,Hyderabad,Neutral
CUST001050,RM0217,3.5,2024-02-11 00:00:00.000000,Chennai,Neutral
CUST001051,RM0231,4.1,2024-12-05 00:00:00.000000,Jaipur,Positive
CUST001051,RM0231,4.0,2025-03-19 00:00:00.000000,Bangalore,Positive
CUST001051,RM0231,2.4,2026-02-25 00:00:00.000000,Chennai,Negative
CUST001052,RM0142,3.0,2025-11-13 00:00:00.000000,Mumbai,Neutral
CUST001053,RM0193,4.4,2024-06-27 00:00:00.000000,Bangalore,Positive
CUST001054,RM0006,2.7,2025-06-21 00:00:00.000000,Ahmedabad,Negative
CUST001054,RM0006,4.0,2024-07-25 00:00:00.000000,Kolkata,Positive
CUST001054,RM0006,2.6,2025-07-02 00:00:00.000000,Delhi,Negative
CUST001054,RM0006,4.5,2023-10-03 00:00:00.000000,Kolkata,Positive
CUST001055,RM0045,4.7,2024-10-07 00:00:00.000000,Lucknow,Positive
CUST001056,RM0206,5.0,2026-07-18 00:00:00.000000,Jaipur,Positive
CUST001057,RM0243,5.0,2024-09-15 00:00:00.000000,Mumbai,Positive
CUST001058,RM0155,4.3,2025-01-27 00:00:00.000000,Jaipur,Positive
CUST001058,RM0155,2.2,2023-10-12 00:00:00.000000,Kolkata,Negative
CUST001059,RM0053,4.0,2026-07-20 00:00:00.000000,Chennai,Positive
CUST001060,RM0068,4.5,2024-01-13 00:00:00.000000,Pune,Positive
CUST001061,RM0221,4.1,2023-02-11 00:00:00.000000,Bangalore,Positive
CUST001061,RM0221,5.0,2026-02-13 00:00:00.000000,Pune,Positive
CUST001062,RM0148,4.0,2025-08-28 00:00:00.000000,Delhi,Positive
CUST001063,RM0124,5.0,2024-10-10 00:00:00.000000,Ahmedabad,Positive
CUST001064,RM0055,4.0,2023-04-13 00:00:00.000000,Lucknow,Positive
CUST001065,RM0225,4.7,2026-05-04 00:00:00.000000,Hyderabad,Positive
CUST001066,RM0140,2.5,2025-02-01 00:00:00.000000,Lucknow,Negative
CUST001067,RM0155,4.2,2025-05-04 00:00:00.000000,Lucknow,Positive
CUST001067,RM0155,2.7,2026-01-15 10:32:46.366339,Jaipur,Negative
CUST001067,RM0155,3.8,2025-09-27 10:32:46.366376,Pune,Neutral
CUST001068,RM0144,3.3,2025-08-28 00:00:00.000000,Bangalore,Neutral
CUST001069,RM0184,3.3,2026-05-06 00:00:00.000000,Kolkata,Neutral
CUST001070,RM0184,3.2,2023-02-16 00:00:00.000000,Ahmedabad,Neutral
CUST001070,RM0184,3.6,2025-11-14 00:00:00.000000,Pune,Neutral
CUST001070,RM0184,3.4,2023-07-07 00:00:00.000000,Mumbai,Neutral
CUST001070,RM0184,4.6,2024-12-23 00:00:00.000000,Jaipur,Positive
CUST001071,RM0185,3.7,2024-11-12 00:00:00.000000,Lucknow,Neutral
CUST001072,RM0024,4.0,2026-02-03 10:32:46.366413,Hyderabad,Positive
CUST001073,RM0176,4.3,2025-12-08 00:00:00.000000,Mumbai,Positive
CUST001074,RM0217,4.3,2024-07-11 00:00:00.000000,Lucknow,Positive
CUST001074,RM0217,2.9,2024-10-25 00:00:00.000000,Kolkata,Negative
CUST001075,RM0115,3.7,2025-05-10 00:00:00.000000,Hyderabad,Neutral
CUST001075,RM0115,4.2,2024-07-09 00:00:00.000000,Mumbai,Positive
CUST001075,RM0115,3.1,2024-03-03 00:00:00.000000,Mumbai,Neutral
CUST001075,RM0115,3.0,2024-12-07 00:00:00.000000,Hyderabad,Neutral
CUST001076,RM0070,2.8,2023-03-22 00:00:00.000000,Hyderabad,Negative
CUST001076,RM0188,4.2,2023-11-30 00:00:00.000000,Bangalore,Positive
CUST001077,RM0025,3.7,2024-11-28 00:00:00.000000,Hyderabad,Neutral
CUST001078,RM0229,3.8,2023-08-19 00:00:00.000000,Delhi,Neutral
CUST001079,RM0053,2.2,2023-08-13 00:00:00.000000,Lucknow,Negative
CUST001080,RM0118,4.1,2023-02-15 00:00:00.000000,Mumbai,Positive
CUST001081,RM0104,4.1,2024-11-26 00:00:00.000000,Hyderabad,Positive
CUST001082,RM0096,4.3,2026-03-21 00:00:00.000000,Chennai,Positive
CUST001083,RM0003,5.0,2025-04-27 00:00:00.000000,Delhi,Positive
CUST001084,RM0175,3.2,2024-12-19 00:00:00.000000,Kolkata,Neutral
CUST001085,RM0211,4.5,2025-04-25 00:00:00.000000,Chennai,Positive
CUST001085,RM0211,4.3,2023-02-18 00:00:00.000000,Chennai,Positive
CUST001085,RM0211,4.5,2026-02-26 00:00:00.000000,Delhi,Positive
CUST001085,RM0211,3.7,2025-11-07 00:00:00.000000,Bangalore,Neutral
CUST001086,RM0120,4.8,2025-04-08 00:00:00.000000,Kolkata,Positive
CUST001087,RM0221,3.3,2026-07-04 00:00:00.000000,Jaipur,Neutral
CUST001088,RM0140,3.5,2023-02-11 00:00:00.000000,Hyderabad,Neutral
CUST001089,RM0169,3.8,2023-09-15 00:00:00.000000,Ahmedabad,Neutral
CUST001090,RM0224,3.8,2025-03-16 00:00:00.000000,Chennai,Neutral
CUST001091,RM0079,4.4,2023-07-09 00:00:00.000000,Jaipur,Positive
CUST001092,RM0124,4.3,2025-05-05 00:00:00.000000,Jaipur,Positive
CUST001093,RM0239,4.3,2024-01-25 00:00:00.000000,Jaipur,Positive
CUST001094,RM0212,4.0,2026-03-16 10:32:46.366458,Jaipur,Positive
CUST001095,RM0107,5.0,2026-05-07 00:00:00.000000,Kolkata,Positive
CUST001096,RM0142,3.8,2026-03-01 10:32:46.366492,Mumbai,Neutral
CUST001097,RM0167,5.0,2023-03-17 00:00:00.000000,Mumbai,Positive
CUST001097,RM0167,2.9,2025-12-12 00:00:00.000000,Kolkata,Negative
CUST001098,RM0158,3.9,2023-02-10 00:00:00.000000,Bangalore,Neutral
CUST001098,RM0158,3.9,2023-01-01 00:00:00.000000,Jaipur,Neutral
CUST001099,RM0054,2.7,2023-09-05 00:00:00.000000,Kolkata,Negative
CUST001099,RM0054,4.0,2024-05-12 00:00:00.000000,Kolkata,Positive
CUST001099,RM0208,4.1,2023-02-03 00:00:00.000000,Pune,Positive
CUST001099,RM0054,4.6,2026-02-22 00:00:00.000000,Delhi,Positive
CUST001099,RM0054,4.5,2023-07-31 00:00:00.000000,Jaipur,Positive
CUST001100,RM0105,2.7,2024-01-16 00:00:00.000000,Mumbai,Negative
CUST001101,RM0128,5.0,2024-10-15 00:00:00.000000,Pune,Positive
CUST001101,RM0128,4.0,2025-06-25 00:00:00.000000,Jaipur,Positive
CUST001101,RM0128,3.5,2024-09-14 00:00:00.000000,Jaipur,Neutral
CUST001101,RM0128,3.4,2025-02-19 00:00:00.000000,Kolkata,Neutral
CUST001101,RM0219,4.5,2023-09-27 00:00:00.000000,Mumbai,Positive
CUST001102,RM0082,4.9,2025-05-07 00:00:00.000000,Jaipur,Positive
CUST001103,RM0178,3.5,2023-04-28 00:00:00.000000,Delhi,Neutral
CUST001104,RM0025,4.0,2024-01-21 00:00:00.000000,Jaipur,Positive
CUST001104,RM0008,4.9,2026-03-23 00:00:00.000000,Bangalore,Positive
CUST001104,RM0155,3.1,2023-01-05 00:00:00.000000,Kolkata,Neutral
CUST001104,RM0021,1.2,2026-06-29 00:00:00.000000,Jaipur,Negative
CUST001105,RM0040,4.5,2023-08-28 00:00:00.000000,Mumbai,Positive
CUST001106,RM0180,4.9,2025-09-18 00:00:00.000000,Bangalore,Positive
CUST001107,RM0038,2.4,2024-12-12 00:00:00.000000,Pune,Negative
CUST001108,RM0072,4.0,2025-05-08 00:00:00.000000,Jaipur,Positive
CUST001108,RM0072,3.5,2024-12-19 00:00:00.000000,Hyderabad,Neutral
CUST001108,RM0072,4.1,2025-08-20 00:00:00.000000,Kolkata,Positive
CUST001108,RM0072,1.9,2023-08-10 00:00:00.000000,Pune,Negative
CUST001109,RM0078,2.7,2024-06-18 00:00:00.000000,Chennai,Negative
CUST001110,RM0181,4.4,2025-08-27 10:32:46.366539,Mumbai,Positive
CUST001111,RM0110,3.9,2023-05-16 00:00:00.000000,Jaipur,Neutral
CUST001112,RM0250,5.0,2024-12-22 00:00:00.000000,Ahmedabad,Positive
CUST001113,RM0141,4.6,2024-06-29 00:00:00.000000,Lucknow,Positive
CUST001114,RM0205,3.0,2025-08-11 10:32:46.366573,Chennai,Neutral
CUST001115,RM0184,4.7,2023-10-24 00:00:00.000000,Delhi,Positive
CUST001116,RM0003,5.0,2023-02-14 00:00:00.000000,Mumbai,Positive
CUST001117,RM0009,3.9,2023-08-19 00:00:00.000000,Mumbai,Neutral
CUST001118,RM0001,4.4,2025-08-25 00:00:00.000000,Bangalore,Positive
CUST001119,RM0250,4.8,2025-12-02 10:32:46.366608,Pune,Positive
CUST001120,RM0006,3.8,2024-08-31 00:00:00.000000,Mumbai,Neutral
CUST001121,RM0149,1.9,2023-12-10 00:00:00.000000,Kolkata,Negative
CUST001121,RM0149,4.6,2024-02-24 00:00:00.000000,Chennai,Positive
CUST001122,RM0147,4.8,2023-03-05 00:00:00.000000,Delhi,Positive
CUST001123,RM0085,5.0,2023-05-31 00:00:00.000000,Jaipur,Positive
CUST001124,RM0024,2.9,2023-10-21 00:00:00.000000,Delhi,Negative
CUST001125,RM0162,2.9,2024-05-12 00:00:00.000000,Jaipur,Negative
CUST001126,RM0094,3.3,2025-04-04 00:00:00.000000,Chennai,Neutral
CUST001127,RM0113,3.8,2024-02-14 00:00:00.000000,Chennai,Neutral
CUST001128,RM0059,4.5,2024-05-02 00:00:00.000000,Hyderabad,Positive
CUST001129,RM0230,2.9,2026-07-30 00:00:00.000000,Bangalore,Negative
CUST001129,RM0036,4.9,2024-07-10 00:00:00.000000,Hyderabad,Positive
CUST001129,RM0197,4.9,2023-06-30 00:00:00.000000,Lucknow,Positive
CUST001129,RM0156,4.9,2024-07-19 00:00:00.000000,Jaipur,Positive
CUST001130,RM0003,3.7,2024-04-07 00:00:00.000000,Hyderabad,Neutral
CUST001130,RM0070,1.8,2025-07-11 00:00:00.000000,Hyderabad,Negative
CUST001130,RM0243,5.0,2026-01-09 00:00:00.000000,Kolkata,Positive
CUST001130,RM0143,3.4,2026-07-21 10:32:46.366649,Bangalore,Neutral
CUST001131,RM0187,4.7,2026-06-09 00:00:00.000000,Bangalore,Positive
CUST001132,RM0001,4.1,2026-06-03 10:32:46.366683,Bangalore,Positive
CUST001132,RM0001,5.0,2025-08-26 00:00:00.000000,Mumbai,Positive
CUST001132,RM0001,3.9,2024-10-31 00:00:00.000000,Bangalore,Neutral
CUST001133,RM0113,4.1,2025-01-07 00:00:00.000000,Bangalore,Positive
CUST001133,RM0113,4.2,2026-01-12 10:32:46.366718,Pune,Positive
CUST001133,RM0113,4.4,2025-11-22 00:00:00.000000,Ahmedabad,Positive
CUST001133,RM0113,2.8,2024-07-05 00:00:00.000000,Bangalore,Negative
CUST001134,RM0094,5.0,2024-06-18 00:00:00.000000,Jaipur,Positive
CUST001135,RM0191,3.9,2025-08-27 00:00:00.000000,Jaipur,Neutral
CUST001135,RM0191,4.6,2026-03-06 00:00:00.000000,Jaipur,Positive
CUST001135,RM0191,5.0,2024-12-20 00:00:00.000000,Kolkata,Positive
CUST001135,RM0191,4.0,2026-04-06 10:32:46.366754,Hyderabad,Positive
CUST001135,RM0191,3.0,2023-05-26 00:00:00.000000,Mumbai,Neutral
CUST001136,RM0223,3.0,2026-07-10 00:00:00.000000,Kolkata,Neutral
CUST001137,RM0024,3.6,2023-04-20 00:00:00.000000,Delhi,Neutral
CUST001138,RM0240,4.3,2023-06-16 00:00:00.000000,Hyderabad,Positive
CUST001139,RM0067,4.4,2024-08-10 00:00:00.000000,Chennai,Positive
CUST001140,RM0088,5.0,2023-12-24 00:00:00.000000,Chennai,Positive
CUST001141,RM0186,2.5,2026-06-08 00:00:00.000000,Hyderabad,Negative
CUST001142,RM0097,4.2,2023-11-06 00:00:00.000000,Lucknow,Positive
CUST001143,RM0190,4.6,2024-12-16 00:00:00.000000,Bangalore,Positive
CUST001143,RM0137,4.6,2024-10-20 00:00:00.000000,Chennai,Positive
CUST001143,RM0215,1.6,2026-01-06 00:00:00.000000,Delhi,Negative
CUST001143,RM0049,3.6,2025-11-24 10:32:46.366791,Mumbai,Neutral
CUST001143,RM0072,4.8,2025-07-28 00:00:00.000000,Jaipur,Positive
CUST001144,RM0197,3.2,2025-09-03 00:00:00.000000,Chennai,Neutral
CUST001145,RM0211,2.8,2026-05-31 00:00:00.000000,Jaipur,Negative
CUST001145,RM0211,4.6,2023-07-18 00:00:00.000000,Ahmedabad,Positive
CUST001145,RM0211,4.3,2025-12-19 00:00:00.000000,Hyderabad,Positive
CUST001145,RM0211,4.2,2024-09-27 00:00:00.000000,Jaipur,Positive
CUST001145,RM0211,3.4,2023-07-05 00:00:00.000000,Jaipur,Neutral
CUST001146,RM0207,2.7,2025-04-09 00:00:00.000000,Hyderabad,Negative
CUST001146,RM0207,4.9,2024-08-05 00:00:00.000000,Bangalore,Positive
CUST001146,RM0207,5.0,2025-01-03 00:00:00.000000,Mumbai,Positive
CUST001147,RM0235,2.4,2026-04-20 00:00:00.000000,Jaipur,Negative
CUST001148,RM0248,5.0,2025-02-08 00:00:00.000000,Jaipur,Positive
CUST001148,RM0248,3.8,2023-05-03 00:00:00.000000,Bangalore,Neutral
CUST001148,RM0248,4.3,2026-01-26 00:00:00.000000,Delhi,Positive
CUST001148,RM0248,3.9,2023-05-11 00:00:00.000000,Mumbai,Neutral
CUST001148,RM0248,5.0,2025-07-01 00:00:00.000000,Bangalore,Positive
CUST001149,RM0193,3.2,2024-01-29 00:00:00.000000,Jaipur,Neutral
CUST001150,RM0188,3.4,2025-03-26 00:00:00.000000,Bangalore,Neutral
CUST001151,RM0188,4.1,2023-08-09 00:00:00.000000,Delhi,Positive
CUST001152,RM0245,4.6,2025-09-07 00:00:00.000000,Delhi,Positive
CUST001153,RM0030,5.0,2024-04-26 00:00:00.000000,Bangalore,Positive
CUST001154,RM0170,4.5,2023-11-23 00:00:00.000000,Kolkata,Positive
CUST001155,RM0120,4.2,2023-07-15 00:00:00.000000,Hyderabad,Positive
CUST001156,RM0246,3.6,2023-02-21 00:00:00.000000,Chennai,Neutral
CUST001157,RM0028,4.5,2023-08-06 00:00:00.000000,Bangalore,Positive
CUST001157,RM0028,3.3,2026-02-18 00:00:00.000000,Jaipur,Neutral
CUST001158,RM0068,4.2,2023-10-28 00:00:00.000000,Chennai,Positive
CUST001159,RM0103,3.8,2023-10-20 00:00:00.000000,Kolkata,Neutral
CUST001160,RM0123,3.0,2024-11-04 00:00:00.000000,Pune,Neutral
CUST001161,RM0143,5.0,2023-03-04 00:00:00.000000,Jaipur,Positive
CUST001162,RM0138,3.0,2023-11-20 00:00:00.000000,Delhi,Neutral
CUST001163,RM0196,3.6,2023-02-09 00:00:00.000000,Lucknow,Neutral
CUST001164,RM0145,2.4,2024-08-27 00:00:00.000000,Jaipur,Negative
CUST001165,RM0025,3.8,2024-02-23 00:00:00.000000,Lucknow,Neutral
CUST001166,RM0186,4.4,2023-10-09 00:00:00.000000,Ahmedabad,Positive
CUST001167,RM0176,3.1,2023-12-14 00:00:00.000000,Delhi,Neutral
CUST001168,RM0226,2.2,2025-12-24 00:00:00.000000,Ahmedabad,Negative
CUST001169,RM0127,3.6,2024-03-15 00:00:00.000000,Delhi,Neutral
CUST001170,RM0070,3.8,2023-03-14 00:00:00.000000,Jaipur,Neutral
CUST001171,RM0099,3.8,2023-10-28 00:00:00.000000,Ahmedabad,Neutral
CUST001172,RM0056,5.0,2025-09-04 00:00:00.000000,Pune,Positive
CUST001173,RM0236,4.3,2024-08-17 00:00:00.000000,Jaipur,Positive
CUST001174,RM0010,4.3,2023-11-09 00:00:00.000000,Ahmedabad,Positive
CUST001175,RM0184,4.3,2025-06-24 00:00:00.000000,Chennai,Positive
CUST001176,RM0221,4.3,2023-07-08 00:00:00.000000,Mumbai,Positive
CUST001177,RM0116,3.6,2024-07-19 00:00:00.000000,Bangalore,Neutral
CUST001178,RM0121,3.1,2025-09-25 00:00:00.000000,Jaipur,Neutral
CUST001179,RM0159,5.0,2024-12-26 00:00:00.000000,Chennai,Positive
CUST001179,RM0159,3.9,2025-04-26 00:00:00.000000,Lucknow,Neutral
CUST001179,RM0159,4.0,2026-03-07 00:00:00.000000,Bangalore,Positive
CUST001179,RM0159,4.0,2024-01-04 00:00:00.000000,Pune,Positive
CUST001180,RM0181,3.2,2023-09-01 00:00:00.000000,Ahmedabad,Neutral
CUST001181,RM0036,4.2,2026-01-01 00:00:00.000000,Lucknow,Positive
CUST001181,RM0036,2.7,2023-08-06 00:00:00.000000,Pune,Negative
CUST001181,RM0036,4.7,2023-04-06 00:00:00.000000,Lucknow,Positive
CUST001182,RM0211,3.7,2024-11-11 00:00:00.000000,Pune,Neutral
CUST001183,RM0001,5.0,2026-02-15 00:00:00.000000,Chennai,Positive
CUST001184,RM0065,4.5,2025-05-23 00:00:00.000000,Mumbai,Positive
CUST001185,RM0094,4.4,2023-08-07 00:00:00.000000,Chennai,Positive
CUST001186,RM0184,3.2,2025-03-01 00:00:00.000000,Jaipur,Neutral
CUST001186,RM0220,4.1,2024-09-18 00:00:00.000000,Jaipur,Positive
CUST001186,RM0184,4.8,2024-03-04 00:00:00.000000,Jaipur,Positive
CUST001186,RM0184,4.1,2026-06-04 10:32:46.366860,Lucknow,Positive
CUST001186,RM0184,2.6,2026-05-11 00:00:00.000000,Kolkata,Negative
CUST001187,RM0043,5.0,2024-06-26 00:00:00.000000,Delhi,Positive
CUST001188,RM0234,4.8,2025-09-29 10:32:46.366894,Delhi,Positive
CUST001189,RM0250,2.5,2024-02-11 00:00:00.000000,Ahmedabad,Negative
CUST001190,RM0075,4.1,2025-06-08 00:00:00.000000,Ahmedabad,Positive
CUST001191,RM0203,4.8,2024-03-31 00:00:00.000000,Chennai,Positive
CUST001192,RM0030,3.4,2026-07-27 10:32:46.366929,Mumbai,Neutral
CUST001193,RM0217,2.7,2024-10-28 00:00:00.000000,Mumbai,Negative
CUST001194,RM0242,2.9,2025-11-04 00:00:00.000000,Kolkata,Negative
CUST001195,RM0069,3.9,2023-01-10 00:00:00.000000,Hyderabad,Neutral
CUST001195,RM0069,4.9,2026-05-03 00:00:00.000000,Bangalore,Positive
CUST001196,RM0058,2.9,2025-01-26 00:00:00.000000,Hyderabad,Negative
CUST001197,RM0212,2.9,2024-10-18 00:00:00.000000,Ahmedabad,Negative
CUST001198,RM0217,3.7,2024-10-29 00:00:00.000000,Bangalore,Neutral
CUST001199,RM0222,4.7,2024-08-21 00:00:00.000000,Chennai,Positive
CUST001200,RM0078,5.0,2025-12-09 00:00:00.000000,Lucknow,Positive
CUST001201,RM0123,4.1,2023-11-03 00:00:00.000000,Hyderabad,Positive
CUST001201,RM0243,3.3,2024-01-14 00:00:00.000000,Hyderabad,Neutral
CUST001201,RM0183,3.2,2026-05-19 00:00:00.000000,Lucknow,Neutral
CUST001202,RM0151,5.0,2025-01-24 00:00:00.000000,Delhi,Positive
CUST001203,RM0172,2.7,2025-08-29 00:00:00.000000,Ahmedabad,Negative
CUST001204,RM0035,4.2,2025-08-28 00:00:00.000000,Chennai,Positive
CUST001205,RM0152,5.0,2026-01-14 00:00:00.000000,Chennai,Positive
CUST001206,RM0042,3.8,2023-02-20 00:00:00.000000,Mumbai,Neutral
CUST001207,RM0007,2.9,2024-06-19 00:00:00.000000,Kolkata,Negative
CUST001207,RM0007,4.5,2024-07-05 00:00:00.000000,Hyderabad,Positive
CUST001207,RM0007,4.1,2023-06-13 00:00:00.000000,Lucknow,Positive
CUST001207,RM0007,4.5,2023-02-12 00:00:00.000000,Hyderabad,Positive
CUST001207,RM0007,4.6,2025-04-13 00:00:00.000000,Hyderabad,Positive
CUST001208,RM0037,4.5,2025-05-01 00:00:00.000000,Chennai,Positive
CUST001209,RM0148,4.3,2023-10-29 00:00:00.000000,Ahmedabad,Positive
CUST001210,RM0172,4.7,2023-03-21 00:00:00.000000,Bangalore,Positive
CUST001211,RM0155,5.0,2024-09-27 00:00:00.000000,Pune,Positive
CUST001211,RM0155,3.2,2024-05-19 00:00:00.000000,Hyderabad,Neutral
CUST001211,RM0155,3.7,2024-03-26 00:00:00.000000,Mumbai,Neutral
CUST001211,RM0155,4.8,2025-08-11 00:00:00.000000,Ahmedabad,Positive
CUST001211,RM0155,3.9,2025-01-13 00:00:00.000000,Bangalore,Neutral
CUST001212,RM0020,2.7,2026-08-04 00:00:00.000000,Lucknow,Negative
CUST001213,RM0065,4.3,2026-01-09 00:00:00.000000,Ahmedabad,Positive
CUST001214,RM0024,3.5,2024-08-06 00:00:00.000000,Hyderabad,Neutral
CUST001215,RM0168,5.0,2023-06-06 00:00:00.000000,Lucknow,Positive
CUST001216,RM0092,5.0,2023-03-18 00:00:00.000000,Hyderabad,Positive
CUST001217,RM0241,5.0,2026-06-27 00:00:00.000000,Jaipur,Positive
CUST001217,RM0241,4.0,2023-03-22 00:00:00.000000,Kolkata,Positive
CUST001217,RM0241,4.3,2025-02-20 00:00:00.000000,Kolkata,Positive
CUST001217,RM0241,3.7,2023-02-01 00:00:00.000000,Bangalore,Neutral
CUST001218,RM0135,3.2,2025-09-05 10:32:46.366980,Hyderabad,Neutral
CUST001219,RM0197,3.1,2024-06-25 00:00:00.000000,Hyderabad,Neutral
CUST001220,RM0222,5.0,2026-04-08 00:00:00.000000,Jaipur,Positive
CUST001220,RM0222,4.4,2023-04-19 00:00:00.000000,Hyderabad,Positive
CUST001220,RM0222,2.7,2024-01-06 00:00:00.000000,Lucknow,Negative
CUST001221,RM0216,5.0,2026-04-19 00:00:00.000000,Mumbai,Positive
CUST001222,RM0009,5.0,2025-10-12 00:00:00.000000,Ahmedabad,Positive
CUST001223,RM0016,2.5,2026-03-28 00:00:00.000000,Delhi,Negative
CUST001224,RM0149,4.6,2026-03-08 10:32:46.367016,Mumbai,Positive
CUST001225,RM0013,2.9,2025-12-06 00:00:00.000000,Lucknow,Negative
CUST001226,RM0247,5.0,2025-08-11 00:00:00.000000,Hyderabad,Positive
CUST001227,RM0007,1.9,2025-07-19 00:00:00.000000,Chennai,Negative
CUST001228,RM0109,4.1,2026-02-20 00:00:00.000000,Kolkata,Positive
CUST001229,RM0173,4.4,2025-01-06 00:00:00.000000,Lucknow,Positive
CUST001229,RM0173,2.6,2023-06-10 00:00:00.000000,Mumbai,Negative
CUST001229,RM0173,4.4,2023-11-06 00:00:00.000000,Jaipur,Positive
CUST001229,RM0173,3.5,2025-08-23 00:00:00.000000,Mumbai,Neutral
CUST001230,RM0153,5.0,2025-07-25 00:00:00.000000,Lucknow,Positive
CUST001231,RM0019,2.6,2023-07-21 00:00:00.000000,Kolkata,Negative
CUST001232,RM0042,4.9,2023-07-03 00:00:00.000000,Ahmedabad,Positive
CUST001233,RM0167,3.9,2023-03-14 00:00:00.000000,Kolkata,Neutral
CUST001234,RM0079,5.0,2024-07-28 00:00:00.000000,Mumbai,Positive
CUST001235,RM0003,5.0,2023-02-13 00:00:00.000000,Mumbai,Positive
CUST001236,RM0037,3.7,2024-04-23 00:00:00.000000,Lucknow,Neutral
CUST001237,RM0119,4.0,2026-02-03 00:00:00.000000,Chennai,Positive
CUST001238,RM0182,4.9,2023-04-23 00:00:00.000000,Mumbai,Positive
CUST001239,RM0130,4.5,2024-10-17 00:00:00.000000,Hyderabad,Positive
CUST001240,RM0165,3.9,2024-12-11 00:00:00.000000,Delhi,Neutral
CUST001241,RM0150,3.2,2023-02-02 00:00:00.000000,Jaipur,Neutral
CUST001242,RM0145,4.4,2023-05-07 00:00:00.000000,Delhi,Positive
CUST001243,RM0070,2.9,2024-03-23 00:00:00.000000,Lucknow,Negative
CUST001243,RM0070,4.6,2026-07-31 00:00:00.000000,Lucknow,Positive
CUST001243,RM0070,5.0,2023-07-18 00:00:00.000000,Chennai,Positive
CUST001243,RM0070,3.2,2025-04-11 00:00:00.000000,Chennai,Neutral
CUST001244,RM0227,3.6,2024-12-30 00:00:00.000000,Mumbai,Neutral
CUST001244,RM0227,3.4,2023-06-29 00:00:00.000000,Chennai,Neutral
CUST001244,RM0227,5.0,2026-04-24 00:00:00.000000,Lucknow,Positive
CUST001244,RM0227,4.1,2025-01-02 00:00:00.000000,Hyderabad,Positive
CUST001244,RM0227,3.6,2025-04-06 00:00:00.000000,Jaipur,Neutral
CUST001245,RM0099,4.6,2024-09-20 00:00:00.000000,Jaipur,Positive
CUST001246,RM0154,3.5,2024-09-19 00:00:00.000000,Mumbai,Neutral
CUST001246,RM0242,3.8,2024-11-26 00:00:00.000000,Kolkata,Neutral
CUST001246,RM0244,2.9,2023-03-17 00:00:00.000000,Ahmedabad,Negative
CUST001247,RM0130,4.8,2023-07-22 00:00:00.000000,Ahmedabad,Positive
CUST001248,RM0234,2.9,2026-06-15 00:00:00.000000,Mumbai,Negative
CUST001249,RM0069,5.0,2023-08-16 00:00:00.000000,Chennai,Positive
CUST001250,RM0199,4.2,2025-07-10 00:00:00.000000,Jaipur,Positive
CUST001251,RM0046,3.8,2024-04-04 00:00:00.000000,Kolkata,Neutral
CUST001252,RM0123,4.0,2023-12-09 00:00:00.000000,Jaipur,Positive
CUST001253,RM0175,5.0,2024-01-09 00:00:00.000000,Mumbai,Positive
CUST001254,RM0112,2.7,2023-06-01 00:00:00.000000,Bangalore,Negative
CUST001255,RM0127,2.7,2025-12-23 00:00:00.000000,Pune,Negative
CUST001256,RM0054,5.0,2025-03-30 00:00:00.000000,Jaipur,Positive
CUST001256,RM0054,3.1,2025-04-13 00:00:00.000000,Chennai,Neutral
CUST001256,RM0054,3.3,2025-11-02 00:00:00.000000,Hyderabad,Neutral
CUST001256,RM0054,3.6,2025-02-23 00:00:00.000000,Bangalore,Neutral
CUST001257,RM0117,5.0,2025-05-10 00:00:00.000000,Kolkata,Positive
CUST001257,RM0117,4.8,2023-05-11 00:00:00.000000,Pune,Positive
CUST001258,RM0088,3.9,2024-08-21 00:00:00.000000,Kolkata,Neutral
CUST001259,RM0016,4.4,2026-01-23 00:00:00.000000,Bangalore,Positive
CUST001260,RM0199,4.0,2025-11-02 00:00:00.000000,Hyderabad,Positive
CUST001261,RM0121,4.4,2025-11-25 10:32:46.367072,Chennai,Positive
CUST001261,RM0121,3.0,2025-12-26 00:00:00.000000,Bangalore,Neutral
CUST001261,RM0121,3.1,2023-11-19 00:00:00.000000,Pune,Neutral
CUST001261,RM0121,2.0,2026-02-24 00:00:00.000000,Kolkata,Negative
CUST001262,RM0162,4.0,2024-12-21 00:00:00.000000,Pune,Positive
CUST001263,RM0004,4.0,2026-04-29 00:00:00.000000,Kolkata,Positive
CUST001264,RM0179,5.0,2024-02-18 00:00:00.000000,Chennai,Positive
CUST001265,RM0021,3.3,2025-09-08 00:00:00.000000,Lucknow,Neutral
CUST001266,RM0017,4.0,2025-01-04 00:00:00.000000,Kolkata,Positive
CUST001267,RM0078,4.5,2025-12-04 00:00:00.000000,Jaipur,Positive
CUST001268,RM0160,3.0,2024-02-20 00:00:00.000000,Jaipur,Neutral
CUST001269,RM0183,3.2,2025-11-27 00:00:00.000000,Chennai,Neutral
CUST001270,RM0027,3.1,2025-01-01 00:00:00.000000,Hyderabad,Neutral
CUST001271,RM0146,1.1,2026-06-14 10:32:46.367112,Kolkata,Negative
CUST001272,RM0082,3.9,2023-01-07 00:00:00.000000,Kolkata,Neutral
CUST001273,RM0250,5.0,2025-02-27 00:00:00.000000,Kolkata,Positive
CUST001274,RM0213,3.5,2026-02-06 00:00:00.000000,Delhi,Neutral
CUST001275,RM0207,3.5,2026-04-23 10:32:46.367148,Hyderabad,Neutral
CUST001275,RM0207,3.6,2024-08-17 00:00:00.000000,Bangalore,Neutral
CUST001276,RM0158,4.3,2026-07-25 00:00:00.000000,Jaipur,Positive
CUST001277,RM0092,4.9,2026-06-29 00:00:00.000000,Chennai,Positive
CUST001278,RM0182,4.0,2023-04-21 00:00:00.000000,Bangalore,Positive
CUST001279,RM0212,3.2,2026-03-16 10:32:46.367183,Bangalore,Neutral
CUST001280,RM0212,4.5,2025-03-11 00:00:00.000000,Ahmedabad,Positive
CUST001281,RM0179,3.9,2024-08-10 00:00:00.000000,Pune,Neutral
CUST001282,RM0150,4.3,2023-06-30 00:00:00.000000,Jaipur,Positive
CUST001283,RM0107,4.5,2024-10-25 00:00:00.000000,Jaipur,Positive
CUST001284,RM0035,3.0,2024-10-22 00:00:00.000000,Lucknow,Neutral
CUST001285,RM0197,3.5,2024-11-15 00:00:00.000000,Hyderabad,Neutral
CUST001286,RM0201,4.5,2024-11-07 00:00:00.000000,Lucknow,Positive
CUST001287,RM0213,3.9,2026-05-31 00:00:00.000000,Kolkata,Neutral
CUST001288,RM0192,4.8,2024-03-01 00:00:00.000000,Kolkata,Positive
CUST001289,RM0081,3.8,2024-06-18 00:00:00.000000,Ahmedabad,Neutral
CUST001290,RM0250,5.0,2025-08-25 10:32:46.367221,Delhi,Positive
CUST001291,RM0125,2.0,2024-07-10 00:00:00.000000,Jaipur,Negative
CUST001292,RM0033,4.0,2023-07-11 00:00:00.000000,Delhi,Positive
CUST001293,RM0105,4.3,2023-04-06 00:00:00.000000,Chennai,Positive
CUST001293,RM0105,2.7,2025-12-03 00:00:00.000000,Jaipur,Negative
CUST001293,RM0105,5.0,2024-11-21 00:00:00.000000,Jaipur,Positive
CUST001293,RM0105,3.9,2025-05-13 00:00:00.000000,Lucknow,Neutral
CUST001294,RM0036,3.7,2026-04-05 10:32:46.367318,Chennai,Neutral
CUST001295,RM0235,3.2,2024-12-29 00:00:00.000000,Mumbai,Neutral
CUST001296,RM0170,4.7,2024-09-24 00:00:00.000000,Ahmedabad,Positive
CUST001297,RM0001,4.6,2026-03-08 10:32:46.367358,Mumbai,Positive
CUST001298,RM0180,3.7,2025-03-20 00:00:00.000000,Kolkata,Neutral
CUST001298,RM0180,4.7,2023-03-08 00:00:00.000000,Ahmedabad,Positive
CUST001298,RM0180,4.2,2024-11-03 00:00:00.000000,Kolkata,Positive
CUST001298,RM0180,4.1,2026-05-04 00:00:00.000000,Kolkata,Positive
CUST001298,RM0180,4.8,2023-04-27 00:00:00.000000,Mumbai,Positive
CUST001299,RM0193,5.0,2024-02-05 00:00:00.000000,Lucknow,Positive
CUST001299,RM0193,4.3,2026-03-08 00:00:00.000000,Kolkata,Positive
CUST001299,RM0193,4.3,2024-01-30 00:00:00.000000,Hyderabad,Positive
CUST001299,RM0193,4.9,2024-04-08 00:00:00.000000,Jaipur,Positive
CUST001299,RM0193,3.0,2024-09-23 00:00:00.000000,Kolkata,Neutral
CUST001300,RM0077,3.8,2024-03-22 00:00:00.000000,Pune,Neutral
CUST001301,RM0136,4.0,2025-12-03 00:00:00.000000,Hyderabad,Positive
CUST001302,RM0001,3.6,2023-05-12 00:00:00.000000,Ahmedabad,Neutral
CUST001303,RM0166,4.3,2026-04-09 00:00:00.000000,Ahmedabad,Positive
CUST001303,RM0166,4.2,2024-09-04 00:00:00.000000,Jaipur,Positive
CUST001303,RM0166,5.0,2024-09-18 00:00:00.000000,Kolkata,Positive
CUST001303,RM0166,5.0,2023-09-03 00:00:00.000000,Ahmedabad,Positive
CUST001303,RM0166,2.5,2023-08-02 00:00:00.000000,Mumbai,Negative
CUST001304,RM0049,4.4,2025-08-26 00:00:00.000000,Hyderabad,Positive
CUST001305,RM0157,4.7,2025-08-26 00:00:00.000000,Mumbai,Positive
CUST001306,RM0164,4.1,2024-07-09 00:00:00.000000,Bangalore,Positive
CUST001307,RM0050,4.0,2026-03-29 00:00:00.000000,Ahmedabad,Positive
CUST001308,RM0167,3.5,2023-09-06 00:00:00.000000,Hyderabad,Neutral
CUST001309,RM0222,5.0,2023-07-11 00:00:00.000000,Delhi,Positive
CUST001310,RM0031,4.3,2025-12-03 00:00:00.000000,Lucknow,Positive
CUST001311,RM0223,3.0,2023-10-01 00:00:00.000000,Mumbai,Neutral
CUST001312,RM0118,5.0,2025-03-16 00:00:00.000000,Chennai,Positive
CUST001312,RM0118,4.5,2026-05-22 00:00:00.000000,Chennai,Positive
CUST001312,RM0118,3.4,2024-05-24 00:00:00.000000,Pune,Neutral
CUST001313,RM0145,3.2,2025-01-20 00:00:00.000000,Mumbai,Neutral
CUST001314,RM0141,3.2,2026-03-30 00:00:00.000000,Pune,Neutral
CUST001315,RM0175,5.0,2025-05-09 00:00:00.000000,Jaipur,Positive
CUST001316,RM0015,4.6,2024-10-28 00:00:00.000000,Jaipur,Positive
CUST001317,RM0170,5.0,2026-06-11 00:00:00.000000,Ahmedabad,Positive
CUST001318,RM0153,4.2,2023-10-16 00:00:00.000000,Bangalore,Positive
CUST001318,RM0153,4.0,2026-05-19 10:32:46.367407,Jaipur,Positive
CUST001318,RM0153,3.3,2023-02-14 00:00:00.000000,Ahmedabad,Neutral
CUST001318,RM0153,3.2,2024-10-19 00:00:00.000000,Ahmedabad,Neutral
CUST001319,RM0173,5.0,2026-07-16 00:00:00.000000,Lucknow,Positive
CUST001320,RM0065,4.4,2024-03-03 00:00:00.000000,Jaipur,Positive
CUST001321,RM0104,3.7,2024-07-19 00:00:00.000000,Ahmedabad,Neutral
CUST001321,RM0104,4.0,2025-06-11 00:00:00.000000,Kolkata,Positive
CUST001322,RM0187,4.0,2025-10-18 00:00:00.000000,Kolkata,Positive
CUST001322,RM0187,5.0,2025-10-18 00:00:00.000000,Jaipur,Positive
CUST001322,RM0035,4.6,2025-10-29 00:00:00.000000,Jaipur,Positive
CUST001322,RM0187,3.9,2024-06-11 00:00:00.000000,Lucknow,Neutral
CUST001322,RM0187,4.0,2023-05-15 00:00:00.000000,Delhi,Positive
CUST001323,RM0175,3.4,2024-06-20 00:00:00.000000,Kolkata,Neutral
CUST001324,RM0189,4.0,2023-09-07 00:00:00.000000,Lucknow,Positive
CUST001324,RM0189,3.7,2025-06-13 00:00:00.000000,Jaipur,Neutral
CUST001324,RM0189,3.9,2023-07-29 00:00:00.000000,Jaipur,Neutral
CUST001324,RM0189,3.5,2023-06-04 00:00:00.000000,Bangalore,Neutral
CUST001324,RM0189,2.7,2026-03-26 00:00:00.000000,Mumbai,Negative
CUST001325,RM0145,5.0,2026-05-19 10:32:46.367448,Chennai,Positive
CUST001326,RM0235,4.6,2023-03-21 00:00:00.000000,Ahmedabad,Positive
CUST001327,RM0015,3.7,2024-12-06 00:00:00.000000,Jaipur,Neutral
CUST001327,RM0015,3.7,2026-02-04 10:32:46.367483,Delhi,Neutral
CUST001327,RM0015,2.6,2024-05-27 00:00:00.000000,Bangalore,Negative
CUST001327,RM0015,5.0,2025-03-21 00:00:00.000000,Pune,Positive
CUST001327,RM0015,5.0,2023-01-30 00:00:00.000000,Kolkata,Positive
CUST001328,RM0035,3.9,2025-05-12 00:00:00.000000,Kolkata,Neutral
CUST001329,RM0180,4.3,2023-03-10 00:00:00.000000,Delhi,Positive
CUST001330,RM0061,3.0,2026-02-04 00:00:00.000000,Pune,Neutral
CUST001331,RM0125,4.1,2024-08-06 00:00:00.000000,Ahmedabad,Positive
CUST001332,RM0072,3.3,2025-06-25 00:00:00.000000,Pune,Neutral
CUST001333,RM0074,3.3,2023-04-25 00:00:00.000000,Chennai,Neutral
CUST001334,RM0081,3.7,2026-05-07 10:32:46.367521,Pune,Neutral
CUST001335,RM0242,3.6,2026-03-14 00:00:00.000000,Delhi,Neutral
CUST001335,RM0242,3.9,2026-07-24 00:00:00.000000,Jaipur,Neutral
CUST001335,RM0242,4.0,2026-06-14 00:00:00.000000,Bangalore,Positive
CUST001335,RM0242,5.0,2024-12-11 00:00:00.000000,Delhi,Positive
CUST001335,RM0242,1.9,2026-07-05 00:00:00.000000,Ahmedabad,Negative
CUST001336,RM0197,3.5,2025-10-06 00:00:00.000000,Delhi,Neutral
CUST001336,RM0197,4.0,2025-01-15 00:00:00.000000,Jaipur,Positive
CUST001337,RM0196,4.6,2024-03-04 00:00:00.000000,Pune,Positive
CUST001338,RM0094,4.2,2024-06-29 00:00:00.000000,Delhi,Positive
CUST001339,RM0108,3.2,2024-04-06 00:00:00.000000,Delhi,Neutral
CUST001340,RM0179,5.0,2026-05-02 00:00:00.000000,Jaipur,Positive
CUST001341,RM0187,5.0,2025-08-26 00:00:00.000000,Ahmedabad,Positive
CUST001342,RM0214,4.0,2024-08-04 00:00:00.000000,Hyderabad,Positive
CUST001343,RM0231,3.0,2024-08-31 00:00:00.000000,Hyderabad,Neutral
CUST001344,RM0067,3.7,2024-11-04 00:00:00.000000,Jaipur,Neutral
CUST001344,RM0139,2.9,2025-11-01 10:32:46.367561,Kolkata,Negative
CUST001344,RM0122,4.4,2023-09-06 00:00:00.000000,Chennai,Positive
CUST001344,RM0180,4.6,2024-07-28 00:00:00.000000,Ahmedabad,Positive
CUST001345,RM0186,5.0,2025-02-14 00:00:00.000000,Jaipur,Positive
CUST001346,RM0198,4.4,2024-05-11 00:00:00.000000,Hyderabad,Positive
CUST001347,RM0158,4.2,2023-06-23 00:00:00.000000,Jaipur,Positive
CUST001348,RM0047,3.0,2024-07-22 00:00:00.000000,Mumbai,Neutral
CUST001349,RM0161,2.8,2026-05-29 00:00:00.000000,Chennai,Negative
CUST001350,RM0111,2.0,2025-01-14 00:00:00.000000,Jaipur,Negative
CUST001351,RM0028,4.1,2023-03-10 00:00:00.000000,Pune,Positive
CUST001352,RM0215,4.9,2024-07-12 00:00:00.000000,Ahmedabad,Positive
CUST001353,RM0134,5.0,2024-10-25 00:00:00.000000,Lucknow,Positive
CUST001353,RM0134,4.8,2023-01-27 00:00:00.000000,Hyderabad,Positive
CUST001353,RM0134,3.6,2024-03-20 00:00:00.000000,Chennai,Neutral
CUST001353,RM0134,5.0,2025-01-21 00:00:00.000000,Chennai,Positive
CUST001353,RM0134,3.1,2023-09-04 00:00:00.000000,Kolkata,Neutral
CUST001354,RM0221,3.0,2025-02-25 00:00:00.000000,Hyderabad,Neutral
CUST001355,RM0149,4.8,2026-02-24 00:00:00.000000,Kolkata,Positive
CUST001356,RM0163,5.0,2023-06-05 00:00:00.000000,Bangalore,Positive
CUST001357,RM0145,5.0,2026-04-16 00:00:00.000000,Pune,Positive
CUST001358,RM0239,5.0,2023-11-05 00:00:00.000000,Bangalore,Positive
CUST001358,RM0239,4.7,2024-05-01 00:00:00.000000,Bangalore,Positive
CUST001359,RM0227,4.8,2023-04-22 00:00:00.000000,Bangalore,Positive
CUST001359,RM0227,3.7,2025-03-13 00:00:00.000000,Ahmedabad,Neutral
CUST001359,RM0227,3.2,2024-07-06 00:00:00.000000,Mumbai,Neutral
CUST001359,RM0227,4.3,2025-09-19 00:00:00.000000,Hyderabad,Positive
CUST001360,RM0032,2.3,2024-08-14 00:00:00.000000,Ahmedabad,Negative
CUST001361,RM0122,3.7,2024-02-10 00:00:00.000000,Mumbai,Neutral
CUST001362,RM0169,3.5,2026-04-30 00:00:00.000000,Jaipur,Neutral
CUST001363,RM0132,4.6,2024-11-22 00:00:00.000000,Jaipur,Positive
CUST001364,RM0165,4.2,2025-12-25 00:00:00.000000,Ahmedabad,Positive
CUST001365,RM0147,5.0,2025-05-19 00:00:00.000000,Lucknow,Positive
CUST001365,RM0075,4.8,2026-05-22 00:00:00.000000,Hyderabad,Positive
CUST001365,RM0103,3.4,2023-09-15 00:00:00.000000,Mumbai,Neutral
CUST001366,RM0211,4.7,2025-11-01 00:00:00.000000,Mumbai,Positive
CUST001366,RM0211,2.3,2023-06-17 00:00:00.000000,Bangalore,Negative
CUST001366,RM0211,4.7,2026-04-03 00:00:00.000000,Kolkata,Positive
CUST001366,RM0211,3.3,2025-02-25 00:00:00.000000,Mumbai,Neutral
CUST001367,RM0003,3.4,2023-01-18 00:00:00.000000,Hyderabad,Neutral
CUST001368,RM0178,5.0,2023-05-18 00:00:00.000000,Bangalore,Positive
CUST001369,RM0065,4.4,2026-04-09 00:00:00.000000,Mumbai,Positive
CUST001369,RM0065,3.8,2025-12-30 00:00:00.000000,Chennai,Neutral
CUST001369,RM0065,5.0,2024-04-17 00:00:00.000000,Kolkata,Positive
CUST001369,RM0065,4.0,2025-06-23 00:00:00.000000,Jaipur,Positive
CUST001369,RM0065,5.0,2025-03-22 00:00:00.000000,Kolkata,Positive
CUST001370,RM0017,3.0,2025-03-24 00:00:00.000000,Ahmedabad,Neutral
CUST001371,RM0232,3.3,2025-03-29 00:00:00.000000,Bangalore,Neutral
CUST001371,RM0232,4.8,2024-04-11 00:00:00.000000,Kolkata,Positive
CUST001372,RM0243,4.3,2023-01-15 00:00:00.000000,Ahmedabad,Positive
CUST001372,RM0243,2.1,2026-06-12 00:00:00.000000,Mumbai,Negative
CUST001372,RM0243,5.0,2023-08-06 00:00:00.000000,Pune,Positive
CUST001373,RM0098,3.5,2024-12-03 00:00:00.000000,Kolkata,Neutral
CUST001374,RM0092,3.0,2023-01-16 00:00:00.000000,Kolkata,Neutral
CUST001375,RM0005,4.0,2024-03-13 00:00:00.000000,Chennai,Positive
CUST001376,RM0188,4.9,2025-08-28 00:00:00.000000,Bangalore,Positive
CUST001377,RM0228,5.0,2025-12-22 00:00:00.000000,Jaipur,Positive
CUST001378,RM0031,4.1,2026-04-26 10:32:46.367618,Ahmedabad,Positive
CUST001379,RM0110,5.0,2023-08-14 00:00:00.000000,Chennai,Positive
CUST001380,RM0091,5.0,2025-03-07 00:00:00.000000,Jaipur,Positive
CUST001381,RM0191,4.4,2025-01-20 00:00:00.000000,Bangalore,Positive
CUST001382,RM0126,3.9,2023-03-23 00:00:00.000000,Mumbai,Neutral
CUST001383,RM0109,4.0,2024-05-25 00:00:00.000000,Jaipur,Positive
CUST001384,RM0175,3.7,2023-05-14 00:00:00.000000,Hyderabad,Neutral
CUST001385,RM0124,3.8,2023-02-18 00:00:00.000000,Pune,Neutral
CUST001385,RM0124,5.0,2026-06-05 10:32:46.367656,Kolkata,Positive
CUST001385,RM0124,4.3,2023-03-14 00:00:00.000000,Bangalore,Positive
CUST001386,RM0229,4.9,2023-02-04 00:00:00.000000,Jaipur,Positive
CUST001387,RM0029,4.7,2023-04-16 00:00:00.000000,Jaipur,Positive
CUST001388,RM0129,4.6,2025-03-24 00:00:00.000000,Kolkata,Positive
CUST001389,RM0105,5.0,2026-04-17 00:00:00.000000,Hyderabad,Positive
CUST001390,RM0027,4.8,2024-08-27 00:00:00.000000,Kolkata,Positive
CUST001390,RM0027,4.5,2024-07-29 00:00:00.000000,Jaipur,Positive
CUST001390,RM0027,5.0,2023-07-25 00:00:00.000000,Hyderabad,Positive
CUST001391,RM0223,2.7,2025-04-30 00:00:00.000000,Hyderabad,Negative
CUST001392,RM0218,4.3,2026-03-06 10:32:46.367693,Delhi,Positive
CUST001393,RM0030,3.5,2023-11-10 00:00:00.000000,Mumbai,Neutral
CUST001394,RM0024,4.9,2024-08-19 00:00:00.000000,Lucknow,Positive
CUST001395,RM0003,2.4,2026-06-12 10:32:46.367727,Jaipur,Negative
CUST001395,RM0025,4.2,2023-12-17 00:00:00.000000,Chennai,Positive
CUST001396,RM0051,4.5,2023-03-17 00:00:00.000000,Chennai,Positive
CUST001397,RM0085,5.0,2025-08-26 00:00:00.000000,Jaipur,Positive
CUST001398,RM0046,3.6,2024-03-28 00:00:00.000000,Jaipur,Neutral
CUST001399,RM0160,5.0,2023-01-03 00:00:00.000000,Ahmedabad,Positive
CUST001400,RM0106,3.4,2024-05-24 00:00:00.000000,Jaipur,Neutral
CUST001401,RM0028,2.9,2023-07-10 00:00:00.000000,Chennai,Negative
CUST001402,RM0146,4.6,2025-12-26 00:00:00.000000,Pune,Positive
CUST001403,RM0103,3.9,2025-10-19 00:00:00.000000,Ahmedabad,Neutral
CUST001404,RM0242,5.0,2024-09-02 00:00:00.000000,Delhi,Positive
CUST001405,RM0207,2.4,2025-12-27 00:00:00.000000,Pune,Negative
CUST001406,RM0070,4.0,2026-07-07 00:00:00.000000,Chennai,Positive
CUST001406,RM0070,4.8,2024-10-29 00:00:00.000000,Delhi,Positive
CUST001407,RM0233,3.3,2023-01-16 00:00:00.000000,Jaipur,Neutral
CUST001408,RM0193,2.6,2025-10-09 10:32:46.367767,Ahmedabad,Negative
CUST001408,RM0193,5.0,2025-08-19 00:00:00.000000,Kolkata,Positive
CUST001408,RM0193,3.2,2025-08-13 10:32:46.367806,Kolkata,Neutral
CUST001408,RM0193,5.0,2026-02-17 00:00:00.000000,Jaipur,Positive
CUST001408,RM0200,3.1,2023-10-31 00:00:00.000000,Mumbai,Neutral
CUST001409,RM0041,3.7,2026-05-14 00:00:00.000000,Lucknow,Neutral
CUST001410,RM0168,4.8,2024-06-08 00:00:00.000000,Kolkata,Positive
CUST001410,RM0168,4.4,2026-02-15 00:00:00.000000,Jaipur,Positive
CUST001410,RM0168,3.1,2025-09-24 00:00:00.000000,Ahmedabad,Neutral
CUST001410,RM0168,4.5,2025-04-21 00:00:00.000000,Lucknow,Positive
CUST001411,RM0243,1.8,2025-06-13 00:00:00.000000,Hyderabad,Negative
CUST001412,RM0158,2.8,2024-06-19 00:00:00.000000,Lucknow,Negative
CUST001413,RM0147,5.0,2024-09-11 00:00:00.000000,Pune,Positive
CUST001414,RM0008,3.8,2024-03-24 00:00:00.000000,Lucknow,Neutral
CUST001415,RM0036,4.7,2026-01-03 00:00:00.000000,Jaipur,Positive
CUST001416,RM0187,4.7,2025-06-19 00:00:00.000000,Kolkata,Positive
CUST001417,RM0237,3.7,2025-10-09 00:00:00.000000,Chennai,Neutral
CUST001418,RM0064,4.1,2024-03-19 00:00:00.000000,Lucknow,Positive
CUST001419,RM0194,2.8,2023-05-05 00:00:00.000000,Delhi,Negative
CUST001419,RM0194,4.1,2023-04-24 00:00:00.000000,Delhi,Positive
CUST001419,RM0194,3.5,2025-01-24 00:00:00.000000,Pune,Neutral
CUST001420,RM0162,5.0,2023-11-29 00:00:00.000000,Bangalore,Positive
CUST001421,RM0190,3.3,2025-12-18 00:00:00.000000,Bangalore,Neutral
CUST001422,RM0064,4.5,2024-05-19 00:00:00.000000,Lucknow,Positive
CUST001423,RM0204,3.7,2024-08-31 00:00:00.000000,Pune,Neutral
CUST001423,RM0209,4.8,2023-03-14 00:00:00.000000,Jaipur,Positive
CUST001424,RM0064,2.6,2026-02-01 00:00:00.000000,Bangalore,Negative
CUST001424,RM0064,3.9,2024-11-04 00:00:00.000000,Pune,Neutral
CUST001425,RM0090,4.6,2026-07-31 00:00:00.000000,Lucknow,Positive
CUST001426,RM0058,4.2,2024-06-09 00:00:00.000000,Mumbai,Positive
CUST001427,RM0174,4.5,2024-12-29 00:00:00.000000,Kolkata,Positive
CUST001428,RM0173,3.2,2026-01-13 00:00:00.000000,Kolkata,Neutral
CUST001429,RM0208,3.7,2024-01-20 00:00:00.000000,Lucknow,Neutral
CUST001430,RM0215,4.0,2026-06-23 00:00:00.000000,Chennai,Positive
CUST001431,RM0086,4.8,2025-10-07 00:00:00.000000,Bangalore,Positive
CUST001432,RM0085,5.0,2023-02-28 00:00:00.000000,Mumbai,Positive
CUST001433,RM0150,2.1,2024-01-18 00:00:00.000000,Jaipur,Negative
CUST001434,RM0092,3.7,2026-01-17 00:00:00.000000,Delhi,Neutral
CUST001435,RM0237,3.3,2025-11-23 10:32:46.367857,Hyderabad,Neutral
CUST001436,RM0082,3.2,2024-12-30 00:00:00.000000,Delhi,Neutral
CUST001437,RM0083,4.3,2025-08-19 10:32:46.367891,Ahmedabad,Positive
CUST001438,RM0195,4.0,2026-01-17 00:00:00.000000,Mumbai,Positive
CUST001439,RM0085,2.9,2023-04-13 00:00:00.000000,Pune,Negative
CUST001440,RM0226,2.8,2025-01-05 00:00:00.000000,Ahmedabad,Negative
CUST001441,RM0159,4.0,2026-07-16 10:32:46.367926,Hyderabad,Positive
CUST001442,RM0043,4.5,2026-04-12 00:00:00.000000,Jaipur,Positive
CUST001443,RM0226,2.9,2023-06-30 00:00:00.000000,Mumbai,Negative
CUST001444,RM0175,3.3,2023-08-04 00:00:00.000000,Bangalore,Neutral
CUST001445,RM0136,4.9,2023-09-13 00:00:00.000000,Jaipur,Positive
CUST001446,RM0075,4.2,2023-09-13 00:00:00.000000,Jaipur,Positive
CUST001447,RM0148,5.0,2026-03-11 10:32:46.367961,Lucknow,Positive
CUST001447,RM0148,3.9,2025-09-09 00:00:00.000000,Pune,Neutral
CUST001447,RM0148,5.0,2024-02-18 00:00:00.000000,Pune,Positive
CUST001447,RM0148,3.8,2024-08-24 00:00:00.000000,Lucknow,Neutral
CUST001447,RM0148,5.0,2023-09-19 00:00:00.000000,Lucknow,Positive
CUST001448,RM0133,3.2,2023-04-29 00:00:00.000000,Ahmedabad,Neutral
CUST001449,RM0029,3.3,2023-03-29 00:00:00.000000,Lucknow,Neutral
CUST001450,RM0177,5.0,2023-10-05 00:00:00.000000,Ahmedabad,Positive
CUST001451,RM0145,3.3,2026-06-29 00:00:00.000000,Kolkata,Neutral
CUST001452,RM0170,3.8,2025-05-26 00:00:00.000000,Chennai,Neutral
CUST001453,RM0146,3.3,2023-01-13 00:00:00.000000,Bangalore,Neutral
CUST001454,RM0185,4.0,2026-07-26 00:00:00.000000,Jaipur,Positive
CUST001455,RM0100,5.0,2025-07-02 00:00:00.000000,Bangalore,Positive
CUST001456,RM0053,2.8,2025-01-27 00:00:00.000000,Pune,Negative
CUST001457,RM0133,5.0,2023-01-06 00:00:00.000000,Mumbai,Positive
CUST001458,RM0091,4.2,2026-03-15 10:32:46.368000,Ahmedabad,Positive
CUST001458,RM0091,4.2,2023-04-13 00:00:00.000000,Jaipur,Positive
CUST001458,RM0091,3.9,2026-05-19 00:00:00.000000,Hyderabad,Neutral
CUST001458,RM0091,5.0,2025-02-10 00:00:00.000000,Jaipur,Positive
CUST001459,RM0193,3.8,2025-07-06 00:00:00.000000,Hyderabad,Neutral
CUST001460,RM0164,3.3,2025-02-06 00:00:00.000000,Kolkata,Neutral
CUST001461,RM0033,4.5,2024-02-21 00:00:00.000000,Mumbai,Positive
CUST001462,RM0030,3.9,2023-12-17 00:00:00.000000,Mumbai,Neutral
CUST001463,RM0099,5.0,2024-09-09 00:00:00.000000,Jaipur,Positive
CUST001464,RM0188,4.9,2025-08-26 00:00:00.000000,Lucknow,Positive
CUST001464,RM0096,4.3,2023-12-27 00:00:00.000000,Bangalore,Positive
CUST001464,RM0213,5.0,2023-07-22 00:00:00.000000,Pune,Positive
CUST001465,RM0069,2.5,2025-04-19 00:00:00.000000,Delhi,Negative
CUST001466,RM0054,4.6,2024-03-26 00:00:00.000000,Bangalore,Positive
CUST001467,RM0088,4.1,2026-02-15 00:00:00.000000,Kolkata,Positive
CUST001468,RM0034,3.8,2024-01-04 00:00:00.000000,Hyderabad,Neutral
CUST001469,RM0144,3.7,2025-01-29 00:00:00.000000,Delhi,Neutral
CUST001470,RM0050,5.0,2023-09-28 00:00:00.000000,Chennai,Positive
CUST001471,RM0249,2.1,2025-11-19 00:00:00.000000,Lucknow,Negative
CUST001472,RM0239,4.0,2025-01-03 00:00:00.000000,Kolkata,Positive
CUST001473,RM0204,4.5,2024-11-17 00:00:00.000000,Kolkata,Positive
CUST001474,RM0039,2.6,2024-05-11 00:00:00.000000,Hyderabad,Negative
CUST001475,RM0227,3.8,2025-08-11 00:00:00.000000,Bangalore,Neutral
CUST001476,RM0154,3.9,2025-03-31 00:00:00.000000,Hyderabad,Neutral
CUST001476,RM0154,5.0,2025-10-05 00:00:00.000000,Jaipur,Positive
CUST001476,RM0154,3.5,2025-06-30 00:00:00.000000,Ahmedabad,Neutral
CUST001476,RM0154,4.1,2026-02-23 00:00:00.000000,Jaipur,Positive
CUST001477,RM0004,2.8,2023-07-29 00:00:00.000000,Pune,Negative
CUST001478,RM0118,4.5,2023-11-20 00:00:00.000000,Jaipur,Positive
CUST001479,RM0126,2.7,2024-05-20 00:00:00.000000,Hyderabad,Negative
CUST001480,RM0020,2.2,2025-02-24 00:00:00.000000,Ahmedabad,Negative
CUST001481,RM0127,2.5,2023-07-08 00:00:00.000000,Hyderabad,Negative
CUST001481,RM0127,3.7,2025-12-31 00:00:00.000000,Lucknow,Neutral
CUST001481,RM0127,3.8,2024-08-15 00:00:00.000000,Mumbai,Neutral
CUST001482,RM0189,4.0,2024-12-03 00:00:00.000000,Jaipur,Positive
CUST001483,RM0128,5.0,2023-12-03 00:00:00.000000,Kolkata,Positive
CUST001483,RM0128,5.0,2024-12-05 00:00:00.000000,Mumbai,Positive
CUST001484,RM0089,5.0,2024-01-30 00:00:00.000000,Jaipur,Positive
CUST001485,RM0109,5.0,2023-04-20 00:00:00.000000,Hyderabad,Positive
CUST001486,RM0250,5.0,2026-02-03 10:32:46.368050,Kolkata,Positive
CUST001487,RM0242,4.5,2025-08-20 00:00:00.000000,Bangalore,Positive
CUST001488,RM0049,4.5,2026-01-24 00:00:00.000000,Kolkata,Positive
CUST001489,RM0160,5.0,2023-06-16 00:00:00.000000,Hyderabad,Positive
CUST001490,RM0187,2.9,2024-07-04 00:00:00.000000,Ahmedabad,Negative
CUST001491,RM0076,4.9,2024-01-13 00:00:00.000000,Pune,Positive
CUST001491,RM0076,4.0,2023-05-25 00:00:00.000000,Bangalore,Positive
CUST001491,RM0076,5.0,2025-07-03 00:00:00.000000,Ahmedabad,Positive
CUST001491,RM0112,5.0,2024-10-08 00:00:00.000000,Mumbai,Positive
CUST001491,RM0076,3.8,2024-09-06 00:00:00.000000,Kolkata,Neutral
CUST001492,RM0191,2.8,2025-07-19 00:00:00.000000,Pune,Negative
CUST001493,RM0235,5.0,2026-04-01 00:00:00.000000,Jaipur,Positive
CUST001494,RM0049,3.5,2023-01-15 00:00:00.000000,Chennai,Neutral
CUST001495,RM0093,4.1,2025-02-13 00:00:00.000000,Mumbai,Positive
CUST001496,RM0109,2.9,2024-06-26 00:00:00.000000,Jaipur,Negative
CUST001497,RM0133,3.6,2025-10-26 00:00:00.000000,Bangalore,Neutral
CUST001498,RM0028,5.0,2025-10-19 00:00:00.000000,Mumbai,Positive
CUST001498,RM0028,4.4,2024-11-30 00:00:00.000000,Lucknow,Positive
CUST001498,RM0028,3.2,2026-07-07 00:00:00.000000,Jaipur,Neutral
CUST001499,RM0200,2.1,2025-08-06 00:00:00.000000,Hyderabad,Negative
CUST001500,RM0160,4.7,2026-05-24 00:00:00.000000,Jaipur,Positive
CUST001501,RM0036,3.6,2026-01-15 00:00:00.000000,Delhi,Neutral
CUST001502,RM0041,4.2,2023-05-02 00:00:00.000000,Pune,Positive
CUST001502,RM0179,3.9,2023-04-02 00:00:00.000000,Lucknow,Neutral
CUST001502,RM0135,3.6,2023-11-25 00:00:00.000000,Jaipur,Neutral
CUST001503,RM0001,4.6,2024-10-30 00:00:00.000000,Lucknow,Positive
CUST001504,RM0214,3.1,2025-10-18 00:00:00.000000,Kolkata,Neutral
CUST001504,RM0214,4.0,2023-06-19 00:00:00.000000,Chennai,Positive
CUST001505,RM0061,4.1,2025-11-14 00:00:00.000000,Chennai,Positive
CUST001506,RM0175,4.4,2025-01-09 00:00:00.000000,Bangalore,Positive
CUST001506,RM0175,5.0,2023-10-07 00:00:00.000000,Jaipur,Positive
CUST001506,RM0175,4.1,2024-09-26 00:00:00.000000,Ahmedabad,Positive
CUST001506,RM0175,2.8,2026-05-30 00:00:00.000000,Chennai,Negative
CUST001507,RM0195,4.7,2026-06-18 00:00:00.000000,Chennai,Positive
CUST001508,RM0184,3.1,2026-08-01 00:00:00.000000,Ahmedabad,Neutral
CUST001508,RM0184,3.3,2024-04-27 00:00:00.000000,Mumbai,Neutral
CUST001508,RM0209,3.5,2025-12-24 00:00:00.000000,Hyderabad,Neutral
CUST001509,RM0082,3.8,2024-10-19 00:00:00.000000,Delhi,Neutral
CUST001510,RM0229,5.0,2025-05-12 00:00:00.000000,Jaipur,Positive
CUST001511,RM0068,4.7,2024-01-02 00:00:00.000000,Pune,Positive
CUST001512,RM0058,2.9,2025-06-26 00:00:00.000000,Bangalore,Negative
CUST001512,RM0058,5.0,2026-03-07 00:00:00.000000,Chennai,Positive
CUST001512,RM0058,5.0,2024-03-03 00:00:00.000000,Lucknow,Positive
CUST001513,RM0105,4.4,2026-01-07 00:00:00.000000,Lucknow,Positive
CUST001513,RM0105,1.7,2023-06-22 00:00:00.000000,Kolkata,Negative
CUST001513,RM0105,3.2,2023-02-06 00:00:00.000000,Kolkata,Neutral
CUST001513,RM0105,4.0,2026-06-19 00:00:00.000000,Delhi,Positive
CUST001514,RM0242,5.0,2025-06-20 00:00:00.000000,Bangalore,Positive
CUST001514,RM0242,5.0,2023-02-27 00:00:00.000000,Pune,Positive
CUST001514,RM0242,3.0,2026-06-20 10:32:46.368105,Hyderabad,Neutral
CUST001514,RM0242,2.3,2025-08-13 00:00:00.000000,Kolkata,Negative
CUST001514,RM0242,3.8,2023-06-07 00:00:00.000000,Bangalore,Neutral
CUST001515,RM0050,4.1,2025-11-13 00:00:00.000000,Jaipur,Positive
CUST001516,RM0198,2.8,2026-06-29 00:00:00.000000,Ahmedabad,Negative
CUST001517,RM0157,3.1,2023-06-14 00:00:00.000000,Lucknow,Neutral
CUST001518,RM0147,5.0,2026-05-12 00:00:00.000000,Mumbai,Positive
CUST001519,RM0212,3.6,2024-05-23 00:00:00.000000,Hyderabad,Neutral
CUST001520,RM0010,3.7,2025-04-05 00:00:00.000000,Mumbai,Neutral
CUST001521,RM0080,5.0,2023-01-13 00:00:00.000000,Pune,Positive
CUST001521,RM0080,3.7,2025-09-27 00:00:00.000000,Chennai,Neutral
CUST001521,RM0080,3.0,2023-01-03 00:00:00.000000,Chennai,Neutral
CUST001521,RM0080,3.3,2024-04-08 00:00:00.000000,Ahmedabad,Neutral
CUST001522,RM0002,4.3,2023-05-27 00:00:00.000000,Jaipur,Positive
CUST001523,RM0158,3.5,2024-10-14 00:00:00.000000,Jaipur,Neutral
CUST001524,RM0196,3.9,2024-09-07 00:00:00.000000,Chennai,Neutral
CUST001524,RM0017,4.0,2025-10-08 00:00:00.000000,Bangalore,Positive
CUST001525,RM0186,5.0,2024-11-29 00:00:00.000000,Bangalore,Positive
CUST001526,RM0194,4.7,2023-08-20 00:00:00.000000,Mumbai,Positive
CUST001527,RM0139,3.0,2023-07-29 00:00:00.000000,Mumbai,Neutral
CUST001527,RM0060,3.8,2025-10-13 10:32:46.368147,Jaipur,Neutral
CUST001527,RM0139,4.8,2023-07-11 00:00:00.000000,Jaipur,Positive
CUST001527,RM0139,5.0,2024-09-23 00:00:00.000000,Delhi,Positive
CUST001527,RM0139,4.0,2025-05-27 00:00:00.000000,Ahmedabad,Positive
CUST001528,RM0031,2.4,2023-03-17 00:00:00.000000,Jaipur,Negative
CUST001529,RM0171,2.6,2024-07-25 00:00:00.000000,Mumbai,Negative
CUST001530,RM0021,4.5,2023-01-11 00:00:00.000000,Mumbai,Positive
CUST001531,RM0113,3.4,2025-07-03 00:00:00.000000,Kolkata,Neutral
CUST001532,RM0218,3.2,2026-01-12 00:00:00.000000,Bangalore,Neutral
CUST001532,RM0218,4.2,2025-11-17 00:00:00.000000,Hyderabad,Positive
CUST001533,RM0067,4.8,2024-05-13 00:00:00.000000,Jaipur,Positive
CUST001534,RM0204,3.8,2024-07-15 00:00:00.000000,Ahmedabad,Neutral
CUST001535,RM0117,2.1,2025-07-24 00:00:00.000000,Jaipur,Negative
CUST001536,RM0080,3.5,2025-04-14 00:00:00.000000,Ahmedabad,Neutral
CUST001537,RM0222,2.8,2024-06-26 00:00:00.000000,Pune,Negative
CUST001538,RM0201,4.0,2025-03-20 00:00:00.000000,Mumbai,Positive
CUST001538,RM0201,4.6,2023-11-03 00:00:00.000000,Mumbai,Positive
CUST001538,RM0201,5.0,2023-06-25 00:00:00.000000,Ahmedabad,Positive
CUST001538,RM0201,4.3,2023-02-04 00:00:00.000000,Lucknow,Positive
CUST001539,RM0014,4.4,2024-11-02 00:00:00.000000,Pune,Positive
CUST001540,RM0074,4.8,2024-10-17 00:00:00.000000,Kolkata,Positive
CUST001541,RM0173,5.0,2024-07-23 00:00:00.000000,Hyderabad,Positive
CUST001542,RM0236,3.4,2026-02-09 10:32:46.368191,Lucknow,Neutral
CUST001543,RM0200,3.9,2023-07-07 00:00:00.000000,Ahmedabad,Neutral
CUST001543,RM0200,4.0,2026-06-29 00:00:00.000000,Lucknow,Positive
CUST001543,RM0200,4.9,2025-01-03 00:00:00.000000,Ahmedabad,Positive
CUST001544,RM0063,3.1,2025-05-29 00:00:00.000000,Bangalore,Neutral
CUST001544,RM0063,2.5,2025-08-25 10:32:46.368226,Pune,Negative
CUST001544,RM0063,3.5,2025-09-17 10:32:46.368319,Hyderabad,Neutral
CUST001544,RM0063,5.0,2026-07-25 00:00:00.000000,Chennai,Positive
CUST001545,RM0198,4.1,2026-05-04 00:00:00.000000,Ahmedabad,Positive
CUST001546,RM0011,3.5,2025-09-11 00:00:00.000000,Kolkata,Neutral
CUST001547,RM0247,5.0,2023-04-05 00:00:00.000000,Hyderabad,Positive
CUST001548,RM0213,4.6,2023-04-21 00:00:00.000000,Hyderabad,Positive
CUST001549,RM0234,3.2,2023-11-08 00:00:00.000000,Lucknow,Neutral
CUST001549,RM0234,3.8,2023-04-23 00:00:00.000000,Mumbai,Neutral
CUST001550,RM0169,3.0,2023-02-18 00:00:00.000000,Ahmedabad,Neutral
CUST001551,RM0164,4.1,2024-07-19 00:00:00.000000,Delhi,Positive
CUST001552,RM0172,4.6,2025-11-06 00:00:00.000000,Ahmedabad,Positive
CUST001552,RM0057,1.5,2026-06-21 00:00:00.000000,Bangalore,Negative
CUST001552,RM0151,3.0,2023-02-07 00:00:00.000000,Lucknow,Neutral
CUST001553,RM0203,5.0,2023-02-24 00:00:00.000000,Bangalore,Positive
CUST001554,RM0204,3.7,2024-08-09 00:00:00.000000,Ahmedabad,Neutral
CUST001555,RM0134,5.0,2023-05-26 00:00:00.000000,Chennai,Positive
CUST001556,RM0044,2.7,2025-12-14 00:00:00.000000,Lucknow,Negative
CUST001557,RM0194,3.5,2024-09-19 00:00:00.000000,Mumbai,Neutral
CUST001558,RM0221,4.2,2023-11-24 00:00:00.000000,Lucknow,Positive
CUST001559,RM0061,3.7,2026-07-10 10:32:46.368365,Delhi,Neutral
CUST001560,RM0113,5.0,2023-01-31 00:00:00.000000,Kolkata,Positive
CUST001561,RM0098,3.9,2024-09-11 00:00:00.000000,Kolkata,Neutral
CUST001562,RM0102,4.7,2023-03-29 00:00:00.000000,Bangalore,Positive
CUST001563,RM0149,2.9,2024-10-21 00:00:00.000000,Lucknow,Negative
CUST001564,RM0171,4.3,2025-10-23 10:32:46.368401,Mumbai,Positive
CUST001565,RM0221,3.7,2025-12-02 00:00:00.000000,Lucknow,Neutral
CUST001565,RM0221,3.0,2024-08-17 00:00:00.000000,Ahmedabad,Neutral
CUST001565,RM0045,4.5,2026-06-23 10:32:46.368435,Mumbai,Positive
CUST001566,RM0004,5.0,2025-08-23 00:00:00.000000,Kolkata,Positive
CUST001566,RM0004,3.4,2025-05-02 00:00:00.000000,Jaipur,Neutral
CUST001567,RM0072,4.4,2024-08-14 00:00:00.000000,Hyderabad,Positive
CUST001568,RM0061,3.8,2026-04-11 10:32:46.368471,Chennai,Neutral
CUST001569,RM0197,4.1,2025-09-28 10:32:46.368504,Lucknow,Positive
CUST001570,RM0194,4.8,2025-05-25 00:00:00.000000,Hyderabad,Positive
CUST001571,RM0026,5.0,2023-01-09 00:00:00.000000,Delhi,Positive
CUST001571,RM0026,5.0,2023-03-10 00:00:00.000000,Mumbai,Positive
CUST001572,RM0122,3.3,2023-10-05 00:00:00.000000,Kolkata,Neutral
CUST001573,RM0025,2.7,2024-01-20 00:00:00.000000,Kolkata,Negative
CUST001574,RM0232,2.0,2025-02-22 00:00:00.000000,Kolkata,Negative
CUST001575,RM0231,4.6,2023-06-29 00:00:00.000000,Chennai,Positive
CUST001576,RM0030,3.5,2024-11-20 00:00:00.000000,Delhi,Neutral
CUST001577,RM0183,5.0,2026-02-05 00:00:00.000000,Kolkata,Positive
CUST001578,RM0015,3.0,2026-02-27 00:00:00.000000,Chennai,Neutral
CUST001579,RM0023,4.4,2025-11-17 00:00:00.000000,Bangalore,Positive
CUST001579,RM0023,2.2,2026-06-08 00:00:00.000000,Ahmedabad,Negative
CUST001580,RM0131,4.5,2023-03-05 00:00:00.000000,Mumbai,Positive
CUST001581,RM0216,4.0,2025-12-15 10:32:46.368543,Chennai,Positive
CUST001582,RM0078,4.4,2023-07-21 00:00:00.000000,Chennai,Positive
CUST001583,RM0233,2.9,2024-07-29 00:00:00.000000,Kolkata,Negative
CUST001584,RM0194,4.2,2025-06-04 00:00:00.000000,Mumbai,Positive
CUST001585,RM0183,5.0,2026-01-26 00:00:00.000000,Jaipur,Positive
CUST001586,RM0005,4.7,2025-04-12 00:00:00.000000,Bangalore,Positive
CUST001586,RM0005,5.0,2026-07-15 00:00:00.000000,Kolkata,Positive
CUST001586,RM0005,4.2,2025-12-20 00:00:00.000000,Bangalore,Positive
CUST001586,RM0005,4.6,2023-05-20 00:00:00.000000,Delhi,Positive
CUST001586,RM0005,3.5,2024-03-29 00:00:00.000000,Lucknow,Neutral
CUST001587,RM0239,4.2,2024-09-14 00:00:00.000000,Pune,Positive
CUST001588,RM0083,3.0,2024-05-20 00:00:00.000000,Delhi,Neutral
CUST001589,RM0140,4.9,2025-03-17 00:00:00.000000,Jaipur,Positive
CUST001590,RM0036,3.2,2025-08-09 00:00:00.000000,Chennai,Neutral
CUST001590,RM0036,5.0,2025-05-02 00:00:00.000000,Jaipur,Positive
CUST001591,RM0157,2.7,2023-09-02 00:00:00.000000,Bangalore,Negative
CUST001592,RM0090,3.7,2025-09-18 00:00:00.000000,Jaipur,Neutral
CUST001593,RM0226,3.8,2026-01-07 00:00:00.000000,Pune,Neutral
CUST001594,RM0056,2.9,2024-04-17 00:00:00.000000,Lucknow,Negative
CUST001595,RM0038,4.2,2026-03-24 00:00:00.000000,Ahmedabad,Positive
CUST001596,RM0206,3.5,2024-02-13 00:00:00.000000,Bangalore,Neutral
CUST001596,RM0206,5.0,2023-11-01 00:00:00.000000,Chennai,Positive
CUST001596,RM0206,3.2,2024-01-27 00:00:00.000000,Pune,Neutral
CUST001597,RM0009,4.4,2025-10-01 00:00:00.000000,Pune,Positive
CUST001598,RM0115,3.9,2023-10-07 00:00:00.000000,Delhi,Neutral
CUST001599,RM0225,3.8,2025-06-03 00:00:00.000000,Jaipur,Neutral
CUST001600,RM0018,4.1,2025-06-06 00:00:00.000000,Ahmedabad,Positive
CUST001600,RM0018,4.7,2026-06-01 00:00:00.000000,Hyderabad,Positive
CUST001600,RM0018,2.1,2025-11-16 00:00:00.000000,Lucknow,Negative
CUST001601,RM0105,4.0,2024-01-28 00:00:00.000000,Ahmedabad,Positive
CUST001602,RM0078,3.2,2026-01-12 00:00:00.000000,Chennai,Neutral
CUST001602,RM0078,3.3,2024-07-15 00:00:00.000000,Ahmedabad,Neutral
CUST001603,RM0021,4.2,2025-03-06 00:00:00.000000,Bangalore,Positive
CUST001604,RM0176,5.0,2025-02-20 00:00:00.000000,Kolkata,Positive
CUST001605,RM0084,5.0,2025-09-03 00:00:00.000000,Ahmedabad,Positive
CUST001605,RM0084,3.4,2023-06-17 00:00:00.000000,Pune,Neutral
CUST001605,RM0084,1.2,2024-01-19 00:00:00.000000,Bangalore,Negative
CUST001605,RM0084,4.1,2023-05-31 00:00:00.000000,Ahmedabad,Positive
CUST001606,RM0157,2.2,2026-01-07 00:00:00.000000,Kolkata,Negative
CUST001607,RM0006,4.4,2025-07-19 00:00:00.000000,Lucknow,Positive
CUST001608,RM0111,3.1,2023-05-11 00:00:00.000000,Ahmedabad,Neutral
CUST001609,RM0188,4.3,2023-07-15 00:00:00.000000,Hyderabad,Positive
CUST001610,RM0053,3.1,2023-02-18 00:00:00.000000,Bangalore,Neutral
CUST001611,RM0217,2.8,2024-08-26 00:00:00.000000,Chennai,Negative
CUST001612,RM0017,2.9,2026-01-09 00:00:00.000000,Delhi,Negative
CUST001612,RM0017,4.4,2026-06-11 10:32:46.368596,Hyderabad,Positive
CUST001612,RM0017,2.7,2023-02-06 00:00:00.000000,Lucknow,Negative
CUST001612,RM0017,4.5,2023-04-29 00:00:00.000000,Pune,Positive
CUST001612,RM0017,5.0,2025-04-20 00:00:00.000000,Pune,Positive
CUST001613,RM0011,5.0,2026-07-05 00:00:00.000000,Bangalore,Positive
CUST001614,RM0126,2.4,2024-03-17 00:00:00.000000,Hyderabad,Negative
CUST001615,RM0122,2.7,2024-08-08 00:00:00.000000,Jaipur,Negative
CUST001616,RM0111,4.5,2023-07-15 00:00:00.000000,Bangalore,Positive
CUST001616,RM0111,2.9,2024-12-14 00:00:00.000000,Lucknow,Negative
CUST001616,RM0111,4.6,2024-06-23 00:00:00.000000,Mumbai,Positive
CUST001616,RM0111,4.0,2024-04-07 00:00:00.000000,Ahmedabad,Positive
CUST001617,RM0047,2.3,2026-01-21 00:00:00.000000,Jaipur,Negative
CUST001617,RM0047,3.9,2024-08-07 00:00:00.000000,Delhi,Neutral
CUST001617,RM0047,4.9,2025-12-06 00:00:00.000000,Ahmedabad,Positive
CUST001618,RM0103,2.4,2026-01-07 00:00:00.000000,Kolkata,Negative
CUST001618,RM0103,3.9,2024-04-19 00:00:00.000000,Hyderabad,Neutral
CUST001618,RM0103,3.9,2025-05-08 00:00:00.000000,Hyderabad,Neutral
CUST001618,RM0103,4.6,2025-07-06 00:00:00.000000,Chennai,Positive
CUST001618,RM0103,3.3,2024-02-18 00:00:00.000000,Mumbai,Neutral
CUST001619,RM0112,2.6,2023-02-03 00:00:00.000000,Ahmedabad,Negative
CUST001620,RM0009,4.0,2024-03-09 00:00:00.000000,Delhi,Positive
CUST001621,RM0220,1.5,2025-08-10 00:00:00.000000,Lucknow,Negative
CUST001621,RM0220,5.0,2023-10-22 00:00:00.000000,Hyderabad,Positive
CUST001621,RM0220,4.8,2024-08-15 00:00:00.000000,Jaipur,Positive
CUST001622,RM0003,4.0,2026-06-11 00:00:00.000000,Hyderabad,Positive
CUST001623,RM0224,3.9,2025-07-24 00:00:00.000000,Bangalore,Neutral
CUST001624,RM0045,4.4,2023-02-09 00:00:00.000000,Chennai,Positive
CUST001625,RM0105,5.0,2023-03-16 00:00:00.000000,Mumbai,Positive
CUST001626,RM0020,2.0,2023-05-10 00:00:00.000000,Kolkata,Negative
CUST001627,RM0165,2.2,2026-01-20 00:00:00.000000,Ahmedabad,Negative
CUST001628,RM0230,2.1,2025-08-16 00:00:00.000000,Pune,Negative
CUST001629,RM0238,3.7,2024-02-19 00:00:00.000000,Kolkata,Neutral
CUST001630,RM0016,4.2,2023-12-26 00:00:00.000000,Lucknow,Positive
CUST001631,RM0129,5.0,2025-05-28 00:00:00.000000,Jaipur,Positive
CUST001632,RM0132,1.1,2024-12-23 00:00:00.000000,Chennai,Negative
CUST001633,RM0135,2.7,2025-02-04 00:00:00.000000,Hyderabad,Negative
CUST001634,RM0216,4.1,2024-09-17 00:00:00.000000,Ahmedabad,Positive
CUST001634,RM0216,4.3,2025-01-20 00:00:00.000000,Hyderabad,Positive
CUST001634,RM0216,3.8,2026-06-26 00:00:00.000000,Pune,Neutral
CUST001634,RM0216,2.9,2023-09-04 00:00:00.000000,Jaipur,Negative
CUST001635,RM0202,3.3,2024-06-10 00:00:00.000000,Lucknow,Neutral
CUST001636,RM0130,3.9,2026-04-25 10:32:46.368646,Ahmedabad,Neutral
CUST001637,RM0210,2.3,2026-03-05 10:32:46.368680,Lucknow,Negative
CUST001638,RM0074,3.1,2025-10-10 00:00:00.000000,Chennai,Neutral
CUST001639,RM0152,2.6,2023-02-08 00:00:00.000000,Kolkata,Negative
CUST001640,RM0061,4.5,2026-07-18 00:00:00.000000,Hyderabad,Positive
CUST001641,RM0072,3.1,2026-02-24 00:00:00.000000,Kolkata,Neutral
CUST001642,RM0215,2.7,2026-03-07 10:32:46.368715,Chennai,Negative
CUST001642,RM0232,3.5,2025-11-21 00:00:00.000000,Delhi,Neutral
CUST001642,RM0215,4.8,2024-03-28 00:00:00.000000,Chennai,Positive
CUST001642,RM0228,4.0,2025-02-02 00:00:00.000000,Bangalore,Positive
CUST001642,RM0215,5.0,2025-01-20 00:00:00.000000,Bangalore,Positive
CUST001643,RM0090,4.9,2025-07-28 00:00:00.000000,Delhi,Positive
CUST001644,RM0152,3.3,2025-01-25 00:00:00.000000,Lucknow,Neutral
CUST001645,RM0133,4.1,2026-07-02 00:00:00.000000,Jaipur,Positive
CUST001646,RM0015,5.0,2025-06-20 00:00:00.000000,Hyderabad,Positive
CUST001647,RM0179,3.5,2024-03-19 00:00:00.000000,Jaipur,Neutral
CUST001648,RM0003,4.2,2024-06-10 00:00:00.000000,Jaipur,Positive
CUST001649,RM0213,3.1,2025-12-18 10:32:46.368753,Pune,Neutral
CUST001650,RM0159,3.8,2023-07-27 00:00:00.000000,Ahmedabad,Neutral
CUST001651,RM0120,3.7,2023-08-13 00:00:00.000000,Chennai,Neutral
CUST001652,RM0085,4.6,2025-03-04 00:00:00.000000,Hyderabad,Positive
CUST001653,RM0017,3.6,2024-11-22 00:00:00.000000,Hyderabad,Neutral
CUST001654,RM0003,4.2,2023-07-20 00:00:00.000000,Delhi,Positive
CUST001655,RM0042,4.4,2024-04-21 00:00:00.000000,Delhi,Positive
CUST001656,RM0220,3.2,2025-02-27 00:00:00.000000,Chennai,Neutral
CUST001657,RM0115,3.6,2025-11-11 00:00:00.000000,Lucknow,Neutral
CUST001657,RM0115,4.5,2023-10-10 00:00:00.000000,Bangalore,Positive
CUST001657,RM0115,5.0,2025-10-31 10:32:46.368791,Pune,Positive
CUST001658,RM0043,2.7,2025-09-26 10:32:46.368832,Ahmedabad,Negative
CUST001659,RM0103,4.5,2023-05-16 00:00:00.000000,Ahmedabad,Positive
CUST001660,RM0016,5.0,2023-03-27 00:00:00.000000,Kolkata,Positive
CUST001661,RM0157,4.1,2024-01-08 00:00:00.000000,Kolkata,Positive
CUST001661,RM0170,3.1,2023-05-18 00:00:00.000000,Jaipur,Neutral
CUST001661,RM0223,3.9,2025-11-14 00:00:00.000000,Delhi,Neutral
CUST001661,RM0132,3.0,2026-07-07 00:00:00.000000,Ahmedabad,Neutral
CUST001661,RM0119,3.5,2024-05-28 00:00:00.000000,Lucknow,Neutral
CUST001662,RM0240,4.4,2023-01-04 00:00:00.000000,Delhi,Positive
CUST001663,RM0059,3.9,2024-01-21 00:00:00.000000,Delhi,Neutral
CUST001664,RM0120,4.2,2025-05-16 00:00:00.000000,Chennai,Positive
CUST001665,RM0202,2.8,2024-04-30 00:00:00.000000,Hyderabad,Negative
CUST001666,RM0168,3.4,2023-12-01 00:00:00.000000,Jaipur,Neutral
CUST001667,RM0220,4.0,2023-09-26 00:00:00.000000,Lucknow,Positive
CUST001668,RM0010,4.6,2023-09-07 00:00:00.000000,Mumbai,Positive
CUST001669,RM0068,2.3,2026-04-11 10:32:46.368872,Ahmedabad,Negative
CUST001670,RM0017,2.7,2026-02-23 00:00:00.000000,Delhi,Negative
CUST001671,RM0231,3.7,2024-09-01 00:00:00.000000,Lucknow,Neutral
CUST001672,RM0072,3.5,2024-08-08 00:00:00.000000,Chennai,Neutral
CUST001673,RM0141,4.8,2026-01-26 00:00:00.000000,Pune,Positive
CUST001674,RM0045,1.6,2024-06-18 00:00:00.000000,Chennai,Negative
CUST001674,RM0155,3.9,2023-04-30 00:00:00.000000,Delhi,Neutral
CUST001674,RM0155,5.0,2024-05-07 00:00:00.000000,Delhi,Positive
CUST001674,RM0155,4.3,2025-09-16 10:32:46.368908,Jaipur,Positive
CUST001674,RM0155,2.5,2026-07-08 00:00:00.000000,Lucknow,Negative
CUST001675,RM0155,5.0,2023-07-08 00:00:00.000000,Jaipur,Positive
CUST001676,RM0085,3.5,2024-03-28 00:00:00.000000,Hyderabad,Neutral
CUST001677,RM0206,1.6,2025-04-04 00:00:00.000000,Delhi,Negative
CUST001677,RM0206,4.8,2024-03-24 00:00:00.000000,Bangalore,Positive
CUST001677,RM0206,3.2,2025-12-31 10:32:46.368943,Jaipur,Neutral
CUST001678,RM0211,5.0,2023-04-24 00:00:00.000000,Lucknow,Positive
CUST001679,RM0043,4.0,2025-03-10 00:00:00.000000,Bangalore,Positive
CUST001680,RM0155,4.7,2025-03-25 00:00:00.000000,Ahmedabad,Positive
CUST001681,RM0081,5.0,2025-04-22 00:00:00.000000,Jaipur,Positive
CUST001682,RM0127,2.9,2023-09-12 00:00:00.000000,Pune,Negative
CUST001683,RM0198,5.0,2026-07-04 00:00:00.000000,Lucknow,Positive
CUST001684,RM0194,3.2,2024-03-16 00:00:00.000000,Ahmedabad,Neutral
CUST001685,RM0145,4.3,2023-12-30 00:00:00.000000,Bangalore,Positive
CUST001686,RM0035,4.2,2025-09-20 00:00:00.000000,Jaipur,Positive
CUST001686,RM0192,5.0,2024-07-18 00:00:00.000000,Mumbai,Positive
CUST001686,RM0247,4.8,2024-11-30 00:00:00.000000,Chennai,Positive
CUST001687,RM0144,3.5,2023-08-07 00:00:00.000000,Mumbai,Neutral
CUST001688,RM0049,5.0,2025-10-26 00:00:00.000000,Chennai,Positive
CUST001689,RM0093,3.9,2024-09-18 00:00:00.000000,Kolkata,Neutral
CUST001690,RM0226,4.7,2023-12-16 00:00:00.000000,Hyderabad,Positive
CUST001691,RM0161,4.3,2023-07-01 00:00:00.000000,Delhi,Positive
CUST001692,RM0215,3.8,2026-04-05 00:00:00.000000,Delhi,Neutral
CUST001693,RM0018,2.7,2026-03-25 00:00:00.000000,Bangalore,Negative
CUST001694,RM0036,4.2,2026-02-06 00:00:00.000000,Lucknow,Positive
CUST001695,RM0092,3.3,2025-07-16 00:00:00.000000,Kolkata,Neutral
CUST001696,RM0041,2.8,2025-01-31 00:00:00.000000,Hyderabad,Negative
CUST001696,RM0012,4.8,2025-06-03 00:00:00.000000,Jaipur,Positive
CUST001696,RM0125,3.4,2025-04-01 00:00:00.000000,Bangalore,Neutral
CUST001696,RM0230,2.2,2023-10-08 00:00:00.000000,Jaipur,Negative
CUST001697,RM0227,4.0,2023-05-25 00:00:00.000000,Pune,Positive
CUST001698,RM0078,3.8,2023-06-24 00:00:00.000000,Lucknow,Neutral
CUST001699,RM0041,3.9,2023-01-07 00:00:00.000000,Delhi,Neutral
CUST001700,RM0073,3.9,2025-10-28 00:00:00.000000,Jaipur,Neutral
CUST001701,RM0092,3.0,2024-12-16 00:00:00.000000,Kolkata,Neutral
CUST001702,RM0217,4.0,2024-11-29 00:00:00.000000,Ahmedabad,Positive
CUST001703,RM0240,3.6,2025-12-17 00:00:00.000000,Chennai,Neutral
CUST001703,RM0240,5.0,2025-10-08 00:00:00.000000,Kolkata,Positive
CUST001703,RM0240,4.9,2024-03-20 00:00:00.000000,Ahmedabad,Positive
CUST001704,RM0082,3.6,2024-06-07 00:00:00.000000,Kolkata,Neutral
CUST001705,RM0234,4.6,2025-04-30 00:00:00.000000,Pune,Positive
CUST001706,RM0027,4.1,2025-11-13 00:00:00.000000,Kolkata,Positive
CUST001707,RM0023,3.7,2025-10-20 00:00:00.000000,Jaipur,Neutral
CUST001708,RM0012,5.0,2024-10-27 00:00:00.000000,Hyderabad,Positive
CUST001709,RM0073,4.0,2025-01-08 00:00:00.000000,Mumbai,Positive
CUST001709,RM0228,3.1,2023-07-06 00:00:00.000000,Pune,Neutral
CUST001710,RM0170,4.3,2023-07-17 00:00:00.000000,Delhi,Positive
CUST001711,RM0020,2.3,2024-12-05 00:00:00.000000,Bangalore,Negative
CUST001712,RM0165,4.4,2023-09-20 00:00:00.000000,Chennai,Positive
CUST001713,RM0250,3.3,2025-02-16 00:00:00.000000,Hyderabad,Neutral
CUST001714,RM0046,3.6,2026-02-12 00:00:00.000000,Pune,Neutral
CUST001715,RM0043,3.7,2025-03-08 00:00:00.000000,Lucknow,Neutral
CUST001716,RM0225,1.8,2023-05-03 00:00:00.000000,Mumbai,Negative
CUST001717,RM0087,2.4,2024-06-07 00:00:00.000000,Jaipur,Negative
CUST001717,RM0087,4.8,2025-01-20 00:00:00.000000,Delhi,Positive
CUST001717,RM0087,4.1,2023-01-01 00:00:00.000000,Bangalore,Positive
CUST001717,RM0087,5.0,2026-03-07 00:00:00.000000,Jaipur,Positive
CUST001717,RM0147,2.6,2025-12-29 10:32:46.368998,Lucknow,Negative
CUST001718,RM0229,4.9,2023-01-12 00:00:00.000000,Kolkata,Positive
CUST001719,RM0007,4.5,2026-01-17 00:00:00.000000,Jaipur,Positive
CUST001720,RM0126,5.0,2023-04-28 00:00:00.000000,Jaipur,Positive
CUST001720,RM0126,3.9,2024-12-13 00:00:00.000000,Lucknow,Neutral
CUST001720,RM0126,4.1,2023-05-16 00:00:00.000000,Jaipur,Positive
CUST001720,RM0126,3.1,2026-02-16 00:00:00.000000,Lucknow,Neutral
CUST001721,RM0115,3.7,2023-09-05 00:00:00.000000,Kolkata,Neutral
CUST001722,RM0117,3.5,2026-07-02 00:00:00.000000,Pune,Neutral
CUST001723,RM0076,2.7,2026-01-18 00:00:00.000000,Jaipur,Negative
CUST001724,RM0235,4.1,2025-12-06 00:00:00.000000,Hyderabad,Positive
CUST001725,RM0001,4.9,2023-02-02 00:00:00.000000,Lucknow,Positive
CUST001726,RM0026,5.0,2023-07-28 00:00:00.000000,Hyderabad,Positive
CUST001727,RM0024,3.2,2024-12-15 00:00:00.000000,Pune,Neutral
CUST001727,RM0024,4.0,2024-05-22 00:00:00.000000,Lucknow,Positive
CUST001727,RM0024,3.9,2023-08-06 00:00:00.000000,Hyderabad,Neutral
CUST001728,RM0228,5.0,2026-04-27 00:00:00.000000,Kolkata,Positive
CUST001728,RM0228,5.0,2025-12-22 00:00:00.000000,Chennai,Positive
CUST001728,RM0228,2.7,2026-05-04 00:00:00.000000,Chennai,Negative
CUST001728,RM0228,4.5,2024-01-05 00:00:00.000000,Jaipur,Positive
CUST001728,RM0052,4.5,2024-05-30 00:00:00.000000,Bangalore,Positive
CUST001729,RM0128,3.8,2024-12-25 00:00:00.000000,Hyderabad,Neutral
CUST001730,RM0187,2.7,2024-05-21 00:00:00.000000,Bangalore,Negative
CUST001731,RM0107,4.7,2026-05-27 00:00:00.000000,Lucknow,Positive
CUST001732,RM0066,5.0,2026-04-18 00:00:00.000000,Delhi,Positive
CUST001733,RM0213,3.5,2023-10-08 00:00:00.000000,Jaipur,Neutral
CUST001734,RM0170,5.0,2026-05-22 00:00:00.000000,Jaipur,Positive
CUST001735,RM0238,4.0,2023-11-19 00:00:00.000000,Mumbai,Positive
CUST001736,RM0088,5.0,2024-10-15 00:00:00.000000,Ahmedabad,Positive
CUST001736,RM0088,5.0,2023-10-13 00:00:00.000000,Jaipur,Positive
CUST001736,RM0088,4.0,2023-10-07 00:00:00.000000,Chennai,Positive
CUST001736,RM0088,4.4,2024-06-06 00:00:00.000000,Ahmedabad,Positive
CUST001736,RM0088,3.3,2023-11-27 00:00:00.000000,Lucknow,Neutral
CUST001737,RM0006,2.4,2023-02-15 00:00:00.000000,Chennai,Negative
CUST001737,RM0006,4.3,2024-03-24 00:00:00.000000,Chennai,Positive
CUST001737,RM0006,2.5,2023-06-27 00:00:00.000000,Bangalore,Negative
CUST001738,RM0064,5.0,2023-01-14 00:00:00.000000,Mumbai,Positive
CUST001739,RM0034,5.0,2026-01-25 00:00:00.000000,Pune,Positive
CUST001740,RM0220,3.8,2023-07-15 00:00:00.000000,Jaipur,Neutral
CUST001741,RM0103,5.0,2024-11-07 00:00:00.000000,Lucknow,Positive
CUST001742,RM0140,3.4,2025-04-12 00:00:00.000000,Kolkata,Neutral
CUST001742,RM0224,3.6,2026-06-21 00:00:00.000000,Ahmedabad,Neutral
CUST001742,RM0064,3.6,2026-04-12 10:32:46.369050,Delhi,Neutral
CUST001742,RM0107,3.9,2024-07-25 00:00:00.000000,Pune,Neutral
CUST001742,RM0054,3.7,2024-08-29 00:00:00.000000,Ahmedabad,Neutral
CUST001743,RM0003,4.5,2023-08-27 00:00:00.000000,Pune,Positive
CUST001744,RM0137,3.0,2023-02-23 00:00:00.000000,Hyderabad,Neutral
CUST001745,RM0047,4.1,2025-02-04 00:00:00.000000,Hyderabad,Positive
CUST001746,RM0194,3.5,2026-02-18 00:00:00.000000,Ahmedabad,Neutral
CUST001747,RM0222,4.1,2026-04-03 00:00:00.000000,Chennai,Positive
CUST001748,RM0217,2.9,2026-06-16 00:00:00.000000,Kolkata,Negative
CUST001749,RM0215,3.1,2024-12-04 00:00:00.000000,Hyderabad,Neutral
CUST001749,RM0215,5.0,2025-05-24 00:00:00.000000,Bangalore,Positive
CUST001750,RM0020,3.1,2024-09-07 00:00:00.000000,Pune,Neutral
CUST001750,RM0191,4.5,2026-06-13 00:00:00.000000,Lucknow,Positive
CUST001750,RM0023,3.5,2025-03-24 00:00:00.000000,Chennai,Neutral
CUST001751,RM0209,3.0,2023-12-04 00:00:00.000000,Lucknow,Neutral
CUST001751,RM0209,4.0,2025-04-24 00:00:00.000000,Kolkata,Positive
CUST001751,RM0209,4.1,2025-04-11 00:00:00.000000,Jaipur,Positive
CUST001751,RM0209,3.1,2025-05-13 00:00:00.000000,Jaipur,Neutral
CUST001752,RM0113,4.5,2023-12-14 00:00:00.000000,Chennai,Positive
CUST001753,RM0205,3.9,2024-05-29 00:00:00.000000,Jaipur,Neutral
CUST001754,RM0105,5.0,2023-11-11 00:00:00.000000,Hyderabad,Positive
CUST001754,RM0105,2.7,2023-07-09 00:00:00.000000,Jaipur,Negative
CUST001754,RM0105,4.3,2026-02-03 00:00:00.000000,Ahmedabad,Positive
CUST001754,RM0238,4.4,2025-06-06 00:00:00.000000,Bangalore,Positive
CUST001754,RM0105,3.0,2023-11-05 00:00:00.000000,Jaipur,Neutral
CUST001755,RM0208,3.3,2026-03-24 00:00:00.000000,Kolkata,Neutral
CUST001756,RM0025,2.6,2025-02-27 00:00:00.000000,Lucknow,Negative
CUST001757,RM0128,2.4,2026-06-25 00:00:00.000000,Lucknow,Negative
CUST001758,RM0185,3.9,2024-05-15 00:00:00.000000,Pune,Neutral
CUST001759,RM0029,4.8,2023-02-26 00:00:00.000000,Jaipur,Positive
CUST001760,RM0085,3.9,2023-08-11 00:00:00.000000,Chennai,Neutral
CUST001761,RM0013,3.9,2023-09-02 00:00:00.000000,Delhi,Neutral
CUST001762,RM0131,2.7,2025-09-15 00:00:00.000000,Delhi,Negative
CUST001763,RM0047,1.9,2023-02-25 00:00:00.000000,Bangalore,Negative
CUST001764,RM0093,4.3,2026-08-04 10:32:46.369098,Hyderabad,Positive
CUST001765,RM0055,3.3,2024-09-21 00:00:00.000000,Pune,Neutral
CUST001766,RM0249,2.2,2024-04-20 00:00:00.000000,Kolkata,Negative
CUST001767,RM0177,3.5,2025-12-29 00:00:00.000000,Jaipur,Neutral
CUST001768,RM0224,4.2,2025-11-11 00:00:00.000000,Mumbai,Positive
CUST001769,RM0157,4.4,2026-04-02 00:00:00.000000,Delhi,Positive
CUST001770,RM0121,4.2,2024-08-27 00:00:00.000000,Pune,Positive
CUST001771,RM0162,3.3,2024-11-11 00:00:00.000000,Kolkata,Neutral
CUST001772,RM0177,4.6,2025-07-21 00:00:00.000000,Kolkata,Positive
CUST001772,RM0177,4.0,2023-01-09 00:00:00.000000,Delhi,Positive
CUST001773,RM0143,3.1,2026-04-12 00:00:00.000000,Kolkata,Neutral
CUST001773,RM0143,2.9,2023-12-18 00:00:00.000000,Pune,Negative
CUST001773,RM0143,4.2,2024-08-29 00:00:00.000000,Mumbai,Positive
CUST001773,RM0143,4.9,2026-01-07 00:00:00.000000,Jaipur,Positive
CUST001773,RM0143,4.6,2023-09-27 00:00:00.000000,Lucknow,Positive
CUST001774,RM0124,4.2,2023-10-02 00:00:00.000000,Ahmedabad,Positive
CUST001775,RM0028,4.6,2026-02-09 00:00:00.000000,Ahmedabad,Positive
CUST001776,RM0211,5.0,2024-08-22 00:00:00.000000,Delhi,Positive
CUST001777,RM0180,4.3,2025-03-28 00:00:00.000000,Pune,Positive
CUST001778,RM0245,4.2,2024-10-15 00:00:00.000000,Lucknow,Positive
CUST001779,RM0097,4.5,2024-02-02 00:00:00.000000,Jaipur,Positive
CUST001779,RM0202,4.8,2026-01-11 10:32:46.369141,Delhi,Positive
CUST001779,RM0222,2.7,2023-01-31 00:00:00.000000,Ahmedabad,Negative
CUST001779,RM0141,4.2,2024-08-28 00:00:00.000000,Jaipur,Positive
CUST001780,RM0243,5.0,2024-07-16 00:00:00.000000,Lucknow,Positive
CUST001781,RM0227,5.0,2026-01-09 00:00:00.000000,Hyderabad,Positive
CUST001782,RM0240,4.0,2024-05-08 00:00:00.000000,Delhi,Positive
CUST001783,RM0003,3.5,2023-10-04 00:00:00.000000,Chennai,Neutral
CUST001784,RM0209,4.2,2025-04-27 00:00:00.000000,Ahmedabad,Positive
CUST001785,RM0195,3.4,2024-05-03 00:00:00.000000,Chennai,Neutral
CUST001786,RM0118,5.0,2023-03-12 00:00:00.000000,Kolkata,Positive
CUST001787,RM0167,4.5,2026-01-06 00:00:00.000000,Mumbai,Positive
CUST001787,RM0167,3.9,2023-01-20 00:00:00.000000,Jaipur,Neutral
CUST001787,RM0167,5.0,2024-03-26 00:00:00.000000,Ahmedabad,Positive
CUST001787,RM0167,2.8,2024-12-14 00:00:00.000000,Ahmedabad,Negative
CUST001787,RM0167,1.9,2025-10-12 00:00:00.000000,Mumbai,Negative
CUST001788,RM0244,4.4,2025-10-27 00:00:00.000000,Jaipur,Positive
CUST001789,RM0093,5.0,2025-04-01 00:00:00.000000,Jaipur,Positive
CUST001790,RM0098,3.9,2024-05-28 00:00:00.000000,Lucknow,Neutral
CUST001791,RM0187,3.3,2023-10-30 00:00:00.000000,Hyderabad,Neutral
CUST001792,RM0190,3.0,2025-04-24 00:00:00.000000,Ahmedabad,Neutral
CUST001793,RM0059,2.8,2023-07-03 00:00:00.000000,Chennai,Negative
CUST001794,RM0116,4.7,2025-05-05 00:00:00.000000,Pune,Positive
CUST001795,RM0025,4.8,2025-01-07 00:00:00.000000,Lucknow,Positive
CUST001796,RM0082,4.9,2026-04-19 00:00:00.000000,Kolkata,Positive
CUST001796,RM0082,4.0,2024-11-22 00:00:00.000000,Ahmedabad,Positive
CUST001797,RM0085,2.8,2025-12-16 00:00:00.000000,Pune,Negative
CUST001798,RM0231,3.3,2025-10-21 00:00:00.000000,Kolkata,Neutral
CUST001799,RM0100,4.6,2023-05-18 00:00:00.000000,Pune,Positive
CUST001800,RM0227,3.0,2023-02-16 00:00:00.000000,Ahmedabad,Neutral
CUST001801,RM0198,3.9,2023-12-03 00:00:00.000000,Jaipur,Neutral
CUST001802,RM0018,3.0,2025-07-19 00:00:00.000000,Bangalore,Neutral
CUST001803,RM0037,3.3,2024-01-05 00:00:00.000000,Ahmedabad,Neutral
CUST001804,RM0180,2.8,2026-06-06 00:00:00.000000,Hyderabad,Negative
CUST001805,RM0112,4.0,2024-10-26 00:00:00.000000,Bangalore,Positive
CUST001806,RM0109,2.5,2023-10-23 00:00:00.000000,Ahmedabad,Negative
CUST001807,RM0232,3.2,2026-04-03 00:00:00.000000,Ahmedabad,Neutral
CUST001807,RM0232,4.9,2024-05-09 00:00:00.000000,Delhi,Positive
CUST001807,RM0232,5.0,2023-09-30 00:00:00.000000,Pune,Positive
CUST001807,RM0232,4.7,2025-10-18 00:00:00.000000,Delhi,Positive
CUST001807,RM0232,5.0,2023-03-16 00:00:00.000000,Mumbai,Positive
CUST001808,RM0226,2.7,2023-08-03 00:00:00.000000,Ahmedabad,Negative
CUST001809,RM0048,3.9,2025-08-24 10:32:46.369191,Delhi,Neutral
CUST001810,RM0065,4.1,2026-07-22 10:32:46.369225,Delhi,Positive
CUST001811,RM0042,5.0,2023-10-05 00:00:00.000000,Delhi,Positive
CUST001812,RM0099,3.8,2024-05-22 00:00:00.000000,Jaipur,Neutral
CUST001813,RM0145,4.8,2025-01-17 00:00:00.000000,Lucknow,Positive
CUST001814,RM0060,4.0,2025-01-20 00:00:00.000000,Ahmedabad,Positive
CUST001815,RM0236,5.0,2025-01-25 00:00:00.000000,Jaipur,Positive
CUST001816,RM0125,4.1,2024-09-06 00:00:00.000000,Mumbai,Positive
CUST001817,RM0076,3.5,2024-02-06 00:00:00.000000,Jaipur,Neutral
CUST001818,RM0017,3.6,2025-02-05 00:00:00.000000,Bangalore,Neutral
CUST001819,RM0137,2.3,2024-09-06 00:00:00.000000,Delhi,Negative
CUST001820,RM0036,3.5,2025-05-12 00:00:00.000000,Jaipur,Neutral
CUST001820,RM0036,2.6,2024-03-02 00:00:00.000000,Chennai,Negative
CUST001820,RM0036,4.8,2024-06-22 00:00:00.000000,Mumbai,Positive
CUST001820,RM0036,4.0,2026-03-29 00:00:00.000000,Pune,Positive
CUST001821,RM0180,2.4,2025-02-14 00:00:00.000000,Mumbai,Negative
CUST001821,RM0180,4.4,2026-08-02 00:00:00.000000,Lucknow,Positive
CUST001821,RM0180,5.0,2023-08-01 00:00:00.000000,Pune,Positive
CUST001821,RM0180,4.7,2025-07-31 00:00:00.000000,Mumbai,Positive
CUST001821,RM0180,3.5,2026-05-16 10:32:46.369279,Lucknow,Neutral
CUST001822,RM0144,4.8,2024-10-26 00:00:00.000000,Chennai,Positive
CUST001823,RM0045,4.0,2024-04-21 00:00:00.000000,Kolkata,Positive
CUST001824,RM0152,3.5,2025-09-16 10:32:46.369317,Chennai,Neutral
CUST001825,RM0177,4.0,2023-01-26 00:00:00.000000,Pune,Positive
CUST001826,RM0044,3.6,2026-05-28 00:00:00.000000,Mumbai,Neutral
CUST001827,RM0025,4.4,2025-07-17 00:00:00.000000,Bangalore,Positive
CUST001827,RM0025,2.4,2026-01-06 00:00:00.000000,Chennai,Negative
CUST001827,RM0025,3.5,2023-06-02 00:00:00.000000,Delhi,Neutral
CUST001828,RM0003,4.4,2024-09-01 00:00:00.000000,Mumbai,Positive
CUST001828,RM0103,3.5,2023-11-14 00:00:00.000000,Lucknow,Neutral
CUST001829,RM0168,2.7,2023-03-02 00:00:00.000000,Kolkata,Negative
CUST001830,RM0091,3.1,2023-03-28 00:00:00.000000,Delhi,Neutral
CUST001831,RM0200,4.2,2025-05-18 00:00:00.000000,Mumbai,Positive
CUST001832,RM0023,4.5,2024-03-13 00:00:00.000000,Bangalore,Positive
CUST001833,RM0199,5.0,2025-12-16 00:00:00.000000,Chennai,Positive
CUST001833,RM0199,4.8,2025-04-15 00:00:00.000000,Bangalore,Positive
CUST001834,RM0163,4.8,2023-08-07 00:00:00.000000,Pune,Positive
CUST001835,RM0015,2.1,2025-05-23 00:00:00.000000,Lucknow,Negative
CUST001835,RM0192,4.8,2025-07-13 00:00:00.000000,Hyderabad,Positive
CUST001835,RM0106,3.5,2023-04-18 00:00:00.000000,Ahmedabad,Neutral
CUST001835,RM0015,2.6,2023-11-29 00:00:00.000000,Delhi,Negative
CUST001836,RM0213,4.6,2024-12-19 00:00:00.000000,Hyderabad,Positive
CUST001837,RM0221,4.2,2025-02-12 00:00:00.000000,Ahmedabad,Positive
CUST001838,RM0211,4.0,2023-10-18 00:00:00.000000,Delhi,Positive
CUST001839,RM0119,4.9,2023-06-26 00:00:00.000000,Jaipur,Positive
CUST001839,RM0119,3.5,2024-05-22 00:00:00.000000,Pune,Neutral
CUST001839,RM0119,4.0,2025-07-26 00:00:00.000000,Mumbai,Positive
CUST001840,RM0204,2.2,2023-05-31 00:00:00.000000,Kolkata,Negative
CUST001841,RM0107,5.0,2023-04-08 00:00:00.000000,Delhi,Positive
CUST001841,RM0107,2.7,2026-03-22 00:00:00.000000,Bangalore,Negative
CUST001841,RM0107,3.2,2023-09-03 00:00:00.000000,Bangalore,Neutral
CUST001841,RM0107,3.0,2025-12-31 10:32:46.369364,Pune,Neutral
CUST001841,RM0107,4.2,2023-03-13 00:00:00.000000,Lucknow,Positive
CUST001842,RM0126,3.2,2023-07-14 00:00:00.000000,Jaipur,Neutral
CUST001842,RM0126,5.0,2025-12-14 00:00:00.000000,Lucknow,Positive
CUST001842,RM0126,4.3,2023-08-18 00:00:00.000000,Bangalore,Positive
CUST001843,RM0042,2.5,2024-12-24 00:00:00.000000,Lucknow,Negative
CUST001844,RM0027,4.8,2025-03-08 00:00:00.000000,Ahmedabad,Positive
CUST001845,RM0230,4.9,2023-06-15 00:00:00.000000,Mumbai,Positive
CUST001846,RM0186,3.3,2025-09-27 00:00:00.000000,Mumbai,Neutral
CUST001847,RM0096,2.9,2024-01-30 00:00:00.000000,Chennai,Negative
CUST001848,RM0125,4.4,2025-03-29 00:00:00.000000,Lucknow,Positive
CUST001849,RM0062,4.7,2025-04-25 00:00:00.000000,Chennai,Positive
CUST001850,RM0128,3.0,2025-12-13 00:00:00.000000,Mumbai,Neutral
CUST001851,RM0002,4.9,2024-01-09 00:00:00.000000,Hyderabad,Positive
CUST001852,RM0186,3.4,2023-05-09 00:00:00.000000,Ahmedabad,Neutral
CUST001853,RM0133,5.0,2025-10-15 00:00:00.000000,Kolkata,Positive
CUST001854,RM0030,2.4,2024-05-23 00:00:00.000000,Chennai,Negative
CUST001855,RM0076,3.3,2025-04-20 00:00:00.000000,Lucknow,Neutral
CUST001856,RM0229,3.8,2024-10-18 00:00:00.000000,Pune,Neutral
CUST001857,RM0071,3.0,2023-07-17 00:00:00.000000,Jaipur,Neutral
CUST001858,RM0014,4.0,2025-02-21 00:00:00.000000,Pune,Positive
CUST001859,RM0057,3.7,2025-05-23 00:00:00.000000,Jaipur,Neutral
CUST001860,RM0091,3.8,2023-06-25 00:00:00.000000,Jaipur,Neutral
CUST001861,RM0123,3.6,2023-05-21 00:00:00.000000,Mumbai,Neutral
CUST001862,RM0019,2.7,2024-05-05 00:00:00.000000,Bangalore,Negative
CUST001862,RM0019,4.0,2025-07-16 00:00:00.000000,Jaipur,Positive
CUST001862,RM0019,3.9,2024-05-18 00:00:00.000000,Ahmedabad,Neutral
CUST001862,RM0019,3.0,2025-09-08 00:00:00.000000,Kolkata,Neutral
CUST001862,RM0019,5.0,2024-05-08 00:00:00.000000,Jaipur,Positive
CUST001863,RM0155,4.3,2023-02-09 00:00:00.000000,Chennai,Positive
CUST001864,RM0108,4.7,2023-01-06 00:00:00.000000,Lucknow,Positive
CUST001865,RM0235,3.2,2025-03-10 00:00:00.000000,Delhi,Neutral
CUST001866,RM0219,1.7,2023-09-11 00:00:00.000000,Ahmedabad,Negative
CUST001867,RM0190,5.0,2026-07-25 00:00:00.000000,Pune,Positive
CUST001867,RM0190,4.2,2025-12-22 00:00:00.000000,Kolkata,Positive
CUST001867,RM0190,4.4,2024-09-19 00:00:00.000000,Jaipur,Positive
CUST001867,RM0190,4.3,2023-02-04 00:00:00.000000,Jaipur,Positive
CUST001868,RM0204,4.4,2023-04-21 00:00:00.000000,Jaipur,Positive
CUST001869,RM0241,4.0,2023-04-24 00:00:00.000000,Jaipur,Positive
CUST001870,RM0037,2.9,2025-09-23 10:32:46.369414,Kolkata,Negative
CUST001871,RM0235,3.0,2024-12-25 00:00:00.000000,Lucknow,Neutral
CUST001872,RM0246,3.0,2024-03-01 00:00:00.000000,Jaipur,Neutral
CUST001872,RM0227,4.6,2024-10-10 00:00:00.000000,Jaipur,Positive
CUST001873,RM0022,2.8,2024-03-29 00:00:00.000000,Ahmedabad,Negative
CUST001874,RM0176,2.5,2024-08-12 00:00:00.000000,Mumbai,Negative
CUST001875,RM0082,3.4,2023-12-24 00:00:00.000000,Jaipur,Neutral
CUST001876,RM0101,3.7,2025-02-09 00:00:00.000000,Pune,Neutral
CUST001877,RM0220,4.0,2024-04-28 00:00:00.000000,Hyderabad,Positive
CUST001878,RM0126,3.5,2025-06-12 00:00:00.000000,Lucknow,Neutral
CUST001879,RM0035,4.5,2025-06-30 00:00:00.000000,Pune,Positive
CUST001879,RM0035,5.0,2026-06-13 10:32:46.369452,Pune,Positive
CUST001880,RM0238,4.0,2026-05-12 00:00:00.000000,Hyderabad,Positive
CUST001880,RM0238,5.0,2026-07-03 00:00:00.000000,Jaipur,Positive
CUST001881,RM0145,4.5,2026-05-11 00:00:00.000000,Bangalore,Positive
CUST001882,RM0084,3.0,2026-06-08 00:00:00.000000,Jaipur,Neutral
CUST001883,RM0037,3.2,2025-10-24 00:00:00.000000,Mumbai,Neutral
CUST001884,RM0248,3.1,2023-06-17 00:00:00.000000,Kolkata,Neutral
CUST001885,RM0233,3.8,2024-01-10 00:00:00.000000,Delhi,Neutral
CUST001886,RM0150,3.7,2025-11-09 00:00:00.000000,Kolkata,Neutral
CUST001887,RM0085,4.6,2025-08-17 00:00:00.000000,Ahmedabad,Positive
CUST001888,RM0061,3.8,2024-12-20 00:00:00.000000,Delhi,Neutral
CUST001889,RM0116,4.2,2026-01-25 00:00:00.000000,Mumbai,Positive
CUST001890,RM0138,2.8,2023-05-24 00:00:00.000000,Pune,Negative
CUST001891,RM0199,4.2,2024-02-26 00:00:00.000000,Ahmedabad,Positive
CUST001891,RM0034,3.5,2026-04-11 00:00:00.000000,Jaipur,Neutral
CUST001891,RM0034,3.4,2023-09-23 00:00:00.000000,Delhi,Neutral
CUST001891,RM0034,3.4,2024-10-16 00:00:00.000000,Hyderabad,Neutral
CUST001891,RM0034,5.0,2023-11-25 00:00:00.000000,Kolkata,Positive
CUST001892,RM0064,2.8,2025-01-15 00:00:00.000000,Lucknow,Negative
CUST001893,RM0096,4.7,2024-08-13 00:00:00.000000,Jaipur,Positive
CUST001894,RM0143,4.0,2025-02-03 00:00:00.000000,Lucknow,Positive
CUST001894,RM0143,2.6,2026-06-11 10:32:46.369494,Lucknow,Negative
CUST001894,RM0143,3.7,2025-08-28 10:32:46.369527,Bangalore,Neutral
CUST001894,RM0143,1.7,2024-09-05 00:00:00.000000,Kolkata,Negative
CUST001894,RM0143,5.0,2023-08-09 00:00:00.000000,Lucknow,Positive
CUST001895,RM0229,3.6,2026-05-08 00:00:00.000000,Chennai,Neutral
CUST001896,RM0241,5.0,2024-06-01 00:00:00.000000,Jaipur,Positive
CUST001897,RM0070,5.0,2025-12-15 00:00:00.000000,Delhi,Positive
CUST001897,RM0070,3.4,2026-07-01 00:00:00.000000,Mumbai,Neutral
CUST001897,RM0070,4.0,2026-02-26 00:00:00.000000,Lucknow,Positive
CUST001897,RM0070,4.2,2025-02-21 00:00:00.000000,Pune,Positive
CUST001898,RM0210,5.0,2025-11-18 00:00:00.000000,Chennai,Positive
CUST001899,RM0224,3.8,2025-06-06 00:00:00.000000,Ahmedabad,Neutral
CUST001899,RM0224,3.9,2023-09-07 00:00:00.000000,Mumbai,Neutral
CUST001899,RM0224,2.6,2024-12-04 00:00:00.000000,Bangalore,Negative
CUST001899,RM0224,3.1,2024-12-28 00:00:00.000000,Kolkata,Neutral
CUST001899,RM0224,3.5,2024-11-07 00:00:00.000000,Delhi,Neutral
CUST001900,RM0039,5.0,2024-04-24 00:00:00.000000,Chennai,Positive
CUST001901,RM0091,5.0,2023-12-27 00:00:00.000000,Ahmedabad,Positive
CUST001901,RM0012,4.5,2024-06-30 00:00:00.000000,Jaipur,Positive
CUST001901,RM0155,4.4,2025-03-12 00:00:00.000000,Lucknow,Positive
CUST001902,RM0178,4.7,2025-02-25 00:00:00.000000,Jaipur,Positive
CUST001903,RM0207,3.3,2025-04-20 00:00:00.000000,Hyderabad,Neutral
CUST001904,RM0148,5.0,2026-05-16 00:00:00.000000,Jaipur,Positive
CUST001905,RM0202,2.6,2025-08-05 00:00:00.000000,Kolkata,Negative
CUST001906,RM0211,3.5,2026-07-07 00:00:00.000000,Delhi,Neutral
CUST001907,RM0148,4.7,2023-01-02 00:00:00.000000,Chennai,Positive
CUST001908,RM0208,3.5,2026-07-17 10:32:46.369571,Chennai,Neutral
CUST001909,RM0204,5.0,2026-06-19 00:00:00.000000,Ahmedabad,Positive
CUST001910,RM0069,4.7,2025-12-19 10:32:46.369605,Lucknow,Positive
CUST001911,RM0231,5.0,2025-04-05 00:00:00.000000,Pune,Positive
CUST001911,RM0231,3.2,2025-07-17 00:00:00.000000,Hyderabad,Neutral
CUST001911,RM0231,5.0,2026-06-22 00:00:00.000000,Mumbai,Positive
CUST001911,RM0231,4.0,2025-12-26 00:00:00.000000,Jaipur,Positive
CUST001911,RM0231,4.8,2023-09-16 00:00:00.000000,Chennai,Positive
CUST001912,RM0212,5.0,2025-03-11 00:00:00.000000,Kolkata,Positive
CUST001913,RM0219,1.8,2024-12-02 00:00:00.000000,Jaipur,Negative
CUST001914,RM0150,3.2,2025-09-17 00:00:00.000000,Jaipur,Neutral
CUST001915,RM0200,4.3,2026-06-23 00:00:00.000000,Jaipur,Positive
CUST001916,RM0147,4.4,2025-08-28 00:00:00.000000,Pune,Positive
CUST001917,RM0062,4.0,2025-12-10 00:00:00.000000,Kolkata,Positive
CUST001918,RM0009,2.5,2024-05-19 00:00:00.000000,Hyderabad,Negative
CUST001919,RM0081,4.2,2023-01-05 00:00:00.000000,Bangalore,Positive
CUST001920,RM0210,4.3,2023-11-30 00:00:00.000000,Pune,Positive
CUST001921,RM0062,4.0,2025-06-04 00:00:00.000000,Hyderabad,Positive
CUST001922,RM0115,4.0,2026-01-04 00:00:00.000000,Lucknow,Positive
CUST001923,RM0222,4.9,2026-06-22 10:32:46.369645,Hyderabad,Positive
CUST001924,RM0033,3.8,2023-04-27 00:00:00.000000,Pune,Neutral
CUST001924,RM0033,2.7,2025-11-12 00:00:00.000000,Jaipur,Negative
CUST001925,RM0052,5.0,2025-05-08 00:00:00.000000,Delhi,Positive
CUST001925,RM0052,5.0,2026-08-02 10:32:46.369680,Kolkata,Positive
CUST001926,RM0052,4.0,2023-02-16 00:00:00.000000,Chennai,Positive
CUST001927,RM0099,4.9,2023-05-08 00:00:00.000000,Bangalore,Positive
CUST001928,RM0137,2.5,2024-03-31 00:00:00.000000,Pune,Negative
CUST001929,RM0159,3.9,2024-06-03 00:00:00.000000,Pune,Neutral
CUST001929,RM0159,2.3,2026-07-27 00:00:00.000000,Hyderabad,Negative
CUST001929,RM0159,5.0,2023-09-08 00:00:00.000000,Jaipur,Positive
CUST001929,RM0159,2.5,2023-12-15 00:00:00.000000,Hyderabad,Negative
CUST001930,RM0071,3.6,2026-03-14 00:00:00.000000,Lucknow,Neutral
CUST001931,RM0036,4.2,2024-04-22 00:00:00.000000,Mumbai,Positive
CUST001932,RM0058,4.8,2025-12-17 00:00:00.000000,Jaipur,Positive
CUST001933,RM0197,4.5,2023-03-25 00:00:00.000000,Kolkata,Positive
CUST001934,RM0222,5.0,2024-01-09 00:00:00.000000,Pune,Positive
CUST001935,RM0090,4.8,2024-03-03 00:00:00.000000,Mumbai,Positive
CUST001936,RM0009,5.0,2026-06-29 00:00:00.000000,Kolkata,Positive
CUST001937,RM0221,2.2,2026-03-10 00:00:00.000000,Jaipur,Negative
CUST001938,RM0137,3.5,2025-08-11 00:00:00.000000,Mumbai,Neutral
CUST001939,RM0206,4.5,2025-03-14 00:00:00.000000,Chennai,Positive
CUST001940,RM0065,5.0,2025-12-24 00:00:00.000000,Pune,Positive
CUST001941,RM0103,3.5,2026-06-13 00:00:00.000000,Mumbai,Neutral
CUST001942,RM0045,5.0,2024-10-20 00:00:00.000000,Pune,Positive
CUST001943,RM0111,4.4,2023-04-18 00:00:00.000000,Bangalore,Positive
CUST001944,RM0099,3.3,2025-09-22 00:00:00.000000,Mumbai,Neutral
CUST001945,RM0204,2.8,2024-08-13 00:00:00.000000,Chennai,Negative
CUST001946,RM0148,4.7,2025-12-12 00:00:00.000000,Bangalore,Positive
CUST001947,RM0198,3.4,2025-10-15 00:00:00.000000,Hyderabad,Neutral
CUST001948,RM0190,3.7,2026-02-10 00:00:00.000000,Ahmedabad,Neutral
CUST001949,RM0242,4.2,2025-05-30 00:00:00.000000,Kolkata,Positive
CUST001950,RM0048,4.2,2025-02-07 00:00:00.000000,Ahmedabad,Positive
CUST001951,RM0195,5.0,2026-01-11 00:00:00.000000,Chennai,Positive
CUST001952,RM0210,4.4,2023-04-20 00:00:00.000000,Pune,Positive
CUST001952,RM0210,3.4,2024-11-16 00:00:00.000000,Jaipur,Neutral
CUST001952,RM0210,3.3,2023-01-07 00:00:00.000000,Pune,Neutral
CUST001953,RM0059,5.0,2025-12-05 00:00:00.000000,Pune,Positive
CUST001953,RM0059,3.5,2023-09-16 00:00:00.000000,Ahmedabad,Neutral
CUST001953,RM0059,4.6,2026-05-03 10:32:46.369728,Jaipur,Positive
CUST001953,RM0059,4.2,2024-10-20 00:00:00.000000,Hyderabad,Positive
CUST001953,RM0059,4.4,2025-10-28 10:32:46.369762,Jaipur,Positive
CUST001954,RM0239,5.0,2023-02-10 00:00:00.000000,Jaipur,Positive
CUST001955,RM0073,4.3,2025-03-08 00:00:00.000000,Ahmedabad,Positive
CUST001956,RM0112,4.8,2025-03-08 00:00:00.000000,Lucknow,Positive
CUST001957,RM0089,4.3,2024-06-25 00:00:00.000000,Kolkata,Positive
CUST001958,RM0067,3.5,2023-11-13 00:00:00.000000,Delhi,Neutral
CUST001959,RM0224,4.5,2026-05-07 00:00:00.000000,Mumbai,Positive
CUST001959,RM0224,3.3,2023-02-28 00:00:00.000000,Mumbai,Neutral
CUST001959,RM0224,2.8,2025-08-21 00:00:00.000000,Delhi,Negative
CUST001960,RM0247,4.6,2025-07-31 00:00:00.000000,Pune,Positive
CUST001961,RM0105,4.5,2023-05-31 00:00:00.000000,Jaipur,Positive
CUST001962,RM0147,4.4,2025-12-31 00:00:00.000000,Bangalore,Positive
CUST001963,RM0189,4.0,2025-08-03 00:00:00.000000,Delhi,Positive
CUST001964,RM0129,3.9,2025-01-25 00:00:00.000000,Chennai,Neutral
CUST001965,RM0119,2.9,2024-05-25 00:00:00.000000,Jaipur,Negative
CUST001965,RM0018,2.1,2025-12-25 00:00:00.000000,Pune,Negative
CUST001965,RM0018,4.9,2025-08-29 00:00:00.000000,Lucknow,Positive
CUST001965,RM0018,4.9,2025-06-16 00:00:00.000000,Delhi,Positive
CUST001965,RM0018,3.7,2026-07-29 00:00:00.000000,Mumbai,Neutral
CUST001966,RM0103,5.0,2023-05-09 00:00:00.000000,Ahmedabad,Positive
CUST001967,RM0157,4.5,2025-01-23 00:00:00.000000,Jaipur,Positive
CUST001967,RM0228,4.3,2023-01-01 00:00:00.000000,Bangalore,Positive
CUST001967,RM0157,5.0,2026-01-27 00:00:00.000000,Delhi,Positive
CUST001967,RM0157,2.7,2025-01-01 00:00:00.000000,Delhi,Negative
CUST001968,RM0132,4.0,2024-05-02 00:00:00.000000,Jaipur,Positive
CUST001969,RM0240,3.1,2025-11-26 00:00:00.000000,Kolkata,Neutral
CUST001970,RM0030,3.6,2026-06-19 00:00:00.000000,Kolkata,Neutral
CUST001970,RM0030,3.9,2025-12-11 00:00:00.000000,Lucknow,Neutral
CUST001970,RM0030,4.0,2025-07-06 00:00:00.000000,Bangalore,Positive
CUST001970,RM0030,2.9,2023-08-17 00:00:00.000000,Delhi,Negative
CUST001971,RM0168,4.1,2023-06-23 00:00:00.000000,Bangalore,Positive
CUST001972,RM0083,3.2,2025-06-19 00:00:00.000000,Lucknow,Neutral
CUST001973,RM0141,5.0,2024-05-01 00:00:00.000000,Jaipur,Positive
CUST001974,RM0138,4.8,2024-10-19 00:00:00.000000,Jaipur,Positive
CUST001975,RM0228,4.0,2024-04-03 00:00:00.000000,Chennai,Positive
CUST001976,RM0059,4.3,2024-09-14 00:00:00.000000,Jaipur,Positive
CUST001976,RM0059,3.5,2025-11-08 00:00:00.000000,Lucknow,Neutral
CUST001976,RM0059,4.2,2023-04-23 00:00:00.000000,Mumbai,Positive
CUST001977,RM0191,4.7,2023-01-13 00:00:00.000000,Lucknow,Positive
CUST001978,RM0060,3.7,2025-06-01 00:00:00.000000,Pune,Neutral
CUST001979,RM0107,2.4,2024-01-04 00:00:00.000000,Lucknow,Negative
CUST001980,RM0198,4.7,2025-11-17 00:00:00.000000,Pune,Positive
CUST001981,RM0131,4.5,2025-03-17 00:00:00.000000,Ahmedabad,Positive
CUST001982,RM0070,4.3,2025-02-17 00:00:00.000000,Kolkata,Positive
CUST001983,RM0191,3.2,2026-07-05 00:00:00.000000,Jaipur,Neutral
CUST001984,RM0132,5.0,2024-07-30 00:00:00.000000,Delhi,Positive
CUST001985,RM0173,5.0,2024-04-01 00:00:00.000000,Jaipur,Positive
CUST001986,RM0219,4.3,2024-01-28 00:00:00.000000,Jaipur,Positive
CUST001987,RM0092,3.6,2025-01-23 00:00:00.000000,Hyderabad,Neutral
CUST001988,RM0185,3.6,2025-10-19 00:00:00.000000,Chennai,Neutral
CUST001989,RM0062,3.6,2026-01-13 10:32:46.369823,Lucknow,Neutral
CUST001990,RM0035,3.6,2026-06-10 00:00:00.000000,Mumbai,Neutral
CUST001991,RM0074,3.6,2025-09-08 00:00:00.000000,Bangalore,Neutral
CUST001992,RM0126,4.3,2024-08-02 00:00:00.000000,Kolkata,Positive
CUST001993,RM0090,4.9,2024-07-26 00:00:00.000000,Kolkata,Positive
CUST001994,RM0053,5.0,2026-01-15 00:00:00.000000,Delhi,Positive
CUST001995,RM0085,3.1,2023-01-03 00:00:00.000000,Kolkata,Neutral
CUST001996,RM0191,3.3,2024-10-28 00:00:00.000000,Delhi,Neutral
CUST001997,RM0050,4.8,2025-05-18 00:00:00.000000,Jaipur,Positive
CUST001998,RM0021,3.1,2023-09-12 00:00:00.000000,Jaipur,Neutral
CUST001999,RM0187,2.8,2024-08-25 00:00:00.000000,Chennai,Negative
CUST002000,RM0222,3.1,2023-03-08 00:00:00.000000,Mumbai,Neutral
CUST002001,RM0185,3.8,2023-10-05 00:00:00.000000,Jaipur,Neutral
CUST002002,RM0226,5.0,2024-10-25 00:00:00.000000,Pune,Positive
CUST002003,RM0205,3.9,2023-11-15 00:00:00.000000,Jaipur,Neutral
CUST002004,RM0077,4.3,2024-12-27 00:00:00.000000,Ahmedabad,Positive
CUST002005,RM0154,2.8,2023-06-29 00:00:00.000000,Chennai,Negative
CUST002006,RM0026,5.0,2024-04-01 00:00:00.000000,Hyderabad,Positive
CUST002007,RM0075,4.9,2023-11-28 00:00:00.000000,Pune,Positive
CUST002008,RM0021,3.5,2024-11-26 00:00:00.000000,Bangalore,Neutral
CUST002009,RM0094,3.3,2023-06-18 00:00:00.000000,Chennai,Neutral
CUST002010,RM0169,4.0,2026-06-21 00:00:00.000000,Lucknow,Positive
CUST002010,RM0169,5.0,2023-01-01 00:00:00.000000,Jaipur,Positive
CUST002010,RM0169,3.8,2023-12-30 00:00:00.000000,Delhi,Neutral
CUST002011,RM0247,3.3,2026-03-20 10:32:46.369868,Delhi,Neutral
CUST002012,RM0145,3.6,2024-12-21 00:00:00.000000,Mumbai,Neutral
CUST002013,RM0147,4.2,2023-06-25 00:00:00.000000,Pune,Positive
CUST002014,RM0012,4.7,2023-05-10 00:00:00.000000,Delhi,Positive
CUST002015,RM0112,4.3,2024-06-19 00:00:00.000000,Delhi,Positive
CUST002016,RM0106,4.3,2025-08-24 00:00:00.000000,Bangalore,Positive
CUST002017,RM0083,3.8,2023-05-03 00:00:00.000000,Jaipur,Neutral
CUST002018,RM0073,4.1,2026-05-01 00:00:00.000000,Jaipur,Positive
CUST002019,RM0153,3.6,2024-01-22 00:00:00.000000,Pune,Neutral
CUST002020,RM0199,3.7,2026-04-27 00:00:00.000000,Pune,Neutral
CUST002020,RM0199,5.0,2024-02-18 00:00:00.000000,Mumbai,Positive
CUST002020,RM0199,4.0,2025-08-26 00:00:00.000000,Chennai,Positive
CUST002020,RM0199,3.6,2023-06-12 00:00:00.000000,Pune,Neutral
CUST002021,RM0248,3.3,2025-11-05 00:00:00.000000,Kolkata,Neutral
CUST002022,RM0150,1.8,2023-10-05 00:00:00.000000,Chennai,Negative
CUST002022,RM0249,5.0,2025-09-03 00:00:00.000000,Kolkata,Positive
CUST002022,RM0249,5.0,2024-01-03 00:00:00.000000,Kolkata,Positive
CUST002022,RM0249,4.0,2024-01-01 00:00:00.000000,Delhi,Positive
CUST002023,RM0247,4.6,2024-08-25 00:00:00.000000,Pune,Positive
CUST002024,RM0040,3.0,2024-12-14 00:00:00.000000,Jaipur,Neutral
CUST002025,RM0233,5.0,2025-08-10 10:32:46.369910,Delhi,Positive
CUST002026,RM0079,2.6,2025-02-02 00:00:00.000000,Jaipur,Negative
CUST002027,RM0068,4.4,2023-03-23 00:00:00.000000,Mumbai,Positive
CUST002028,RM0030,2.3,2023-03-04 00:00:00.000000,Ahmedabad,Negative
CUST002029,RM0230,1.8,2024-10-30 00:00:00.000000,Hyderabad,Negative
CUST002030,RM0056,4.2,2025-09-16 00:00:00.000000,Mumbai,Positive
CUST002031,RM0050,4.4,2024-02-10 00:00:00.000000,Hyderabad,Positive
CUST002032,RM0188,4.1,2024-05-17 00:00:00.000000,Jaipur,Positive
CUST002033,RM0179,5.0,2025-02-05 00:00:00.000000,Delhi,Positive
CUST002034,RM0065,4.0,2025-10-26 00:00:00.000000,Kolkata,Positive
CUST002035,RM0124,4.8,2023-02-28 00:00:00.000000,Mumbai,Positive
CUST002036,RM0048,3.2,2024-09-29 00:00:00.000000,Hyderabad,Neutral
CUST002037,RM0010,5.0,2026-04-13 00:00:00.000000,Delhi,Positive
CUST002038,RM0104,5.0,2023-02-11 00:00:00.000000,Jaipur,Positive
CUST002039,RM0246,3.7,2025-03-16 00:00:00.000000,Lucknow,Neutral
CUST002040,RM0156,4.4,2024-06-20 00:00:00.000000,Ahmedabad,Positive
CUST002041,RM0237,4.0,2024-11-19 00:00:00.000000,Pune,Positive
CUST002042,RM0135,3.3,2024-07-02 00:00:00.000000,Mumbai,Neutral
CUST002043,RM0143,3.8,2026-01-31 00:00:00.000000,Pune,Neutral
CUST002044,RM0220,4.7,2023-08-05 00:00:00.000000,Kolkata,Positive
CUST002045,RM0194,4.5,2023-02-11 00:00:00.000000,Bangalore,Positive
CUST002046,RM0143,2.3,2025-08-15 00:00:00.000000,Bangalore,Negative
CUST002047,RM0185,2.9,2024-02-09 00:00:00.000000,Lucknow,Negative
CUST002048,RM0179,3.4,2025-12-11 10:32:46.369953,Ahmedabad,Neutral
CUST002048,RM0179,4.2,2023-11-21 00:00:00.000000,Jaipur,Positive
CUST002049,RM0062,3.1,2025-12-13 00:00:00.000000,Chennai,Neutral
CUST002050,RM0084,2.6,2026-07-26 00:00:00.000000,Kolkata,Negative
CUST002051,RM0228,1.4,2025-11-21 00:00:00.000000,Chennai,Negative
CUST002052,RM0100,4.0,2023-07-15 00:00:00.000000,Ahmedabad,Positive
CUST002052,RM0100,5.0,2025-12-29 00:00:00.000000,Kolkata,Positive
CUST002052,RM0100,4.2,2025-07-16 00:00:00.000000,Jaipur,Positive
CUST002052,RM0100,2.6,2024-02-23 00:00:00.000000,Chennai,Negative
CUST002052,RM0100,5.0,2024-03-07 00:00:00.000000,Bangalore,Positive
CUST002053,RM0173,5.0,2026-04-29 00:00:00.000000,Pune,Positive
CUST002054,RM0053,4.2,2023-12-25 00:00:00.000000,Bangalore,Positive
CUST002055,RM0185,4.6,2026-04-08 00:00:00.000000,Hyderabad,Positive
CUST002056,RM0131,5.0,2026-04-04 00:00:00.000000,Pune,Positive
CUST002056,RM0043,4.6,2024-03-05 00:00:00.000000,Pune,Positive
CUST002056,RM0102,4.6,2025-06-16 00:00:00.000000,Lucknow,Positive
CUST002056,RM0076,2.5,2023-10-05 00:00:00.000000,Ahmedabad,Negative
CUST002056,RM0185,1.3,2026-02-10 00:00:00.000000,Chennai,Negative
CUST002057,RM0127,4.9,2026-03-17 00:00:00.000000,Kolkata,Positive
CUST002057,RM0127,3.8,2023-04-14 00:00:00.000000,Ahmedabad,Neutral
CUST002057,RM0127,3.5,2024-12-29 00:00:00.000000,Jaipur,Neutral
CUST002058,RM0079,4.0,2024-08-14 00:00:00.000000,Jaipur,Positive
CUST002059,RM0214,5.0,2023-02-11 00:00:00.000000,Chennai,Positive
CUST002059,RM0214,3.0,2023-02-15 00:00:00.000000,Lucknow,Neutral
CUST002059,RM0063,4.0,2023-07-24 00:00:00.000000,Jaipur,Positive
CUST002059,RM0214,4.1,2026-04-14 00:00:00.000000,Ahmedabad,Positive
CUST002060,RM0222,4.7,2024-01-05 00:00:00.000000,Lucknow,Positive
CUST002061,RM0164,4.3,2024-12-21 00:00:00.000000,Pune,Positive
CUST002062,RM0184,4.3,2026-06-18 00:00:00.000000,Hyderabad,Positive
CUST002062,RM0011,3.6,2023-11-14 00:00:00.000000,Hyderabad,Neutral
CUST002062,RM0090,4.0,2026-06-07 00:00:00.000000,Hyderabad,Positive
CUST002062,RM0164,3.6,2024-06-24 00:00:00.000000,Delhi,Neutral
CUST002063,RM0119,4.3,2024-09-19 00:00:00.000000,Pune,Positive
CUST002064,RM0065,3.5,2026-04-20 00:00:00.000000,Lucknow,Neutral
CUST002065,RM0129,3.2,2025-01-22 00:00:00.000000,Jaipur,Neutral
CUST002066,RM0098,5.0,2026-06-30 00:00:00.000000,Chennai,Positive
CUST002067,RM0219,3.3,2026-04-26 00:00:00.000000,Lucknow,Neutral
CUST002068,RM0250,3.5,2023-05-26 00:00:00.000000,Chennai,Neutral
CUST002069,RM0114,5.0,2023-01-22 00:00:00.000000,Kolkata,Positive
CUST002070,RM0109,3.3,2025-06-10 00:00:00.000000,Mumbai,Neutral
CUST002071,RM0195,4.3,2024-01-10 00:00:00.000000,Pune,Positive
CUST002071,RM0195,4.4,2024-12-28 00:00:00.000000,Kolkata,Positive
CUST002072,RM0051,3.9,2026-07-07 00:00:00.000000,Jaipur,Neutral
CUST002073,RM0183,3.6,2024-09-30 00:00:00.000000,Chennai,Neutral
CUST002074,RM0169,2.9,2023-12-02 00:00:00.000000,Lucknow,Negative
CUST002074,RM0169,4.6,2025-01-20 00:00:00.000000,Lucknow,Positive
CUST002074,RM0169,5.0,2024-02-14 00:00:00.000000,Chennai,Positive
CUST002075,RM0108,5.0,2025-07-31 00:00:00.000000,Jaipur,Positive
CUST002076,RM0163,4.4,2025-08-05 00:00:00.000000,Jaipur,Positive
CUST002077,RM0163,2.0,2026-01-25 00:00:00.000000,Lucknow,Negative
CUST002078,RM0114,4.8,2024-05-03 00:00:00.000000,Jaipur,Positive
CUST002078,RM0216,4.0,2023-09-10 00:00:00.000000,Jaipur,Positive
CUST002079,RM0149,3.9,2023-12-06 00:00:00.000000,Ahmedabad,Neutral
CUST002080,RM0112,3.4,2023-09-14 00:00:00.000000,Bangalore,Neutral
CUST002080,RM0112,4.7,2026-06-14 00:00:00.000000,Kolkata,Positive
CUST002081,RM0116,4.2,2024-09-11 00:00:00.000000,Mumbai,Positive
CUST002082,RM0068,5.0,2024-06-16 00:00:00.000000,Jaipur,Positive
CUST002083,RM0069,4.0,2026-04-06 10:32:46.370011,Lucknow,Positive
CUST002084,RM0031,4.3,2025-12-05 00:00:00.000000,Jaipur,Positive
CUST002085,RM0166,3.7,2026-07-06 00:00:00.000000,Mumbai,Neutral
CUST002086,RM0068,3.7,2023-03-30 00:00:00.000000,Ahmedabad,Neutral
CUST002087,RM0002,4.6,2026-01-09 00:00:00.000000,Mumbai,Positive
CUST002087,RM0002,2.7,2023-11-16 00:00:00.000000,Ahmedabad,Negative
CUST002087,RM0002,3.5,2024-02-19 00:00:00.000000,Bangalore,Neutral
CUST002087,RM0002,1.8,2023-04-29 00:00:00.000000,Bangalore,Negative
CUST002088,RM0220,4.4,2023-12-11 00:00:00.000000,Chennai,Positive
CUST002088,RM0220,4.6,2025-12-03 10:32:46.370048,Hyderabad,Positive
CUST002088,RM0220,3.2,2025-03-18 00:00:00.000000,Kolkata,Neutral
CUST002088,RM0220,4.0,2024-10-07 00:00:00.000000,Mumbai,Positive
CUST002088,RM0220,2.9,2025-08-29 00:00:00.000000,Ahmedabad,Negative
CUST002089,RM0101,5.0,2024-02-19 00:00:00.000000,Kolkata,Positive
CUST002090,RM0125,3.3,2025-05-09 00:00:00.000000,Mumbai,Neutral
CUST002090,RM0105,4.6,2026-01-24 00:00:00.000000,Mumbai,Positive
CUST002090,RM0202,4.0,2026-06-02 00:00:00.000000,Delhi,Positive
CUST002090,RM0067,3.5,2025-06-16 00:00:00.000000,Pune,Neutral
CUST002091,RM0051,4.6,2023-04-09 00:00:00.000000,Chennai,Positive
CUST002092,RM0220,4.0,2025-08-29 00:00:00.000000,Kolkata,Positive
CUST002093,RM0148,5.0,2023-03-30 00:00:00.000000,Chennai,Positive
CUST002094,RM0175,3.3,2025-05-04 00:00:00.000000,Kolkata,Neutral
CUST002095,RM0189,2.7,2024-09-28 00:00:00.000000,Bangalore,Negative
CUST002096,RM0143,4.0,2026-01-07 00:00:00.000000,Delhi,Positive
CUST002097,RM0221,4.5,2026-05-04 00:00:00.000000,Bangalore,Positive
CUST002098,RM0181,3.8,2023-06-05 00:00:00.000000,Ahmedabad,Neutral
CUST002099,RM0108,5.0,2023-07-06 00:00:00.000000,Kolkata,Positive
CUST002099,RM0108,5.0,2026-08-04 00:00:00.000000,Jaipur,Positive
CUST002100,RM0169,3.5,2023-05-02 00:00:00.000000,Hyderabad,Neutral
CUST002101,RM0146,4.1,2024-11-08 00:00:00.000000,Jaipur,Positive
CUST002102,RM0030,2.2,2025-06-28 00:00:00.000000,Lucknow,Negative
CUST002102,RM0030,5.0,2025-09-20 00:00:00.000000,Ahmedabad,Positive
CUST002102,RM0030,3.3,2023-10-10 00:00:00.000000,Kolkata,Neutral
CUST002102,RM0133,4.2,2023-06-15 00:00:00.000000,Jaipur,Positive
CUST002103,RM0016,3.7,2024-03-27 00:00:00.000000,Hyderabad,Neutral
CUST002104,RM0048,2.5,2026-04-29 10:32:46.370092,Pune,Negative
CUST002105,RM0123,4.8,2026-04-15 00:00:00.000000,Chennai,Positive
CUST002106,RM0245,2.9,2024-05-23 00:00:00.000000,Kolkata,Negative
CUST002107,RM0235,3.5,2024-08-30 00:00:00.000000,Mumbai,Neutral
CUST002108,RM0096,4.9,2025-10-07 00:00:00.000000,Hyderabad,Positive
CUST002109,RM0037,3.0,2023-08-30 00:00:00.000000,Hyderabad,Neutral
CUST002110,RM0161,5.0,2025-09-14 10:32:46.370128,Kolkata,Positive
CUST002111,RM0007,3.0,2024-12-11 00:00:00.000000,Kolkata,Neutral
CUST002112,RM0232,2.8,2025-11-10 00:00:00.000000,Mumbai,Negative
CUST002113,RM0052,4.0,2024-11-13 00:00:00.000000,Kolkata,Positive
CUST002114,RM0199,5.0,2025-08-05 00:00:00.000000,Jaipur,Positive
CUST002115,RM0227,4.0,2026-02-03 00:00:00.000000,Jaipur,Positive
CUST002116,RM0088,5.0,2023-04-10 00:00:00.000000,Kolkata,Positive
CUST002117,RM0248,2.7,2026-02-27 00:00:00.000000,Kolkata,Negative
CUST002118,RM0012,3.6,2023-01-27 00:00:00.000000,Mumbai,Neutral
CUST002119,RM0242,3.7,2023-06-26 00:00:00.000000,Jaipur,Neutral
CUST002120,RM0227,2.7,2025-08-19 00:00:00.000000,Pune,Negative
CUST002121,RM0052,2.4,2024-08-18 00:00:00.000000,Lucknow,Negative
CUST002121,RM0052,3.8,2026-06-15 10:32:46.370166,Pune,Neutral
CUST002121,RM0052,5.0,2024-05-22 00:00:00.000000,Pune,Positive
CUST002121,RM0052,4.2,2023-07-29 00:00:00.000000,Mumbai,Positive
CUST002122,RM0004,3.3,2025-09-06 00:00:00.000000,Bangalore,Neutral
CUST002123,RM0163,2.0,2023-05-15 00:00:00.000000,Jaipur,Negative
CUST002123,RM0163,3.6,2024-03-06 00:00:00.000000,Lucknow,Neutral
CUST002123,RM0163,3.6,2024-12-23 00:00:00.000000,Jaipur,Neutral
CUST002123,RM0163,4.4,2026-06-27 00:00:00.000000,Hyderabad,Positive
CUST002124,RM0192,3.7,2026-05-04 00:00:00.000000,Hyderabad,Neutral
CUST002125,RM0248,4.6,2024-05-16 00:00:00.000000,Hyderabad,Positive
CUST002126,RM0107,4.8,2024-08-22 00:00:00.000000,Delhi,Positive
CUST002127,RM0210,3.9,2026-03-12 10:32:46.370204,Pune,Neutral
CUST002127,RM0204,3.9,2025-09-15 00:00:00.000000,Mumbai,Neutral
CUST002128,RM0203,4.0,2025-12-09 00:00:00.000000,Pune,Positive
CUST002129,RM0146,2.3,2023-05-06 00:00:00.000000,Chennai,Negative
CUST002130,RM0045,4.7,2023-05-24 00:00:00.000000,Hyderabad,Positive
CUST002131,RM0026,5.0,2024-09-30 00:00:00.000000,Chennai,Positive
CUST002131,RM0026,4.1,2024-09-01 00:00:00.000000,Ahmedabad,Positive
CUST002131,RM0026,3.2,2024-02-06 00:00:00.000000,Jaipur,Neutral
CUST002131,RM0026,4.0,2025-09-26 10:32:46.370240,Lucknow,Positive
CUST002132,RM0160,3.6,2026-03-20 00:00:00.000000,Ahmedabad,Neutral
CUST002133,RM0180,4.0,2024-11-27 00:00:00.000000,Mumbai,Positive
CUST002134,RM0076,3.7,2024-04-03 00:00:00.000000,Pune,Neutral
CUST002135,RM0152,1.8,2023-08-08 00:00:00.000000,Chennai,Negative
CUST002136,RM0179,4.1,2026-07-17 00:00:00.000000,Pune,Positive
CUST002137,RM0037,5.0,2024-06-14 00:00:00.000000,Mumbai,Positive
CUST002138,RM0135,2.7,2025-11-13 00:00:00.000000,Hyderabad,Negative
CUST002139,RM0210,5.0,2023-05-26 00:00:00.000000,Ahmedabad,Positive
CUST002140,RM0190,4.4,2025-01-18 00:00:00.000000,Ahmedabad,Positive
CUST002141,RM0001,3.1,2023-03-18 00:00:00.000000,Mumbai,Neutral
CUST002142,RM0037,2.7,2024-09-12 00:00:00.000000,Kolkata,Negative
CUST002143,RM0178,4.3,2025-10-20 00:00:00.000000,Lucknow,Positive
CUST002144,RM0178,4.4,2023-02-01 00:00:00.000000,Lucknow,Positive
CUST002145,RM0167,2.5,2026-03-13 10:32:46.370289,Mumbai,Negative
CUST002146,RM0027,4.9,2024-11-18 00:00:00.000000,Ahmedabad,Positive
CUST002147,RM0157,3.5,2024-08-13 00:00:00.000000,Jaipur,Neutral
CUST002148,RM0103,4.0,2025-10-20 00:00:00.000000,Pune,Positive
CUST002149,RM0022,4.5,2025-12-14 00:00:00.000000,Ahmedabad,Positive
CUST002150,RM0212,4.7,2025-10-21 00:00:00.000000,Ahmedabad,Positive
CUST002151,RM0008,4.9,2025-06-17 00:00:00.000000,Pune,Positive
CUST002152,RM0242,3.0,2025-10-06 10:32:46.370329,Delhi,Neutral
CUST002153,RM0131,5.0,2023-12-22 00:00:00.000000,Bangalore,Positive
CUST002154,RM0014,3.1,2025-10-16 00:00:00.000000,Chennai,Neutral
CUST002155,RM0166,4.9,2024-04-10 00:00:00.000000,Delhi,Positive
CUST002155,RM0038,3.5,2023-04-02 00:00:00.000000,Delhi,Neutral
CUST002155,RM0207,4.1,2023-11-16 00:00:00.000000,Ahmedabad,Positive
CUST002155,RM0033,3.9,2024-03-30 00:00:00.000000,Chennai,Neutral
CUST002155,RM0214,4.5,2023-09-15 00:00:00.000000,Hyderabad,Positive
CUST002156,RM0245,5.0,2023-03-08 00:00:00.000000,Ahmedabad,Positive
CUST002157,RM0024,3.4,2024-08-16 00:00:00.000000,Hyderabad,Neutral
CUST002157,RM0024,3.1,2026-04-23 00:00:00.000000,Ahmedabad,Neutral
CUST002157,RM0024,1.9,2023-11-25 00:00:00.000000,Bangalore,Negative
CUST002158,RM0005,4.2,2024-08-01 00:00:00.000000,Bangalore,Positive
CUST002159,RM0189,3.8,2025-02-25 00:00:00.000000,Pune,Neutral
CUST002159,RM0189,4.1,2024-02-23 00:00:00.000000,Delhi,Positive
CUST002159,RM0189,3.9,2026-03-18 00:00:00.000000,Kolkata,Neutral
CUST002159,RM0189,4.8,2024-12-03 00:00:00.000000,Bangalore,Positive
CUST002160,RM0042,4.0,2024-11-17 00:00:00.000000,Jaipur,Positive
CUST002161,RM0214,3.5,2026-03-15 00:00:00.000000,Chennai,Neutral
CUST002162,RM0075,4.3,2024-04-23 00:00:00.000000,Pune,Positive
CUST002163,RM0120,4.0,2024-04-03 00:00:00.000000,Delhi,Positive
CUST002164,RM0136,3.0,2025-04-16 00:00:00.000000,Bangalore,Neutral
CUST002165,RM0008,3.3,2025-03-02 00:00:00.000000,Mumbai,Neutral
CUST002166,RM0157,4.9,2023-03-11 00:00:00.000000,Jaipur,Positive
CUST002167,RM0098,4.8,2025-01-20 00:00:00.000000,Mumbai,Positive
CUST002168,RM0211,4.7,2025-04-17 00:00:00.000000,Jaipur,Positive
CUST002169,RM0149,3.8,2023-12-29 00:00:00.000000,Chennai,Neutral
CUST002170,RM0006,1.8,2023-01-27 00:00:00.000000,Mumbai,Negative
CUST002171,RM0192,2.3,2024-09-19 00:00:00.000000,Jaipur,Negative
CUST002172,RM0011,3.7,2025-03-24 00:00:00.000000,Ahmedabad,Neutral
CUST002173,RM0033,2.5,2026-04-20 00:00:00.000000,Lucknow,Negative
CUST002173,RM0033,5.0,2023-07-07 00:00:00.000000,Mumbai,Positive
CUST002173,RM0033,3.2,2024-06-17 00:00:00.000000,Delhi,Neutral
CUST002174,RM0248,3.7,2023-11-19 00:00:00.000000,Mumbai,Neutral
CUST002175,RM0185,5.0,2026-06-19 00:00:00.000000,Jaipur,Positive
CUST002176,RM0227,5.0,2023-06-02 00:00:00.000000,Kolkata,Positive
CUST002177,RM0083,4.3,2023-05-22 00:00:00.000000,Bangalore,Positive
CUST002178,RM0027,4.2,2026-06-10 00:00:00.000000,Delhi,Positive
CUST002179,RM0145,3.2,2025-04-03 00:00:00.000000,Lucknow,Neutral
CUST002179,RM0145,4.8,2026-02-20 00:00:00.000000,Mumbai,Positive
CUST002179,RM0145,4.2,2025-05-18 00:00:00.000000,Kolkata,Positive
CUST002179,RM0145,3.9,2025-11-22 00:00:00.000000,Lucknow,Neutral
CUST002180,RM0093,4.0,2025-09-19 00:00:00.000000,Hyderabad,Positive
CUST002181,RM0046,4.6,2024-12-12 00:00:00.000000,Mumbai,Positive
CUST002182,RM0180,4.7,2026-02-27 00:00:00.000000,Bangalore,Positive
CUST002182,RM0180,3.0,2026-04-16 00:00:00.000000,Chennai,Neutral
CUST002183,RM0216,4.9,2024-05-20 00:00:00.000000,Hyderabad,Positive
CUST002184,RM0078,3.9,2023-08-21 00:00:00.000000,Hyderabad,Neutral
CUST002185,RM0199,4.1,2023-04-08 00:00:00.000000,Pune,Positive
CUST002186,RM0126,2.7,2023-04-16 00:00:00.000000,Bangalore,Negative
CUST002186,RM0126,2.7,2024-05-30 00:00:00.000000,Ahmedabad,Negative
CUST002186,RM0126,2.5,2023-04-03 00:00:00.000000,Pune,Negative
CUST002187,RM0224,5.0,2025-08-10 00:00:00.000000,Ahmedabad,Positive
CUST002188,RM0230,5.0,2025-03-08 00:00:00.000000,Lucknow,Positive
CUST002189,RM0029,2.3,2026-01-13 00:00:00.000000,Lucknow,Negative
CUST002190,RM0199,2.5,2025-10-07 10:32:46.370386,Delhi,Negative
CUST002191,RM0047,3.5,2025-12-24 00:00:00.000000,Bangalore,Neutral
CUST002192,RM0060,5.0,2024-01-28 00:00:00.000000,Kolkata,Positive
CUST002193,RM0051,4.6,2023-06-29 00:00:00.000000,Pune,Positive
CUST002194,RM0200,5.0,2024-05-01 00:00:00.000000,Mumbai,Positive
CUST002195,RM0197,3.7,2023-10-15 00:00:00.000000,Jaipur,Neutral
CUST002196,RM0030,3.3,2023-01-08 00:00:00.000000,Kolkata,Neutral
CUST002196,RM0030,4.1,2023-05-16 00:00:00.000000,Jaipur,Positive
CUST002197,RM0210,3.8,2024-06-26 00:00:00.000000,Lucknow,Neutral
CUST002198,RM0209,4.0,2025-09-30 00:00:00.000000,Kolkata,Positive
CUST002199,RM0107,4.1,2026-01-13 00:00:00.000000,Jaipur,Positive
CUST002200,RM0232,5.0,2026-01-12 00:00:00.000000,Ahmedabad,Positive
CUST002201,RM0160,4.1,2023-10-20 00:00:00.000000,Kolkata,Positive
CUST002202,RM0103,2.9,2023-01-05 00:00:00.000000,Lucknow,Negative
CUST002203,RM0182,4.0,2023-04-08 00:00:00.000000,Lucknow,Positive
CUST002204,RM0216,3.7,2023-07-02 00:00:00.000000,Bangalore,Neutral
CUST002205,RM0236,4.7,2026-07-19 10:32:46.370426,Bangalore,Positive
CUST002206,RM0227,4.6,2023-09-21 00:00:00.000000,Delhi,Positive
CUST002207,RM0115,4.5,2023-06-10 00:00:00.000000,Jaipur,Positive
CUST002208,RM0004,2.3,2025-06-09 00:00:00.000000,Jaipur,Negative
CUST002209,RM0228,2.4,2024-05-20 00:00:00.000000,Hyderabad,Negative
CUST002210,RM0192,3.9,2024-06-29 00:00:00.000000,Jaipur,Neutral
CUST002211,RM0212,4.4,2025-10-25 10:32:46.370462,Ahmedabad,Positive
CUST002211,RM0212,3.2,2023-10-23 00:00:00.000000,Pune,Neutral
CUST002211,RM0212,5.0,2023-07-15 00:00:00.000000,Hyderabad,Positive
CUST002212,RM0135,4.5,2023-01-06 00:00:00.000000,Ahmedabad,Positive
CUST002213,RM0166,3.5,2026-05-26 00:00:00.000000,Kolkata,Neutral
CUST002214,RM0178,5.0,2025-07-23 00:00:00.000000,Lucknow,Positive
CUST002215,RM0217,3.5,2023-06-20 00:00:00.000000,Ahmedabad,Neutral
CUST002216,RM0228,3.6,2023-11-22 00:00:00.000000,Pune,Neutral
CUST002217,RM0142,3.6,2025-12-05 10:32:46.370499,Bangalore,Neutral
CUST002218,RM0182,4.0,2024-09-07 00:00:00.000000,Bangalore,Positive
CUST002218,RM0182,2.9,2023-09-14 00:00:00.000000,Mumbai,Negative
CUST002219,RM0118,4.7,2026-07-30 10:32:46.370534,Bangalore,Positive
CUST002220,RM0127,4.9,2025-09-12 00:00:00.000000,Bangalore,Positive
CUST002220,RM0127,4.7,2024-06-23 00:00:00.000000,Lucknow,Positive
CUST002220,RM0127,3.5,2025-09-01 00:00:00.000000,Bangalore,Neutral
CUST002220,RM0127,3.6,2023-11-27 00:00:00.000000,Ahmedabad,Neutral
CUST002221,RM0149,4.6,2026-06-23 10:32:46.370569,Kolkata,Positive
CUST002222,RM0121,4.2,2024-08-28 00:00:00.000000,Jaipur,Positive
CUST002223,RM0154,3.2,2024-10-07 00:00:00.000000,Ahmedabad,Neutral
CUST002224,RM0205,2.0,2024-10-29 00:00:00.000000,Hyderabad,Negative
CUST002225,RM0106,3.6,2025-06-22 00:00:00.000000,Delhi,Neutral
CUST002226,RM0228,4.5,2025-11-07 00:00:00.000000,Bangalore,Positive
CUST002227,RM0216,4.5,2023-03-14 00:00:00.000000,Bangalore,Positive
CUST002228,RM0092,2.5,2026-08-03 00:00:00.000000,Jaipur,Negative
CUST002228,RM0112,4.8,2024-10-12 00:00:00.000000,Kolkata,Positive
CUST002228,RM0095,5.0,2024-04-11 00:00:00.000000,Delhi,Positive
CUST002228,RM0021,3.6,2023-03-25 00:00:00.000000,Chennai,Neutral
CUST002228,RM0075,3.8,2024-06-22 00:00:00.000000,Chennai,Neutral
CUST002229,RM0174,3.5,2025-08-04 00:00:00.000000,Hyderabad,Neutral
CUST002230,RM0106,3.6,2026-05-06 00:00:00.000000,Hyderabad,Neutral
CUST002231,RM0076,5.0,2025-12-02 00:00:00.000000,Bangalore,Positive
CUST002232,RM0154,3.2,2026-02-22 00:00:00.000000,Ahmedabad,Neutral
CUST002232,RM0154,4.2,2025-01-25 00:00:00.000000,Delhi,Positive
CUST002232,RM0154,3.7,2024-01-12 00:00:00.000000,Ahmedabad,Neutral
CUST002232,RM0154,4.2,2025-09-01 00:00:00.000000,Kolkata,Positive
CUST002233,RM0198,3.7,2023-11-08 00:00:00.000000,Bangalore,Neutral
CUST002233,RM0198,4.8,2025-03-31 00:00:00.000000,Bangalore,Positive
CUST002233,RM0198,5.0,2023-03-15 00:00:00.000000,Chennai,Positive
CUST002233,RM0198,4.4,2025-06-24 00:00:00.000000,Jaipur,Positive
CUST002233,RM0198,3.8,2023-01-17 00:00:00.000000,Delhi,Neutral
CUST002234,RM0233,4.8,2024-03-23 00:00:00.000000,Ahmedabad,Positive
CUST002235,RM0039,3.3,2026-04-24 00:00:00.000000,Kolkata,Neutral
CUST002236,RM0021,4.4,2024-06-19 00:00:00.000000,Mumbai,Positive
CUST002237,RM0167,3.5,2025-10-11 00:00:00.000000,Pune,Neutral
CUST002238,RM0214,4.2,2023-09-09 00:00:00.000000,Kolkata,Positive
CUST002239,RM0022,3.0,2025-06-01 00:00:00.000000,Chennai,Neutral
CUST002240,RM0145,5.0,2026-02-04 00:00:00.000000,Chennai,Positive
CUST002241,RM0105,2.7,2023-02-24 00:00:00.000000,Ahmedabad,Negative
CUST002242,RM0159,3.9,2024-07-13 00:00:00.000000,Hyderabad,Neutral
CUST002243,RM0113,2.5,2026-07-24 00:00:00.000000,Kolkata,Negative
CUST002244,RM0241,5.0,2024-05-06 00:00:00.000000,Jaipur,Positive
CUST002245,RM0134,5.0,2025-12-05 00:00:00.000000,Jaipur,Positive
CUST002246,RM0162,2.8,2024-09-21 00:00:00.000000,Jaipur,Negative
CUST002247,RM0221,4.3,2024-07-11 00:00:00.000000,Jaipur,Positive
CUST002248,RM0026,4.0,2023-03-18 00:00:00.000000,Jaipur,Positive
CUST002248,RM0026,3.7,2024-07-02 00:00:00.000000,Lucknow,Neutral
CUST002248,RM0026,4.5,2025-06-18 00:00:00.000000,Jaipur,Positive
CUST002248,RM0026,5.0,2024-09-13 00:00:00.000000,Bangalore,Positive
CUST002248,RM0026,4.4,2023-11-20 00:00:00.000000,Jaipur,Positive
CUST002249,RM0224,3.2,2025-06-04 00:00:00.000000,Kolkata,Neutral
CUST002249,RM0036,3.3,2025-09-16 00:00:00.000000,Pune,Neutral
CUST002249,RM0238,3.6,2024-04-13 00:00:00.000000,Hyderabad,Neutral
CUST002249,RM0026,3.3,2025-12-15 00:00:00.000000,Kolkata,Neutral
CUST002249,RM0159,4.8,2025-03-17 00:00:00.000000,Bangalore,Positive
CUST002250,RM0237,4.8,2023-08-25 00:00:00.000000,Chennai,Positive
CUST002250,RM0237,5.0,2025-11-26 00:00:00.000000,Lucknow,Positive
CUST002250,RM0237,3.6,2023-02-01 00:00:00.000000,Lucknow,Neutral
CUST002250,RM0237,5.0,2026-01-12 00:00:00.000000,Delhi,Positive
CUST002250,RM0237,5.0,2025-09-27 00:00:00.000000,Mumbai,Positive
CUST002251,RM0064,2.7,2024-05-04 00:00:00.000000,Delhi,Negative
CUST002252,RM0093,3.5,2025-03-12 00:00:00.000000,Jaipur,Neutral
CUST002253,RM0042,3.9,2024-04-24 00:00:00.000000,Pune,Neutral
CUST002254,RM0148,4.8,2025-04-04 00:00:00.000000,Bangalore,Positive
CUST002255,RM0141,5.0,2024-03-15 00:00:00.000000,Lucknow,Positive
CUST002256,RM0096,2.3,2026-04-06 00:00:00.000000,Delhi,Negative
CUST002257,RM0217,3.3,2026-01-28 00:00:00.000000,Kolkata,Neutral
CUST002257,RM0217,5.0,2025-01-29 00:00:00.000000,Kolkata,Positive
CUST002257,RM0116,3.1,2023-08-04 00:00:00.000000,Lucknow,Neutral
CUST002257,RM0217,4.8,2023-01-13 00:00:00.000000,Kolkata,Positive
CUST002257,RM0107,4.6,2024-11-10 00:00:00.000000,Lucknow,Positive
CUST002258,RM0104,4.8,2026-06-07 00:00:00.000000,Lucknow,Positive
CUST002259,RM0004,4.8,2023-04-20 00:00:00.000000,Delhi,Positive
CUST002260,RM0117,3.6,2024-11-30 00:00:00.000000,Mumbai,Neutral
CUST002261,RM0186,3.7,2026-03-14 00:00:00.000000,Hyderabad,Neutral
CUST002262,RM0167,3.7,2024-03-12 00:00:00.000000,Mumbai,Neutral
CUST002263,RM0221,4.2,2025-04-18 00:00:00.000000,Jaipur,Positive
CUST002263,RM0221,1.9,2024-12-21 00:00:00.000000,Mumbai,Negative
CUST002263,RM0221,4.5,2024-02-08 00:00:00.000000,Chennai,Positive
CUST002263,RM0221,5.0,2024-03-04 00:00:00.000000,Hyderabad,Positive
CUST002263,RM0221,4.2,2024-04-13 00:00:00.000000,Ahmedabad,Positive
CUST002264,RM0230,3.9,2025-07-06 00:00:00.000000,Hyderabad,Neutral
CUST002265,RM0183,4.1,2024-07-03 00:00:00.000000,Jaipur,Positive
CUST002266,RM0220,4.5,2023-03-05 00:00:00.000000,Pune,Positive
CUST002267,RM0176,5.0,2023-10-11 00:00:00.000000,Ahmedabad,Positive
CUST002268,RM0245,3.9,2026-01-16 00:00:00.000000,Kolkata,Neutral
CUST002269,RM0239,3.8,2025-12-13 10:32:46.370636,Ahmedabad,Neutral
CUST002269,RM0239,2.6,2024-09-29 00:00:00.000000,Kolkata,Negative
CUST002269,RM0239,4.0,2024-03-21 00:00:00.000000,Chennai,Positive
CUST002269,RM0239,2.8,2025-02-09 00:00:00.000000,Pune,Negative
CUST002270,RM0174,3.5,2023-09-01 00:00:00.000000,Jaipur,Neutral
CUST002271,RM0045,4.9,2024-05-16 00:00:00.000000,Hyderabad,Positive
CUST002272,RM0133,5.0,2026-03-03 10:32:46.370672,Pune,Positive
CUST002273,RM0071,4.5,2025-09-15 00:00:00.000000,Lucknow,Positive
CUST002273,RM0071,5.0,2025-01-29 00:00:00.000000,Lucknow,Positive
CUST002273,RM0071,2.3,2025-01-31 00:00:00.000000,Ahmedabad,Negative
CUST002274,RM0101,5.0,2026-01-15 10:32:46.370707,Delhi,Positive
CUST002275,RM0088,3.2,2025-07-16 00:00:00.000000,Jaipur,Neutral
CUST002276,RM0192,4.3,2024-05-05 00:00:00.000000,Jaipur,Positive
CUST002276,RM0192,3.3,2026-06-26 10:32:46.370742,Chennai,Neutral
CUST002276,RM0192,4.3,2026-02-09 00:00:00.000000,Hyderabad,Positive
CUST002277,RM0048,4.0,2024-02-08 00:00:00.000000,Mumbai,Positive
CUST002278,RM0116,5.0,2024-12-17 00:00:00.000000,Chennai,Positive
CUST002279,RM0161,5.0,2023-12-02 00:00:00.000000,Delhi,Positive
CUST002279,RM0161,4.9,2023-04-21 00:00:00.000000,Kolkata,Positive
CUST002280,RM0025,3.9,2026-08-05 00:00:00.000000,Bangalore,Neutral
CUST002281,RM0213,5.0,2023-01-05 00:00:00.000000,Mumbai,Positive
CUST002282,RM0110,2.3,2023-04-21 00:00:00.000000,Jaipur,Negative
CUST002282,RM0110,3.4,2023-08-16 00:00:00.000000,Bangalore,Neutral
CUST002282,RM0110,3.8,2025-11-01 10:32:46.370779,Bangalore,Neutral
CUST002282,RM0110,3.7,2024-12-06 00:00:00.000000,Chennai,Neutral
CUST002283,RM0214,3.3,2025-01-21 00:00:00.000000,Chennai,Neutral
CUST002283,RM0214,4.7,2024-12-05 00:00:00.000000,Jaipur,Positive
CUST002283,RM0214,4.0,2023-04-09 00:00:00.000000,Kolkata,Positive
CUST002284,RM0011,3.9,2023-11-13 00:00:00.000000,Ahmedabad,Neutral
CUST002285,RM0141,5.0,2025-05-22 00:00:00.000000,Kolkata,Positive
CUST002286,RM0041,4.0,2026-01-08 00:00:00.000000,Jaipur,Positive
CUST002286,RM0041,3.6,2025-09-22 00:00:00.000000,Hyderabad,Neutral
CUST002287,RM0037,5.0,2023-09-22 00:00:00.000000,Lucknow,Positive
CUST002287,RM0069,3.7,2023-11-17 00:00:00.000000,Chennai,Neutral
CUST002287,RM0226,3.7,2026-03-26 00:00:00.000000,Jaipur,Neutral
CUST002287,RM0014,3.2,2025-01-03 00:00:00.000000,Lucknow,Neutral
CUST002288,RM0007,2.5,2023-05-12 00:00:00.000000,Jaipur,Negative
CUST002289,RM0048,3.3,2025-03-07 00:00:00.000000,Delhi,Neutral
CUST002290,RM0198,2.2,2025-03-10 00:00:00.000000,Delhi,Negative
CUST002291,RM0145,4.3,2023-08-18 00:00:00.000000,Jaipur,Positive
CUST002291,RM0145,3.7,2024-12-24 00:00:00.000000,Ahmedabad,Neutral
CUST002292,RM0133,5.0,2024-07-14 00:00:00.000000,Pune,Positive
CUST002293,RM0226,3.3,2026-05-24 00:00:00.000000,Pune,Neutral
CUST002294,RM0193,3.7,2023-08-25 00:00:00.000000,Kolkata,Neutral
CUST002295,RM0155,5.0,2024-04-13 00:00:00.000000,Jaipur,Positive
CUST002296,RM0072,4.9,2025-08-12 10:32:46.370829,Mumbai,Positive
CUST002296,RM0072,4.1,2026-03-12 00:00:00.000000,Jaipur,Positive
CUST002296,RM0072,3.0,2025-08-17 00:00:00.000000,Delhi,Neutral
CUST002296,RM0072,4.6,2024-04-14 00:00:00.000000,Ahmedabad,Positive
CUST002296,RM0072,3.7,2026-01-12 10:32:46.370864,Mumbai,Neutral
CUST002297,RM0134,3.5,2025-05-02 00:00:00.000000,Jaipur,Neutral
CUST002298,RM0077,5.0,2025-09-25 00:00:00.000000,Jaipur,Positive
CUST002299,RM0129,5.0,2026-03-17 00:00:00.000000,Delhi,Positive
CUST002300,RM0135,3.1,2024-02-04 00:00:00.000000,Hyderabad,Neutral
CUST002301,RM0172,5.0,2025-11-18 00:00:00.000000,Mumbai,Positive
CUST002302,RM0113,3.9,2023-05-16 00:00:00.000000,Jaipur,Neutral
CUST002303,RM0106,4.8,2025-12-24 00:00:00.000000,Lucknow,Positive
CUST002304,RM0106,5.0,2024-03-09 00:00:00.000000,Pune,Positive
CUST002305,RM0081,3.8,2023-04-18 00:00:00.000000,Lucknow,Neutral
CUST002306,RM0155,4.3,2026-04-30 00:00:00.000000,Mumbai,Positive
CUST002307,RM0181,4.7,2023-10-14 00:00:00.000000,Hyderabad,Positive
CUST002308,RM0080,5.0,2026-07-06 00:00:00.000000,Bangalore,Positive
CUST002309,RM0069,4.0,2023-03-07 00:00:00.000000,Jaipur,Positive
CUST002310,RM0140,4.8,2025-01-04 00:00:00.000000,Jaipur,Positive
CUST002311,RM0072,3.2,2026-01-02 00:00:00.000000,Jaipur,Neutral
CUST002311,RM0072,2.5,2026-06-19 00:00:00.000000,Bangalore,Negative
CUST002311,RM0072,3.3,2024-02-16 00:00:00.000000,Jaipur,Neutral
CUST002311,RM0072,3.3,2024-11-21 00:00:00.000000,Ahmedabad,Neutral
CUST002311,RM0072,5.0,2024-09-07 00:00:00.000000,Kolkata,Positive
CUST002312,RM0195,3.9,2025-12-03 00:00:00.000000,Jaipur,Neutral
CUST002313,RM0060,3.4,2025-07-05 00:00:00.000000,Kolkata,Neutral
CUST002314,RM0183,3.1,2026-01-22 00:00:00.000000,Bangalore,Neutral
CUST002314,RM0183,3.6,2024-09-22 00:00:00.000000,Hyderabad,Neutral
CUST002314,RM0194,4.9,2023-03-13 00:00:00.000000,Chennai,Positive
CUST002314,RM0183,3.1,2026-02-01 10:32:46.370908,Hyderabad,Neutral
CUST002315,RM0099,4.0,2025-01-30 00:00:00.000000,Pune,Positive
CUST002316,RM0160,4.0,2026-01-20 00:00:00.000000,Jaipur,Positive
CUST002317,RM0002,3.9,2023-09-10 00:00:00.000000,Jaipur,Neutral
CUST002318,RM0073,3.6,2025-12-08 00:00:00.000000,Hyderabad,Neutral
CUST002319,RM0183,4.4,2025-04-12 00:00:00.000000,Mumbai,Positive
CUST002320,RM0073,5.0,2023-10-18 00:00:00.000000,Ahmedabad,Positive
CUST002321,RM0049,3.3,2025-02-12 00:00:00.000000,Pune,Neutral
CUST002322,RM0203,4.3,2026-01-15 00:00:00.000000,Lucknow,Positive
CUST002322,RM0203,4.0,2023-01-18 00:00:00.000000,Bangalore,Positive
CUST002322,RM0203,3.5,2024-03-13 00:00:00.000000,Lucknow,Neutral
CUST002322,RM0203,4.1,2025-12-06 00:00:00.000000,Ahmedabad,Positive
CUST002323,RM0087,5.0,2025-10-13 00:00:00.000000,Hyderabad,Positive
CUST002324,RM0009,3.9,2025-12-13 00:00:00.000000,Delhi,Neutral
CUST002325,RM0005,3.9,2023-03-13 00:00:00.000000,Pune,Neutral
CUST002326,RM0126,3.6,2023-03-29 00:00:00.000000,Lucknow,Neutral
CUST002327,RM0126,4.4,2024-02-15 00:00:00.000000,Mumbai,Positive
CUST002328,RM0091,3.0,2025-05-10 00:00:00.000000,Lucknow,Neutral
CUST002328,RM0091,4.1,2023-04-15 00:00:00.000000,Jaipur,Positive
CUST002329,RM0120,4.0,2023-01-29 00:00:00.000000,Delhi,Positive
CUST002330,RM0037,4.4,2024-11-23 00:00:00.000000,Jaipur,Positive
CUST002331,RM0122,3.2,2024-01-06 00:00:00.000000,Hyderabad,Neutral
CUST002332,RM0118,5.0,2026-07-23 10:32:46.370950,Bangalore,Positive
CUST002333,RM0073,5.0,2024-04-17 00:00:00.000000,Ahmedabad,Positive
CUST002334,RM0104,5.0,2026-05-14 10:32:46.370984,Mumbai,Positive
CUST002335,RM0051,4.6,2024-01-13 00:00:00.000000,Pune,Positive
CUST002336,RM0200,4.4,2024-12-11 00:00:00.000000,Lucknow,Positive
CUST002337,RM0138,3.9,2025-06-11 00:00:00.000000,Chennai,Neutral
CUST002337,RM0138,4.1,2024-06-02 00:00:00.000000,Jaipur,Positive
CUST002338,RM0231,4.9,2026-01-06 00:00:00.000000,Delhi,Positive
CUST002339,RM0124,4.0,2024-09-10 00:00:00.000000,Ahmedabad,Positive
CUST002339,RM0230,3.8,2024-12-15 00:00:00.000000,Pune,Neutral
CUST002339,RM0177,4.6,2023-09-15 00:00:00.000000,Jaipur,Positive
CUST002340,RM0104,3.4,2023-04-25 00:00:00.000000,Bangalore,Neutral
CUST002340,RM0104,5.0,2024-10-29 00:00:00.000000,Hyderabad,Positive
CUST002341,RM0100,4.0,2025-12-04 00:00:00.000000,Jaipur,Positive
CUST002341,RM0100,4.8,2024-01-23 00:00:00.000000,Pune,Positive
CUST002341,RM0100,3.2,2024-01-26 00:00:00.000000,Jaipur,Neutral
CUST002342,RM0241,4.0,2023-12-15 00:00:00.000000,Jaipur,Positive
CUST002342,RM0017,3.6,2024-05-10 00:00:00.000000,Kolkata,Neutral
CUST002342,RM0017,3.6,2024-11-25 00:00:00.000000,Mumbai,Neutral
CUST002343,RM0151,2.9,2026-07-24 00:00:00.000000,Kolkata,Negative
CUST002344,RM0144,4.0,2025-12-01 00:00:00.000000,Ahmedabad,Positive
CUST002345,RM0192,5.0,2023-10-15 00:00:00.000000,Jaipur,Positive
CUST002346,RM0224,4.0,2026-03-22 00:00:00.000000,Mumbai,Positive
CUST002347,RM0233,4.5,2024-05-29 00:00:00.000000,Chennai,Positive
CUST002347,RM0079,2.6,2024-09-26 00:00:00.000000,Hyderabad,Negative
CUST002347,RM0107,3.8,2024-06-29 00:00:00.000000,Bangalore,Neutral
CUST002347,RM0044,3.8,2024-01-15 00:00:00.000000,Hyderabad,Neutral
CUST002347,RM0250,4.4,2023-07-15 00:00:00.000000,Mumbai,Positive
CUST002348,RM0215,3.9,2025-05-05 00:00:00.000000,Lucknow,Neutral
CUST002349,RM0001,5.0,2025-07-29 00:00:00.000000,Delhi,Positive
CUST002350,RM0013,5.0,2025-12-01 00:00:00.000000,Bangalore,Positive
CUST002351,RM0185,5.0,2026-05-04 00:00:00.000000,Mumbai,Positive
CUST002351,RM0185,1.8,2024-01-16 00:00:00.000000,Jaipur,Negative
CUST002351,RM0185,5.0,2026-02-05 00:00:00.000000,Ahmedabad,Positive
CUST002352,RM0236,4.8,2023-03-16 00:00:00.000000,Hyderabad,Positive
CUST002352,RM0087,3.8,2024-07-28 00:00:00.000000,Ahmedabad,Neutral
CUST002352,RM0087,3.7,2023-11-29 00:00:00.000000,Pune,Neutral
CUST002352,RM0087,3.9,2025-07-04 00:00:00.000000,Hyderabad,Neutral
CUST002352,RM0087,4.2,2023-04-07 00:00:00.000000,Jaipur,Positive
CUST002353,RM0032,3.5,2023-02-28 00:00:00.000000,Bangalore,Neutral
CUST002354,RM0171,2.4,2025-07-24 00:00:00.000000,Hyderabad,Negative
CUST002355,RM0240,4.0,2023-10-12 00:00:00.000000,Delhi,Positive
CUST002356,RM0043,3.5,2025-11-08 00:00:00.000000,Pune,Neutral
CUST002357,RM0016,3.7,2026-01-16 00:00:00.000000,Pune,Neutral
CUST002358,RM0144,4.6,2026-02-14 00:00:00.000000,Chennai,Positive
CUST002359,RM0151,2.8,2026-06-14 10:32:46.371036,Jaipur,Negative
CUST002360,RM0197,4.6,2026-06-29 00:00:00.000000,Kolkata,Positive
CUST002361,RM0157,2.8,2026-04-17 10:32:46.371070,Mumbai,Negative
CUST002361,RM0049,4.4,2024-06-27 00:00:00.000000,Lucknow,Positive
CUST002361,RM0223,4.6,2024-03-26 00:00:00.000000,Jaipur,Positive
CUST002361,RM0220,3.9,2025-06-02 00:00:00.000000,Ahmedabad,Neutral
CUST002361,RM0162,4.0,2025-03-11 00:00:00.000000,Chennai,Positive
CUST002362,RM0103,4.7,2025-08-31 00:00:00.000000,Chennai,Positive
CUST002363,RM0046,3.4,2023-03-31 00:00:00.000000,Chennai,Neutral
CUST002364,RM0070,4.3,2026-02-12 00:00:00.000000,Bangalore,Positive
CUST002365,RM0026,3.6,2023-05-21 00:00:00.000000,Pune,Neutral
CUST002366,RM0150,5.0,2023-11-15 00:00:00.000000,Kolkata,Positive
CUST002367,RM0100,4.5,2023-08-27 00:00:00.000000,Kolkata,Positive
CUST002367,RM0028,3.0,2024-04-16 00:00:00.000000,Bangalore,Neutral
CUST002367,RM0100,5.0,2024-08-03 00:00:00.000000,Kolkata,Positive
CUST002368,RM0242,5.0,2023-02-07 00:00:00.000000,Mumbai,Positive
CUST002368,RM0009,2.8,2023-02-24 00:00:00.000000,Jaipur,Negative
CUST002368,RM0242,2.5,2025-09-20 00:00:00.000000,Kolkata,Negative
CUST002368,RM0096,2.8,2024-12-24 00:00:00.000000,Hyderabad,Negative
CUST002368,RM0242,3.0,2025-11-28 00:00:00.000000,Ahmedabad,Neutral
CUST002369,RM0194,4.2,2024-10-05 00:00:00.000000,Jaipur,Positive
CUST002369,RM0194,4.1,2024-10-20 00:00:00.000000,Chennai,Positive
CUST002369,RM0194,4.7,2026-06-13 00:00:00.000000,Kolkata,Positive
CUST002369,RM0194,3.7,2024-07-07 00:00:00.000000,Jaipur,Neutral
CUST002370,RM0052,3.7,2024-06-01 00:00:00.000000,Pune,Neutral
CUST002370,RM0052,4.1,2024-06-26 00:00:00.000000,Kolkata,Positive
CUST002370,RM0052,5.0,2026-05-28 00:00:00.000000,Hyderabad,Positive
CUST002370,RM0052,2.1,2026-05-12 00:00:00.000000,Chennai,Negative
CUST002371,RM0130,3.7,2024-07-16 00:00:00.000000,Jaipur,Neutral
CUST002372,RM0051,5.0,2024-08-23 00:00:00.000000,Jaipur,Positive
CUST002373,RM0230,4.1,2024-11-23 00:00:00.000000,Bangalore,Positive
CUST002373,RM0230,3.7,2026-05-18 00:00:00.000000,Lucknow,Neutral
CUST002373,RM0230,3.2,2026-05-10 00:00:00.000000,Bangalore,Neutral
CUST002373,RM0230,4.9,2023-08-14 00:00:00.000000,Lucknow,Positive
CUST002374,RM0212,3.5,2025-11-18 00:00:00.000000,Kolkata,Neutral
CUST002375,RM0056,3.5,2023-09-12 00:00:00.000000,Bangalore,Neutral
CUST002376,RM0143,5.0,2023-06-15 00:00:00.000000,Kolkata,Positive
CUST002377,RM0169,3.0,2023-05-16 00:00:00.000000,Jaipur,Neutral
CUST002378,RM0058,5.0,2025-10-05 00:00:00.000000,Kolkata,Positive
CUST002379,RM0246,4.2,2025-10-27 10:32:46.371119,Lucknow,Positive
CUST002380,RM0101,4.0,2025-02-17 00:00:00.000000,Jaipur,Positive
CUST002381,RM0214,4.3,2025-12-13 00:00:00.000000,Mumbai,Positive
CUST002381,RM0214,4.0,2025-09-21 10:32:46.371153,Chennai,Positive
CUST002382,RM0045,3.5,2025-10-17 00:00:00.000000,Kolkata,Neutral
CUST002383,RM0211,4.3,2025-06-04 00:00:00.000000,Mumbai,Positive
CUST002384,RM0133,3.5,2023-09-23 00:00:00.000000,Chennai,Neutral
CUST002385,RM0215,4.4,2026-03-14 10:32:46.371188,Jaipur,Positive
CUST002386,RM0074,4.0,2023-02-08 00:00:00.000000,Pune,Positive
CUST002387,RM0092,5.0,2023-11-06 00:00:00.000000,Bangalore,Positive
CUST002388,RM0159,4.7,2026-02-10 00:00:00.000000,Jaipur,Positive
CUST002389,RM0013,3.8,2023-11-02 00:00:00.000000,Pune,Neutral
CUST002390,RM0114,4.3,2025-08-26 00:00:00.000000,Hyderabad,Positive
CUST002391,RM0062,3.7,2024-06-19 00:00:00.000000,Chennai,Neutral
CUST002392,RM0237,3.8,2025-10-01 00:00:00.000000,Lucknow,Neutral
CUST002393,RM0010,3.9,2025-04-25 00:00:00.000000,Lucknow,Neutral
CUST002394,RM0088,4.5,2024-09-19 00:00:00.000000,Mumbai,Positive
CUST002395,RM0018,4.9,2026-02-16 00:00:00.000000,Bangalore,Positive
CUST002395,RM0018,5.0,2026-06-20 00:00:00.000000,Delhi,Positive
CUST002395,RM0018,4.6,2023-12-18 00:00:00.000000,Jaipur,Positive
CUST002396,RM0234,2.9,2024-03-06 00:00:00.000000,Jaipur,Negative
CUST002396,RM0234,2.7,2026-03-17 00:00:00.000000,Pune,Negative
CUST002396,RM0234,3.9,2025-08-27 00:00:00.000000,Bangalore,Neutral
CUST002397,RM0198,5.0,2026-02-23 10:32:46.371227,Mumbai,Positive
CUST002398,RM0078,3.8,2023-10-09 00:00:00.000000,Jaipur,Neutral
CUST002399,RM0037,3.8,2023-02-12 00:00:00.000000,Lucknow,Neutral
CUST002400,RM0032,4.9,2025-04-05 00:00:00.000000,Kolkata,Positive
CUST002401,RM0102,4.0,2026-06-13 00:00:00.000000,Delhi,Positive
CUST002402,RM0190,4.0,2024-09-07 00:00:00.000000,Chennai,Positive
CUST002403,RM0247,5.0,2023-03-26 00:00:00.000000,Kolkata,Positive
CUST002404,RM0232,2.5,2024-02-27 00:00:00.000000,Delhi,Negative
CUST002405,RM0165,4.5,2025-10-28 00:00:00.000000,Lucknow,Positive
CUST002406,RM0009,2.2,2025-04-26 00:00:00.000000,Bangalore,Negative
CUST002407,RM0243,4.3,2025-05-21 00:00:00.000000,Delhi,Positive
CUST002407,RM0243,4.9,2025-02-21 00:00:00.000000,Hyderabad,Positive
CUST002407,RM0243,2.4,2026-04-17 00:00:00.000000,Kolkata,Negative
CUST002407,RM0243,1.7,2026-02-04 10:32:46.371278,Bangalore,Negative
CUST002407,RM0243,4.9,2025-06-14 00:00:00.000000,Hyderabad,Positive
CUST002408,RM0016,4.4,2025-05-19 00:00:00.000000,Pune,Positive
CUST002409,RM0221,2.9,2024-11-28 00:00:00.000000,Jaipur,Negative
CUST002410,RM0230,4.2,2026-05-19 00:00:00.000000,Hyderabad,Positive
CUST002411,RM0223,3.5,2024-11-23 00:00:00.000000,Pune,Neutral
CUST002412,RM0027,3.8,2026-07-08 00:00:00.000000,Jaipur,Neutral
CUST002413,RM0121,3.7,2023-10-03 00:00:00.000000,Jaipur,Neutral
CUST002413,RM0045,2.7,2023-05-27 00:00:00.000000,Bangalore,Negative
CUST002413,RM0201,4.9,2023-07-22 00:00:00.000000,Pune,Positive
CUST002413,RM0018,2.9,2024-04-20 00:00:00.000000,Kolkata,Negative
CUST002414,RM0085,4.1,2026-07-12 00:00:00.000000,Mumbai,Positive
CUST002415,RM0200,4.7,2025-08-24 00:00:00.000000,Lucknow,Positive
CUST002416,RM0034,3.2,2023-09-25 00:00:00.000000,Mumbai,Neutral
CUST002417,RM0003,3.7,2024-07-07 00:00:00.000000,Bangalore,Neutral
CUST002418,RM0013,3.5,2025-08-08 00:00:00.000000,Hyderabad,Neutral
CUST002419,RM0229,5.0,2026-05-16 00:00:00.000000,Mumbai,Positive
CUST002420,RM0070,4.9,2025-12-15 00:00:00.000000,Delhi,Positive
CUST002421,RM0061,4.8,2023-10-07 00:00:00.000000,Delhi,Positive
CUST002421,RM0061,5.0,2024-11-22 00:00:00.000000,Bangalore,Positive
CUST002421,RM0061,4.4,2024-02-04 00:00:00.000000,Chennai,Positive
CUST002421,RM0061,3.7,2026-03-04 10:32:46.371322,Bangalore,Neutral
CUST002422,RM0056,2.6,2025-09-22 00:00:00.000000,Bangalore,Negative
CUST002423,RM0161,3.3,2023-12-03 00:00:00.000000,Mumbai,Neutral
CUST002424,RM0027,4.2,2023-08-15 00:00:00.000000,Ahmedabad,Positive
CUST002425,RM0223,4.9,2025-08-15 00:00:00.000000,Mumbai,Positive
CUST002425,RM0223,3.3,2024-09-19 00:00:00.000000,Ahmedabad,Neutral
CUST002426,RM0075,5.0,2025-10-29 00:00:00.000000,Bangalore,Positive
CUST002427,RM0015,2.5,2024-07-30 00:00:00.000000,Bangalore,Negative
CUST002428,RM0089,3.6,2025-11-25 00:00:00.000000,Kolkata,Neutral
CUST002429,RM0030,4.4,2024-07-16 00:00:00.000000,Chennai,Positive
CUST002430,RM0179,4.1,2023-01-26 00:00:00.000000,Delhi,Positive
CUST002431,RM0243,4.5,2023-04-29 00:00:00.000000,Chennai,Positive
CUST002432,RM0110,4.1,2026-02-18 10:32:46.371362,Lucknow,Positive
CUST002433,RM0149,4.6,2023-10-13 00:00:00.000000,Mumbai,Positive
CUST002434,RM0226,3.8,2024-12-21 00:00:00.000000,Jaipur,Neutral
CUST002435,RM0134,3.7,2023-03-08 00:00:00.000000,Delhi,Neutral
CUST002435,RM0224,3.2,2023-05-23 00:00:00.000000,Ahmedabad,Neutral
CUST002436,RM0067,5.0,2024-05-03 00:00:00.000000,Hyderabad,Positive
CUST002436,RM0163,3.9,2026-07-19 00:00:00.000000,Mumbai,Neutral
CUST002437,RM0204,4.4,2023-11-29 00:00:00.000000,Chennai,Positive
CUST002438,RM0125,3.8,2025-09-16 00:00:00.000000,Kolkata,Neutral
CUST002438,RM0125,5.0,2026-01-01 00:00:00.000000,Delhi,Positive
CUST002438,RM0226,4.0,2023-05-08 00:00:00.000000,Delhi,Positive
CUST002438,RM0125,4.3,2026-06-27 00:00:00.000000,Jaipur,Positive
CUST002438,RM0125,3.1,2024-10-08 00:00:00.000000,Bangalore,Neutral
CUST002439,RM0179,5.0,2026-01-08 00:00:00.000000,Hyderabad,Positive
CUST002439,RM0179,4.2,2024-03-30 00:00:00.000000,Pune,Positive
CUST002440,RM0072,5.0,2024-01-17 00:00:00.000000,Mumbai,Positive
CUST002441,RM0249,3.4,2026-03-30 00:00:00.000000,Kolkata,Neutral
CUST002442,RM0199,3.6,2025-11-27 00:00:00.000000,Bangalore,Neutral
CUST002443,RM0181,3.5,2023-09-15 00:00:00.000000,Delhi,Neutral
CUST002443,RM0181,3.7,2023-08-02 00:00:00.000000,Bangalore,Neutral
CUST002443,RM0181,4.7,2023-06-12 00:00:00.000000,Hyderabad,Positive
CUST002443,RM0181,2.0,2025-06-23 00:00:00.000000,Jaipur,Negative
CUST002443,RM0181,4.0,2023-08-07 00:00:00.000000,Lucknow,Positive
CUST002444,RM0216,3.2,2025-08-20 10:32:46.371405,Chennai,Neutral
CUST002444,RM0216,3.1,2026-05-22 00:00:00.000000,Delhi,Neutral
CUST002445,RM0170,4.5,2025-12-21 00:00:00.000000,Ahmedabad,Positive
CUST002446,RM0106,4.3,2023-06-26 00:00:00.000000,Delhi,Positive
CUST002446,RM0052,4.9,2025-05-26 00:00:00.000000,Pune,Positive
CUST002446,RM0091,4.4,2025-04-06 00:00:00.000000,Bangalore,Positive
CUST002447,RM0021,4.2,2025-02-03 00:00:00.000000,Jaipur,Positive
CUST002448,RM0212,3.4,2024-09-17 00:00:00.000000,Chennai,Neutral
CUST002449,RM0154,3.1,2025-03-01 00:00:00.000000,Ahmedabad,Neutral
CUST002449,RM0154,4.6,2025-11-18 00:00:00.000000,Lucknow,Positive
CUST002450,RM0199,3.7,2025-11-05 00:00:00.000000,Jaipur,Neutral
CUST002451,RM0222,4.4,2025-10-29 00:00:00.000000,Delhi,Positive
CUST002452,RM0212,4.0,2025-02-03 00:00:00.000000,Hyderabad,Positive
CUST002453,RM0174,2.0,2026-01-23 00:00:00.000000,Bangalore,Negative
CUST002453,RM0174,4.5,2024-11-28 00:00:00.000000,Ahmedabad,Positive
CUST002453,RM0174,3.4,2023-08-01 00:00:00.000000,Kolkata,Neutral
CUST002454,RM0104,4.9,2024-09-11 00:00:00.000000,Pune,Positive
CUST002455,RM0047,2.1,2023-01-10 00:00:00.000000,Mumbai,Negative
CUST002456,RM0207,5.0,2024-03-24 00:00:00.000000,Jaipur,Positive
CUST002457,RM0174,3.4,2026-05-25 00:00:00.000000,Mumbai,Neutral
CUST002458,RM0224,4.5,2026-03-01 10:32:46.371447,Kolkata,Positive
CUST002459,RM0072,3.3,2025-04-30 00:00:00.000000,Jaipur,Neutral
CUST002460,RM0039,3.4,2025-10-11 00:00:00.000000,Mumbai,Neutral
CUST002460,RM0039,4.7,2026-07-10 10:32:46.371481,Delhi,Positive
CUST002460,RM0039,3.8,2023-03-27 00:00:00.000000,Bangalore,Neutral
CUST002460,RM0039,3.9,2024-09-27 00:00:00.000000,Chennai,Neutral
CUST002460,RM0039,4.8,2023-11-18 00:00:00.000000,Bangalore,Positive
CUST002461,RM0215,4.2,2023-01-14 00:00:00.000000,Bangalore,Positive
CUST002462,RM0113,4.4,2023-02-07 00:00:00.000000,Delhi,Positive
CUST002462,RM0189,3.4,2024-09-07 00:00:00.000000,Lucknow,Neutral
CUST002462,RM0092,4.7,2023-06-04 00:00:00.000000,Bangalore,Positive
CUST002462,RM0008,4.1,2023-02-04 00:00:00.000000,Kolkata,Positive
CUST002463,RM0130,4.4,2026-01-16 00:00:00.000000,Mumbai,Positive
CUST002464,RM0100,4.4,2024-02-13 00:00:00.000000,Ahmedabad,Positive
CUST002465,RM0128,5.0,2025-07-24 00:00:00.000000,Kolkata,Positive
CUST002466,RM0050,4.5,2023-03-16 00:00:00.000000,Chennai,Positive
CUST002466,RM0050,2.8,2023-06-15 00:00:00.000000,Bangalore,Negative
CUST002466,RM0050,3.4,2026-06-02 00:00:00.000000,Bangalore,Neutral
CUST002466,RM0050,4.2,2025-12-12 10:32:46.371522,Mumbai,Positive
CUST002466,RM0050,4.4,2025-06-17 00:00:00.000000,Bangalore,Positive
CUST002467,RM0031,2.7,2023-03-06 00:00:00.000000,Delhi,Negative
CUST002468,RM0016,3.0,2025-10-31 00:00:00.000000,Lucknow,Neutral
CUST002468,RM0186,5.0,2023-01-17 00:00:00.000000,Bangalore,Positive
CUST002468,RM0016,5.0,2025-05-27 00:00:00.000000,Lucknow,Positive
CUST002469,RM0196,2.3,2023-06-18 00:00:00.000000,Mumbai,Negative
CUST002469,RM0196,4.3,2023-04-16 00:00:00.000000,Jaipur,Positive
CUST002469,RM0196,4.0,2025-01-23 00:00:00.000000,Delhi,Positive
CUST002469,RM0196,5.0,2023-03-22 00:00:00.000000,Mumbai,Positive
CUST002469,RM0196,4.5,2025-03-20 00:00:00.000000,Jaipur,Positive
CUST002470,RM0047,4.8,2023-07-12 00:00:00.000000,Chennai,Positive
CUST002471,RM0014,1.7,2024-06-25 00:00:00.000000,Jaipur,Negative
CUST002472,RM0160,4.0,2025-07-17 00:00:00.000000,Ahmedabad,Positive
CUST002473,RM0042,3.1,2025-06-18 00:00:00.000000,Hyderabad,Neutral
CUST002473,RM0042,3.1,2024-03-19 00:00:00.000000,Jaipur,Neutral
CUST002473,RM0042,2.8,2025-07-20 00:00:00.000000,Chennai,Negative
CUST002474,RM0142,4.2,2025-01-22 00:00:00.000000,Chennai,Positive
CUST002475,RM0146,4.3,2024-12-11 00:00:00.000000,Kolkata,Positive
CUST002476,RM0049,4.0,2024-04-08 00:00:00.000000,Mumbai,Positive
CUST002476,RM0062,4.6,2024-11-06 00:00:00.000000,Ahmedabad,Positive
CUST002477,RM0008,3.6,2026-01-05 00:00:00.000000,Hyderabad,Neutral
CUST002478,RM0064,5.0,2025-01-23 00:00:00.000000,Jaipur,Positive
CUST002479,RM0180,3.1,2026-06-16 00:00:00.000000,Ahmedabad,Neutral
CUST002479,RM0051,2.6,2026-06-12 00:00:00.000000,Jaipur,Negative
CUST002480,RM0102,4.2,2025-06-12 00:00:00.000000,Ahmedabad,Positive
CUST002481,RM0097,3.3,2023-05-06 00:00:00.000000,Chennai,Neutral
CUST002482,RM0248,4.5,2025-03-10 00:00:00.000000,Jaipur,Positive
CUST002483,RM0216,3.3,2024-11-15 00:00:00.000000,Ahmedabad,Neutral
CUST002483,RM0207,3.4,2024-04-29 00:00:00.000000,Mumbai,Neutral
CUST002483,RM0031,3.3,2024-01-16 00:00:00.000000,Lucknow,Neutral
CUST002483,RM0178,3.3,2026-05-23 00:00:00.000000,Lucknow,Neutral
CUST002484,RM0216,4.0,2023-01-04 00:00:00.000000,Lucknow,Positive
CUST002484,RM0216,4.2,2024-09-12 00:00:00.000000,Pune,Positive
CUST002484,RM0216,3.3,2024-10-30 00:00:00.000000,Mumbai,Neutral
CUST002485,RM0094,2.8,2025-11-19 00:00:00.000000,Bangalore,Negative
CUST002486,RM0130,4.5,2023-08-26 00:00:00.000000,Lucknow,Positive
CUST002487,RM0140,4.4,2023-03-09 00:00:00.000000,Mumbai,Positive
CUST002488,RM0218,4.7,2025-01-15 00:00:00.000000,Bangalore,Positive
CUST002489,RM0138,3.0,2025-05-14 00:00:00.000000,Chennai,Neutral
CUST002490,RM0021,3.2,2023-11-15 00:00:00.000000,Chennai,Neutral
CUST002491,RM0028,4.8,2024-05-28 00:00:00.000000,Chennai,Positive
CUST002492,RM0178,4.9,2024-06-06 00:00:00.000000,Bangalore,Positive
CUST002493,RM0076,3.6,2025-04-21 00:00:00.000000,Chennai,Neutral
CUST002494,RM0074,3.0,2025-01-13 00:00:00.000000,Jaipur,Neutral
CUST002494,RM0074,3.3,2025-03-03 00:00:00.000000,Jaipur,Neutral
CUST002494,RM0074,3.0,2026-05-30 00:00:00.000000,Ahmedabad,Neutral
CUST002494,RM0074,4.8,2025-06-13 00:00:00.000000,Chennai,Positive
CUST002494,RM0074,4.7,2026-07-22 10:32:46.371575,Hyderabad,Positive
CUST002495,RM0129,4.1,2024-01-28 00:00:00.000000,Pune,Positive
CUST002496,RM0158,3.3,2026-01-16 00:00:00.000000,Mumbai,Neutral
CUST002496,RM0158,3.1,2024-07-31 00:00:00.000000,Delhi,Neutral
CUST002496,RM0158,3.4,2025-06-04 00:00:00.000000,Delhi,Neutral
CUST002496,RM0158,3.1,2023-08-15 00:00:00.000000,Hyderabad,Neutral
CUST002496,RM0158,4.2,2025-12-04 00:00:00.000000,Chennai,Positive
CUST002497,RM0179,4.8,2026-01-04 00:00:00.000000,Mumbai,Positive
CUST002498,RM0161,4.8,2026-04-11 00:00:00.000000,Chennai,Positive
CUST002499,RM0120,3.1,2024-02-29 00:00:00.000000,Ahmedabad,Neutral
CUST002500,RM0136,3.4,2026-07-19 00:00:00.000000,Delhi,Neutral
