RM_ID,Product,Sale_Date,Amount
RM0240,ULIP,2019-06-25 00:00:00.000000,29978
RM0046,Recurring Deposit,2023-03-18 00:00:00.000000,32953
RM0160,Mutual Funds,2020-01-02 00:00:00.000000,24281
RM0188,Saving Account,2023-08-19 00:00:00.000000,11995
RM0068,Recurring Deposit,2024-10-25 10:32:43.362434,29791
RM0045,Recurring Deposit,2022-02-03 00:00:00.000000,119625
RM0191,Credit Card,2021-11-28 00:00:00.000000,11293
RM0177,ULIP,2020-06-28 00:00:00.000000,36071
RM0093,Recurring Deposit,2024-12-13 00:00:00.000000,11595
RM0042,Fixed Deposit,2025-07-13 00:00:00.000000,33175
RM0040,Recurring Deposit,2022-12-27 00:00:00.000000,19475
RM0188,Health Insurance,2019-08-30 00:00:00.000000,24532
RM0162,Gold Investment,2022-09-26 00:00:00.000000,115022
RM0023,Gold Investment,2019-10-02 00:00:00.000000,38639
RM0159,Life Insurance,2024-11-22 00:00:00.000000,25996
RM0035,Term Insurance,2022-03-14 00:00:00.000000,54499
RM0033,Health Insurance,2019-09-07 00:00:00.000000,17663
RM0155,Life Insurance,2023-07-21 00:00:00.000000,25014
RM0186,Current Account,2019-07-01 00:00:00.000000,49510
RM0162,Mutual Funds,2019-01-15 00:00:00.000000,23559
RM0016,Gold Investment,2020-04-12 00:00:00.000000,66835
RM0168,Life Insurance,2020-07-10 00:00:00.000000,43813
RM0160,Term Insurance,2019-05-22 00:00:00.000000,83918
RM0229,Mutual Funds,2019-06-19 00:00:00.000000,158061
RM0247,Mutual Funds,2022-01-16 00:00:00.000000,16153
RM0202,Health Insurance,2020-06-06 00:00:00.000000,30373
RM0025,Mutual Funds,2025-04-16 00:00:00.000000,29249
RM0244,Loan Against Property,2026-05-07 00:00:00.000000,18195
RM0221,ULIP,2023-10-30 00:00:00.000000,93116
RM0102,Current Account,2024-02-18 00:00:00.000000,81330
RM0057,Gold Investment,2021-03-21 00:00:00.000000,43123
RM0087,Fixed Deposit,2025-09-12 00:00:00.000000,48584
RM0190,Recurring Deposit,2024-10-11 00:00:00.000000,13069
RM0029,Saving Account,2023-05-26 00:00:00.000000,50541
RM0025,Current Account,2024-06-08 00:00:00.000000,88352
RM0032,Credit Card,2025-09-16 00:00:00.000000,52645
RM0249,Saving Account,2024-04-16 00:00:00.000000,25415
RM0191,Health Insurance,2026-04-08 10:32:43.362621,65063
RM0034,Recurring Deposit,2021-01-27 00:00:00.000000,32430
RM0240,Term Insurance,2019-02-10 00:00:00.000000,49358
RM0183,Current Account,2021-01-29 00:00:00.000000,43429
RM0033,Health Insurance,2023-11-17 00:00:00.000000,33996
RM0199,Mutual Funds,2025-09-14 00:00:00.000000,73448
RM0220,Loan Against Property,2023-07-22 00:00:00.000000,117654
RM0239,Life Insurance,2020-09-15 00:00:00.000000,10261
RM0238,Loan Against Property,2022-08-09 00:00:00.000000,145615
RM0116,ULIP,2022-10-13 00:00:00.000000,45822
RM0007,Recurring Deposit,2020-12-22 00:00:00.000000,70320
RM0103,Credit Card,2026-04-12 00:00:00.000000,106766
RM0170,Recurring Deposit,2019-12-09 00:00:00.000000,41471
RM0102,Current Account,2023-04-06 00:00:00.000000,10264
RM0114,Health Insurance,2021-02-03 00:00:00.000000,100082
RM0013,Current Account,2019-11-23 00:00:00.000000,19777
RM0201,Life Insurance,2022-03-04 00:00:00.000000,18668
RM0116,Current Account,2019-01-06 00:00:00.000000,63570
RM0050,Term Insurance,2024-07-15 00:00:00.000000,112066
RM0026,Life Insurance,2023-04-28 00:00:00.000000,121478
RM0064,Recurring Deposit,2026-01-27 00:00:00.000000,61604
RM0018,Life Insurance,2022-04-22 00:00:00.000000,47273
RM0137,Loan Against Property,2024-08-09 00:00:00.000000,30127
RM0049,Fixed Deposit,2021-05-27 00:00:00.000000,205602
RM0180,Term Insurance,2019-12-08 00:00:00.000000,29260
RM0128,Health Insurance,2019-02-23 00:00:00.000000,78165
RM0108,Gold Investment,2021-09-20 00:00:00.000000,47962
RM0242,Loan Against Property,2019-09-19 00:00:00.000000,56890
RM0009,Life Insurance,2025-08-28 00:00:00.000000,35000
RM0052,Life Insurance,2026-06-21 00:00:00.000000,30714
RM0148,Loan Against Property,2020-05-21 00:00:00.000000,177368
RM0087,Credit Card,2025-04-17 00:00:00.000000,52394
RM0032,Term Insurance,2022-08-22 00:00:00.000000,148860
RM0147,Loan Against Property,2026-02-16 10:32:43.362678,10381
RM0016,Recurring Deposit,2020-01-17 00:00:00.000000,52510
RM0080,Health Insurance,2022-02-18 00:00:00.000000,73148
RM0055,Credit Card,2025-01-21 00:00:00.000000,78340
RM0065,Life Insurance,2024-09-15 00:00:00.000000,127681
RM0069,Health Insurance,2021-11-14 00:00:00.000000,10220
RM0129,Credit Card,2024-04-24 00:00:00.000000,10016
RM0036,Current Account,2024-05-22 00:00:00.000000,41957
RM0205,Credit Card,2023-01-24 00:00:00.000000,44550
RM0191,Current Account,2022-03-19 00:00:00.000000,11486
RM0097,Health Insurance,2023-08-03 00:00:00.000000,193517
RM0092,Credit Card,2021-05-28 00:00:00.000000,22555
RM0048,Term Insurance,2020-07-30 00:00:00.000000,41995
RM0071,Credit Card,2023-11-02 00:00:00.000000,13154
RM0159,Loan Against Property,2022-12-22 00:00:00.000000,46912
RM0022,Health Insurance,2023-04-10 00:00:00.000000,33898
RM0076,Credit Card,2023-08-10 00:00:00.000000,12284
RM0098,Gold Investment,2025-03-22 00:00:00.000000,30407
RM0155,Term Insurance,2022-02-05 00:00:00.000000,34832
RM0247,Saving Account,2022-10-21 00:00:00.000000,239867
RM0227,Health Insurance,2024-10-08 00:00:00.000000,21652
RM0003,Saving Account,2020-06-30 00:00:00.000000,49348
RM0081,Credit Card,2025-04-30 00:00:00.000000,228368
RM0161,ULIP,2025-10-27 00:00:00.000000,88515
RM0007,Life Insurance,2024-10-16 10:32:43.362722,260788
RM0125,Health Insurance,2021-04-05 00:00:00.000000,182569
RM0057,Loan Against Property,2020-04-12 00:00:00.000000,43622
RM0193,Gold Investment,2024-10-09 00:00:00.000000,69598
RM0247,Health Insurance,2021-09-04 00:00:00.000000,15851
RM0175,Life Insurance,2019-11-18 00:00:00.000000,39093
RM0126,Saving Account,2024-04-12 00:00:00.000000,92778
RM0043,ULIP,2024-12-20 00:00:00.000000,45193
RM0004,Loan Against Property,2024-11-15 10:32:43.362758,70650
RM0159,Recurring Deposit,2024-07-16 00:00:00.000000,78472
RM0005,Gold Investment,2024-10-15 10:32:43.362791,24615
RM0220,Loan Against Property,2023-05-27 00:00:00.000000,114252
RM0168,Loan Against Property,2023-11-19 00:00:00.000000,40792
RM0050,Fixed Deposit,2022-01-12 00:00:00.000000,21797
RM0026,Current Account,2019-01-16 00:00:00.000000,110278
RM0157,Recurring Deposit,2022-05-02 00:00:00.000000,37048
RM0008,Gold Investment,2020-10-04 00:00:00.000000,79377
RM0224,Recurring Deposit,2023-03-10 00:00:00.000000,49707
RM0249,Health Insurance,2019-03-04 00:00:00.000000,34052
RM0031,Recurring Deposit,2023-05-27 00:00:00.000000,93004
RM0001,ULIP,2019-09-28 00:00:00.000000,53910
RM0211,Recurring Deposit,2021-11-18 00:00:00.000000,34760
RM0113,Current Account,2025-09-07 00:00:00.000000,15804
RM0097,ULIP,2021-01-19 00:00:00.000000,122902
RM0176,Gold Investment,2019-11-10 00:00:00.000000,11805
RM0109,Recurring Deposit,2025-03-09 00:00:00.000000,109457
RM0233,Current Account,2023-10-22 00:00:00.000000,32311
RM0224,Mutual Funds,2025-03-05 00:00:00.000000,60990
RM0045,Fixed Deposit,2024-09-21 00:00:00.000000,139360
RM0015,Life Insurance,2020-06-26 00:00:00.000000,137680
RM0156,Loan Against Property,2022-01-15 00:00:00.000000,18226
RM0073,Current Account,2023-05-14 00:00:00.000000,51845
RM0244,Fixed Deposit,2022-09-11 00:00:00.000000,82287
RM0057,Recurring Deposit,2025-01-01 00:00:00.000000,80854
RM0188,Fixed Deposit,2026-06-14 00:00:00.000000,47288
RM0135,Credit Card,2020-10-27 00:00:00.000000,59006
RM0224,Health Insurance,2024-10-25 10:32:43.362832,80843
RM0106,Gold Investment,2021-04-12 00:00:00.000000,101951
RM0032,Credit Card,2020-02-08 00:00:00.000000,81734
RM0070,Mutual Funds,2025-01-01 10:32:43.362864,31848
RM0137,Health Insurance,2024-09-19 00:00:00.000000,296093
RM0023,Current Account,2024-05-02 00:00:00.000000,38502
RM0104,Current Account,2025-08-07 00:00:00.000000,11238
RM0207,Saving Account,2019-10-01 00:00:00.000000,32519
RM0194,Mutual Funds,2023-05-01 00:00:00.000000,16835
RM0102,Loan Against Property,2019-03-21 00:00:00.000000,16473
RM0237,Current Account,2022-05-22 00:00:00.000000,26531
RM0213,Current Account,2021-07-28 00:00:00.000000,12742
RM0244,Gold Investment,2022-10-18 00:00:00.000000,68319
RM0139,ULIP,2021-01-13 00:00:00.000000,13843
RM0096,ULIP,2022-01-26 00:00:00.000000,21363
RM0204,Current Account,2024-07-21 00:00:00.000000,14875
RM0009,Term Insurance,2022-03-27 00:00:00.000000,13262
RM0166,Credit Card,2025-10-26 00:00:00.000000,25581
RM0218,ULIP,2022-04-14 00:00:00.000000,52419
RM0035,Mutual Funds,2021-04-12 00:00:00.000000,177173
RM0025,Fixed Deposit,2025-04-26 00:00:00.000000,114195
RM0168,Saving Account,2023-03-15 00:00:00.000000,114347
RM0092,Mutual Funds,2024-10-22 10:32:43.362903,19683
RM0188,Saving Account,2021-10-13 00:00:00.000000,25387
RM0205,Current Account,2023-09-23 00:00:00.000000,13973
RM0023,Health Insurance,2021-01-21 00:00:00.000000,85359
RM0014,Credit Card,2019-07-02 00:00:00.000000,13618
RM0048,Term Insurance,2025-12-09 00:00:00.000000,50674
RM0227,Credit Card,2023-02-04 00:00:00.000000,24242
RM0214,Fixed Deposit,2022-03-13 00:00:00.000000,23949
RM0203,Recurring Deposit,2024-05-06 00:00:00.000000,97672
RM0066,Loan Against Property,2021-12-15 00:00:00.000000,244021
RM0108,Mutual Funds,2024-04-07 00:00:00.000000,80689
RM0049,Term Insurance,2021-04-10 00:00:00.000000,100681
RM0164,Gold Investment,2023-06-30 00:00:00.000000,52429
RM0250,Current Account,2023-10-01 00:00:00.000000,112402
RM0242,Current Account,2019-11-07 00:00:00.000000,61851
RM0109,Term Insurance,2025-04-23 00:00:00.000000,156099
RM0003,ULIP,2024-03-14 00:00:00.000000,26518
RM0208,Fixed Deposit,2022-03-07 00:00:00.000000,55232
RM0157,Health Insurance,2019-01-30 00:00:00.000000,68580
RM0095,Fixed Deposit,2024-11-20 00:00:00.000000,34956
RM0175,Mutual Funds,2025-10-11 00:00:00.000000,115891
RM0133,Health Insurance,2019-05-28 00:00:00.000000,205111
RM0058,Saving Account,2019-03-09 00:00:00.000000,44038
RM0192,Term Insurance,2025-04-14 00:00:00.000000,34767
RM0211,Life Insurance,2020-07-23 00:00:00.000000,11036
RM0051,Loan Against Property,2019-11-22 00:00:00.000000,41927
RM0018,Loan Against Property,2024-09-17 00:00:00.000000,105776
RM0142,Current Account,2024-04-05 00:00:00.000000,61847
RM0216,Health Insurance,2025-03-28 00:00:00.000000,12290
RM0090,Recurring Deposit,2024-07-09 00:00:00.000000,49062
RM0047,Gold Investment,2026-01-06 00:00:00.000000,10872
RM0246,Recurring Deposit,2025-04-11 00:00:00.000000,85374
RM0237,Credit Card,2021-10-08 00:00:00.000000,29898
RM0040,Recurring Deposit,2019-03-13 00:00:00.000000,41933
RM0103,Gold Investment,2023-06-04 00:00:00.000000,90142
RM0234,Mutual Funds,2021-06-27 00:00:00.000000,12378
RM0170,Term Insurance,2023-01-16 00:00:00.000000,18630
RM0092,ULIP,2023-08-02 00:00:00.000000,35371
RM0153,Saving Account,2020-03-21 00:00:00.000000,23063
RM0242,Saving Account,2020-07-27 00:00:00.000000,30617
RM0120,Current Account,2021-07-09 00:00:00.000000,325301
RM0171,Term Insurance,2019-11-27 00:00:00.000000,97267
RM0205,Loan Against Property,2024-12-10 00:00:00.000000,117665
RM0002,Fixed Deposit,2022-02-16 00:00:00.000000,148274
RM0233,Recurring Deposit,2022-12-20 00:00:00.000000,30846
RM0041,Recurring Deposit,2020-11-27 00:00:00.000000,27625
RM0177,Health Insurance,2022-12-23 00:00:00.000000,23332
RM0158,Credit Card,2025-11-07 00:00:00.000000,98632
RM0092,Mutual Funds,2022-07-03 00:00:00.000000,66901
RM0177,Gold Investment,2022-07-12 00:00:00.000000,53459
RM0063,Loan Against Property,2021-09-13 00:00:00.000000,23470
RM0003,Credit Card,2023-09-17 00:00:00.000000,33659
RM0145,Current Account,2023-09-10 00:00:00.000000,45333
RM0151,ULIP,2020-12-10 00:00:00.000000,47553
RM0044,Mutual Funds,2021-02-20 00:00:00.000000,119788
RM0115,Recurring Deposit,2019-10-29 00:00:00.000000,33947
RM0220,Life Insurance,2025-08-12 00:00:00.000000,129583
RM0092,ULIP,2022-07-12 00:00:00.000000,39113
RM0245,Current Account,2024-11-01 00:00:00.000000,78594
RM0239,Health Insurance,2024-07-27 00:00:00.000000,143144
RM0121,Loan Against Property,2020-10-03 00:00:00.000000,129068
RM0016,Saving Account,2023-09-12 00:00:00.000000,12931
RM0006,Life Insurance,2025-12-18 00:00:00.000000,21514
RM0006,Credit Card,2022-04-27 00:00:00.000000,42399
RM0180,Current Account,2023-06-24 00:00:00.000000,38242
RM0187,Fixed Deposit,2020-10-19 00:00:00.000000,61206
RM0201,Saving Account,2021-07-10 00:00:00.000000,154757
RM0250,Credit Card,2026-01-04 10:32:43.362959,15961
RM0173,Fixed Deposit,2020-09-11 00:00:00.000000,40061
RM0187,Current Account,2024-12-27 00:00:00.000000,20685
RM0195,Saving Account,2024-11-25 00:00:00.000000,122266
RM0190,Recurring Deposit,2022-06-29 00:00:00.000000,177024
RM0207,Saving Account,2024-11-24 00:00:00.000000,42571
RM0069,Gold Investment,2023-06-29 00:00:00.000000,15491
RM0055,Recurring Deposit,2022-01-27 00:00:00.000000,86924
RM0044,Saving Account,2019-07-11 00:00:00.000000,69724
RM0157,ULIP,2024-08-21 00:00:00.000000,31899
RM0068,Fixed Deposit,2025-03-12 00:00:00.000000,119198
RM0102,Health Insurance,2026-04-12 00:00:00.000000,196136
RM0115,Recurring Deposit,2023-05-26 00:00:00.000000,50805
RM0019,Saving Account,2021-11-08 00:00:00.000000,51704
RM0038,Saving Account,2026-06-24 00:00:00.000000,27656
RM0003,Current Account,2025-09-01 00:00:00.000000,53914
RM0247,Fixed Deposit,2024-10-16 00:00:00.000000,38958
RM0158,Recurring Deposit,2019-07-03 00:00:00.000000,88888888
RM0204,Loan Against Property,2026-06-08 10:32:43.362996,27990
RM0180,Life Insurance,2026-07-24 00:00:00.000000,13477
RM0029,Fixed Deposit,2023-02-25 00:00:00.000000,24564
RM0179,Mutual Funds,2021-03-27 00:00:00.000000,21023
RM0014,Current Account,2025-01-11 00:00:00.000000,49048
RM0079,Saving Account,2021-11-15 00:00:00.000000,56023
RM0113,Term Insurance,2021-09-29 00:00:00.000000,56897
RM0198,Current Account,2023-02-05 00:00:00.000000,34565
RM0181,Current Account,2026-07-26 00:00:00.000000,37342
RM0022,Loan Against Property,2025-07-17 00:00:00.000000,99860
RM0177,Saving Account,2024-06-11 00:00:00.000000,42335
RM0135,Health Insurance,2026-01-05 00:00:00.000000,230206
RM0095,Current Account,2024-05-20 00:00:00.000000,38956
RM0141,Loan Against Property,2022-01-26 00:00:00.000000,62431
RM0151,ULIP,2020-05-15 00:00:00.000000,12583
RM0234,Mutual Funds,2023-11-17 00:00:00.000000,62970
RM0013,Term Insurance,2024-12-19 00:00:00.000000,105333
RM0186,Life Insurance,2020-04-18 00:00:00.000000,152761
RM0023,Recurring Deposit,2024-10-01 00:00:00.000000,306108
RM0052,Term Insurance,2022-04-08 00:00:00.000000,26576
RM0003,Loan Against Property,2023-10-27 00:00:00.000000,52826
RM0241,Life Insurance,2019-05-24 00:00:00.000000,39957
RM0063,Saving Account,2020-01-08 00:00:00.000000,51484
RM0042,Loan Against Property,2020-02-10 00:00:00.000000,18566
RM0022,Mutual Funds,2025-08-16 00:00:00.000000,106949
RM0095,Life Insurance,2023-12-11 00:00:00.000000,130158
RM0220,Current Account,2024-04-19 00:00:00.000000,39861
RM0020,Credit Card,2019-01-21 00:00:00.000000,26455
RM0202,Saving Account,2019-10-05 00:00:00.000000,17589
RM0089,Fixed Deposit,2025-12-10 00:00:00.000000,67563
RM0124,Saving Account,2023-08-31 00:00:00.000000,28715
RM0201,Term Insurance,2020-03-31 00:00:00.000000,130141
RM0047,Gold Investment,2024-11-03 10:32:43.363039,65586
RM0220,Fixed Deposit,2021-06-18 00:00:00.000000,61878
RM0106,Mutual Funds,2024-09-25 10:32:43.363072,50981
RM0177,Credit Card,2023-04-16 00:00:00.000000,12342
RM0148,Fixed Deposit,2020-10-26 00:00:00.000000,144355
RM0198,Credit Card,2024-07-11 00:00:00.000000,59434
RM0118,Fixed Deposit,2023-08-30 00:00:00.000000,266319
RM0199,Saving Account,2025-03-25 00:00:00.000000,48539
RM0120,Life Insurance,2021-11-04 00:00:00.000000,71912
RM0204,Loan Against Property,2026-07-08 00:00:00.000000,12892
RM0093,Loan Against Property,2025-09-06 00:00:00.000000,59947
RM0104,Term Insurance,2025-10-03 00:00:00.000000,82333
RM0038,Saving Account,2026-02-09 00:00:00.000000,85369
RM0146,Gold Investment,2025-10-07 00:00:00.000000,83508
RM0039,Health Insurance,2022-02-02 00:00:00.000000,22827
RM0200,Gold Investment,2024-05-06 00:00:00.000000,195247
RM0140,Life Insurance,2022-08-24 00:00:00.000000,276771
RM0049,Fixed Deposit,2024-08-29 00:00:00.000000,13930
RM0084,Fixed Deposit,2024-10-10 00:00:00.000000,147793
RM0223,ULIP,2022-04-04 00:00:00.000000,27085
RM0019,Life Insurance,2026-03-08 10:32:43.363109,68443
RM0123,Life Insurance,2023-12-18 00:00:00.000000,30632
RM0086,Life Insurance,2024-04-03 00:00:00.000000,181718
RM0211,Life Insurance,2019-12-30 00:00:00.000000,15351
RM0051,Term Insurance,2023-04-20 00:00:00.000000,44432
RM0060,Fixed Deposit,2025-09-02 00:00:00.000000,37934
RM0224,Term Insurance,2022-09-11 00:00:00.000000,29727
RM0126,Credit Card,2022-03-02 00:00:00.000000,61857
RM0084,Recurring Deposit,2023-12-17 00:00:00.000000,17023
RM0043,Fixed Deposit,2024-08-11 00:00:00.000000,73055
RM0009,Saving Account,2022-12-10 00:00:00.000000,207103
RM0081,Recurring Deposit,2025-02-03 00:00:00.000000,91624
RM0122,Recurring Deposit,2021-11-03 00:00:00.000000,108311
RM0096,Health Insurance,2025-01-16 00:00:00.000000,32285
RM0057,Loan Against Property,2020-11-26 00:00:00.000000,417071
RM0100,Life Insurance,2025-02-09 00:00:00.000000,29643
RM0061,Health Insurance,2021-10-27 00:00:00.000000,46391
RM0022,Recurring Deposit,2022-02-22 00:00:00.000000,12340
RM0160,Term Insurance,2022-07-03 00:00:00.000000,155347
RM0181,Gold Investment,2024-07-29 00:00:00.000000,17761
RM0128,Fixed Deposit,2025-05-25 00:00:00.000000,126658
RM0073,Saving Account,2024-09-19 10:32:43.363148,14364
RM0067,Mutual Funds,2024-08-25 00:00:00.000000,96474
RM0062,Saving Account,2019-09-05 00:00:00.000000,18241
RM0090,Saving Account,2026-02-19 00:00:00.000000,11943
RM0085,Loan Against Property,2020-07-01 00:00:00.000000,73557
RM0139,Credit Card,2025-02-05 00:00:00.000000,26443
RM0071,Recurring Deposit,2024-04-15 00:00:00.000000,72674
RM0071,Fixed Deposit,2023-04-29 00:00:00.000000,50493
RM0020,Life Insurance,2024-12-20 10:32:43.363181,15759
RM0049,ULIP,2025-05-16 00:00:00.000000,144508
RM0125,Recurring Deposit,2026-05-11 00:00:00.000000,40102
RM0131,Mutual Funds,2021-01-14 00:00:00.000000,76297
RM0147,Fixed Deposit,2023-11-24 00:00:00.000000,44759
RM0109,Fixed Deposit,2024-06-02 00:00:00.000000,56362
RM0058,Fixed Deposit,2020-06-11 00:00:00.000000,28032
RM0129,Credit Card,2025-04-27 00:00:00.000000,21179
RM0206,Life Insurance,2022-08-26 00:00:00.000000,49106
RM0013,Gold Investment,2026-02-11 00:00:00.000000,39010
RM0092,Term Insurance,2020-05-28 00:00:00.000000,34724
RM0239,Term Insurance,2024-07-25 00:00:00.000000,65823
RM0152,ULIP,2024-08-19 00:00:00.000000,68640
RM0110,Health Insurance,2019-10-28 00:00:00.000000,12350
RM0157,Fixed Deposit,2020-03-06 00:00:00.000000,30680
RM0247,Mutual Funds,2026-03-24 10:32:43.363217,36531
RM0065,Term Insurance,2024-06-11 00:00:00.000000,15095
RM0068,Life Insurance,2021-06-04 00:00:00.000000,23452
RM0183,Fixed Deposit,2020-06-15 00:00:00.000000,12651
RM0053,Life Insurance,2020-11-07 00:00:00.000000,289194
RM0154,Recurring Deposit,2025-05-28 00:00:00.000000,76695
RM0224,Health Insurance,2025-10-16 00:00:00.000000,14575
RM0063,ULIP,2026-02-10 00:00:00.000000,11022
RM0027,Loan Against Property,2019-04-17 00:00:00.000000,73521
RM0182,Current Account,2020-08-28 00:00:00.000000,38918
RM0200,ULIP,2023-09-17 00:00:00.000000,87275
RM0242,Mutual Funds,2019-10-17 00:00:00.000000,138507
RM0137,Term Insurance,2023-03-02 00:00:00.000000,55727
RM0119,Fixed Deposit,2022-11-07 00:00:00.000000,20357
RM0200,Fixed Deposit,2026-06-05 00:00:00.000000,86207
RM0217,Credit Card,2019-02-23 00:00:00.000000,165964
RM0194,Credit Card,2019-03-30 00:00:00.000000,53402
RM0031,Recurring Deposit,2024-02-28 00:00:00.000000,67284
RM0002,Saving Account,2025-02-26 00:00:00.000000,30584
RM0109,Recurring Deposit,2023-05-07 00:00:00.000000,34025
RM0107,Loan Against Property,2020-01-11 00:00:00.000000,76336
RM0212,Health Insurance,2024-05-29 00:00:00.000000,141395
RM0138,Term Insurance,2022-12-28 00:00:00.000000,59576
RM0079,Credit Card,2024-08-27 10:32:43.363274,87996
RM0247,Mutual Funds,2022-04-30 00:00:00.000000,19415
RM0067,Mutual Funds,2021-01-23 00:00:00.000000,21910
RM0075,ULIP,2023-11-21 00:00:00.000000,47968
RM0213,Health Insurance,2022-04-17 00:00:00.000000,19712
RM0126,Gold Investment,2019-03-18 00:00:00.000000,60392
RM0224,Current Account,2021-01-18 00:00:00.000000,27241
RM0207,Saving Account,2024-02-21 00:00:00.000000,88398
RM0072,Mutual Funds,2022-03-14 00:00:00.000000,92541
RM0094,Mutual Funds,2019-04-17 00:00:00.000000,41161
RM0031,Health Insurance,2025-06-20 00:00:00.000000,19972
RM0135,Credit Card,2022-02-08 00:00:00.000000,62032
RM0177,Loan Against Property,2026-07-17 00:00:00.000000,256593
RM0245,Life Insurance,2025-09-14 00:00:00.000000,58721
RM0064,Recurring Deposit,2026-03-16 00:00:00.000000,11821
RM0028,Credit Card,2026-06-12 00:00:00.000000,10872
RM0150,Health Insurance,2025-08-11 00:00:00.000000,29309
RM0149,Credit Card,2021-06-29 00:00:00.000000,20894
RM0129,Recurring Deposit,2023-08-19 00:00:00.000000,93846
RM0232,Credit Card,2024-02-04 00:00:00.000000,103153
RM0057,ULIP,2024-07-17 00:00:00.000000,24962
RM0098,Fixed Deposit,2023-12-22 00:00:00.000000,29699
RM0234,ULIP,2023-05-21 00:00:00.000000,23475
RM0098,Saving Account,2024-02-16 00:00:00.000000,129506
RM0008,Current Account,2024-03-28 00:00:00.000000,44922
RM0203,Recurring Deposit,2020-11-13 00:00:00.000000,63375
RM0096,Fixed Deposit,2020-05-17 00:00:00.000000,36848
RM0244,Credit Card,2022-05-14 00:00:00.000000,59849
RM0069,Loan Against Property,2024-02-15 00:00:00.000000,34376
RM0049,ULIP,2020-09-24 00:00:00.000000,30751
RM0095,Current Account,2026-02-06 00:00:00.000000,60321
RM0001,Saving Account,2025-11-05 00:00:00.000000,54709
RM0161,Current Account,2020-07-21 00:00:00.000000,27373
RM0219,Current Account,2025-01-02 00:00:00.000000,18087
RM0109,Gold Investment,2026-07-01 10:32:43.363327,32988
RM0059,Loan Against Property,2019-09-19 00:00:00.000000,36824
RM0118,Fixed Deposit,2024-08-18 00:00:00.000000,59535
RM0207,Term Insurance,2020-05-20 00:00:00.000000,132978
RM0235,Fixed Deposit,2021-03-15 00:00:00.000000,11842
RM0060,Loan Against Property,2020-02-13 00:00:00.000000,23963
RM0198,Fixed Deposit,2023-12-26 00:00:00.000000,20765
RM0062,Fixed Deposit,2023-10-29 00:00:00.000000,44887
RM0183,Current Account,2019-11-17 00:00:00.000000,38079
RM0051,Health Insurance,2019-01-14 00:00:00.000000,75288
RM0104,ULIP,2024-06-08 00:00:00.000000,13583
RM0082,Recurring Deposit,2019-03-14 00:00:00.000000,23881
RM0114,Gold Investment,2019-02-12 00:00:00.000000,59642
RM0016,Loan Against Property,2020-09-14 00:00:00.000000,55131
RM0190,Mutual Funds,2024-10-07 00:00:00.000000,117646
RM0115,Fixed Deposit,2022-04-08 00:00:00.000000,130775
RM0108,Life Insurance,2026-06-07 00:00:00.000000,169447
RM0084,Health Insurance,2023-01-24 00:00:00.000000,84197
RM0236,Gold Investment,2023-01-13 00:00:00.000000,128216
RM0248,Term Insurance,2023-12-29 00:00:00.000000,23363
RM0206,Loan Against Property,2019-04-27 00:00:00.000000,21006
RM0249,Current Account,2022-02-16 00:00:00.000000,10325
RM0119,ULIP,2019-09-15 00:00:00.000000,71352
RM0128,Life Insurance,2025-01-14 00:00:00.000000,148603
RM0138,Life Insurance,2023-11-29 00:00:00.000000,20347
RM0211,ULIP,2025-07-08 00:00:00.000000,60659
RM0236,Loan Against Property,2022-10-30 00:00:00.000000,78611
RM0030,Loan Against Property,2022-01-03 00:00:00.000000,141287
RM0197,Mutual Funds,2024-12-03 00:00:00.000000,62044
RM0024,Life Insurance,2022-10-10 00:00:00.000000,185819
RM0198,Saving Account,2024-01-14 00:00:00.000000,31131
RM0064,ULIP,2019-09-18 00:00:00.000000,31533
RM0011,Health Insurance,2023-02-24 00:00:00.000000,49154
RM0189,Current Account,2019-05-10 00:00:00.000000,34185
RM0149,Current Account,2024-12-29 00:00:00.000000,10071
RM0205,Saving Account,2023-06-03 00:00:00.000000,75795
RM0201,Fixed Deposit,2021-08-02 00:00:00.000000,79659
RM0157,Health Insurance,2024-06-10 00:00:00.000000,78713
RM0039,Mutual Funds,2023-06-28 00:00:00.000000,31157
RM0040,Term Insurance,2025-03-17 00:00:00.000000,46937
RM0124,ULIP,2025-12-11 00:00:00.000000,32312
RM0222,Recurring Deposit,2025-06-26 00:00:00.000000,10808
RM0033,Health Insurance,2020-06-20 00:00:00.000000,51328
RM0182,Saving Account,2021-10-23 00:00:00.000000,16605
RM0126,Gold Investment,2022-03-26 00:00:00.000000,14171
RM0150,Term Insurance,2026-07-22 00:00:00.000000,14414
RM0111,Current Account,2023-12-07 00:00:00.000000,80426
RM0183,Health Insurance,2021-08-05 00:00:00.000000,10477
RM0050,Saving Account,2020-06-26 00:00:00.000000,169719
RM0209,Recurring Deposit,2021-02-24 00:00:00.000000,46206
RM0169,Current Account,2020-03-30 00:00:00.000000,213775
RM0094,Life Insurance,2019-06-01 00:00:00.000000,12987
RM0076,Term Insurance,2023-01-23 00:00:00.000000,53796
RM0182,Current Account,2020-05-05 00:00:00.000000,31487
RM0071,Fixed Deposit,2023-04-30 00:00:00.000000,102729
RM0032,Saving Account,2023-04-28 00:00:00.000000,32409
RM0012,Term Insurance,2019-04-06 00:00:00.000000,25088
RM0015,Fixed Deposit,2022-11-18 00:00:00.000000,88888888
RM0121,ULIP,2019-03-05 00:00:00.000000,107439
RM0201,Fixed Deposit,2020-06-04 00:00:00.000000,33472
RM0249,Health Insurance,2020-07-06 00:00:00.000000,10848
RM0138,Fixed Deposit,2024-08-04 00:00:00.000000,34738
RM0119,Life Insurance,2019-11-29 00:00:00.000000,63141
RM0183,Recurring Deposit,2023-02-20 00:00:00.000000,24675
RM0244,Life Insurance,2022-03-08 00:00:00.000000,38280
RM0062,Fixed Deposit,2019-06-26 00:00:00.000000,12919
RM0017,Loan Against Property,2025-10-21 00:00:00.000000,54347
RM0056,Health Insurance,2019-02-14 00:00:00.000000,80589
RM0109,ULIP,2023-04-17 00:00:00.000000,36663
RM0039,ULIP,2019-11-03 00:00:00.000000,37256
RM0216,Saving Account,2024-09-10 00:00:00.000000,14621
RM0218,Term Insurance,2021-06-20 00:00:00.000000,21278
RM0078,Health Insurance,2023-12-25 00:00:00.000000,18401
RM0099,Life Insurance,2024-10-14 00:00:00.000000,42858
RM0158,Loan Against Property,2026-08-08 00:00:00.000000,47671
RM0177,Loan Against Property,2019-03-18 00:00:00.000000,158737
RM0146,Fixed Deposit,2024-12-06 10:32:43.363387,13802
RM0086,Health Insurance,2023-03-22 00:00:00.000000,55798
RM0035,ULIP,2024-09-24 00:00:00.000000,47380
RM0100,Gold Investment,2026-02-20 00:00:00.000000,46307
RM0056,Term Insurance,2023-11-10 00:00:00.000000,113241
RM0236,Saving Account,2023-12-16 00:00:00.000000,21504
RM0186,Health Insurance,2024-09-16 00:00:00.000000,12081
RM0140,Fixed Deposit,2024-02-09 00:00:00.000000,65778
RM0181,Loan Against Property,2021-06-17 00:00:00.000000,31168
RM0054,Term Insurance,2025-01-08 00:00:00.000000,10887
RM0153,Current Account,2025-07-09 10:32:43.363422,24475
RM0219,Current Account,2019-02-11 00:00:00.000000,13278
RM0020,Recurring Deposit,2024-09-04 00:00:00.000000,28504
RM0096,Mutual Funds,2026-07-26 00:00:00.000000,57964
RM0052,Saving Account,2026-06-22 00:00:00.000000,19472
RM0225,Recurring Deposit,2024-01-06 00:00:00.000000,36641
RM0217,Recurring Deposit,2026-04-13 00:00:00.000000,42934
RM0079,Gold Investment,2026-01-21 10:32:43.363455,30757
RM0165,Loan Against Property,2019-06-27 00:00:00.000000,40738
RM0020,Mutual Funds,2019-10-03 00:00:00.000000,192369
RM0245,Health Insurance,2026-01-04 00:00:00.000000,12328
RM0146,Current Account,2019-08-24 00:00:00.000000,160764
RM0074,Health Insurance,2025-01-25 00:00:00.000000,53606
RM0104,Health Insurance,2025-08-29 00:00:00.000000,89415
RM0072,Fixed Deposit,2020-09-16 00:00:00.000000,38140
RM0242,Life Insurance,2024-10-17 10:32:43.363488,40241
RM0134,Mutual Funds,2020-05-21 00:00:00.000000,115733
RM0174,Fixed Deposit,2023-12-29 00:00:00.000000,123136
RM0057,Saving Account,2026-08-08 00:00:00.000000,23635
RM0185,Saving Account,2022-02-02 00:00:00.000000,24603
RM0117,ULIP,2021-05-31 00:00:00.000000,21109
RM0086,Credit Card,2024-12-04 00:00:00.000000,44282
RM0078,Gold Investment,2021-08-01 00:00:00.000000,125267
RM0002,Mutual Funds,2019-03-07 00:00:00.000000,29456
RM0238,Mutual Funds,2024-07-02 00:00:00.000000,62779
RM0171,Saving Account,2023-08-08 00:00:00.000000,71576
RM0171,ULIP,2019-07-04 00:00:00.000000,85406
RM0233,ULIP,2025-10-16 10:32:43.363522,51496
RM0155,Recurring Deposit,2020-05-05 00:00:00.000000,35746
RM0213,Term Insurance,2024-05-01 00:00:00.000000,180586
RM0104,Gold Investment,2020-08-17 00:00:00.000000,57251
RM0003,Life Insurance,2019-12-03 00:00:00.000000,75201
RM0133,Saving Account,2023-08-15 00:00:00.000000,31154
RM0164,Gold Investment,2020-12-04 00:00:00.000000,65425
RM0121,Recurring Deposit,2021-02-06 00:00:00.000000,24906
RM0154,Mutual Funds,2020-05-23 00:00:00.000000,24058
RM0064,Loan Against Property,2023-02-23 00:00:00.000000,72714
RM0131,Recurring Deposit,2024-10-11 00:00:00.000000,68090
RM0020,Gold Investment,2023-05-01 00:00:00.000000,46843
RM0209,Health Insurance,2020-01-28 00:00:00.000000,67486
RM0245,Credit Card,2021-11-10 00:00:00.000000,25697
RM0107,Credit Card,2024-06-28 00:00:00.000000,55655
RM0207,Mutual Funds,2023-12-07 00:00:00.000000,39343
RM0138,Recurring Deposit,2023-09-04 00:00:00.000000,55436
RM0158,Saving Account,2024-01-20 00:00:00.000000,27186
RM0209,Life Insurance,2019-11-20 00:00:00.000000,72842
RM0072,ULIP,2019-02-07 00:00:00.000000,91976
RM0241,ULIP,2022-09-05 00:00:00.000000,25049
RM0027,Mutual Funds,2022-02-22 00:00:00.000000,27878
RM0219,Loan Against Property,2022-02-14 00:00:00.000000,64110
RM0126,Gold Investment,2022-11-30 00:00:00.000000,69468
RM0034,Health Insurance,2024-10-21 00:00:00.000000,70886
RM0247,ULIP,2023-09-23 00:00:00.000000,67395
RM0223,Health Insurance,2020-03-31 00:00:00.000000,34945
RM0029,Fixed Deposit,2020-02-28 00:00:00.000000,35114
RM0139,Gold Investment,2019-06-06 00:00:00.000000,24706
RM0207,Health Insurance,2023-06-30 00:00:00.000000,18529
RM0013,Credit Card,2019-10-10 00:00:00.000000,68976
RM0089,Loan Against Property,2019-04-12 00:00:00.000000,14891
RM0239,Fixed Deposit,2020-04-22 00:00:00.000000,148863
RM0091,Mutual Funds,2025-02-13 10:32:43.363565,97632
RM0241,Saving Account,2020-11-14 00:00:00.000000,107422
RM0082,Current Account,2024-07-08 00:00:00.000000,128580
RM0019,Life Insurance,2025-01-26 00:00:00.000000,36263
RM0069,Term Insurance,2025-06-14 00:00:00.000000,103768
RM0143,Gold Investment,2019-12-01 00:00:00.000000,18602
RM0171,Current Account,2026-05-08 00:00:00.000000,11093
RM0183,Term Insurance,2026-01-12 00:00:00.000000,86830
RM0031,Health Insurance,2025-08-29 00:00:00.000000,15005
RM0207,Term Insurance,2020-02-07 00:00:00.000000,88888888
RM0155,Loan Against Property,2026-04-23 00:00:00.000000,13887
RM0049,Recurring Deposit,2019-12-16 00:00:00.000000,233377
RM0051,Saving Account,2024-09-04 00:00:00.000000,66165
RM0007,Saving Account,2021-05-19 00:00:00.000000,80009
RM0199,Mutual Funds,2021-07-03 00:00:00.000000,24105
RM0198,Health Insurance,2025-04-09 00:00:00.000000,66022
RM0130,Saving Account,2024-07-20 00:00:00.000000,12209
RM0244,ULIP,2023-02-21 00:00:00.000000,100954
RM0063,Gold Investment,2024-03-05 00:00:00.000000,19293
RM0041,Recurring Deposit,2024-03-08 00:00:00.000000,69760
RM0151,Loan Against Property,2026-05-19 00:00:00.000000,22711
RM0039,Health Insurance,2025-02-10 00:00:00.000000,13545
RM0176,Fixed Deposit,2022-07-17 00:00:00.000000,42840
RM0051,Recurring Deposit,2019-03-03 00:00:00.000000,19273
RM0017,Recurring Deposit,2022-10-17 00:00:00.000000,75363
RM0138,ULIP,2021-06-09 00:00:00.000000,23561
RM0161,Current Account,2021-12-06 00:00:00.000000,30963
RM0087,Loan Against Property,2026-03-21 00:00:00.000000,51901
RM0245,Recurring Deposit,2023-04-11 00:00:00.000000,26771
RM0172,Current Account,2022-03-28 00:00:00.000000,33739
RM0044,ULIP,2021-10-07 00:00:00.000000,94538
RM0211,Recurring Deposit,2026-05-26 00:00:00.000000,19874
RM0052,Loan Against Property,2023-10-04 00:00:00.000000,14288
RM0055,Term Insurance,2026-01-17 00:00:00.000000,29901
RM0138,ULIP,2025-06-28 00:00:00.000000,37615
RM0138,Loan Against Property,2020-03-18 00:00:00.000000,49116
RM0064,Current Account,2026-03-22 00:00:00.000000,33294
RM0220,Recurring Deposit,2021-05-01 00:00:00.000000,88011
RM0167,Health Insurance,2026-03-07 00:00:00.000000,12005
RM0079,Life Insurance,2019-07-15 00:00:00.000000,38261
RM0181,Term Insurance,2022-09-09 00:00:00.000000,34084
RM0165,Gold Investment,2024-04-28 00:00:00.000000,62146
RM0063,Health Insurance,2024-02-24 00:00:00.000000,179477
RM0105,Current Account,2020-10-04 00:00:00.000000,45705
RM0061,Gold Investment,2023-12-01 00:00:00.000000,226668
RM0048,Current Account,2025-09-15 10:32:43.363612,27994
RM0048,Credit Card,2022-01-30 00:00:00.000000,88888888
RM0075,Current Account,2023-10-02 00:00:00.000000,11567
RM0190,Life Insurance,2019-02-13 00:00:00.000000,19055
RM0015,ULIP,2023-08-23 00:00:00.000000,35136
RM0241,ULIP,2021-07-22 00:00:00.000000,29014
RM0128,Life Insurance,2026-05-25 00:00:00.000000,15104
RM0116,Mutual Funds,2022-12-07 00:00:00.000000,38339
RM0060,Fixed Deposit,2025-10-29 00:00:00.000000,30633
RM0094,Mutual Funds,2024-01-26 00:00:00.000000,16540
RM0238,Health Insurance,2019-03-24 00:00:00.000000,27557
RM0047,Term Insurance,2022-09-11 00:00:00.000000,118769
RM0202,Recurring Deposit,2019-02-09 00:00:00.000000,27980
RM0098,Fixed Deposit,2025-01-26 00:00:00.000000,72580
RM0132,Credit Card,2024-01-29 00:00:00.000000,57343
RM0220,Credit Card,2025-05-27 00:00:00.000000,37859
RM0224,Recurring Deposit,2020-10-13 00:00:00.000000,23657
RM0121,Fixed Deposit,2023-03-13 00:00:00.000000,33023
RM0092,Fixed Deposit,2020-09-22 00:00:00.000000,54837
RM0141,Term Insurance,2022-07-15 00:00:00.000000,31597
RM0065,Gold Investment,2025-12-30 00:00:00.000000,22096
RM0226,ULIP,2020-07-04 00:00:00.000000,16191
RM0039,Gold Investment,2024-08-30 00:00:00.000000,115916
RM0084,Health Insurance,2020-12-28 00:00:00.000000,39018
RM0101,Current Account,2021-11-16 00:00:00.000000,11728
RM0233,Term Insurance,2021-04-20 00:00:00.000000,59069
RM0217,Current Account,2024-05-30 00:00:00.000000,43707
RM0239,Mutual Funds,2019-07-14 00:00:00.000000,113008
RM0207,Saving Account,2020-02-13 00:00:00.000000,49585
RM0058,Mutual Funds,2025-08-10 00:00:00.000000,42771
RM0066,Health Insurance,2020-02-11 00:00:00.000000,139248
RM0108,ULIP,2022-05-20 00:00:00.000000,73592
RM0006,Credit Card,2023-04-22 00:00:00.000000,15913
RM0155,Saving Account,2019-09-13 00:00:00.000000,19782
RM0083,Life Insurance,2020-08-02 00:00:00.000000,87352
RM0187,Recurring Deposit,2021-07-08 00:00:00.000000,100349
RM0185,Health Insurance,2022-02-22 00:00:00.000000,49393
RM0213,Fixed Deposit,2026-04-06 10:32:43.363657,48623
RM0003,Loan Against Property,2019-08-26 00:00:00.000000,50422
RM0222,Current Account,2021-03-30 00:00:00.000000,59974
RM0088,Health Insurance,2020-12-05 00:00:00.000000,38912
RM0001,Fixed Deposit,2026-06-01 10:32:43.363689,67002
RM0155,Current Account,2022-07-24 00:00:00.000000,15741
RM0064,Loan Against Property,2023-05-14 00:00:00.000000,172568
RM0241,ULIP,2021-08-30 00:00:00.000000,79345
RM0144,Fixed Deposit,2025-08-30 10:32:43.363720,59871
RM0059,Life Insurance,2024-02-23 00:00:00.000000,29013
RM0087,Current Account,2024-06-28 00:00:00.000000,18774
RM0027,Gold Investment,2026-05-06 10:32:43.363751,36325
RM0228,ULIP,2019-09-21 00:00:00.000000,64172
RM0065,Current Account,2019-02-17 00:00:00.000000,60216
RM0224,Gold Investment,2022-07-31 00:00:00.000000,34115
RM0174,Mutual Funds,2021-10-08 00:00:00.000000,57503
RM0237,Life Insurance,2020-03-14 00:00:00.000000,94032
RM0210,Term Insurance,2025-12-20 00:00:00.000000,11331
RM0095,ULIP,2019-04-06 00:00:00.000000,39948
RM0116,Loan Against Property,2025-05-20 00:00:00.000000,81055
RM0079,Current Account,2023-07-20 00:00:00.000000,49498
RM0003,Fixed Deposit,2020-02-12 00:00:00.000000,62702
RM0030,Credit Card,2024-12-19 10:32:43.363785,46353
RM0250,Life Insurance,2025-06-23 00:00:00.000000,250637
RM0056,Life Insurance,2020-09-17 00:00:00.000000,12808
RM0046,Gold Investment,2026-03-27 00:00:00.000000,43769
RM0053,Fixed Deposit,2025-04-26 00:00:00.000000,14793
RM0210,Term Insurance,2020-03-28 00:00:00.000000,18704
RM0192,Gold Investment,2020-05-14 00:00:00.000000,34147
RM0232,Loan Against Property,2026-07-12 00:00:00.000000,18452
RM0175,Saving Account,2025-03-18 10:32:43.363818,175779
RM0001,Current Account,2021-10-04 00:00:00.000000,156675
RM0115,ULIP,2020-02-13 00:00:00.000000,30481
RM0185,Credit Card,2023-07-27 00:00:00.000000,61047
RM0092,Saving Account,2021-09-16 00:00:00.000000,48152
RM0208,Gold Investment,2024-10-14 10:32:43.363850,94528
RM0206,Term Insurance,2023-11-09 00:00:00.000000,59368
RM0037,Current Account,2019-07-13 00:00:00.000000,10012
RM0075,Mutual Funds,2019-08-24 00:00:00.000000,82021
RM0077,Fixed Deposit,2022-06-04 00:00:00.000000,78688
RM0128,Life Insurance,2022-05-31 00:00:00.000000,45639
RM0135,Term Insurance,2022-01-16 00:00:00.000000,126610
RM0236,Term Insurance,2021-04-03 00:00:00.000000,129541
RM0101,Recurring Deposit,2023-05-19 00:00:00.000000,47107
RM0117,Term Insurance,2019-04-07 00:00:00.000000,56823
RM0047,ULIP,2020-10-10 00:00:00.000000,293065
RM0076,Health Insurance,2025-03-27 10:32:43.363884,27749
RM0021,Saving Account,2026-06-07 10:32:43.363914,29623
RM0043,Term Insurance,2019-01-11 00:00:00.000000,20091
RM0083,Health Insurance,2021-07-19 00:00:00.000000,123104
RM0249,Health Insurance,2023-07-23 00:00:00.000000,78224
RM0116,Mutual Funds,2019-09-06 00:00:00.000000,15582
RM0063,Saving Account,2025-04-10 00:00:00.000000,210227
RM0212,Life Insurance,2019-01-17 00:00:00.000000,75645
RM0051,Gold Investment,2024-09-29 00:00:00.000000,105030
RM0069,Loan Against Property,2023-10-04 00:00:00.000000,12467
RM0042,Mutual Funds,2019-03-16 00:00:00.000000,45155
RM0212,Saving Account,2025-10-28 00:00:00.000000,69965
RM0152,Saving Account,2025-06-13 00:00:00.000000,49147
RM0167,Fixed Deposit,2020-10-23 00:00:00.000000,64927
RM0040,Mutual Funds,2026-06-27 00:00:00.000000,95152
RM0233,Term Insurance,2019-09-21 00:00:00.000000,33447
RM0177,Gold Investment,2022-04-25 00:00:00.000000,104414
RM0167,Life Insurance,2024-12-23 00:00:00.000000,18891
RM0086,Credit Card,2019-09-26 00:00:00.000000,25796
RM0097,Gold Investment,2021-06-08 00:00:00.000000,12215
RM0143,Gold Investment,2026-02-10 00:00:00.000000,32661
RM0242,Current Account,2023-03-14 00:00:00.000000,33894
RM0207,ULIP,2024-03-30 00:00:00.000000,91807
RM0039,Mutual Funds,2021-11-06 00:00:00.000000,62940
RM0113,Health Insurance,2022-01-20 00:00:00.000000,38699
RM0147,Loan Against Property,2020-10-22 00:00:00.000000,62794
RM0056,Credit Card,2021-06-03 00:00:00.000000,12711
RM0163,Fixed Deposit,2026-06-29 00:00:00.000000,19939
RM0030,Health Insurance,2023-06-12 00:00:00.000000,59301
RM0110,Loan Against Property,2025-03-06 00:00:00.000000,61272
RM0170,Loan Against Property,2021-08-17 00:00:00.000000,84390
RM0076,Life Insurance,2023-04-25 00:00:00.000000,35791
RM0114,Recurring Deposit,2019-05-22 00:00:00.000000,74106
RM0220,Recurring Deposit,2021-08-16 00:00:00.000000,27734
RM0153,Health Insurance,2025-01-05 10:32:43.363956,67597
RM0248,ULIP,2024-04-25 00:00:00.000000,175376
RM0249,Health Insurance,2025-08-19 00:00:00.000000,22111
RM0055,Gold Investment,2022-06-22 00:00:00.000000,50112
RM0057,Credit Card,2026-05-02 00:00:00.000000,56035
RM0091,Loan Against Property,2019-04-18 00:00:00.000000,340304
RM0132,Recurring Deposit,2026-02-03 00:00:00.000000,21231
RM0106,Term Insurance,2024-11-10 00:00:00.000000,47034
RM0118,Current Account,2024-11-25 10:32:43.364063,31246
RM0225,Health Insurance,2022-08-12 00:00:00.000000,47316
RM0122,Current Account,2019-02-25 00:00:00.000000,23206
RM0055,ULIP,2024-01-21 00:00:00.000000,12439
RM0097,Fixed Deposit,2025-10-11 10:32:43.364119,52497
RM0018,Mutual Funds,2023-03-23 00:00:00.000000,30462
RM0146,ULIP,2019-08-16 00:00:00.000000,20041
RM0163,Health Insurance,2026-07-30 00:00:00.000000,29573
RM0193,Saving Account,2019-07-15 00:00:00.000000,12526
RM0119,Mutual Funds,2023-10-19 00:00:00.000000,160230
RM0034,Credit Card,2023-11-07 00:00:00.000000,53511
RM0092,Saving Account,2022-07-16 00:00:00.000000,94307
RM0036,Recurring Deposit,2025-01-12 00:00:00.000000,37505
RM0099,Fixed Deposit,2025-07-21 00:00:00.000000,126814
RM0193,Current Account,2023-07-07 00:00:00.000000,43016
RM0187,Life Insurance,2022-08-29 00:00:00.000000,52659
RM0161,Saving Account,2020-07-16 00:00:00.000000,43843
RM0250,Life Insurance,2025-12-16 10:32:43.364157,76077
RM0118,Fixed Deposit,2026-04-15 10:32:43.364187,51811
RM0081,Recurring Deposit,2024-06-04 00:00:00.000000,25845
RM0153,Gold Investment,2020-07-24 00:00:00.000000,17864
RM0236,Gold Investment,2025-04-12 00:00:00.000000,56586
RM0139,Fixed Deposit,2025-04-13 00:00:00.000000,43586
RM0035,Health Insurance,2023-06-29 00:00:00.000000,15044
RM0229,ULIP,2024-04-30 00:00:00.000000,35177
RM0039,Loan Against Property,2024-10-28 10:32:43.364221,46157
RM0021,Recurring Deposit,2021-11-27 00:00:00.000000,97692
RM0157,Health Insurance,2022-03-28 00:00:00.000000,88888888
RM0220,Health Insurance,2025-03-01 00:00:00.000000,13957
RM0145,Saving Account,2020-08-15 00:00:00.000000,31423
RM0172,Credit Card,2025-01-17 00:00:00.000000,96483
RM0043,Life Insurance,2026-04-18 10:32:43.364306,62266
RM0075,Recurring Deposit,2020-07-25 00:00:00.000000,27121
RM0161,Life Insurance,2019-09-09 00:00:00.000000,103324
RM0085,Life Insurance,2021-11-05 00:00:00.000000,43991
RM0030,ULIP,2025-08-05 00:00:00.000000,44492
RM0218,Current Account,2023-07-10 00:00:00.000000,197723
RM0101,Term Insurance,2025-09-13 00:00:00.000000,156983
RM0155,Health Insurance,2019-07-06 00:00:00.000000,32199
RM0114,Current Account,2021-01-22 00:00:00.000000,17574
RM0096,Fixed Deposit,2024-10-05 00:00:00.000000,29701
RM0058,Life Insurance,2024-05-10 00:00:00.000000,11547
RM0023,ULIP,2024-03-09 00:00:00.000000,11049
RM0117,Term Insurance,2020-08-27 00:00:00.000000,35169
RM0101,Fixed Deposit,2019-03-25 00:00:00.000000,151527
RM0146,Recurring Deposit,2021-06-19 00:00:00.000000,112535
RM0165,Gold Investment,2024-06-27 00:00:00.000000,45814
RM0139,Current Account,2025-06-10 00:00:00.000000,35516
RM0175,Mutual Funds,2026-01-30 10:32:43.364363,51646
RM0049,Health Insurance,2025-03-26 00:00:00.000000,10297
RM0248,Credit Card,2021-06-20 00:00:00.000000,22135
RM0242,Loan Against Property,2025-04-11 00:00:00.000000,11254
RM0036,ULIP,2021-09-18 00:00:00.000000,80230
RM0049,Health Insurance,2023-08-28 00:00:00.000000,17870
RM0148,Saving Account,2026-07-10 00:00:00.000000,88888888
RM0159,ULIP,2023-07-16 00:00:00.000000,111645
RM0083,Saving Account,2021-06-20 00:00:00.000000,61546
RM0062,Recurring Deposit,2026-07-21 00:00:00.000000,23030
RM0174,Term Insurance,2021-07-11 00:00:00.000000,18582
RM0211,Credit Card,2021-01-18 00:00:00.000000,46714
RM0164,Health Insurance,2022-05-30 00:00:00.000000,59392
RM0089,Credit Card,2022-10-14 00:00:00.000000,125549
RM0207,Gold Investment,2025-12-09 10:32:43.364399,73356
RM0057,Recurring Deposit,2025-01-01 00:00:00.000000,31427
RM0158,Credit Card,2019-01-09 00:00:00.000000,54261
RM0037,Health Insurance,2020-05-25 00:00:00.000000,28608
RM0022,Recurring Deposit,2019-06-02 00:00:00.000000,363488
RM0216,Recurring Deposit,2020-09-25 00:00:00.000000,79083
RM0113,Recurring Deposit,2022-09-08 00:00:00.000000,57645
RM0212,ULIP,2019-06-01 00:00:00.000000,37518
RM0065,ULIP,2023-05-29 00:00:00.000000,58136
RM0247,Gold Investment,2022-09-28 00:00:00.000000,30898
RM0118,Term Insurance,2024-06-16 00:00:00.000000,11464
RM0231,Life Insurance,2024-10-24 00:00:00.000000,35133
RM0248,Life Insurance,2024-01-06 00:00:00.000000,143307
RM0108,Mutual Funds,2025-11-06 00:00:00.000000,59215
RM0094,Recurring Deposit,2020-06-18 00:00:00.000000,14384
RM0105,ULIP,2024-12-25 00:00:00.000000,118138
RM0180,Credit Card,2020-01-23 00:00:00.000000,25658
RM0157,Health Insurance,2024-04-11 00:00:00.000000,23970
RM0200,Saving Account,2021-05-17 00:00:00.000000,27626
RM0196,Gold Investment,2023-10-20 00:00:00.000000,53043
RM0079,ULIP,2023-01-02 00:00:00.000000,49338
RM0026,Credit Card,2021-11-10 00:00:00.000000,43806
RM0243,Life Insurance,2025-07-12 00:00:00.000000,73210
RM0082,Health Insurance,2019-04-17 00:00:00.000000,29029
RM0071,Fixed Deposit,2024-08-01 00:00:00.000000,86177
RM0069,Term Insurance,2019-06-10 00:00:00.000000,19638
RM0121,Health Insurance,2019-08-08 00:00:00.000000,86305
RM0053,Credit Card,2021-01-25 00:00:00.000000,64503
RM0066,Mutual Funds,2024-12-23 00:00:00.000000,67475
RM0211,Recurring Deposit,2026-06-08 00:00:00.000000,42845
RM0168,Loan Against Property,2022-07-18 00:00:00.000000,64980
RM0096,Health Insurance,2019-01-14 00:00:00.000000,14158
RM0159,Current Account,2022-01-19 00:00:00.000000,105375
RM0009,Current Account,2024-08-16 10:32:43.364443,12857
RM0179,Mutual Funds,2020-03-14 00:00:00.000000,18051
RM0086,Life Insurance,2022-02-13 00:00:00.000000,52994
RM0111,Fixed Deposit,2024-03-21 00:00:00.000000,77240
RM0219,Loan Against Property,2025-02-05 00:00:00.000000,13965
RM0052,Loan Against Property,2020-01-06 00:00:00.000000,136766
RM0231,Current Account,2026-04-22 00:00:00.000000,191734
RM0112,Mutual Funds,2025-11-26 10:32:43.364476,56563
RM0193,Fixed Deposit,2025-02-20 00:00:00.000000,194552
RM0225,Mutual Funds,2021-11-14 00:00:00.000000,42816
RM0080,Saving Account,2021-01-02 00:00:00.000000,77622
RM0220,Fixed Deposit,2020-02-21 00:00:00.000000,29901
RM0027,Loan Against Property,2021-10-13 00:00:00.000000,43988
RM0195,Life Insurance,2023-01-23 00:00:00.000000,133936
RM0212,Credit Card,2022-08-29 00:00:00.000000,165788
RM0214,Recurring Deposit,2025-07-26 00:00:00.000000,140912
RM0100,Gold Investment,2023-08-31 00:00:00.000000,25220
RM0064,Saving Account,2026-02-04 00:00:00.000000,23228
RM0023,Saving Account,2026-07-06 00:00:00.000000,27667
RM0199,Gold Investment,2021-05-23 00:00:00.000000,39108
RM0106,Current Account,2024-08-13 00:00:00.000000,28856
RM0054,Saving Account,2025-10-04 00:00:00.000000,33437
RM0041,Life Insurance,2022-06-20 00:00:00.000000,58463
RM0104,Term Insurance,2022-06-24 00:00:00.000000,81884
RM0085,Gold Investment,2019-09-17 00:00:00.000000,76506
RM0067,Recurring Deposit,2020-10-14 00:00:00.000000,94214
RM0023,Loan Against Property,2020-04-09 00:00:00.000000,11635
RM0138,Credit Card,2026-02-12 00:00:00.000000,12445
RM0186,Recurring Deposit,2023-10-06 00:00:00.000000,87885
RM0215,Term Insurance,2024-08-31 00:00:00.000000,48079
RM0128,Health Insurance,2025-03-17 00:00:00.000000,53154
RM0012,Recurring Deposit,2026-06-16 00:00:00.000000,12701
RM0069,Recurring Deposit,2021-10-30 00:00:00.000000,24739
RM0132,Mutual Funds,2025-05-09 00:00:00.000000,85952
RM0131,Recurring Deposit,2022-03-07 00:00:00.000000,60854
RM0080,Credit Card,2019-08-03 00:00:00.000000,108014
RM0166,Gold Investment,2022-06-20 00:00:00.000000,134435
RM0218,Fixed Deposit,2022-10-28 00:00:00.000000,44699
RM0026,Loan Against Property,2025-04-19 10:32:43.364518,49425
RM0076,Credit Card,2022-07-28 00:00:00.000000,45214
RM0026,Health Insurance,2021-01-26 00:00:00.000000,99502
RM0185,Mutual Funds,2025-12-09 00:00:00.000000,48568
RM0133,Gold Investment,2019-08-28 00:00:00.000000,46372
RM0240,ULIP,2021-03-16 00:00:00.000000,127738
RM0019,Recurring Deposit,2022-12-17 00:00:00.000000,88016
RM0179,ULIP,2019-08-04 00:00:00.000000,129884
RM0241,Saving Account,2023-02-15 00:00:00.000000,22310
RM0117,Saving Account,2024-11-04 00:00:00.000000,47156
RM0203,Credit Card,2025-07-20 00:00:00.000000,102407
RM0150,Life Insurance,2020-11-10 00:00:00.000000,15891
RM0034,Life Insurance,2025-07-12 00:00:00.000000,89154
RM0152,ULIP,2024-10-17 00:00:00.000000,20104
RM0090,Gold Investment,2025-01-14 00:00:00.000000,92543
RM0235,Credit Card,2019-11-13 00:00:00.000000,57337
RM0056,Gold Investment,2021-08-11 00:00:00.000000,20736
RM0215,Fixed Deposit,2024-11-02 00:00:00.000000,42061
RM0030,Mutual Funds,2021-03-02 00:00:00.000000,67270
RM0125,Credit Card,2026-02-26 00:00:00.000000,60236
RM0222,Health Insurance,2023-09-23 00:00:00.000000,37865
RM0042,Saving Account,2025-06-24 00:00:00.000000,124813
RM0100,Loan Against Property,2026-01-20 00:00:00.000000,46621
RM0153,ULIP,2023-12-09 00:00:00.000000,45247
RM0030,Saving Account,2020-06-14 00:00:00.000000,13213
RM0063,Fixed Deposit,2020-11-04 00:00:00.000000,137629
RM0233,Credit Card,2024-07-09 00:00:00.000000,19747
RM0233,Credit Card,2023-06-09 00:00:00.000000,47575
RM0128,Term Insurance,2022-01-21 00:00:00.000000,91371
RM0139,Loan Against Property,2021-01-31 00:00:00.000000,22132
RM0215,Current Account,2021-09-12 00:00:00.000000,47472
RM0202,Recurring Deposit,2022-03-11 00:00:00.000000,23766
RM0201,Gold Investment,2020-02-01 00:00:00.000000,81292
RM0075,Saving Account,2019-09-25 00:00:00.000000,51544
RM0241,Gold Investment,2026-05-21 00:00:00.000000,106888
RM0153,Credit Card,2025-04-15 00:00:00.000000,122479
RM0055,Mutual Funds,2019-06-03 00:00:00.000000,62310
RM0170,Recurring Deposit,2022-01-12 00:00:00.000000,74620
RM0094,Loan Against Property,2022-10-13 00:00:00.000000,843687
RM0031,Term Insurance,2023-07-05 00:00:00.000000,49838
RM0080,Gold Investment,2024-08-23 00:00:00.000000,34260
RM0149,Term Insurance,2019-04-04 00:00:00.000000,62222
RM0038,Fixed Deposit,2019-10-05 00:00:00.000000,129455
RM0114,Fixed Deposit,2020-06-28 00:00:00.000000,36951
RM0214,ULIP,2022-07-08 00:00:00.000000,28873
RM0014,Recurring Deposit,2021-03-15 00:00:00.000000,34586
RM0016,Life Insurance,2021-01-17 00:00:00.000000,57860
RM0092,Life Insurance,2024-07-30 00:00:00.000000,38581
RM0030,Recurring Deposit,2019-10-28 00:00:00.000000,13820
RM0016,Mutual Funds,2026-02-12 10:32:43.364567,44501
RM0146,Fixed Deposit,2019-02-13 00:00:00.000000,44091
RM0136,Recurring Deposit,2022-05-21 00:00:00.000000,54390
RM0100,Saving Account,2025-03-08 00:00:00.000000,32535
RM0002,Recurring Deposit,2024-11-16 00:00:00.000000,57480
RM0025,Life Insurance,2026-07-07 00:00:00.000000,115275
RM0034,Current Account,2021-05-30 00:00:00.000000,165580
RM0092,Term Insurance,2020-07-14 00:00:00.000000,53806
RM0166,Health Insurance,2021-02-13 00:00:00.000000,12176
RM0147,Current Account,2025-03-14 00:00:00.000000,184070
RM0183,Saving Account,2026-01-18 00:00:00.000000,71185
RM0140,Mutual Funds,2025-12-14 10:32:43.364601,30470
RM0194,Health Insurance,2021-02-04 00:00:00.000000,17959
RM0234,Loan Against Property,2023-02-28 00:00:00.000000,17740
RM0003,Term Insurance,2021-04-23 00:00:00.000000,19180
RM0133,Mutual Funds,2023-11-16 00:00:00.000000,12332
RM0180,Credit Card,2023-09-21 00:00:00.000000,126218
RM0203,Term Insurance,2023-03-04 00:00:00.000000,48910
RM0049,Saving Account,2026-04-18 00:00:00.000000,70191
RM0113,Fixed Deposit,2021-10-06 00:00:00.000000,98044
RM0138,Loan Against Property,2024-04-14 00:00:00.000000,88400
RM0141,Mutual Funds,2019-11-23 00:00:00.000000,117110
RM0003,Mutual Funds,2021-04-14 00:00:00.000000,180949
RM0053,Loan Against Property,2023-12-14 00:00:00.000000,38908
RM0038,Mutual Funds,2022-08-15 00:00:00.000000,160123
RM0213,Loan Against Property,2024-02-22 00:00:00.000000,74239
RM0157,Gold Investment,2024-11-21 00:00:00.000000,13664
RM0074,Recurring Deposit,2026-04-30 00:00:00.000000,67251
RM0016,Fixed Deposit,2025-01-24 00:00:00.000000,68032
RM0052,Loan Against Property,2022-02-26 00:00:00.000000,128148
RM0200,Current Account,2022-11-20 00:00:00.000000,33335
RM0150,Mutual Funds,2025-04-02 00:00:00.000000,53963
RM0188,Credit Card,2022-05-07 00:00:00.000000,10613
RM0132,Loan Against Property,2020-04-03 00:00:00.000000,30178
RM0019,Term Insurance,2024-08-19 00:00:00.000000,13213
RM0174,ULIP,2022-03-04 00:00:00.000000,46893
RM0188,Loan Against Property,2020-12-26 00:00:00.000000,95035
RM0243,Loan Against Property,2023-03-17 00:00:00.000000,21561
RM0170,Term Insurance,2024-06-30 00:00:00.000000,47479
RM0178,Recurring Deposit,2021-02-03 00:00:00.000000,21408
RM0213,Gold Investment,2025-03-08 00:00:00.000000,16430
RM0047,Credit Card,2021-01-11 00:00:00.000000,45769
RM0091,Current Account,2021-06-28 00:00:00.000000,14122
RM0090,Loan Against Property,2023-07-10 00:00:00.000000,54258
RM0142,Fixed Deposit,2021-10-27 00:00:00.000000,88888888
RM0100,Health Insurance,2023-03-17 00:00:00.000000,11591
RM0205,Life Insurance,2019-06-27 00:00:00.000000,15642
RM0225,Term Insurance,2026-03-14 00:00:00.000000,49925
RM0098,Life Insurance,2026-06-04 10:32:43.364646,54751
RM0035,Recurring Deposit,2025-01-13 00:00:00.000000,11470
RM0113,Health Insurance,2025-01-25 00:00:00.000000,52592
RM0227,Loan Against Property,2024-07-09 00:00:00.000000,101163
RM0116,Term Insurance,2022-09-20 00:00:00.000000,74063
RM0039,Mutual Funds,2024-01-05 00:00:00.000000,17031
RM0183,Gold Investment,2023-11-26 00:00:00.000000,54882
RM0075,Life Insurance,2019-03-24 00:00:00.000000,65775
RM0048,Life Insurance,2026-04-12 00:00:00.000000,11897
RM0125,Mutual Funds,2020-07-27 00:00:00.000000,106671
RM0201,Saving Account,2020-01-30 00:00:00.000000,128365
RM0077,ULIP,2020-11-16 00:00:00.000000,105006
RM0099,Term Insurance,2025-10-18 00:00:00.000000,97043
RM0042,Term Insurance,2020-05-17 00:00:00.000000,78317
RM0040,Loan Against Property,2026-07-27 00:00:00.000000,60178
RM0105,Recurring Deposit,2022-06-12 00:00:00.000000,66757
RM0035,Fixed Deposit,2021-09-28 00:00:00.000000,92096
RM0124,Life Insurance,2020-12-15 00:00:00.000000,64309
RM0081,Current Account,2025-10-01 00:00:00.000000,29854
RM0141,Loan Against Property,2023-10-25 00:00:00.000000,33577
RM0204,Credit Card,2020-01-12 00:00:00.000000,123679
RM0080,Fixed Deposit,2022-06-26 00:00:00.000000,10863
RM0117,Recurring Deposit,2026-03-02 10:32:43.364685,70002
RM0103,Life Insurance,2024-06-06 00:00:00.000000,164808
RM0217,Mutual Funds,2023-01-08 00:00:00.000000,71247
RM0022,Current Account,2025-03-01 10:32:43.364716,265071
RM0161,Saving Account,2022-10-16 00:00:00.000000,68164
RM0150,Current Account,2019-06-03 00:00:00.000000,11748
RM0045,Current Account,2021-06-07 00:00:00.000000,97726
RM0082,Saving Account,2026-01-11 00:00:00.000000,26747
RM0235,Life Insurance,2023-04-24 00:00:00.000000,39534
RM0102,Life Insurance,2025-08-30 00:00:00.000000,28705
RM0102,ULIP,2025-12-25 00:00:00.000000,25636
RM0026,ULIP,2020-03-22 00:00:00.000000,38229
RM0170,Current Account,2023-11-01 00:00:00.000000,33801
RM0025,Term Insurance,2021-01-15 00:00:00.000000,60165
RM0146,Recurring Deposit,2019-10-30 00:00:00.000000,93872
RM0131,Health Insurance,2021-02-05 00:00:00.000000,27626
RM0212,Health Insurance,2023-07-15 00:00:00.000000,22022
RM0153,ULIP,2023-08-28 00:00:00.000000,69504
RM0238,Life Insurance,2025-09-16 00:00:00.000000,64964
RM0138,Mutual Funds,2021-05-04 00:00:00.000000,65481
RM0069,Term Insurance,2020-10-30 00:00:00.000000,125698
RM0010,Life Insurance,2019-04-26 00:00:00.000000,10803
RM0122,Gold Investment,2025-01-22 10:32:43.364753,105879
RM0050,Current Account,2019-10-05 00:00:00.000000,46802
RM0010,Credit Card,2023-01-10 00:00:00.000000,58550
RM0150,Fixed Deposit,2020-02-16 00:00:00.000000,14790
RM0106,Recurring Deposit,2025-06-02 00:00:00.000000,38335
RM0084,Credit Card,2022-04-29 00:00:00.000000,22893
RM0056,Term Insurance,2024-04-16 00:00:00.000000,27135
RM0192,Health Insurance,2026-03-31 00:00:00.000000,24666
RM0160,Health Insurance,2022-01-12 00:00:00.000000,45068
RM0218,Saving Account,2021-04-20 00:00:00.000000,93687
RM0180,ULIP,2026-05-09 00:00:00.000000,78086
RM0059,Health Insurance,2024-01-25 00:00:00.000000,54702
RM0028,Recurring Deposit,2021-01-06 00:00:00.000000,48763
RM0108,Loan Against Property,2019-12-02 00:00:00.000000,37870
RM0163,Term Insurance,2019-02-09 00:00:00.000000,190061
RM0123,Fixed Deposit,2021-05-03 00:00:00.000000,51070
RM0195,Recurring Deposit,2020-04-12 00:00:00.000000,24649
RM0111,Current Account,2024-03-17 00:00:00.000000,23074
RM0137,Credit Card,2023-09-29 00:00:00.000000,57254
RM0050,Recurring Deposit,2021-03-18 00:00:00.000000,46993
RM0187,Mutual Funds,2020-12-12 00:00:00.000000,10386
RM0073,Loan Against Property,2022-02-19 00:00:00.000000,98617
RM0065,ULIP,2026-06-30 00:00:00.000000,70890
RM0067,Current Account,2025-06-22 00:00:00.000000,64210
RM0172,Term Insurance,2025-07-01 10:32:43.364795,13563
RM0033,Mutual Funds,2026-07-02 00:00:00.000000,32475
RM0227,Loan Against Property,2020-09-28 00:00:00.000000,146963
RM0061,Loan Against Property,2023-09-24 00:00:00.000000,109239
RM0186,ULIP,2026-04-27 00:00:00.000000,26811
RM0177,Credit Card,2022-08-03 00:00:00.000000,18542
RM0041,Term Insurance,2021-04-22 00:00:00.000000,39809
RM0086,Life Insurance,2022-09-23 00:00:00.000000,31989
RM0113,Loan Against Property,2023-11-02 00:00:00.000000,67320
RM0160,Loan Against Property,2026-08-04 10:32:43.364830,179713
RM0042,Mutual Funds,2024-04-06 00:00:00.000000,32549
RM0073,Fixed Deposit,2022-06-15 00:00:00.000000,13212
RM0233,Saving Account,2025-07-27 00:00:00.000000,123950
RM0212,Term Insurance,2021-12-21 00:00:00.000000,11934
RM0013,Gold Investment,2021-02-13 00:00:00.000000,162631
RM0227,ULIP,2023-05-26 00:00:00.000000,64618
RM0074,Loan Against Property,2023-03-27 00:00:00.000000,152098
RM0012,Term Insurance,2022-09-01 00:00:00.000000,21135
RM0186,Life Insurance,2026-08-04 00:00:00.000000,12077
RM0031,Current Account,2020-10-13 00:00:00.000000,16990
RM0162,Gold Investment,2021-05-28 00:00:00.000000,43492
RM0230,Saving Account,2023-02-18 00:00:00.000000,39948
RM0131,Saving Account,2022-06-29 00:00:00.000000,30135
RM0206,Life Insurance,2023-01-06 00:00:00.000000,168096
RM0077,Recurring Deposit,2026-06-18 00:00:00.000000,96462
RM0124,Gold Investment,2026-07-15 00:00:00.000000,64173
RM0202,Mutual Funds,2020-07-06 00:00:00.000000,18888
RM0067,Gold Investment,2022-05-09 00:00:00.000000,76273
RM0066,Gold Investment,2025-02-16 00:00:00.000000,74916
RM0226,Term Insurance,2026-01-08 00:00:00.000000,88888888
RM0195,Gold Investment,2020-09-01 00:00:00.000000,37675
RM0096,Current Account,2024-06-15 00:00:00.000000,139370
RM0180,Term Insurance,2024-11-16 00:00:00.000000,19134
RM0215,Fixed Deposit,2022-08-01 00:00:00.000000,25553
RM0036,Fixed Deposit,2020-02-07 00:00:00.000000,13265
RM0026,Credit Card,2023-11-30 00:00:00.000000,89347
RM0109,ULIP,2019-06-14 00:00:00.000000,88888888
RM0088,Recurring Deposit,2026-05-21 00:00:00.000000,58611
RM0175,Life Insurance,2023-07-29 00:00:00.000000,28912
RM0010,Current Account,2025-08-17 00:00:00.000000,18945
RM0091,Recurring Deposit,2025-05-07 00:00:00.000000,12048
RM0192,Health Insurance,2023-09-27 00:00:00.000000,19120
RM0232,Saving Account,2021-07-05 00:00:00.000000,40191
RM0171,Term Insurance,2020-01-26 00:00:00.000000,24196
RM0034,Life Insurance,2023-10-25 00:00:00.000000,24986
RM0057,ULIP,2026-03-11 00:00:00.000000,114203
RM0207,Current Account,2025-03-21 10:32:43.364874,46194
RM0187,Current Account,2020-05-10 00:00:00.000000,75328
RM0060,Mutual Funds,2022-01-23 00:00:00.000000,88888888
RM0225,Term Insurance,2022-12-02 00:00:00.000000,11818
RM0100,Loan Against Property,2023-11-29 00:00:00.000000,32719
RM0212,Life Insurance,2024-09-20 00:00:00.000000,42616
RM0045,Saving Account,2022-12-28 00:00:00.000000,20315
RM0106,Gold Investment,2021-03-02 00:00:00.000000,16402
RM0124,Current Account,2024-05-04 00:00:00.000000,112128
RM0200,Current Account,2019-08-22 00:00:00.000000,150199
RM0205,Fixed Deposit,2021-01-18 00:00:00.000000,14104
RM0227,Saving Account,2026-03-12 00:00:00.000000,31463
RM0053,Mutual Funds,2024-09-28 00:00:00.000000,168845
RM0084,Credit Card,2025-10-12 10:32:43.364910,14341
RM0037,Saving Account,2025-07-13 00:00:00.000000,61590
RM0220,Term Insurance,2021-08-29 00:00:00.000000,189174
RM0232,Term Insurance,2025-11-30 10:32:43.364941,201346
RM0126,Life Insurance,2024-11-25 10:32:43.364973,38794
RM0014,Current Account,2021-04-12 00:00:00.000000,41859
RM0168,Gold Investment,2025-09-29 10:32:43.365005,18881
RM0149,Mutual Funds,2021-12-22 00:00:00.000000,21287
RM0095,Gold Investment,2025-08-16 10:32:43.365036,120182
RM0100,Health Insurance,2020-01-05 00:00:00.000000,131341
RM0171,Term Insurance,2025-11-17 00:00:00.000000,56809
RM0013,Credit Card,2022-07-19 00:00:00.000000,82659
RM0141,Credit Card,2025-11-10 00:00:00.000000,77340
RM0166,Fixed Deposit,2022-03-12 00:00:00.000000,64209
RM0176,Gold Investment,2023-12-16 00:00:00.000000,97803
RM0198,ULIP,2022-02-12 00:00:00.000000,67823
RM0079,Health Insurance,2022-03-26 00:00:00.000000,48178
RM0030,Health Insurance,2025-05-13 10:32:43.365069,26678
RM0166,Gold Investment,2025-01-30 00:00:00.000000,23522
RM0132,Fixed Deposit,2024-05-02 00:00:00.000000,78107
RM0173,Term Insurance,2025-09-23 10:32:43.365100,42069
RM0233,Term Insurance,2024-04-05 00:00:00.000000,27463
RM0108,Recurring Deposit,2022-08-05 00:00:00.000000,90960
RM0185,Term Insurance,2025-06-22 00:00:00.000000,69653
RM0175,Recurring Deposit,2026-03-02 00:00:00.000000,148501
RM0185,Life Insurance,2025-05-27 00:00:00.000000,19042
RM0101,Current Account,2024-01-11 00:00:00.000000,62375
RM0152,Gold Investment,2022-02-09 00:00:00.000000,24001
RM0007,Fixed Deposit,2025-05-01 00:00:00.000000,126953
RM0230,Health Insurance,2022-09-06 00:00:00.000000,15240
RM0222,Term Insurance,2024-03-07 00:00:00.000000,63379
RM0094,Gold Investment,2025-02-15 00:00:00.000000,88291
RM0052,Mutual Funds,2023-12-25 00:00:00.000000,31918
RM0191,Health Insurance,2023-01-23 00:00:00.000000,25547
RM0093,Saving Account,2025-11-08 00:00:00.000000,164106
RM0234,Saving Account,2021-01-13 00:00:00.000000,105100
RM0039,Saving Account,2024-05-27 00:00:00.000000,27450
RM0053,Health Insurance,2019-11-14 00:00:00.000000,10378
RM0168,Saving Account,2021-01-03 00:00:00.000000,27595
RM0159,ULIP,2025-10-10 00:00:00.000000,88888888
RM0207,Loan Against Property,2026-04-13 00:00:00.000000,26516
RM0191,Health Insurance,2022-11-29 00:00:00.000000,120347
RM0069,Gold Investment,2025-08-19 00:00:00.000000,180746
RM0119,Life Insurance,2024-01-11 00:00:00.000000,13652
RM0210,Current Account,2022-10-28 00:00:00.000000,41866
RM0013,Loan Against Property,2021-10-09 00:00:00.000000,49740
RM0160,ULIP,2019-10-03 00:00:00.000000,14875
RM0099,Life Insurance,2020-12-04 00:00:00.000000,33700
RM0106,Recurring Deposit,2026-02-20 00:00:00.000000,29069
RM0111,Health Insurance,2020-03-15 00:00:00.000000,48399
RM0114,Life Insurance,2019-07-22 00:00:00.000000,64115
RM0152,Current Account,2019-01-07 00:00:00.000000,70782
RM0060,Mutual Funds,2023-10-26 00:00:00.000000,17352
RM0110,Saving Account,2025-09-16 00:00:00.000000,93818
RM0202,Life Insurance,2022-08-15 00:00:00.000000,66744
RM0050,Gold Investment,2023-04-18 00:00:00.000000,119945
RM0036,Loan Against Property,2026-01-23 00:00:00.000000,39831
RM0113,Recurring Deposit,2022-03-02 00:00:00.000000,122163
RM0185,Loan Against Property,2022-05-05 00:00:00.000000,110411
RM0104,Loan Against Property,2020-05-07 00:00:00.000000,38849
RM0109,Recurring Deposit,2025-07-07 00:00:00.000000,33994
RM0027,Life Insurance,2022-10-20 00:00:00.000000,145013
RM0106,Fixed Deposit,2026-02-12 00:00:00.000000,72792
RM0027,Loan Against Property,2025-02-15 10:32:43.365147,141725
RM0227,Current Account,2025-01-22 00:00:00.000000,89721
RM0207,Current Account,2021-03-20 00:00:00.000000,56990
RM0178,ULIP,2019-05-02 00:00:00.000000,16156
RM0238,Life Insurance,2024-02-17 00:00:00.000000,27228
RM0156,Fixed Deposit,2023-07-08 00:00:00.000000,183434
RM0107,Fixed Deposit,2020-06-29 00:00:00.000000,29240
RM0229,Loan Against Property,2025-05-08 00:00:00.000000,14894
RM0151,Saving Account,2024-01-27 00:00:00.000000,71473
RM0143,Mutual Funds,2022-12-31 00:00:00.000000,76213
RM0093,Saving Account,2025-02-10 00:00:00.000000,26805
RM0151,ULIP,2022-02-18 00:00:00.000000,27667
RM0188,Fixed Deposit,2022-09-16 00:00:00.000000,41639
RM0197,ULIP,2025-04-07 00:00:00.000000,11101
RM0033,Current Account,2025-09-24 00:00:00.000000,87871
RM0183,Recurring Deposit,2021-08-25 00:00:00.000000,29069
RM0173,ULIP,2022-06-02 00:00:00.000000,106126
RM0001,Loan Against Property,2021-04-22 00:00:00.000000,91133
RM0067,Gold Investment,2023-11-24 00:00:00.000000,64147
RM0085,Saving Account,2024-08-17 00:00:00.000000,29642
RM0153,Life Insurance,2022-06-04 00:00:00.000000,46316
RM0118,Current Account,2019-08-25 00:00:00.000000,39423
RM0079,Saving Account,2023-04-18 00:00:00.000000,30691
RM0079,Recurring Deposit,2020-01-08 00:00:00.000000,104238
RM0043,Gold Investment,2020-04-22 00:00:00.000000,43034
RM0008,Current Account,2020-09-07 00:00:00.000000,99405
RM0044,Term Insurance,2020-12-01 00:00:00.000000,15558
RM0057,Term Insurance,2023-07-15 00:00:00.000000,17600
RM0245,Health Insurance,2019-03-23 00:00:00.000000,30028
RM0040,Gold Investment,2026-05-09 00:00:00.000000,199314
RM0010,Fixed Deposit,2020-05-26 00:00:00.000000,54308
RM0074,Loan Against Property,2022-02-27 00:00:00.000000,45643
RM0197,Health Insurance,2026-06-06 10:32:43.365190,47028
RM0013,Term Insurance,2020-09-08 00:00:00.000000,22120
RM0211,Saving Account,2019-06-16 00:00:00.000000,73417
RM0237,Fixed Deposit,2020-07-13 00:00:00.000000,14429
RM0107,Gold Investment,2022-07-09 00:00:00.000000,52586
RM0061,Mutual Funds,2019-05-01 00:00:00.000000,52287
RM0172,Current Account,2019-12-07 00:00:00.000000,132780
RM0153,Health Insurance,2021-11-29 00:00:00.000000,47346
RM0006,Life Insurance,2019-01-22 00:00:00.000000,17370
RM0183,Current Account,2022-05-04 00:00:00.000000,52519
RM0167,Current Account,2025-12-05 00:00:00.000000,14788
RM0061,Credit Card,2022-09-22 00:00:00.000000,21394
RM0028,Recurring Deposit,2020-03-09 00:00:00.000000,11580
RM0049,Gold Investment,2026-02-10 00:00:00.000000,46004
RM0063,Gold Investment,2019-01-12 00:00:00.000000,14416
RM0191,Health Insurance,2024-07-06 00:00:00.000000,41686
RM0080,Current Account,2025-03-23 00:00:00.000000,145112
RM0004,Health Insurance,2025-01-05 00:00:00.000000,73605
RM0082,ULIP,2023-10-18 00:00:00.000000,14028
RM0001,Term Insurance,2024-03-02 00:00:00.000000,22693
RM0030,Recurring Deposit,2025-04-18 00:00:00.000000,65991
RM0227,Current Account,2024-01-18 00:00:00.000000,122547
RM0008,Gold Investment,2025-02-11 00:00:00.000000,11673
RM0138,Fixed Deposit,2021-10-15 00:00:00.000000,148826
RM0019,Life Insurance,2019-08-29 00:00:00.000000,13446
RM0250,Loan Against Property,2020-09-13 00:00:00.000000,93685
RM0133,Credit Card,2020-02-14 00:00:00.000000,51255
RM0147,ULIP,2019-01-20 00:00:00.000000,49492
RM0233,Mutual Funds,2025-03-24 00:00:00.000000,168282
RM0221,Fixed Deposit,2021-07-05 00:00:00.000000,78845
RM0142,Mutual Funds,2022-10-19 00:00:00.000000,104895
RM0074,Loan Against Property,2020-06-15 00:00:00.000000,31847
RM0099,Current Account,2023-06-15 00:00:00.000000,50412
RM0031,Recurring Deposit,2020-09-08 00:00:00.000000,57778
RM0068,Health Insurance,2024-10-21 00:00:00.000000,29399
RM0078,Credit Card,2025-05-15 00:00:00.000000,52227
RM0163,Current Account,2020-10-08 00:00:00.000000,23502
RM0069,Gold Investment,2019-08-23 00:00:00.000000,17737
RM0015,Current Account,2026-07-07 00:00:00.000000,33417
RM0153,Credit Card,2020-01-23 00:00:00.000000,77217
RM0236,Recurring Deposit,2024-04-18 00:00:00.000000,133958
RM0090,Gold Investment,2025-02-15 00:00:00.000000,40598
RM0246,Loan Against Property,2023-09-22 00:00:00.000000,61476
RM0208,Current Account,2026-03-24 00:00:00.000000,15437
RM0219,Credit Card,2021-02-22 00:00:00.000000,127412
RM0065,Current Account,2020-12-13 00:00:00.000000,52036
RM0016,Loan Against Property,2024-06-14 00:00:00.000000,85783
RM0161,Health Insurance,2021-07-28 00:00:00.000000,89101
RM0002,Gold Investment,2020-01-01 00:00:00.000000,24818
RM0130,Credit Card,2024-07-02 00:00:00.000000,47663
RM0221,Credit Card,2021-10-21 00:00:00.000000,171547
RM0039,Mutual Funds,2026-01-03 00:00:00.000000,14695
RM0233,Life Insurance,2022-03-29 00:00:00.000000,67450
RM0010,Current Account,2022-09-25 00:00:00.000000,173857
RM0184,Credit Card,2019-07-30 00:00:00.000000,27874
RM0107,Term Insurance,2024-05-05 00:00:00.000000,108825
RM0187,Saving Account,2022-11-24 00:00:00.000000,145646
RM0022,Health Insurance,2019-12-02 00:00:00.000000,78735
RM0045,ULIP,2022-06-11 00:00:00.000000,23154
RM0153,Life Insurance,2021-01-16 00:00:00.000000,30323
RM0158,ULIP,2021-02-25 00:00:00.000000,11823
RM0099,Loan Against Property,2025-08-03 00:00:00.000000,99027
RM0247,Term Insurance,2023-04-26 00:00:00.000000,104726
RM0057,Life Insurance,2024-06-28 00:00:00.000000,60080
RM0182,Life Insurance,2021-11-03 00:00:00.000000,31733
RM0200,ULIP,2021-03-01 00:00:00.000000,13996
RM0029,Life Insurance,2023-02-07 00:00:00.000000,79930
RM0021,Mutual Funds,2024-03-22 00:00:00.000000,74827
RM0100,Credit Card,2024-08-29 10:32:43.365293,131864
RM0166,Fixed Deposit,2025-12-13 00:00:00.000000,75565
RM0037,Health Insurance,2023-12-12 00:00:00.000000,98215
RM0148,Fixed Deposit,2024-08-07 00:00:00.000000,78512
RM0099,Life Insurance,2019-09-25 00:00:00.000000,59805
RM0020,Recurring Deposit,2021-06-26 00:00:00.000000,37840
RM0246,Saving Account,2021-06-17 00:00:00.000000,11780
RM0247,Life Insurance,2023-12-18 00:00:00.000000,126199
RM0079,Mutual Funds,2026-06-14 10:32:43.365342,62629
RM0191,Saving Account,2025-11-08 00:00:00.000000,35404
RM0194,Mutual Funds,2020-09-20 00:00:00.000000,14357
RM0057,Gold Investment,2025-12-24 00:00:00.000000,27174
RM0105,Term Insurance,2024-04-02 00:00:00.000000,49233
RM0100,Current Account,2024-10-11 00:00:00.000000,26123
RM0007,Health Insurance,2024-03-28 00:00:00.000000,22502
RM0078,Loan Against Property,2025-04-15 10:32:43.365377,906381
RM0121,Mutual Funds,2023-05-19 00:00:00.000000,47474
RM0119,Term Insurance,2026-02-18 10:32:43.365408,19305
RM0157,Current Account,2019-05-08 00:00:00.000000,90574
RM0015,Mutual Funds,2026-04-14 00:00:00.000000,43118
RM0186,Current Account,2021-10-25 00:00:00.000000,52649
RM0001,Recurring Deposit,2024-10-09 00:00:00.000000,17972
RM0172,ULIP,2025-12-29 00:00:00.000000,29620
RM0239,Term Insurance,2025-03-04 00:00:00.000000,36389
RM0021,Current Account,2022-06-28 00:00:00.000000,88888888
RM0149,Health Insurance,2021-11-24 00:00:00.000000,92568
RM0052,ULIP,2024-03-30 00:00:00.000000,83518
RM0250,Loan Against Property,2019-10-19 00:00:00.000000,22614
RM0136,Fixed Deposit,2020-06-21 00:00:00.000000,57878
RM0156,Mutual Funds,2021-04-13 00:00:00.000000,23949
RM0140,Mutual Funds,2019-11-03 00:00:00.000000,232182
RM0006,Life Insurance,2020-07-04 00:00:00.000000,161956
RM0105,Current Account,2025-12-08 00:00:00.000000,51421
RM0158,Current Account,2021-04-01 00:00:00.000000,70016
RM0061,Life Insurance,2023-06-23 00:00:00.000000,90830
RM0007,ULIP,2026-06-06 00:00:00.000000,73826
RM0017,Saving Account,2025-07-26 00:00:00.000000,70170
RM0081,Loan Against Property,2020-02-25 00:00:00.000000,169168
RM0037,Credit Card,2023-08-02 00:00:00.000000,55373
RM0158,ULIP,2023-01-24 00:00:00.000000,60571
RM0195,Gold Investment,2026-02-21 10:32:43.365448,104612
RM0014,Health Insurance,2020-08-24 00:00:00.000000,65416
RM0118,Life Insurance,2024-12-08 00:00:00.000000,76012
RM0038,ULIP,2025-08-18 10:32:43.365480,23339
RM0002,Loan Against Property,2020-12-18 00:00:00.000000,33202
RM0226,Mutual Funds,2020-02-15 00:00:00.000000,17967
RM0010,Mutual Funds,2020-07-21 00:00:00.000000,65152
RM0153,Term Insurance,2020-08-23 00:00:00.000000,45237
RM0162,Fixed Deposit,2026-03-21 00:00:00.000000,40415
RM0062,Saving Account,2020-10-22 00:00:00.000000,303247
RM0036,Current Account,2021-03-26 00:00:00.000000,57235
RM0178,Credit Card,2025-02-19 00:00:00.000000,87193
RM0082,Current Account,2020-11-20 00:00:00.000000,30324
RM0144,Recurring Deposit,2025-10-24 00:00:00.000000,99054
RM0038,Gold Investment,2021-07-06 00:00:00.000000,57736
RM0007,Saving Account,2021-04-28 00:00:00.000000,69699
RM0010,Term Insurance,2026-05-20 10:32:43.365515,27437
RM0073,Credit Card,2022-08-21 00:00:00.000000,49774
RM0050,Health Insurance,2024-02-02 00:00:00.000000,60261
RM0073,Recurring Deposit,2019-09-21 00:00:00.000000,54469
RM0046,Life Insurance,2022-08-17 00:00:00.000000,133369
RM0144,Health Insurance,2020-04-30 00:00:00.000000,124272
RM0188,Current Account,2026-07-12 00:00:00.000000,186995
RM0024,Credit Card,2020-03-29 00:00:00.000000,21462
RM0143,Gold Investment,2022-08-01 00:00:00.000000,65044
RM0225,Fixed Deposit,2024-03-29 00:00:00.000000,188624
RM0155,Life Insurance,2019-07-17 00:00:00.000000,99332
RM0057,Term Insurance,2019-04-17 00:00:00.000000,25792
RM0187,Health Insurance,2024-07-16 00:00:00.000000,37881
RM0132,Current Account,2025-12-19 00:00:00.000000,23616
RM0194,Saving Account,2025-09-09 00:00:00.000000,10210
RM0208,Fixed Deposit,2021-11-01 00:00:00.000000,20415
RM0010,Loan Against Property,2024-02-26 00:00:00.000000,88888888
RM0136,Fixed Deposit,2020-07-11 00:00:00.000000,10203
RM0098,Credit Card,2020-03-06 00:00:00.000000,73619
RM0226,Life Insurance,2024-11-16 00:00:00.000000,37715
RM0122,Current Account,2024-04-29 00:00:00.000000,28740
RM0091,Loan Against Property,2023-09-24 00:00:00.000000,81715
RM0042,Term Insurance,2023-08-19 00:00:00.000000,99334
RM0191,Fixed Deposit,2024-04-24 00:00:00.000000,195046
RM0052,Fixed Deposit,2022-10-09 00:00:00.000000,61363
RM0195,Health Insurance,2020-05-26 00:00:00.000000,40951
RM0012,ULIP,2025-04-21 00:00:00.000000,28211
RM0242,Term Insurance,2024-08-11 00:00:00.000000,22571
RM0012,Health Insurance,2019-11-09 00:00:00.000000,21971
RM0099,Fixed Deposit,2020-07-25 00:00:00.000000,36312
RM0206,Fixed Deposit,2023-06-08 00:00:00.000000,250097
RM0124,Recurring Deposit,2019-01-16 00:00:00.000000,10042
RM0087,ULIP,2022-02-05 00:00:00.000000,20982
RM0197,Health Insurance,2023-06-13 00:00:00.000000,20436
RM0011,Mutual Funds,2025-04-20 00:00:00.000000,73136
RM0038,Mutual Funds,2023-07-03 00:00:00.000000,31730
RM0129,Credit Card,2024-08-26 00:00:00.000000,40556
RM0176,Health Insurance,2026-04-23 10:32:43.365559,18045
RM0198,Credit Card,2024-10-14 00:00:00.000000,35959
RM0048,Saving Account,2021-12-26 00:00:00.000000,15446
RM0207,Life Insurance,2021-06-24 00:00:00.000000,48075
RM0136,Health Insurance,2023-06-22 00:00:00.000000,15153
RM0163,Fixed Deposit,2019-08-29 00:00:00.000000,88153
RM0198,Term Insurance,2021-03-14 00:00:00.000000,51804
RM0244,Credit Card,2021-09-29 00:00:00.000000,74361
RM0061,Current Account,2025-05-19 10:32:43.365592,37108
RM0127,Mutual Funds,2024-07-30 00:00:00.000000,34022
RM0229,Health Insurance,2026-06-20 10:32:43.365623,15168
RM0014,Current Account,2024-11-11 00:00:00.000000,47101
RM0157,Current Account,2026-07-10 10:32:43.365654,46129
RM0044,Term Insurance,2021-11-06 00:00:00.000000,41565
RM0219,Saving Account,2020-09-03 00:00:00.000000,77453
RM0068,Life Insurance,2023-09-14 00:00:00.000000,99339
RM0180,Loan Against Property,2023-08-05 00:00:00.000000,79472
RM0068,Term Insurance,2025-09-16 00:00:00.000000,17766
RM0184,Life Insurance,2019-03-16 00:00:00.000000,58650
RM0060,Saving Account,2026-02-22 10:32:43.365687,14186
RM0057,Mutual Funds,2021-09-27 00:00:00.000000,69310
RM0083,Recurring Deposit,2025-06-28 00:00:00.000000,34050
RM0192,Credit Card,2026-01-10 10:32:43.365717,17106
RM0190,ULIP,2020-07-31 00:00:00.000000,109043
RM0028,Term Insurance,2024-05-19 00:00:00.000000,57596
RM0190,Gold Investment,2022-02-23 00:00:00.000000,31903
RM0229,Term Insurance,2026-01-15 00:00:00.000000,11560
RM0103,Loan Against Property,2026-03-10 00:00:00.000000,48534
RM0195,Mutual Funds,2019-01-09 00:00:00.000000,138344
RM0124,Fixed Deposit,2019-07-09 00:00:00.000000,55364
RM0063,Life Insurance,2021-05-10 00:00:00.000000,188157
RM0172,Recurring Deposit,2025-08-12 00:00:00.000000,17335
RM0245,Fixed Deposit,2026-07-28 00:00:00.000000,52001
RM0044,Loan Against Property,2020-07-04 00:00:00.000000,90005
RM0103,Recurring Deposit,2021-10-16 00:00:00.000000,47278
RM0124,Recurring Deposit,2024-02-12 00:00:00.000000,14774
RM0161,Recurring Deposit,2024-06-14 00:00:00.000000,53719
RM0190,Saving Account,2020-07-28 00:00:00.000000,57303
RM0245,Life Insurance,2021-08-02 00:00:00.000000,75228
RM0006,Gold Investment,2025-10-24 10:32:43.365754,81608
RM0157,Loan Against Property,2019-02-04 00:00:00.000000,83652
RM0209,Fixed Deposit,2023-03-23 00:00:00.000000,64449
RM0209,Loan Against Property,2021-05-15 00:00:00.000000,22155
RM0220,Loan Against Property,2019-11-07 00:00:00.000000,35895
RM0175,Loan Against Property,2019-05-08 00:00:00.000000,84834
RM0133,Mutual Funds,2024-05-17 00:00:00.000000,163336
RM0121,Gold Investment,2021-07-25 00:00:00.000000,14111
RM0035,Recurring Deposit,2022-06-16 00:00:00.000000,48343
RM0185,Life Insurance,2021-09-26 00:00:00.000000,28736
RM0198,Term Insurance,2025-07-16 00:00:00.000000,22770
RM0230,Saving Account,2019-08-26 00:00:00.000000,45241
RM0047,Term Insurance,2023-12-23 00:00:00.000000,56581
RM0172,Fixed Deposit,2025-05-12 00:00:00.000000,10491
RM0041,Health Insurance,2022-04-26 00:00:00.000000,85753
RM0015,Life Insurance,2020-06-24 00:00:00.000000,95707
RM0006,Loan Against Property,2024-03-18 00:00:00.000000,178355
RM0207,Life Insurance,2020-01-24 00:00:00.000000,52373
RM0064,Credit Card,2023-03-21 00:00:00.000000,19961
RM0196,Saving Account,2025-07-23 00:00:00.000000,10850
RM0054,Health Insurance,2021-03-18 00:00:00.000000,55138
RM0198,Recurring Deposit,2025-04-13 00:00:00.000000,37810
RM0214,Health Insurance,2019-01-27 00:00:00.000000,30385
RM0030,Mutual Funds,2024-06-06 00:00:00.000000,51693
RM0172,Loan Against Property,2025-10-19 00:00:00.000000,86250
RM0050,Loan Against Property,2024-03-26 00:00:00.000000,11166
RM0241,Life Insurance,2019-01-23 00:00:00.000000,184337
RM0165,Current Account,2023-12-25 00:00:00.000000,93005
RM0022,Loan Against Property,2019-10-02 00:00:00.000000,79545
RM0044,Gold Investment,2022-07-05 00:00:00.000000,81436
RM0102,Current Account,2019-07-06 00:00:00.000000,34637
RM0055,Saving Account,2023-06-15 00:00:00.000000,79639
RM0224,Mutual Funds,2026-03-13 00:00:00.000000,34450
RM0011,ULIP,2023-07-17 00:00:00.000000,124486
RM0016,Saving Account,2025-10-27 10:32:43.365799,19753
RM0131,Recurring Deposit,2023-08-04 00:00:00.000000,27290
RM0197,Mutual Funds,2024-07-31 00:00:00.000000,50074
RM0056,Credit Card,2025-12-14 00:00:00.000000,29225
RM0218,Current Account,2020-08-06 00:00:00.000000,37602
RM0004,ULIP,2023-11-17 00:00:00.000000,43905
RM0044,Current Account,2022-10-02 00:00:00.000000,107019
RM0066,Gold Investment,2021-06-17 00:00:00.000000,47032
RM0065,Gold Investment,2021-03-09 00:00:00.000000,32506
RM0091,Term Insurance,2020-04-11 00:00:00.000000,24233
RM0235,Fixed Deposit,2025-09-29 10:32:43.365834,36269
RM0043,Loan Against Property,2021-12-25 00:00:00.000000,46256
RM0190,Term Insurance,2019-04-07 00:00:00.000000,78543
RM0048,Current Account,2026-07-01 00:00:00.000000,16451
RM0094,Saving Account,2019-09-06 00:00:00.000000,22526
RM0181,ULIP,2024-12-06 00:00:00.000000,33873
RM0110,Credit Card,2024-05-02 00:00:00.000000,32345
RM0033,Term Insurance,2019-12-17 00:00:00.000000,34858
RM0115,Saving Account,2020-08-10 00:00:00.000000,88877
RM0181,Current Account,2024-03-31 00:00:00.000000,29589
RM0226,Current Account,2023-05-27 00:00:00.000000,44847
RM0200,Term Insurance,2023-02-01 00:00:00.000000,58895
RM0173,Mutual Funds,2021-07-22 00:00:00.000000,23209
RM0105,Credit Card,2019-10-27 00:00:00.000000,73415
RM0101,Life Insurance,2022-03-27 00:00:00.000000,49605
RM0200,Current Account,2025-04-26 00:00:00.000000,39600
RM0177,Recurring Deposit,2023-09-25 00:00:00.000000,92979
RM0059,Current Account,2019-07-01 00:00:00.000000,23952
RM0220,Saving Account,2020-09-08 00:00:00.000000,117354
RM0234,Mutual Funds,2019-11-07 00:00:00.000000,51168
RM0192,Credit Card,2021-04-26 00:00:00.000000,56974
RM0169,Health Insurance,2023-08-24 00:00:00.000000,113995
RM0105,Credit Card,2026-03-18 00:00:00.000000,95072
RM0141,Loan Against Property,2025-08-06 00:00:00.000000,56010
RM0122,Mutual Funds,2023-02-17 00:00:00.000000,79956
RM0178,Credit Card,2023-08-04 00:00:00.000000,38397
RM0243,Recurring Deposit,2026-01-21 10:32:43.365874,49634
RM0002,Credit Card,2022-11-19 00:00:00.000000,13204
RM0057,Saving Account,2025-02-23 00:00:00.000000,14707
RM0164,Health Insurance,2019-12-28 00:00:00.000000,98429
RM0136,ULIP,2025-01-25 00:00:00.000000,13076
RM0205,Current Account,2020-09-12 00:00:00.000000,19280
RM0039,Credit Card,2024-09-30 00:00:00.000000,89440
RM0057,Credit Card,2025-12-18 00:00:00.000000,10057
RM0250,Credit Card,2024-11-03 00:00:00.000000,26592
RM0110,ULIP,2022-07-18 00:00:00.000000,53858
RM0236,Term Insurance,2022-09-19 00:00:00.000000,55248
RM0040,Loan Against Property,2025-06-30 00:00:00.000000,85063
RM0141,Recurring Deposit,2022-10-06 00:00:00.000000,45253
RM0075,Recurring Deposit,2019-11-24 00:00:00.000000,45606
RM0038,Current Account,2025-02-03 00:00:00.000000,74605
RM0051,Life Insurance,2025-12-31 00:00:00.000000,44519
RM0180,Credit Card,2023-03-23 00:00:00.000000,56887
RM0055,Loan Against Property,2023-10-07 00:00:00.000000,124028
RM0131,Health Insurance,2023-12-31 00:00:00.000000,35662
RM0023,ULIP,2021-11-09 00:00:00.000000,34316
RM0086,Current Account,2021-10-14 00:00:00.000000,19912
RM0203,Life Insurance,2023-05-21 00:00:00.000000,10177
RM0219,Current Account,2019-11-20 00:00:00.000000,57521
RM0053,Life Insurance,2021-08-02 00:00:00.000000,11511
RM0143,Recurring Deposit,2026-02-03 00:00:00.000000,45073
RM0087,ULIP,2025-02-20 00:00:00.000000,91541
RM0135,Credit Card,2023-07-02 00:00:00.000000,49916
RM0213,Recurring Deposit,2025-03-25 00:00:00.000000,25710
RM0135,Mutual Funds,2019-09-23 00:00:00.000000,87128
RM0064,Term Insurance,2025-06-27 00:00:00.000000,25716
RM0194,ULIP,2023-08-26 00:00:00.000000,76031
RM0238,Life Insurance,2024-08-06 00:00:00.000000,57113
RM0122,Gold Investment,2023-09-29 00:00:00.000000,19316
RM0122,Saving Account,2024-06-01 00:00:00.000000,127764
RM0206,Life Insurance,2023-08-17 00:00:00.000000,21197
RM0145,Gold Investment,2026-07-08 00:00:00.000000,238235
RM0095,Credit Card,2020-12-02 00:00:00.000000,10366
RM0047,Fixed Deposit,2023-12-15 00:00:00.000000,25291
RM0055,Term Insurance,2021-12-21 00:00:00.000000,21148
RM0241,Saving Account,2026-03-30 00:00:00.000000,10704
RM0198,Term Insurance,2022-09-23 00:00:00.000000,75907
RM0169,Recurring Deposit,2025-01-02 00:00:00.000000,69114
RM0073,Current Account,2026-05-31 00:00:00.000000,88595
RM0032,Mutual Funds,2021-03-29 00:00:00.000000,24832
RM0191,Loan Against Property,2025-12-10 00:00:00.000000,39379
RM0223,Saving Account,2019-08-24 00:00:00.000000,63810
RM0024,Gold Investment,2023-04-09 00:00:00.000000,38970
RM0037,Gold Investment,2026-07-18 00:00:00.000000,69754
RM0006,Credit Card,2025-07-22 00:00:00.000000,60252
RM0063,Fixed Deposit,2025-03-26 00:00:00.000000,16088
RM0099,ULIP,2020-02-16 00:00:00.000000,85944
RM0162,Loan Against Property,2022-12-29 00:00:00.000000,73769
RM0020,Credit Card,2019-08-30 00:00:00.000000,63331
RM0191,ULIP,2025-03-10 00:00:00.000000,18426
RM0009,Credit Card,2022-12-06 00:00:00.000000,25598
RM0018,Mutual Funds,2020-10-08 00:00:00.000000,34975
RM0143,Fixed Deposit,2019-12-04 00:00:00.000000,26420
RM0088,Health Insurance,2023-10-28 00:00:00.000000,22926
RM0056,Current Account,2021-08-25 00:00:00.000000,91829
RM0211,Credit Card,2019-07-29 00:00:00.000000,60837
RM0010,Loan Against Property,2026-02-01 10:32:43.365927,51674
RM0240,Life Insurance,2023-05-24 00:00:00.000000,22806
RM0030,ULIP,2024-11-20 00:00:00.000000,135098
RM0092,Life Insurance,2022-12-02 00:00:00.000000,20609
RM0223,ULIP,2022-08-19 00:00:00.000000,30785
RM0215,ULIP,2023-11-12 00:00:00.000000,89225
RM0172,Current Account,2022-09-06 00:00:00.000000,180068
RM0184,Life Insurance,2019-03-04 00:00:00.000000,74931
RM0126,ULIP,2023-12-11 00:00:00.000000,257093
RM0168,Health Insurance,2026-05-29 00:00:00.000000,62641
RM0248,Credit Card,2021-04-01 00:00:00.000000,22260
RM0176,Health Insurance,2026-06-27 00:00:00.000000,21396
RM0167,Current Account,2023-12-13 00:00:00.000000,29619
RM0216,Saving Account,2021-01-03 00:00:00.000000,10357
RM0214,Recurring Deposit,2025-05-04 00:00:00.000000,67237
RM0115,Saving Account,2026-02-14 00:00:00.000000,25644
RM0194,Saving Account,2021-01-08 00:00:00.000000,94419
RM0021,Saving Account,2025-02-17 00:00:00.000000,32249
RM0002,Current Account,2022-10-12 00:00:00.000000,35625
RM0217,ULIP,2019-12-01 00:00:00.000000,42692
RM0137,Life Insurance,2020-10-08 00:00:00.000000,178614
RM0194,Credit Card,2022-07-21 00:00:00.000000,23864
RM0086,Mutual Funds,2020-04-01 00:00:00.000000,73872
RM0063,Life Insurance,2023-07-17 00:00:00.000000,80348
RM0101,Health Insurance,2026-03-17 00:00:00.000000,22487
RM0122,Mutual Funds,2024-09-22 00:00:00.000000,44757
RM0057,Health Insurance,2025-04-11 00:00:00.000000,31554
RM0090,Current Account,2020-09-13 00:00:00.000000,83899
RM0035,Recurring Deposit,2019-11-21 00:00:00.000000,58707
RM0013,ULIP,2025-11-13 10:32:43.365968,42311
RM0118,Fixed Deposit,2023-10-16 00:00:00.000000,85561
RM0105,ULIP,2019-07-20 00:00:00.000000,23404
RM0168,Saving Account,2024-07-10 00:00:00.000000,80044
RM0166,Saving Account,2026-06-12 00:00:00.000000,110262
RM0151,Saving Account,2021-06-16 00:00:00.000000,115442
RM0126,Current Account,2020-10-18 00:00:00.000000,86548
RM0107,Credit Card,2024-07-28 00:00:00.000000,36213
RM0218,Life Insurance,2023-11-24 00:00:00.000000,210338
RM0118,Credit Card,2024-06-17 00:00:00.000000,33869
RM0111,Credit Card,2024-12-28 10:32:43.366002,60892
RM0059,Loan Against Property,2021-01-20 00:00:00.000000,18781
RM0119,Loan Against Property,2024-12-02 10:32:43.366033,206736
RM0103,Credit Card,2023-02-15 00:00:00.000000,70867
RM0130,Gold Investment,2022-09-19 00:00:00.000000,79994
RM0018,ULIP,2024-11-23 10:32:43.366064,13401
RM0194,Recurring Deposit,2024-08-24 00:00:00.000000,82072
RM0117,Loan Against Property,2026-03-14 00:00:00.000000,84521
RM0224,Saving Account,2025-07-28 00:00:00.000000,65702
RM0021,Fixed Deposit,2022-02-06 00:00:00.000000,27259
RM0094,Mutual Funds,2023-05-13 00:00:00.000000,43636
RM0009,Health Insurance,2024-03-23 00:00:00.000000,15851
RM0127,Loan Against Property,2022-10-28 00:00:00.000000,41893
RM0028,Credit Card,2020-01-18 00:00:00.000000,23974
RM0237,Saving Account,2021-02-09 00:00:00.000000,31469
RM0110,Health Insurance,2020-10-10 00:00:00.000000,18872
RM0047,Loan Against Property,2022-11-20 00:00:00.000000,23071
RM0111,Mutual Funds,2024-08-02 00:00:00.000000,13982
RM0070,Fixed Deposit,2020-01-22 00:00:00.000000,136224
RM0226,Saving Account,2023-05-12 00:00:00.000000,47794
RM0132,Health Insurance,2023-05-24 00:00:00.000000,35270
RM0245,Recurring Deposit,2025-11-13 00:00:00.000000,48289
RM0149,Saving Account,2023-04-30 00:00:00.000000,59482
RM0031,Gold Investment,2021-12-02 00:00:00.000000,137474
RM0110,Current Account,2020-12-18 00:00:00.000000,19842
RM0169,Saving Account,2023-03-04 00:00:00.000000,27517
RM0214,Mutual Funds,2019-01-17 00:00:00.000000,196048
RM0108,ULIP,2026-02-05 10:32:43.366103,33196
RM0021,Current Account,2022-11-08 00:00:00.000000,11141
RM0154,Loan Against Property,2022-11-07 00:00:00.000000,17987
RM0115,Health Insurance,2025-02-02 10:32:43.366134,11334
RM0163,Gold Investment,2023-09-05 00:00:00.000000,239875
RM0082,Gold Investment,2025-10-19 00:00:00.000000,26346
RM0062,Gold Investment,2024-09-09 10:32:43.366165,138551
RM0145,Current Account,2023-08-19 00:00:00.000000,284671
RM0157,Gold Investment,2023-12-23 00:00:00.000000,55794
RM0027,Saving Account,2020-08-06 00:00:00.000000,11687
RM0217,ULIP,2022-04-22 00:00:00.000000,61523
RM0213,Saving Account,2024-06-12 00:00:00.000000,14255
RM0046,ULIP,2021-10-02 00:00:00.000000,42849
RM0064,Term Insurance,2022-11-25 00:00:00.000000,36058
RM0188,Mutual Funds,2024-05-29 00:00:00.000000,56592
RM0151,Recurring Deposit,2024-06-06 00:00:00.000000,38888
RM0116,Life Insurance,2021-07-11 00:00:00.000000,145963
RM0062,Credit Card,2024-11-10 00:00:00.000000,48257
RM0012,ULIP,2022-06-21 00:00:00.000000,69163
RM0014,Term Insurance,2024-06-22 00:00:00.000000,123402
RM0229,Life Insurance,2025-06-02 10:32:43.366200,17942
RM0094,Gold Investment,2025-01-16 10:32:43.366230,23051
RM0013,Life Insurance,2021-08-24 00:00:00.000000,15676
RM0247,Gold Investment,2022-11-14 00:00:00.000000,17520
RM0054,ULIP,2021-10-15 00:00:00.000000,45931
RM0121,Saving Account,2025-04-03 00:00:00.000000,29369
RM0237,Credit Card,2022-04-03 00:00:00.000000,37510
RM0024,Saving Account,2021-12-26 00:00:00.000000,212248
RM0188,Loan Against Property,2024-05-10 00:00:00.000000,18521
RM0008,Loan Against Property,2021-04-01 00:00:00.000000,48914
RM0173,Health Insurance,2025-12-02 00:00:00.000000,15205
RM0233,Mutual Funds,2020-05-09 00:00:00.000000,29172
RM0058,Saving Account,2021-08-18 00:00:00.000000,47488
RM0016,Mutual Funds,2020-08-13 00:00:00.000000,156526
RM0201,Loan Against Property,2022-04-07 00:00:00.000000,34815
RM0082,Mutual Funds,2020-01-21 00:00:00.000000,13355
RM0156,Term Insurance,2026-05-11 00:00:00.000000,34564
RM0031,Fixed Deposit,2023-07-04 00:00:00.000000,17876
RM0229,Recurring Deposit,2019-09-05 00:00:00.000000,23067
RM0028,Recurring Deposit,2019-02-28 00:00:00.000000,58128
RM0159,Fixed Deposit,2020-06-23 00:00:00.000000,13490
RM0063,Health Insurance,2019-06-22 00:00:00.000000,41248
RM0164,Fixed Deposit,2024-03-25 00:00:00.000000,57011
RM0197,Loan Against Property,2020-11-10 00:00:00.000000,37396
RM0128,Health Insurance,2020-09-30 00:00:00.000000,10965
RM0069,Life Insurance,2025-09-02 00:00:00.000000,221747
RM0186,Term Insurance,2025-09-24 10:32:43.366336,32873
RM0124,ULIP,2021-11-22 00:00:00.000000,85384
RM0248,Recurring Deposit,2023-11-07 00:00:00.000000,29700
RM0158,Health Insurance,2021-05-20 00:00:00.000000,42219
RM0234,Fixed Deposit,2026-04-26 10:32:43.366370,34589
RM0142,Credit Card,2025-10-05 10:32:43.366400,30968
RM0160,Current Account,2021-12-18 00:00:00.000000,11104
RM0132,Life Insurance,2020-06-19 00:00:00.000000,32315
RM0186,Health Insurance,2021-10-08 00:00:00.000000,120132
RM0065,ULIP,2024-12-19 00:00:00.000000,68622
RM0112,Health Insurance,2024-10-23 00:00:00.000000,17857
RM0210,Current Account,2025-10-10 00:00:00.000000,54720
RM0203,Gold Investment,2024-02-04 00:00:00.000000,121388
RM0027,Credit Card,2025-01-04 00:00:00.000000,70204
RM0192,Mutual Funds,2023-03-20 00:00:00.000000,18048
RM0128,Loan Against Property,2022-12-15 00:00:00.000000,111184
RM0155,Loan Against Property,2026-04-29 00:00:00.000000,27944
RM0021,Recurring Deposit,2025-04-25 00:00:00.000000,40263
RM0106,Mutual Funds,2024-10-13 00:00:00.000000,47342
RM0118,Term Insurance,2023-04-29 00:00:00.000000,105025
RM0203,Current Account,2026-07-18 00:00:00.000000,144124
RM0016,Life Insurance,2021-04-03 00:00:00.000000,142715
RM0065,Term Insurance,2020-04-12 00:00:00.000000,27059
RM0244,Credit Card,2025-12-25 00:00:00.000000,10399
RM0159,ULIP,2025-03-15 00:00:00.000000,137480
RM0114,Credit Card,2025-05-30 00:00:00.000000,12796
RM0041,Mutual Funds,2020-03-29 00:00:00.000000,25446
RM0106,Mutual Funds,2023-02-28 00:00:00.000000,46179
RM0095,Mutual Funds,2022-06-01 00:00:00.000000,42689
RM0046,ULIP,2019-10-23 00:00:00.000000,56406
RM0088,Fixed Deposit,2025-07-04 00:00:00.000000,42643
RM0015,Recurring Deposit,2021-04-28 00:00:00.000000,146190
RM0078,Gold Investment,2020-03-17 00:00:00.000000,23757
RM0033,Mutual Funds,2019-02-15 00:00:00.000000,26011
RM0224,Mutual Funds,2024-11-10 10:32:43.366441,136749
RM0137,Life Insurance,2025-10-27 00:00:00.000000,13992
RM0222,Gold Investment,2023-08-13 00:00:00.000000,57024
RM0073,Saving Account,2023-04-01 00:00:00.000000,67243
RM0071,Health Insurance,2023-09-10 00:00:00.000000,45214
RM0222,Loan Against Property,2023-01-03 00:00:00.000000,69246
RM0223,Gold Investment,2021-03-17 00:00:00.000000,19482
RM0079,Mutual Funds,2024-03-18 00:00:00.000000,105741
RM0198,Current Account,2021-03-03 00:00:00.000000,17542
RM0123,Current Account,2023-02-18 00:00:00.000000,35609
RM0175,Current Account,2024-10-02 00:00:00.000000,13912
RM0151,Mutual Funds,2023-08-22 00:00:00.000000,49396
RM0021,Loan Against Property,2023-09-04 00:00:00.000000,65394
RM0056,Credit Card,2019-05-15 00:00:00.000000,151699
RM0179,Fixed Deposit,2022-03-17 00:00:00.000000,77226
RM0119,Saving Account,2026-02-02 00:00:00.000000,48946
RM0149,Gold Investment,2022-09-01 00:00:00.000000,144868
RM0162,Current Account,2021-06-17 00:00:00.000000,42546
RM0202,Current Account,2019-01-09 00:00:00.000000,51186
RM0093,Health Insurance,2026-02-02 10:32:43.366479,55329
RM0025,Term Insurance,2026-01-27 00:00:00.000000,36379
RM0222,Health Insurance,2019-01-04 00:00:00.000000,101157
RM0237,Health Insurance,2025-01-30 00:00:00.000000,20239
RM0124,Health Insurance,2019-04-25 00:00:00.000000,50466
RM0026,Gold Investment,2020-07-23 00:00:00.000000,74048
RM0166,Loan Against Property,2024-03-20 00:00:00.000000,127157
RM0076,Mutual Funds,2020-07-02 00:00:00.000000,117673
RM0219,Credit Card,2026-04-10 00:00:00.000000,45539
RM0130,Health Insurance,2022-08-29 00:00:00.000000,61523
RM0039,Term Insurance,2024-08-19 00:00:00.000000,35063
RM0103,Credit Card,2019-04-25 00:00:00.000000,41572
RM0131,Loan Against Property,2023-01-02 00:00:00.000000,128364
RM0216,Credit Card,2025-01-07 10:32:43.366514,143468
RM0184,Loan Against Property,2023-01-06 00:00:00.000000,122887
RM0064,Term Insurance,2026-04-23 00:00:00.000000,17446
RM0188,Fixed Deposit,2021-10-10 00:00:00.000000,104884
RM0012,Recurring Deposit,2024-09-12 00:00:00.000000,158176
RM0022,Mutual Funds,2024-03-17 00:00:00.000000,32412
RM0208,Gold Investment,2025-02-06 00:00:00.000000,46557
RM0187,Term Insurance,2021-06-28 00:00:00.000000,85501
RM0048,Gold Investment,2019-05-20 00:00:00.000000,51285
RM0212,Life Insurance,2020-05-30 00:00:00.000000,261671
RM0122,Term Insurance,2020-04-25 00:00:00.000000,40413
RM0216,Fixed Deposit,2025-10-02 00:00:00.000000,72578
RM0026,Mutual Funds,2024-06-28 00:00:00.000000,88653
RM0099,ULIP,2023-06-13 00:00:00.000000,44070
RM0164,Loan Against Property,2025-03-09 00:00:00.000000,107239
RM0133,Recurring Deposit,2020-04-09 00:00:00.000000,49499
RM0231,Saving Account,2022-06-18 00:00:00.000000,36521
RM0050,Recurring Deposit,2025-08-29 00:00:00.000000,15704
RM0006,Health Insurance,2025-05-10 00:00:00.000000,34995
RM0198,Term Insurance,2024-11-06 00:00:00.000000,76201
RM0209,Credit Card,2024-10-06 00:00:00.000000,137096
RM0192,Life Insurance,2021-10-05 00:00:00.000000,24496
RM0074,Current Account,2021-09-20 00:00:00.000000,31943
RM0051,Current Account,2019-06-02 00:00:00.000000,18359
RM0129,Term Insurance,2020-06-23 00:00:00.000000,68675
RM0127,Saving Account,2023-01-29 00:00:00.000000,171179
RM0169,Term Insurance,2024-08-22 00:00:00.000000,61214
RM0102,Saving Account,2020-05-03 00:00:00.000000,57996
RM0218,Current Account,2019-07-07 00:00:00.000000,50314
RM0182,Current Account,2026-01-03 00:00:00.000000,14630
RM0003,Current Account,2021-03-24 00:00:00.000000,75374
RM0181,ULIP,2019-10-03 00:00:00.000000,56071
RM0237,Mutual Funds,2025-12-03 00:00:00.000000,64158
RM0116,ULIP,2023-12-21 00:00:00.000000,124538
RM0199,Life Insurance,2026-06-24 00:00:00.000000,86614
RM0190,Loan Against Property,2023-03-12 00:00:00.000000,85914
RM0210,Mutual Funds,2021-02-20 00:00:00.000000,140990
RM0096,Current Account,2020-09-02 00:00:00.000000,239934
RM0102,Life Insurance,2023-12-29 00:00:00.000000,53527
RM0200,Health Insurance,2021-10-23 00:00:00.000000,15763
RM0048,Credit Card,2020-07-30 00:00:00.000000,40728
RM0069,Credit Card,2021-08-19 00:00:00.000000,87464
RM0098,Recurring Deposit,2020-06-18 00:00:00.000000,11405
RM0026,Mutual Funds,2022-12-03 00:00:00.000000,12928
RM0128,Health Insurance,2022-07-13 00:00:00.000000,13475
RM0031,Saving Account,2021-05-10 00:00:00.000000,75658
RM0091,Recurring Deposit,2023-03-07 00:00:00.000000,44774
RM0245,Term Insurance,2021-08-14 00:00:00.000000,47122
RM0206,Credit Card,2020-06-11 00:00:00.000000,33014
RM0015,Mutual Funds,2023-06-02 00:00:00.000000,15581
RM0073,Fixed Deposit,2023-12-13 00:00:00.000000,75883
RM0040,Life Insurance,2019-10-10 00:00:00.000000,29358
RM0196,Current Account,2024-01-22 00:00:00.000000,25416
RM0199,Credit Card,2023-12-24 00:00:00.000000,62823
RM0021,Life Insurance,2025-03-10 00:00:00.000000,50936
RM0132,Gold Investment,2019-01-26 00:00:00.000000,32503
RM0147,Current Account,2024-10-26 00:00:00.000000,61289
RM0185,Recurring Deposit,2025-03-24 00:00:00.000000,25819
RM0147,Current Account,2019-08-01 00:00:00.000000,89195
RM0174,Life Insurance,2026-08-07 00:00:00.000000,23024
RM0098,Saving Account,2020-05-09 00:00:00.000000,18648
RM0027,Current Account,2021-04-28 00:00:00.000000,86263
RM0049,ULIP,2023-11-11 00:00:00.000000,71531
RM0209,Current Account,2023-07-04 00:00:00.000000,20083
RM0136,Loan Against Property,2024-10-23 00:00:00.000000,16178
RM0038,Gold Investment,2022-03-09 00:00:00.000000,101131
RM0139,Fixed Deposit,2021-09-23 00:00:00.000000,84939
RM0104,Life Insurance,2021-03-08 00:00:00.000000,29819
RM0226,Current Account,2024-05-27 00:00:00.000000,63676
RM0224,ULIP,2023-01-25 00:00:00.000000,16628
RM0201,Life Insurance,2024-03-27 00:00:00.000000,45367
RM0142,Mutual Funds,2023-07-24 00:00:00.000000,10945
RM0236,Mutual Funds,2025-11-13 10:32:43.366571,34846
RM0108,Loan Against Property,2022-12-31 00:00:00.000000,13889
RM0084,Gold Investment,2023-10-23 00:00:00.000000,42231
RM0227,Fixed Deposit,2024-01-06 00:00:00.000000,37381
RM0141,Recurring Deposit,2019-07-11 00:00:00.000000,39383
RM0082,Loan Against Property,2020-07-31 00:00:00.000000,12319
RM0028,Saving Account,2025-02-09 00:00:00.000000,32440
RM0036,Fixed Deposit,2025-07-30 10:32:43.366604,80628
RM0189,Mutual Funds,2025-10-10 00:00:00.000000,33015
RM0127,Saving Account,2026-06-03 00:00:00.000000,72793
RM0171,Life Insurance,2020-11-25 00:00:00.000000,33060
RM0166,ULIP,2024-03-01 00:00:00.000000,37516
RM0162,Saving Account,2020-01-23 00:00:00.000000,51493
RM0195,Saving Account,2021-12-06 00:00:00.000000,160473
RM0114,Mutual Funds,2022-01-11 00:00:00.000000,15762
RM0159,Credit Card,2023-10-19 00:00:00.000000,11673
RM0007,Term Insurance,2026-01-26 10:32:43.366638,56819
RM0093,Loan Against Property,2019-08-26 00:00:00.000000,158891
RM0065,Current Account,2019-10-16 00:00:00.000000,238892
RM0099,Gold Investment,2026-07-24 00:00:00.000000,43098
RM0032,Mutual Funds,2024-11-17 00:00:00.000000,41563
RM0039,Fixed Deposit,2024-07-31 00:00:00.000000,61776
RM0186,Loan Against Property,2022-07-15 00:00:00.000000,50555
RM0048,Saving Account,2024-01-05 00:00:00.000000,60268
RM0199,Recurring Deposit,2020-12-08 00:00:00.000000,113573
RM0087,Health Insurance,2024-05-29 00:00:00.000000,78581
RM0055,Current Account,2019-12-20 00:00:00.000000,44346
RM0094,Recurring Deposit,2024-10-23 00:00:00.000000,40982
RM0228,ULIP,2023-08-24 00:00:00.000000,61027
RM0054,Life Insurance,2021-10-02 00:00:00.000000,40413
RM0233,ULIP,2025-03-14 10:32:43.366673,40604
RM0076,Loan Against Property,2021-12-24 00:00:00.000000,10822
RM0181,ULIP,2024-10-30 00:00:00.000000,75066
RM0155,Fixed Deposit,2022-09-11 00:00:00.000000,19561
RM0050,Health Insurance,2025-04-23 00:00:00.000000,43521
RM0023,Fixed Deposit,2025-03-06 00:00:00.000000,96482
RM0015,Gold Investment,2022-11-20 00:00:00.000000,26336
RM0094,Life Insurance,2021-04-27 00:00:00.000000,46974
RM0218,Term Insurance,2022-11-18 00:00:00.000000,31153
RM0179,Fixed Deposit,2023-05-27 00:00:00.000000,15535
RM0098,Saving Account,2024-09-24 00:00:00.000000,168860
RM0061,Life Insurance,2019-02-26 00:00:00.000000,88888888
RM0094,Gold Investment,2025-12-31 00:00:00.000000,106438
RM0162,ULIP,2023-07-13 00:00:00.000000,14087
RM0094,Mutual Funds,2021-04-29 00:00:00.000000,73610
RM0149,Credit Card,2021-05-08 00:00:00.000000,31353
RM0092,Current Account,2025-07-29 00:00:00.000000,273436
RM0069,Term Insurance,2022-09-03 00:00:00.000000,28005
RM0079,Term Insurance,2020-09-19 00:00:00.000000,23638
RM0098,ULIP,2020-09-18 00:00:00.000000,51953
RM0131,Current Account,2023-08-01 00:00:00.000000,100128
RM0152,Current Account,2025-07-03 00:00:00.000000,20691
RM0019,Credit Card,2019-02-19 00:00:00.000000,71790
RM0078,Saving Account,2022-09-26 00:00:00.000000,13168
RM0141,Gold Investment,2019-04-13 00:00:00.000000,135625
RM0249,Term Insurance,2023-01-18 00:00:00.000000,14227
RM0222,Credit Card,2024-02-28 00:00:00.000000,132805
RM0248,Credit Card,2024-08-03 00:00:00.000000,43746
RM0089,Loan Against Property,2019-08-18 00:00:00.000000,39718
RM0183,Term Insurance,2025-07-28 10:32:43.366714,191167
RM0082,Life Insurance,2021-01-08 00:00:00.000000,242217
RM0015,Loan Against Property,2022-07-17 00:00:00.000000,62516
RM0164,Gold Investment,2023-09-14 00:00:00.000000,16797
RM0005,Mutual Funds,2019-02-05 00:00:00.000000,45278
RM0185,Gold Investment,2022-05-31 00:00:00.000000,47662
RM0237,Health Insurance,2019-02-24 00:00:00.000000,46123
RM0076,Loan Against Property,2026-03-08 10:32:43.366746,52139
RM0228,Current Account,2022-04-29 00:00:00.000000,10945
RM0022,ULIP,2024-07-28 00:00:00.000000,60383
RM0214,Life Insurance,2023-06-17 00:00:00.000000,72105
RM0196,Health Insurance,2024-01-23 00:00:00.000000,72308
RM0167,Mutual Funds,2019-03-11 00:00:00.000000,16134
RM0120,Recurring Deposit,2026-05-23 00:00:00.000000,52226
RM0078,Health Insurance,2024-01-04 00:00:00.000000,52008
RM0125,Fixed Deposit,2025-12-19 00:00:00.000000,67356
RM0115,Current Account,2024-10-22 00:00:00.000000,14463
RM0048,Health Insurance,2024-10-01 00:00:00.000000,59242
RM0230,Recurring Deposit,2026-08-05 10:32:43.366780,26477
RM0126,Saving Account,2024-10-23 00:00:00.000000,45362
RM0247,Life Insurance,2020-04-06 00:00:00.000000,84211
RM0236,Saving Account,2019-08-26 00:00:00.000000,71148
RM0170,Gold Investment,2023-10-29 00:00:00.000000,16329
RM0012,Mutual Funds,2023-05-22 00:00:00.000000,54724
RM0230,Mutual Funds,2023-01-24 00:00:00.000000,183876
RM0140,Health Insurance,2026-01-10 00:00:00.000000,18525
RM0198,Gold Investment,2021-11-04 00:00:00.000000,105834
RM0038,Recurring Deposit,2026-02-21 00:00:00.000000,70625
RM0167,Health Insurance,2022-05-13 00:00:00.000000,84361
RM0202,Current Account,2023-07-31 00:00:00.000000,26561
RM0063,Current Account,2025-12-31 00:00:00.000000,26976
RM0025,Current Account,2023-06-08 00:00:00.000000,128233
RM0068,Current Account,2020-07-01 00:00:00.000000,32301
RM0245,Fixed Deposit,2022-12-08 00:00:00.000000,13254
RM0206,Loan Against Property,2022-04-22 00:00:00.000000,55889
RM0149,Term Insurance,2023-09-07 00:00:00.000000,16666
RM0115,Loan Against Property,2023-09-14 00:00:00.000000,89628
RM0107,ULIP,2025-01-19 00:00:00.000000,61325
RM0103,Gold Investment,2023-01-10 00:00:00.000000,113862
RM0239,Credit Card,2025-08-28 00:00:00.000000,86818
RM0212,Fixed Deposit,2025-10-27 00:00:00.000000,15945
RM0143,Fixed Deposit,2020-11-16 00:00:00.000000,33988
RM0135,Mutual Funds,2025-09-13 10:32:43.366822,90819
RM0083,Term Insurance,2025-03-12 00:00:00.000000,88888888
RM0154,Recurring Deposit,2019-12-11 00:00:00.000000,84485
RM0044,Current Account,2025-08-16 00:00:00.000000,37007
RM0184,Fixed Deposit,2019-01-22 00:00:00.000000,189434
RM0043,ULIP,2020-09-10 00:00:00.000000,76541
RM0177,Recurring Deposit,2022-01-30 00:00:00.000000,10781
RM0112,Fixed Deposit,2022-12-27 00:00:00.000000,116007
RM0231,Health Insurance,2020-12-04 00:00:00.000000,15312
RM0189,Health Insurance,2024-02-14 00:00:00.000000,17571
RM0029,Fixed Deposit,2022-07-06 00:00:00.000000,76305
RM0247,Health Insurance,2024-07-02 00:00:00.000000,110112
RM0191,Fixed Deposit,2019-08-01 00:00:00.000000,48431
RM0232,Health Insurance,2025-01-10 00:00:00.000000,88888888
RM0210,Term Insurance,2024-09-21 00:00:00.000000,27057
RM0081,Life Insurance,2022-06-21 00:00:00.000000,45689
RM0209,Health Insurance,2023-11-30 00:00:00.000000,31640
RM0079,ULIP,2025-07-20 00:00:00.000000,30995
RM0024,Current Account,2019-12-07 00:00:00.000000,29776
RM0111,Recurring Deposit,2025-08-14 00:00:00.000000,23913
RM0127,Credit Card,2020-12-25 00:00:00.000000,56935
RM0219,Recurring Deposit,2021-01-24 00:00:00.000000,125332
RM0128,Term Insurance,2019-08-12 00:00:00.000000,28342
RM0071,ULIP,2021-09-07 00:00:00.000000,20332
RM0113,Life Insurance,2019-02-12 00:00:00.000000,101186
RM0115,Term Insurance,2022-05-16 00:00:00.000000,77697
RM0233,Loan Against Property,2023-10-03 00:00:00.000000,143564
RM0181,Life Insurance,2022-04-12 00:00:00.000000,19047
RM0067,ULIP,2020-11-03 00:00:00.000000,17788
RM0116,Credit Card,2025-06-06 00:00:00.000000,34199
RM0021,Gold Investment,2025-10-07 00:00:00.000000,48982
RM0037,Loan Against Property,2023-08-17 00:00:00.000000,57652
RM0062,Gold Investment,2026-03-11 00:00:00.000000,42713
RM0178,Health Insurance,2025-09-07 00:00:00.000000,55685
RM0155,Saving Account,2023-01-21 00:00:00.000000,19945
RM0133,Saving Account,2023-12-17 00:00:00.000000,42659
RM0133,Saving Account,2024-08-04 00:00:00.000000,63660
RM0246,Life Insurance,2021-01-21 00:00:00.000000,38343
RM0076,Saving Account,2019-12-05 00:00:00.000000,66885
RM0166,Fixed Deposit,2023-12-23 00:00:00.000000,40000
RM0105,Credit Card,2019-08-29 00:00:00.000000,30293
RM0245,Health Insurance,2019-03-29 00:00:00.000000,28091
RM0071,Credit Card,2021-04-16 00:00:00.000000,36458
RM0130,Current Account,2025-01-15 00:00:00.000000,11168
RM0104,Loan Against Property,2023-07-29 00:00:00.000000,65210
RM0070,Credit Card,2021-06-27 00:00:00.000000,103250
RM0099,Term Insurance,2025-05-11 00:00:00.000000,31896
RM0210,Saving Account,2020-10-11 00:00:00.000000,12356
RM0057,Term Insurance,2022-03-15 00:00:00.000000,226284
RM0198,Loan Against Property,2026-08-04 00:00:00.000000,25305
RM0113,Gold Investment,2019-06-25 00:00:00.000000,16769
RM0175,Gold Investment,2024-05-20 00:00:00.000000,35536
RM0210,Health Insurance,2024-11-16 10:32:43.366872,33082
RM0107,Fixed Deposit,2020-02-25 00:00:00.000000,77076
RM0095,Current Account,2019-04-07 00:00:00.000000,27401
RM0147,ULIP,2020-11-05 00:00:00.000000,88888888
RM0189,Mutual Funds,2024-10-24 00:00:00.000000,52748
RM0224,Health Insurance,2019-07-21 00:00:00.000000,36855
RM0150,Mutual Funds,2024-03-01 00:00:00.000000,16264
RM0141,ULIP,2026-01-05 00:00:00.000000,30045
RM0243,Health Insurance,2021-05-18 00:00:00.000000,74525
RM0099,Gold Investment,2023-12-04 00:00:00.000000,57337
RM0228,Credit Card,2023-03-09 00:00:00.000000,16379
RM0144,Current Account,2020-06-24 00:00:00.000000,18915
RM0027,Recurring Deposit,2026-08-07 00:00:00.000000,61184
RM0025,Gold Investment,2022-08-13 00:00:00.000000,93943
RM0058,Life Insurance,2023-12-27 00:00:00.000000,31498
RM0139,Fixed Deposit,2024-05-19 00:00:00.000000,55231
RM0217,Recurring Deposit,2020-04-03 00:00:00.000000,19355
RM0175,Gold Investment,2022-07-13 00:00:00.000000,28653
RM0170,Current Account,2024-10-11 00:00:00.000000,11023
RM0204,ULIP,2026-03-30 00:00:00.000000,83110
RM0112,Term Insurance,2025-10-17 00:00:00.000000,35625
RM0089,Gold Investment,2025-06-22 00:00:00.000000,94675
RM0062,ULIP,2026-07-06 00:00:00.000000,71613
RM0113,Loan Against Property,2021-10-23 00:00:00.000000,98229
RM0165,Fixed Deposit,2025-10-31 00:00:00.000000,26819
RM0098,ULIP,2026-03-10 00:00:00.000000,20235
RM0069,Recurring Deposit,2024-05-27 00:00:00.000000,188609
RM0128,Recurring Deposit,2024-05-10 00:00:00.000000,73173
RM0155,Current Account,2023-01-17 00:00:00.000000,99801
RM0131,Loan Against Property,2022-02-15 00:00:00.000000,10661
RM0156,Fixed Deposit,2021-01-03 00:00:00.000000,31883
RM0065,Recurring Deposit,2025-04-13 00:00:00.000000,77898
RM0089,Gold Investment,2019-05-21 00:00:00.000000,14059
RM0073,Loan Against Property,2025-04-05 00:00:00.000000,51890
RM0042,Current Account,2019-09-20 00:00:00.000000,38024
RM0127,Gold Investment,2023-07-17 00:00:00.000000,10888
RM0077,Mutual Funds,2025-08-01 00:00:00.000000,23457
RM0165,Life Insurance,2023-12-22 00:00:00.000000,26759
RM0222,Recurring Deposit,2020-03-16 00:00:00.000000,15931
RM0055,Life Insurance,2023-05-18 00:00:00.000000,59920
RM0082,Loan Against Property,2019-11-29 00:00:00.000000,23879
RM0051,Mutual Funds,2023-04-29 00:00:00.000000,26260
RM0193,Loan Against Property,2021-02-10 00:00:00.000000,124256
RM0132,Mutual Funds,2026-01-25 00:00:00.000000,41473
RM0245,Term Insurance,2026-04-04 00:00:00.000000,34889
RM0152,Recurring Deposit,2026-06-17 00:00:00.000000,74344
RM0221,Credit Card,2019-07-10 00:00:00.000000,130183
RM0078,Term Insurance,2022-01-25 00:00:00.000000,11267
RM0210,Credit Card,2025-10-03 10:32:43.366920,39732
RM0161,Recurring Deposit,2019-01-20 00:00:00.000000,57180
RM0134,Term Insurance,2022-02-03 00:00:00.000000,29177
RM0012,Term Insurance,2019-11-14 00:00:00.000000,84009
RM0073,Mutual Funds,2025-01-16 00:00:00.000000,187852
RM0249,Gold Investment,2020-08-10 00:00:00.000000,153611
RM0063,Mutual Funds,2021-04-12 00:00:00.000000,25461
RM0099,Life Insurance,2025-11-13 00:00:00.000000,22831
RM0089,Loan Against Property,2020-06-23 00:00:00.000000,167901
RM0081,Loan Against Property,2025-02-01 00:00:00.000000,40682
RM0211,Life Insurance,2023-06-17 00:00:00.000000,21678
RM0021,Fixed Deposit,2025-06-10 10:32:43.366955,71378
RM0105,Health Insurance,2020-06-13 00:00:00.000000,26733
RM0192,Life Insurance,2020-12-06 00:00:00.000000,25547
RM0126,Term Insurance,2020-10-28 00:00:00.000000,115701
RM0169,Loan Against Property,2021-04-07 00:00:00.000000,18865
RM0095,Recurring Deposit,2023-09-18 00:00:00.000000,13327
RM0016,Fixed Deposit,2020-05-31 00:00:00.000000,25679
RM0071,Mutual Funds,2021-12-18 00:00:00.000000,56690
RM0093,Mutual Funds,2023-07-03 00:00:00.000000,16567
RM0200,Health Insurance,2023-11-06 00:00:00.000000,41894
RM0118,Credit Card,2025-04-15 10:32:43.366988,59354
RM0212,Saving Account,2020-08-25 00:00:00.000000,104436
RM0222,Life Insurance,2025-10-11 10:32:43.367019,23059
RM0112,Mutual Funds,2025-05-11 00:00:00.000000,95008
RM0195,Recurring Deposit,2025-12-03 00:00:00.000000,38244
RM0225,Fixed Deposit,2022-02-22 00:00:00.000000,23387
RM0119,Loan Against Property,2023-05-31 00:00:00.000000,66469
RM0248,Saving Account,2023-07-28 00:00:00.000000,38165
RM0072,Loan Against Property,2019-02-05 00:00:00.000000,16090
RM0101,Gold Investment,2025-10-21 00:00:00.000000,72634
RM0042,Health Insurance,2019-06-30 00:00:00.000000,22279
RM0093,Life Insurance,2019-03-27 00:00:00.000000,19717
RM0065,Health Insurance,2020-12-29 00:00:00.000000,32183
RM0250,Fixed Deposit,2023-04-07 00:00:00.000000,62963
RM0008,Mutual Funds,2026-05-22 00:00:00.000000,23328
RM0009,Saving Account,2022-02-27 00:00:00.000000,20146
RM0156,Fixed Deposit,2020-03-23 00:00:00.000000,10500
RM0093,Saving Account,2023-02-10 00:00:00.000000,41899
RM0248,Health Insurance,2025-05-11 10:32:43.367054,37987
RM0022,Fixed Deposit,2021-01-24 00:00:00.000000,23320
RM0203,Life Insurance,2022-07-20 00:00:00.000000,12757
RM0094,Recurring Deposit,2024-12-16 00:00:00.000000,20121
RM0198,Mutual Funds,2024-10-13 00:00:00.000000,38040
RM0091,ULIP,2021-10-03 00:00:00.000000,87606
RM0163,Life Insurance,2020-02-18 00:00:00.000000,72812
RM0019,Fixed Deposit,2025-08-09 00:00:00.000000,166147
RM0222,Credit Card,2026-08-06 00:00:00.000000,108590
RM0216,ULIP,2026-03-18 00:00:00.000000,10481
RM0189,Fixed Deposit,2025-06-19 10:32:43.367088,179690
RM0166,Mutual Funds,2020-06-27 00:00:00.000000,25383
RM0239,ULIP,2022-09-18 00:00:00.000000,30882
RM0156,Gold Investment,2020-11-07 00:00:00.000000,242288
RM0205,Life Insurance,2025-10-15 00:00:00.000000,24559
RM0104,Life Insurance,2020-11-13 00:00:00.000000,41889
RM0230,Health Insurance,2025-06-23 00:00:00.000000,31842
RM0078,Health Insurance,2019-10-18 00:00:00.000000,31984
RM0060,Term Insurance,2025-04-30 00:00:00.000000,102347
RM0246,Life Insurance,2024-10-05 00:00:00.000000,78603
RM0081,Gold Investment,2022-02-13 00:00:00.000000,252371
RM0103,Life Insurance,2024-05-11 00:00:00.000000,57533
RM0051,Life Insurance,2024-11-27 00:00:00.000000,41111
RM0121,Credit Card,2021-03-10 00:00:00.000000,14719
RM0027,Mutual Funds,2019-02-18 00:00:00.000000,293634
RM0213,Life Insurance,2025-06-19 10:32:43.367123,50095
RM0225,Gold Investment,2023-07-18 00:00:00.000000,70278
RM0083,Current Account,2024-11-06 10:32:43.367153,36106
RM0077,Credit Card,2022-03-10 00:00:00.000000,49672
RM0165,Life Insurance,2026-06-07 00:00:00.000000,152866
RM0039,Life Insurance,2025-09-07 10:32:43.367183,19101
RM0060,Gold Investment,2019-03-30 00:00:00.000000,27291
RM0098,Recurring Deposit,2021-05-19 00:00:00.000000,18247
RM0056,ULIP,2026-03-28 00:00:00.000000,88562
RM0149,Term Insurance,2020-11-12 00:00:00.000000,13202
RM0224,Health Insurance,2021-02-18 00:00:00.000000,14257
RM0147,Loan Against Property,2023-11-02 00:00:00.000000,27726
RM0203,Life Insurance,2025-03-26 00:00:00.000000,46096
RM0147,Current Account,2026-08-06 00:00:00.000000,36066
RM0045,Health Insurance,2024-08-03 00:00:00.000000,12292
RM0153,Recurring Deposit,2025-10-21 10:32:43.367216,167902
RM0158,Term Insurance,2023-06-29 00:00:00.000000,162741
RM0241,Term Insurance,2022-11-05 00:00:00.000000,26380
RM0053,Recurring Deposit,2023-04-02 00:00:00.000000,75749
RM0141,Saving Account,2025-10-20 00:00:00.000000,53205
RM0055,Fixed Deposit,2021-09-27 00:00:00.000000,23556
RM0137,Life Insurance,2020-07-13 00:00:00.000000,25202
RM0046,Life Insurance,2022-07-19 00:00:00.000000,43780
RM0063,Credit Card,2025-12-21 00:00:00.000000,37170
RM0065,Loan Against Property,2025-01-25 00:00:00.000000,27211
RM0205,Current Account,2021-09-18 00:00:00.000000,92385
RM0036,Saving Account,2020-11-07 00:00:00.000000,42837
RM0037,Mutual Funds,2020-04-10 00:00:00.000000,63188
RM0181,ULIP,2022-09-05 00:00:00.000000,20491
RM0030,Loan Against Property,2023-05-12 00:00:00.000000,48125
RM0183,Mutual Funds,2019-09-16 00:00:00.000000,29134
RM0004,Fixed Deposit,2025-10-06 00:00:00.000000,88888888
RM0065,Saving Account,2021-07-10 00:00:00.000000,47371
RM0093,ULIP,2021-11-26 00:00:00.000000,85894
RM0103,Current Account,2026-07-23 00:00:00.000000,83248
RM0070,Saving Account,2023-02-23 00:00:00.000000,31864
RM0118,Health Insurance,2022-07-06 00:00:00.000000,69253
RM0226,Recurring Deposit,2025-03-14 00:00:00.000000,151757
RM0101,Credit Card,2019-05-09 00:00:00.000000,59130
RM0101,Current Account,2025-04-16 10:32:43.367306,18032
RM0182,Saving Account,2019-02-12 00:00:00.000000,14963
RM0071,Fixed Deposit,2024-06-10 00:00:00.000000,66926
RM0017,Fixed Deposit,2021-02-03 00:00:00.000000,15541
RM0093,Credit Card,2025-09-03 00:00:00.000000,112829
RM0016,Life Insurance,2022-11-01 00:00:00.000000,46351
RM0092,Mutual Funds,2021-05-09 00:00:00.000000,34318
RM0096,Fixed Deposit,2019-11-29 00:00:00.000000,12934
RM0227,Current Account,2024-01-13 00:00:00.000000,33965
RM0018,ULIP,2019-09-25 00:00:00.000000,126758
RM0217,Current Account,2020-04-24 00:00:00.000000,11060
RM0112,Fixed Deposit,2025-10-11 00:00:00.000000,42184
RM0213,Life Insurance,2025-12-26 00:00:00.000000,143797
RM0227,Loan Against Property,2025-09-14 00:00:00.000000,35113
RM0167,Life Insurance,2026-02-07 00:00:00.000000,37946
RM0080,Loan Against Property,2023-03-17 00:00:00.000000,53203
RM0242,Life Insurance,2021-07-19 00:00:00.000000,41082
RM0080,Loan Against Property,2024-04-03 00:00:00.000000,19232
RM0042,Mutual Funds,2023-09-20 00:00:00.000000,10936
RM0124,Health Insurance,2024-07-28 00:00:00.000000,57056
RM0210,Fixed Deposit,2024-02-07 00:00:00.000000,136793
RM0170,Life Insurance,2024-05-21 00:00:00.000000,15622
RM0086,ULIP,2024-01-25 00:00:00.000000,21846
RM0222,Loan Against Property,2019-09-02 00:00:00.000000,33119
RM0091,Saving Account,2025-01-08 00:00:00.000000,92706
RM0204,Loan Against Property,2023-05-21 00:00:00.000000,25684
RM0016,Saving Account,2019-02-03 00:00:00.000000,116876
RM0046,Fixed Deposit,2019-10-15 00:00:00.000000,12826
RM0051,Recurring Deposit,2021-08-26 00:00:00.000000,151474
RM0001,Life Insurance,2026-07-08 00:00:00.000000,51133
RM0230,Saving Account,2025-02-07 00:00:00.000000,63761
RM0171,Life Insurance,2020-06-29 00:00:00.000000,32918
RM0083,Credit Card,2021-09-07 00:00:00.000000,86161
RM0152,Current Account,2024-05-14 00:00:00.000000,19110
RM0156,Term Insurance,2020-10-10 00:00:00.000000,12507
RM0203,Fixed Deposit,2020-05-22 00:00:00.000000,35169
RM0110,Saving Account,2019-02-08 00:00:00.000000,106103
RM0014,Loan Against Property,2020-07-10 00:00:00.000000,349439
RM0191,Health Insurance,2020-07-25 00:00:00.000000,80309
RM0037,Credit Card,2025-09-09 00:00:00.000000,46403
RM0087,Life Insurance,2019-08-25 00:00:00.000000,52447
RM0051,Mutual Funds,2023-02-27 00:00:00.000000,16956
RM0128,Credit Card,2021-12-04 00:00:00.000000,101842
RM0139,Current Account,2025-10-19 00:00:00.000000,87313
RM0181,ULIP,2024-07-18 00:00:00.000000,63424
RM0165,Life Insurance,2023-05-20 00:00:00.000000,41385
RM0201,ULIP,2021-02-27 00:00:00.000000,176853
RM0023,Mutual Funds,2019-09-21 00:00:00.000000,115611
RM0203,Mutual Funds,2025-03-10 00:00:00.000000,61701
RM0008,Mutual Funds,2022-11-25 00:00:00.000000,33244
RM0214,Saving Account,2022-11-09 00:00:00.000000,58119
RM0121,Health Insurance,2025-09-24 00:00:00.000000,52835
RM0021,Current Account,2022-12-31 00:00:00.000000,35063
RM0171,ULIP,2025-09-08 00:00:00.000000,28312
RM0130,Life Insurance,2020-03-24 00:00:00.000000,36128
RM0152,ULIP,2023-07-16 00:00:00.000000,52655
RM0214,Mutual Funds,2021-12-10 00:00:00.000000,37942
RM0245,Saving Account,2019-06-03 00:00:00.000000,25297
RM0240,ULIP,2021-05-22 00:00:00.000000,81556
RM0206,Gold Investment,2020-12-23 00:00:00.000000,47907
RM0033,Fixed Deposit,2024-10-12 00:00:00.000000,13503
RM0247,Credit Card,2025-08-17 00:00:00.000000,32968
RM0085,Mutual Funds,2023-07-14 00:00:00.000000,118103
RM0197,Credit Card,2021-02-20 00:00:00.000000,80373
RM0068,Term Insurance,2020-05-06 00:00:00.000000,29522
RM0008,Loan Against Property,2023-09-18 00:00:00.000000,149178
RM0131,Health Insurance,2024-04-27 00:00:00.000000,13984
RM0135,Fixed Deposit,2020-02-22 00:00:00.000000,172511
RM0220,Recurring Deposit,2024-10-13 00:00:00.000000,24098
RM0144,Recurring Deposit,2024-11-25 00:00:00.000000,10456
RM0197,Loan Against Property,2024-04-28 00:00:00.000000,38441
RM0083,ULIP,2020-04-13 00:00:00.000000,32233
RM0250,Gold Investment,2022-11-12 00:00:00.000000,48727
RM0057,Loan Against Property,2025-07-03 00:00:00.000000,89671
RM0020,Term Insurance,2025-09-23 00:00:00.000000,102394
RM0018,Term Insurance,2026-01-09 00:00:00.000000,35643
RM0159,Loan Against Property,2022-11-26 00:00:00.000000,536432
RM0054,Mutual Funds,2025-03-31 00:00:00.000000,38092
RM0159,Fixed Deposit,2025-02-03 00:00:00.000000,18018
RM0137,ULIP,2019-12-16 00:00:00.000000,12435
RM0112,Current Account,2022-07-23 00:00:00.000000,61251
RM0141,Credit Card,2020-08-08 00:00:00.000000,13330
RM0010,Credit Card,2026-07-17 00:00:00.000000,76181
RM0031,ULIP,2021-04-15 00:00:00.000000,48727
RM0244,Credit Card,2024-08-19 00:00:00.000000,21068
RM0179,Term Insurance,2025-11-09 00:00:00.000000,48774
RM0152,Credit Card,2023-02-01 00:00:00.000000,20105
RM0129,Loan Against Property,2021-11-26 00:00:00.000000,38878
RM0049,Current Account,2026-04-12 00:00:00.000000,90362
RM0084,Loan Against Property,2020-10-29 00:00:00.000000,40987
RM0089,ULIP,2020-07-05 00:00:00.000000,18049
RM0151,ULIP,2020-05-07 00:00:00.000000,74336
RM0072,Gold Investment,2021-02-23 00:00:00.000000,20336
RM0170,Credit Card,2026-02-11 00:00:00.000000,77075
RM0006,ULIP,2024-07-14 00:00:00.000000,42634
RM0132,Fixed Deposit,2019-10-24 00:00:00.000000,40233
RM0100,Gold Investment,2024-11-15 00:00:00.000000,105336
RM0155,Health Insurance,2024-06-04 00:00:00.000000,71653
RM0030,Mutual Funds,2023-05-19 00:00:00.000000,11673
RM0164,Recurring Deposit,2022-06-04 00:00:00.000000,27561
RM0214,Fixed Deposit,2022-10-22 00:00:00.000000,112366
RM0038,Loan Against Property,2020-04-09 00:00:00.000000,10924
RM0072,Life Insurance,2023-05-21 00:00:00.000000,49400
RM0182,ULIP,2026-02-25 00:00:00.000000,75065
RM0204,Health Insurance,2025-05-11 00:00:00.000000,58624
RM0055,Saving Account,2023-01-07 00:00:00.000000,81466
RM0186,Mutual Funds,2024-02-18 00:00:00.000000,41773
RM0222,Life Insurance,2026-01-17 00:00:00.000000,74675
RM0125,Health Insurance,2023-04-17 00:00:00.000000,68887
RM0192,Life Insurance,2025-05-13 00:00:00.000000,96169
RM0057,Recurring Deposit,2021-08-04 00:00:00.000000,61879
RM0185,Term Insurance,2022-10-28 00:00:00.000000,35743
RM0159,Gold Investment,2025-08-24 00:00:00.000000,41924
RM0212,Fixed Deposit,2020-01-27 00:00:00.000000,73066
RM0165,ULIP,2023-03-21 00:00:00.000000,114497
RM0218,Fixed Deposit,2020-03-05 00:00:00.000000,25887
RM0207,Current Account,2025-05-07 00:00:00.000000,30933
RM0086,Saving Account,2019-10-08 00:00:00.000000,143493
RM0159,Life Insurance,2020-03-23 00:00:00.000000,53198
RM0055,ULIP,2025-06-04 00:00:00.000000,19859
RM0179,Mutual Funds,2022-06-23 00:00:00.000000,64486
RM0087,Current Account,2024-05-18 00:00:00.000000,244222
RM0139,Fixed Deposit,2023-02-03 00:00:00.000000,96708
RM0023,Credit Card,2021-03-14 00:00:00.000000,78470
RM0007,Term Insurance,2024-12-12 00:00:00.000000,21662
RM0047,ULIP,2025-03-29 00:00:00.000000,114430
RM0235,Mutual Funds,2022-07-08 00:00:00.000000,47305
RM0004,Saving Account,2023-11-24 00:00:00.000000,25657
RM0196,Life Insurance,2019-03-03 00:00:00.000000,120042
RM0201,Fixed Deposit,2021-03-30 00:00:00.000000,30011
RM0229,ULIP,2026-06-06 00:00:00.000000,13202
RM0125,Gold Investment,2024-06-19 00:00:00.000000,42310
RM0048,Term Insurance,2026-03-08 10:32:43.367399,25724
RM0124,Saving Account,2022-11-09 00:00:00.000000,72803
RM0060,Life Insurance,2019-03-11 00:00:00.000000,167451
RM0190,Term Insurance,2019-10-05 00:00:00.000000,68716
RM0245,Saving Account,2024-07-20 00:00:00.000000,118989
RM0097,Loan Against Property,2021-05-18 00:00:00.000000,40167
RM0087,Loan Against Property,2019-01-26 00:00:00.000000,83841
RM0163,Credit Card,2019-04-01 00:00:00.000000,102589
RM0145,Gold Investment,2020-05-06 00:00:00.000000,72044
RM0218,Term Insurance,2025-06-22 00:00:00.000000,49072
RM0027,Recurring Deposit,2021-05-07 00:00:00.000000,45441
RM0119,Credit Card,2025-09-29 00:00:00.000000,59157
RM0216,Gold Investment,2026-02-27 00:00:00.000000,70283
RM0241,Term Insurance,2022-04-13 00:00:00.000000,24590
RM0077,Life Insurance,2021-02-12 00:00:00.000000,92925
RM0173,Saving Account,2022-01-03 00:00:00.000000,160112
RM0095,Credit Card,2021-07-10 00:00:00.000000,41296
RM0120,Current Account,2025-03-29 00:00:00.000000,70376
RM0147,Life Insurance,2019-09-30 00:00:00.000000,76784
RM0179,Loan Against Property,2024-10-28 00:00:00.000000,64272
RM0195,Credit Card,2022-09-05 00:00:00.000000,49605
RM0037,Term Insurance,2025-09-20 00:00:00.000000,116704
RM0189,Term Insurance,2022-05-24 00:00:00.000000,47516
RM0110,Current Account,2019-07-13 00:00:00.000000,39794
RM0086,Gold Investment,2024-05-12 00:00:00.000000,13152
RM0087,ULIP,2025-10-29 00:00:00.000000,103073
RM0232,Saving Account,2022-02-03 00:00:00.000000,66040
RM0068,Loan Against Property,2023-04-06 00:00:00.000000,104609
RM0017,Health Insurance,2024-12-21 00:00:00.000000,17456
RM0134,ULIP,2025-04-01 10:32:43.367440,11561
RM0013,Recurring Deposit,2023-03-13 00:00:00.000000,88888888
RM0013,ULIP,2024-10-24 10:32:43.367472,146189
RM0049,Loan Against Property,2023-05-13 00:00:00.000000,17992
RM0232,Gold Investment,2019-12-23 00:00:00.000000,92945
RM0096,Mutual Funds,2022-02-24 00:00:00.000000,96639
RM0160,Credit Card,2023-02-16 00:00:00.000000,71670
RM0106,Saving Account,2026-03-09 00:00:00.000000,17035
RM0166,Current Account,2024-06-30 00:00:00.000000,65040
RM0074,ULIP,2019-06-24 00:00:00.000000,119950
RM0157,Credit Card,2020-01-28 00:00:00.000000,37715
RM0208,Loan Against Property,2019-10-19 00:00:00.000000,36680
RM0013,ULIP,2022-04-17 00:00:00.000000,39246
RM0166,ULIP,2025-09-30 00:00:00.000000,14292
RM0145,Saving Account,2021-03-12 00:00:00.000000,121293
RM0068,Current Account,2025-10-26 00:00:00.000000,111697
RM0014,Credit Card,2022-06-10 00:00:00.000000,318513
RM0250,Fixed Deposit,2025-06-10 00:00:00.000000,53995
RM0204,Recurring Deposit,2023-07-31 00:00:00.000000,79553
RM0070,Health Insurance,2024-08-23 00:00:00.000000,21324
RM0137,ULIP,2019-08-03 00:00:00.000000,54321
RM0001,ULIP,2026-03-01 10:32:43.367510,65060
RM0162,Mutual Funds,2025-12-28 00:00:00.000000,62452
RM0076,Life Insurance,2021-01-17 00:00:00.000000,125737
RM0091,Loan Against Property,2021-04-15 00:00:00.000000,98831
RM0008,Health Insurance,2025-02-25 00:00:00.000000,149408
RM0060,Term Insurance,2023-06-06 00:00:00.000000,111564
RM0195,Health Insurance,2022-10-02 00:00:00.000000,111511
RM0024,Current Account,2024-01-21 00:00:00.000000,13292
RM0088,Gold Investment,2024-02-12 00:00:00.000000,103527
RM0221,Life Insurance,2020-09-30 00:00:00.000000,56758
RM0066,Loan Against Property,2025-01-28 00:00:00.000000,33937
RM0169,Credit Card,2023-07-29 00:00:00.000000,12908
RM0171,Health Insurance,2019-11-17 00:00:00.000000,66609
RM0149,Loan Against Property,2025-07-24 00:00:00.000000,29889
RM0046,Saving Account,2022-05-08 00:00:00.000000,41534
RM0194,Gold Investment,2019-11-29 00:00:00.000000,67242
RM0149,Recurring Deposit,2020-11-28 00:00:00.000000,131392
RM0088,Life Insurance,2019-06-12 00:00:00.000000,97273
RM0196,Saving Account,2025-10-22 00:00:00.000000,39946
RM0093,Fixed Deposit,2023-10-03 00:00:00.000000,34533
RM0152,Credit Card,2022-08-29 00:00:00.000000,23707
RM0013,Life Insurance,2022-09-18 00:00:00.000000,33294
RM0136,Credit Card,2022-03-31 00:00:00.000000,15885
RM0212,Health Insurance,2025-03-15 00:00:00.000000,187205
RM0228,Recurring Deposit,2019-10-05 00:00:00.000000,52656
RM0151,Term Insurance,2021-05-18 00:00:00.000000,16837
RM0067,Health Insurance,2022-08-13 00:00:00.000000,31755
RM0159,Term Insurance,2023-12-17 00:00:00.000000,49597
RM0135,Mutual Funds,2022-09-02 00:00:00.000000,48059
RM0133,Recurring Deposit,2023-10-15 00:00:00.000000,11807
RM0010,Term Insurance,2020-11-28 00:00:00.000000,160634
RM0183,Credit Card,2020-07-27 00:00:00.000000,26105
RM0231,Credit Card,2024-02-29 00:00:00.000000,10815
RM0250,Gold Investment,2022-03-07 00:00:00.000000,13976
RM0178,Life Insurance,2019-04-05 00:00:00.000000,53398
RM0053,Saving Account,2019-11-08 00:00:00.000000,29471
RM0236,Health Insurance,2024-03-24 00:00:00.000000,17412
RM0107,Gold Investment,2019-12-13 00:00:00.000000,12131
RM0107,Mutual Funds,2022-12-06 00:00:00.000000,33871
RM0011,Current Account,2026-07-14 00:00:00.000000,58743
RM0092,Current Account,2023-09-21 00:00:00.000000,15930
RM0152,Life Insurance,2019-11-28 00:00:00.000000,28794
RM0132,Health Insurance,2024-08-01 00:00:00.000000,37043
RM0137,Fixed Deposit,2019-09-11 00:00:00.000000,18685
RM0062,Credit Card,2025-08-16 00:00:00.000000,45268
RM0019,Life Insurance,2026-03-10 00:00:00.000000,14453
RM0182,Recurring Deposit,2019-07-01 00:00:00.000000,12381
RM0196,Mutual Funds,2020-02-11 00:00:00.000000,46681
RM0059,Saving Account,2022-04-20 00:00:00.000000,24244
RM0235,Credit Card,2021-10-14 00:00:00.000000,15011
RM0080,Term Insurance,2023-09-19 00:00:00.000000,88888888
RM0040,Life Insurance,2023-04-02 00:00:00.000000,37574
RM0183,Credit Card,2023-07-19 00:00:00.000000,133338
RM0041,Health Insurance,2021-05-22 00:00:00.000000,74402
RM0060,Loan Against Property,2021-04-11 00:00:00.000000,94536
RM0104,Saving Account,2020-03-07 00:00:00.000000,112752
RM0173,Recurring Deposit,2025-01-15 00:00:00.000000,189911
RM0007,Life Insurance,2022-11-03 00:00:00.000000,82036
RM0010,Loan Against Property,2020-08-07 00:00:00.000000,56876
RM0170,Current Account,2026-04-16 00:00:00.000000,32740
RM0011,Gold Investment,2021-02-24 00:00:00.000000,20022
RM0036,Loan Against Property,2023-10-05 00:00:00.000000,68023
RM0149,Current Account,2020-05-20 00:00:00.000000,274418
RM0070,Fixed Deposit,2019-02-28 00:00:00.000000,41495
RM0141,Life Insurance,2024-09-26 00:00:00.000000,74309
RM0134,Gold Investment,2024-11-16 10:32:43.367566,44168
RM0022,Current Account,2023-12-31 00:00:00.000000,38275
RM0215,Recurring Deposit,2024-12-25 00:00:00.000000,36407
RM0175,Term Insurance,2023-05-12 00:00:00.000000,45121
RM0151,Term Insurance,2022-01-11 00:00:00.000000,32856
RM0196,Recurring Deposit,2022-12-02 00:00:00.000000,79069
RM0156,Health Insurance,2023-06-14 00:00:00.000000,113681
RM0036,Loan Against Property,2024-01-20 00:00:00.000000,117230
RM0020,Credit Card,2019-10-05 00:00:00.000000,22919
RM0004,Term Insurance,2025-11-12 10:32:43.367600,123124
RM0129,Recurring Deposit,2022-06-22 00:00:00.000000,30893
RM0055,Mutual Funds,2026-03-23 00:00:00.000000,28503
RM0061,Gold Investment,2021-08-27 00:00:00.000000,74869
RM0123,Loan Against Property,2020-05-25 00:00:00.000000,28170
RM0182,Loan Against Property,2020-06-16 00:00:00.000000,12721
RM0029,Recurring Deposit,2019-10-24 00:00:00.000000,33389
RM0072,Health Insurance,2022-01-15 00:00:00.000000,73910
RM0090,Life Insurance,2026-03-14 00:00:00.000000,29797
RM0201,Fixed Deposit,2021-11-28 00:00:00.000000,59653
RM0011,Life Insurance,2026-03-26 00:00:00.000000,63958
RM0141,Health Insurance,2022-11-07 00:00:00.000000,76163
RM0214,Current Account,2025-01-02 00:00:00.000000,123714
RM0211,Current Account,2022-02-01 00:00:00.000000,38331
RM0204,Health Insurance,2022-08-15 00:00:00.000000,19102
RM0044,Fixed Deposit,2024-11-02 00:00:00.000000,29204
RM0066,Saving Account,2022-07-26 00:00:00.000000,38296
RM0030,Life Insurance,2025-04-25 00:00:00.000000,72569
RM0148,Current Account,2023-11-17 00:00:00.000000,10660
RM0032,Loan Against Property,2024-02-05 00:00:00.000000,28974
RM0215,Health Insurance,2021-11-30 00:00:00.000000,85670
RM0050,Life Insurance,2024-10-20 00:00:00.000000,65563
RM0033,Credit Card,2021-06-08 00:00:00.000000,75789
RM0097,Life Insurance,2024-05-05 00:00:00.000000,93515
RM0162,Saving Account,2022-11-26 00:00:00.000000,86447
RM0147,Recurring Deposit,2024-12-14 00:00:00.000000,67314
RM0118,Loan Against Property,2022-01-21 00:00:00.000000,38960
RM0031,Saving Account,2023-12-08 00:00:00.000000,215518
RM0159,Credit Card,2025-06-10 00:00:00.000000,52090
RM0070,Fixed Deposit,2026-06-25 00:00:00.000000,21330
RM0223,Life Insurance,2020-03-20 00:00:00.000000,27322
RM0081,Recurring Deposit,2020-11-28 00:00:00.000000,69137
RM0098,Term Insurance,2022-10-11 00:00:00.000000,139340
RM0118,Saving Account,2025-09-27 00:00:00.000000,19844
RM0148,Gold Investment,2023-11-28 00:00:00.000000,14296
RM0212,Gold Investment,2024-11-16 00:00:00.000000,116655
RM0203,Saving Account,2025-04-02 00:00:00.000000,133418
RM0110,Mutual Funds,2026-02-06 00:00:00.000000,26174
RM0010,Fixed Deposit,2026-04-16 00:00:00.000000,33683
RM0014,Loan Against Property,2023-10-14 00:00:00.000000,63968
RM0181,Gold Investment,2020-09-08 00:00:00.000000,30018
RM0070,Fixed Deposit,2025-11-05 00:00:00.000000,114843
RM0212,Mutual Funds,2020-03-05 00:00:00.000000,15690
RM0180,Life Insurance,2025-09-10 10:32:43.367647,11936
RM0184,Loan Against Property,2024-06-22 00:00:00.000000,21690
RM0106,Health Insurance,2020-10-25 00:00:00.000000,26849
RM0165,Term Insurance,2023-09-11 00:00:00.000000,15991
RM0088,Recurring Deposit,2024-07-25 00:00:00.000000,13397
RM0088,Term Insurance,2020-05-28 00:00:00.000000,80449
RM0126,ULIP,2020-04-01 00:00:00.000000,18972
RM0114,Recurring Deposit,2021-11-02 00:00:00.000000,132625
RM0062,Saving Account,2020-08-29 00:00:00.000000,32943
RM0084,Gold Investment,2025-04-29 00:00:00.000000,65525
RM0122,Term Insurance,2024-03-07 00:00:00.000000,22770
RM0024,Loan Against Property,2024-03-14 00:00:00.000000,23743
RM0019,Credit Card,2021-12-07 00:00:00.000000,52749
RM0040,Credit Card,2020-07-18 00:00:00.000000,51122
RM0053,Health Insurance,2025-04-10 10:32:43.367682,83208
RM0109,Mutual Funds,2026-01-16 00:00:00.000000,80902
RM0113,Term Insurance,2022-10-15 00:00:00.000000,65537
RM0219,Current Account,2025-11-05 00:00:00.000000,39812
RM0158,Loan Against Property,2021-12-02 00:00:00.000000,120655
RM0169,Loan Against Property,2025-05-03 00:00:00.000000,88888888
RM0118,Recurring Deposit,2025-06-29 00:00:00.000000,58719
RM0239,Fixed Deposit,2019-11-22 00:00:00.000000,241260
RM0031,Health Insurance,2022-04-20 00:00:00.000000,95565
RM0157,Credit Card,2019-12-10 00:00:00.000000,12266
RM0198,ULIP,2021-04-28 00:00:00.000000,29326
RM0049,Saving Account,2024-11-02 00:00:00.000000,52417
RM0055,Mutual Funds,2023-10-28 00:00:00.000000,73911
RM0236,Health Insurance,2021-08-10 00:00:00.000000,49962
RM0032,Life Insurance,2022-12-03 00:00:00.000000,87119
RM0169,Health Insurance,2024-10-04 00:00:00.000000,26609
RM0195,Current Account,2025-02-27 00:00:00.000000,20161
RM0183,Credit Card,2026-04-14 00:00:00.000000,12771
RM0162,Term Insurance,2022-06-20 00:00:00.000000,52585
RM0166,Saving Account,2021-05-05 00:00:00.000000,68333
RM0028,Term Insurance,2022-11-11 00:00:00.000000,29737
RM0162,Health Insurance,2025-08-24 10:32:43.367720,57542
RM0240,Health Insurance,2025-07-25 00:00:00.000000,12678
RM0047,Fixed Deposit,2025-01-02 00:00:00.000000,15228
RM0120,Credit Card,2021-02-15 00:00:00.000000,70491
RM0027,Fixed Deposit,2022-06-13 00:00:00.000000,32948
RM0203,Term Insurance,2019-02-07 00:00:00.000000,65635
RM0046,ULIP,2021-03-08 00:00:00.000000,99106
RM0006,Recurring Deposit,2023-10-18 00:00:00.000000,105737
RM0065,Recurring Deposit,2024-09-29 10:32:43.367753,19447
RM0061,Loan Against Property,2021-01-28 00:00:00.000000,43304
RM0178,Health Insurance,2024-11-22 00:00:00.000000,76199
RM0187,Recurring Deposit,2023-03-07 00:00:00.000000,84356
RM0187,Fixed Deposit,2020-04-22 00:00:00.000000,86780
RM0158,ULIP,2021-09-20 00:00:00.000000,22949
RM0209,Saving Account,2020-07-07 00:00:00.000000,20692
RM0202,ULIP,2022-07-05 00:00:00.000000,54581
RM0134,Life Insurance,2019-02-09 00:00:00.000000,77562
RM0197,Credit Card,2024-07-30 00:00:00.000000,29219
RM0248,Health Insurance,2026-07-03 00:00:00.000000,15530
RM0249,Mutual Funds,2026-01-06 00:00:00.000000,49061
RM0064,Gold Investment,2025-01-17 10:32:43.367790,73070
RM0136,Health Insurance,2024-05-31 00:00:00.000000,27812
RM0003,Health Insurance,2020-01-06 00:00:00.000000,19097
RM0051,Mutual Funds,2020-10-06 00:00:00.000000,17992
RM0051,ULIP,2019-06-23 00:00:00.000000,28910
RM0228,Saving Account,2025-01-27 00:00:00.000000,54907
RM0106,Fixed Deposit,2026-02-12 00:00:00.000000,32189
RM0182,Recurring Deposit,2023-11-04 00:00:00.000000,11043
RM0235,Term Insurance,2025-04-17 00:00:00.000000,15096
RM0044,Fixed Deposit,2026-02-05 00:00:00.000000,27159
RM0013,Current Account,2026-03-28 00:00:00.000000,63897
RM0080,Life Insurance,2025-02-15 10:32:43.367826,15185
RM0005,Term Insurance,2022-03-29 00:00:00.000000,51123
RM0137,Life Insurance,2022-06-21 00:00:00.000000,16385
RM0062,ULIP,2023-12-18 00:00:00.000000,21888
RM0204,Mutual Funds,2020-01-09 00:00:00.000000,19448
RM0177,Term Insurance,2021-02-07 00:00:00.000000,13479
RM0249,ULIP,2021-11-26 00:00:00.000000,65635
RM0120,Fixed Deposit,2022-11-15 00:00:00.000000,41125
RM0151,Saving Account,2021-06-28 00:00:00.000000,98908
RM0013,Term Insurance,2023-12-05 00:00:00.000000,15206
RM0134,Life Insurance,2025-05-23 00:00:00.000000,17817
RM0162,Gold Investment,2023-03-08 00:00:00.000000,28297
RM0146,ULIP,2021-05-25 00:00:00.000000,82593
RM0212,Recurring Deposit,2026-04-18 00:00:00.000000,28246
RM0161,Gold Investment,2026-06-08 00:00:00.000000,36247
RM0049,Fixed Deposit,2026-03-29 00:00:00.000000,27948
RM0057,Current Account,2025-12-24 00:00:00.000000,14181
RM0057,Gold Investment,2023-03-07 00:00:00.000000,150200
RM0071,Health Insurance,2025-12-02 00:00:00.000000,49763
RM0055,Term Insurance,2024-01-20 00:00:00.000000,87519
RM0123,Gold Investment,2026-01-15 00:00:00.000000,63699
RM0183,Current Account,2025-04-16 00:00:00.000000,46103
RM0175,Health Insurance,2020-01-22 00:00:00.000000,23764
RM0103,Recurring Deposit,2024-09-13 00:00:00.000000,14697
RM0214,Term Insurance,2021-09-23 00:00:00.000000,61463
RM0054,Loan Against Property,2022-10-05 00:00:00.000000,18442
RM0194,Life Insurance,2026-04-30 00:00:00.000000,36754
RM0113,Fixed Deposit,2021-06-21 00:00:00.000000,59592
RM0205,Fixed Deposit,2025-06-13 00:00:00.000000,86215
RM0170,Term Insurance,2019-01-08 00:00:00.000000,67766
RM0185,Current Account,2019-11-06 00:00:00.000000,65666
RM0047,Current Account,2022-04-02 00:00:00.000000,18069
RM0224,ULIP,2019-12-22 00:00:00.000000,31242
RM0192,Gold Investment,2023-09-11 00:00:00.000000,12193
RM0196,Life Insurance,2022-12-02 00:00:00.000000,73554
RM0162,Credit Card,2024-12-08 10:32:43.367869,162441
RM0246,Health Insurance,2025-04-18 00:00:00.000000,25333
RM0100,Mutual Funds,2023-03-01 00:00:00.000000,14589
RM0235,Life Insurance,2021-01-14 00:00:00.000000,42272
RM0199,Term Insurance,2019-10-19 00:00:00.000000,107140
RM0132,Term Insurance,2025-06-21 00:00:00.000000,50145
RM0178,Gold Investment,2022-12-05 00:00:00.000000,12395
RM0165,Term Insurance,2022-03-10 00:00:00.000000,193009
RM0093,Recurring Deposit,2023-10-01 00:00:00.000000,98202
RM0197,Mutual Funds,2021-09-06 00:00:00.000000,17054
RM0101,Saving Account,2025-02-07 00:00:00.000000,137422
RM0209,Term Insurance,2024-10-01 00:00:00.000000,39954
RM0211,ULIP,2022-04-10 00:00:00.000000,33252
RM0161,Life Insurance,2020-11-09 00:00:00.000000,40906
RM0082,Recurring Deposit,2021-02-04 00:00:00.000000,99960
RM0086,Credit Card,2021-10-13 00:00:00.000000,63864
RM0211,Gold Investment,2020-07-17 00:00:00.000000,13053
RM0123,ULIP,2025-09-23 10:32:43.367906,168035
RM0207,Credit Card,2026-01-26 00:00:00.000000,17995
RM0202,Gold Investment,2025-12-20 00:00:00.000000,78436
RM0090,Recurring Deposit,2024-11-03 00:00:00.000000,60548
RM0065,Saving Account,2021-12-16 00:00:00.000000,20383
RM0048,Current Account,2023-08-27 00:00:00.000000,19360
RM0122,Fixed Deposit,2020-07-14 00:00:00.000000,112137
RM0179,Loan Against Property,2019-08-15 00:00:00.000000,37210
RM0117,Current Account,2022-12-23 00:00:00.000000,63149
RM0199,Loan Against Property,2019-07-17 00:00:00.000000,45066
RM0064,Current Account,2026-04-19 00:00:00.000000,74978
RM0029,Saving Account,2021-11-14 00:00:00.000000,42623
RM0083,Gold Investment,2020-05-23 00:00:00.000000,26940
RM0207,Saving Account,2022-02-24 00:00:00.000000,32579
RM0167,Gold Investment,2026-01-04 00:00:00.000000,107977
RM0207,Loan Against Property,2023-05-22 00:00:00.000000,41558
RM0175,Health Insurance,2024-10-25 00:00:00.000000,22004
RM0192,Saving Account,2024-05-27 00:00:00.000000,146365
RM0248,Fixed Deposit,2023-04-25 00:00:00.000000,89629
RM0038,Current Account,2023-03-18 00:00:00.000000,12863
RM0049,Term Insurance,2020-08-13 00:00:00.000000,352614
RM0130,Loan Against Property,2025-02-01 00:00:00.000000,69360
RM0016,Current Account,2025-05-29 10:32:43.367944,18733
RM0234,Current Account,2025-04-11 10:32:43.367974,23535
RM0031,Life Insurance,2023-11-15 00:00:00.000000,68955
RM0176,Mutual Funds,2020-01-12 00:00:00.000000,85652
RM0021,Current Account,2021-03-30 00:00:00.000000,23658
RM0245,Mutual Funds,2022-10-31 00:00:00.000000,24850
RM0034,Term Insurance,2022-02-15 00:00:00.000000,28344
RM0240,Life Insurance,2025-12-31 00:00:00.000000,55567
RM0005,Gold Investment,2026-03-31 00:00:00.000000,19426
RM0069,Mutual Funds,2022-05-23 00:00:00.000000,15504
RM0128,Fixed Deposit,2021-06-15 00:00:00.000000,66794
RM0018,Health Insurance,2021-11-08 00:00:00.000000,85501
RM0027,Life Insurance,2026-02-18 00:00:00.000000,44750
RM0001,Credit Card,2021-05-14 00:00:00.000000,32614
RM0111,Life Insurance,2022-07-02 00:00:00.000000,38285
RM0081,Credit Card,2019-06-02 00:00:00.000000,34584
RM0114,Health Insurance,2025-02-08 10:32:43.368010,170924
RM0116,Recurring Deposit,2019-08-02 00:00:00.000000,83070
RM0243,Life Insurance,2024-11-17 00:00:00.000000,21665
RM0145,Gold Investment,2024-08-24 00:00:00.000000,25782
RM0027,Life Insurance,2021-12-31 00:00:00.000000,34240
RM0184,Current Account,2023-10-18 00:00:00.000000,49264
RM0024,Life Insurance,2022-12-01 00:00:00.000000,57464
RM0130,Term Insurance,2024-07-14 00:00:00.000000,41572
RM0027,Mutual Funds,2021-10-28 00:00:00.000000,93069
RM0164,Gold Investment,2022-04-13 00:00:00.000000,82966
RM0167,Saving Account,2019-08-22 00:00:00.000000,45175
RM0087,Health Insurance,2020-11-06 00:00:00.000000,106354
RM0220,Loan Against Property,2022-02-12 00:00:00.000000,79533
RM0109,Term Insurance,2025-11-20 00:00:00.000000,85385
RM0214,Recurring Deposit,2023-03-16 00:00:00.000000,166635
RM0190,Mutual Funds,2021-11-20 00:00:00.000000,25494
RM0080,Term Insurance,2025-06-04 00:00:00.000000,25574
RM0067,Fixed Deposit,2025-10-18 00:00:00.000000,119889
RM0010,Loan Against Property,2022-01-04 00:00:00.000000,83970
RM0168,Life Insurance,2026-02-05 00:00:00.000000,140554
RM0188,Current Account,2025-05-08 00:00:00.000000,13260
RM0206,Gold Investment,2021-07-01 00:00:00.000000,59410
RM0103,Credit Card,2026-07-03 00:00:00.000000,17810
RM0056,Mutual Funds,2023-08-08 00:00:00.000000,45048
RM0123,Current Account,2026-02-12 00:00:00.000000,18465
RM0103,ULIP,2023-01-18 00:00:00.000000,16852
RM0073,Mutual Funds,2024-10-07 00:00:00.000000,91328
RM0113,ULIP,2023-12-31 00:00:00.000000,10612
RM0101,ULIP,2023-08-06 00:00:00.000000,59744
RM0205,Credit Card,2024-09-02 00:00:00.000000,32238
RM0126,Life Insurance,2024-05-14 00:00:00.000000,15557
RM0223,Current Account,2022-02-17 00:00:00.000000,12110
RM0064,Mutual Funds,2022-11-12 00:00:00.000000,29492
RM0250,Term Insurance,2025-04-04 00:00:00.000000,19252
RM0139,Fixed Deposit,2025-10-25 00:00:00.000000,152103
RM0092,Fixed Deposit,2025-11-04 00:00:00.000000,29283
RM0090,Term Insurance,2025-10-31 10:32:43.368054,30319
RM0018,Loan Against Property,2026-07-06 00:00:00.000000,101584
RM0236,Mutual Funds,2024-07-17 00:00:00.000000,62171
RM0188,Credit Card,2023-02-24 00:00:00.000000,71923
RM0025,Health Insurance,2025-05-31 00:00:00.000000,60530
RM0010,Recurring Deposit,2023-03-27 00:00:00.000000,156120
RM0192,Mutual Funds,2022-12-23 00:00:00.000000,21596
RM0084,Fixed Deposit,2024-05-21 00:00:00.000000,235671
RM0204,Gold Investment,2025-12-21 00:00:00.000000,98879
RM0045,Current Account,2020-03-26 00:00:00.000000,54454
RM0246,Gold Investment,2022-12-31 00:00:00.000000,64290
RM0180,Health Insurance,2022-04-04 00:00:00.000000,62323
RM0245,Recurring Deposit,2026-02-22 00:00:00.000000,13008
RM0066,Recurring Deposit,2021-10-19 00:00:00.000000,22296
RM0095,Mutual Funds,2024-10-16 00:00:00.000000,172817
RM0096,Term Insurance,2025-10-12 00:00:00.000000,48217
RM0023,Credit Card,2024-11-11 00:00:00.000000,33769
RM0236,Loan Against Property,2022-01-29 00:00:00.000000,81782
RM0182,Life Insurance,2024-02-10 00:00:00.000000,47171
RM0091,Current Account,2022-08-20 00:00:00.000000,10662
RM0106,Loan Against Property,2025-01-17 00:00:00.000000,76635
RM0179,Life Insurance,2025-09-03 00:00:00.000000,75879
RM0200,Gold Investment,2026-07-15 00:00:00.000000,19025
RM0037,Loan Against Property,2024-03-30 00:00:00.000000,166934
RM0097,Credit Card,2025-10-05 00:00:00.000000,22674
RM0119,Gold Investment,2021-02-21 00:00:00.000000,40601
RM0014,Health Insurance,2020-05-06 00:00:00.000000,16093
RM0051,Gold Investment,2022-08-07 00:00:00.000000,56226
RM0242,Loan Against Property,2025-07-20 10:32:43.368095,33536
RM0041,Life Insurance,2020-01-19 00:00:00.000000,31783
RM0130,Recurring Deposit,2025-05-02 00:00:00.000000,97716
RM0197,Health Insurance,2019-02-05 00:00:00.000000,10480
RM0206,Current Account,2024-11-30 00:00:00.000000,89961
RM0208,Current Account,2026-06-23 00:00:00.000000,52367
RM0155,Saving Account,2024-09-22 00:00:00.000000,223787
RM0239,Loan Against Property,2024-02-24 00:00:00.000000,54512
RM0189,Credit Card,2026-06-10 00:00:00.000000,12848
RM0137,Health Insurance,2019-08-08 00:00:00.000000,12598
RM0050,Gold Investment,2022-05-12 00:00:00.000000,117344
RM0088,Credit Card,2026-03-11 00:00:00.000000,102009
RM0017,Term Insurance,2023-08-30 00:00:00.000000,31223
RM0064,ULIP,2026-03-07 00:00:00.000000,58120
RM0237,Recurring Deposit,2022-12-15 00:00:00.000000,43627
RM0249,Loan Against Property,2020-03-27 00:00:00.000000,668914
RM0085,Life Insurance,2024-06-28 00:00:00.000000,180811
RM0244,Gold Investment,2022-08-10 00:00:00.000000,159747
RM0019,Loan Against Property,2019-09-16 00:00:00.000000,216257
RM0017,Gold Investment,2020-03-30 00:00:00.000000,110663
RM0006,Gold Investment,2020-05-22 00:00:00.000000,130148
RM0232,Term Insurance,2019-07-26 00:00:00.000000,22248
RM0030,Saving Account,2023-05-08 00:00:00.000000,98894
RM0088,Health Insurance,2026-08-02 00:00:00.000000,71697
RM0041,ULIP,2026-04-15 00:00:00.000000,174554
RM0233,Recurring Deposit,2019-02-11 00:00:00.000000,52345
RM0203,Saving Account,2025-01-23 10:32:43.368135,14450
RM0239,Health Insurance,2025-01-30 00:00:00.000000,55490
RM0198,Term Insurance,2024-03-06 00:00:00.000000,68010
RM0084,Gold Investment,2025-03-04 00:00:00.000000,22443
RM0197,Recurring Deposit,2019-11-15 00:00:00.000000,35053
RM0013,Mutual Funds,2026-04-16 10:32:43.368167,55627
RM0248,Gold Investment,2021-06-13 00:00:00.000000,33428
RM0121,Gold Investment,2021-12-31 00:00:00.000000,33495
RM0146,Gold Investment,2020-05-05 00:00:00.000000,17140
RM0063,Loan Against Property,2023-05-04 00:00:00.000000,151296
RM0004,Fixed Deposit,2019-11-06 00:00:00.000000,79413
RM0150,Recurring Deposit,2023-01-08 00:00:00.000000,10062
RM0017,Term Insurance,2025-09-17 10:32:43.368199,82539
RM0060,Term Insurance,2023-09-24 00:00:00.000000,77314
RM0002,Term Insurance,2026-07-03 00:00:00.000000,10488
RM0090,Fixed Deposit,2023-11-10 00:00:00.000000,33070
RM0021,Saving Account,2025-09-28 10:32:43.368230,56665
RM0064,Mutual Funds,2025-11-25 00:00:00.000000,40142
RM0038,ULIP,2020-06-09 00:00:00.000000,85250
RM0077,Term Insurance,2026-05-20 00:00:00.000000,37709
RM0054,Saving Account,2026-04-01 10:32:43.368273,18353
RM0148,Gold Investment,2023-07-23 00:00:00.000000,197358
RM0239,Loan Against Property,2022-11-18 00:00:00.000000,23856
RM0028,Recurring Deposit,2026-01-17 00:00:00.000000,73237
RM0241,Recurring Deposit,2021-09-21 00:00:00.000000,17724
RM0030,Term Insurance,2026-01-14 10:32:43.368312,29950
RM0010,Gold Investment,2023-07-14 00:00:00.000000,39172
RM0166,Health Insurance,2026-02-15 00:00:00.000000,20674
RM0066,Mutual Funds,2020-11-14 00:00:00.000000,39888
RM0200,Mutual Funds,2026-07-18 00:00:00.000000,18549
RM0240,Saving Account,2021-06-04 00:00:00.000000,50936
RM0110,Health Insurance,2019-01-25 00:00:00.000000,64489
RM0008,Life Insurance,2026-07-18 00:00:00.000000,13223
RM0144,Current Account,2026-07-29 00:00:00.000000,112448
RM0041,Gold Investment,2022-03-06 00:00:00.000000,20237
RM0090,Mutual Funds,2020-08-21 00:00:00.000000,22768
RM0087,Health Insurance,2026-04-01 10:32:43.368346,64139
RM0169,Recurring Deposit,2025-03-07 00:00:00.000000,41626
RM0187,Credit Card,2019-12-26 00:00:00.000000,44596
RM0029,Gold Investment,2020-08-01 00:00:00.000000,16857
RM0075,Credit Card,2024-08-23 00:00:00.000000,91926
RM0099,Current Account,2022-02-19 00:00:00.000000,57993
RM0004,Recurring Deposit,2026-02-03 00:00:00.000000,17273
RM0197,Current Account,2021-03-26 00:00:00.000000,33420
RM0162,Mutual Funds,2019-06-06 00:00:00.000000,93144
RM0132,ULIP,2024-10-19 00:00:00.000000,52007
RM0081,Mutual Funds,2024-01-20 00:00:00.000000,15750
RM0093,Credit Card,2019-10-30 00:00:00.000000,33322
RM0068,Gold Investment,2020-02-19 00:00:00.000000,23899
RM0040,Fixed Deposit,2020-04-08 00:00:00.000000,46435
RM0003,Recurring Deposit,2020-05-11 00:00:00.000000,102690
RM0173,Fixed Deposit,2020-07-15 00:00:00.000000,38658
RM0152,Term Insurance,2026-05-06 00:00:00.000000,38399
RM0184,Health Insurance,2021-01-13 00:00:00.000000,127878
RM0156,Fixed Deposit,2025-04-24 00:00:00.000000,52922
RM0141,ULIP,2025-11-03 00:00:00.000000,51757
RM0067,Life Insurance,2022-08-17 00:00:00.000000,25184
RM0239,Current Account,2020-06-04 00:00:00.000000,56789
RM0163,Term Insurance,2019-10-07 00:00:00.000000,52890
RM0241,Health Insurance,2020-08-16 00:00:00.000000,35279
RM0247,Life Insurance,2019-10-04 00:00:00.000000,243863
RM0046,ULIP,2023-09-01 00:00:00.000000,116807
RM0163,Saving Account,2026-07-04 00:00:00.000000,79232
RM0230,Mutual Funds,2023-05-14 00:00:00.000000,48538
RM0247,Life Insurance,2021-08-21 00:00:00.000000,41000
RM0153,Current Account,2021-12-17 00:00:00.000000,20222
RM0069,Life Insurance,2024-12-26 00:00:00.000000,28245
RM0176,Fixed Deposit,2019-10-28 00:00:00.000000,84352
RM0138,Gold Investment,2023-07-30 00:00:00.000000,40233
RM0033,Life Insurance,2023-05-19 00:00:00.000000,116967
RM0171,Loan Against Property,2019-12-11 00:00:00.000000,18003
RM0013,Life Insurance,2025-05-02 00:00:00.000000,45499
RM0216,Mutual Funds,2023-06-20 00:00:00.000000,62059
RM0044,Life Insurance,2024-12-02 00:00:00.000000,46371
RM0096,Mutual Funds,2021-08-27 00:00:00.000000,120013
RM0208,Term Insurance,2025-08-22 00:00:00.000000,238121
RM0250,Credit Card,2021-02-28 00:00:00.000000,16155
RM0044,Recurring Deposit,2021-08-25 00:00:00.000000,16960
RM0238,Fixed Deposit,2022-04-24 00:00:00.000000,16981
RM0041,Health Insurance,2021-08-31 00:00:00.000000,67155
RM0047,ULIP,2024-12-31 00:00:00.000000,33314
RM0014,Current Account,2021-11-30 00:00:00.000000,76084
RM0149,ULIP,2025-10-04 00:00:00.000000,35999
RM0147,Term Insurance,2022-10-15 00:00:00.000000,59390
RM0131,Life Insurance,2023-03-15 00:00:00.000000,83452
RM0180,Credit Card,2021-07-09 00:00:00.000000,49727
RM0098,Recurring Deposit,2021-03-19 00:00:00.000000,48772
RM0155,Loan Against Property,2023-10-28 00:00:00.000000,14618
RM0004,Life Insurance,2022-11-28 00:00:00.000000,49772
RM0039,Term Insurance,2023-12-24 00:00:00.000000,36447
RM0045,Current Account,2026-06-05 10:32:43.368396,49458
RM0046,Life Insurance,2023-09-22 00:00:00.000000,40993
RM0077,Term Insurance,2024-07-18 00:00:00.000000,125521
RM0045,Saving Account,2021-04-19 00:00:00.000000,128506
RM0223,Gold Investment,2021-07-02 00:00:00.000000,96275
RM0207,Gold Investment,2023-08-19 00:00:00.000000,33524
RM0019,Mutual Funds,2025-09-11 00:00:00.000000,73168
RM0211,Recurring Deposit,2026-04-26 00:00:00.000000,35150
RM0167,Current Account,2019-06-08 00:00:00.000000,23236
RM0151,ULIP,2022-07-27 00:00:00.000000,30996
RM0104,Fixed Deposit,2026-01-12 00:00:00.000000,13680
RM0034,Current Account,2023-05-22 00:00:00.000000,30156
RM0226,ULIP,2021-03-24 00:00:00.000000,40878
RM0018,Term Insurance,2023-12-31 00:00:00.000000,165591
RM0195,Saving Account,2025-09-09 00:00:00.000000,28800
RM0180,ULIP,2023-12-13 00:00:00.000000,126371
RM0207,Health Insurance,2023-07-07 00:00:00.000000,22994
RM0163,Loan Against Property,2021-10-08 00:00:00.000000,20595
RM0186,ULIP,2021-11-24 00:00:00.000000,46593
RM0247,Saving Account,2023-07-27 00:00:00.000000,65815
RM0025,Loan Against Property,2023-07-06 00:00:00.000000,12267
RM0016,Mutual Funds,2022-12-03 00:00:00.000000,22491
RM0138,Mutual Funds,2019-08-21 00:00:00.000000,40411
RM0071,Saving Account,2025-04-02 00:00:00.000000,30098
RM0198,Saving Account,2019-07-28 00:00:00.000000,72347
RM0126,Current Account,2020-01-12 00:00:00.000000,45786
RM0104,Saving Account,2026-04-03 00:00:00.000000,18739
RM0009,Recurring Deposit,2021-12-21 00:00:00.000000,122435
RM0081,Fixed Deposit,2021-08-06 00:00:00.000000,27329
RM0188,Loan Against Property,2022-10-14 00:00:00.000000,75676
RM0147,Fixed Deposit,2019-07-29 00:00:00.000000,131217
RM0122,Recurring Deposit,2022-02-17 00:00:00.000000,85687
RM0146,Life Insurance,2024-09-28 00:00:00.000000,175055
RM0222,Life Insurance,2020-06-22 00:00:00.000000,13017
RM0104,Life Insurance,2025-07-28 00:00:00.000000,44508
RM0168,Mutual Funds,2021-04-03 00:00:00.000000,57834
RM0237,Credit Card,2022-02-15 00:00:00.000000,30389
RM0042,Mutual Funds,2021-12-31 00:00:00.000000,66688
RM0173,Recurring Deposit,2022-04-25 00:00:00.000000,41123
RM0091,Mutual Funds,2024-01-07 00:00:00.000000,38781
RM0233,Term Insurance,2019-02-02 00:00:00.000000,106712
RM0086,Health Insurance,2019-11-02 00:00:00.000000,12573
RM0120,ULIP,2020-04-25 00:00:00.000000,116837
RM0196,Fixed Deposit,2025-03-12 00:00:00.000000,105550
RM0138,Gold Investment,2025-03-07 00:00:00.000000,45298
RM0215,Loan Against Property,2026-01-18 00:00:00.000000,669729
RM0084,Gold Investment,2025-09-27 00:00:00.000000,43687
RM0192,Term Insurance,2022-06-10 00:00:00.000000,32455
RM0203,Mutual Funds,2020-04-11 00:00:00.000000,267269
RM0072,ULIP,2019-02-12 00:00:00.000000,15892
RM0126,Mutual Funds,2019-04-30 00:00:00.000000,54606
RM0212,Current Account,2025-09-19 00:00:00.000000,67235
RM0032,Term Insurance,2023-03-29 00:00:00.000000,146155
RM0104,Gold Investment,2026-06-23 00:00:00.000000,85752
RM0133,Health Insurance,2020-08-23 00:00:00.000000,61619
RM0159,Current Account,2021-05-06 00:00:00.000000,16210
RM0053,Loan Against Property,2024-09-04 00:00:00.000000,33398
RM0052,Loan Against Property,2026-05-15 00:00:00.000000,17473
RM0148,Health Insurance,2024-12-17 00:00:00.000000,116521
RM0034,Credit Card,2020-08-27 00:00:00.000000,79239
RM0034,Recurring Deposit,2024-09-13 10:32:43.368449,80845
RM0151,Mutual Funds,2022-07-20 00:00:00.000000,62814
RM0073,Gold Investment,2024-01-25 00:00:00.000000,45366
RM0066,Credit Card,2024-06-29 00:00:00.000000,18124
RM0178,Recurring Deposit,2026-03-03 00:00:00.000000,30001
RM0110,ULIP,2024-08-24 10:32:43.368482,17362
RM0102,Saving Account,2025-04-02 00:00:00.000000,74533
RM0104,Current Account,2025-11-06 00:00:00.000000,18731
RM0152,Current Account,2021-07-10 00:00:00.000000,70552
RM0055,Recurring Deposit,2025-03-02 10:32:43.368513,68924
RM0180,Saving Account,2023-11-27 00:00:00.000000,40744
RM0171,Fixed Deposit,2020-06-17 00:00:00.000000,17264
RM0148,Saving Account,2021-01-24 00:00:00.000000,28902
RM0001,Gold Investment,2022-03-27 00:00:00.000000,29289
RM0053,Mutual Funds,2021-08-24 00:00:00.000000,70262
RM0018,Life Insurance,2019-10-20 00:00:00.000000,16037
RM0029,Current Account,2020-05-22 00:00:00.000000,98324
RM0194,Life Insurance,2024-10-07 00:00:00.000000,81566
RM0244,Gold Investment,2025-02-23 00:00:00.000000,20308
RM0120,Term Insurance,2019-09-04 00:00:00.000000,73499
RM0190,Life Insurance,2025-12-15 10:32:43.368547,65208
RM0148,Health Insurance,2021-09-01 00:00:00.000000,78940
RM0077,Term Insurance,2020-12-04 00:00:00.000000,20469
RM0136,Term Insurance,2021-06-07 00:00:00.000000,18574
RM0041,Life Insurance,2025-03-22 00:00:00.000000,23491
RM0209,Saving Account,2023-12-13 00:00:00.000000,32775
RM0234,Life Insurance,2020-12-05 00:00:00.000000,88912
RM0210,Loan Against Property,2024-03-21 00:00:00.000000,76956
RM0026,Current Account,2025-07-10 00:00:00.000000,139815
RM0226,Gold Investment,2023-10-11 00:00:00.000000,13020
RM0249,Loan Against Property,2021-09-08 00:00:00.000000,10581
RM0121,Saving Account,2023-09-01 00:00:00.000000,70055
RM0235,ULIP,2023-07-08 00:00:00.000000,26375
RM0091,Saving Account,2019-11-27 00:00:00.000000,30329
RM0184,Gold Investment,2021-08-16 00:00:00.000000,88888888
RM0204,Loan Against Property,2021-12-14 00:00:00.000000,49571
RM0185,Recurring Deposit,2026-07-18 00:00:00.000000,15402
RM0093,Gold Investment,2021-02-18 00:00:00.000000,56141
RM0008,Credit Card,2026-06-06 00:00:00.000000,61458
RM0064,Mutual Funds,2020-06-16 00:00:00.000000,29663
RM0069,Gold Investment,2025-10-13 00:00:00.000000,88888888
RM0081,Mutual Funds,2020-10-20 00:00:00.000000,60080
RM0054,Term Insurance,2019-04-27 00:00:00.000000,99790
RM0026,Gold Investment,2025-07-06 00:00:00.000000,19383
RM0168,Recurring Deposit,2023-04-20 00:00:00.000000,143590
RM0101,Term Insurance,2023-05-17 00:00:00.000000,47824
RM0054,Life Insurance,2022-07-28 00:00:00.000000,138150
RM0033,Credit Card,2025-04-20 00:00:00.000000,21642
RM0154,Recurring Deposit,2025-07-02 00:00:00.000000,56388
RM0033,Current Account,2025-06-13 00:00:00.000000,35866
RM0086,Mutual Funds,2024-11-13 00:00:00.000000,84410
RM0098,Term Insurance,2020-04-04 00:00:00.000000,56558
RM0052,Current Account,2023-01-14 00:00:00.000000,44111
RM0029,Current Account,2022-11-15 00:00:00.000000,132083
RM0225,Loan Against Property,2022-12-27 00:00:00.000000,33669
RM0013,Recurring Deposit,2025-12-02 00:00:00.000000,22421
RM0190,Mutual Funds,2026-06-27 00:00:00.000000,56837
RM0074,Term Insurance,2026-06-13 10:32:43.368591,58912
RM0054,ULIP,2021-06-20 00:00:00.000000,38910
RM0021,Gold Investment,2022-11-12 00:00:00.000000,43335
RM0025,Credit Card,2022-12-31 00:00:00.000000,170388
RM0028,ULIP,2025-06-20 00:00:00.000000,75966
RM0231,Health Insurance,2021-10-27 00:00:00.000000,15860
RM0187,Loan Against Property,2025-07-28 00:00:00.000000,21921
RM0129,Gold Investment,2024-03-09 00:00:00.000000,195610
RM0053,Saving Account,2024-10-06 00:00:00.000000,74816
RM0222,Fixed Deposit,2019-07-26 00:00:00.000000,133281
RM0177,Current Account,2019-04-09 00:00:00.000000,28110
RM0179,Life Insurance,2026-07-24 00:00:00.000000,77713
RM0061,Fixed Deposit,2019-01-08 00:00:00.000000,72588
RM0213,Term Insurance,2019-01-07 00:00:00.000000,27455
RM0153,Mutual Funds,2024-05-01 00:00:00.000000,50016
RM0128,Gold Investment,2023-08-06 00:00:00.000000,59364
RM0140,ULIP,2019-12-05 00:00:00.000000,42805
RM0070,Saving Account,2021-03-21 00:00:00.000000,97774
RM0070,Term Insurance,2021-10-05 00:00:00.000000,99448
RM0225,Credit Card,2026-01-07 00:00:00.000000,105056
RM0021,Saving Account,2021-03-21 00:00:00.000000,91335
RM0240,Term Insurance,2022-01-23 00:00:00.000000,43479
RM0051,Fixed Deposit,2022-02-10 00:00:00.000000,34017
RM0114,Loan Against Property,2019-05-12 00:00:00.000000,99004
RM0052,Term Insurance,2025-07-13 00:00:00.000000,43686
RM0019,Recurring Deposit,2019-04-06 00:00:00.000000,24142
RM0213,Mutual Funds,2019-01-14 00:00:00.000000,45397
RM0225,ULIP,2019-09-27 00:00:00.000000,17648
RM0051,Fixed Deposit,2020-03-20 00:00:00.000000,68822
RM0116,Health Insurance,2024-08-06 00:00:00.000000,30467
RM0164,Mutual Funds,2023-01-10 00:00:00.000000,25099
RM0102,Life Insurance,2024-01-06 00:00:00.000000,166759
RM0098,Loan Against Property,2022-04-08 00:00:00.000000,309653
RM0230,Health Insurance,2022-05-11 00:00:00.000000,85002
RM0099,Health Insurance,2020-12-03 00:00:00.000000,87339
RM0148,ULIP,2019-01-03 00:00:00.000000,58871
RM0136,Term Insurance,2026-02-11 00:00:00.000000,101371
RM0178,Health Insurance,2020-05-29 00:00:00.000000,81181
RM0184,Current Account,2019-09-26 00:00:00.000000,55661
RM0084,Recurring Deposit,2019-09-04 00:00:00.000000,172369
RM0021,Credit Card,2021-04-19 00:00:00.000000,20634
RM0218,Term Insurance,2024-10-18 00:00:00.000000,153569
RM0131,Saving Account,2022-07-19 00:00:00.000000,35661
RM0035,Mutual Funds,2019-09-17 00:00:00.000000,47581
RM0187,Fixed Deposit,2024-06-21 00:00:00.000000,155281
RM0001,Mutual Funds,2023-10-11 00:00:00.000000,16547
RM0081,Life Insurance,2021-05-08 00:00:00.000000,48838
RM0209,Recurring Deposit,2021-04-07 00:00:00.000000,57235
RM0194,Mutual Funds,2019-08-30 00:00:00.000000,313775
RM0087,Saving Account,2020-10-24 00:00:00.000000,194830
RM0249,Health Insurance,2022-12-05 00:00:00.000000,179657
RM0130,Gold Investment,2026-07-21 10:32:43.368639,31415
RM0184,Saving Account,2024-07-29 00:00:00.000000,247029
RM0212,Mutual Funds,2024-10-20 00:00:00.000000,40392
RM0114,Gold Investment,2020-05-05 00:00:00.000000,62775
RM0096,Health Insurance,2019-03-01 00:00:00.000000,105471
RM0217,Current Account,2021-07-10 00:00:00.000000,22187
RM0167,Loan Against Property,2023-05-24 00:00:00.000000,45244
RM0207,Current Account,2021-06-25 00:00:00.000000,179087
RM0109,Saving Account,2026-07-07 00:00:00.000000,156902
RM0156,Loan Against Property,2023-06-27 00:00:00.000000,67558
RM0172,Loan Against Property,2020-03-15 00:00:00.000000,89928
RM0130,Life Insurance,2025-07-18 00:00:00.000000,19705
RM0159,Loan Against Property,2021-03-28 00:00:00.000000,73945
RM0170,Health Insurance,2024-10-02 00:00:00.000000,58123
RM0048,Saving Account,2021-07-01 00:00:00.000000,14800
RM0033,Gold Investment,2022-03-18 00:00:00.000000,16004
RM0207,Recurring Deposit,2022-06-03 00:00:00.000000,15739
RM0205,Saving Account,2021-04-16 00:00:00.000000,74432
RM0220,Credit Card,2024-08-13 00:00:00.000000,17640
RM0161,ULIP,2019-02-02 00:00:00.000000,41530
RM0182,Health Insurance,2019-09-16 00:00:00.000000,32079
RM0164,Loan Against Property,2020-09-26 00:00:00.000000,49981
RM0231,Fixed Deposit,2020-06-07 00:00:00.000000,71289
RM0221,Current Account,2019-04-01 00:00:00.000000,67715
RM0052,Mutual Funds,2023-06-01 00:00:00.000000,46233
RM0203,Credit Card,2021-12-05 00:00:00.000000,41212
RM0058,Saving Account,2021-06-02 00:00:00.000000,35359
RM0125,Health Insurance,2025-03-11 00:00:00.000000,108992
RM0189,ULIP,2024-03-11 00:00:00.000000,30087
RM0039,Fixed Deposit,2023-03-05 00:00:00.000000,25012
RM0044,Recurring Deposit,2023-10-31 00:00:00.000000,77995
RM0212,Credit Card,2022-06-14 00:00:00.000000,32295
RM0236,Health Insurance,2019-09-04 00:00:00.000000,103865
RM0058,Term Insurance,2021-06-02 00:00:00.000000,29866
RM0108,ULIP,2022-08-19 00:00:00.000000,70523
RM0052,Saving Account,2024-06-09 00:00:00.000000,12307
RM0225,ULIP,2019-08-05 00:00:00.000000,34352
RM0242,Fixed Deposit,2025-03-10 00:00:00.000000,31021
RM0245,Saving Account,2025-11-23 00:00:00.000000,94825
RM0096,Health Insurance,2019-09-10 00:00:00.000000,180646
RM0097,ULIP,2025-04-23 00:00:00.000000,40890
RM0133,Recurring Deposit,2025-09-17 00:00:00.000000,97101
RM0190,Recurring Deposit,2021-07-23 00:00:00.000000,70147
RM0165,Loan Against Property,2025-10-05 10:32:43.368685,181150
RM0224,Term Insurance,2020-04-09 00:00:00.000000,93329
RM0079,Saving Account,2026-01-02 00:00:00.000000,14032
RM0211,Gold Investment,2019-03-11 00:00:00.000000,72462
RM0040,Life Insurance,2019-11-14 00:00:00.000000,59309
RM0109,Current Account,2024-03-03 00:00:00.000000,48339
RM0113,Recurring Deposit,2021-02-03 00:00:00.000000,10828
RM0184,Life Insurance,2025-03-01 10:32:43.368718,24471
RM0139,Term Insurance,2026-02-06 00:00:00.000000,137395
RM0189,Saving Account,2021-09-28 00:00:00.000000,140225
RM0248,Life Insurance,2019-07-02 00:00:00.000000,90185
RM0108,ULIP,2020-10-30 00:00:00.000000,210260
RM0121,Saving Account,2020-12-27 00:00:00.000000,92135
RM0198,Gold Investment,2025-07-18 00:00:00.000000,10512
RM0225,ULIP,2025-06-18 00:00:00.000000,26972
RM0190,Life Insurance,2025-10-30 00:00:00.000000,11555
RM0157,Current Account,2019-09-09 00:00:00.000000,14941
RM0151,Current Account,2021-12-19 00:00:00.000000,22348
RM0224,Credit Card,2020-09-06 00:00:00.000000,24927
RM0157,Life Insurance,2025-09-25 00:00:00.000000,45014
RM0112,Recurring Deposit,2023-08-31 00:00:00.000000,104040
RM0046,Recurring Deposit,2023-01-09 00:00:00.000000,109013
RM0141,Current Account,2021-09-12 00:00:00.000000,57881
RM0009,Loan Against Property,2024-09-20 00:00:00.000000,141676
RM0135,Life Insurance,2026-08-07 00:00:00.000000,44663
RM0161,ULIP,2019-11-27 00:00:00.000000,119927
RM0095,Saving Account,2020-11-30 00:00:00.000000,40262
RM0109,Life Insurance,2025-01-12 10:32:43.368754,26232
RM0191,Recurring Deposit,2021-07-13 00:00:00.000000,134093
RM0090,Mutual Funds,2022-06-17 00:00:00.000000,34545
RM0063,Current Account,2021-12-22 00:00:00.000000,44998
RM0005,Gold Investment,2024-02-11 00:00:00.000000,29938
RM0115,Current Account,2021-10-23 00:00:00.000000,64359
RM0247,ULIP,2021-08-11 00:00:00.000000,275229
RM0216,ULIP,2024-07-16 00:00:00.000000,11292
RM0090,Fixed Deposit,2022-08-24 00:00:00.000000,125053
RM0214,Life Insurance,2024-10-31 00:00:00.000000,10196
RM0133,Current Account,2023-12-17 00:00:00.000000,32645
RM0066,Gold Investment,2019-12-27 00:00:00.000000,19232
RM0011,Credit Card,2021-05-08 00:00:00.000000,80805
RM0222,Gold Investment,2022-09-17 00:00:00.000000,12596
RM0222,ULIP,2025-09-27 10:32:43.368792,50314
RM0007,Fixed Deposit,2026-07-06 00:00:00.000000,88888888
RM0222,Term Insurance,2019-06-19 00:00:00.000000,27472
RM0095,Credit Card,2024-06-29 00:00:00.000000,17174
RM0184,Mutual Funds,2021-03-17 00:00:00.000000,83880
RM0096,Health Insurance,2026-08-02 00:00:00.000000,6855
RM0075,Loan Against Property,2022-10-19 00:00:00.000000,22257
RM0215,Credit Card,2024-01-20 00:00:00.000000,22659
RM0221,Life Insurance,2019-05-03 00:00:00.000000,26084
RM0013,Mutual Funds,2020-06-06 00:00:00.000000,54187
RM0024,Term Insurance,2025-06-10 00:00:00.000000,63891
RM0003,Term Insurance,2025-02-09 00:00:00.000000,10887
RM0073,Recurring Deposit,2023-09-14 00:00:00.000000,23844
RM0197,Life Insurance,2026-03-25 00:00:00.000000,38191
RM0079,Fixed Deposit,2024-07-03 00:00:00.000000,30171
RM0110,Gold Investment,2020-01-19 00:00:00.000000,35435
RM0169,Current Account,2020-05-31 00:00:00.000000,88888888
RM0214,Loan Against Property,2026-07-15 00:00:00.000000,117781
RM0246,Current Account,2023-03-19 00:00:00.000000,87489
RM0236,Loan Against Property,2020-01-08 00:00:00.000000,59160
RM0040,Credit Card,2019-12-18 00:00:00.000000,30627
RM0200,Fixed Deposit,2022-08-12 00:00:00.000000,70310
RM0086,Saving Account,2024-09-18 00:00:00.000000,102779
RM0219,Credit Card,2021-06-19 00:00:00.000000,55172
RM0150,Gold Investment,2026-03-04 00:00:00.000000,86730
RM0019,Gold Investment,2025-06-03 10:32:43.368832,79136
RM0099,Gold Investment,2026-01-26 00:00:00.000000,52400
RM0021,Life Insurance,2025-05-08 00:00:00.000000,28711
RM0045,Term Insurance,2021-09-30 00:00:00.000000,78478
RM0098,Health Insurance,2024-12-17 00:00:00.000000,21583
RM0126,Credit Card,2020-02-29 00:00:00.000000,85590
RM0202,Fixed Deposit,2025-05-10 00:00:00.000000,91621
RM0112,Fixed Deposit,2025-01-08 00:00:00.000000,96339
RM0110,Life Insurance,2026-02-14 00:00:00.000000,42019
RM0154,Term Insurance,2024-09-13 00:00:00.000000,20689
RM0179,Fixed Deposit,2019-06-14 00:00:00.000000,15252
RM0170,ULIP,2021-09-08 00:00:00.000000,78004
RM0166,Saving Account,2025-02-24 00:00:00.000000,118692
RM0056,Saving Account,2020-10-01 00:00:00.000000,62611
RM0204,Current Account,2025-02-14 00:00:00.000000,17783
RM0036,Recurring Deposit,2019-08-22 00:00:00.000000,146588
RM0161,Health Insurance,2022-11-19 00:00:00.000000,235958
RM0089,Fixed Deposit,2021-04-30 00:00:00.000000,38403
RM0187,Loan Against Property,2019-04-26 00:00:00.000000,55171
RM0181,ULIP,2026-07-06 00:00:00.000000,85080
RM0108,Loan Against Property,2019-06-28 00:00:00.000000,76664
RM0237,Fixed Deposit,2020-08-13 00:00:00.000000,181769
RM0053,Gold Investment,2025-05-23 00:00:00.000000,16101
RM0053,Current Account,2019-02-16 00:00:00.000000,53461
RM0177,Gold Investment,2025-06-27 00:00:00.000000,68871
RM0135,Recurring Deposit,2020-06-13 00:00:00.000000,120408
RM0064,Credit Card,2023-08-26 00:00:00.000000,113617
RM0046,Credit Card,2024-08-27 10:32:43.368871,200835
RM0237,Credit Card,2023-12-19 00:00:00.000000,88888888
RM0099,Recurring Deposit,2023-12-28 00:00:00.000000,45880
RM0017,Mutual Funds,2025-07-04 00:00:00.000000,98822
RM0233,Credit Card,2024-01-25 00:00:00.000000,37868
RM0083,Gold Investment,2023-11-05 00:00:00.000000,37436
RM0109,Recurring Deposit,2025-04-05 00:00:00.000000,24607
RM0115,ULIP,2025-11-04 00:00:00.000000,95252
RM0189,Current Account,2024-07-21 00:00:00.000000,222778
RM0035,Recurring Deposit,2021-09-08 00:00:00.000000,24808
RM0099,Credit Card,2020-08-18 00:00:00.000000,12888
RM0138,Health Insurance,2019-03-19 00:00:00.000000,94516
RM0229,Health Insurance,2022-06-19 00:00:00.000000,58409
RM0072,ULIP,2022-07-13 00:00:00.000000,170568
RM0083,Credit Card,2025-03-22 00:00:00.000000,35559
RM0032,Term Insurance,2024-12-19 00:00:00.000000,45383
RM0221,Recurring Deposit,2025-04-13 00:00:00.000000,24533
RM0165,Mutual Funds,2020-03-20 00:00:00.000000,13683
RM0238,Gold Investment,2024-03-10 00:00:00.000000,43907
RM0044,Term Insurance,2025-01-12 00:00:00.000000,14467
RM0133,Life Insurance,2025-12-20 10:32:43.368908,25176
RM0235,Saving Account,2024-05-17 00:00:00.000000,16732
RM0160,Current Account,2024-08-10 00:00:00.000000,22688
RM0161,Loan Against Property,2022-01-19 00:00:00.000000,947389
RM0055,Mutual Funds,2023-07-18 00:00:00.000000,15610
RM0212,Loan Against Property,2022-03-22 00:00:00.000000,163853
RM0190,Fixed Deposit,2025-02-22 00:00:00.000000,26325
RM0078,Mutual Funds,2020-02-19 00:00:00.000000,39340
RM0133,Mutual Funds,2025-02-11 00:00:00.000000,124439
RM0066,Mutual Funds,2023-04-21 00:00:00.000000,66554
RM0034,Loan Against Property,2024-02-08 00:00:00.000000,58121
RM0123,Fixed Deposit,2019-06-13 00:00:00.000000,71134
RM0053,Term Insurance,2026-03-07 00:00:00.000000,98252
RM0194,Life Insurance,2025-03-25 00:00:00.000000,115051
RM0062,Gold Investment,2020-09-12 00:00:00.000000,61450
RM0233,Recurring Deposit,2024-08-30 00:00:00.000000,120367
RM0123,Current Account,2022-03-28 00:00:00.000000,48328
RM0006,Gold Investment,2024-12-04 00:00:00.000000,26237
RM0030,ULIP,2022-12-09 00:00:00.000000,116045
RM0080,Current Account,2024-01-08 00:00:00.000000,48986
RM0158,Health Insurance,2019-03-07 00:00:00.000000,128296
RM0244,Credit Card,2025-04-20 00:00:00.000000,12049
RM0179,Fixed Deposit,2024-02-26 00:00:00.000000,35334
RM0099,Mutual Funds,2024-07-17 00:00:00.000000,157638
RM0119,Credit Card,2023-02-08 00:00:00.000000,24360
RM0183,Current Account,2024-12-24 10:32:43.368948,151967
RM0091,Term Insurance,2020-03-02 00:00:00.000000,88888888
RM0223,Credit Card,2019-03-29 00:00:00.000000,163849
RM0173,Current Account,2024-06-18 00:00:00.000000,36925
RM0085,Loan Against Property,2025-11-18 00:00:00.000000,116913
RM0151,Credit Card,2020-05-31 00:00:00.000000,51467
RM0072,Saving Account,2026-02-27 10:32:43.368979,62055
RM0168,Current Account,2021-12-17 00:00:00.000000,111863
RM0017,Recurring Deposit,2026-04-08 00:00:00.000000,84782
RM0014,Current Account,2026-05-13 00:00:00.000000,59725
RM0244,Life Insurance,2023-05-09 00:00:00.000000,211594
RM0197,Loan Against Property,2022-12-24 00:00:00.000000,67866
RM0115,Loan Against Property,2022-04-20 00:00:00.000000,195417
RM0112,Mutual Funds,2024-10-05 00:00:00.000000,12955
RM0232,Credit Card,2019-03-20 00:00:00.000000,17480
RM0015,ULIP,2021-09-27 00:00:00.000000,40024
RM0086,Gold Investment,2026-06-25 00:00:00.000000,34296
RM0005,Term Insurance,2022-10-09 00:00:00.000000,86331
RM0085,Life Insurance,2024-02-26 00:00:00.000000,18754
RM0157,Fixed Deposit,2019-08-22 00:00:00.000000,196683
RM0030,Credit Card,2024-08-25 00:00:00.000000,28921
RM0228,Gold Investment,2022-08-26 00:00:00.000000,38011
RM0059,Gold Investment,2020-12-04 00:00:00.000000,26061
RM0200,Fixed Deposit,2024-12-13 00:00:00.000000,53299
RM0081,Gold Investment,2025-05-05 00:00:00.000000,13020
RM0147,ULIP,2021-02-26 00:00:00.000000,18106
RM0152,Loan Against Property,2021-10-16 00:00:00.000000,78481
RM0245,Current Account,2026-03-31 00:00:00.000000,20320
RM0106,Mutual Funds,2019-03-12 00:00:00.000000,23427
RM0085,Life Insurance,2025-10-06 00:00:00.000000,88747
RM0199,Gold Investment,2019-04-28 00:00:00.000000,14897
RM0063,Loan Against Property,2019-04-12 00:00:00.000000,38765
RM0122,Gold Investment,2025-07-25 00:00:00.000000,11166
RM0234,Health Insurance,2023-01-25 00:00:00.000000,31294
RM0112,Loan Against Property,2024-11-05 00:00:00.000000,70029
RM0003,ULIP,2023-11-02 00:00:00.000000,14721
RM0031,Term Insurance,2026-06-29 00:00:00.000000,35463
RM0108,Mutual Funds,2026-07-09 10:32:43.369020,119612
RM0071,Mutual Funds,2023-02-11 00:00:00.000000,130119
RM0003,Current Account,2026-06-25 00:00:00.000000,15546
RM0147,Recurring Deposit,2024-09-20 10:32:43.369050,244061
RM0196,Saving Account,2022-12-02 00:00:00.000000,27657
RM0124,Term Insurance,2024-08-28 00:00:00.000000,14392
RM0205,Health Insurance,2026-07-07 00:00:00.000000,10253
RM0242,Life Insurance,2025-06-08 10:32:43.369081,36256
RM0160,Recurring Deposit,2025-05-31 10:32:43.369111,59686
RM0101,Gold Investment,2022-11-08 00:00:00.000000,30186
RM0135,Loan Against Property,2019-11-10 00:00:00.000000,100613
RM0013,Gold Investment,2022-01-23 00:00:00.000000,73045
RM0028,Term Insurance,2022-05-03 00:00:00.000000,31551
RM0030,Fixed Deposit,2025-05-25 10:32:43.369142,76271
RM0040,Health Insurance,2024-07-11 00:00:00.000000,151078
RM0220,Gold Investment,2022-06-17 00:00:00.000000,14885
RM0087,Credit Card,2022-08-27 00:00:00.000000,28271
RM0169,ULIP,2025-10-04 00:00:00.000000,41118
RM0118,Recurring Deposit,2025-06-05 00:00:00.000000,44456
RM0122,Gold Investment,2025-02-15 00:00:00.000000,49065
RM0135,Health Insurance,2020-04-20 00:00:00.000000,27878
RM0207,Fixed Deposit,2021-09-04 00:00:00.000000,65019
RM0075,Recurring Deposit,2025-08-09 10:32:43.369175,61793
RM0085,Saving Account,2022-07-30 00:00:00.000000,53116
RM0101,Credit Card,2025-01-05 00:00:00.000000,16038
RM0210,Fixed Deposit,2025-07-10 00:00:00.000000,42405
RM0204,Loan Against Property,2022-01-08 00:00:00.000000,32020
RM0043,Saving Account,2022-05-05 00:00:00.000000,43769
RM0046,Recurring Deposit,2025-11-27 00:00:00.000000,137466
RM0200,Term Insurance,2020-04-26 00:00:00.000000,42747
RM0054,Saving Account,2020-08-06 00:00:00.000000,10703
RM0155,Credit Card,2024-06-27 00:00:00.000000,38887
RM0033,ULIP,2022-05-12 00:00:00.000000,95920
RM0081,Fixed Deposit,2022-09-28 00:00:00.000000,85720
RM0124,Mutual Funds,2025-06-21 00:00:00.000000,46014
RM0191,Term Insurance,2020-08-01 00:00:00.000000,24368
RM0139,Recurring Deposit,2026-01-26 00:00:00.000000,41282
RM0108,Loan Against Property,2022-08-16 00:00:00.000000,51471
RM0100,Gold Investment,2022-12-28 00:00:00.000000,457955
RM0051,Health Insurance,2021-06-15 00:00:00.000000,61666
RM0137,Health Insurance,2026-07-19 00:00:00.000000,69251
RM0068,Fixed Deposit,2024-05-17 00:00:00.000000,43809
RM0175,Current Account,2021-03-28 00:00:00.000000,31885
RM0128,Term Insurance,2023-12-16 00:00:00.000000,93819
RM0004,Loan Against Property,2020-08-10 00:00:00.000000,44153
RM0144,Term Insurance,2021-07-12 00:00:00.000000,271909
RM0233,ULIP,2020-02-28 00:00:00.000000,40543
RM0181,Life Insurance,2023-01-11 00:00:00.000000,13521
RM0014,Mutual Funds,2026-04-25 10:32:43.369215,73014
RM0222,ULIP,2020-07-22 00:00:00.000000,67376
RM0036,Health Insurance,2025-07-13 00:00:00.000000,12388
RM0053,Mutual Funds,2024-01-08 00:00:00.000000,24417
RM0211,Gold Investment,2019-02-06 00:00:00.000000,31827
RM0185,Mutual Funds,2025-01-04 00:00:00.000000,77254
RM0129,Mutual Funds,2024-05-27 00:00:00.000000,44084
RM0195,Saving Account,2022-08-28 00:00:00.000000,11453
RM0169,Term Insurance,2021-01-12 00:00:00.000000,57966
RM0044,Loan Against Property,2025-05-31 00:00:00.000000,36503
RM0094,Recurring Deposit,2023-06-20 00:00:00.000000,137446
RM0015,Fixed Deposit,2024-01-15 00:00:00.000000,44613
RM0180,Recurring Deposit,2022-05-05 00:00:00.000000,71717
RM0013,Recurring Deposit,2026-01-20 00:00:00.000000,22350
RM0176,ULIP,2023-06-06 00:00:00.000000,81559
RM0068,Life Insurance,2023-10-09 00:00:00.000000,73819
RM0030,Recurring Deposit,2019-10-20 00:00:00.000000,127212
RM0203,Fixed Deposit,2026-06-24 00:00:00.000000,11720
RM0050,Life Insurance,2020-06-21 00:00:00.000000,39665
RM0181,Gold Investment,2023-06-14 00:00:00.000000,66839
RM0097,Saving Account,2022-09-19 00:00:00.000000,15000
RM0220,Gold Investment,2026-06-15 00:00:00.000000,10641
RM0236,Saving Account,2019-06-25 00:00:00.000000,36432
RM0048,Loan Against Property,2022-12-31 00:00:00.000000,459171
RM0205,Fixed Deposit,2024-07-22 00:00:00.000000,152492
RM0097,Term Insurance,2025-06-09 00:00:00.000000,38629
RM0116,Current Account,2020-05-19 00:00:00.000000,221353
RM0021,ULIP,2025-03-17 00:00:00.000000,12925
RM0218,Current Account,2026-05-09 00:00:00.000000,73262
RM0221,Credit Card,2025-01-02 00:00:00.000000,53496
RM0021,Loan Against Property,2021-02-23 00:00:00.000000,44711
RM0186,Gold Investment,2021-09-24 00:00:00.000000,64457
RM0162,Gold Investment,2023-02-04 00:00:00.000000,186760
RM0119,ULIP,2021-06-06 00:00:00.000000,16943
RM0084,Gold Investment,2022-11-26 00:00:00.000000,123167
RM0141,Mutual Funds,2023-08-08 00:00:00.000000,68759
RM0129,Term Insurance,2020-01-31 00:00:00.000000,24987
RM0009,Credit Card,2024-04-23 00:00:00.000000,125970
RM0187,Health Insurance,2022-08-16 00:00:00.000000,29447
RM0250,Current Account,2019-03-01 00:00:00.000000,38044
RM0207,Gold Investment,2020-12-17 00:00:00.000000,94161
RM0080,Saving Account,2019-07-02 00:00:00.000000,34619
RM0212,Mutual Funds,2025-12-11 00:00:00.000000,105167
RM0166,Term Insurance,2025-04-16 00:00:00.000000,60616
RM0045,Term Insurance,2025-04-04 00:00:00.000000,17602
RM0206,Credit Card,2025-08-12 10:32:43.369272,62443
RM0190,Mutual Funds,2020-07-17 00:00:00.000000,20619
RM0118,Credit Card,2019-08-26 00:00:00.000000,36544
RM0146,Mutual Funds,2024-03-25 00:00:00.000000,19334
RM0156,ULIP,2021-12-16 00:00:00.000000,11113
RM0140,Credit Card,2019-05-30 00:00:00.000000,21905
RM0246,Fixed Deposit,2020-07-22 00:00:00.000000,48433
RM0195,Life Insurance,2024-03-23 00:00:00.000000,42846
RM0226,Loan Against Property,2026-04-16 00:00:00.000000,44807
RM0018,Credit Card,2023-08-18 00:00:00.000000,24230
RM0136,Life Insurance,2022-10-05 00:00:00.000000,67784
RM0217,Recurring Deposit,2024-06-05 00:00:00.000000,70914
RM0158,Mutual Funds,2026-04-19 00:00:00.000000,32155
RM0060,Credit Card,2019-03-08 00:00:00.000000,116503
RM0209,Gold Investment,2024-03-13 00:00:00.000000,61644
RM0141,Saving Account,2020-09-19 00:00:00.000000,72420
RM0160,Recurring Deposit,2024-12-15 10:32:43.369340,26240
RM0073,Mutual Funds,2025-05-10 10:32:43.369370,10030
RM0174,Life Insurance,2025-05-01 00:00:00.000000,110263
RM0250,Life Insurance,2020-04-11 00:00:00.000000,96417
RM0186,Life Insurance,2020-11-20 00:00:00.000000,16573
RM0120,Loan Against Property,2025-04-22 10:32:43.369400,33428
RM0117,Current Account,2020-05-21 00:00:00.000000,64137
RM0116,Fixed Deposit,2026-02-06 00:00:00.000000,62793
RM0162,Credit Card,2022-03-14 00:00:00.000000,108430
RM0105,Health Insurance,2024-11-10 00:00:00.000000,17556
RM0220,Loan Against Property,2026-05-11 00:00:00.000000,38100
RM0045,Health Insurance,2024-12-12 00:00:00.000000,15114
RM0249,Recurring Deposit,2023-06-08 00:00:00.000000,34681
RM0211,Loan Against Property,2020-02-08 00:00:00.000000,10761
RM0161,ULIP,2019-08-17 00:00:00.000000,124273
RM0102,Health Insurance,2023-02-17 00:00:00.000000,47437
RM0032,Fixed Deposit,2020-02-17 00:00:00.000000,104790
RM0120,Loan Against Property,2023-08-01 00:00:00.000000,13088
RM0195,Health Insurance,2024-10-27 00:00:00.000000,22903
RM0091,Term Insurance,2020-02-17 00:00:00.000000,25013
RM0142,Credit Card,2023-12-05 00:00:00.000000,34444
RM0117,Loan Against Property,2019-06-09 00:00:00.000000,91193
RM0019,Loan Against Property,2020-07-10 00:00:00.000000,34433
RM0204,Credit Card,2026-07-28 00:00:00.000000,21448
RM0009,Term Insurance,2025-08-19 10:32:43.369438,13359
RM0122,ULIP,2021-12-21 00:00:00.000000,14141
RM0158,Fixed Deposit,2019-05-05 00:00:00.000000,81365
RM0234,Saving Account,2020-09-02 00:00:00.000000,88888888
RM0009,ULIP,2024-01-31 00:00:00.000000,39421
RM0200,Health Insurance,2019-01-29 00:00:00.000000,74764
RM0135,Gold Investment,2024-11-04 10:32:43.369469,67330
RM0125,Loan Against Property,2025-02-19 00:00:00.000000,17272
RM0099,Current Account,2021-08-23 00:00:00.000000,17709
RM0158,Health Insurance,2023-02-13 00:00:00.000000,80394
RM0061,Recurring Deposit,2025-03-12 10:32:43.369500,73875
RM0185,Gold Investment,2020-03-13 00:00:00.000000,33743
RM0002,Current Account,2025-08-19 00:00:00.000000,14029
RM0124,Health Insurance,2021-10-07 00:00:00.000000,10608
RM0002,Life Insurance,2026-05-24 00:00:00.000000,26994
RM0013,Gold Investment,2021-04-07 00:00:00.000000,10463
RM0151,Fixed Deposit,2026-01-12 00:00:00.000000,23072
RM0189,ULIP,2025-09-14 00:00:00.000000,37193
RM0181,Saving Account,2026-07-12 00:00:00.000000,16472
RM0168,Credit Card,2019-04-07 00:00:00.000000,15506
RM0149,Recurring Deposit,2019-04-06 00:00:00.000000,123378
RM0137,Health Insurance,2025-01-12 00:00:00.000000,54030
RM0065,Term Insurance,2025-06-14 00:00:00.000000,146251
RM0108,Current Account,2026-07-02 00:00:00.000000,31219
RM0125,Fixed Deposit,2020-05-09 00:00:00.000000,66527
RM0058,Loan Against Property,2020-06-21 00:00:00.000000,21451
RM0233,Current Account,2022-05-21 00:00:00.000000,58161
RM0010,Credit Card,2020-02-10 00:00:00.000000,16939
RM0246,Credit Card,2022-11-20 00:00:00.000000,10104
RM0020,Gold Investment,2019-06-19 00:00:00.000000,144069
RM0129,Saving Account,2025-11-10 00:00:00.000000,16431
RM0035,Fixed Deposit,2019-10-28 00:00:00.000000,50472
RM0035,Mutual Funds,2022-12-08 00:00:00.000000,140824
RM0199,Recurring Deposit,2023-09-19 00:00:00.000000,30310
RM0242,Health Insurance,2019-11-08 00:00:00.000000,29858
RM0221,Current Account,2024-12-30 00:00:00.000000,35595
RM0199,ULIP,2025-09-09 00:00:00.000000,71215
RM0189,Current Account,2019-05-13 00:00:00.000000,51713
RM0151,Loan Against Property,2024-06-11 00:00:00.000000,139750
RM0033,Loan Against Property,2023-01-14 00:00:00.000000,11288
RM0041,Loan Against Property,2023-10-22 00:00:00.000000,71583
RM0160,Mutual Funds,2024-07-05 00:00:00.000000,30048
RM0089,Health Insurance,2023-08-11 00:00:00.000000,19936
RM0215,Credit Card,2022-10-16 00:00:00.000000,45707
RM0164,Health Insurance,2023-08-09 00:00:00.000000,45166
RM0188,Saving Account,2022-09-04 00:00:00.000000,17367
RM0022,ULIP,2023-02-11 00:00:00.000000,21275
RM0045,Life Insurance,2023-04-04 00:00:00.000000,36226
RM0006,Life Insurance,2024-04-19 00:00:00.000000,36281
RM0225,Health Insurance,2023-11-06 00:00:00.000000,29103
RM0007,Fixed Deposit,2019-08-24 00:00:00.000000,18040
RM0138,Life Insurance,2024-12-04 00:00:00.000000,10219
RM0156,Loan Against Property,2019-01-28 00:00:00.000000,185721
RM0139,Term Insurance,2023-10-23 00:00:00.000000,153675
RM0246,ULIP,2021-02-20 00:00:00.000000,43048
RM0044,Current Account,2025-02-10 00:00:00.000000,275436
RM0178,Life Insurance,2019-05-06 00:00:00.000000,65989
RM0076,Fixed Deposit,2021-02-05 00:00:00.000000,13567
RM0126,Current Account,2021-03-20 00:00:00.000000,16262
RM0223,Term Insurance,2021-07-14 00:00:00.000000,133912
RM0069,ULIP,2022-12-05 00:00:00.000000,59719
RM0141,Credit Card,2020-05-03 00:00:00.000000,102633
RM0104,Term Insurance,2019-11-22 00:00:00.000000,124271
RM0121,Mutual Funds,2019-11-13 00:00:00.000000,39705
RM0043,Gold Investment,2026-07-09 00:00:00.000000,12487
RM0063,Life Insurance,2021-07-26 00:00:00.000000,20430
RM0200,Term Insurance,2025-08-02 10:32:43.369551,13444
RM0159,Loan Against Property,2021-07-27 00:00:00.000000,20458
RM0162,Gold Investment,2025-12-02 10:32:43.369582,36426
RM0139,ULIP,2023-08-22 00:00:00.000000,16289
RM0074,Mutual Funds,2022-01-23 00:00:00.000000,19120
RM0092,Fixed Deposit,2021-06-24 00:00:00.000000,39513
RM0098,Credit Card,2025-09-27 00:00:00.000000,30788
RM0159,Gold Investment,2025-05-21 00:00:00.000000,41523
RM0228,Loan Against Property,2021-09-10 00:00:00.000000,38033
RM0096,ULIP,2020-04-26 00:00:00.000000,61708
RM0182,Saving Account,2021-03-06 00:00:00.000000,148381
RM0226,Credit Card,2024-03-16 00:00:00.000000,15706
RM0070,Loan Against Property,2022-08-11 00:00:00.000000,88888888
RM0007,Term Insurance,2023-07-06 00:00:00.000000,15226
RM0088,Mutual Funds,2024-12-09 00:00:00.000000,105800
RM0192,Saving Account,2021-09-28 00:00:00.000000,45301
RM0140,Current Account,2019-12-19 00:00:00.000000,82708
RM0168,Term Insurance,2022-06-17 00:00:00.000000,22130
RM0149,Credit Card,2019-02-11 00:00:00.000000,98264
RM0010,Saving Account,2020-07-13 00:00:00.000000,138750
RM0178,Current Account,2025-11-27 00:00:00.000000,60459
RM0124,Life Insurance,2025-01-17 00:00:00.000000,15595
RM0055,Term Insurance,2024-01-29 00:00:00.000000,122830
RM0149,Credit Card,2025-05-19 10:32:43.369619,88628
RM0076,ULIP,2025-05-09 00:00:00.000000,79490
RM0155,Saving Account,2025-04-23 00:00:00.000000,11870
RM0248,Mutual Funds,2024-11-23 10:32:43.369649,90213
RM0175,Current Account,2025-03-28 00:00:00.000000,17422
RM0101,Current Account,2021-05-27 00:00:00.000000,22576
RM0088,Saving Account,2021-12-15 00:00:00.000000,53035
RM0138,Loan Against Property,2022-02-21 00:00:00.000000,25392
RM0090,Mutual Funds,2024-04-04 00:00:00.000000,64139
RM0140,Current Account,2020-05-30 00:00:00.000000,56833
RM0137,Gold Investment,2024-11-04 00:00:00.000000,15722
RM0050,Term Insurance,2025-12-21 00:00:00.000000,63357
RM0174,Saving Account,2022-03-21 00:00:00.000000,88888888
RM0036,Life Insurance,2020-12-05 00:00:00.000000,138821
RM0099,Mutual Funds,2019-02-06 00:00:00.000000,18783
RM0062,Gold Investment,2022-06-13 00:00:00.000000,55448
RM0223,Health Insurance,2025-12-04 10:32:43.369684,30917
RM0043,Current Account,2019-04-24 00:00:00.000000,40773
RM0077,Mutual Funds,2022-12-22 00:00:00.000000,26913
RM0048,Fixed Deposit,2019-10-10 00:00:00.000000,31857
RM0219,Term Insurance,2022-12-05 00:00:00.000000,11466
RM0171,Health Insurance,2021-06-06 00:00:00.000000,209639
RM0232,ULIP,2020-07-21 00:00:00.000000,59014
RM0012,Gold Investment,2020-01-28 00:00:00.000000,44727
RM0028,Loan Against Property,2020-09-15 00:00:00.000000,34202
RM0037,Term Insurance,2019-11-16 00:00:00.000000,48758
RM0074,Recurring Deposit,2022-02-14 00:00:00.000000,33910
RM0017,Credit Card,2022-04-13 00:00:00.000000,32307
RM0081,Gold Investment,2021-09-24 00:00:00.000000,41176
RM0098,Credit Card,2024-05-24 00:00:00.000000,11930
RM0081,Fixed Deposit,2022-07-12 00:00:00.000000,26147
RM0203,Gold Investment,2023-12-20 00:00:00.000000,19925
RM0061,Life Insurance,2024-09-15 00:00:00.000000,50664
RM0002,Loan Against Property,2024-09-25 00:00:00.000000,102500
RM0204,Credit Card,2022-07-28 00:00:00.000000,18292
RM0242,Fixed Deposit,2025-05-03 00:00:00.000000,11664
RM0175,Fixed Deposit,2022-06-14 00:00:00.000000,24172
RM0017,Fixed Deposit,2022-05-05 00:00:00.000000,204907
RM0021,ULIP,2024-06-01 00:00:00.000000,98233
RM0216,Term Insurance,2024-01-05 00:00:00.000000,55300
RM0187,ULIP,2023-07-23 00:00:00.000000,142429
RM0164,ULIP,2019-09-09 00:00:00.000000,39464
RM0242,Recurring Deposit,2022-09-21 00:00:00.000000,35936
RM0068,ULIP,2022-04-01 00:00:00.000000,214559
RM0190,Recurring Deposit,2020-12-19 00:00:00.000000,27570
RM0013,Gold Investment,2022-05-01 00:00:00.000000,23741
RM0011,Life Insurance,2023-01-01 00:00:00.000000,60812
RM0038,Mutual Funds,2021-10-07 00:00:00.000000,33753
RM0023,Term Insurance,2021-05-19 00:00:00.000000,59223
RM0192,Mutual Funds,2022-12-04 00:00:00.000000,28191
RM0231,Gold Investment,2024-09-01 10:32:43.369727,58106
RM0216,Current Account,2026-01-19 00:00:00.000000,26130
RM0154,Mutual Funds,2024-08-07 00:00:00.000000,12615
RM0005,Loan Against Property,2024-09-13 00:00:00.000000,131598
RM0054,Credit Card,2019-06-14 00:00:00.000000,117366
RM0144,Credit Card,2021-03-18 00:00:00.000000,186676
RM0131,Term Insurance,2022-04-22 00:00:00.000000,31084
RM0069,Saving Account,2022-03-16 00:00:00.000000,73031
RM0002,Saving Account,2024-09-12 00:00:00.000000,67398
RM0142,Mutual Funds,2020-07-01 00:00:00.000000,50935
RM0194,Recurring Deposit,2024-11-03 00:00:00.000000,16730
RM0116,Life Insurance,2020-03-21 00:00:00.000000,54772
RM0023,Credit Card,2025-05-01 00:00:00.000000,20488
RM0121,Fixed Deposit,2025-01-01 00:00:00.000000,27087
RM0120,Health Insurance,2022-10-30 00:00:00.000000,120434
RM0221,Gold Investment,2022-03-14 00:00:00.000000,19495
RM0106,Credit Card,2020-10-28 00:00:00.000000,138115
RM0138,Life Insurance,2021-04-05 00:00:00.000000,46989
RM0115,Mutual Funds,2026-06-23 00:00:00.000000,72863
RM0067,ULIP,2025-10-14 00:00:00.000000,15840
RM0102,Mutual Funds,2025-07-25 00:00:00.000000,25669
RM0121,Saving Account,2019-04-16 00:00:00.000000,169125
RM0196,Mutual Funds,2024-10-17 00:00:00.000000,25472
RM0151,Life Insurance,2020-01-31 00:00:00.000000,27585
RM0031,Current Account,2021-03-26 00:00:00.000000,21007
RM0152,Current Account,2022-06-30 00:00:00.000000,16909
RM0059,Health Insurance,2019-12-09 00:00:00.000000,23280
RM0070,Fixed Deposit,2020-01-24 00:00:00.000000,61406
RM0076,Term Insurance,2020-02-27 00:00:00.000000,40382
RM0199,Loan Against Property,2024-11-06 00:00:00.000000,50344
RM0204,Life Insurance,2023-12-03 00:00:00.000000,16526
RM0218,Term Insurance,2025-03-08 00:00:00.000000,91003
RM0136,Fixed Deposit,2019-02-20 00:00:00.000000,86645
RM0129,Recurring Deposit,2021-12-04 00:00:00.000000,11091
RM0204,Gold Investment,2025-11-30 00:00:00.000000,34186
RM0080,Mutual Funds,2022-01-20 00:00:00.000000,13562
RM0031,Recurring Deposit,2025-03-28 10:32:43.369770,88536
RM0187,Gold Investment,2025-01-10 00:00:00.000000,76831
RM0203,Credit Card,2023-11-07 00:00:00.000000,126133
RM0175,Mutual Funds,2024-01-21 00:00:00.000000,23485
RM0137,Mutual Funds,2020-01-25 00:00:00.000000,40467
RM0124,Life Insurance,2023-08-17 00:00:00.000000,20196
RM0102,Loan Against Property,2019-11-15 00:00:00.000000,33199
RM0089,Saving Account,2020-05-25 00:00:00.000000,46932
RM0153,Gold Investment,2020-04-30 00:00:00.000000,12740
RM0111,Mutual Funds,2023-01-31 00:00:00.000000,72740
RM0166,Current Account,2019-09-07 00:00:00.000000,49185
RM0099,Health Insurance,2021-10-24 00:00:00.000000,98292
RM0247,Credit Card,2023-07-23 00:00:00.000000,88888888
RM0033,Saving Account,2019-01-08 00:00:00.000000,25857
RM0234,Mutual Funds,2022-01-01 00:00:00.000000,126818
RM0105,Health Insurance,2023-09-02 00:00:00.000000,342049
RM0151,Saving Account,2024-04-20 00:00:00.000000,135849
RM0071,Recurring Deposit,2026-02-22 00:00:00.000000,85229
RM0069,Loan Against Property,2022-02-24 00:00:00.000000,93663
RM0229,Mutual Funds,2022-02-27 00:00:00.000000,52635
RM0143,Saving Account,2020-10-06 00:00:00.000000,20545
RM0064,Fixed Deposit,2020-07-25 00:00:00.000000,66511
RM0228,ULIP,2025-12-28 00:00:00.000000,72370
RM0023,Current Account,2019-12-22 00:00:00.000000,221285
RM0003,Gold Investment,2020-06-28 00:00:00.000000,48968
RM0076,Current Account,2026-04-16 00:00:00.000000,25829
RM0146,Health Insurance,2024-12-21 00:00:00.000000,67548
RM0170,Fixed Deposit,2019-01-08 00:00:00.000000,204064
RM0046,Fixed Deposit,2024-09-23 00:00:00.000000,19752
RM0075,ULIP,2025-02-03 00:00:00.000000,29726
RM0244,Health Insurance,2019-08-10 00:00:00.000000,49031
RM0176,Recurring Deposit,2021-12-18 00:00:00.000000,19329
RM0135,Fixed Deposit,2025-03-21 00:00:00.000000,46288
RM0165,Current Account,2024-09-21 10:32:43.369816,11123
RM0139,Fixed Deposit,2026-03-07 00:00:00.000000,30547
RM0182,ULIP,2026-07-21 00:00:00.000000,110261
RM0101,Saving Account,2023-02-20 00:00:00.000000,12222
RM0195,Recurring Deposit,2023-06-25 00:00:00.000000,38012
RM0187,Credit Card,2019-12-22 00:00:00.000000,81816
RM0055,Current Account,2021-11-21 00:00:00.000000,163075
RM0239,Mutual Funds,2024-05-01 00:00:00.000000,221595
RM0062,Credit Card,2020-12-28 00:00:00.000000,37406
RM0037,Gold Investment,2023-03-22 00:00:00.000000,160172
RM0129,Health Insurance,2025-08-11 00:00:00.000000,11803
RM0110,Credit Card,2024-03-21 00:00:00.000000,78504
RM0032,Loan Against Property,2019-10-08 00:00:00.000000,61465
RM0206,Gold Investment,2023-02-27 00:00:00.000000,24352
RM0208,Credit Card,2020-03-31 00:00:00.000000,45394
RM0176,Health Insurance,2020-05-02 00:00:00.000000,16937
RM0232,Saving Account,2021-04-23 00:00:00.000000,112629
RM0121,Term Insurance,2022-02-21 00:00:00.000000,32150
RM0249,ULIP,2021-05-10 00:00:00.000000,59180
RM0103,Gold Investment,2022-08-09 00:00:00.000000,18644
RM0222,Current Account,2026-03-16 00:00:00.000000,21543
RM0122,Credit Card,2022-04-11 00:00:00.000000,251143
RM0084,Life Insurance,2022-08-28 00:00:00.000000,79935
RM0230,Gold Investment,2020-08-09 00:00:00.000000,173471
RM0122,Gold Investment,2019-01-13 00:00:00.000000,27538
RM0071,ULIP,2021-07-15 00:00:00.000000,18990
RM0033,Life Insurance,2019-04-26 00:00:00.000000,44965
RM0088,Gold Investment,2023-02-02 00:00:00.000000,44127
RM0055,Recurring Deposit,2023-07-28 00:00:00.000000,19615
RM0059,Saving Account,2019-02-05 00:00:00.000000,76066
RM0177,ULIP,2023-06-12 00:00:00.000000,32453
RM0038,Gold Investment,2025-02-24 00:00:00.000000,20312
RM0128,Fixed Deposit,2021-12-09 00:00:00.000000,30172
RM0105,Recurring Deposit,2026-05-24 00:00:00.000000,51466
RM0244,Credit Card,2020-02-17 00:00:00.000000,74817
RM0089,Recurring Deposit,2023-10-16 00:00:00.000000,42878
RM0209,Loan Against Property,2020-05-02 00:00:00.000000,47284
RM0165,Mutual Funds,2020-12-22 00:00:00.000000,17479
RM0015,Life Insurance,2019-03-27 00:00:00.000000,133073
RM0069,Mutual Funds,2021-12-11 00:00:00.000000,142059
RM0150,Credit Card,2025-08-29 10:32:43.369861,67510
RM0090,Mutual Funds,2019-01-19 00:00:00.000000,10889
RM0239,Fixed Deposit,2024-01-23 00:00:00.000000,48509
RM0096,ULIP,2021-01-04 00:00:00.000000,59607
RM0079,Loan Against Property,2019-08-05 00:00:00.000000,271572
RM0120,Term Insurance,2020-10-31 00:00:00.000000,286917
RM0045,ULIP,2025-01-22 00:00:00.000000,107459
RM0139,Recurring Deposit,2025-12-02 10:32:43.369893,13297
RM0200,Current Account,2022-02-22 00:00:00.000000,163175
RM0049,Recurring Deposit,2024-08-05 00:00:00.000000,28069
RM0207,Fixed Deposit,2019-11-18 00:00:00.000000,57422
RM0212,Gold Investment,2023-10-02 00:00:00.000000,90694
RM0091,Term Insurance,2021-05-29 00:00:00.000000,36144
RM0210,Term Insurance,2021-04-05 00:00:00.000000,29258
RM0181,Term Insurance,2023-01-09 00:00:00.000000,41110
RM0238,Fixed Deposit,2025-01-01 00:00:00.000000,17942
RM0108,Current Account,2024-02-19 00:00:00.000000,32085
RM0057,Fixed Deposit,2021-03-29 00:00:00.000000,107461
RM0114,Saving Account,2023-10-11 00:00:00.000000,11934
RM0021,ULIP,2024-02-19 00:00:00.000000,18177
RM0049,Saving Account,2025-10-06 00:00:00.000000,21202
RM0084,Saving Account,2019-06-04 00:00:00.000000,16683
RM0117,ULIP,2023-08-16 00:00:00.000000,35798
RM0230,Term Insurance,2020-04-04 00:00:00.000000,300239
RM0184,Current Account,2025-07-22 00:00:00.000000,19519
RM0187,Term Insurance,2024-10-25 10:32:43.369930,17860
RM0200,Current Account,2022-10-21 00:00:00.000000,133287
RM0142,Gold Investment,2020-05-11 00:00:00.000000,116874
RM0250,Life Insurance,2024-01-26 00:00:00.000000,11638
RM0101,Term Insurance,2025-08-25 00:00:00.000000,79657
RM0183,Current Account,2024-01-21 00:00:00.000000,63278
RM0026,Saving Account,2026-06-10 00:00:00.000000,82995
RM0230,Loan Against Property,2025-05-22 00:00:00.000000,44110
RM0029,Life Insurance,2019-08-22 00:00:00.000000,247678
RM0248,Term Insurance,2025-06-22 10:32:43.369962,20001
RM0039,Life Insurance,2020-07-28 00:00:00.000000,12241
RM0003,Loan Against Property,2023-03-26 00:00:00.000000,23352
RM0142,Fixed Deposit,2024-12-29 10:32:43.369992,35254
RM0132,ULIP,2022-06-09 00:00:00.000000,39871
RM0099,Fixed Deposit,2023-09-05 00:00:00.000000,58849
RM0217,Credit Card,2020-05-23 00:00:00.000000,137148
RM0198,Life Insurance,2023-01-08 00:00:00.000000,51049
RM0192,Gold Investment,2019-04-28 00:00:00.000000,12308
RM0241,Health Insurance,2021-08-27 00:00:00.000000,36200
RM0105,Fixed Deposit,2022-01-30 00:00:00.000000,36934
RM0083,Fixed Deposit,2024-06-12 00:00:00.000000,178326
RM0087,Term Insurance,2019-08-22 00:00:00.000000,55714
RM0169,Health Insurance,2025-08-15 00:00:00.000000,60482
RM0208,Term Insurance,2026-08-05 10:32:43.370025,72457
RM0213,Fixed Deposit,2026-02-18 00:00:00.000000,83492
RM0241,Fixed Deposit,2025-02-19 00:00:00.000000,60399
RM0120,Recurring Deposit,2019-03-03 00:00:00.000000,23537
RM0152,Life Insurance,2021-08-31 00:00:00.000000,113591
RM0096,Recurring Deposit,2022-03-08 00:00:00.000000,75860
RM0014,Loan Against Property,2025-08-24 00:00:00.000000,77714
RM0091,Credit Card,2025-11-14 00:00:00.000000,293566
RM0081,Credit Card,2022-10-16 00:00:00.000000,91107
RM0102,Term Insurance,2024-11-19 00:00:00.000000,98348
RM0167,ULIP,2019-04-19 00:00:00.000000,161212
RM0151,Loan Against Property,2022-02-20 00:00:00.000000,18192
RM0144,Life Insurance,2025-03-18 00:00:00.000000,44430
RM0168,Mutual Funds,2025-07-28 00:00:00.000000,53442
RM0025,Term Insurance,2021-08-29 00:00:00.000000,29969
RM0001,Mutual Funds,2021-10-28 00:00:00.000000,101442
RM0167,Gold Investment,2020-09-25 00:00:00.000000,81862
RM0232,Credit Card,2023-11-20 00:00:00.000000,73806
RM0066,Gold Investment,2025-05-25 00:00:00.000000,303011
RM0243,Saving Account,2025-11-19 00:00:00.000000,25013
RM0054,Term Insurance,2020-12-05 00:00:00.000000,76487
RM0161,Saving Account,2023-06-21 00:00:00.000000,50081
RM0062,Health Insurance,2020-12-02 00:00:00.000000,28770
RM0014,Saving Account,2022-07-12 00:00:00.000000,18752
RM0088,Health Insurance,2025-07-11 00:00:00.000000,123112
RM0008,Health Insurance,2019-01-27 00:00:00.000000,55249
RM0066,Loan Against Property,2024-09-17 00:00:00.000000,97129
RM0152,Gold Investment,2019-06-04 00:00:00.000000,88888888
RM0013,Term Insurance,2024-05-30 00:00:00.000000,49410
RM0238,ULIP,2019-01-19 00:00:00.000000,22421
RM0241,Gold Investment,2021-08-14 00:00:00.000000,30590
RM0168,Term Insurance,2023-06-07 00:00:00.000000,34026
RM0043,Saving Account,2020-05-28 00:00:00.000000,190475
RM0055,Fixed Deposit,2024-10-31 00:00:00.000000,10282
RM0182,Recurring Deposit,2020-01-29 00:00:00.000000,222256
RM0101,ULIP,2023-09-14 00:00:00.000000,206768
RM0165,Saving Account,2019-08-15 00:00:00.000000,287994
RM0186,ULIP,2019-07-15 00:00:00.000000,42369
RM0130,Term Insurance,2023-11-02 00:00:00.000000,175947
RM0141,ULIP,2023-10-23 00:00:00.000000,35175
RM0237,Mutual Funds,2023-09-21 00:00:00.000000,11332
RM0190,Health Insurance,2020-04-02 00:00:00.000000,22702
RM0095,Credit Card,2024-05-13 00:00:00.000000,155291
RM0194,Life Insurance,2026-03-13 00:00:00.000000,10693
RM0236,Gold Investment,2025-04-25 00:00:00.000000,49482
RM0084,Gold Investment,2025-11-19 00:00:00.000000,13930
RM0229,Mutual Funds,2024-06-03 00:00:00.000000,26871
RM0139,Life Insurance,2026-04-26 00:00:00.000000,14610
RM0231,Term Insurance,2023-01-18 00:00:00.000000,108137
RM0210,ULIP,2021-05-21 00:00:00.000000,54710
RM0075,Loan Against Property,2022-05-28 00:00:00.000000,126193
RM0003,Health Insurance,2024-12-24 00:00:00.000000,68294
RM0227,Saving Account,2020-04-19 00:00:00.000000,9050
RM0154,Current Account,2023-01-06 00:00:00.000000,187073
RM0208,Saving Account,2019-04-29 00:00:00.000000,45655
RM0183,Credit Card,2025-05-26 00:00:00.000000,60903
RM0152,Fixed Deposit,2023-10-15 00:00:00.000000,52937
RM0063,Term Insurance,2022-09-03 00:00:00.000000,43107
RM0067,Current Account,2023-09-25 00:00:00.000000,103526
RM0134,Saving Account,2020-06-16 00:00:00.000000,61715
RM0157,ULIP,2023-07-13 00:00:00.000000,90801
RM0172,Current Account,2026-01-06 10:32:43.370078,87174
RM0124,Life Insurance,2021-09-30 00:00:00.000000,20600
RM0050,Mutual Funds,2022-07-27 00:00:00.000000,62514
RM0171,Current Account,2024-07-30 00:00:00.000000,21135
RM0033,Life Insurance,2025-09-23 00:00:00.000000,34123
RM0198,Gold Investment,2025-03-08 10:32:43.370109,53771
RM0115,Life Insurance,2025-02-16 00:00:00.000000,66572
RM0249,Recurring Deposit,2021-02-09 00:00:00.000000,304537
RM0109,Health Insurance,2021-04-21 00:00:00.000000,11550
RM0019,Health Insurance,2019-08-22 00:00:00.000000,14783
RM0137,Gold Investment,2022-03-01 00:00:00.000000,14007
RM0158,Loan Against Property,2026-07-20 10:32:43.370141,35404
RM0203,Life Insurance,2024-11-08 00:00:00.000000,96183
RM0164,Recurring Deposit,2020-09-06 00:00:00.000000,102913
RM0201,Recurring Deposit,2024-07-22 00:00:00.000000,76776
RM0029,Saving Account,2022-02-15 00:00:00.000000,123592
RM0181,Credit Card,2024-06-19 00:00:00.000000,29493
RM0164,Health Insurance,2019-10-19 00:00:00.000000,14614
RM0245,Loan Against Property,2025-11-05 00:00:00.000000,12995
RM0236,Mutual Funds,2021-09-23 00:00:00.000000,105572
RM0209,ULIP,2021-08-05 00:00:00.000000,75547
RM0011,Life Insurance,2024-03-19 00:00:00.000000,69968
RM0044,Term Insurance,2023-05-01 00:00:00.000000,30751
RM0004,Gold Investment,2024-05-19 00:00:00.000000,33894
RM0160,Credit Card,2022-06-11 00:00:00.000000,168639
RM0210,ULIP,2022-03-22 00:00:00.000000,13296
RM0077,Recurring Deposit,2026-01-16 00:00:00.000000,84301
RM0202,Mutual Funds,2020-11-17 00:00:00.000000,28526
RM0148,Current Account,2019-08-23 00:00:00.000000,11991
RM0080,Recurring Deposit,2025-02-24 00:00:00.000000,77850
RM0049,Life Insurance,2025-01-29 00:00:00.000000,30091
RM0096,Term Insurance,2023-03-12 00:00:00.000000,74033
RM0012,Term Insurance,2025-11-07 00:00:00.000000,71490
RM0176,Mutual Funds,2019-09-27 00:00:00.000000,48262
RM0194,Life Insurance,2019-07-01 00:00:00.000000,85112
RM0164,ULIP,2025-02-18 00:00:00.000000,53498
RM0020,Life Insurance,2022-07-31 00:00:00.000000,26888
RM0234,Loan Against Property,2025-11-15 00:00:00.000000,76234
RM0186,Credit Card,2025-08-24 00:00:00.000000,54475
RM0189,Term Insurance,2023-06-06 00:00:00.000000,10640
RM0105,Life Insurance,2020-09-21 00:00:00.000000,125958
RM0111,Fixed Deposit,2020-08-09 00:00:00.000000,49443
RM0051,Recurring Deposit,2021-10-18 00:00:00.000000,111485
RM0120,Credit Card,2025-04-30 00:00:00.000000,117166
RM0093,Loan Against Property,2021-12-01 00:00:00.000000,39436
RM0085,Current Account,2019-04-12 00:00:00.000000,45429
RM0089,Term Insurance,2026-01-03 10:32:43.370184,36871
RM0082,Credit Card,2019-07-23 00:00:00.000000,39840
RM0026,Life Insurance,2022-02-19 00:00:00.000000,122759
RM0029,Saving Account,2021-09-14 00:00:00.000000,87592
RM0198,Current Account,2023-02-07 00:00:00.000000,16763
RM0110,Loan Against Property,2020-08-17 00:00:00.000000,57119
RM0219,Life Insurance,2025-02-22 00:00:00.000000,284919
RM0201,Credit Card,2021-04-01 00:00:00.000000,55261
RM0195,Loan Against Property,2025-05-18 00:00:00.000000,87058
RM0221,Fixed Deposit,2025-08-21 00:00:00.000000,83280
RM0173,Gold Investment,2021-02-11 00:00:00.000000,31563
RM0140,Mutual Funds,2022-09-07 00:00:00.000000,33248
RM0089,Gold Investment,2024-03-27 00:00:00.000000,74381
RM0142,Mutual Funds,2025-09-09 00:00:00.000000,44655
RM0226,Term Insurance,2025-05-22 00:00:00.000000,52264
RM0197,Mutual Funds,2021-12-05 00:00:00.000000,72397
RM0068,ULIP,2019-06-23 00:00:00.000000,85158
RM0162,Mutual Funds,2020-06-01 00:00:00.000000,25839
RM0243,Mutual Funds,2024-07-27 00:00:00.000000,17937
RM0127,Gold Investment,2022-05-11 00:00:00.000000,27251
RM0070,Life Insurance,2019-07-29 00:00:00.000000,45416
RM0175,Gold Investment,2025-06-29 10:32:43.370221,30938
RM0228,Fixed Deposit,2020-08-17 00:00:00.000000,52008
RM0118,Life Insurance,2025-12-21 00:00:00.000000,12747
RM0189,Life Insurance,2026-06-12 00:00:00.000000,45642
RM0189,Mutual Funds,2021-02-09 00:00:00.000000,32942
RM0181,Health Insurance,2020-05-09 00:00:00.000000,48250
RM0184,Saving Account,2022-10-18 00:00:00.000000,37455
RM0014,Loan Against Property,2023-06-27 00:00:00.000000,26719
RM0110,Health Insurance,2026-08-02 00:00:00.000000,127226
RM0134,Life Insurance,2025-09-28 00:00:00.000000,20213
RM0024,Term Insurance,2022-02-05 00:00:00.000000,67185
RM0015,Gold Investment,2019-02-05 00:00:00.000000,139277
RM0044,Term Insurance,2020-11-04 00:00:00.000000,48682
RM0078,Current Account,2019-09-16 00:00:00.000000,114538
RM0219,Term Insurance,2021-02-04 00:00:00.000000,16668
RM0083,Loan Against Property,2025-12-23 00:00:00.000000,44040
RM0247,Gold Investment,2025-10-26 00:00:00.000000,40534
RM0157,Gold Investment,2025-10-06 00:00:00.000000,10407
RM0202,Loan Against Property,2024-09-18 00:00:00.000000,39282
RM0015,Current Account,2026-01-16 10:32:43.370270,33024
RM0146,Recurring Deposit,2026-03-14 00:00:00.000000,65402
RM0116,Fixed Deposit,2020-11-25 00:00:00.000000,149297
RM0145,Saving Account,2021-05-29 00:00:00.000000,14484
RM0048,Mutual Funds,2021-03-10 00:00:00.000000,29835
RM0176,Fixed Deposit,2020-08-05 00:00:00.000000,39355
RM0057,Credit Card,2019-09-02 00:00:00.000000,40365
RM0084,Life Insurance,2023-01-20 00:00:00.000000,84540
RM0085,Credit Card,2024-12-23 00:00:00.000000,39295
RM0018,Credit Card,2021-06-06 00:00:00.000000,11376
RM0119,Fixed Deposit,2026-02-14 00:00:00.000000,129236
RM0124,Loan Against Property,2024-04-18 00:00:00.000000,918697
RM0135,Mutual Funds,2023-08-21 00:00:00.000000,71911
RM0202,Loan Against Property,2020-04-25 00:00:00.000000,118067
RM0216,Term Insurance,2025-08-04 00:00:00.000000,46067
RM0034,Fixed Deposit,2019-08-01 00:00:00.000000,53507
RM0228,Fixed Deposit,2022-09-15 00:00:00.000000,18892
RM0150,Mutual Funds,2022-05-28 00:00:00.000000,22464
RM0043,Health Insurance,2024-11-18 00:00:00.000000,23405
RM0190,Current Account,2025-11-05 00:00:00.000000,38171
RM0234,Mutual Funds,2021-01-08 00:00:00.000000,141655
RM0124,Term Insurance,2023-07-07 00:00:00.000000,46884
RM0026,Health Insurance,2021-09-27 00:00:00.000000,20665
RM0103,Term Insurance,2020-07-12 00:00:00.000000,25468
RM0037,ULIP,2019-09-23 00:00:00.000000,34226
RM0245,Mutual Funds,2025-01-12 00:00:00.000000,58809
RM0096,Recurring Deposit,2021-08-14 00:00:00.000000,38993
RM0100,ULIP,2025-07-12 00:00:00.000000,34915
RM0070,ULIP,2026-07-27 00:00:00.000000,51589
RM0136,Term Insurance,2025-10-13 00:00:00.000000,23842
RM0084,Life Insurance,2023-04-15 00:00:00.000000,14109
RM0001,Loan Against Property,2021-12-26 00:00:00.000000,11235
RM0202,Gold Investment,2026-06-16 00:00:00.000000,24468
RM0206,Saving Account,2020-12-05 00:00:00.000000,14803
RM0127,Saving Account,2024-11-04 00:00:00.000000,30499
RM0158,Life Insurance,2024-12-15 00:00:00.000000,84125
RM0174,Recurring Deposit,2024-01-31 00:00:00.000000,72990
RM0155,Fixed Deposit,2023-12-19 00:00:00.000000,57199
RM0196,Gold Investment,2025-03-02 00:00:00.000000,42024
RM0144,Current Account,2021-11-03 00:00:00.000000,105696
RM0207,Saving Account,2025-09-15 00:00:00.000000,26568
RM0092,Health Insurance,2024-03-02 00:00:00.000000,118164
RM0163,Loan Against Property,2021-02-23 00:00:00.000000,35477
RM0224,Current Account,2025-10-17 00:00:00.000000,35615
RM0111,Gold Investment,2023-07-07 00:00:00.000000,35989
RM0239,Fixed Deposit,2024-09-19 00:00:00.000000,15162
RM0134,Term Insurance,2021-05-16 00:00:00.000000,195434
RM0174,Term Insurance,2025-07-15 00:00:00.000000,17454
RM0127,Saving Account,2022-09-26 00:00:00.000000,30842
RM0073,ULIP,2021-06-26 00:00:00.000000,29231
RM0099,Saving Account,2023-05-09 00:00:00.000000,13880
RM0031,ULIP,2026-03-15 00:00:00.000000,18259
RM0083,Gold Investment,2022-09-09 00:00:00.000000,12294
RM0103,Recurring Deposit,2023-02-12 00:00:00.000000,27294
RM0250,Current Account,2021-03-15 00:00:00.000000,110741
RM0173,Fixed Deposit,2023-01-29 00:00:00.000000,147516
RM0200,Fixed Deposit,2020-07-10 00:00:00.000000,30733
RM0053,Health Insurance,2019-01-28 00:00:00.000000,16601
RM0085,Recurring Deposit,2025-07-06 00:00:00.000000,61879
RM0219,Life Insurance,2023-04-29 00:00:00.000000,294212
RM0191,Health Insurance,2026-02-08 00:00:00.000000,23219
RM0115,Credit Card,2023-04-06 00:00:00.000000,26395
RM0057,Fixed Deposit,2025-03-18 10:32:43.370331,188505
RM0219,Life Insurance,2020-03-16 00:00:00.000000,19847
RM0080,Recurring Deposit,2024-08-23 00:00:00.000000,45791
RM0049,Recurring Deposit,2025-11-18 00:00:00.000000,23698
RM0043,Current Account,2025-02-09 00:00:00.000000,144671
RM0239,Saving Account,2023-10-05 00:00:00.000000,209556
RM0084,Fixed Deposit,2024-10-15 00:00:00.000000,94288
RM0232,ULIP,2022-05-03 00:00:00.000000,88888888
RM0187,Fixed Deposit,2023-03-02 00:00:00.000000,28901
RM0134,Term Insurance,2023-01-12 00:00:00.000000,35832
RM0003,Fixed Deposit,2020-06-08 00:00:00.000000,88888888
RM0042,Recurring Deposit,2025-10-11 00:00:00.000000,23873
RM0214,Gold Investment,2020-09-16 00:00:00.000000,120709
RM0143,Saving Account,2025-11-10 00:00:00.000000,132996
RM0032,Life Insurance,2023-05-18 00:00:00.000000,37139
RM0014,Health Insurance,2020-07-24 00:00:00.000000,63433
RM0210,Loan Against Property,2024-08-07 00:00:00.000000,19049
RM0210,Credit Card,2022-03-22 00:00:00.000000,38540
RM0068,Recurring Deposit,2025-05-22 00:00:00.000000,59915
RM0017,Current Account,2024-12-18 00:00:00.000000,34339
RM0022,ULIP,2024-10-30 00:00:00.000000,32127
RM0118,Saving Account,2020-12-25 00:00:00.000000,10049
RM0079,Credit Card,2023-11-22 00:00:00.000000,91556
RM0023,Credit Card,2021-07-01 00:00:00.000000,15179
RM0027,Term Insurance,2020-12-27 00:00:00.000000,120063
RM0195,Credit Card,2024-12-12 00:00:00.000000,184441
RM0035,Current Account,2020-08-25 00:00:00.000000,73518
RM0051,Mutual Funds,2024-01-02 00:00:00.000000,88888888
RM0068,ULIP,2021-07-03 00:00:00.000000,49791
RM0145,Saving Account,2021-12-28 00:00:00.000000,25686
RM0146,Term Insurance,2020-09-30 00:00:00.000000,373184
RM0011,Recurring Deposit,2019-12-03 00:00:00.000000,54549
RM0200,Life Insurance,2020-10-02 00:00:00.000000,67152
RM0024,Credit Card,2021-03-28 00:00:00.000000,67349
RM0180,Gold Investment,2023-03-22 00:00:00.000000,103297
RM0070,Loan Against Property,2024-10-22 00:00:00.000000,10485
RM0249,Loan Against Property,2021-09-12 00:00:00.000000,22438
RM0116,Life Insurance,2025-04-29 00:00:00.000000,64761
RM0069,Health Insurance,2022-02-13 00:00:00.000000,122759
RM0012,Life Insurance,2021-04-18 00:00:00.000000,67812
RM0156,Mutual Funds,2019-02-25 00:00:00.000000,36678
RM0093,Life Insurance,2023-09-13 00:00:00.000000,32436
RM0107,Life Insurance,2022-04-11 00:00:00.000000,76960
RM0129,Gold Investment,2019-11-26 00:00:00.000000,77592
RM0177,Mutual Funds,2025-03-01 00:00:00.000000,56704
RM0150,Health Insurance,2023-09-30 00:00:00.000000,27227
RM0014,Recurring Deposit,2023-08-09 00:00:00.000000,139616
RM0073,Loan Against Property,2019-09-23 00:00:00.000000,50134
RM0144,Saving Account,2022-01-06 00:00:00.000000,88149
RM0118,Life Insurance,2024-06-03 00:00:00.000000,22059
RM0080,Fixed Deposit,2025-11-20 00:00:00.000000,31082
RM0034,Fixed Deposit,2019-07-13 00:00:00.000000,113804
RM0109,Loan Against Property,2022-01-20 00:00:00.000000,12570
RM0121,Current Account,2022-04-19 00:00:00.000000,30257
RM0199,Mutual Funds,2022-03-14 00:00:00.000000,45904
RM0227,ULIP,2021-02-21 00:00:00.000000,42860
RM0051,Mutual Funds,2024-04-08 00:00:00.000000,79561
RM0229,Fixed Deposit,2025-07-23 00:00:00.000000,26556
RM0058,Loan Against Property,2025-06-19 00:00:00.000000,22363
RM0089,Credit Card,2023-09-11 00:00:00.000000,140274
RM0216,Fixed Deposit,2025-12-07 10:32:43.370385,52397
RM0111,Fixed Deposit,2019-03-06 00:00:00.000000,15529
RM0102,Health Insurance,2020-06-20 00:00:00.000000,20723
RM0129,Current Account,2025-02-28 00:00:00.000000,347369
RM0102,Health Insurance,2021-01-08 00:00:00.000000,20883
RM0130,Saving Account,2019-07-15 00:00:00.000000,57141
RM0125,Fixed Deposit,2019-06-05 00:00:00.000000,37247
RM0130,Life Insurance,2019-10-01 00:00:00.000000,118402
RM0171,Loan Against Property,2019-05-07 00:00:00.000000,80359
RM0118,Gold Investment,2019-03-24 00:00:00.000000,55434
RM0169,Mutual Funds,2019-12-27 00:00:00.000000,10539
RM0153,Recurring Deposit,2023-05-05 00:00:00.000000,115927
RM0048,Life Insurance,2023-03-16 00:00:00.000000,39409
RM0130,Health Insurance,2024-09-03 00:00:00.000000,144102
RM0224,Credit Card,2022-08-30 00:00:00.000000,44213
RM0169,Life Insurance,2024-11-26 00:00:00.000000,69245
RM0210,Recurring Deposit,2026-06-10 00:00:00.000000,13590
RM0016,Recurring Deposit,2020-04-01 00:00:00.000000,78354
RM0075,Recurring Deposit,2020-04-23 00:00:00.000000,30624
RM0239,Term Insurance,2019-07-19 00:00:00.000000,31643
RM0037,Health Insurance,2025-11-26 00:00:00.000000,16315
RM0071,Fixed Deposit,2025-10-26 00:00:00.000000,17941
RM0156,Current Account,2020-08-28 00:00:00.000000,20274
RM0011,Health Insurance,2024-10-20 00:00:00.000000,29890
RM0123,ULIP,2024-02-26 00:00:00.000000,121267
RM0109,Saving Account,2023-08-02 00:00:00.000000,32963
RM0216,Loan Against Property,2021-08-22 00:00:00.000000,74433
RM0168,Mutual Funds,2025-03-01 00:00:00.000000,14318
RM0102,Gold Investment,2026-07-10 00:00:00.000000,54714
RM0082,ULIP,2020-10-12 00:00:00.000000,42878
RM0054,Gold Investment,2024-08-11 00:00:00.000000,200740
RM0098,Health Insurance,2022-04-18 00:00:00.000000,103607
RM0143,Mutual Funds,2022-01-12 00:00:00.000000,40332
RM0244,Current Account,2026-07-24 00:00:00.000000,84614
RM0120,Loan Against Property,2024-12-08 00:00:00.000000,20723
RM0144,Term Insurance,2020-09-23 00:00:00.000000,51315
RM0061,Mutual Funds,2023-11-20 00:00:00.000000,13877
RM0224,Credit Card,2024-10-12 00:00:00.000000,31392
RM0069,ULIP,2023-09-06 00:00:00.000000,22800
RM0116,Loan Against Property,2021-10-22 00:00:00.000000,73453
RM0243,ULIP,2021-06-25 00:00:00.000000,43676
RM0188,Gold Investment,2019-09-23 00:00:00.000000,79529
RM0061,Loan Against Property,2022-03-11 00:00:00.000000,46210
RM0233,Credit Card,2021-01-29 00:00:00.000000,14522
RM0068,Fixed Deposit,2025-03-23 00:00:00.000000,76470
RM0150,Recurring Deposit,2025-11-06 10:32:43.370431,99556
RM0159,Gold Investment,2025-08-05 00:00:00.000000,126926
RM0127,Current Account,2024-03-14 00:00:00.000000,52430
RM0173,Gold Investment,2023-05-16 00:00:00.000000,80036
RM0242,Current Account,2020-03-03 00:00:00.000000,79725
RM0090,Current Account,2019-10-25 00:00:00.000000,18465
RM0103,Health Insurance,2026-01-21 00:00:00.000000,18969
RM0127,Credit Card,2020-02-04 00:00:00.000000,13676
RM0246,Health Insurance,2022-11-10 00:00:00.000000,29276
RM0016,Recurring Deposit,2023-02-19 00:00:00.000000,42076
RM0230,Credit Card,2020-01-30 00:00:00.000000,318239
RM0034,Health Insurance,2021-03-08 00:00:00.000000,38193
RM0110,Credit Card,2021-11-17 00:00:00.000000,74775
RM0121,Credit Card,2026-02-22 00:00:00.000000,69110
RM0011,Health Insurance,2019-08-26 00:00:00.000000,21438
RM0017,Recurring Deposit,2020-09-29 00:00:00.000000,13014
RM0007,Saving Account,2022-12-03 00:00:00.000000,49483
RM0203,Life Insurance,2020-12-28 00:00:00.000000,70249
RM0234,Term Insurance,2020-01-23 00:00:00.000000,327458
RM0120,Recurring Deposit,2020-06-05 00:00:00.000000,32205
RM0178,Saving Account,2024-02-06 00:00:00.000000,123343
RM0123,Term Insurance,2020-06-18 00:00:00.000000,34057
RM0104,Mutual Funds,2025-08-18 00:00:00.000000,68464
RM0078,Term Insurance,2022-12-13 00:00:00.000000,55596
RM0195,Loan Against Property,2023-08-31 00:00:00.000000,12721
RM0156,Fixed Deposit,2025-11-24 00:00:00.000000,14081
RM0097,ULIP,2020-10-31 00:00:00.000000,11049
RM0006,Recurring Deposit,2021-06-07 00:00:00.000000,33168
RM0248,Loan Against Property,2020-09-03 00:00:00.000000,78481
RM0062,Recurring Deposit,2025-04-01 00:00:00.000000,19482
RM0217,Loan Against Property,2023-09-06 00:00:00.000000,56551
RM0011,Loan Against Property,2022-08-19 00:00:00.000000,27042
RM0196,Current Account,2022-06-19 00:00:00.000000,89725
RM0125,Recurring Deposit,2022-11-26 00:00:00.000000,90072
RM0073,Term Insurance,2022-03-25 00:00:00.000000,84674
RM0078,Current Account,2019-02-02 00:00:00.000000,47204
RM0047,Credit Card,2021-01-03 00:00:00.000000,26743
RM0199,Health Insurance,2019-11-02 00:00:00.000000,92890
RM0063,Recurring Deposit,2026-02-26 00:00:00.000000,20295
RM0246,Saving Account,2020-06-15 00:00:00.000000,27107
RM0222,Saving Account,2019-09-14 00:00:00.000000,20163
RM0080,Health Insurance,2023-08-07 00:00:00.000000,66075
RM0071,Fixed Deposit,2025-08-21 00:00:00.000000,67955
RM0054,Gold Investment,2022-05-31 00:00:00.000000,62850
RM0230,Health Insurance,2020-06-17 00:00:00.000000,36858
RM0127,Saving Account,2022-08-09 00:00:00.000000,15277
RM0172,Fixed Deposit,2024-11-24 10:32:43.370479,131051
RM0228,Mutual Funds,2024-02-08 00:00:00.000000,45436
RM0211,Current Account,2024-12-03 00:00:00.000000,36125
RM0211,Credit Card,2024-05-08 00:00:00.000000,54436
RM0153,ULIP,2023-03-29 00:00:00.000000,20708
RM0069,Loan Against Property,2025-12-08 10:32:43.370511,17109
RM0246,Recurring Deposit,2019-12-16 00:00:00.000000,36003
RM0178,Saving Account,2025-08-13 10:32:43.370541,22888
RM0218,Health Insurance,2024-06-10 00:00:00.000000,24004
RM0119,Mutual Funds,2026-04-01 00:00:00.000000,121518
RM0019,Recurring Deposit,2023-08-21 00:00:00.000000,47831
RM0210,Saving Account,2025-05-03 00:00:00.000000,43031
RM0116,Credit Card,2021-01-16 00:00:00.000000,68475
RM0191,Fixed Deposit,2020-07-22 00:00:00.000000,161359
RM0083,Loan Against Property,2023-01-13 00:00:00.000000,15950
RM0171,Gold Investment,2024-06-20 00:00:00.000000,99648
RM0200,Current Account,2025-02-23 00:00:00.000000,53855
RM0123,Mutual Funds,2026-04-03 00:00:00.000000,17900
RM0072,Recurring Deposit,2021-05-09 00:00:00.000000,27630
RM0122,Recurring Deposit,2022-08-09 00:00:00.000000,42923
RM0213,Health Insurance,2023-03-14 00:00:00.000000,68749
RM0181,Mutual Funds,2020-02-16 00:00:00.000000,23893
RM0158,Gold Investment,2020-11-19 00:00:00.000000,48272
RM0237,Health Insurance,2023-03-11 00:00:00.000000,67707
RM0192,Recurring Deposit,2021-06-29 00:00:00.000000,39777
RM0092,ULIP,2025-07-18 00:00:00.000000,109398
RM0084,Health Insurance,2023-01-24 00:00:00.000000,111803
RM0063,ULIP,2022-02-19 00:00:00.000000,41809
RM0194,Term Insurance,2019-11-17 00:00:00.000000,190458
RM0029,Current Account,2025-11-30 00:00:00.000000,13929
RM0097,Credit Card,2026-04-30 10:32:43.370579,10168
RM0119,Fixed Deposit,2021-04-01 00:00:00.000000,33955
RM0245,ULIP,2024-10-09 00:00:00.000000,55951
RM0017,Term Insurance,2021-11-16 00:00:00.000000,59604
RM0002,Recurring Deposit,2019-01-25 00:00:00.000000,42355
RM0164,Gold Investment,2020-06-17 00:00:00.000000,16669
RM0005,Fixed Deposit,2019-07-01 00:00:00.000000,19346
RM0033,Loan Against Property,2025-07-15 00:00:00.000000,105577
RM0089,Gold Investment,2020-04-02 00:00:00.000000,111214
RM0027,Term Insurance,2021-12-18 00:00:00.000000,66027
RM0172,Mutual Funds,2021-06-29 00:00:00.000000,64564
RM0201,Loan Against Property,2020-02-23 00:00:00.000000,55525
RM0037,Gold Investment,2025-09-23 00:00:00.000000,49097
RM0117,Saving Account,2021-11-15 00:00:00.000000,21340
RM0113,Recurring Deposit,2024-10-01 00:00:00.000000,33375
RM0043,ULIP,2023-05-25 00:00:00.000000,37952
RM0112,Current Account,2025-11-30 00:00:00.000000,69519
RM0153,Term Insurance,2021-05-02 00:00:00.000000,48528
RM0100,Credit Card,2021-02-13 00:00:00.000000,10937
RM0209,Fixed Deposit,2026-05-02 00:00:00.000000,163476
RM0228,Credit Card,2026-08-02 00:00:00.000000,103157
RM0058,Gold Investment,2025-09-05 10:32:43.370616,25092
RM0208,Fixed Deposit,2022-04-03 00:00:00.000000,57915
RM0022,Loan Against Property,2024-03-08 00:00:00.000000,138353
RM0240,Saving Account,2023-05-14 00:00:00.000000,21569
RM0095,Fixed Deposit,2022-05-18 00:00:00.000000,15046
RM0103,Saving Account,2020-03-22 00:00:00.000000,44961
RM0193,Current Account,2020-10-16 00:00:00.000000,40462
RM0174,ULIP,2022-01-26 00:00:00.000000,36399
RM0147,Loan Against Property,2023-04-13 00:00:00.000000,100269
RM0216,Term Insurance,2021-07-20 00:00:00.000000,33953
RM0041,Saving Account,2023-03-20 00:00:00.000000,13289
RM0163,Gold Investment,2026-07-03 00:00:00.000000,13405
RM0186,Mutual Funds,2023-12-18 00:00:00.000000,12184
RM0098,Fixed Deposit,2026-04-07 00:00:00.000000,36309
RM0117,Term Insurance,2021-10-13 00:00:00.000000,73364
RM0244,Life Insurance,2023-05-26 00:00:00.000000,21390
RM0110,ULIP,2026-01-27 00:00:00.000000,61989
RM0008,Current Account,2019-09-14 00:00:00.000000,68091
RM0057,Fixed Deposit,2023-09-23 00:00:00.000000,24732
RM0165,Life Insurance,2022-07-09 00:00:00.000000,55884
RM0156,Term Insurance,2022-08-29 00:00:00.000000,67738
RM0069,Life Insurance,2020-04-19 00:00:00.000000,41425
RM0010,Fixed Deposit,2024-09-15 00:00:00.000000,30527
RM0181,Term Insurance,2024-08-26 00:00:00.000000,58267
RM0250,Saving Account,2023-06-05 00:00:00.000000,200489
RM0210,ULIP,2026-04-13 00:00:00.000000,37829
RM0201,Saving Account,2025-04-10 00:00:00.000000,88888888
RM0121,Health Insurance,2020-01-30 00:00:00.000000,34857
RM0170,Current Account,2021-08-14 00:00:00.000000,41205
RM0062,ULIP,2020-01-24 00:00:00.000000,13963
RM0225,Gold Investment,2020-06-24 00:00:00.000000,50278
RM0132,Credit Card,2026-07-13 00:00:00.000000,16488
RM0145,Loan Against Property,2021-08-29 00:00:00.000000,29926
RM0120,Gold Investment,2023-08-24 00:00:00.000000,16472
RM0150,Credit Card,2026-07-17 00:00:00.000000,41392
RM0093,Gold Investment,2021-09-14 00:00:00.000000,10169
RM0026,Life Insurance,2023-11-19 00:00:00.000000,35690
RM0248,Current Account,2024-03-08 00:00:00.000000,15587
RM0023,ULIP,2026-06-06 00:00:00.000000,11229
RM0082,Health Insurance,2023-08-02 00:00:00.000000,96998
RM0215,Gold Investment,2023-05-20 00:00:00.000000,133995
RM0044,Gold Investment,2024-12-05 10:32:43.370661,21639
RM0151,Saving Account,2023-03-06 00:00:00.000000,48750
RM0073,ULIP,2023-12-21 00:00:00.000000,26283
RM0196,Gold Investment,2020-02-27 00:00:00.000000,44019
RM0197,Saving Account,2021-04-13 00:00:00.000000,38691
RM0050,Saving Account,2025-03-28 00:00:00.000000,25670
RM0151,Life Insurance,2021-05-08 00:00:00.000000,70264
RM0026,Credit Card,2021-07-23 00:00:00.000000,16761
RM0203,Life Insurance,2022-12-24 00:00:00.000000,12726
RM0086,Fixed Deposit,2021-04-20 00:00:00.000000,82980
RM0127,Life Insurance,2025-06-06 00:00:00.000000,64820
RM0137,ULIP,2025-12-30 10:32:43.370695,88888888
RM0187,Health Insurance,2022-05-19 00:00:00.000000,44510
RM0197,Life Insurance,2025-11-23 00:00:00.000000,41535
RM0193,Term Insurance,2026-06-07 00:00:00.000000,44399
RM0064,Term Insurance,2024-05-25 00:00:00.000000,38725
RM0029,Loan Against Property,2020-03-22 00:00:00.000000,34952
RM0114,Life Insurance,2023-07-17 00:00:00.000000,44626
RM0193,Term Insurance,2024-06-09 00:00:00.000000,47593
RM0010,Health Insurance,2020-11-09 00:00:00.000000,68866
RM0238,Current Account,2024-12-15 00:00:00.000000,72102
RM0105,Gold Investment,2023-11-17 00:00:00.000000,33710
RM0177,Term Insurance,2026-03-09 00:00:00.000000,36682
RM0184,Gold Investment,2023-03-28 00:00:00.000000,33396
RM0111,Health Insurance,2023-11-19 00:00:00.000000,48451
RM0105,ULIP,2023-08-01 00:00:00.000000,40197
RM0054,Gold Investment,2019-05-18 00:00:00.000000,120180
RM0039,Gold Investment,2025-07-28 10:32:43.370731,69595
RM0068,Loan Against Property,2022-08-21 00:00:00.000000,124461
RM0044,Term Insurance,2023-08-04 00:00:00.000000,71745
RM0108,Recurring Deposit,2023-07-15 00:00:00.000000,187009
RM0116,Saving Account,2022-09-15 00:00:00.000000,60493
RM0092,Health Insurance,2019-10-10 00:00:00.000000,175590
RM0178,Health Insurance,2023-11-25 00:00:00.000000,18608
RM0140,Mutual Funds,2024-02-13 00:00:00.000000,12695
RM0167,Loan Against Property,2019-06-06 00:00:00.000000,53270
RM0014,Gold Investment,2023-09-28 00:00:00.000000,215199
RM0085,Health Insurance,2025-06-21 00:00:00.000000,37030
RM0232,Life Insurance,2020-01-26 00:00:00.000000,21915
RM0096,Current Account,2020-11-25 00:00:00.000000,46859
RM0215,Mutual Funds,2025-04-10 00:00:00.000000,62319
RM0149,Recurring Deposit,2022-09-29 00:00:00.000000,28929
RM0199,Saving Account,2024-04-11 00:00:00.000000,72722
RM0048,Life Insurance,2021-11-16 00:00:00.000000,194673
RM0153,ULIP,2019-08-20 00:00:00.000000,123633
RM0145,Health Insurance,2024-11-06 00:00:00.000000,27236
RM0019,Life Insurance,2019-09-04 00:00:00.000000,29779
RM0070,Health Insurance,2020-12-09 00:00:00.000000,33224
RM0195,Gold Investment,2026-03-03 00:00:00.000000,35089
RM0014,Life Insurance,2022-03-20 00:00:00.000000,15285
RM0011,Loan Against Property,2019-11-19 00:00:00.000000,81766
RM0029,Recurring Deposit,2022-10-02 00:00:00.000000,32733
RM0161,Recurring Deposit,2022-07-13 00:00:00.000000,115938
RM0143,Current Account,2024-01-15 00:00:00.000000,140824
RM0048,Life Insurance,2023-01-27 00:00:00.000000,11236
RM0088,Health Insurance,2019-01-04 00:00:00.000000,233283
RM0052,Saving Account,2022-10-26 00:00:00.000000,71897
RM0190,Gold Investment,2026-02-16 00:00:00.000000,46739
RM0234,Gold Investment,2025-11-30 00:00:00.000000,34676
RM0249,Current Account,2020-05-09 00:00:00.000000,46544
RM0126,Life Insurance,2023-03-25 00:00:00.000000,29624
RM0063,Gold Investment,2019-11-23 00:00:00.000000,58734
RM0111,Current Account,2019-07-29 00:00:00.000000,26181
RM0197,Saving Account,2024-08-10 00:00:00.000000,14879
RM0129,Loan Against Property,2021-08-25 00:00:00.000000,58527
RM0237,Fixed Deposit,2020-10-04 00:00:00.000000,26102
RM0041,Term Insurance,2021-07-05 00:00:00.000000,10889
RM0236,Gold Investment,2022-02-10 00:00:00.000000,50226
RM0156,Saving Account,2023-05-18 00:00:00.000000,53190
RM0142,Loan Against Property,2024-04-14 00:00:00.000000,37805
RM0179,Fixed Deposit,2019-09-26 00:00:00.000000,13751
RM0077,Life Insurance,2022-12-16 00:00:00.000000,88888888
RM0195,Saving Account,2024-10-04 00:00:00.000000,121906
RM0132,Loan Against Property,2023-06-03 00:00:00.000000,57264
RM0047,ULIP,2025-12-12 00:00:00.000000,57481
RM0010,Saving Account,2025-10-02 00:00:00.000000,16148
RM0053,Term Insurance,2020-06-13 00:00:00.000000,45762
RM0154,Gold Investment,2021-08-29 00:00:00.000000,44383
RM0225,Fixed Deposit,2026-02-16 10:32:43.370780,13115
RM0085,Life Insurance,2025-05-02 00:00:00.000000,56679
RM0136,Health Insurance,2020-02-03 00:00:00.000000,92598
RM0109,Fixed Deposit,2023-12-09 00:00:00.000000,79116
RM0107,Mutual Funds,2021-03-20 00:00:00.000000,21343
RM0222,Current Account,2026-07-17 00:00:00.000000,109131
RM0207,Saving Account,2021-01-25 00:00:00.000000,30968
RM0209,Gold Investment,2020-11-15 00:00:00.000000,156411
RM0068,Loan Against Property,2021-05-31 00:00:00.000000,13722
RM0115,Gold Investment,2019-09-14 00:00:00.000000,43296
RM0177,Credit Card,2025-01-23 00:00:00.000000,55456
RM0191,Fixed Deposit,2025-09-28 00:00:00.000000,24227
RM0006,Term Insurance,2025-12-23 00:00:00.000000,36967
RM0031,Health Insurance,2024-02-03 00:00:00.000000,83784
RM0181,Recurring Deposit,2021-03-14 00:00:00.000000,59294
RM0092,Saving Account,2021-02-02 00:00:00.000000,10913
RM0009,Credit Card,2025-03-29 00:00:00.000000,56871
RM0113,Health Insurance,2024-04-23 00:00:00.000000,43812
RM0140,Mutual Funds,2020-11-05 00:00:00.000000,20909
RM0183,Term Insurance,2022-09-01 00:00:00.000000,283020
RM0235,Credit Card,2021-01-22 00:00:00.000000,123730
RM0198,ULIP,2025-02-20 00:00:00.000000,27301
RM0142,Gold Investment,2025-02-07 00:00:00.000000,48942
RM0155,Loan Against Property,2022-12-10 00:00:00.000000,29026
RM0075,Saving Account,2026-07-23 00:00:00.000000,84693
RM0018,Loan Against Property,2026-03-03 00:00:00.000000,143200
RM0141,Mutual Funds,2022-06-30 00:00:00.000000,32222
RM0029,Saving Account,2025-07-27 00:00:00.000000,91887
RM0235,Credit Card,2019-08-30 00:00:00.000000,44498
RM0218,Life Insurance,2019-02-19 00:00:00.000000,35256
RM0196,Gold Investment,2024-03-11 00:00:00.000000,149372
RM0094,Credit Card,2019-09-07 00:00:00.000000,45708
RM0241,Gold Investment,2025-12-20 00:00:00.000000,41500
RM0100,Credit Card,2026-07-08 00:00:00.000000,65803
RM0068,Loan Against Property,2021-06-20 00:00:00.000000,25138
RM0193,Term Insurance,2026-05-17 00:00:00.000000,29636
RM0053,Saving Account,2022-04-03 00:00:00.000000,144446
RM0227,Fixed Deposit,2025-07-07 00:00:00.000000,66742
RM0184,Credit Card,2019-10-08 00:00:00.000000,97618
RM0145,Credit Card,2025-04-07 00:00:00.000000,25811
RM0179,Loan Against Property,2025-09-04 00:00:00.000000,49240
RM0031,Health Insurance,2022-06-07 00:00:00.000000,187710
RM0048,Term Insurance,2023-02-25 00:00:00.000000,46143
RM0176,ULIP,2021-11-03 00:00:00.000000,29187
RM0091,Life Insurance,2026-05-08 10:32:43.370830,18746
RM0047,Term Insurance,2023-11-06 00:00:00.000000,45757
RM0018,Current Account,2023-07-02 00:00:00.000000,34536
RM0207,Credit Card,2021-12-11 00:00:00.000000,18692
RM0102,Credit Card,2024-12-21 00:00:00.000000,119709
RM0024,Mutual Funds,2026-04-25 00:00:00.000000,244015
RM0006,Health Insurance,2024-10-09 00:00:00.000000,52033
RM0110,Mutual Funds,2022-04-15 00:00:00.000000,84510
RM0025,Current Account,2021-02-16 00:00:00.000000,107963
RM0234,Saving Account,2020-07-01 00:00:00.000000,70362
RM0081,Credit Card,2025-10-01 00:00:00.000000,12258
RM0021,Credit Card,2019-06-28 00:00:00.000000,18577
RM0158,Saving Account,2022-06-04 00:00:00.000000,13681
RM0009,ULIP,2020-11-15 00:00:00.000000,10496
RM0116,Health Insurance,2024-01-18 00:00:00.000000,28263
RM0085,Term Insurance,2024-04-19 00:00:00.000000,34908
RM0135,Gold Investment,2023-01-31 00:00:00.000000,23789
RM0067,Loan Against Property,2026-05-06 00:00:00.000000,13339
RM0217,Loan Against Property,2024-05-23 00:00:00.000000,47736
RM0156,Saving Account,2022-12-23 00:00:00.000000,25963
RM0182,Saving Account,2019-09-07 00:00:00.000000,28669
RM0204,Credit Card,2025-03-15 00:00:00.000000,89490
RM0188,Fixed Deposit,2022-08-25 00:00:00.000000,10404
RM0166,Credit Card,2023-04-05 00:00:00.000000,102425
RM0032,Fixed Deposit,2019-06-18 00:00:00.000000,164781
RM0218,Health Insurance,2023-10-31 00:00:00.000000,72962
RM0033,Fixed Deposit,2022-05-20 00:00:00.000000,76146
RM0094,Term Insurance,2019-11-16 00:00:00.000000,145574
RM0038,Gold Investment,2026-06-21 00:00:00.000000,21727
RM0171,Current Account,2021-09-26 00:00:00.000000,270750
RM0062,Recurring Deposit,2026-02-15 00:00:00.000000,84246
RM0028,Loan Against Property,2022-09-01 00:00:00.000000,74835
RM0044,Current Account,2026-05-09 00:00:00.000000,32399
RM0141,Saving Account,2021-01-05 00:00:00.000000,49458
RM0129,Mutual Funds,2025-08-15 00:00:00.000000,63053
RM0080,Saving Account,2026-05-17 10:32:43.370873,58424
RM0174,Recurring Deposit,2024-08-15 00:00:00.000000,71036
RM0118,Gold Investment,2025-06-17 10:32:43.370903,14298
RM0041,Credit Card,2023-01-25 00:00:00.000000,31975
RM0167,Mutual Funds,2025-03-24 00:00:00.000000,38458
RM0077,ULIP,2024-04-03 00:00:00.000000,25097
RM0071,Gold Investment,2025-02-12 00:00:00.000000,19474
RM0171,Current Account,2020-05-09 00:00:00.000000,17478
RM0220,Credit Card,2025-07-28 00:00:00.000000,32815
RM0087,Health Insurance,2022-10-05 00:00:00.000000,44005
RM0051,Saving Account,2020-03-15 00:00:00.000000,13252
RM0054,Saving Account,2019-04-28 00:00:00.000000,156364
RM0016,Recurring Deposit,2023-01-05 00:00:00.000000,82460
RM0111,Saving Account,2024-10-11 10:32:43.370937,75624
RM0140,ULIP,2019-03-27 00:00:00.000000,19489
RM0189,ULIP,2023-02-02 00:00:00.000000,56291
RM0206,Fixed Deposit,2022-05-29 00:00:00.000000,47721
RM0018,Health Insurance,2023-02-07 00:00:00.000000,212188
RM0158,Credit Card,2024-11-26 00:00:00.000000,78851
RM0209,Fixed Deposit,2023-10-24 00:00:00.000000,52873
RM0250,Life Insurance,2019-02-23 00:00:00.000000,105127
RM0235,Term Insurance,2025-07-06 00:00:00.000000,18426
RM0001,ULIP,2025-09-19 00:00:00.000000,10766
RM0066,Current Account,2019-02-18 00:00:00.000000,68596
RM0065,Loan Against Property,2026-07-07 00:00:00.000000,15174
RM0014,Current Account,2025-04-23 10:32:43.370972,16132
RM0099,Health Insurance,2019-07-09 00:00:00.000000,78262
RM0247,Recurring Deposit,2024-11-06 00:00:00.000000,25772
RM0147,Health Insurance,2019-04-11 00:00:00.000000,59527
RM0243,Current Account,2026-05-10 00:00:00.000000,134691
RM0070,ULIP,2020-06-20 00:00:00.000000,29024
RM0001,Loan Against Property,2019-07-01 00:00:00.000000,22240
RM0076,Health Insurance,2022-03-08 00:00:00.000000,15633
RM0209,Term Insurance,2019-08-23 00:00:00.000000,16989
RM0101,Life Insurance,2020-06-15 00:00:00.000000,13212
RM0086,Term Insurance,2025-03-14 00:00:00.000000,14586
RM0137,Loan Against Property,2025-11-11 00:00:00.000000,38282
RM0075,Term Insurance,2023-11-10 00:00:00.000000,29346
RM0234,Gold Investment,2020-01-06 00:00:00.000000,71304
RM0194,ULIP,2023-09-10 00:00:00.000000,112104
RM0011,ULIP,2023-05-04 00:00:00.000000,86803
RM0215,Health Insurance,2024-09-17 00:00:00.000000,47818
RM0018,Mutual Funds,2020-11-08 00:00:00.000000,15403
RM0124,Current Account,2021-03-08 00:00:00.000000,71853
RM0175,Loan Against Property,2024-09-19 00:00:00.000000,32535
RM0232,Current Account,2021-07-02 00:00:00.000000,14477
RM0227,Mutual Funds,2021-11-05 00:00:00.000000,102405
RM0248,Term Insurance,2019-12-05 00:00:00.000000,30640
RM0109,Health Insurance,2023-06-30 00:00:00.000000,33546
RM0090,Credit Card,2021-07-22 00:00:00.000000,22310
RM0096,ULIP,2026-02-07 00:00:00.000000,112572
RM0025,Recurring Deposit,2021-06-22 00:00:00.000000,126207
RM0027,Current Account,2021-08-07 00:00:00.000000,30697
RM0057,Credit Card,2022-01-27 00:00:00.000000,31909
RM0093,Saving Account,2025-03-12 00:00:00.000000,53330
RM0046,Credit Card,2024-08-14 10:32:43.371013,76108
RM0170,Current Account,2021-05-14 00:00:00.000000,13261
RM0136,Loan Against Property,2023-01-11 00:00:00.000000,54989
RM0113,Gold Investment,2023-08-07 00:00:00.000000,162689
RM0030,Mutual Funds,2026-06-03 00:00:00.000000,25196
RM0153,Health Insurance,2022-05-28 00:00:00.000000,129749
RM0248,ULIP,2025-10-22 00:00:00.000000,71754
RM0046,Fixed Deposit,2021-01-25 00:00:00.000000,159955
RM0006,Gold Investment,2022-10-17 00:00:00.000000,25677
RM0027,Loan Against Property,2025-04-01 00:00:00.000000,80162
RM0196,Recurring Deposit,2025-06-21 10:32:43.371046,16642
RM0232,Current Account,2021-04-14 00:00:00.000000,23641
RM0180,Current Account,2019-02-15 00:00:00.000000,76896
RM0011,Gold Investment,2025-12-24 00:00:00.000000,89831
RM0209,Current Account,2024-02-26 00:00:00.000000,24198
RM0078,ULIP,2025-10-23 00:00:00.000000,72916
RM0027,Health Insurance,2021-06-10 00:00:00.000000,93593
RM0167,Health Insurance,2021-03-21 00:00:00.000000,32203
RM0144,Fixed Deposit,2019-08-08 00:00:00.000000,19178
RM0084,Saving Account,2022-10-22 00:00:00.000000,14823
RM0021,Life Insurance,2024-11-21 00:00:00.000000,52828
RM0189,Gold Investment,2022-08-23 00:00:00.000000,201059
RM0169,Saving Account,2020-04-22 00:00:00.000000,96566
RM0080,Current Account,2025-07-01 00:00:00.000000,38620
RM0231,ULIP,2019-11-27 00:00:00.000000,48460
RM0188,ULIP,2022-09-24 00:00:00.000000,26392
RM0215,Saving Account,2025-05-04 00:00:00.000000,18900
RM0118,Mutual Funds,2019-01-11 00:00:00.000000,42896
RM0153,ULIP,2025-09-30 10:32:43.371082,41134
RM0246,Fixed Deposit,2026-03-26 00:00:00.000000,46899
RM0049,ULIP,2024-06-24 00:00:00.000000,162672
RM0134,Health Insurance,2025-01-15 00:00:00.000000,56303
RM0221,Credit Card,2021-12-28 00:00:00.000000,56541
RM0037,Loan Against Property,2020-12-06 00:00:00.000000,16849
RM0215,Mutual Funds,2023-09-23 00:00:00.000000,292590
RM0082,Fixed Deposit,2024-08-25 10:32:43.371114,84106
RM0006,Loan Against Property,2020-08-28 00:00:00.000000,114861
RM0119,Saving Account,2023-03-10 00:00:00.000000,36747
RM0036,Credit Card,2024-10-19 00:00:00.000000,22913
RM0127,Credit Card,2023-01-15 00:00:00.000000,9188
RM0129,Fixed Deposit,2024-03-21 00:00:00.000000,68223
RM0135,Term Insurance,2019-07-06 00:00:00.000000,44870
RM0087,Current Account,2021-08-14 00:00:00.000000,46915
RM0224,Term Insurance,2022-04-29 00:00:00.000000,20789
RM0112,Gold Investment,2020-04-16 00:00:00.000000,68476
RM0001,Loan Against Property,2021-07-26 00:00:00.000000,126640
RM0128,Term Insurance,2024-06-30 00:00:00.000000,23723
RM0081,Loan Against Property,2024-05-06 00:00:00.000000,18938
RM0050,Fixed Deposit,2026-02-02 00:00:00.000000,14513
RM0198,Mutual Funds,2023-03-26 00:00:00.000000,77012
RM0055,Fixed Deposit,2023-01-12 00:00:00.000000,25955
RM0122,Term Insurance,2025-07-21 00:00:00.000000,58890
RM0004,ULIP,2022-08-10 00:00:00.000000,88888888
RM0037,Fixed Deposit,2022-08-16 00:00:00.000000,69496
RM0211,Gold Investment,2025-03-24 00:00:00.000000,29423
RM0231,ULIP,2025-10-18 00:00:00.000000,94409
RM0204,Gold Investment,2020-03-08 00:00:00.000000,49924
RM0158,Life Insurance,2022-05-28 00:00:00.000000,111627
RM0068,Life Insurance,2022-06-26 00:00:00.000000,82046
RM0122,Saving Account,2019-10-19 00:00:00.000000,111466
RM0183,Saving Account,2024-12-08 00:00:00.000000,11018
RM0192,Current Account,2021-06-12 00:00:00.000000,23953
RM0050,Mutual Funds,2021-12-07 00:00:00.000000,14715
RM0229,Health Insurance,2021-05-16 00:00:00.000000,39177
RM0003,Health Insurance,2025-10-17 00:00:00.000000,120345
RM0101,Health Insurance,2025-09-24 00:00:00.000000,41512
RM0177,Loan Against Property,2025-06-23 00:00:00.000000,104760
RM0233,Fixed Deposit,2024-01-29 00:00:00.000000,29813
RM0036,ULIP,2021-01-07 00:00:00.000000,30743
RM0157,Gold Investment,2019-02-21 00:00:00.000000,122957
RM0211,Life Insurance,2022-03-03 00:00:00.000000,37740
RM0025,Life Insurance,2020-04-22 00:00:00.000000,87976
RM0061,Loan Against Property,2021-05-22 00:00:00.000000,23501
RM0247,Recurring Deposit,2024-04-04 00:00:00.000000,158601
RM0080,Term Insurance,2022-12-14 00:00:00.000000,52733
RM0072,Life Insurance,2023-01-16 00:00:00.000000,81215
RM0117,Mutual Funds,2019-02-28 00:00:00.000000,14688
RM0041,Loan Against Property,2023-02-06 00:00:00.000000,43929
RM0005,Health Insurance,2020-12-21 00:00:00.000000,125651
RM0164,Term Insurance,2020-03-20 00:00:00.000000,114794
RM0063,Gold Investment,2024-07-04 00:00:00.000000,12397
RM0212,ULIP,2025-05-17 10:32:43.371161,70995
RM0017,Term Insurance,2021-10-06 00:00:00.000000,28098
RM0115,Life Insurance,2025-09-16 10:32:43.371192,39288
RM0054,Mutual Funds,2023-04-17 00:00:00.000000,19453
RM0121,Term Insurance,2024-02-15 00:00:00.000000,29249
RM0052,Fixed Deposit,2019-09-26 00:00:00.000000,75466
RM0231,Loan Against Property,2019-03-29 00:00:00.000000,20198
RM0140,Current Account,2025-11-21 00:00:00.000000,31281
RM0115,Gold Investment,2021-10-03 00:00:00.000000,64425
RM0014,ULIP,2020-03-03 00:00:00.000000,42897
RM0001,Fixed Deposit,2025-12-28 00:00:00.000000,77079
RM0144,Life Insurance,2022-10-29 00:00:00.000000,172476
RM0105,Fixed Deposit,2025-09-23 00:00:00.000000,16195
RM0089,Mutual Funds,2025-11-24 00:00:00.000000,71819
RM0110,Gold Investment,2019-05-03 00:00:00.000000,23090
RM0243,Term Insurance,2025-04-12 00:00:00.000000,36762
RM0064,Term Insurance,2019-01-03 00:00:00.000000,11670
RM0058,Loan Against Property,2021-06-16 00:00:00.000000,17303
RM0104,Saving Account,2024-12-29 00:00:00.000000,88888888
RM0012,Term Insurance,2019-05-02 00:00:00.000000,29266
RM0023,Health Insurance,2019-03-23 00:00:00.000000,30926
RM0248,Term Insurance,2026-04-10 00:00:00.000000,124922
RM0097,Health Insurance,2026-06-04 00:00:00.000000,88888888
RM0134,Term Insurance,2023-03-09 00:00:00.000000,77703
RM0019,Term Insurance,2021-06-11 00:00:00.000000,189105
RM0155,Term Insurance,2023-03-28 00:00:00.000000,55698
RM0059,Saving Account,2019-02-21 00:00:00.000000,23834
RM0005,Recurring Deposit,2020-02-07 00:00:00.000000,29849
RM0216,Mutual Funds,2020-01-21 00:00:00.000000,29271
RM0161,Term Insurance,2019-06-20 00:00:00.000000,29762
RM0045,Mutual Funds,2024-08-10 00:00:00.000000,65884
RM0138,Health Insurance,2021-09-17 00:00:00.000000,47837
RM0208,Loan Against Property,2026-03-07 00:00:00.000000,34341
RM0008,ULIP,2020-09-26 00:00:00.000000,18072
RM0109,Credit Card,2021-01-08 00:00:00.000000,11119
RM0083,Recurring Deposit,2023-01-21 00:00:00.000000,22348
RM0089,Health Insurance,2024-01-07 00:00:00.000000,15684
RM0181,Life Insurance,2022-12-25 00:00:00.000000,86959
RM0175,Life Insurance,2021-06-28 00:00:00.000000,15967
RM0181,Recurring Deposit,2025-01-14 00:00:00.000000,74409
RM0078,Saving Account,2023-08-25 00:00:00.000000,34360
RM0097,Term Insurance,2019-03-07 00:00:00.000000,13810
RM0025,Fixed Deposit,2020-07-21 00:00:00.000000,93760
RM0014,Mutual Funds,2020-06-22 00:00:00.000000,53331
RM0103,Saving Account,2025-01-30 00:00:00.000000,23443
RM0120,Fixed Deposit,2023-11-14 00:00:00.000000,122538
RM0192,Recurring Deposit,2023-04-06 00:00:00.000000,12315
RM0178,Fixed Deposit,2021-01-06 00:00:00.000000,21271
RM0132,Fixed Deposit,2026-02-12 10:32:43.371239,79725
RM0033,Health Insurance,2025-10-24 10:32:43.371279,71786
RM0179,Recurring Deposit,2022-06-01 00:00:00.000000,27073
RM0220,ULIP,2024-08-28 00:00:00.000000,13201
RM0171,Fixed Deposit,2023-02-07 00:00:00.000000,107623
RM0209,Recurring Deposit,2025-09-19 00:00:00.000000,28821
RM0174,Fixed Deposit,2019-05-30 00:00:00.000000,20889
RM0124,Mutual Funds,2025-05-30 00:00:00.000000,46289
RM0235,Life Insurance,2026-06-12 00:00:00.000000,130523
RM0235,Saving Account,2025-05-09 00:00:00.000000,12226
RM0182,Health Insurance,2020-09-25 00:00:00.000000,82579
RM0028,Gold Investment,2023-09-22 00:00:00.000000,52486
RM0097,Gold Investment,2022-11-20 00:00:00.000000,37708
RM0183,Loan Against Property,2025-08-09 10:32:43.371320,78144
RM0155,Health Insurance,2023-01-06 00:00:00.000000,178812
RM0147,Credit Card,2025-08-20 00:00:00.000000,23016
RM0048,Recurring Deposit,2019-05-20 00:00:00.000000,17753
RM0044,Fixed Deposit,2020-09-04 00:00:00.000000,132024
RM0065,Mutual Funds,2020-01-14 00:00:00.000000,65274
RM0187,Recurring Deposit,2024-04-22 00:00:00.000000,38811
RM0227,Current Account,2025-07-29 10:32:43.371351,52578
RM0173,ULIP,2021-06-07 00:00:00.000000,78445
RM0061,Gold Investment,2023-04-27 00:00:00.000000,84147
RM0085,Current Account,2026-05-12 00:00:00.000000,136220
RM0052,Saving Account,2026-05-06 00:00:00.000000,37829
RM0131,Loan Against Property,2019-08-26 00:00:00.000000,27365
RM0077,Life Insurance,2022-10-07 00:00:00.000000,61035
RM0129,Recurring Deposit,2021-10-20 00:00:00.000000,36869
RM0001,Life Insurance,2025-03-31 00:00:00.000000,55143
RM0047,Life Insurance,2019-05-22 00:00:00.000000,37235
RM0051,Term Insurance,2023-03-08 00:00:00.000000,18302
RM0033,Current Account,2019-10-10 00:00:00.000000,41689
RM0184,Health Insurance,2020-04-21 00:00:00.000000,68707
RM0168,Mutual Funds,2021-07-04 00:00:00.000000,90293
RM0124,Credit Card,2023-11-09 00:00:00.000000,43994
RM0202,Life Insurance,2022-12-26 00:00:00.000000,19030
RM0014,Credit Card,2020-08-02 00:00:00.000000,36780
RM0053,Recurring Deposit,2020-12-03 00:00:00.000000,87157
RM0164,Health Insurance,2025-07-29 10:32:43.371388,36624
RM0151,Recurring Deposit,2023-12-13 00:00:00.000000,69623
RM0001,ULIP,2025-09-19 00:00:00.000000,45383
RM0145,Health Insurance,2023-10-15 00:00:00.000000,23802
RM0232,Term Insurance,2019-07-24 00:00:00.000000,89518
RM0037,Health Insurance,2023-05-03 00:00:00.000000,14398
RM0027,Mutual Funds,2025-08-20 00:00:00.000000,47210
RM0007,Mutual Funds,2023-05-09 00:00:00.000000,21715
RM0169,Term Insurance,2019-10-17 00:00:00.000000,13471
RM0183,Fixed Deposit,2022-06-17 00:00:00.000000,44951
RM0017,Gold Investment,2021-12-27 00:00:00.000000,44613
RM0127,Credit Card,2019-10-03 00:00:00.000000,71362
RM0108,Life Insurance,2022-11-06 00:00:00.000000,78275
RM0005,Mutual Funds,2025-06-20 00:00:00.000000,75059
RM0155,Gold Investment,2020-04-10 00:00:00.000000,36344
RM0192,Gold Investment,2025-06-14 10:32:43.371423,59941
RM0021,Health Insurance,2020-03-20 00:00:00.000000,53012
RM0001,Current Account,2022-03-15 00:00:00.000000,37371
RM0154,Mutual Funds,2021-04-28 00:00:00.000000,55467
RM0082,Saving Account,2019-07-27 00:00:00.000000,157107
RM0193,Credit Card,2026-07-05 00:00:00.000000,20714
RM0082,Credit Card,2022-08-16 00:00:00.000000,128101
RM0190,Fixed Deposit,2025-09-25 10:32:43.371455,12746
RM0085,Life Insurance,2019-10-09 00:00:00.000000,28436
RM0030,Mutual Funds,2025-06-23 00:00:00.000000,26994
RM0040,Health Insurance,2025-10-01 00:00:00.000000,59223
RM0126,Life Insurance,2025-10-09 00:00:00.000000,17033
RM0011,Saving Account,2019-06-09 00:00:00.000000,117001
RM0099,ULIP,2020-04-18 00:00:00.000000,98173
RM0213,Term Insurance,2024-03-03 00:00:00.000000,62787
RM0125,ULIP,2020-02-05 00:00:00.000000,40662
RM0082,Life Insurance,2023-03-15 00:00:00.000000,145120
RM0228,Life Insurance,2022-09-13 00:00:00.000000,98817
RM0030,Recurring Deposit,2023-07-14 00:00:00.000000,44588
RM0122,Loan Against Property,2020-03-16 00:00:00.000000,70511
RM0211,Gold Investment,2024-08-28 00:00:00.000000,51842
RM0110,Life Insurance,2021-12-15 00:00:00.000000,54329
RM0010,Current Account,2020-03-31 00:00:00.000000,30096
RM0139,Current Account,2023-01-08 00:00:00.000000,41002
RM0132,Life Insurance,2025-07-17 00:00:00.000000,14067
RM0209,Health Insurance,2019-11-05 00:00:00.000000,32107
RM0148,Life Insurance,2023-01-05 00:00:00.000000,69508
RM0147,Recurring Deposit,2020-10-16 00:00:00.000000,163110
RM0107,Mutual Funds,2022-07-14 00:00:00.000000,174928
RM0111,ULIP,2026-01-09 00:00:00.000000,50565
RM0014,Credit Card,2023-03-10 00:00:00.000000,56649
RM0250,Current Account,2019-12-15 00:00:00.000000,20272
RM0158,Fixed Deposit,2020-01-12 00:00:00.000000,69422
RM0235,Gold Investment,2019-11-28 00:00:00.000000,13663
RM0040,Recurring Deposit,2019-12-10 00:00:00.000000,26751
RM0124,Term Insurance,2025-11-24 00:00:00.000000,65185
RM0230,Life Insurance,2021-03-17 00:00:00.000000,28575
RM0163,Saving Account,2024-03-15 00:00:00.000000,12556
RM0010,Recurring Deposit,2022-12-05 00:00:00.000000,99151
RM0031,Gold Investment,2021-03-04 00:00:00.000000,28577
RM0141,Loan Against Property,2021-05-24 00:00:00.000000,13259
RM0052,Life Insurance,2025-03-28 10:32:43.371497,13886
RM0015,Health Insurance,2023-05-28 00:00:00.000000,24501
RM0068,Gold Investment,2022-12-03 00:00:00.000000,19801
RM0225,Current Account,2023-09-27 00:00:00.000000,84427
RM0150,Term Insurance,2024-07-19 00:00:00.000000,29407
RM0022,Credit Card,2024-10-27 00:00:00.000000,91659
RM0106,Health Insurance,2025-09-28 00:00:00.000000,19548
RM0177,Recurring Deposit,2022-12-13 00:00:00.000000,43950
RM0097,Mutual Funds,2025-11-11 00:00:00.000000,68243
RM0055,Health Insurance,2024-09-27 00:00:00.000000,62776
RM0108,Saving Account,2025-09-08 00:00:00.000000,55955
RM0133,Gold Investment,2023-12-22 00:00:00.000000,139394
RM0099,Fixed Deposit,2024-10-17 00:00:00.000000,22972
RM0003,Saving Account,2022-06-08 00:00:00.000000,44033
RM0201,ULIP,2020-03-28 00:00:00.000000,117705
RM0053,Mutual Funds,2019-02-01 00:00:00.000000,14054
RM0026,Credit Card,2022-05-28 00:00:00.000000,12875
RM0005,Gold Investment,2024-10-23 00:00:00.000000,23283
RM0017,Fixed Deposit,2024-03-28 00:00:00.000000,60122
RM0084,ULIP,2023-08-22 00:00:00.000000,56122
RM0105,Gold Investment,2021-07-24 00:00:00.000000,25047
RM0135,Life Insurance,2020-04-21 00:00:00.000000,20550
RM0229,Health Insurance,2020-08-22 00:00:00.000000,40698
RM0220,ULIP,2019-08-11 00:00:00.000000,57543
RM0170,Fixed Deposit,2020-10-31 00:00:00.000000,24288
RM0105,Fixed Deposit,2023-10-25 00:00:00.000000,27883
RM0244,Fixed Deposit,2021-05-31 00:00:00.000000,57538
RM0005,ULIP,2024-02-10 00:00:00.000000,155696
RM0081,Life Insurance,2019-11-22 00:00:00.000000,66156
RM0038,Health Insurance,2023-11-04 00:00:00.000000,86370
RM0147,Current Account,2021-09-22 00:00:00.000000,32849
RM0181,Current Account,2025-09-09 00:00:00.000000,25890
RM0208,Term Insurance,2023-02-20 00:00:00.000000,40281
RM0233,Current Account,2023-03-31 00:00:00.000000,92287
RM0222,Credit Card,2020-08-19 00:00:00.000000,40467
RM0121,Term Insurance,2019-10-25 00:00:00.000000,103776
RM0128,Term Insurance,2022-09-28 00:00:00.000000,234467
RM0174,Recurring Deposit,2026-05-15 00:00:00.000000,13737
RM0028,Saving Account,2025-11-12 10:32:43.371541,12323
RM0098,ULIP,2020-01-06 00:00:00.000000,18101
RM0006,Recurring Deposit,2024-11-06 10:32:43.371572,34255
RM0156,ULIP,2019-07-04 00:00:00.000000,17023
RM0240,Credit Card,2025-12-06 00:00:00.000000,112267
RM0078,Saving Account,2023-01-18 00:00:00.000000,11170
RM0153,Term Insurance,2021-05-12 00:00:00.000000,28974
RM0131,Life Insurance,2025-08-11 00:00:00.000000,20209
RM0176,Current Account,2023-06-21 00:00:00.000000,144074
RM0246,Term Insurance,2020-12-22 00:00:00.000000,65354
RM0243,ULIP,2026-07-30 00:00:00.000000,131538
RM0225,Credit Card,2022-07-30 00:00:00.000000,189367
RM0044,Current Account,2023-04-06 00:00:00.000000,44368
RM0048,ULIP,2025-01-25 00:00:00.000000,23349
RM0005,Life Insurance,2020-04-03 00:00:00.000000,20766
RM0056,ULIP,2025-01-20 00:00:00.000000,22610
RM0184,Recurring Deposit,2025-11-18 00:00:00.000000,71651
RM0155,Mutual Funds,2019-11-19 00:00:00.000000,12064
RM0068,Mutual Funds,2020-12-18 00:00:00.000000,12636
RM0214,Gold Investment,2023-08-16 00:00:00.000000,56842
RM0045,Health Insurance,2019-11-26 00:00:00.000000,61369
RM0153,Fixed Deposit,2025-04-12 00:00:00.000000,64720
RM0134,Health Insurance,2020-09-20 00:00:00.000000,33251
RM0237,ULIP,2026-02-11 00:00:00.000000,91980
RM0001,Fixed Deposit,2024-06-20 00:00:00.000000,48138
RM0223,Fixed Deposit,2023-04-17 00:00:00.000000,15572
RM0172,Health Insurance,2024-02-01 00:00:00.000000,89751
RM0001,Life Insurance,2020-05-18 00:00:00.000000,162952
RM0014,ULIP,2023-09-29 00:00:00.000000,13095
RM0159,Saving Account,2019-03-12 00:00:00.000000,34825
RM0124,ULIP,2026-07-14 00:00:00.000000,43424
RM0106,Term Insurance,2020-12-28 00:00:00.000000,17918
RM0028,Life Insurance,2025-02-26 00:00:00.000000,111137
RM0024,Saving Account,2021-04-30 00:00:00.000000,26714
RM0060,Credit Card,2022-10-02 00:00:00.000000,86394
RM0118,ULIP,2020-09-26 00:00:00.000000,65584
RM0100,Saving Account,2025-01-05 10:32:43.371615,55570
RM0055,Gold Investment,2019-06-06 00:00:00.000000,20668
RM0235,Saving Account,2024-02-10 00:00:00.000000,22468
RM0184,Fixed Deposit,2023-04-13 00:00:00.000000,12425
RM0147,Current Account,2026-06-12 00:00:00.000000,23768
RM0172,Life Insurance,2025-01-10 00:00:00.000000,31189
RM0132,Fixed Deposit,2019-03-23 00:00:00.000000,99531
RM0102,Life Insurance,2020-11-28 00:00:00.000000,32816
RM0232,Term Insurance,2026-01-09 00:00:00.000000,80247
RM0067,ULIP,2025-02-24 00:00:00.000000,38941
RM0245,Gold Investment,2022-09-23 00:00:00.000000,32087
RM0238,Health Insurance,2021-09-23 00:00:00.000000,86825
RM0019,Saving Account,2022-03-21 00:00:00.000000,197054
RM0232,Recurring Deposit,2021-08-22 00:00:00.000000,23711
RM0212,Term Insurance,2024-05-12 00:00:00.000000,109149
RM0160,Health Insurance,2020-10-20 00:00:00.000000,58619
RM0108,Current Account,2024-06-04 00:00:00.000000,26499
RM0006,Recurring Deposit,2020-05-17 00:00:00.000000,94993
RM0171,Gold Investment,2021-10-29 00:00:00.000000,62718
RM0131,Life Insurance,2022-08-17 00:00:00.000000,37577
RM0015,Recurring Deposit,2019-06-01 00:00:00.000000,22943
RM0089,Loan Against Property,2022-02-20 00:00:00.000000,13630
RM0127,Loan Against Property,2026-02-12 00:00:00.000000,48341
RM0037,Health Insurance,2020-07-01 00:00:00.000000,241916
RM0034,ULIP,2020-12-05 00:00:00.000000,76978
RM0047,Saving Account,2020-04-20 00:00:00.000000,29826
RM0215,Recurring Deposit,2019-05-12 00:00:00.000000,97782
RM0239,Mutual Funds,2023-01-18 00:00:00.000000,83263
RM0067,Recurring Deposit,2019-11-25 00:00:00.000000,26538
RM0140,Mutual Funds,2022-04-25 00:00:00.000000,10720
RM0234,Term Insurance,2019-07-28 00:00:00.000000,16287
RM0005,Loan Against Property,2026-04-18 00:00:00.000000,114903
RM0108,Saving Account,2024-04-01 00:00:00.000000,100566
RM0196,Loan Against Property,2025-05-12 00:00:00.000000,27492
RM0166,ULIP,2022-10-09 00:00:00.000000,26787
RM0060,ULIP,2022-05-03 00:00:00.000000,88719
RM0192,Gold Investment,2019-09-16 00:00:00.000000,148819
RM0085,Life Insurance,2020-01-06 00:00:00.000000,85510
RM0226,Health Insurance,2022-11-16 00:00:00.000000,56516
RM0055,Recurring Deposit,2019-06-16 00:00:00.000000,23897
RM0169,Term Insurance,2025-10-02 00:00:00.000000,42160
RM0040,Mutual Funds,2026-06-01 00:00:00.000000,47300
RM0058,Mutual Funds,2024-06-06 00:00:00.000000,23296
RM0079,Credit Card,2021-06-07 00:00:00.000000,92515
RM0014,Loan Against Property,2026-01-09 00:00:00.000000,34466
RM0223,Fixed Deposit,2026-06-10 00:00:00.000000,99697
RM0221,Loan Against Property,2025-07-05 00:00:00.000000,34031
RM0053,Term Insurance,2026-06-15 00:00:00.000000,96906
RM0162,Term Insurance,2019-05-29 00:00:00.000000,30272
RM0223,Saving Account,2025-05-19 00:00:00.000000,39002
RM0062,Saving Account,2025-08-29 00:00:00.000000,57789
RM0157,Term Insurance,2024-03-09 00:00:00.000000,13644
RM0007,Loan Against Property,2022-09-21 00:00:00.000000,158025
RM0054,Health Insurance,2019-04-09 00:00:00.000000,52619
RM0107,Credit Card,2026-01-21 00:00:00.000000,45445
RM0168,ULIP,2020-04-02 00:00:00.000000,101440
RM0217,Saving Account,2019-01-23 00:00:00.000000,110407
RM0084,Current Account,2022-12-14 00:00:00.000000,46934
RM0103,Health Insurance,2022-05-05 00:00:00.000000,141044
RM0162,Gold Investment,2026-03-09 00:00:00.000000,13346
RM0220,Health Insurance,2022-12-21 00:00:00.000000,16008
RM0204,ULIP,2019-07-27 00:00:00.000000,55414
RM0059,ULIP,2023-02-06 00:00:00.000000,31852
RM0208,Recurring Deposit,2026-03-17 00:00:00.000000,41202
RM0047,Loan Against Property,2020-12-02 00:00:00.000000,29880
RM0032,Term Insurance,2026-05-16 00:00:00.000000,35936
RM0229,Term Insurance,2025-08-08 00:00:00.000000,96480
RM0011,Credit Card,2025-01-30 00:00:00.000000,55005
RM0177,Life Insurance,2022-06-14 00:00:00.000000,306557
RM0129,Recurring Deposit,2024-04-01 00:00:00.000000,87294
RM0203,Loan Against Property,2019-06-27 00:00:00.000000,25987
RM0105,Current Account,2021-04-19 00:00:00.000000,25349
RM0081,Loan Against Property,2025-05-09 00:00:00.000000,30465
RM0080,Loan Against Property,2024-02-27 00:00:00.000000,102658
RM0180,Saving Account,2026-03-26 00:00:00.000000,11383
RM0096,Credit Card,2024-04-07 00:00:00.000000,23080
RM0112,Fixed Deposit,2024-07-13 00:00:00.000000,127651
RM0190,Loan Against Property,2022-01-24 00:00:00.000000,61068
RM0009,Term Insurance,2022-11-11 00:00:00.000000,22863
RM0001,Loan Against Property,2020-07-10 00:00:00.000000,22368
RM0164,Saving Account,2019-06-06 00:00:00.000000,109249
RM0152,Recurring Deposit,2023-07-01 00:00:00.000000,122101
RM0073,Life Insurance,2021-02-09 00:00:00.000000,24794
RM0074,Mutual Funds,2022-11-04 00:00:00.000000,37280
RM0161,Mutual Funds,2025-03-07 00:00:00.000000,99968
RM0046,Saving Account,2026-03-16 00:00:00.000000,83703
RM0246,Gold Investment,2022-05-02 00:00:00.000000,94077
RM0122,Saving Account,2024-02-27 00:00:00.000000,46531
RM0103,Saving Account,2026-03-15 10:32:43.371680,131265
RM0225,Gold Investment,2023-06-02 00:00:00.000000,29722
RM0079,Recurring Deposit,2025-12-28 00:00:00.000000,18519
RM0205,Gold Investment,2021-03-13 00:00:00.000000,71675
RM0120,Fixed Deposit,2022-03-31 00:00:00.000000,48756
RM0141,Gold Investment,2020-05-25 00:00:00.000000,106408
RM0062,Loan Against Property,2022-02-12 00:00:00.000000,14232
RM0216,Fixed Deposit,2022-06-04 00:00:00.000000,102796
RM0068,Fixed Deposit,2024-01-28 00:00:00.000000,27357
RM0173,Loan Against Property,2024-12-15 00:00:00.000000,63189
RM0214,Saving Account,2023-09-25 00:00:00.000000,12047
RM0125,Saving Account,2021-05-06 00:00:00.000000,57026
RM0165,Term Insurance,2024-03-14 00:00:00.000000,73163
RM0148,Saving Account,2023-12-25 00:00:00.000000,33002
RM0032,Saving Account,2026-07-07 00:00:00.000000,22129
RM0075,Recurring Deposit,2026-01-21 00:00:00.000000,48569
RM0218,Term Insurance,2024-10-01 00:00:00.000000,99545
RM0161,Saving Account,2020-08-19 00:00:00.000000,29544
RM0100,Gold Investment,2026-02-13 00:00:00.000000,24548
RM0150,Recurring Deposit,2021-02-05 00:00:00.000000,26351
RM0027,Gold Investment,2025-08-27 00:00:00.000000,158926
RM0101,Term Insurance,2025-05-30 00:00:00.000000,32257
RM0033,Mutual Funds,2025-04-23 00:00:00.000000,10180
RM0228,Health Insurance,2024-01-19 00:00:00.000000,86089
RM0194,Fixed Deposit,2026-04-19 00:00:00.000000,70077
RM0003,Loan Against Property,2021-02-23 00:00:00.000000,16880
RM0148,ULIP,2020-08-01 00:00:00.000000,219667
RM0085,Loan Against Property,2024-02-11 00:00:00.000000,56832
RM0086,ULIP,2019-04-20 00:00:00.000000,44735
RM0072,Credit Card,2021-03-27 00:00:00.000000,34081
RM0247,Term Insurance,2021-10-10 00:00:00.000000,124469
RM0184,Gold Investment,2023-07-09 00:00:00.000000,23983
RM0064,Gold Investment,2020-03-31 00:00:00.000000,26827
RM0136,Life Insurance,2022-04-21 00:00:00.000000,16528
RM0183,Loan Against Property,2019-08-31 00:00:00.000000,81172
RM0011,ULIP,2024-03-22 00:00:00.000000,55261
RM0211,Credit Card,2025-12-30 00:00:00.000000,56960
RM0185,Term Insurance,2021-08-15 00:00:00.000000,22325
RM0117,Gold Investment,2023-11-24 00:00:00.000000,62658
RM0113,Saving Account,2023-09-27 00:00:00.000000,82506
RM0051,Term Insurance,2022-07-05 00:00:00.000000,32149
RM0057,Mutual Funds,2020-02-04 00:00:00.000000,90809
RM0070,Gold Investment,2026-02-04 00:00:00.000000,31446
RM0005,Life Insurance,2021-03-29 00:00:00.000000,80969
RM0025,Loan Against Property,2019-09-14 00:00:00.000000,11715
RM0112,Credit Card,2021-08-30 00:00:00.000000,50054
RM0066,Fixed Deposit,2023-09-14 00:00:00.000000,184544
RM0082,Term Insurance,2025-03-18 00:00:00.000000,208813
RM0130,Loan Against Property,2019-10-14 00:00:00.000000,26547
RM0021,Mutual Funds,2021-04-22 00:00:00.000000,39115
RM0180,Life Insurance,2022-05-12 00:00:00.000000,13252
RM0089,Saving Account,2020-10-13 00:00:00.000000,113312
RM0013,Term Insurance,2021-07-23 00:00:00.000000,52032
RM0080,Mutual Funds,2026-01-24 00:00:00.000000,34314
RM0242,Life Insurance,2019-01-11 00:00:00.000000,15982
RM0131,Saving Account,2025-11-06 10:32:43.371732,156654
RM0188,Term Insurance,2023-02-24 00:00:00.000000,47774
RM0113,Credit Card,2021-07-02 00:00:00.000000,26628
RM0155,Saving Account,2025-01-14 00:00:00.000000,31555
RM0031,Mutual Funds,2022-08-18 00:00:00.000000,25783
RM0146,Life Insurance,2021-01-07 00:00:00.000000,56041
RM0021,Saving Account,2020-07-23 00:00:00.000000,142936
RM0205,Mutual Funds,2023-09-05 00:00:00.000000,107138
RM0081,Term Insurance,2022-06-09 00:00:00.000000,40844
RM0035,Life Insurance,2021-01-17 00:00:00.000000,97578
RM0065,Credit Card,2025-05-04 00:00:00.000000,37504
RM0237,Saving Account,2025-07-13 00:00:00.000000,24538
RM0215,ULIP,2024-06-07 00:00:00.000000,214963
RM0135,Recurring Deposit,2019-10-18 00:00:00.000000,88888888
RM0132,Life Insurance,2019-06-01 00:00:00.000000,28112
RM0132,Saving Account,2025-07-23 00:00:00.000000,29557
RM0128,Life Insurance,2021-07-26 00:00:00.000000,238745
RM0060,Mutual Funds,2021-06-12 00:00:00.000000,17189
RM0164,Recurring Deposit,2025-10-20 00:00:00.000000,81467
RM0072,Term Insurance,2024-06-15 00:00:00.000000,147297
RM0126,Health Insurance,2021-03-27 00:00:00.000000,45850
RM0213,Gold Investment,2019-06-01 00:00:00.000000,10126
RM0141,Gold Investment,2022-05-21 00:00:00.000000,33504
RM0219,Current Account,2022-08-01 00:00:00.000000,15914
RM0204,Fixed Deposit,2024-07-30 00:00:00.000000,36908
RM0079,ULIP,2021-05-08 00:00:00.000000,88038
RM0094,Term Insurance,2025-06-02 00:00:00.000000,38876
RM0219,Saving Account,2022-05-30 00:00:00.000000,38275
RM0209,Life Insurance,2025-12-03 00:00:00.000000,50685
RM0207,Loan Against Property,2023-06-23 00:00:00.000000,53576
RM0177,ULIP,2025-08-27 00:00:00.000000,107000
RM0143,Loan Against Property,2023-04-14 00:00:00.000000,28434
RM0002,Gold Investment,2024-02-08 00:00:00.000000,96206
RM0076,Recurring Deposit,2025-06-05 00:00:00.000000,51727
RM0142,Life Insurance,2023-01-07 00:00:00.000000,24363
RM0093,Fixed Deposit,2023-01-27 00:00:00.000000,27871
RM0155,Gold Investment,2023-11-05 00:00:00.000000,27486
RM0174,Term Insurance,2025-11-08 00:00:00.000000,32403
RM0112,Term Insurance,2021-09-10 00:00:00.000000,58734
RM0126,Loan Against Property,2021-05-29 00:00:00.000000,23120
RM0206,Term Insurance,2026-06-06 00:00:00.000000,136495
RM0105,Current Account,2024-12-29 00:00:00.000000,52773
RM0181,Recurring Deposit,2022-05-26 00:00:00.000000,136296
RM0186,Saving Account,2023-09-27 00:00:00.000000,12375
RM0133,Recurring Deposit,2024-03-15 00:00:00.000000,30973
RM0059,Term Insurance,2025-09-01 10:32:43.371779,11153
RM0234,Recurring Deposit,2021-11-09 00:00:00.000000,25890
RM0168,Loan Against Property,2025-06-30 00:00:00.000000,109027
RM0056,Loan Against Property,2023-11-06 00:00:00.000000,11864
RM0234,Fixed Deposit,2025-06-12 10:32:43.371814,38648
RM0073,Term Insurance,2025-04-22 10:32:43.371887,16253
RM0182,Life Insurance,2022-12-10 00:00:00.000000,36964
RM0081,Credit Card,2023-06-01 00:00:00.000000,101271
RM0188,Loan Against Property,2023-05-22 00:00:00.000000,58784
RM0169,Term Insurance,2024-05-15 00:00:00.000000,76733
RM0150,Credit Card,2020-02-12 00:00:00.000000,31470
RM0228,Current Account,2023-11-28 00:00:00.000000,154476
RM0169,Gold Investment,2021-01-11 00:00:00.000000,71766
RM0210,Recurring Deposit,2024-11-19 00:00:00.000000,37391
RM0182,Gold Investment,2021-10-15 00:00:00.000000,37796
RM0202,Fixed Deposit,2019-09-27 00:00:00.000000,135470
RM0060,ULIP,2026-03-24 00:00:00.000000,52948
RM0165,Term Insurance,2022-04-10 00:00:00.000000,71273
RM0213,Loan Against Property,2022-04-30 00:00:00.000000,36981
RM0214,Mutual Funds,2021-11-19 00:00:00.000000,22660
RM0163,Term Insurance,2020-12-29 00:00:00.000000,74287
RM0089,Recurring Deposit,2022-06-23 00:00:00.000000,56802
RM0245,Recurring Deposit,2022-01-27 00:00:00.000000,44791
RM0180,Recurring Deposit,2026-01-16 00:00:00.000000,58911
RM0222,Gold Investment,2026-03-24 00:00:00.000000,21677
RM0153,Term Insurance,2026-02-16 10:32:43.371926,88979
RM0020,Saving Account,2026-06-22 00:00:00.000000,157982
RM0114,Mutual Funds,2023-05-25 00:00:00.000000,120867
RM0239,Life Insurance,2025-08-17 10:32:43.371957,29388
RM0191,Credit Card,2025-06-17 00:00:00.000000,36044
RM0087,Recurring Deposit,2019-05-18 00:00:00.000000,92617
RM0177,Life Insurance,2023-10-01 00:00:00.000000,55207
RM0130,Credit Card,2021-10-17 00:00:00.000000,49694
RM0014,ULIP,2020-06-11 00:00:00.000000,140620
RM0122,Fixed Deposit,2024-02-21 00:00:00.000000,48396
RM0161,Life Insurance,2019-03-23 00:00:00.000000,46173
RM0114,Recurring Deposit,2024-06-20 00:00:00.000000,12146
RM0115,Current Account,2024-01-20 00:00:00.000000,13597
RM0115,Current Account,2023-01-31 00:00:00.000000,10372
RM0194,Current Account,2021-05-31 00:00:00.000000,132232
RM0061,Mutual Funds,2019-03-27 00:00:00.000000,36245
RM0191,Saving Account,2019-10-19 00:00:00.000000,41608
RM0053,Mutual Funds,2026-03-12 00:00:00.000000,103341
RM0052,Life Insurance,2026-02-11 10:32:43.371992,88888888
RM0123,Loan Against Property,2019-08-07 00:00:00.000000,56983
RM0169,Current Account,2025-02-16 10:32:43.372022,57016
RM0245,Credit Card,2024-12-11 00:00:00.000000,27586
RM0010,Saving Account,2023-06-22 00:00:00.000000,99760
RM0155,Mutual Funds,2023-04-03 00:00:00.000000,19065
RM0218,Current Account,2022-07-03 00:00:00.000000,12730
RM0237,Recurring Deposit,2026-06-06 00:00:00.000000,20635
RM0107,ULIP,2024-09-02 00:00:00.000000,25580
RM0191,Credit Card,2024-10-11 00:00:00.000000,26585
RM0156,Mutual Funds,2022-07-30 00:00:00.000000,65511
RM0160,Recurring Deposit,2021-03-23 00:00:00.000000,22283
RM0164,Current Account,2019-11-11 00:00:00.000000,88888888
RM0204,Loan Against Property,2019-11-18 00:00:00.000000,66452
RM0127,Loan Against Property,2021-07-29 00:00:00.000000,14777
RM0208,Term Insurance,2019-07-15 00:00:00.000000,17961
RM0236,ULIP,2024-12-19 00:00:00.000000,45547
RM0068,Current Account,2020-06-23 00:00:00.000000,137485
RM0074,Life Insurance,2022-09-24 00:00:00.000000,108151
RM0051,Term Insurance,2022-01-14 00:00:00.000000,183292
RM0192,Loan Against Property,2023-03-17 00:00:00.000000,62559
RM0047,Saving Account,2026-06-26 00:00:00.000000,66322
RM0181,Mutual Funds,2026-01-13 10:32:43.372060,59044
RM0057,Credit Card,2024-12-04 00:00:00.000000,58751
RM0017,Mutual Funds,2021-04-14 00:00:00.000000,17956
RM0197,ULIP,2025-08-25 10:32:43.372090,49234
RM0100,Credit Card,2024-06-25 00:00:00.000000,34393
RM0036,Fixed Deposit,2021-09-01 00:00:00.000000,39217
RM0095,Loan Against Property,2022-09-07 00:00:00.000000,47074
RM0088,Term Insurance,2019-10-20 00:00:00.000000,16871
RM0032,Life Insurance,2023-09-23 00:00:00.000000,32274
RM0189,ULIP,2023-02-08 00:00:00.000000,13277
RM0057,ULIP,2020-05-06 00:00:00.000000,204778
RM0003,Saving Account,2023-08-31 00:00:00.000000,16308
RM0011,ULIP,2025-08-24 00:00:00.000000,24955
RM0232,ULIP,2022-01-05 00:00:00.000000,120954
RM0140,Recurring Deposit,2025-08-19 00:00:00.000000,42957
RM0062,Fixed Deposit,2019-03-21 00:00:00.000000,17288
RM0165,Credit Card,2019-10-21 00:00:00.000000,34244
RM0102,Health Insurance,2023-10-25 00:00:00.000000,16157
RM0250,Saving Account,2019-03-25 00:00:00.000000,21170
RM0183,Saving Account,2025-11-20 00:00:00.000000,12671
RM0092,Credit Card,2022-10-31 00:00:00.000000,38832
RM0179,Current Account,2019-11-17 00:00:00.000000,92159
RM0237,Gold Investment,2026-06-10 00:00:00.000000,54090
RM0210,Fixed Deposit,2026-02-11 00:00:00.000000,56614
RM0161,Health Insurance,2019-03-28 00:00:00.000000,37696
RM0022,Health Insurance,2020-09-14 00:00:00.000000,21193
RM0127,Health Insurance,2022-12-20 00:00:00.000000,31071
RM0250,Health Insurance,2022-05-26 00:00:00.000000,103294
RM0096,Mutual Funds,2023-03-11 00:00:00.000000,14597
RM0119,Saving Account,2022-09-15 00:00:00.000000,107571
RM0131,ULIP,2023-07-02 00:00:00.000000,43052
RM0242,Saving Account,2024-09-02 00:00:00.000000,100745
RM0143,ULIP,2023-08-20 00:00:00.000000,29136
RM0056,Recurring Deposit,2026-04-06 00:00:00.000000,30688
RM0240,Health Insurance,2019-12-11 00:00:00.000000,79636
RM0203,Fixed Deposit,2024-04-29 00:00:00.000000,86854
RM0147,Current Account,2021-01-17 00:00:00.000000,23045
RM0205,Loan Against Property,2021-07-30 00:00:00.000000,190358
RM0205,ULIP,2020-11-30 00:00:00.000000,14413
RM0151,Health Insurance,2021-09-25 00:00:00.000000,13548
RM0234,Health Insurance,2026-01-13 00:00:00.000000,55255
RM0247,Recurring Deposit,2025-04-12 00:00:00.000000,74140
RM0062,Health Insurance,2024-05-15 00:00:00.000000,172063
RM0205,Life Insurance,2020-12-05 00:00:00.000000,35955
RM0186,Fixed Deposit,2021-12-01 00:00:00.000000,11280
RM0049,Current Account,2025-04-02 00:00:00.000000,56177
RM0124,ULIP,2025-02-06 00:00:00.000000,27103
RM0236,Health Insurance,2020-12-27 00:00:00.000000,38365
RM0051,Gold Investment,2022-11-15 00:00:00.000000,43517
RM0083,Fixed Deposit,2025-11-08 00:00:00.000000,13334
RM0031,Current Account,2021-05-03 00:00:00.000000,43274
RM0249,Fixed Deposit,2019-08-19 00:00:00.000000,37784
RM0075,Saving Account,2022-03-01 00:00:00.000000,72334
RM0039,Credit Card,2025-12-21 00:00:00.000000,61875
RM0164,Mutual Funds,2019-10-26 00:00:00.000000,20241
RM0084,Gold Investment,2022-08-05 00:00:00.000000,21542
RM0207,Fixed Deposit,2020-07-22 00:00:00.000000,24451
RM0168,Recurring Deposit,2022-10-10 00:00:00.000000,19858
RM0096,Recurring Deposit,2021-11-12 00:00:00.000000,63532
RM0167,Life Insurance,2022-07-20 00:00:00.000000,88888888
RM0231,ULIP,2024-09-21 00:00:00.000000,269519
RM0135,Saving Account,2020-06-04 00:00:00.000000,62793
RM0182,ULIP,2020-08-30 00:00:00.000000,56656
RM0215,Mutual Funds,2021-06-10 00:00:00.000000,36375
RM0188,Life Insurance,2025-10-18 10:32:43.372143,28740
RM0108,Mutual Funds,2019-04-02 00:00:00.000000,130997
RM0020,Credit Card,2023-07-12 00:00:00.000000,183691
RM0078,Fixed Deposit,2024-10-09 00:00:00.000000,44336
RM0234,Gold Investment,2023-04-13 00:00:00.000000,27138
RM0243,Loan Against Property,2024-12-21 10:32:43.372175,83510
RM0139,Loan Against Property,2022-05-23 00:00:00.000000,17104
RM0247,Loan Against Property,2026-06-30 00:00:00.000000,82533
RM0160,Life Insurance,2022-07-20 00:00:00.000000,95448
RM0226,Mutual Funds,2025-04-23 00:00:00.000000,16671
RM0096,Term Insurance,2024-05-18 00:00:00.000000,198312
RM0177,Recurring Deposit,2023-11-02 00:00:00.000000,88888888
RM0002,Saving Account,2020-12-19 00:00:00.000000,221722
RM0206,Recurring Deposit,2024-12-15 00:00:00.000000,148008
RM0061,Loan Against Property,2019-02-04 00:00:00.000000,44262
RM0066,Credit Card,2021-04-22 00:00:00.000000,24123
RM0037,Saving Account,2019-08-08 00:00:00.000000,53614
RM0192,Mutual Funds,2025-02-03 10:32:43.372210,37230
RM0165,Recurring Deposit,2026-02-07 00:00:00.000000,21530
RM0034,Mutual Funds,2022-04-15 00:00:00.000000,37554
RM0185,Recurring Deposit,2019-12-01 00:00:00.000000,64515
RM0069,Life Insurance,2020-06-01 00:00:00.000000,13677
RM0057,Current Account,2023-05-27 00:00:00.000000,30279
RM0015,Gold Investment,2021-05-26 00:00:00.000000,10897
RM0139,Loan Against Property,2024-10-20 00:00:00.000000,79213
RM0111,Mutual Funds,2025-06-21 00:00:00.000000,61178
RM0008,ULIP,2024-03-06 00:00:00.000000,13236
RM0056,Mutual Funds,2025-01-12 00:00:00.000000,177246
RM0018,Saving Account,2020-10-07 00:00:00.000000,11144
RM0136,Life Insurance,2022-02-09 00:00:00.000000,19878
RM0222,Gold Investment,2024-08-05 00:00:00.000000,54575
RM0205,Saving Account,2021-02-28 00:00:00.000000,84887
RM0051,Recurring Deposit,2023-09-20 00:00:00.000000,87534
RM0179,Life Insurance,2024-12-01 00:00:00.000000,11744
RM0081,Recurring Deposit,2021-12-31 00:00:00.000000,128444
RM0218,Life Insurance,2021-01-25 00:00:00.000000,135327
RM0169,Gold Investment,2025-09-29 00:00:00.000000,51207
RM0047,Recurring Deposit,2022-12-14 00:00:00.000000,88888888
RM0248,Current Account,2019-06-19 00:00:00.000000,42897
RM0242,Mutual Funds,2024-01-10 00:00:00.000000,12295
RM0079,Recurring Deposit,2025-03-17 10:32:43.372249,51271
RM0170,Recurring Deposit,2019-08-11 00:00:00.000000,36329
RM0070,Recurring Deposit,2024-02-23 00:00:00.000000,84097
RM0053,Credit Card,2023-08-15 00:00:00.000000,35865
RM0066,Term Insurance,2025-03-18 10:32:43.372296,67534
RM0112,Health Insurance,2026-02-10 10:32:43.372329,15346
RM0163,Saving Account,2026-02-15 10:32:43.372359,17133
RM0056,Recurring Deposit,2019-01-25 00:00:00.000000,93140
RM0128,Recurring Deposit,2025-07-04 00:00:00.000000,17524
RM0080,Fixed Deposit,2021-03-14 00:00:00.000000,12329
RM0147,Health Insurance,2019-11-20 00:00:00.000000,48971
RM0042,Saving Account,2025-03-15 00:00:00.000000,88986
RM0144,Recurring Deposit,2025-08-14 00:00:00.000000,57133
RM0222,Life Insurance,2019-02-26 00:00:00.000000,52777
RM0059,Saving Account,2022-06-06 00:00:00.000000,67069
RM0136,Health Insurance,2026-07-18 00:00:00.000000,30748
RM0043,Recurring Deposit,2020-01-07 00:00:00.000000,32467
RM0134,Loan Against Property,2025-12-15 00:00:00.000000,28863
RM0008,Saving Account,2019-08-29 00:00:00.000000,72258
RM0050,Mutual Funds,2020-03-10 00:00:00.000000,18815
RM0129,ULIP,2025-06-17 10:32:43.372394,10655
RM0094,ULIP,2026-01-03 00:00:00.000000,55341
RM0197,Loan Against Property,2023-12-04 00:00:00.000000,152695
RM0021,Loan Against Property,2023-05-15 00:00:00.000000,57004
RM0106,Saving Account,2019-04-22 00:00:00.000000,86374
RM0104,Mutual Funds,2026-01-12 00:00:00.000000,65857
RM0039,Gold Investment,2021-08-05 00:00:00.000000,44401
RM0142,Credit Card,2019-09-22 00:00:00.000000,73362
RM0171,Life Insurance,2025-12-01 00:00:00.000000,96893
RM0039,Gold Investment,2024-10-21 00:00:00.000000,12183
RM0135,Gold Investment,2023-01-29 00:00:00.000000,22727
RM0211,Life Insurance,2021-06-14 00:00:00.000000,30483
RM0134,Current Account,2023-04-26 00:00:00.000000,22662
RM0166,Term Insurance,2022-03-14 00:00:00.000000,40089
RM0067,Loan Against Property,2025-05-30 10:32:43.372429,118169
RM0167,Saving Account,2019-02-02 00:00:00.000000,31171
RM0032,ULIP,2022-04-15 00:00:00.000000,33457
RM0122,Term Insurance,2022-03-30 00:00:00.000000,108436
RM0113,Current Account,2022-01-29 00:00:00.000000,46218
RM0183,Saving Account,2022-03-24 00:00:00.000000,48334
RM0181,Loan Against Property,2025-10-01 00:00:00.000000,108592
RM0041,Gold Investment,2021-08-25 00:00:00.000000,43718
RM0207,Credit Card,2019-01-09 00:00:00.000000,67215
RM0027,Mutual Funds,2023-10-26 00:00:00.000000,14476
RM0127,Current Account,2022-02-15 00:00:00.000000,19839
RM0099,Mutual Funds,2024-04-17 00:00:00.000000,35907
RM0120,Life Insurance,2026-05-30 10:32:43.372465,44143
RM0086,ULIP,2022-09-11 00:00:00.000000,178679
RM0042,Loan Against Property,2025-07-05 00:00:00.000000,186425
RM0122,Saving Account,2019-11-08 00:00:00.000000,105256
RM0235,Credit Card,2019-01-11 00:00:00.000000,28960
RM0165,Credit Card,2024-08-13 00:00:00.000000,176251
RM0184,Term Insurance,2022-06-02 00:00:00.000000,68452
RM0206,Recurring Deposit,2026-01-24 10:32:43.372497,34956
RM0143,Saving Account,2019-04-27 00:00:00.000000,70478
RM0179,Gold Investment,2026-04-03 00:00:00.000000,10833
RM0244,Mutual Funds,2026-06-12 00:00:00.000000,17900
RM0178,Fixed Deposit,2019-07-09 00:00:00.000000,98505
RM0203,Life Insurance,2026-06-15 00:00:00.000000,61862
RM0067,Saving Account,2021-06-18 00:00:00.000000,32643
RM0113,Current Account,2019-03-11 00:00:00.000000,44724
RM0235,Gold Investment,2023-05-23 00:00:00.000000,127768
RM0138,Loan Against Property,2026-05-31 00:00:00.000000,59926
RM0016,Mutual Funds,2025-10-11 00:00:00.000000,35387
RM0197,Fixed Deposit,2019-06-04 00:00:00.000000,16410
RM0166,Loan Against Property,2025-08-28 00:00:00.000000,27389
RM0021,Recurring Deposit,2025-01-12 10:32:43.372531,201614
RM0243,Mutual Funds,2020-12-23 00:00:00.000000,38756
RM0017,Saving Account,2026-03-19 00:00:00.000000,41917
RM0090,Fixed Deposit,2025-11-03 10:32:43.372562,44517
RM0195,Term Insurance,2024-07-03 00:00:00.000000,117753
RM0228,ULIP,2019-09-23 00:00:00.000000,56307
RM0091,Saving Account,2020-11-29 00:00:00.000000,69155
RM0227,ULIP,2026-01-26 00:00:00.000000,34666
RM0023,Gold Investment,2019-12-08 00:00:00.000000,11475
RM0010,Mutual Funds,2024-01-03 00:00:00.000000,143662
RM0061,Current Account,2023-12-16 00:00:00.000000,158921
RM0161,Health Insurance,2020-12-02 00:00:00.000000,158946
RM0143,Recurring Deposit,2024-04-03 00:00:00.000000,153841
RM0108,Saving Account,2026-02-19 00:00:00.000000,94435
RM0191,Credit Card,2026-07-17 00:00:00.000000,67695
RM0102,Fixed Deposit,2020-10-10 00:00:00.000000,103058
RM0098,ULIP,2022-06-15 00:00:00.000000,55882
RM0019,Loan Against Property,2023-08-04 00:00:00.000000,17214
RM0046,Fixed Deposit,2022-06-09 00:00:00.000000,34814
RM0119,Gold Investment,2019-03-04 00:00:00.000000,187534
RM0047,Fixed Deposit,2019-07-27 00:00:00.000000,31626
RM0050,Health Insurance,2019-01-01 00:00:00.000000,111182
RM0094,ULIP,2022-08-19 00:00:00.000000,14892
RM0127,Term Insurance,2020-02-25 00:00:00.000000,30337
RM0074,Mutual Funds,2022-01-27 00:00:00.000000,31612
RM0199,Term Insurance,2024-05-18 00:00:00.000000,12649
RM0151,ULIP,2024-08-11 10:32:43.372600,16340
RM0005,Fixed Deposit,2022-03-01 00:00:00.000000,20731
RM0166,Term Insurance,2025-12-08 00:00:00.000000,100951
RM0110,Saving Account,2020-10-08 00:00:00.000000,13275
RM0249,Loan Against Property,2025-03-10 00:00:00.000000,27741
RM0158,Health Insurance,2022-10-21 00:00:00.000000,24453
RM0048,Saving Account,2020-10-30 00:00:00.000000,10511
RM0037,Life Insurance,2026-02-06 00:00:00.000000,69475
RM0152,Credit Card,2021-12-31 00:00:00.000000,58419
RM0183,Credit Card,2022-08-23 00:00:00.000000,61779
RM0029,ULIP,2021-11-20 00:00:00.000000,33450
RM0240,Loan Against Property,2019-03-22 00:00:00.000000,21676
RM0050,Gold Investment,2022-11-05 00:00:00.000000,73705
RM0223,Saving Account,2023-10-16 00:00:00.000000,93331
RM0179,Current Account,2020-04-19 00:00:00.000000,17459
RM0106,ULIP,2023-02-04 00:00:00.000000,43357
RM0113,Health Insurance,2019-04-02 00:00:00.000000,24298
RM0122,Health Insurance,2025-04-02 00:00:00.000000,19202
RM0115,Recurring Deposit,2021-07-24 00:00:00.000000,76274
RM0068,Fixed Deposit,2026-05-08 00:00:00.000000,48620
RM0174,Recurring Deposit,2025-08-17 00:00:00.000000,22179
RM0186,Health Insurance,2022-11-10 00:00:00.000000,28553
RM0206,Life Insurance,2020-12-05 00:00:00.000000,180040
RM0052,Current Account,2020-02-29 00:00:00.000000,104417
RM0152,Current Account,2021-08-30 00:00:00.000000,115990
RM0141,Mutual Funds,2023-03-30 00:00:00.000000,40810
RM0114,Credit Card,2022-07-31 00:00:00.000000,58882
RM0246,Recurring Deposit,2020-09-09 00:00:00.000000,33641
RM0127,Saving Account,2025-10-28 00:00:00.000000,14044
RM0104,Loan Against Property,2021-09-16 00:00:00.000000,35630
RM0007,Health Insurance,2020-07-15 00:00:00.000000,55067
RM0013,Loan Against Property,2021-05-16 00:00:00.000000,26923
RM0235,Fixed Deposit,2020-07-06 00:00:00.000000,104177
RM0067,Recurring Deposit,2019-04-29 00:00:00.000000,18190
RM0004,Loan Against Property,2023-03-22 00:00:00.000000,987396
RM0250,Loan Against Property,2025-02-25 10:32:43.372646,32874
RM0121,Health Insurance,2023-08-19 00:00:00.000000,16671
RM0040,Health Insurance,2020-12-19 00:00:00.000000,35945
RM0064,Mutual Funds,2022-01-15 00:00:00.000000,12023
RM0231,Credit Card,2023-04-09 00:00:00.000000,25910
RM0213,Life Insurance,2020-04-21 00:00:00.000000,35602
RM0118,Life Insurance,2025-04-27 00:00:00.000000,42520
RM0119,ULIP,2025-03-06 00:00:00.000000,49229
RM0139,Mutual Funds,2026-06-15 00:00:00.000000,26078
RM0175,Fixed Deposit,2021-08-15 00:00:00.000000,47016
RM0193,Fixed Deposit,2019-03-14 00:00:00.000000,45566
RM0226,Gold Investment,2022-01-18 00:00:00.000000,29002
RM0089,Term Insurance,2024-08-04 00:00:00.000000,98656
RM0031,Term Insurance,2020-12-24 00:00:00.000000,49443
RM0023,Health Insurance,2025-03-20 00:00:00.000000,30193
RM0016,Credit Card,2024-06-13 00:00:00.000000,157193
RM0089,Fixed Deposit,2020-05-08 00:00:00.000000,103252
RM0059,Gold Investment,2021-06-03 00:00:00.000000,212529
RM0086,Current Account,2019-09-24 00:00:00.000000,68920
RM0018,Mutual Funds,2022-08-10 00:00:00.000000,33758
RM0211,Fixed Deposit,2020-02-08 00:00:00.000000,26485
RM0214,Gold Investment,2026-01-06 00:00:00.000000,64430
RM0149,Current Account,2023-10-10 00:00:00.000000,207685
RM0235,Credit Card,2025-07-27 00:00:00.000000,59270
RM0085,ULIP,2020-07-11 00:00:00.000000,116690
RM0214,Credit Card,2023-11-22 00:00:00.000000,29957
RM0239,Saving Account,2022-10-18 00:00:00.000000,36124
RM0022,Loan Against Property,2021-04-03 00:00:00.000000,128369
RM0187,Mutual Funds,2026-03-12 00:00:00.000000,80707
RM0099,Credit Card,2023-09-01 00:00:00.000000,209257
RM0241,Recurring Deposit,2022-02-13 00:00:00.000000,84530
RM0158,Credit Card,2020-03-12 00:00:00.000000,39757
RM0127,Gold Investment,2026-05-11 00:00:00.000000,47864
RM0245,Loan Against Property,2025-05-04 00:00:00.000000,125387
RM0222,Life Insurance,2021-12-31 00:00:00.000000,50108
RM0145,Saving Account,2021-08-29 00:00:00.000000,24745
RM0060,Saving Account,2019-10-07 00:00:00.000000,38601
RM0072,Health Insurance,2024-01-24 00:00:00.000000,46316
RM0119,Mutual Funds,2021-06-13 00:00:00.000000,15086
RM0152,ULIP,2022-04-12 00:00:00.000000,78082
RM0104,Loan Against Property,2020-04-12 00:00:00.000000,15790
RM0165,Health Insurance,2021-11-30 00:00:00.000000,35952
RM0212,ULIP,2021-08-03 00:00:00.000000,91641
RM0114,Fixed Deposit,2026-06-03 00:00:00.000000,88888888
RM0169,Loan Against Property,2024-02-28 00:00:00.000000,41515
RM0197,Loan Against Property,2026-06-10 00:00:00.000000,668311
RM0063,Term Insurance,2024-11-19 00:00:00.000000,102262
RM0187,Term Insurance,2020-04-09 00:00:00.000000,30918
RM0221,Fixed Deposit,2020-12-07 00:00:00.000000,168073
RM0080,Health Insurance,2024-11-16 00:00:00.000000,21752
RM0136,Term Insurance,2020-04-08 00:00:00.000000,11950
RM0184,Loan Against Property,2022-07-16 00:00:00.000000,112953
RM0034,ULIP,2020-03-01 00:00:00.000000,79757
RM0114,Gold Investment,2023-03-20 00:00:00.000000,23197
RM0161,Mutual Funds,2026-02-02 00:00:00.000000,219131
RM0011,Mutual Funds,2022-10-03 00:00:00.000000,44885
RM0129,Loan Against Property,2019-09-25 00:00:00.000000,160863
RM0134,Saving Account,2025-01-16 00:00:00.000000,45162
RM0185,Credit Card,2023-02-27 00:00:00.000000,41921
RM0053,Loan Against Property,2026-05-02 00:00:00.000000,39813
RM0033,Loan Against Property,2021-11-14 00:00:00.000000,30389
RM0106,Credit Card,2020-10-12 00:00:00.000000,48146
RM0127,Saving Account,2021-04-21 00:00:00.000000,40124
RM0145,Saving Account,2019-11-03 00:00:00.000000,11871
RM0030,Loan Against Property,2026-05-28 00:00:00.000000,25084
RM0085,Health Insurance,2024-06-24 00:00:00.000000,21984
RM0127,Mutual Funds,2022-01-09 00:00:00.000000,111034
RM0245,Life Insurance,2020-10-26 00:00:00.000000,37297
RM0226,Recurring Deposit,2026-03-23 00:00:00.000000,55673
RM0034,Term Insurance,2020-10-22 00:00:00.000000,82129
RM0221,Credit Card,2020-09-18 00:00:00.000000,167125
RM0005,Term Insurance,2024-04-02 00:00:00.000000,61646
RM0120,Fixed Deposit,2022-04-05 00:00:00.000000,212592
RM0016,Mutual Funds,2019-02-17 00:00:00.000000,28681
RM0107,Term Insurance,2026-06-09 00:00:00.000000,20306
RM0229,ULIP,2023-05-10 00:00:00.000000,35817
RM0218,ULIP,2026-08-03 00:00:00.000000,41819
RM0047,Current Account,2025-09-01 10:32:43.372706,122862
RM0156,Fixed Deposit,2021-05-02 00:00:00.000000,51042
RM0157,Term Insurance,2022-04-21 00:00:00.000000,27278
RM0250,Saving Account,2019-05-28 00:00:00.000000,21902
RM0042,Current Account,2025-08-31 00:00:00.000000,77862
RM0039,Health Insurance,2024-09-10 00:00:00.000000,45243
RM0191,Current Account,2026-08-03 00:00:00.000000,18844
RM0202,Mutual Funds,2026-04-11 00:00:00.000000,52997
RM0184,Current Account,2026-07-21 00:00:00.000000,131178
RM0025,Health Insurance,2021-01-06 00:00:00.000000,102455
RM0238,Recurring Deposit,2021-11-10 00:00:00.000000,54192
RM0065,Gold Investment,2024-12-22 00:00:00.000000,33667
RM0199,Loan Against Property,2022-07-04 00:00:00.000000,14549
RM0180,Recurring Deposit,2024-10-19 00:00:00.000000,41710
RM0218,Life Insurance,2025-06-27 10:32:43.372741,79732
RM0207,Recurring Deposit,2021-09-01 00:00:00.000000,32335
RM0081,Saving Account,2023-08-27 00:00:00.000000,23423
RM0080,Recurring Deposit,2022-03-19 00:00:00.000000,143958
RM0178,Fixed Deposit,2022-01-15 00:00:00.000000,96173
RM0083,Gold Investment,2024-09-02 00:00:00.000000,60843
RM0213,Current Account,2025-10-04 00:00:00.000000,17354
RM0063,Health Insurance,2025-07-19 10:32:43.372774,17827
RM0157,Fixed Deposit,2023-11-17 00:00:00.000000,15447
RM0235,Recurring Deposit,2022-01-10 00:00:00.000000,57894
RM0007,Current Account,2019-11-06 00:00:00.000000,16140
RM0154,Recurring Deposit,2022-08-06 00:00:00.000000,102456
RM0084,Credit Card,2025-06-25 00:00:00.000000,257842
RM0016,Saving Account,2022-10-10 00:00:00.000000,32812
RM0030,Gold Investment,2025-12-27 00:00:00.000000,40226
RM0249,Saving Account,2025-06-24 00:00:00.000000,72181
RM0093,Current Account,2023-05-13 00:00:00.000000,148352
RM0046,Recurring Deposit,2020-04-20 00:00:00.000000,122260
RM0236,Fixed Deposit,2024-04-13 00:00:00.000000,12965
RM0129,Health Insurance,2023-07-31 00:00:00.000000,19260
RM0125,Life Insurance,2024-12-10 00:00:00.000000,80242
RM0053,Current Account,2022-09-12 00:00:00.000000,68380
RM0138,Loan Against Property,2022-08-10 00:00:00.000000,17148
RM0031,Mutual Funds,2019-01-09 00:00:00.000000,44864
RM0132,Saving Account,2022-07-20 00:00:00.000000,85891
RM0031,ULIP,2024-12-27 00:00:00.000000,22344
RM0183,ULIP,2021-08-24 00:00:00.000000,112508
RM0116,Loan Against Property,2019-03-27 00:00:00.000000,12721
RM0132,ULIP,2022-09-21 00:00:00.000000,88888888
RM0090,Current Account,2023-07-04 00:00:00.000000,86207
RM0034,Recurring Deposit,2026-01-05 00:00:00.000000,57832
RM0008,Life Insurance,2020-09-04 00:00:00.000000,28931
RM0209,Current Account,2023-10-17 00:00:00.000000,73815
RM0094,Current Account,2024-06-11 00:00:00.000000,86246
RM0043,Fixed Deposit,2025-03-27 00:00:00.000000,145828
RM0071,Term Insurance,2019-09-12 00:00:00.000000,32925
RM0142,Gold Investment,2025-09-28 10:32:43.372815,67920
RM0059,Gold Investment,2019-06-25 00:00:00.000000,56142
RM0088,Saving Account,2022-01-28 00:00:00.000000,47243
RM0134,Gold Investment,2026-04-14 00:00:00.000000,120553
RM0188,Mutual Funds,2024-02-25 00:00:00.000000,10158
RM0061,Fixed Deposit,2026-02-16 00:00:00.000000,26572
RM0237,Life Insurance,2021-04-01 00:00:00.000000,48639
RM0096,Recurring Deposit,2024-05-01 00:00:00.000000,19818
RM0247,Life Insurance,2023-07-14 00:00:00.000000,129225
RM0155,Life Insurance,2026-04-13 00:00:00.000000,62148
RM0120,Loan Against Property,2024-01-22 00:00:00.000000,42493
RM0038,Gold Investment,2019-11-18 00:00:00.000000,94289
RM0025,Credit Card,2025-04-18 00:00:00.000000,39972
RM0126,ULIP,2025-11-26 00:00:00.000000,50896
RM0250,Health Insurance,2020-11-07 00:00:00.000000,10137
RM0109,Saving Account,2024-02-03 00:00:00.000000,32761
RM0073,Mutual Funds,2021-09-20 00:00:00.000000,17470
RM0132,Loan Against Property,2024-11-13 10:32:43.372850,68508
RM0202,ULIP,2025-08-16 00:00:00.000000,42602
RM0080,Gold Investment,2026-03-29 00:00:00.000000,27959
RM0088,Fixed Deposit,2024-05-10 00:00:00.000000,41539
RM0160,Loan Against Property,2021-01-27 00:00:00.000000,21762
RM0219,Life Insurance,2021-05-20 00:00:00.000000,139571
RM0157,Fixed Deposit,2023-09-16 00:00:00.000000,12774
RM0211,Mutual Funds,2021-03-05 00:00:00.000000,110278
RM0089,ULIP,2025-05-23 00:00:00.000000,45806
RM0231,Health Insurance,2025-06-26 00:00:00.000000,58240
RM0233,Credit Card,2021-02-03 00:00:00.000000,28020
RM0192,ULIP,2026-02-26 00:00:00.000000,180106
RM0243,Current Account,2019-11-24 00:00:00.000000,26553
RM0155,Recurring Deposit,2024-10-30 00:00:00.000000,54443
RM0154,Mutual Funds,2021-06-12 00:00:00.000000,261160
RM0060,Term Insurance,2023-01-21 00:00:00.000000,116471
RM0203,Mutual Funds,2025-05-23 00:00:00.000000,48429
RM0073,Credit Card,2019-07-17 00:00:00.000000,242167
RM0190,Recurring Deposit,2021-11-02 00:00:00.000000,70427
RM0006,Credit Card,2026-07-30 00:00:00.000000,21703
RM0026,Fixed Deposit,2021-05-18 00:00:00.000000,36009
RM0056,Life Insurance,2020-09-10 00:00:00.000000,30360
RM0206,Gold Investment,2022-01-18 00:00:00.000000,31080
RM0216,Life Insurance,2019-08-31 00:00:00.000000,81450
RM0142,ULIP,2025-08-28 00:00:00.000000,53885
RM0136,Current Account,2025-09-25 00:00:00.000000,11941
RM0056,Recurring Deposit,2026-07-04 00:00:00.000000,114961
RM0135,Fixed Deposit,2020-05-17 00:00:00.000000,27605
RM0056,Mutual Funds,2023-12-12 00:00:00.000000,301720
RM0093,Recurring Deposit,2025-03-06 00:00:00.000000,164163
RM0106,Saving Account,2022-01-08 00:00:00.000000,151114
RM0039,Current Account,2023-11-12 00:00:00.000000,93334
RM0040,ULIP,2021-01-01 00:00:00.000000,22462
RM0151,ULIP,2021-07-26 00:00:00.000000,48031
RM0239,Fixed Deposit,2022-08-28 00:00:00.000000,22699
RM0147,Life Insurance,2022-05-17 00:00:00.000000,23754
RM0017,Loan Against Property,2024-03-27 00:00:00.000000,25033
RM0053,Loan Against Property,2024-07-13 00:00:00.000000,57202
RM0249,Current Account,2026-05-31 00:00:00.000000,12084
RM0097,Current Account,2020-12-08 00:00:00.000000,184433
RM0203,Saving Account,2022-12-02 00:00:00.000000,135463
RM0097,Current Account,2025-09-26 00:00:00.000000,33963
RM0038,Health Insurance,2019-05-17 00:00:00.000000,46223
RM0211,Gold Investment,2021-07-10 00:00:00.000000,41379
RM0170,Mutual Funds,2025-06-06 00:00:00.000000,116938
RM0210,Saving Account,2021-11-29 00:00:00.000000,68334
RM0115,Loan Against Property,2022-09-20 00:00:00.000000,26294
RM0236,Loan Against Property,2023-09-11 00:00:00.000000,39605
RM0120,Mutual Funds,2025-03-15 00:00:00.000000,38015
RM0117,Saving Account,2020-03-03 00:00:00.000000,170119
RM0002,Credit Card,2024-09-27 00:00:00.000000,19637
RM0049,Gold Investment,2020-07-22 00:00:00.000000,14692
RM0002,Term Insurance,2020-02-06 00:00:00.000000,116271
RM0105,Recurring Deposit,2020-12-28 00:00:00.000000,123499
RM0137,Life Insurance,2021-09-19 00:00:00.000000,112684
RM0210,Gold Investment,2026-07-11 00:00:00.000000,45767
RM0242,Fixed Deposit,2022-06-08 00:00:00.000000,63902
RM0115,Mutual Funds,2021-09-20 00:00:00.000000,51432
RM0192,Gold Investment,2020-10-27 00:00:00.000000,13598
RM0203,Health Insurance,2026-04-21 10:32:43.372903,55296
RM0018,Fixed Deposit,2024-01-27 00:00:00.000000,10685
RM0094,Recurring Deposit,2020-04-25 00:00:00.000000,29651
RM0039,Gold Investment,2019-09-11 00:00:00.000000,144627
RM0123,Current Account,2026-01-31 10:32:43.372934,28123
RM0195,Health Insurance,2025-08-02 10:32:43.372964,150526
RM0216,ULIP,2024-12-24 00:00:00.000000,24393
RM0220,Fixed Deposit,2024-12-25 00:00:00.000000,28884
RM0076,Term Insurance,2019-07-06 00:00:00.000000,59497
RM0013,Gold Investment,2024-11-25 10:32:43.372994,81695
RM0105,Mutual Funds,2021-01-25 00:00:00.000000,44796
RM0044,Health Insurance,2024-10-21 00:00:00.000000,116902
RM0061,Recurring Deposit,2023-12-30 00:00:00.000000,12053
RM0022,Saving Account,2024-09-18 00:00:00.000000,137677
RM0078,Recurring Deposit,2025-02-03 00:00:00.000000,20926
RM0027,Credit Card,2021-01-10 00:00:00.000000,117811
RM0011,Current Account,2025-06-13 00:00:00.000000,35613
RM0075,Fixed Deposit,2021-11-14 00:00:00.000000,99415
RM0109,Life Insurance,2024-09-04 00:00:00.000000,11749
RM0191,Mutual Funds,2021-07-13 00:00:00.000000,65686
RM0069,Fixed Deposit,2021-12-22 00:00:00.000000,19675
RM0180,Loan Against Property,2023-07-19 00:00:00.000000,135080
RM0059,Current Account,2025-08-18 00:00:00.000000,24086
RM0079,Current Account,2025-06-20 00:00:00.000000,23994
RM0186,ULIP,2025-11-01 10:32:43.373030,94148
RM0158,Mutual Funds,2024-09-16 00:00:00.000000,15595
RM0136,Health Insurance,2025-06-12 00:00:00.000000,22553
RM0219,Term Insurance,2019-03-24 00:00:00.000000,45026
RM0036,Current Account,2025-09-29 00:00:00.000000,98738
RM0091,Credit Card,2025-10-30 00:00:00.000000,17978
RM0137,Term Insurance,2019-07-09 00:00:00.000000,49666
RM0109,ULIP,2019-09-30 00:00:00.000000,72108
RM0150,ULIP,2024-10-09 00:00:00.000000,108518
RM0201,Health Insurance,2019-12-06 00:00:00.000000,147105
RM0205,Health Insurance,2023-09-11 00:00:00.000000,86772
RM0084,Recurring Deposit,2025-04-23 00:00:00.000000,62896
RM0052,Life Insurance,2021-12-09 00:00:00.000000,38424
RM0218,Fixed Deposit,2020-02-15 00:00:00.000000,15945
RM0012,Loan Against Property,2024-12-05 00:00:00.000000,71848
RM0004,Loan Against Property,2026-04-05 00:00:00.000000,256250
RM0155,Credit Card,2020-01-23 00:00:00.000000,76734
RM0221,Mutual Funds,2025-07-10 00:00:00.000000,10842
RM0187,Gold Investment,2023-03-14 00:00:00.000000,44284
RM0170,Fixed Deposit,2023-12-07 00:00:00.000000,57679
RM0077,Saving Account,2024-11-26 00:00:00.000000,68506
RM0127,Loan Against Property,2019-11-23 00:00:00.000000,73599
RM0042,Recurring Deposit,2022-09-03 00:00:00.000000,50834
RM0073,Mutual Funds,2025-02-23 00:00:00.000000,22638
RM0192,Mutual Funds,2019-05-29 00:00:00.000000,152538
RM0153,Term Insurance,2021-10-18 00:00:00.000000,69646
RM0189,Mutual Funds,2026-05-16 00:00:00.000000,23514
RM0094,Life Insurance,2022-11-15 00:00:00.000000,29454
RM0129,Loan Against Property,2026-01-17 00:00:00.000000,363404
RM0067,Saving Account,2021-06-01 00:00:00.000000,137505
RM0243,Current Account,2021-11-05 00:00:00.000000,119233
RM0061,Saving Account,2024-02-14 00:00:00.000000,35972
RM0227,Health Insurance,2022-06-26 00:00:00.000000,11953
RM0249,Mutual Funds,2020-09-26 00:00:00.000000,12485
RM0175,Loan Against Property,2022-07-25 00:00:00.000000,26698
RM0161,Gold Investment,2025-10-01 00:00:00.000000,59594
RM0195,Recurring Deposit,2021-06-02 00:00:00.000000,53876
RM0040,Recurring Deposit,2025-11-05 00:00:00.000000,60232
RM0095,Gold Investment,2021-03-07 00:00:00.000000,73165
RM0118,Saving Account,2025-11-02 00:00:00.000000,10960
RM0228,Fixed Deposit,2020-02-01 00:00:00.000000,15551
RM0168,Health Insurance,2019-03-16 00:00:00.000000,32274
RM0154,Gold Investment,2025-09-06 00:00:00.000000,18412
RM0039,Life Insurance,2021-10-01 00:00:00.000000,13915
RM0199,ULIP,2022-11-19 00:00:00.000000,61216
RM0022,ULIP,2020-08-27 00:00:00.000000,94460
RM0019,Term Insurance,2021-07-27 00:00:00.000000,79842
RM0144,ULIP,2024-03-14 00:00:00.000000,94924
RM0011,ULIP,2024-02-03 00:00:00.000000,64809
RM0113,Recurring Deposit,2023-01-17 00:00:00.000000,76466
RM0033,Current Account,2024-03-30 00:00:00.000000,25857
RM0247,Gold Investment,2019-03-23 00:00:00.000000,258149
RM0143,Saving Account,2021-09-14 00:00:00.000000,20115
RM0225,Current Account,2019-05-21 00:00:00.000000,22071
RM0101,Mutual Funds,2019-09-28 00:00:00.000000,27048
RM0129,Recurring Deposit,2023-08-26 00:00:00.000000,195113
RM0036,Credit Card,2026-01-13 10:32:43.373081,232359
RM0175,Fixed Deposit,2019-08-31 00:00:00.000000,89211
RM0245,ULIP,2025-08-30 00:00:00.000000,59585
RM0183,Recurring Deposit,2026-01-25 00:00:00.000000,46704
RM0007,Term Insurance,2023-03-19 00:00:00.000000,186373
RM0233,Loan Against Property,2026-04-17 00:00:00.000000,69474
RM0152,Term Insurance,2022-08-21 00:00:00.000000,154776
RM0090,ULIP,2024-11-11 10:32:43.373113,29030
RM0050,Health Insurance,2021-01-23 00:00:00.000000,30306
RM0173,Saving Account,2022-11-16 00:00:00.000000,106456
RM0199,Loan Against Property,2024-04-27 00:00:00.000000,18117
RM0213,Current Account,2020-09-22 00:00:00.000000,155871
RM0209,Fixed Deposit,2021-01-26 00:00:00.000000,45410
RM0243,Health Insurance,2026-03-06 00:00:00.000000,140464
RM0217,Recurring Deposit,2024-04-12 00:00:00.000000,29981
RM0073,Saving Account,2025-08-24 00:00:00.000000,30533
RM0242,Loan Against Property,2019-01-05 00:00:00.000000,72931
RM0204,Saving Account,2020-02-04 00:00:00.000000,42973
RM0054,Term Insurance,2019-10-07 00:00:00.000000,59282
RM0160,Term Insurance,2025-01-11 00:00:00.000000,45096
RM0195,Loan Against Property,2024-12-18 10:32:43.373148,180737
RM0163,Fixed Deposit,2026-03-16 00:00:00.000000,68899
RM0208,Recurring Deposit,2023-01-23 00:00:00.000000,24472
RM0202,Health Insurance,2021-10-22 00:00:00.000000,130218
RM0160,Loan Against Property,2019-03-10 00:00:00.000000,27409
RM0203,Health Insurance,2024-01-27 00:00:00.000000,33229
RM0177,Recurring Deposit,2023-02-25 00:00:00.000000,15386
RM0030,Loan Against Property,2021-08-02 00:00:00.000000,125112
RM0074,Current Account,2020-08-31 00:00:00.000000,26851
RM0178,Mutual Funds,2021-12-28 00:00:00.000000,24982
RM0051,Fixed Deposit,2020-02-01 00:00:00.000000,136450
RM0210,Current Account,2022-07-09 00:00:00.000000,91873
RM0002,Loan Against Property,2023-05-31 00:00:00.000000,17603
RM0132,Credit Card,2026-04-05 10:32:43.373182,83337
RM0004,Recurring Deposit,2019-09-07 00:00:00.000000,132111
RM0125,Loan Against Property,2025-06-09 00:00:00.000000,14088
RM0234,Gold Investment,2020-03-04 00:00:00.000000,97209
RM0157,Fixed Deposit,2019-12-07 00:00:00.000000,49639
RM0036,Health Insurance,2024-01-27 00:00:00.000000,65311
RM0039,Saving Account,2023-10-03 00:00:00.000000,43947
RM0016,Credit Card,2022-10-20 00:00:00.000000,69833
RM0150,Loan Against Property,2023-06-13 00:00:00.000000,11734
RM0068,Life Insurance,2024-02-19 00:00:00.000000,81922
RM0111,Life Insurance,2022-11-05 00:00:00.000000,11695
RM0118,Mutual Funds,2021-11-17 00:00:00.000000,40375
RM0085,Life Insurance,2024-12-17 00:00:00.000000,18182
RM0203,Loan Against Property,2021-04-18 00:00:00.000000,96742
RM0023,Mutual Funds,2020-03-12 00:00:00.000000,28819
RM0223,Saving Account,2020-02-03 00:00:00.000000,40265
RM0066,Mutual Funds,2021-05-26 00:00:00.000000,37996
RM0036,Saving Account,2020-06-16 00:00:00.000000,84030
RM0047,Health Insurance,2024-08-15 00:00:00.000000,42806
RM0085,Mutual Funds,2022-09-13 00:00:00.000000,87784
RM0045,Credit Card,2020-01-01 00:00:00.000000,13817
RM0124,Fixed Deposit,2024-11-03 00:00:00.000000,20634
RM0083,Gold Investment,2021-04-27 00:00:00.000000,50096
RM0165,Loan Against Property,2022-04-26 00:00:00.000000,156956
RM0113,Saving Account,2019-05-08 00:00:00.000000,13884
RM0101,Credit Card,2021-07-25 00:00:00.000000,12201
RM0244,Life Insurance,2019-09-22 00:00:00.000000,18512
RM0146,Recurring Deposit,2024-03-10 00:00:00.000000,61242
RM0229,Recurring Deposit,2024-09-06 00:00:00.000000,35457
RM0180,Current Account,2022-09-20 00:00:00.000000,97306
RM0056,Saving Account,2020-05-12 00:00:00.000000,13732
RM0133,Credit Card,2021-05-04 00:00:00.000000,20933
RM0143,Fixed Deposit,2026-02-25 10:32:43.373224,27835
RM0025,Gold Investment,2021-03-09 00:00:00.000000,59272
RM0046,Mutual Funds,2025-04-07 10:32:43.373266,67786
RM0237,Health Insurance,2024-06-07 00:00:00.000000,16631
RM0085,ULIP,2023-09-11 00:00:00.000000,153946
RM0152,Recurring Deposit,2025-10-12 00:00:00.000000,30854
RM0034,Current Account,2022-07-19 00:00:00.000000,72443
RM0039,Fixed Deposit,2022-03-31 00:00:00.000000,47138
RM0097,Recurring Deposit,2023-07-10 00:00:00.000000,22600
RM0207,Current Account,2022-08-05 00:00:00.000000,103614
RM0176,Fixed Deposit,2024-06-27 00:00:00.000000,95252
RM0085,Gold Investment,2025-10-13 00:00:00.000000,35215
RM0182,Current Account,2024-12-22 00:00:00.000000,54410
RM0233,Current Account,2022-06-22 00:00:00.000000,24908
RM0004,Current Account,2019-05-30 00:00:00.000000,68535
RM0238,Gold Investment,2022-03-13 00:00:00.000000,65452
RM0056,Loan Against Property,2022-12-25 00:00:00.000000,28482
RM0221,Current Account,2021-07-08 00:00:00.000000,102920
RM0206,Health Insurance,2022-05-25 00:00:00.000000,22255
RM0140,Fixed Deposit,2026-07-18 00:00:00.000000,10745
RM0062,Term Insurance,2023-12-14 00:00:00.000000,25633
RM0239,Recurring Deposit,2021-04-08 00:00:00.000000,20601
RM0048,Current Account,2025-08-20 10:32:43.373311,45492
RM0009,Fixed Deposit,2019-08-27 00:00:00.000000,21389
RM0132,Health Insurance,2021-06-19 00:00:00.000000,82024
RM0151,Credit Card,2025-06-07 00:00:00.000000,23812
RM0221,Term Insurance,2023-04-01 00:00:00.000000,71373
RM0009,Term Insurance,2019-10-22 00:00:00.000000,53193
RM0136,Saving Account,2020-08-27 00:00:00.000000,224335
RM0207,Health Insurance,2024-02-27 00:00:00.000000,471007
RM0044,Term Insurance,2023-10-04 00:00:00.000000,111829
RM0128,Recurring Deposit,2022-04-26 00:00:00.000000,81352
RM0211,Credit Card,2022-12-18 00:00:00.000000,34425
RM0063,Saving Account,2024-11-08 00:00:00.000000,79974
RM0022,Loan Against Property,2025-02-19 10:32:43.373346,166951
RM0186,Saving Account,2019-06-23 00:00:00.000000,11182
RM0015,Gold Investment,2021-12-04 00:00:00.000000,48600
RM0236,Recurring Deposit,2023-07-15 00:00:00.000000,22294
RM0101,Life Insurance,2024-07-08 00:00:00.000000,50808
RM0028,Recurring Deposit,2024-06-23 00:00:00.000000,41409
RM0123,Recurring Deposit,2025-04-23 00:00:00.000000,52873
RM0204,Term Insurance,2023-05-28 00:00:00.000000,50032
RM0157,Recurring Deposit,2019-06-11 00:00:00.000000,171077
RM0010,ULIP,2025-03-04 00:00:00.000000,50168
RM0111,Term Insurance,2025-07-28 00:00:00.000000,103615
RM0139,Credit Card,2023-10-04 00:00:00.000000,29269
RM0170,Mutual Funds,2020-07-31 00:00:00.000000,38821
RM0144,ULIP,2023-09-03 00:00:00.000000,41782
RM0096,Health Insurance,2024-07-22 00:00:00.000000,26336
RM0188,Health Insurance,2026-04-08 00:00:00.000000,33884
RM0152,Current Account,2025-10-30 00:00:00.000000,55629
RM0239,Fixed Deposit,2025-04-23 10:32:43.373382,53397
RM0173,Term Insurance,2019-02-03 00:00:00.000000,60589
RM0152,Loan Against Property,2024-12-04 00:00:00.000000,31679
RM0218,Loan Against Property,2026-08-08 00:00:00.000000,28977
RM0105,Credit Card,2022-07-28 00:00:00.000000,57288
RM0226,Fixed Deposit,2023-03-14 00:00:00.000000,17127
RM0153,Gold Investment,2019-10-30 00:00:00.000000,24586
RM0078,Mutual Funds,2024-04-20 00:00:00.000000,12152
RM0060,Credit Card,2020-05-18 00:00:00.000000,13769
RM0077,Health Insurance,2022-02-19 00:00:00.000000,23944
RM0237,Saving Account,2020-10-12 00:00:00.000000,10986
RM0194,Credit Card,2024-02-15 00:00:00.000000,24079
RM0196,Recurring Deposit,2024-07-02 00:00:00.000000,63207
RM0234,Recurring Deposit,2022-03-05 00:00:00.000000,13152
RM0023,Credit Card,2020-03-08 00:00:00.000000,38700
RM0094,Term Insurance,2019-07-24 00:00:00.000000,132154
RM0027,Fixed Deposit,2022-07-31 00:00:00.000000,88339
RM0070,Current Account,2021-11-29 00:00:00.000000,28223
RM0145,Credit Card,2023-11-25 00:00:00.000000,139383
RM0056,Health Insurance,2022-05-14 00:00:00.000000,29997
RM0131,Life Insurance,2026-03-01 00:00:00.000000,13763
RM0052,Health Insurance,2025-06-08 10:32:43.373420,266268
RM0167,Term Insurance,2021-09-21 00:00:00.000000,112019
RM0211,Gold Investment,2021-10-21 00:00:00.000000,41361
RM0140,Loan Against Property,2019-04-05 00:00:00.000000,64887
RM0204,Fixed Deposit,2020-05-20 00:00:00.000000,65619
RM0157,Credit Card,2020-11-22 00:00:00.000000,20813
RM0186,Saving Account,2023-03-12 00:00:00.000000,21160
RM0209,Life Insurance,2024-05-20 00:00:00.000000,41704
RM0093,Mutual Funds,2025-08-30 00:00:00.000000,87442
RM0205,Term Insurance,2023-04-02 00:00:00.000000,131278
RM0068,Current Account,2021-09-04 00:00:00.000000,10502
RM0092,Recurring Deposit,2020-03-07 00:00:00.000000,86279
RM0034,ULIP,2024-11-06 00:00:00.000000,12962
RM0043,Recurring Deposit,2025-01-06 00:00:00.000000,42525
RM0218,Life Insurance,2022-03-05 00:00:00.000000,60787
RM0182,Health Insurance,2021-03-09 00:00:00.000000,68039
RM0172,ULIP,2021-04-24 00:00:00.000000,13012
RM0210,Loan Against Property,2025-11-25 00:00:00.000000,37116
RM0028,Fixed Deposit,2025-11-09 00:00:00.000000,53833
RM0151,Life Insurance,2026-07-14 00:00:00.000000,13416
RM0176,Loan Against Property,2023-05-09 00:00:00.000000,17256
RM0185,Fixed Deposit,2020-01-22 00:00:00.000000,64479
RM0164,Current Account,2021-06-26 00:00:00.000000,46869
RM0201,Loan Against Property,2019-03-10 00:00:00.000000,18826
RM0210,Loan Against Property,2024-11-06 00:00:00.000000,48311
RM0006,Current Account,2021-10-23 00:00:00.000000,131915
RM0220,Recurring Deposit,2026-03-13 00:00:00.000000,10785
RM0177,Recurring Deposit,2019-09-03 00:00:00.000000,61449
RM0021,Mutual Funds,2022-12-28 00:00:00.000000,13825
RM0240,Term Insurance,2025-01-26 00:00:00.000000,10323
RM0096,Current Account,2025-12-28 00:00:00.000000,18164
RM0174,Recurring Deposit,2023-06-05 00:00:00.000000,37487
RM0107,Loan Against Property,2025-04-14 00:00:00.000000,91061
RM0219,Health Insurance,2023-10-06 00:00:00.000000,26549
RM0235,Loan Against Property,2023-08-19 00:00:00.000000,59131
RM0207,Life Insurance,2025-06-15 00:00:00.000000,36479
RM0021,ULIP,2024-12-10 00:00:00.000000,23350
RM0216,Saving Account,2021-07-24 00:00:00.000000,46102
RM0211,Health Insurance,2022-07-07 00:00:00.000000,89842
RM0086,Gold Investment,2024-05-29 00:00:00.000000,29403
RM0118,ULIP,2021-03-12 00:00:00.000000,99336
RM0049,Fixed Deposit,2019-12-19 00:00:00.000000,103709
RM0099,Saving Account,2020-08-03 00:00:00.000000,30666
RM0153,ULIP,2026-02-23 00:00:00.000000,88862
RM0088,Saving Account,2019-09-14 00:00:00.000000,21924
RM0044,Gold Investment,2021-11-05 00:00:00.000000,77051
RM0140,Life Insurance,2019-09-17 00:00:00.000000,158196
RM0203,Gold Investment,2020-02-14 00:00:00.000000,10691
RM0102,Recurring Deposit,2024-01-06 00:00:00.000000,39023
RM0242,Health Insurance,2025-06-27 00:00:00.000000,88888888
RM0179,ULIP,2024-07-22 00:00:00.000000,62173
RM0035,Gold Investment,2024-02-20 00:00:00.000000,70495
RM0081,Mutual Funds,2025-12-22 10:32:43.373470,19684
RM0028,ULIP,2021-05-28 00:00:00.000000,189105
RM0109,Term Insurance,2019-06-08 00:00:00.000000,57760
RM0216,Mutual Funds,2020-04-02 00:00:00.000000,18976
RM0069,Loan Against Property,2023-04-04 00:00:00.000000,11036
RM0134,Term Insurance,2020-09-07 00:00:00.000000,86453
RM0121,Gold Investment,2023-04-05 00:00:00.000000,14153
RM0131,Saving Account,2024-11-25 00:00:00.000000,17602
RM0014,Credit Card,2024-02-03 00:00:00.000000,52763
RM0179,Loan Against Property,2022-09-12 00:00:00.000000,56254
RM0089,Term Insurance,2019-09-06 00:00:00.000000,68059
RM0103,Saving Account,2021-10-24 00:00:00.000000,35003
RM0175,Recurring Deposit,2023-03-22 00:00:00.000000,84338
RM0132,Term Insurance,2020-01-07 00:00:00.000000,193177
RM0119,Fixed Deposit,2020-11-19 00:00:00.000000,25810
RM0016,Gold Investment,2025-03-20 00:00:00.000000,70705
RM0091,Gold Investment,2026-03-11 10:32:43.373505,141880
RM0041,Loan Against Property,2025-09-09 00:00:00.000000,67963
RM0018,Gold Investment,2021-11-01 00:00:00.000000,67145
RM0021,Term Insurance,2019-05-14 00:00:00.000000,22665
RM0029,Term Insurance,2019-01-12 00:00:00.000000,48299
RM0192,Current Account,2024-03-18 00:00:00.000000,51336
RM0153,Term Insurance,2019-11-27 00:00:00.000000,70220
RM0249,Fixed Deposit,2022-01-03 00:00:00.000000,297566
RM0179,Current Account,2023-09-02 00:00:00.000000,11711
RM0182,Loan Against Property,2024-04-27 00:00:00.000000,13372
RM0050,Mutual Funds,2025-01-26 00:00:00.000000,14057
RM0196,Health Insurance,2021-06-11 00:00:00.000000,77929
RM0041,Loan Against Property,2020-08-20 00:00:00.000000,17329
RM0195,Fixed Deposit,2020-09-07 00:00:00.000000,58702
RM0191,Recurring Deposit,2021-04-27 00:00:00.000000,29627
RM0061,Gold Investment,2022-09-05 00:00:00.000000,40561
RM0202,Recurring Deposit,2019-09-25 00:00:00.000000,22145
RM0082,Recurring Deposit,2021-10-22 00:00:00.000000,110535
RM0093,Mutual Funds,2025-02-14 10:32:43.373542,54112
RM0165,Current Account,2022-02-12 00:00:00.000000,34426
RM0208,Saving Account,2020-07-30 00:00:00.000000,154625
RM0172,Mutual Funds,2019-10-22 00:00:00.000000,52735
RM0235,Gold Investment,2023-03-20 00:00:00.000000,16614
RM0242,Term Insurance,2019-04-22 00:00:00.000000,19368
RM0197,Current Account,2026-07-02 00:00:00.000000,13199
RM0006,Saving Account,2025-02-02 00:00:00.000000,235830
RM0174,Current Account,2025-10-22 00:00:00.000000,74652
RM0214,Term Insurance,2022-04-18 00:00:00.000000,12526
RM0197,Credit Card,2021-05-22 00:00:00.000000,70832
RM0149,ULIP,2019-11-08 00:00:00.000000,36566
RM0057,Recurring Deposit,2026-05-10 10:32:43.373576,28351
RM0005,Health Insurance,2025-04-11 00:00:00.000000,18365
RM0030,Saving Account,2023-07-05 00:00:00.000000,101599
RM0054,Recurring Deposit,2023-05-13 00:00:00.000000,13298
RM0081,Health Insurance,2022-05-18 00:00:00.000000,27112
RM0185,Gold Investment,2019-06-19 00:00:00.000000,28291
RM0216,Term Insurance,2019-04-22 00:00:00.000000,18771
RM0224,Credit Card,2020-07-21 00:00:00.000000,45482
RM0236,Saving Account,2020-01-05 00:00:00.000000,10588
RM0007,Recurring Deposit,2021-07-30 00:00:00.000000,27903
RM0245,Credit Card,2025-07-13 10:32:43.373609,145625
RM0036,ULIP,2026-04-22 00:00:00.000000,28591
RM0211,Mutual Funds,2026-04-05 00:00:00.000000,32350
RM0219,Gold Investment,2024-06-19 00:00:00.000000,42043
RM0089,ULIP,2019-08-03 00:00:00.000000,51241
RM0116,Term Insurance,2021-04-06 00:00:00.000000,92697
RM0209,Health Insurance,2019-11-25 00:00:00.000000,20555
RM0071,Recurring Deposit,2025-09-18 00:00:00.000000,112687
RM0143,Recurring Deposit,2025-04-21 00:00:00.000000,80847
RM0080,Mutual Funds,2025-05-16 00:00:00.000000,74123
RM0045,Credit Card,2026-02-06 00:00:00.000000,14540
RM0094,Life Insurance,2023-05-02 00:00:00.000000,11093
RM0171,Current Account,2024-08-27 10:32:43.373643,55071
RM0001,Term Insurance,2024-10-01 00:00:00.000000,109437
RM0203,Health Insurance,2020-10-17 00:00:00.000000,53906
RM0138,Fixed Deposit,2022-05-20 00:00:00.000000,21991
RM0208,Term Insurance,2025-09-04 00:00:00.000000,14744
RM0015,Loan Against Property,2022-09-10 00:00:00.000000,70131
RM0212,Gold Investment,2019-10-14 00:00:00.000000,73965
RM0002,Mutual Funds,2022-04-05 00:00:00.000000,19469
RM0171,Credit Card,2026-01-24 00:00:00.000000,11429
RM0232,Mutual Funds,2024-01-31 00:00:00.000000,36236
RM0009,Loan Against Property,2026-06-23 10:32:43.373676,53699
RM0231,Fixed Deposit,2025-12-08 00:00:00.000000,71209
RM0190,Health Insurance,2025-04-08 00:00:00.000000,93022
RM0163,Fixed Deposit,2021-11-02 00:00:00.000000,57149
RM0216,Current Account,2023-03-28 00:00:00.000000,15876
RM0195,Gold Investment,2026-02-10 00:00:00.000000,67376
RM0181,Saving Account,2025-10-11 00:00:00.000000,217313
RM0060,Gold Investment,2024-10-25 00:00:00.000000,128002
RM0075,Gold Investment,2025-09-27 10:32:43.373708,112657
RM0217,Credit Card,2022-01-18 00:00:00.000000,27988
RM0132,Loan Against Property,2020-03-06 00:00:00.000000,79472
RM0099,Recurring Deposit,2020-10-12 00:00:00.000000,105225
RM0209,Health Insurance,2021-01-09 00:00:00.000000,66710
RM0132,Saving Account,2020-02-25 00:00:00.000000,24421
RM0147,Life Insurance,2019-05-06 00:00:00.000000,163775
RM0173,Mutual Funds,2020-12-12 00:00:00.000000,39966
RM0084,Recurring Deposit,2020-06-26 00:00:00.000000,16951
RM0043,Fixed Deposit,2025-05-12 00:00:00.000000,15814
RM0131,Term Insurance,2022-05-29 00:00:00.000000,62137
RM0211,Gold Investment,2025-11-18 00:00:00.000000,38786
RM0132,Saving Account,2024-05-13 00:00:00.000000,14962
RM0092,Health Insurance,2023-08-15 00:00:00.000000,77423
RM0091,ULIP,2025-01-17 00:00:00.000000,90303
RM0003,Loan Against Property,2019-07-11 00:00:00.000000,74624
RM0075,Saving Account,2019-06-07 00:00:00.000000,21298
RM0022,Fixed Deposit,2024-07-20 00:00:00.000000,68522
RM0014,Recurring Deposit,2019-07-15 00:00:00.000000,10539
RM0114,Fixed Deposit,2020-11-10 00:00:00.000000,28200
RM0001,ULIP,2022-03-03 00:00:00.000000,35443
RM0104,ULIP,2023-09-18 00:00:00.000000,100165
RM0079,ULIP,2024-06-05 00:00:00.000000,34747
RM0225,Loan Against Property,2019-11-30 00:00:00.000000,10566
RM0027,Credit Card,2020-03-25 00:00:00.000000,31719
RM0172,Mutual Funds,2019-01-05 00:00:00.000000,44549
RM0156,Health Insurance,2024-03-07 00:00:00.000000,158801
RM0170,Mutual Funds,2019-12-29 00:00:00.000000,151539
RM0044,Mutual Funds,2025-01-03 00:00:00.000000,19975
RM0085,Recurring Deposit,2020-08-03 00:00:00.000000,20237
RM0134,Loan Against Property,2021-09-06 00:00:00.000000,18919
RM0018,Recurring Deposit,2021-08-05 00:00:00.000000,87776
RM0173,Gold Investment,2022-04-29 00:00:00.000000,10302
RM0221,Current Account,2024-10-09 10:32:43.373751,16801
RM0039,Loan Against Property,2021-03-01 00:00:00.000000,48605
RM0079,Life Insurance,2026-07-22 00:00:00.000000,24221
RM0101,Credit Card,2019-10-14 00:00:00.000000,14845
RM0127,Term Insurance,2019-10-12 00:00:00.000000,32304
RM0093,Term Insurance,2025-09-08 00:00:00.000000,26024
RM0119,Recurring Deposit,2023-05-21 00:00:00.000000,31964
RM0079,Health Insurance,2024-10-14 10:32:43.373783,45780
RM0214,Current Account,2019-08-04 00:00:00.000000,32096
RM0201,ULIP,2024-06-07 00:00:00.000000,203720
RM0138,Credit Card,2023-06-17 00:00:00.000000,16636
RM0190,Term Insurance,2023-05-18 00:00:00.000000,33318
RM0246,Loan Against Property,2025-01-23 00:00:00.000000,144401
RM0215,Gold Investment,2026-08-01 10:32:43.373815,114726
RM0168,Life Insurance,2026-05-16 00:00:00.000000,35066
RM0022,Term Insurance,2023-09-12 00:00:00.000000,70024
RM0111,ULIP,2024-06-29 00:00:00.000000,14597
RM0014,Life Insurance,2023-08-14 00:00:00.000000,72333
RM0198,ULIP,2022-11-27 00:00:00.000000,190333
RM0020,Saving Account,2023-08-13 00:00:00.000000,48554
RM0222,Saving Account,2019-07-26 00:00:00.000000,44506
RM0013,Life Insurance,2025-06-09 00:00:00.000000,20370
RM0127,Health Insurance,2022-03-13 00:00:00.000000,60227
RM0171,Fixed Deposit,2025-05-20 00:00:00.000000,54633
RM0030,Credit Card,2019-03-28 00:00:00.000000,62768
RM0202,Credit Card,2026-07-17 00:00:00.000000,11321
RM0105,Term Insurance,2026-05-29 00:00:00.000000,49783
RM0046,Current Account,2020-12-04 00:00:00.000000,55185
RM0110,ULIP,2023-08-22 00:00:00.000000,21630
RM0138,Credit Card,2021-11-10 00:00:00.000000,21680
RM0132,Life Insurance,2023-02-01 00:00:00.000000,26163
RM0009,Credit Card,2024-12-09 00:00:00.000000,72191
RM0176,Life Insurance,2020-01-24 00:00:00.000000,56603
RM0171,Fixed Deposit,2020-03-13 00:00:00.000000,103463
RM0108,ULIP,2026-01-11 00:00:00.000000,27524
RM0247,Fixed Deposit,2021-07-30 00:00:00.000000,131559
RM0239,Saving Account,2025-01-30 10:32:43.373854,78071
RM0002,Mutual Funds,2025-05-26 00:00:00.000000,35127
RM0105,Credit Card,2022-04-14 00:00:00.000000,15005
RM0228,Mutual Funds,2023-01-06 00:00:00.000000,42789
RM0205,Health Insurance,2020-08-16 00:00:00.000000,24851
RM0054,Fixed Deposit,2020-02-06 00:00:00.000000,167058
RM0094,Recurring Deposit,2024-08-08 00:00:00.000000,28579
RM0175,Current Account,2023-08-24 00:00:00.000000,30016
RM0046,Current Account,2025-08-06 00:00:00.000000,20510
RM0144,Current Account,2020-01-02 00:00:00.000000,92214
RM0156,Credit Card,2026-06-19 00:00:00.000000,26123
RM0063,Gold Investment,2020-12-15 00:00:00.000000,30043
RM0216,Gold Investment,2020-08-30 00:00:00.000000,36751
RM0236,Recurring Deposit,2020-05-30 00:00:00.000000,38434
RM0208,Recurring Deposit,2019-09-13 00:00:00.000000,36495
RM0055,Credit Card,2020-03-22 00:00:00.000000,45033
RM0200,Loan Against Property,2020-12-13 00:00:00.000000,94238
RM0237,Current Account,2024-02-27 00:00:00.000000,95541
RM0227,Health Insurance,2021-05-28 00:00:00.000000,90051
RM0002,Credit Card,2023-04-15 00:00:00.000000,15330
RM0023,Credit Card,2023-05-14 00:00:00.000000,90391
RM0026,Fixed Deposit,2025-08-24 10:32:43.373891,16405
RM0196,Gold Investment,2021-05-28 00:00:00.000000,16660
RM0181,ULIP,2020-02-05 00:00:00.000000,157693
RM0003,Fixed Deposit,2026-04-03 00:00:00.000000,95572
RM0241,Saving Account,2022-03-25 00:00:00.000000,50193
RM0124,Health Insurance,2026-01-24 00:00:00.000000,113960
RM0136,Life Insurance,2020-06-21 00:00:00.000000,237178
RM0033,Current Account,2024-08-11 00:00:00.000000,57162
RM0211,Loan Against Property,2022-08-08 00:00:00.000000,57453
RM0211,Loan Against Property,2024-01-17 00:00:00.000000,80208
RM0042,Life Insurance,2022-01-12 00:00:00.000000,23207
RM0234,Loan Against Property,2026-05-01 00:00:00.000000,19143
RM0005,Mutual Funds,2022-11-15 00:00:00.000000,81268
RM0163,Credit Card,2020-06-11 00:00:00.000000,31148
RM0232,Fixed Deposit,2021-12-28 00:00:00.000000,17255
RM0122,Credit Card,2021-06-20 00:00:00.000000,28907
RM0053,ULIP,2025-02-16 00:00:00.000000,32207
RM0038,Credit Card,2019-11-28 00:00:00.000000,177946
RM0129,Health Insurance,2025-10-15 00:00:00.000000,69859
RM0054,Mutual Funds,2025-08-08 00:00:00.000000,47842
RM0113,Term Insurance,2023-06-17 00:00:00.000000,183484
RM0211,Life Insurance,2022-09-07 00:00:00.000000,126724
RM0053,Gold Investment,2026-05-01 00:00:00.000000,45872
RM0119,Loan Against Property,2024-02-17 00:00:00.000000,128052
RM0007,Health Insurance,2021-11-15 00:00:00.000000,35901
RM0195,Life Insurance,2022-04-14 00:00:00.000000,23095
RM0172,Loan Against Property,2019-03-16 00:00:00.000000,23242
RM0183,Recurring Deposit,2025-02-11 00:00:00.000000,64282
RM0209,ULIP,2020-06-13 00:00:00.000000,44764
RM0079,Mutual Funds,2022-04-05 00:00:00.000000,63786
RM0020,Recurring Deposit,2022-07-26 00:00:00.000000,67930
RM0242,Health Insurance,2026-07-04 00:00:00.000000,11128
RM0067,Saving Account,2023-11-08 00:00:00.000000,6152
RM0109,ULIP,2024-07-20 00:00:00.000000,12777
RM0199,Life Insurance,2020-02-20 00:00:00.000000,48036
RM0089,Credit Card,2025-05-04 00:00:00.000000,20600
RM0086,Recurring Deposit,2025-05-31 00:00:00.000000,60056
RM0129,Credit Card,2026-02-06 00:00:00.000000,50168
RM0002,Current Account,2021-04-24 00:00:00.000000,30479
RM0013,Gold Investment,2023-08-23 00:00:00.000000,88888888
RM0169,Life Insurance,2022-04-13 00:00:00.000000,54065
RM0088,Current Account,2021-01-02 00:00:00.000000,28009
RM0023,Fixed Deposit,2024-10-07 00:00:00.000000,61060
RM0145,Mutual Funds,2019-02-23 00:00:00.000000,98448
RM0052,Term Insurance,2019-12-03 00:00:00.000000,322544
RM0188,ULIP,2022-11-25 00:00:00.000000,101145
RM0173,Current Account,2023-05-27 00:00:00.000000,50765
RM0199,Mutual Funds,2022-03-28 00:00:00.000000,20748
RM0172,Saving Account,2025-09-23 00:00:00.000000,67198
RM0059,Saving Account,2023-07-22 00:00:00.000000,148752
RM0196,Mutual Funds,2021-10-27 00:00:00.000000,21904
RM0008,Loan Against Property,2024-09-05 00:00:00.000000,24785
RM0180,Recurring Deposit,2025-06-06 00:00:00.000000,18067
RM0021,Recurring Deposit,2019-01-18 00:00:00.000000,76727
RM0085,Saving Account,2026-03-29 00:00:00.000000,29734
RM0004,Mutual Funds,2022-04-04 00:00:00.000000,36091
RM0110,ULIP,2020-07-10 00:00:00.000000,13237
RM0023,ULIP,2020-05-27 00:00:00.000000,113952
RM0076,Term Insurance,2023-08-07 00:00:00.000000,50785
RM0095,Fixed Deposit,2022-07-11 00:00:00.000000,30105
RM0019,Life Insurance,2022-11-02 00:00:00.000000,31078
RM0044,Health Insurance,2020-06-05 00:00:00.000000,27142
RM0247,Saving Account,2022-06-07 00:00:00.000000,40392
RM0164,Recurring Deposit,2020-11-16 00:00:00.000000,30552
RM0111,Recurring Deposit,2021-07-07 00:00:00.000000,49697
RM0056,Term Insurance,2022-07-15 00:00:00.000000,84254
RM0163,ULIP,2024-03-19 00:00:00.000000,66113
RM0233,Term Insurance,2021-07-24 00:00:00.000000,27439
RM0157,Fixed Deposit,2021-01-30 00:00:00.000000,47617
RM0086,Mutual Funds,2022-02-25 00:00:00.000000,101668
RM0220,Gold Investment,2020-12-19 00:00:00.000000,13532
RM0234,Current Account,2026-05-17 00:00:00.000000,14076
RM0174,Credit Card,2020-11-05 00:00:00.000000,50615
RM0109,Credit Card,2019-01-13 00:00:00.000000,60959
RM0160,Loan Against Property,2022-07-19 00:00:00.000000,21875
RM0192,Current Account,2023-06-28 00:00:00.000000,78367
RM0136,Current Account,2024-02-29 00:00:00.000000,61960
RM0201,Gold Investment,2026-05-18 00:00:00.000000,138385
RM0205,Fixed Deposit,2025-03-27 00:00:00.000000,19253
RM0107,Mutual Funds,2026-06-05 00:00:00.000000,79590
RM0160,Saving Account,2025-08-04 00:00:00.000000,14367
RM0154,Mutual Funds,2020-05-01 00:00:00.000000,51654
RM0100,Fixed Deposit,2020-12-15 00:00:00.000000,50136
RM0178,Loan Against Property,2021-02-24 00:00:00.000000,34582
RM0177,Gold Investment,2023-04-17 00:00:00.000000,103078
RM0155,Life Insurance,2026-01-09 10:32:43.373954,10219
RM0228,Fixed Deposit,2019-10-01 00:00:00.000000,46717
RM0166,Fixed Deposit,2021-11-26 00:00:00.000000,22240
RM0043,Credit Card,2022-05-28 00:00:00.000000,78031
RM0063,Mutual Funds,2019-11-26 00:00:00.000000,63108
RM0089,Current Account,2025-10-02 00:00:00.000000,12201
RM0212,Current Account,2026-06-08 00:00:00.000000,99057
RM0079,Term Insurance,2024-12-13 00:00:00.000000,101036
RM0240,Gold Investment,2023-10-04 00:00:00.000000,99447
RM0236,Current Account,2025-06-17 00:00:00.000000,18277
RM0110,Recurring Deposit,2023-03-25 00:00:00.000000,59767
RM0122,Recurring Deposit,2025-03-29 10:32:43.373988,10723
RM0212,ULIP,2020-09-28 00:00:00.000000,104181
RM0020,Mutual Funds,2020-07-27 00:00:00.000000,74182
RM0143,Gold Investment,2025-08-08 00:00:00.000000,47874
RM0158,Health Insurance,2019-01-16 00:00:00.000000,75576
RM0181,Fixed Deposit,2021-04-03 00:00:00.000000,14953
RM0170,Mutual Funds,2024-12-28 00:00:00.000000,47608
RM0230,Recurring Deposit,2025-06-27 00:00:00.000000,27214
RM0015,Current Account,2021-04-29 00:00:00.000000,189896
RM0161,Current Account,2026-07-20 10:32:43.374021,107286
RM0201,ULIP,2024-08-02 00:00:00.000000,76076
RM0181,Saving Account,2022-09-06 00:00:00.000000,145714
RM0228,Fixed Deposit,2019-09-02 00:00:00.000000,31296
RM0007,Term Insurance,2025-06-14 00:00:00.000000,125571
RM0069,ULIP,2026-01-24 10:32:43.374053,29669
RM0043,Saving Account,2026-04-11 00:00:00.000000,11223
RM0207,Life Insurance,2024-10-27 00:00:00.000000,75987
RM0170,Saving Account,2021-06-16 00:00:00.000000,76669
RM0171,Gold Investment,2023-12-16 00:00:00.000000,10926
RM0095,ULIP,2023-03-23 00:00:00.000000,32397
RM0172,Loan Against Property,2024-01-04 00:00:00.000000,10981
RM0052,Gold Investment,2026-07-25 00:00:00.000000,302014
RM0238,Term Insurance,2021-07-28 00:00:00.000000,16516
RM0143,Fixed Deposit,2024-07-19 00:00:00.000000,49132
RM0199,Saving Account,2021-08-22 00:00:00.000000,88165
RM0072,ULIP,2022-03-10 00:00:00.000000,21236
RM0024,Mutual Funds,2025-07-24 10:32:43.374087,46696
RM0088,Fixed Deposit,2019-05-05 00:00:00.000000,43184
RM0158,Life Insurance,2019-11-03 00:00:00.000000,56751
RM0010,Gold Investment,2023-11-18 00:00:00.000000,18729
RM0247,Gold Investment,2024-09-12 00:00:00.000000,85379
RM0071,Fixed Deposit,2026-01-12 00:00:00.000000,27786
RM0090,Life Insurance,2023-03-16 00:00:00.000000,21850
RM0206,Loan Against Property,2019-12-05 00:00:00.000000,50854
RM0020,Term Insurance,2022-08-07 00:00:00.000000,36408
RM0123,Current Account,2022-08-26 00:00:00.000000,136465
RM0005,Life Insurance,2025-01-28 00:00:00.000000,116039
RM0135,Term Insurance,2021-10-11 00:00:00.000000,43019
RM0204,Credit Card,2025-09-18 00:00:00.000000,32256
RM0136,Life Insurance,2019-07-12 00:00:00.000000,29690
RM0139,Mutual Funds,2024-08-20 00:00:00.000000,25568
RM0110,Recurring Deposit,2022-12-02 00:00:00.000000,49323
RM0099,Saving Account,2023-05-02 00:00:00.000000,91732
RM0086,Fixed Deposit,2020-08-23 00:00:00.000000,28608
RM0250,ULIP,2019-04-08 00:00:00.000000,20541
RM0109,Mutual Funds,2021-04-09 00:00:00.000000,42263
RM0178,Credit Card,2020-08-08 00:00:00.000000,13576
RM0218,Mutual Funds,2024-07-01 00:00:00.000000,70412
RM0156,Loan Against Property,2020-12-05 00:00:00.000000,46527
RM0012,Fixed Deposit,2020-10-14 00:00:00.000000,44296
RM0239,Fixed Deposit,2022-08-24 00:00:00.000000,27865
RM0160,Term Insurance,2024-12-11 10:32:43.374126,127522
RM0159,Recurring Deposit,2024-04-20 00:00:00.000000,14742
RM0100,Gold Investment,2022-11-25 00:00:00.000000,111943
RM0135,ULIP,2026-03-16 10:32:43.374157,33636
RM0070,ULIP,2021-05-02 00:00:00.000000,116273
RM0047,Gold Investment,2023-03-12 00:00:00.000000,75237
RM0238,Saving Account,2020-07-17 00:00:00.000000,15500
RM0001,Life Insurance,2019-03-31 00:00:00.000000,99051
RM0108,Health Insurance,2024-06-19 00:00:00.000000,67313
RM0086,Credit Card,2023-11-22 00:00:00.000000,11641
RM0117,Credit Card,2026-07-18 00:00:00.000000,17176
RM0219,Gold Investment,2022-03-07 00:00:00.000000,60479
RM0245,Term Insurance,2026-04-16 00:00:00.000000,64324
RM0235,Current Account,2023-07-12 00:00:00.000000,78649
RM0161,Recurring Deposit,2020-12-22 00:00:00.000000,73692
RM0116,Credit Card,2019-11-11 00:00:00.000000,63869
RM0120,Fixed Deposit,2022-10-27 00:00:00.000000,82672
RM0093,Saving Account,2019-09-14 00:00:00.000000,52793
RM0158,Loan Against Property,2026-07-07 10:32:43.374192,25108
RM0229,Saving Account,2021-07-28 00:00:00.000000,131735
RM0067,Mutual Funds,2024-09-15 10:32:43.374222,10919
RM0129,Gold Investment,2019-08-24 00:00:00.000000,32829
RM0244,Current Account,2019-09-05 00:00:00.000000,75257
RM0118,Saving Account,2023-05-10 00:00:00.000000,37857
RM0088,Life Insurance,2025-04-13 10:32:43.374262,11257
RM0095,Fixed Deposit,2021-07-25 00:00:00.000000,13412
RM0057,Current Account,2023-11-25 00:00:00.000000,62296
RM0211,Health Insurance,2025-12-31 00:00:00.000000,177427
RM0066,Term Insurance,2024-03-14 00:00:00.000000,50132
RM0209,Current Account,2026-02-19 00:00:00.000000,45337
RM0091,Health Insurance,2019-07-29 00:00:00.000000,29160
RM0160,Gold Investment,2019-12-20 00:00:00.000000,24832
RM0009,Term Insurance,2020-12-04 00:00:00.000000,11060
RM0094,Credit Card,2025-03-08 00:00:00.000000,25938
RM0134,Current Account,2022-06-06 00:00:00.000000,39811
RM0049,Credit Card,2019-11-20 00:00:00.000000,21029
RM0094,Term Insurance,2021-08-16 00:00:00.000000,14570
RM0053,Fixed Deposit,2023-10-22 00:00:00.000000,73244
RM0003,Fixed Deposit,2019-12-26 00:00:00.000000,122509
RM0215,Term Insurance,2020-08-02 00:00:00.000000,148050
RM0238,Fixed Deposit,2022-03-26 00:00:00.000000,58116
RM0129,ULIP,2024-10-18 00:00:00.000000,12710
RM0113,ULIP,2021-02-13 00:00:00.000000,77519
RM0103,Mutual Funds,2023-09-02 00:00:00.000000,15832
RM0125,Health Insurance,2022-06-27 00:00:00.000000,65394
RM0227,Fixed Deposit,2021-03-30 00:00:00.000000,85562
RM0116,Current Account,2026-06-19 00:00:00.000000,74706
RM0181,Current Account,2025-07-07 00:00:00.000000,161706
RM0004,Health Insurance,2023-07-03 00:00:00.000000,76998
RM0001,ULIP,2023-04-10 00:00:00.000000,69079
RM0031,Health Insurance,2023-08-22 00:00:00.000000,25173
RM0060,Recurring Deposit,2020-08-08 00:00:00.000000,139359
RM0118,Recurring Deposit,2020-07-20 00:00:00.000000,19894
RM0059,Credit Card,2024-05-27 00:00:00.000000,127639
RM0176,Credit Card,2026-02-16 00:00:00.000000,28746
RM0201,Health Insurance,2019-02-28 00:00:00.000000,16972
RM0186,Loan Against Property,2025-08-26 00:00:00.000000,97631
RM0227,Credit Card,2019-07-19 00:00:00.000000,35067
RM0173,Term Insurance,2025-03-12 00:00:00.000000,10124
RM0102,Gold Investment,2019-01-09 00:00:00.000000,99215
RM0072,Life Insurance,2023-01-08 00:00:00.000000,25211
RM0059,Health Insurance,2026-03-19 10:32:43.374313,118020
RM0237,Recurring Deposit,2024-12-27 10:32:43.374343,68798
RM0203,Loan Against Property,2025-03-12 00:00:00.000000,64858
RM0159,Recurring Deposit,2026-04-09 00:00:00.000000,32731
RM0150,Recurring Deposit,2026-03-10 00:00:00.000000,13062
RM0198,Health Insurance,2024-11-13 10:32:43.374375,98619
RM0227,Life Insurance,2023-02-09 00:00:00.000000,19370
RM0191,Recurring Deposit,2023-05-10 00:00:00.000000,33281
RM0066,Fixed Deposit,2021-04-12 00:00:00.000000,55858
RM0164,Life Insurance,2021-10-29 00:00:00.000000,42913
RM0191,Current Account,2024-01-04 00:00:00.000000,21073
RM0172,Mutual Funds,2021-08-27 00:00:00.000000,17576
RM0191,Gold Investment,2023-10-18 00:00:00.000000,16576
RM0087,Gold Investment,2020-01-02 00:00:00.000000,109391
RM0212,Gold Investment,2023-05-05 00:00:00.000000,11603
RM0147,Current Account,2021-12-28 00:00:00.000000,198644
RM0180,Saving Account,2026-01-28 00:00:00.000000,21065
RM0197,Credit Card,2023-09-03 00:00:00.000000,15844
RM0030,Term Insurance,2021-12-31 00:00:00.000000,53015
RM0129,Fixed Deposit,2022-07-26 00:00:00.000000,14168
RM0021,Current Account,2025-04-16 00:00:00.000000,56122
RM0218,Credit Card,2021-11-04 00:00:00.000000,105065
RM0051,Loan Against Property,2026-02-19 00:00:00.000000,746172
RM0161,Current Account,2026-04-05 00:00:00.000000,12454
RM0201,ULIP,2019-09-06 00:00:00.000000,90439
RM0040,Health Insurance,2022-05-21 00:00:00.000000,35083
RM0037,Current Account,2026-05-20 00:00:00.000000,18687
RM0223,Credit Card,2019-11-17 00:00:00.000000,19685
RM0039,Mutual Funds,2019-10-05 00:00:00.000000,135520
RM0105,Recurring Deposit,2024-02-04 00:00:00.000000,15860
RM0239,Loan Against Property,2020-04-10 00:00:00.000000,110788
RM0245,Credit Card,2026-05-25 10:32:43.374414,49289
RM0221,Current Account,2020-07-24 00:00:00.000000,11991
RM0090,Recurring Deposit,2019-05-03 00:00:00.000000,41225
RM0070,Current Account,2021-10-03 00:00:00.000000,95036
RM0073,Life Insurance,2023-04-02 00:00:00.000000,74768
RM0205,Current Account,2026-07-27 00:00:00.000000,43547
RM0235,Gold Investment,2024-10-21 00:00:00.000000,108323
RM0001,Health Insurance,2019-04-16 00:00:00.000000,16412
RM0237,Mutual Funds,2021-12-22 00:00:00.000000,130364
RM0240,Life Insurance,2019-05-17 00:00:00.000000,103683
RM0043,Term Insurance,2022-03-05 00:00:00.000000,71597
RM0192,Mutual Funds,2021-05-02 00:00:00.000000,95156
RM0221,Loan Against Property,2023-11-10 00:00:00.000000,49242
RM0115,Recurring Deposit,2019-04-28 00:00:00.000000,66221
RM0171,Term Insurance,2019-03-31 00:00:00.000000,51117
RM0123,ULIP,2021-03-11 00:00:00.000000,31958
RM0239,Fixed Deposit,2023-04-24 00:00:00.000000,52066
RM0151,Loan Against Property,2023-03-29 00:00:00.000000,24884
RM0071,Mutual Funds,2019-03-17 00:00:00.000000,39015
RM0222,Loan Against Property,2020-03-20 00:00:00.000000,26479
RM0007,Fixed Deposit,2025-11-08 00:00:00.000000,16556
RM0239,Saving Account,2024-07-09 00:00:00.000000,29420
RM0106,Loan Against Property,2024-04-02 00:00:00.000000,105522
RM0017,Gold Investment,2025-11-07 00:00:00.000000,63236
RM0180,Term Insurance,2023-05-30 00:00:00.000000,33989
RM0099,Gold Investment,2020-06-21 00:00:00.000000,78917
RM0167,Credit Card,2026-02-25 00:00:00.000000,19630
RM0002,Life Insurance,2019-06-24 00:00:00.000000,37618
RM0185,Mutual Funds,2020-02-08 00:00:00.000000,16100
RM0161,ULIP,2025-03-02 00:00:00.000000,17461
RM0079,ULIP,2026-03-23 10:32:43.374455,73800
RM0042,Saving Account,2025-05-18 00:00:00.000000,58043
RM0228,ULIP,2022-10-29 00:00:00.000000,56758
RM0213,Recurring Deposit,2025-08-15 00:00:00.000000,21999
RM0111,ULIP,2023-11-15 00:00:00.000000,42162
RM0186,ULIP,2023-05-30 00:00:00.000000,109500
RM0200,Saving Account,2023-12-22 00:00:00.000000,19570
RM0075,ULIP,2020-01-26 00:00:00.000000,10969
RM0222,ULIP,2021-04-15 00:00:00.000000,62776
RM0239,Saving Account,2020-01-04 00:00:00.000000,12749
RM0134,ULIP,2020-09-02 00:00:00.000000,205451
RM0071,Current Account,2025-03-10 00:00:00.000000,57031
RM0204,Loan Against Property,2022-02-26 00:00:00.000000,41781
RM0046,Recurring Deposit,2019-08-06 00:00:00.000000,38105
RM0138,Mutual Funds,2022-07-25 00:00:00.000000,52556
RM0211,Saving Account,2022-09-03 00:00:00.000000,14749
RM0038,Fixed Deposit,2021-12-09 00:00:00.000000,142976
RM0072,Fixed Deposit,2021-05-11 00:00:00.000000,59127
RM0036,ULIP,2021-09-29 00:00:00.000000,20165
RM0095,Recurring Deposit,2020-08-08 00:00:00.000000,51343
RM0218,Recurring Deposit,2019-12-09 00:00:00.000000,17150
RM0173,Life Insurance,2022-10-20 00:00:00.000000,10885
RM0208,Fixed Deposit,2019-02-28 00:00:00.000000,59782
RM0199,Credit Card,2022-03-25 00:00:00.000000,62274
RM0053,Fixed Deposit,2025-05-14 00:00:00.000000,53817
RM0002,Term Insurance,2019-12-23 00:00:00.000000,20135
RM0135,Saving Account,2021-09-04 00:00:00.000000,56245
RM0079,Loan Against Property,2022-10-07 00:00:00.000000,12908
RM0179,Recurring Deposit,2021-07-30 00:00:00.000000,56982
RM0227,Credit Card,2020-06-20 00:00:00.000000,50373
RM0171,Credit Card,2019-01-19 00:00:00.000000,63247
RM0224,Recurring Deposit,2019-11-12 00:00:00.000000,88208
RM0165,Health Insurance,2022-12-27 00:00:00.000000,122916
RM0169,ULIP,2026-07-06 00:00:00.000000,104975
RM0190,Recurring Deposit,2025-04-21 10:32:43.374498,207263
RM0036,ULIP,2020-06-30 00:00:00.000000,196989
RM0135,Life Insurance,2021-08-20 00:00:00.000000,83990
RM0145,Saving Account,2021-04-01 00:00:00.000000,166657
RM0145,Fixed Deposit,2023-09-12 00:00:00.000000,110977
RM0018,Health Insurance,2019-02-21 00:00:00.000000,75020
RM0004,Term Insurance,2019-03-17 00:00:00.000000,13918
RM0093,Saving Account,2023-05-01 00:00:00.000000,12514
RM0075,Current Account,2022-09-01 00:00:00.000000,100884
RM0023,ULIP,2021-08-07 00:00:00.000000,43633
RM0181,Saving Account,2019-11-09 00:00:00.000000,94263
RM0175,Fixed Deposit,2026-06-27 00:00:00.000000,28765
RM0045,Life Insurance,2025-07-28 10:32:43.374532,35345
RM0204,Mutual Funds,2022-05-01 00:00:00.000000,70229
RM0197,Current Account,2022-05-31 00:00:00.000000,133447
RM0034,Current Account,2019-01-24 00:00:00.000000,14592
RM0246,Life Insurance,2021-02-05 00:00:00.000000,108836
RM0002,Current Account,2023-03-04 00:00:00.000000,88754
RM0110,Credit Card,2023-01-28 00:00:00.000000,28956
RM0202,Term Insurance,2023-12-11 00:00:00.000000,31942
RM0055,Health Insurance,2024-01-13 00:00:00.000000,12378
RM0033,Health Insurance,2022-10-06 00:00:00.000000,10793
RM0129,Saving Account,2022-10-25 00:00:00.000000,42409
RM0102,Recurring Deposit,2024-10-03 00:00:00.000000,15020
RM0142,Health Insurance,2025-11-26 10:32:43.374566,20783
RM0069,Loan Against Property,2023-05-27 00:00:00.000000,103789
RM0175,Health Insurance,2024-07-01 00:00:00.000000,52318
RM0247,Life Insurance,2022-01-16 00:00:00.000000,60205
RM0099,Loan Against Property,2020-01-13 00:00:00.000000,20380
RM0039,Loan Against Property,2021-10-18 00:00:00.000000,98205
RM0250,Credit Card,2023-12-21 00:00:00.000000,111240
RM0188,Recurring Deposit,2020-10-31 00:00:00.000000,47046
RM0135,Health Insurance,2019-01-26 00:00:00.000000,131838
RM0137,Recurring Deposit,2023-03-20 00:00:00.000000,103161
RM0245,Term Insurance,2019-09-10 00:00:00.000000,75712
RM0010,Credit Card,2024-02-09 00:00:00.000000,76227
RM0113,Fixed Deposit,2026-01-17 10:32:43.374600,15568
RM0189,Life Insurance,2021-05-14 00:00:00.000000,25792
RM0003,Mutual Funds,2024-04-22 00:00:00.000000,13459
RM0184,Recurring Deposit,2021-12-21 00:00:00.000000,10435
RM0150,Gold Investment,2019-07-29 00:00:00.000000,49085
RM0137,ULIP,2020-01-22 00:00:00.000000,18617
RM0250,Credit Card,2024-06-30 00:00:00.000000,116216
RM0001,Loan Against Property,2023-05-04 00:00:00.000000,23713
RM0078,Fixed Deposit,2024-09-13 00:00:00.000000,185585
RM0225,ULIP,2023-11-19 00:00:00.000000,55477
RM0037,Current Account,2023-04-10 00:00:00.000000,23541
RM0203,Loan Against Property,2026-05-09 00:00:00.000000,44371
RM0060,Mutual Funds,2026-06-21 00:00:00.000000,22365
RM0208,Current Account,2021-09-06 00:00:00.000000,216675
RM0059,Loan Against Property,2025-02-21 00:00:00.000000,103952
RM0092,Credit Card,2026-05-17 00:00:00.000000,11329
RM0182,Gold Investment,2019-06-27 00:00:00.000000,157610
RM0145,Gold Investment,2023-06-28 00:00:00.000000,73838
RM0152,Fixed Deposit,2026-01-24 00:00:00.000000,14298
RM0139,Loan Against Property,2025-08-11 10:32:43.374637,65529
RM0126,Mutual Funds,2022-07-21 00:00:00.000000,62053
RM0125,Health Insurance,2022-09-01 00:00:00.000000,22345
RM0034,Term Insurance,2020-10-18 00:00:00.000000,81033
RM0075,Term Insurance,2024-04-30 00:00:00.000000,14554
RM0028,Term Insurance,2020-10-05 00:00:00.000000,43612
RM0136,Credit Card,2021-02-14 00:00:00.000000,10498
RM0076,Health Insurance,2022-10-01 00:00:00.000000,183266
RM0050,Gold Investment,2020-07-09 00:00:00.000000,79628
RM0158,ULIP,2019-12-02 00:00:00.000000,18649
RM0172,Term Insurance,2024-06-19 00:00:00.000000,30902
RM0135,Loan Against Property,2020-10-13 00:00:00.000000,18751
RM0083,Fixed Deposit,2021-11-02 00:00:00.000000,82753
RM0056,Recurring Deposit,2021-04-15 00:00:00.000000,13035
RM0212,Current Account,2021-09-09 00:00:00.000000,101756
RM0007,Term Insurance,2024-01-11 00:00:00.000000,152535
RM0037,Term Insurance,2024-09-19 00:00:00.000000,66447
RM0047,Recurring Deposit,2021-08-04 00:00:00.000000,21974
RM0028,Fixed Deposit,2024-02-17 00:00:00.000000,32321
RM0115,ULIP,2025-04-24 00:00:00.000000,42431
RM0136,Fixed Deposit,2026-03-06 00:00:00.000000,56396
RM0155,Life Insurance,2022-08-23 00:00:00.000000,65230
RM0096,Fixed Deposit,2022-01-01 00:00:00.000000,50395
RM0141,Health Insurance,2022-11-03 00:00:00.000000,31640
RM0061,Term Insurance,2022-10-07 00:00:00.000000,120782
RM0235,Fixed Deposit,2026-01-25 10:32:43.374675,14244
RM0009,Term Insurance,2019-11-10 00:00:00.000000,41391
RM0242,Life Insurance,2019-04-27 00:00:00.000000,84708
RM0175,Loan Against Property,2026-01-04 00:00:00.000000,13140
RM0191,Health Insurance,2020-09-02 00:00:00.000000,71095
RM0119,Loan Against Property,2025-11-20 00:00:00.000000,95659
RM0182,Gold Investment,2026-04-04 00:00:00.000000,64062
RM0100,Life Insurance,2024-01-07 00:00:00.000000,10651
RM0024,Fixed Deposit,2022-11-07 00:00:00.000000,19930
RM0062,ULIP,2026-04-13 00:00:00.000000,30936
RM0245,Saving Account,2025-10-06 00:00:00.000000,23308
RM0229,Gold Investment,2021-05-28 00:00:00.000000,174373
RM0029,Health Insurance,2026-06-30 00:00:00.000000,62719
RM0160,Loan Against Property,2023-01-04 00:00:00.000000,27617
RM0239,Gold Investment,2023-06-24 00:00:00.000000,142747
RM0128,Gold Investment,2021-07-27 00:00:00.000000,77468
RM0060,Mutual Funds,2021-03-28 00:00:00.000000,26746
RM0201,Term Insurance,2020-02-14 00:00:00.000000,33811
RM0144,ULIP,2019-03-14 00:00:00.000000,21121
RM0094,ULIP,2026-01-14 00:00:00.000000,187150
RM0073,Life Insurance,2024-10-08 00:00:00.000000,46417
RM0108,Loan Against Property,2024-07-09 00:00:00.000000,123195
RM0090,Credit Card,2019-07-19 00:00:00.000000,31270
RM0093,Term Insurance,2019-03-20 00:00:00.000000,108607
RM0212,Saving Account,2023-04-02 00:00:00.000000,12769
RM0051,Loan Against Property,2022-01-23 00:00:00.000000,211120
RM0155,Health Insurance,2026-03-30 00:00:00.000000,131540
RM0198,Gold Investment,2025-04-30 10:32:43.374716,32565
RM0003,Fixed Deposit,2019-06-16 00:00:00.000000,84521
RM0075,ULIP,2024-12-18 00:00:00.000000,79768
RM0218,Term Insurance,2021-07-08 00:00:00.000000,125760
RM0146,Mutual Funds,2023-05-01 00:00:00.000000,28354
RM0153,Current Account,2019-07-18 00:00:00.000000,41323
RM0071,Fixed Deposit,2021-09-04 00:00:00.000000,110123
RM0082,Credit Card,2019-10-07 00:00:00.000000,85384
RM0055,Current Account,2019-04-20 00:00:00.000000,34999
RM0226,Recurring Deposit,2022-06-13 00:00:00.000000,103451
RM0148,Term Insurance,2019-09-09 00:00:00.000000,12404
RM0107,Gold Investment,2019-05-27 00:00:00.000000,86173
RM0145,Health Insurance,2021-01-13 00:00:00.000000,21581
RM0149,ULIP,2022-05-08 00:00:00.000000,26852
RM0018,Saving Account,2019-07-09 00:00:00.000000,15971
RM0238,Current Account,2020-10-19 00:00:00.000000,43983
RM0112,Health Insurance,2021-08-08 00:00:00.000000,39867
RM0195,Mutual Funds,2022-08-24 00:00:00.000000,46757
RM0111,Gold Investment,2019-05-15 00:00:00.000000,49348
RM0250,Recurring Deposit,2024-04-17 00:00:00.000000,30138
RM0113,Saving Account,2024-04-09 00:00:00.000000,19632
RM0116,Life Insurance,2024-08-11 00:00:00.000000,83154
RM0234,Loan Against Property,2023-10-03 00:00:00.000000,35539
RM0142,Life Insurance,2020-03-05 00:00:00.000000,45244
RM0172,Credit Card,2022-10-20 00:00:00.000000,61739
RM0092,Saving Account,2024-09-11 00:00:00.000000,130196
RM0048,Mutual Funds,2019-06-06 00:00:00.000000,71473
RM0069,Fixed Deposit,2021-04-16 00:00:00.000000,12326
RM0209,Term Insurance,2026-06-11 10:32:43.374756,101181
RM0210,Mutual Funds,2019-04-18 00:00:00.000000,237133
RM0232,ULIP,2024-01-24 00:00:00.000000,41978
RM0204,Fixed Deposit,2023-03-12 00:00:00.000000,184649
RM0041,Credit Card,2023-12-11 00:00:00.000000,49629
RM0167,Life Insurance,2019-03-27 00:00:00.000000,40773
RM0183,Loan Against Property,2021-12-27 00:00:00.000000,30128
RM0234,Term Insurance,2023-12-02 00:00:00.000000,63582
RM0043,Recurring Deposit,2019-09-22 00:00:00.000000,88888888
RM0089,Term Insurance,2019-08-04 00:00:00.000000,23056
RM0068,Life Insurance,2025-09-15 00:00:00.000000,15542
RM0151,Current Account,2021-03-27 00:00:00.000000,11380
RM0182,Health Insurance,2023-02-18 00:00:00.000000,27292
RM0039,Recurring Deposit,2023-02-24 00:00:00.000000,35190
RM0024,Current Account,2021-10-02 00:00:00.000000,50156
RM0197,ULIP,2019-03-11 00:00:00.000000,27318
RM0046,Fixed Deposit,2020-12-14 00:00:00.000000,216944
RM0040,Recurring Deposit,2023-10-18 00:00:00.000000,27247
RM0142,Term Insurance,2024-10-01 00:00:00.000000,39078
RM0052,Recurring Deposit,2022-03-21 00:00:00.000000,15450
RM0140,Term Insurance,2022-12-05 00:00:00.000000,25097
RM0047,Fixed Deposit,2021-01-03 00:00:00.000000,12476
RM0005,Mutual Funds,2019-12-23 00:00:00.000000,50993
RM0104,Health Insurance,2019-05-26 00:00:00.000000,79528
RM0014,Loan Against Property,2020-02-25 00:00:00.000000,20889
RM0177,Gold Investment,2025-11-25 00:00:00.000000,32936
RM0046,Mutual Funds,2020-01-16 00:00:00.000000,10837
RM0135,Term Insurance,2021-04-21 00:00:00.000000,101479
RM0146,ULIP,2025-06-09 10:32:43.374797,85698
RM0072,Term Insurance,2022-04-13 00:00:00.000000,13267
RM0134,Loan Against Property,2020-03-01 00:00:00.000000,32696
RM0191,Gold Investment,2021-08-10 00:00:00.000000,165374
RM0041,Life Insurance,2020-09-21 00:00:00.000000,34881
RM0176,Gold Investment,2025-11-20 00:00:00.000000,47349
RM0001,Mutual Funds,2020-11-12 00:00:00.000000,31944
RM0125,Health Insurance,2022-11-22 00:00:00.000000,55333
RM0222,Fixed Deposit,2025-11-27 00:00:00.000000,201193
RM0089,Gold Investment,2026-04-08 10:32:43.374830,309623
RM0079,ULIP,2025-05-01 00:00:00.000000,84519
RM0035,Saving Account,2025-10-11 10:32:43.374860,35901
RM0067,ULIP,2020-06-24 00:00:00.000000,44103
RM0059,Life Insurance,2026-07-13 00:00:00.000000,32059
RM0164,Recurring Deposit,2020-12-15 00:00:00.000000,221938
RM0060,Saving Account,2019-10-28 00:00:00.000000,71509
RM0089,Recurring Deposit,2025-05-23 10:32:43.374891,39794
RM0164,Fixed Deposit,2024-04-26 00:00:00.000000,10609
RM0080,Life Insurance,2025-04-09 00:00:00.000000,46748
RM0165,Credit Card,2021-04-20 00:00:00.000000,216534
RM0025,Health Insurance,2019-07-05 00:00:00.000000,47018
RM0221,Gold Investment,2023-09-28 00:00:00.000000,20070
RM0220,Mutual Funds,2023-06-13 00:00:00.000000,11117
RM0115,Life Insurance,2024-09-13 00:00:00.000000,31902
RM0220,Current Account,2023-04-12 00:00:00.000000,88888888
RM0164,Recurring Deposit,2019-05-22 00:00:00.000000,135191
RM0121,Current Account,2022-12-03 00:00:00.000000,293528
RM0129,Current Account,2021-10-26 00:00:00.000000,155356
RM0130,ULIP,2021-02-13 00:00:00.000000,75359
RM0146,Recurring Deposit,2022-11-19 00:00:00.000000,50838
RM0079,Current Account,2023-09-03 00:00:00.000000,54663
RM0035,Term Insurance,2020-07-03 00:00:00.000000,48716
RM0101,Health Insurance,2024-07-06 00:00:00.000000,71387
RM0058,Fixed Deposit,2023-08-01 00:00:00.000000,37139
RM0149,Life Insurance,2020-09-27 00:00:00.000000,65312
RM0180,Life Insurance,2025-02-11 00:00:00.000000,16483
RM0091,Credit Card,2023-05-14 00:00:00.000000,25441
RM0112,Current Account,2024-01-24 00:00:00.000000,29096
RM0010,Saving Account,2021-07-20 00:00:00.000000,100395
RM0096,Credit Card,2022-01-01 00:00:00.000000,127039
RM0151,Credit Card,2026-04-01 00:00:00.000000,48718
RM0243,Credit Card,2020-07-18 00:00:00.000000,11607
RM0183,ULIP,2023-12-19 00:00:00.000000,140846
RM0227,Term Insurance,2023-07-26 00:00:00.000000,70543
RM0020,Current Account,2021-04-29 00:00:00.000000,36724
RM0051,ULIP,2021-11-28 00:00:00.000000,55612
RM0108,Mutual Funds,2022-07-10 00:00:00.000000,38086
RM0137,Gold Investment,2025-07-22 00:00:00.000000,41306
RM0168,Current Account,2024-09-12 00:00:00.000000,88888888
RM0031,Fixed Deposit,2023-06-26 00:00:00.000000,118934
RM0006,Recurring Deposit,2021-03-28 00:00:00.000000,18782
RM0234,Loan Against Property,2023-06-04 00:00:00.000000,15472
RM0047,Fixed Deposit,2023-09-07 00:00:00.000000,10136
RM0096,Gold Investment,2024-07-12 00:00:00.000000,28843
RM0135,Recurring Deposit,2019-01-31 00:00:00.000000,17974
RM0121,ULIP,2025-09-21 00:00:00.000000,22422
RM0140,Health Insurance,2025-05-24 00:00:00.000000,10565
RM0217,Gold Investment,2021-06-17 00:00:00.000000,22886
RM0013,Recurring Deposit,2019-02-16 00:00:00.000000,30226
RM0074,Life Insurance,2020-02-20 00:00:00.000000,11603
RM0231,Saving Account,2019-10-07 00:00:00.000000,56812
RM0076,Life Insurance,2026-02-17 00:00:00.000000,52059
RM0040,Fixed Deposit,2019-04-19 00:00:00.000000,15103
RM0074,Term Insurance,2021-08-24 00:00:00.000000,55194
RM0037,Health Insurance,2019-03-26 00:00:00.000000,340527
RM0141,Recurring Deposit,2022-05-29 00:00:00.000000,154540
RM0058,Recurring Deposit,2019-10-04 00:00:00.000000,10133
RM0166,Recurring Deposit,2025-02-24 00:00:00.000000,89329
RM0221,Term Insurance,2020-06-30 00:00:00.000000,31817
RM0156,ULIP,2020-06-28 00:00:00.000000,13288
RM0169,Loan Against Property,2026-05-30 00:00:00.000000,27547
RM0148,Term Insurance,2019-03-12 00:00:00.000000,29410
RM0033,Credit Card,2021-11-28 00:00:00.000000,47037
RM0033,Health Insurance,2023-02-28 00:00:00.000000,64100
RM0129,ULIP,2026-06-01 00:00:00.000000,79126
RM0146,Current Account,2022-05-31 00:00:00.000000,24111
RM0148,Term Insurance,2025-12-22 00:00:00.000000,29413
RM0123,Recurring Deposit,2023-08-10 00:00:00.000000,28436
RM0129,Life Insurance,2022-07-03 00:00:00.000000,32528
RM0125,Life Insurance,2025-04-27 00:00:00.000000,408788
RM0179,Loan Against Property,2019-02-11 00:00:00.000000,85241
RM0226,ULIP,2021-10-13 00:00:00.000000,194424
RM0208,Credit Card,2023-04-06 00:00:00.000000,69063
RM0227,Mutual Funds,2026-01-12 00:00:00.000000,36066
RM0037,Gold Investment,2019-02-06 00:00:00.000000,34693
RM0139,Term Insurance,2025-12-22 00:00:00.000000,43528
RM0124,Health Insurance,2025-11-22 00:00:00.000000,36967
RM0154,Recurring Deposit,2025-05-28 10:32:43.374949,98107
RM0223,Saving Account,2022-07-11 00:00:00.000000,41274
RM0160,Current Account,2025-04-25 00:00:00.000000,27521
RM0184,Term Insurance,2021-12-13 00:00:00.000000,84551
RM0072,Life Insurance,2022-03-22 00:00:00.000000,106351
RM0060,Health Insurance,2025-11-07 00:00:00.000000,37273
RM0167,Health Insurance,2024-09-14 10:32:43.374981,65102
RM0239,ULIP,2019-05-19 00:00:00.000000,13030
RM0139,Health Insurance,2022-09-01 00:00:00.000000,47694
RM0001,Term Insurance,2024-10-23 00:00:00.000000,12301
RM0194,Life Insurance,2025-05-20 00:00:00.000000,11481
RM0043,Mutual Funds,2026-02-08 00:00:00.000000,57456
RM0240,Credit Card,2022-04-01 00:00:00.000000,28072
RM0201,Term Insurance,2026-06-14 10:32:43.375021,77843
RM0158,ULIP,2026-05-19 00:00:00.000000,123207
RM0239,ULIP,2019-01-15 00:00:00.000000,17505
RM0186,Mutual Funds,2022-03-28 00:00:00.000000,74462
RM0048,Mutual Funds,2025-01-22 00:00:00.000000,46130
RM0089,Term Insurance,2022-11-09 00:00:00.000000,15945
RM0182,Credit Card,2025-08-26 00:00:00.000000,62719
RM0201,Term Insurance,2023-09-11 00:00:00.000000,57012
RM0127,Recurring Deposit,2020-04-29 00:00:00.000000,46246
RM0135,Mutual Funds,2019-02-07 00:00:00.000000,140503
RM0147,Recurring Deposit,2025-05-28 00:00:00.000000,46811
RM0171,Current Account,2025-06-05 10:32:43.375057,242902
RM0039,Term Insurance,2026-08-05 00:00:00.000000,45588
RM0049,Recurring Deposit,2021-07-11 00:00:00.000000,16156
RM0136,Health Insurance,2023-11-21 00:00:00.000000,41788
RM0220,Life Insurance,2023-10-22 00:00:00.000000,20064
RM0223,Saving Account,2026-05-24 00:00:00.000000,55457
RM0228,Gold Investment,2024-08-04 00:00:00.000000,69066
RM0048,Credit Card,2025-08-17 00:00:00.000000,41596
RM0138,Health Insurance,2023-02-22 00:00:00.000000,88888888
RM0197,Health Insurance,2026-05-11 00:00:00.000000,15140
RM0165,Health Insurance,2024-05-16 00:00:00.000000,41615
RM0041,Term Insurance,2025-12-07 00:00:00.000000,14248
RM0008,ULIP,2019-02-21 00:00:00.000000,67305
RM0198,Loan Against Property,2023-12-06 00:00:00.000000,88120
RM0025,Term Insurance,2024-11-16 00:00:00.000000,174011
RM0002,Gold Investment,2021-12-28 00:00:00.000000,18055
RM0014,Loan Against Property,2024-05-19 00:00:00.000000,48009
RM0140,Fixed Deposit,2025-12-21 00:00:00.000000,143316
RM0209,Loan Against Property,2024-12-01 00:00:00.000000,51912
RM0222,Gold Investment,2020-12-13 00:00:00.000000,137858
RM0198,Credit Card,2025-03-05 00:00:00.000000,59345
RM0195,ULIP,2022-04-10 00:00:00.000000,17862
RM0154,Credit Card,2023-06-15 00:00:00.000000,16764
RM0184,Current Account,2021-04-13 00:00:00.000000,38666
RM0216,Gold Investment,2021-07-05 00:00:00.000000,63176
RM0052,Loan Against Property,2019-12-26 00:00:00.000000,70246
RM0058,Gold Investment,2020-08-26 00:00:00.000000,109415
RM0250,Gold Investment,2023-02-28 00:00:00.000000,19953
RM0224,Gold Investment,2020-01-27 00:00:00.000000,161353
RM0167,Life Insurance,2020-11-01 00:00:00.000000,13048
RM0248,Current Account,2020-01-17 00:00:00.000000,216020
RM0016,Term Insurance,2024-08-09 00:00:00.000000,107514
RM0069,ULIP,2023-04-09 00:00:00.000000,63980
RM0121,Current Account,2023-08-18 00:00:00.000000,76400
RM0090,Mutual Funds,2022-01-18 00:00:00.000000,13773
RM0217,Health Insurance,2023-03-10 00:00:00.000000,12118
RM0195,Saving Account,2022-04-21 00:00:00.000000,15366
RM0207,Saving Account,2022-10-11 00:00:00.000000,14570
RM0055,Loan Against Property,2022-10-04 00:00:00.000000,49635
RM0128,Term Insurance,2020-05-29 00:00:00.000000,22131
RM0129,Gold Investment,2021-07-01 00:00:00.000000,108379
RM0248,Recurring Deposit,2024-06-30 00:00:00.000000,39506
RM0176,Health Insurance,2019-10-27 00:00:00.000000,69455
RM0184,ULIP,2025-10-27 00:00:00.000000,62903
RM0033,ULIP,2024-12-22 10:32:43.375103,46513
RM0196,Credit Card,2022-07-22 00:00:00.000000,29272
RM0070,Gold Investment,2023-04-04 00:00:00.000000,23930
RM0114,Current Account,2020-05-06 00:00:00.000000,30962
RM0219,Current Account,2021-12-15 00:00:00.000000,89643
RM0040,Mutual Funds,2025-01-16 00:00:00.000000,54127
RM0143,Loan Against Property,2020-12-04 00:00:00.000000,24620
RM0062,Mutual Funds,2021-06-19 00:00:00.000000,95145
RM0074,Life Insurance,2020-11-11 00:00:00.000000,12815
RM0062,Health Insurance,2022-10-18 00:00:00.000000,70062
RM0121,Health Insurance,2025-02-25 00:00:00.000000,38910
RM0201,ULIP,2021-09-12 00:00:00.000000,75706
RM0126,Loan Against Property,2025-12-05 00:00:00.000000,141181
RM0177,Gold Investment,2026-07-28 00:00:00.000000,79321
RM0173,Current Account,2025-12-09 10:32:43.375138,39166
RM0222,Mutual Funds,2021-06-09 00:00:00.000000,18183
RM0073,Current Account,2022-12-27 00:00:00.000000,92085
RM0213,Saving Account,2025-09-06 00:00:00.000000,9809
RM0080,Health Insurance,2019-02-19 00:00:00.000000,40874
RM0145,ULIP,2019-07-19 00:00:00.000000,13914
RM0212,Life Insurance,2022-05-02 00:00:00.000000,73479
RM0104,ULIP,2023-03-01 00:00:00.000000,27255
RM0014,Loan Against Property,2023-10-26 00:00:00.000000,12506
RM0088,Life Insurance,2019-08-20 00:00:00.000000,126524
RM0066,Saving Account,2026-06-04 00:00:00.000000,42995
RM0194,Life Insurance,2021-11-19 00:00:00.000000,88888888
RM0161,Health Insurance,2022-03-07 00:00:00.000000,26491
RM0224,Gold Investment,2020-01-13 00:00:00.000000,73007
RM0110,Fixed Deposit,2021-11-20 00:00:00.000000,118535
RM0113,Loan Against Property,2021-04-16 00:00:00.000000,10015
RM0088,Gold Investment,2022-10-18 00:00:00.000000,68213
RM0220,Life Insurance,2021-03-29 00:00:00.000000,82838
RM0077,Saving Account,2024-04-30 00:00:00.000000,21781
RM0248,Mutual Funds,2022-10-19 00:00:00.000000,43630
RM0162,ULIP,2019-07-31 00:00:00.000000,14676
RM0183,Gold Investment,2025-04-06 10:32:43.375176,78668
RM0082,Mutual Funds,2021-08-27 00:00:00.000000,104015
RM0222,ULIP,2023-12-27 00:00:00.000000,73140
RM0135,Health Insurance,2020-01-16 00:00:00.000000,15724
RM0187,Term Insurance,2022-08-23 00:00:00.000000,94766
RM0231,Saving Account,2019-10-10 00:00:00.000000,83826
RM0213,ULIP,2026-03-27 00:00:00.000000,31302
RM0065,Credit Card,2023-11-19 00:00:00.000000,68605
RM0050,Fixed Deposit,2025-12-18 00:00:00.000000,10002
RM0121,Saving Account,2024-05-16 00:00:00.000000,144263
RM0106,Credit Card,2021-10-17 00:00:00.000000,49967
RM0205,ULIP,2023-10-08 00:00:00.000000,58423
RM0052,Recurring Deposit,2024-03-18 00:00:00.000000,64630
RM0219,Mutual Funds,2020-09-28 00:00:00.000000,51204
RM0012,Fixed Deposit,2022-05-14 00:00:00.000000,107163
RM0077,Health Insurance,2025-09-29 00:00:00.000000,57042
RM0234,Gold Investment,2025-01-04 00:00:00.000000,129168
RM0042,Current Account,2020-12-02 00:00:00.000000,53653
RM0208,Mutual Funds,2021-08-05 00:00:00.000000,19384
RM0005,ULIP,2025-07-26 00:00:00.000000,132416
RM0187,Life Insurance,2021-07-09 00:00:00.000000,67226
RM0097,Term Insurance,2020-09-24 00:00:00.000000,70071
RM0022,Gold Investment,2019-02-18 00:00:00.000000,221617
RM0217,Health Insurance,2023-07-28 00:00:00.000000,13908
RM0182,Current Account,2025-01-30 10:32:43.375215,37982
RM0012,Fixed Deposit,2026-07-20 00:00:00.000000,23662
RM0014,Current Account,2022-05-19 00:00:00.000000,59770
RM0062,Health Insurance,2023-05-21 00:00:00.000000,92204
RM0074,Health Insurance,2019-06-19 00:00:00.000000,179528
RM0064,Term Insurance,2025-10-23 00:00:00.000000,40311
RM0090,Current Account,2022-01-28 00:00:00.000000,87139
RM0120,Credit Card,2021-07-20 00:00:00.000000,134476
RM0108,Saving Account,2024-02-06 00:00:00.000000,67494
RM0173,Loan Against Property,2021-08-02 00:00:00.000000,23901
RM0066,Credit Card,2020-11-14 00:00:00.000000,56806
RM0122,Credit Card,2024-11-20 00:00:00.000000,185248
RM0085,Recurring Deposit,2023-07-13 00:00:00.000000,229317
RM0129,Recurring Deposit,2026-02-28 00:00:00.000000,61411
RM0203,Fixed Deposit,2023-04-29 00:00:00.000000,119012
RM0219,Fixed Deposit,2020-11-11 00:00:00.000000,21179
RM0018,Loan Against Property,2025-10-07 00:00:00.000000,24123
RM0162,Current Account,2019-04-26 00:00:00.000000,162760
RM0031,Life Insurance,2024-03-17 00:00:00.000000,17264
RM0105,Credit Card,2019-08-21 00:00:00.000000,20604
RM0043,Fixed Deposit,2025-10-10 00:00:00.000000,37283
RM0121,Gold Investment,2023-03-27 00:00:00.000000,54529
RM0138,ULIP,2020-03-09 00:00:00.000000,56293
RM0051,Saving Account,2019-07-13 00:00:00.000000,27263
RM0215,Mutual Funds,2021-09-28 00:00:00.000000,136671
RM0089,ULIP,2020-08-30 00:00:00.000000,133314
RM0053,Term Insurance,2024-01-24 00:00:00.000000,34884
RM0028,Current Account,2019-03-25 00:00:00.000000,38483
RM0182,Life Insurance,2020-02-04 00:00:00.000000,70616
RM0174,Saving Account,2023-01-10 00:00:00.000000,64383
RM0225,Gold Investment,2024-12-10 00:00:00.000000,34087
RM0216,Mutual Funds,2022-04-05 00:00:00.000000,36742
RM0125,Loan Against Property,2021-03-25 00:00:00.000000,31388
RM0070,Loan Against Property,2021-02-21 00:00:00.000000,23419
RM0001,Loan Against Property,2024-10-31 00:00:00.000000,40637
RM0050,Fixed Deposit,2024-06-15 00:00:00.000000,67987
RM0029,Credit Card,2023-11-11 00:00:00.000000,77733
RM0008,Current Account,2025-12-01 00:00:00.000000,85451
RM0152,Term Insurance,2026-05-13 00:00:00.000000,33478
RM0125,Gold Investment,2019-01-04 00:00:00.000000,82331
RM0020,Life Insurance,2023-08-23 00:00:00.000000,10326
RM0247,Credit Card,2022-06-25 00:00:00.000000,42413
RM0029,Gold Investment,2020-11-20 00:00:00.000000,88970
RM0236,Term Insurance,2020-02-28 00:00:00.000000,59718
RM0176,Recurring Deposit,2021-06-20 00:00:00.000000,42128
RM0125,Recurring Deposit,2026-04-30 10:32:43.375271,61731
RM0008,Mutual Funds,2019-07-31 00:00:00.000000,128728
RM0175,Recurring Deposit,2019-01-07 00:00:00.000000,51779
RM0244,Fixed Deposit,2022-06-06 00:00:00.000000,90418
RM0111,Mutual Funds,2025-12-05 00:00:00.000000,207493
RM0245,Term Insurance,2024-12-23 00:00:00.000000,71135
RM0181,Mutual Funds,2021-10-28 00:00:00.000000,52586
RM0023,Fixed Deposit,2019-03-03 00:00:00.000000,11910
RM0133,Term Insurance,2024-05-07 00:00:00.000000,33458
RM0047,Saving Account,2020-12-11 00:00:00.000000,51671
RM0078,Health Insurance,2020-10-26 00:00:00.000000,89778
RM0057,Health Insurance,2025-11-03 00:00:00.000000,38821
RM0150,Health Insurance,2025-07-12 10:32:43.375315,171016
RM0180,Life Insurance,2021-12-13 00:00:00.000000,25858
RM0084,Recurring Deposit,2019-05-23 00:00:00.000000,78239
RM0198,Mutual Funds,2019-06-12 00:00:00.000000,37152
RM0220,Saving Account,2024-07-15 00:00:00.000000,43275
RM0222,Term Insurance,2021-05-15 00:00:00.000000,88888888
RM0167,Saving Account,2026-02-12 00:00:00.000000,91101
RM0018,Recurring Deposit,2021-10-12 00:00:00.000000,27564
RM0050,Gold Investment,2019-07-04 00:00:00.000000,15091
RM0182,Saving Account,2022-05-11 00:00:00.000000,46725
RM0244,Saving Account,2019-01-02 00:00:00.000000,47623
RM0236,Gold Investment,2022-10-07 00:00:00.000000,89768
RM0207,ULIP,2023-04-20 00:00:00.000000,182602
RM0223,Health Insurance,2020-01-02 00:00:00.000000,12844
RM0207,Fixed Deposit,2022-04-30 00:00:00.000000,54786
RM0135,Life Insurance,2019-08-29 00:00:00.000000,67171
RM0086,Gold Investment,2019-10-25 00:00:00.000000,222730
RM0079,Loan Against Property,2024-12-13 00:00:00.000000,424760
RM0136,Gold Investment,2020-01-11 00:00:00.000000,152877
RM0220,Health Insurance,2020-01-07 00:00:00.000000,72318
RM0197,Loan Against Property,2022-11-01 00:00:00.000000,46885
RM0048,Loan Against Property,2023-11-13 00:00:00.000000,18808
RM0203,Health Insurance,2021-09-13 00:00:00.000000,34239
RM0221,Credit Card,2020-01-06 00:00:00.000000,53988
RM0087,Mutual Funds,2022-03-03 00:00:00.000000,74585
RM0094,Mutual Funds,2023-06-27 00:00:00.000000,60447
RM0040,Loan Against Property,2025-09-01 00:00:00.000000,72609
RM0205,Health Insurance,2026-02-12 00:00:00.000000,38031
RM0018,Health Insurance,2025-11-13 00:00:00.000000,75029
RM0131,Current Account,2020-01-14 00:00:00.000000,17759
RM0156,Gold Investment,2025-11-06 00:00:00.000000,18871
RM0003,Credit Card,2025-08-02 10:32:43.375357,18886
RM0118,Current Account,2022-06-02 00:00:00.000000,120758
RM0024,Mutual Funds,2021-09-24 00:00:00.000000,13954
RM0072,Life Insurance,2024-07-23 00:00:00.000000,90850
RM0243,Life Insurance,2026-01-16 00:00:00.000000,50076
RM0067,Fixed Deposit,2020-01-20 00:00:00.000000,23300
RM0249,Term Insurance,2020-01-22 00:00:00.000000,41596
RM0180,Credit Card,2020-07-21 00:00:00.000000,133821
RM0194,Health Insurance,2023-08-12 00:00:00.000000,54086
RM0120,Health Insurance,2024-04-27 00:00:00.000000,21793
RM0095,Loan Against Property,2024-05-08 00:00:00.000000,26710
RM0233,Life Insurance,2024-09-11 00:00:00.000000,136566
RM0198,Life Insurance,2024-09-08 00:00:00.000000,37856
RM0231,Life Insurance,2024-08-11 00:00:00.000000,54213
RM0118,ULIP,2023-04-26 00:00:00.000000,40803
RM0214,Mutual Funds,2025-04-22 10:32:43.375393,33775
RM0241,Gold Investment,2023-05-30 00:00:00.000000,22633
RM0087,Fixed Deposit,2019-08-04 00:00:00.000000,67948
RM0059,Life Insurance,2025-05-22 00:00:00.000000,73335
RM0009,Health Insurance,2022-12-14 00:00:00.000000,26071
RM0191,Recurring Deposit,2025-11-03 10:32:43.375424,87797
RM0004,Gold Investment,2024-08-31 00:00:00.000000,106391
RM0242,Saving Account,2025-03-14 10:32:43.375455,136710
RM0219,Loan Against Property,2022-05-01 00:00:00.000000,18789
RM0057,Gold Investment,2025-02-27 10:32:43.375485,28114
RM0213,Current Account,2024-07-03 00:00:00.000000,108431
RM0013,Life Insurance,2020-12-24 00:00:00.000000,21066
RM0104,Mutual Funds,2020-06-08 00:00:00.000000,10173
RM0167,Life Insurance,2019-08-30 00:00:00.000000,112330
RM0023,Life Insurance,2019-12-10 00:00:00.000000,29759
RM0158,Recurring Deposit,2022-12-16 00:00:00.000000,36764
RM0234,Gold Investment,2020-05-12 00:00:00.000000,39559
RM0178,Recurring Deposit,2024-08-06 00:00:00.000000,104284
RM0219,Saving Account,2026-07-16 00:00:00.000000,30616
RM0149,Current Account,2019-12-25 00:00:00.000000,121410
RM0216,Recurring Deposit,2019-08-29 00:00:00.000000,57978
RM0126,Loan Against Property,2025-05-23 00:00:00.000000,47463
RM0232,Loan Against Property,2026-05-25 10:32:43.375519,29697
RM0064,Gold Investment,2020-04-09 00:00:00.000000,23966
RM0093,Health Insurance,2025-06-05 00:00:00.000000,58916
RM0157,Life Insurance,2022-08-20 00:00:00.000000,39610
RM0117,Loan Against Property,2025-09-27 00:00:00.000000,130684
RM0250,Mutual Funds,2022-04-29 00:00:00.000000,43828
RM0012,Health Insurance,2019-02-09 00:00:00.000000,45850
RM0211,Loan Against Property,2019-11-10 00:00:00.000000,36954
RM0038,Life Insurance,2023-10-25 00:00:00.000000,87857
RM0247,Term Insurance,2021-02-25 00:00:00.000000,37655
RM0155,Current Account,2023-07-08 00:00:00.000000,25690
RM0183,Mutual Funds,2022-02-04 00:00:00.000000,109036
RM0233,Term Insurance,2020-02-21 00:00:00.000000,55419
RM0136,Life Insurance,2019-09-28 00:00:00.000000,54764
RM0073,ULIP,2025-11-27 00:00:00.000000,57185
RM0183,Gold Investment,2020-09-07 00:00:00.000000,73441
RM0089,Saving Account,2020-09-05 00:00:00.000000,28775
RM0188,Loan Against Property,2022-06-09 00:00:00.000000,11721
RM0161,Life Insurance,2022-09-26 00:00:00.000000,93192
RM0118,Life Insurance,2022-12-06 00:00:00.000000,16900
RM0077,Gold Investment,2022-02-20 00:00:00.000000,73974
RM0066,Term Insurance,2026-03-07 00:00:00.000000,14295
RM0103,ULIP,2021-01-21 00:00:00.000000,33524
RM0073,Life Insurance,2021-12-31 00:00:00.000000,13254
RM0199,ULIP,2019-09-19 00:00:00.000000,46929
RM0105,Fixed Deposit,2024-04-23 00:00:00.000000,62941
RM0095,Health Insurance,2025-07-28 00:00:00.000000,19402
RM0100,Credit Card,2025-02-06 00:00:00.000000,33231
RM0022,Recurring Deposit,2025-08-05 00:00:00.000000,143134
RM0127,Recurring Deposit,2021-04-24 00:00:00.000000,39204
RM0236,Credit Card,2025-04-20 10:32:43.375560,91111
RM0049,Fixed Deposit,2024-11-12 10:32:43.375590,140991
RM0084,Saving Account,2026-07-20 00:00:00.000000,193152
RM0097,Loan Against Property,2019-09-16 00:00:00.000000,124297
RM0168,Credit Card,2021-02-02 00:00:00.000000,29092
RM0005,Fixed Deposit,2022-02-17 00:00:00.000000,174267
RM0025,Term Insurance,2020-03-11 00:00:00.000000,93670
RM0211,Saving Account,2023-07-14 00:00:00.000000,100754
RM0200,Health Insurance,2022-01-30 00:00:00.000000,10764
RM0250,Life Insurance,2024-05-03 00:00:00.000000,164216
RM0015,Fixed Deposit,2020-01-04 00:00:00.000000,85274
RM0215,ULIP,2023-12-06 00:00:00.000000,83043
RM0190,Loan Against Property,2021-09-13 00:00:00.000000,14252
RM0132,Gold Investment,2023-12-18 00:00:00.000000,23235
RM0200,Term Insurance,2022-03-12 00:00:00.000000,173853
RM0239,Saving Account,2026-03-30 00:00:00.000000,44725
RM0163,Loan Against Property,2022-08-29 00:00:00.000000,35363
RM0086,Health Insurance,2021-07-25 00:00:00.000000,101610
RM0247,Mutual Funds,2019-09-10 00:00:00.000000,14569
RM0173,Health Insurance,2023-05-30 00:00:00.000000,36973
RM0153,Recurring Deposit,2020-09-07 00:00:00.000000,33556
RM0019,Credit Card,2024-11-22 00:00:00.000000,31527
RM0104,Current Account,2019-08-08 00:00:00.000000,28386
RM0024,Fixed Deposit,2021-08-05 00:00:00.000000,21790
RM0072,Loan Against Property,2021-01-12 00:00:00.000000,19492
RM0199,Recurring Deposit,2019-03-04 00:00:00.000000,61138
RM0131,Saving Account,2022-12-25 00:00:00.000000,135909
RM0237,Credit Card,2019-05-25 00:00:00.000000,45550
RM0048,Life Insurance,2022-02-14 00:00:00.000000,28238
RM0007,Health Insurance,2023-11-12 00:00:00.000000,27689
RM0197,Mutual Funds,2024-04-29 00:00:00.000000,18667
RM0072,Loan Against Property,2024-01-10 00:00:00.000000,98640
RM0042,Gold Investment,2025-06-26 00:00:00.000000,187878
RM0079,Health Insurance,2019-09-28 00:00:00.000000,31474
RM0179,Current Account,2022-09-24 00:00:00.000000,27191
RM0082,Loan Against Property,2025-04-16 00:00:00.000000,56001
RM0157,Mutual Funds,2022-03-15 00:00:00.000000,84655
RM0148,Term Insurance,2022-08-11 00:00:00.000000,40385
RM0068,Saving Account,2025-01-16 00:00:00.000000,59722
RM0218,ULIP,2024-10-27 00:00:00.000000,73035
RM0217,Current Account,2024-06-29 00:00:00.000000,171689
RM0127,Fixed Deposit,2021-06-24 00:00:00.000000,19018
RM0077,Life Insurance,2021-07-24 00:00:00.000000,307276
RM0054,ULIP,2023-05-28 00:00:00.000000,34891
RM0048,Mutual Funds,2024-01-27 00:00:00.000000,74223
RM0205,ULIP,2020-10-24 00:00:00.000000,52480
RM0043,Health Insurance,2020-10-23 00:00:00.000000,43341
RM0030,Credit Card,2026-03-05 00:00:00.000000,69878
RM0054,Credit Card,2025-10-19 00:00:00.000000,39958
RM0215,Health Insurance,2019-07-14 00:00:00.000000,35188
RM0146,Health Insurance,2024-02-16 00:00:00.000000,16740
RM0111,Current Account,2026-06-24 00:00:00.000000,43558
RM0146,Gold Investment,2021-05-15 00:00:00.000000,46898
RM0048,Recurring Deposit,2026-07-28 10:32:43.375639,21276
RM0207,Mutual Funds,2025-05-25 00:00:00.000000,147147
RM0237,Health Insurance,2024-08-25 00:00:00.000000,22904
RM0167,Mutual Funds,2025-07-22 10:32:43.375670,36316
RM0005,Credit Card,2025-11-05 00:00:00.000000,18416
RM0007,Fixed Deposit,2021-05-04 00:00:00.000000,48371
RM0161,Credit Card,2021-09-20 00:00:00.000000,28382
RM0022,Fixed Deposit,2026-03-30 10:32:43.375701,43595
RM0082,Recurring Deposit,2025-02-09 00:00:00.000000,22719
RM0121,Credit Card,2019-05-17 00:00:00.000000,12763
RM0095,Health Insurance,2021-05-23 00:00:00.000000,85530
RM0077,ULIP,2024-04-04 00:00:00.000000,61233
RM0005,Current Account,2021-02-20 00:00:00.000000,30831
RM0236,Saving Account,2024-12-17 10:32:43.375732,12432
RM0040,Current Account,2021-07-12 00:00:00.000000,110337
RM0153,Fixed Deposit,2019-11-13 00:00:00.000000,19304
RM0139,Loan Against Property,2020-06-16 00:00:00.000000,143495
RM0028,Recurring Deposit,2023-01-26 00:00:00.000000,42561
RM0200,Recurring Deposit,2026-03-03 00:00:00.000000,88888888
RM0210,Life Insurance,2019-09-04 00:00:00.000000,30805
RM0245,Life Insurance,2025-04-03 00:00:00.000000,77693
RM0209,Term Insurance,2023-08-14 00:00:00.000000,114713
RM0130,Gold Investment,2020-08-22 00:00:00.000000,33158
RM0077,Mutual Funds,2023-10-09 00:00:00.000000,36157
RM0207,Recurring Deposit,2022-09-14 00:00:00.000000,38383
RM0145,Life Insurance,2023-10-31 00:00:00.000000,137759
RM0155,Mutual Funds,2021-09-13 00:00:00.000000,68974
RM0223,Health Insurance,2019-01-07 00:00:00.000000,24227
RM0039,Saving Account,2023-08-21 00:00:00.000000,10133
RM0250,Saving Account,2021-05-04 00:00:00.000000,20228
RM0127,Recurring Deposit,2022-04-19 00:00:00.000000,23092
RM0023,Mutual Funds,2021-03-28 00:00:00.000000,25296
RM0171,Current Account,2019-05-13 00:00:00.000000,23080
RM0072,Mutual Funds,2020-04-11 00:00:00.000000,63721
RM0093,ULIP,2020-02-25 00:00:00.000000,16161
RM0212,Life Insurance,2019-01-11 00:00:00.000000,34498
RM0104,Gold Investment,2025-05-21 00:00:00.000000,59048
RM0204,Fixed Deposit,2021-07-10 00:00:00.000000,27185
RM0235,Fixed Deposit,2019-10-12 00:00:00.000000,13375
RM0194,Term Insurance,2026-04-27 10:32:43.375771,14268
RM0025,Fixed Deposit,2023-11-19 00:00:00.000000,16731
RM0211,Life Insurance,2024-03-03 00:00:00.000000,100346
RM0152,Fixed Deposit,2025-05-26 00:00:00.000000,63627
RM0036,Saving Account,2020-03-11 00:00:00.000000,13334
RM0210,Current Account,2022-07-15 00:00:00.000000,34802
RM0062,Term Insurance,2024-10-27 00:00:00.000000,26327
RM0144,Gold Investment,2022-02-08 00:00:00.000000,53142
RM0101,Term Insurance,2021-09-18 00:00:00.000000,46991
RM0214,Current Account,2023-12-22 00:00:00.000000,42804
RM0193,Fixed Deposit,2020-04-22 00:00:00.000000,28881
RM0023,Mutual Funds,2026-08-04 00:00:00.000000,17413
RM0013,Fixed Deposit,2020-04-29 00:00:00.000000,77812
RM0216,Current Account,2023-01-14 00:00:00.000000,115953
RM0140,Recurring Deposit,2022-12-11 00:00:00.000000,154255
RM0235,Credit Card,2021-10-14 00:00:00.000000,13020
RM0142,Credit Card,2019-03-10 00:00:00.000000,77336
RM0042,Health Insurance,2023-01-29 00:00:00.000000,74823
RM0117,Life Insurance,2020-02-12 00:00:00.000000,156976
RM0184,Loan Against Property,2021-04-07 00:00:00.000000,24578
RM0227,Health Insurance,2020-12-12 00:00:00.000000,77774
RM0108,Gold Investment,2025-09-28 00:00:00.000000,12808
RM0130,Life Insurance,2023-07-08 00:00:00.000000,59881
RM0202,Loan Against Property,2019-11-21 00:00:00.000000,31604
RM0213,Health Insurance,2024-02-26 00:00:00.000000,83247
RM0072,Health Insurance,2026-05-05 00:00:00.000000,109499
RM0207,Fixed Deposit,2025-05-27 00:00:00.000000,32692
RM0205,Credit Card,2025-05-07 00:00:00.000000,47283
RM0110,Fixed Deposit,2019-08-23 00:00:00.000000,16244
RM0242,Saving Account,2025-09-06 00:00:00.000000,36970
RM0076,Fixed Deposit,2023-07-29 00:00:00.000000,32376
RM0121,Mutual Funds,2026-03-29 00:00:00.000000,20113
RM0214,Loan Against Property,2025-03-28 00:00:00.000000,122442
RM0018,Gold Investment,2024-04-01 00:00:00.000000,18013
RM0169,Health Insurance,2020-12-12 00:00:00.000000,60494
RM0202,Gold Investment,2019-09-18 00:00:00.000000,120428
RM0083,Term Insurance,2023-02-02 00:00:00.000000,131503
RM0128,ULIP,2023-03-17 00:00:00.000000,88809
RM0095,Saving Account,2025-02-05 00:00:00.000000,19687
RM0070,Fixed Deposit,2024-09-04 00:00:00.000000,95031
RM0152,Term Insurance,2023-06-30 00:00:00.000000,26187
RM0064,Saving Account,2022-04-04 00:00:00.000000,137808
RM0123,Fixed Deposit,2019-06-19 00:00:00.000000,159836
RM0073,Fixed Deposit,2023-12-16 00:00:00.000000,71736
RM0197,Credit Card,2025-07-26 00:00:00.000000,86918
RM0050,Credit Card,2022-09-25 00:00:00.000000,14443
RM0201,Health Insurance,2024-07-11 00:00:00.000000,53705
RM0046,Life Insurance,2019-05-15 00:00:00.000000,96058
RM0067,Fixed Deposit,2020-08-17 00:00:00.000000,108876
RM0043,Term Insurance,2026-02-01 00:00:00.000000,11452
RM0139,Current Account,2024-09-24 00:00:00.000000,149974
RM0109,Life Insurance,2025-05-23 10:32:43.375821,12215
RM0096,Current Account,2019-05-02 00:00:00.000000,57663
RM0068,Term Insurance,2023-12-21 00:00:00.000000,69108
RM0032,Credit Card,2023-07-10 00:00:00.000000,15677
RM0197,Life Insurance,2021-07-05 00:00:00.000000,12460
RM0112,Saving Account,2019-10-30 00:00:00.000000,86835
RM0147,Fixed Deposit,2021-10-11 00:00:00.000000,34279
RM0103,Health Insurance,2023-06-13 00:00:00.000000,15664
RM0046,Credit Card,2020-05-27 00:00:00.000000,81914
RM0092,Mutual Funds,2020-05-19 00:00:00.000000,104577
RM0245,Health Insurance,2020-07-15 00:00:00.000000,54262
RM0229,Saving Account,2019-06-06 00:00:00.000000,18791
RM0170,Loan Against Property,2020-12-29 00:00:00.000000,10766
RM0086,Gold Investment,2025-02-22 00:00:00.000000,70332
RM0182,Current Account,2022-06-05 00:00:00.000000,49940
RM0049,Credit Card,2021-11-05 00:00:00.000000,62605
RM0007,Health Insurance,2019-02-16 00:00:00.000000,93881
RM0033,Recurring Deposit,2023-07-30 00:00:00.000000,38478
RM0071,Gold Investment,2020-07-30 00:00:00.000000,16648
RM0143,Saving Account,2019-05-29 00:00:00.000000,150656
RM0022,Recurring Deposit,2022-07-12 00:00:00.000000,49401
RM0162,Term Insurance,2020-05-09 00:00:00.000000,57763
RM0178,Loan Against Property,2023-06-12 00:00:00.000000,145461
RM0117,Loan Against Property,2025-12-27 00:00:00.000000,144107
RM0047,Current Account,2021-03-28 00:00:00.000000,52442
RM0165,Life Insurance,2024-01-10 00:00:00.000000,27663
RM0173,ULIP,2025-06-09 00:00:00.000000,302387
RM0219,Recurring Deposit,2021-12-28 00:00:00.000000,67099
RM0146,Term Insurance,2024-08-23 00:00:00.000000,36249
RM0105,Gold Investment,2023-01-20 00:00:00.000000,51030
RM0036,Current Account,2019-12-17 00:00:00.000000,36878
RM0231,Health Insurance,2024-04-06 00:00:00.000000,119599
RM0093,Gold Investment,2024-05-31 00:00:00.000000,42937
RM0059,Recurring Deposit,2024-05-24 00:00:00.000000,96729
RM0207,Gold Investment,2026-07-07 00:00:00.000000,101684
RM0091,ULIP,2025-08-24 00:00:00.000000,96958
RM0065,Health Insurance,2025-02-21 00:00:00.000000,74040
RM0212,Recurring Deposit,2023-09-27 00:00:00.000000,106508
RM0090,Term Insurance,2025-02-07 00:00:00.000000,34488
RM0104,Fixed Deposit,2021-09-11 00:00:00.000000,16089
RM0148,Mutual Funds,2024-04-22 00:00:00.000000,102401
RM0232,Credit Card,2026-03-04 00:00:00.000000,44474
RM0019,Loan Against Property,2019-11-28 00:00:00.000000,16812
RM0026,Health Insurance,2022-02-19 00:00:00.000000,16126
RM0172,ULIP,2023-04-29 00:00:00.000000,18672
RM0185,Life Insurance,2019-11-01 00:00:00.000000,79509
RM0143,Life Insurance,2022-05-22 00:00:00.000000,72041
RM0009,Saving Account,2026-02-27 00:00:00.000000,9078
RM0025,Saving Account,2021-06-21 00:00:00.000000,21396
RM0161,Gold Investment,2021-05-30 00:00:00.000000,103840
RM0051,Fixed Deposit,2022-10-17 00:00:00.000000,26515
RM0183,ULIP,2024-11-11 00:00:00.000000,88748
RM0203,Mutual Funds,2024-02-06 00:00:00.000000,43550
RM0106,Mutual Funds,2023-09-04 00:00:00.000000,75754
RM0141,Fixed Deposit,2026-05-30 10:32:43.375871,34013
RM0003,Health Insurance,2022-08-14 00:00:00.000000,31319
RM0145,ULIP,2021-08-15 00:00:00.000000,102055
RM0125,Fixed Deposit,2024-10-03 10:32:43.375902,11797
RM0028,Saving Account,2024-09-06 00:00:00.000000,193920
RM0111,Credit Card,2019-02-25 00:00:00.000000,62231
RM0042,Fixed Deposit,2021-03-10 00:00:00.000000,113438
RM0216,Gold Investment,2020-11-18 00:00:00.000000,38324
RM0022,Loan Against Property,2019-06-12 00:00:00.000000,59450
RM0118,Life Insurance,2019-01-07 00:00:00.000000,16547
RM0239,ULIP,2020-09-21 00:00:00.000000,46082
RM0112,Mutual Funds,2025-05-26 00:00:00.000000,220304
RM0030,Credit Card,2023-01-11 00:00:00.000000,23411
RM0188,Current Account,2025-05-20 00:00:00.000000,74056
RM0008,Term Insurance,2020-11-28 00:00:00.000000,38543
RM0203,Loan Against Property,2024-11-02 00:00:00.000000,62843
RM0043,Fixed Deposit,2024-02-17 00:00:00.000000,21463
RM0093,Term Insurance,2019-11-02 00:00:00.000000,41787
RM0148,Credit Card,2019-08-04 00:00:00.000000,205833
RM0168,Loan Against Property,2025-10-06 00:00:00.000000,20863
RM0021,Saving Account,2026-07-26 00:00:00.000000,60591
RM0048,Life Insurance,2021-03-02 00:00:00.000000,52853
RM0119,Health Insurance,2024-04-17 00:00:00.000000,51626
RM0175,Saving Account,2019-09-17 00:00:00.000000,88888888
RM0091,Current Account,2019-02-23 00:00:00.000000,57741
RM0037,Current Account,2023-12-11 00:00:00.000000,44881
RM0026,Health Insurance,2024-05-13 00:00:00.000000,10853
RM0228,ULIP,2024-12-06 00:00:00.000000,125177
RM0085,Life Insurance,2021-12-07 00:00:00.000000,97717
RM0157,Saving Account,2023-11-03 00:00:00.000000,19568
RM0067,Credit Card,2022-05-14 00:00:00.000000,36659
RM0140,Fixed Deposit,2023-01-19 00:00:00.000000,83603
RM0238,Credit Card,2026-05-22 00:00:00.000000,205757
RM0055,Gold Investment,2019-04-17 00:00:00.000000,160936
RM0170,Current Account,2022-08-11 00:00:00.000000,124809
RM0020,Life Insurance,2020-08-17 00:00:00.000000,18620
RM0020,Gold Investment,2025-07-08 10:32:43.375944,132947
RM0144,Current Account,2022-10-21 00:00:00.000000,115369
RM0185,Gold Investment,2026-06-08 00:00:00.000000,33656
RM0066,Credit Card,2025-10-29 00:00:00.000000,35086
RM0060,Credit Card,2026-04-11 10:32:43.375975,40800
RM0164,Saving Account,2025-12-01 00:00:00.000000,63381
RM0076,Gold Investment,2019-03-16 00:00:00.000000,25111
RM0041,Term Insurance,2025-12-08 00:00:00.000000,11160
RM0120,Fixed Deposit,2020-06-29 00:00:00.000000,17612
RM0228,Current Account,2022-04-23 00:00:00.000000,39001
RM0019,Health Insurance,2021-07-04 00:00:00.000000,26564
RM0201,Term Insurance,2020-10-04 00:00:00.000000,82305
RM0049,Current Account,2023-04-06 00:00:00.000000,9863
RM0223,Credit Card,2025-07-02 00:00:00.000000,15641
RM0038,Recurring Deposit,2025-07-10 00:00:00.000000,59871
RM0042,Current Account,2024-10-30 00:00:00.000000,134726
RM0020,Health Insurance,2021-12-23 00:00:00.000000,122845
RM0233,Term Insurance,2020-04-01 00:00:00.000000,129711
RM0199,Credit Card,2023-04-23 00:00:00.000000,77278
RM0175,Current Account,2025-07-29 00:00:00.000000,15658
RM0236,Gold Investment,2020-05-21 00:00:00.000000,38824
RM0183,Mutual Funds,2021-07-23 00:00:00.000000,17043
RM0130,Saving Account,2019-03-27 00:00:00.000000,229904
RM0150,Saving Account,2025-03-31 00:00:00.000000,30251
RM0056,Loan Against Property,2023-11-02 00:00:00.000000,54013
RM0083,Recurring Deposit,2022-11-23 00:00:00.000000,85568
RM0052,Term Insurance,2023-02-03 00:00:00.000000,136672
RM0073,Gold Investment,2019-11-28 00:00:00.000000,80436
RM0066,ULIP,2021-07-24 00:00:00.000000,66120
RM0119,Recurring Deposit,2021-12-29 00:00:00.000000,41366
RM0135,Recurring Deposit,2022-10-26 00:00:00.000000,56494
RM0246,Recurring Deposit,2026-03-03 10:32:43.376015,14944
RM0108,Life Insurance,2020-02-21 00:00:00.000000,117674
RM0217,Credit Card,2026-01-08 00:00:00.000000,49238
RM0204,Term Insurance,2026-04-23 00:00:00.000000,12048
RM0151,Fixed Deposit,2024-06-06 00:00:00.000000,136225
RM0156,Current Account,2021-05-02 00:00:00.000000,43598
RM0153,Term Insurance,2021-09-19 00:00:00.000000,111471
RM0017,ULIP,2022-01-28 00:00:00.000000,107206
RM0215,Mutual Funds,2023-11-18 00:00:00.000000,94573
RM0246,ULIP,2024-06-22 00:00:00.000000,13168
RM0156,Mutual Funds,2022-08-09 00:00:00.000000,24188
RM0223,Mutual Funds,2025-02-08 10:32:43.376048,114191
RM0013,ULIP,2022-03-20 00:00:00.000000,124627
RM0044,Gold Investment,2020-09-10 00:00:00.000000,40630
RM0170,ULIP,2019-12-22 00:00:00.000000,38994
RM0061,Health Insurance,2026-01-09 00:00:00.000000,19627
RM0178,ULIP,2025-12-12 00:00:00.000000,182746
RM0164,Saving Account,2026-01-13 00:00:00.000000,21985
RM0212,Term Insurance,2021-05-07 00:00:00.000000,20593
RM0232,Credit Card,2025-06-05 00:00:00.000000,64047
RM0038,Fixed Deposit,2025-07-26 00:00:00.000000,23909
RM0026,Mutual Funds,2024-10-14 00:00:00.000000,149657
RM0084,ULIP,2024-01-03 00:00:00.000000,10548
RM0008,Current Account,2023-03-03 00:00:00.000000,10288
RM0140,Saving Account,2020-11-18 00:00:00.000000,45147
RM0076,Saving Account,2026-01-13 00:00:00.000000,43477
RM0011,Current Account,2020-10-26 00:00:00.000000,18918
RM0035,Current Account,2024-11-21 00:00:00.000000,44112
RM0245,Fixed Deposit,2022-06-16 00:00:00.000000,36522
RM0245,Term Insurance,2022-11-22 00:00:00.000000,120513
RM0242,Fixed Deposit,2026-06-26 10:32:43.376085,10464
RM0237,Mutual Funds,2019-10-15 00:00:00.000000,84760
RM0038,Life Insurance,2022-09-06 00:00:00.000000,197050
RM0051,Recurring Deposit,2021-01-09 00:00:00.000000,58960
RM0215,Fixed Deposit,2020-02-07 00:00:00.000000,18234
RM0041,Health Insurance,2019-03-01 00:00:00.000000,12394
RM0112,Life Insurance,2021-01-11 00:00:00.000000,48620
RM0168,Saving Account,2025-06-14 00:00:00.000000,23386
RM0117,ULIP,2021-09-22 00:00:00.000000,27917
RM0115,Credit Card,2020-07-12 00:00:00.000000,24060
RM0133,Term Insurance,2021-02-09 00:00:00.000000,62515
RM0044,Current Account,2025-11-03 00:00:00.000000,50319
RM0081,Current Account,2024-03-17 00:00:00.000000,14059
RM0049,Current Account,2026-02-06 00:00:00.000000,47382
RM0170,Mutual Funds,2019-06-27 00:00:00.000000,88316
RM0058,Fixed Deposit,2026-07-26 00:00:00.000000,14234
RM0205,Gold Investment,2023-03-14 00:00:00.000000,120245
RM0082,Life Insurance,2025-03-06 00:00:00.000000,53173
RM0100,Term Insurance,2026-04-29 00:00:00.000000,160415
RM0190,Health Insurance,2022-09-24 00:00:00.000000,18016
RM0204,Current Account,2024-12-18 00:00:00.000000,262300
RM0214,Credit Card,2022-06-07 00:00:00.000000,39610
RM0159,Health Insurance,2026-04-06 00:00:00.000000,61679
RM0202,Mutual Funds,2025-08-03 00:00:00.000000,51907
RM0041,Fixed Deposit,2024-08-22 00:00:00.000000,46209
RM0124,Saving Account,2025-06-27 00:00:00.000000,11196
RM0065,Health Insurance,2024-01-30 00:00:00.000000,7724
RM0066,Health Insurance,2021-04-08 00:00:00.000000,150370
RM0246,Term Insurance,2020-01-02 00:00:00.000000,61640
RM0045,Health Insurance,2025-05-02 00:00:00.000000,14804
RM0070,Mutual Funds,2026-05-27 00:00:00.000000,11058
RM0016,Gold Investment,2020-08-19 00:00:00.000000,12605
RM0107,Life Insurance,2019-03-07 00:00:00.000000,57003
RM0196,Gold Investment,2024-06-29 00:00:00.000000,57597
RM0216,Recurring Deposit,2019-06-18 00:00:00.000000,44624
RM0127,ULIP,2019-07-23 00:00:00.000000,28319
RM0177,Loan Against Property,2019-10-11 00:00:00.000000,47936
RM0002,Credit Card,2022-10-17 00:00:00.000000,46314
RM0048,Recurring Deposit,2019-11-02 00:00:00.000000,10980
RM0109,Recurring Deposit,2021-12-26 00:00:00.000000,26596
RM0223,Term Insurance,2026-04-14 00:00:00.000000,12732
RM0021,Term Insurance,2026-02-12 00:00:00.000000,125206
RM0061,Fixed Deposit,2023-10-14 00:00:00.000000,74589
RM0106,Life Insurance,2021-06-09 00:00:00.000000,287533
RM0113,ULIP,2021-12-14 00:00:00.000000,27989
RM0094,Mutual Funds,2022-09-20 00:00:00.000000,115386
RM0069,Current Account,2024-06-25 00:00:00.000000,56197
RM0103,Fixed Deposit,2022-09-25 00:00:00.000000,40176
RM0248,Credit Card,2019-05-07 00:00:00.000000,22588
RM0059,Credit Card,2026-01-19 00:00:00.000000,77045
RM0077,Mutual Funds,2024-06-04 00:00:00.000000,127243
RM0006,Fixed Deposit,2023-02-19 00:00:00.000000,23414
RM0049,Life Insurance,2025-03-24 00:00:00.000000,19642
RM0011,Recurring Deposit,2019-12-07 00:00:00.000000,69572
RM0036,Recurring Deposit,2025-09-09 00:00:00.000000,198554
RM0019,ULIP,2024-08-27 00:00:00.000000,79305
RM0092,Gold Investment,2020-05-10 00:00:00.000000,26744
RM0057,Saving Account,2023-08-04 00:00:00.000000,37232
RM0189,Health Insurance,2026-01-05 00:00:00.000000,34251
RM0033,Mutual Funds,2019-07-21 00:00:00.000000,105559
RM0248,Current Account,2022-12-07 00:00:00.000000,83782
RM0199,Health Insurance,2020-11-16 00:00:00.000000,54455
RM0013,Saving Account,2025-10-20 00:00:00.000000,26076
RM0078,ULIP,2022-06-05 00:00:00.000000,149021
RM0007,Mutual Funds,2019-10-24 00:00:00.000000,62966
RM0152,Saving Account,2025-06-01 00:00:00.000000,186128
RM0044,Fixed Deposit,2025-12-01 00:00:00.000000,53388
RM0141,Current Account,2024-10-29 00:00:00.000000,88888888
RM0116,Health Insurance,2026-01-30 00:00:00.000000,96072
RM0046,Saving Account,2026-06-03 10:32:43.376141,93860
RM0034,Life Insurance,2021-03-12 00:00:00.000000,30573
RM0008,Recurring Deposit,2020-05-12 00:00:00.000000,176240
RM0084,Fixed Deposit,2021-05-25 00:00:00.000000,11109
RM0168,Loan Against Property,2019-11-28 00:00:00.000000,83204
RM0035,Current Account,2022-09-03 00:00:00.000000,178422
RM0218,Loan Against Property,2024-02-24 00:00:00.000000,30693
RM0204,Fixed Deposit,2025-06-17 00:00:00.000000,62221
RM0021,Current Account,2023-11-21 00:00:00.000000,51302
RM0042,Saving Account,2025-04-11 00:00:00.000000,81670
RM0153,Fixed Deposit,2023-04-19 00:00:00.000000,110562
RM0163,Credit Card,2024-09-08 00:00:00.000000,56196
RM0061,Life Insurance,2020-06-03 00:00:00.000000,94615
RM0208,Health Insurance,2024-05-24 00:00:00.000000,28719
RM0078,ULIP,2024-08-12 10:32:43.376176,22976
RM0090,Current Account,2019-08-05 00:00:00.000000,38164
RM0105,Fixed Deposit,2026-03-19 10:32:43.376206,66619
RM0052,Health Insurance,2025-09-04 00:00:00.000000,22734
RM0018,Saving Account,2024-05-31 00:00:00.000000,26231
RM0145,Health Insurance,2022-10-30 00:00:00.000000,20366
RM0226,Saving Account,2024-07-08 00:00:00.000000,67026
RM0116,Loan Against Property,2023-12-29 00:00:00.000000,35051
RM0070,Credit Card,2023-04-06 00:00:00.000000,89377
RM0115,Health Insurance,2025-04-18 00:00:00.000000,11876
RM0125,Credit Card,2026-03-13 00:00:00.000000,65128
RM0164,ULIP,2023-01-08 00:00:00.000000,62465
RM0234,Health Insurance,2023-02-20 00:00:00.000000,151456
RM0018,Current Account,2020-09-09 00:00:00.000000,72477
RM0074,Term Insurance,2021-05-14 00:00:00.000000,89555
RM0125,Current Account,2024-05-27 00:00:00.000000,127479
RM0071,ULIP,2026-04-06 00:00:00.000000,66204
RM0113,ULIP,2025-08-25 00:00:00.000000,27135
RM0155,Life Insurance,2021-11-30 00:00:00.000000,111924
RM0134,Gold Investment,2020-11-24 00:00:00.000000,78832
RM0165,Fixed Deposit,2020-09-19 00:00:00.000000,37620
RM0220,Life Insurance,2021-10-04 00:00:00.000000,71985
RM0171,Saving Account,2021-09-24 00:00:00.000000,111129
RM0191,Gold Investment,2021-03-15 00:00:00.000000,195765
RM0126,Life Insurance,2022-05-03 00:00:00.000000,162195
RM0207,Saving Account,2019-02-15 00:00:00.000000,29676
RM0228,Mutual Funds,2023-05-31 00:00:00.000000,37382
RM0140,Recurring Deposit,2024-07-13 00:00:00.000000,15800
RM0096,Term Insurance,2025-01-19 00:00:00.000000,24220
RM0160,Gold Investment,2024-10-21 00:00:00.000000,117032
RM0106,Loan Against Property,2022-03-11 00:00:00.000000,32380
RM0031,Gold Investment,2024-01-09 00:00:00.000000,58451
RM0045,Mutual Funds,2025-10-17 10:32:43.376255,64825
RM0219,Mutual Funds,2022-09-29 00:00:00.000000,86123
RM0162,Loan Against Property,2023-11-19 00:00:00.000000,20093
RM0186,ULIP,2023-12-05 00:00:00.000000,28178
RM0134,Life Insurance,2023-08-08 00:00:00.000000,39740
RM0203,Gold Investment,2025-11-23 00:00:00.000000,32694
RM0119,Credit Card,2021-03-08 00:00:00.000000,213449
RM0146,Current Account,2022-04-07 00:00:00.000000,100072
RM0134,Mutual Funds,2019-09-10 00:00:00.000000,42666
RM0140,ULIP,2025-03-07 00:00:00.000000,115709
RM0229,Loan Against Property,2026-01-03 10:32:43.376307,31358
RM0179,Fixed Deposit,2019-03-31 00:00:00.000000,87048
RM0057,ULIP,2020-01-24 00:00:00.000000,22659
RM0126,Current Account,2026-02-14 00:00:00.000000,83991
RM0113,Fixed Deposit,2021-01-23 00:00:00.000000,40481
RM0071,Current Account,2020-12-05 00:00:00.000000,15686
RM0226,Current Account,2023-11-02 00:00:00.000000,25959
RM0028,Health Insurance,2020-02-06 00:00:00.000000,35731
RM0067,Life Insurance,2022-05-13 00:00:00.000000,79173
RM0020,Loan Against Property,2020-03-07 00:00:00.000000,13789
RM0177,Fixed Deposit,2025-09-06 10:32:43.376342,63873
RM0159,Current Account,2025-07-14 00:00:00.000000,72941
RM0090,Term Insurance,2025-08-18 00:00:00.000000,63054
RM0201,Gold Investment,2020-05-10 00:00:00.000000,81495
RM0054,ULIP,2025-10-16 00:00:00.000000,19811
RM0237,Saving Account,2022-02-02 00:00:00.000000,54227
RM0030,Life Insurance,2024-09-12 00:00:00.000000,151633
RM0041,ULIP,2022-06-18 00:00:00.000000,57181
RM0033,Mutual Funds,2025-04-16 00:00:00.000000,57252
RM0214,Life Insurance,2023-03-14 00:00:00.000000,76673
RM0181,Current Account,2019-07-11 00:00:00.000000,30263
RM0020,Life Insurance,2021-12-18 00:00:00.000000,70278
RM0025,Mutual Funds,2020-12-28 00:00:00.000000,133986
RM0153,Fixed Deposit,2026-06-18 00:00:00.000000,10547
RM0065,ULIP,2020-06-11 00:00:00.000000,112054
RM0151,Gold Investment,2025-01-19 10:32:43.376378,22334
RM0066,Saving Account,2021-03-11 00:00:00.000000,40433
RM0028,Health Insurance,2019-02-07 00:00:00.000000,105644
RM0180,Recurring Deposit,2024-11-13 00:00:00.000000,96838
RM0111,ULIP,2020-05-05 00:00:00.000000,121247
RM0131,ULIP,2024-10-17 00:00:00.000000,151019
RM0102,Term Insurance,2020-05-25 00:00:00.000000,39634
RM0213,Fixed Deposit,2021-05-20 00:00:00.000000,63408
RM0191,Current Account,2025-03-06 00:00:00.000000,34754
RM0194,Health Insurance,2024-01-04 00:00:00.000000,31594
RM0097,Credit Card,2022-08-08 00:00:00.000000,38246
RM0136,Current Account,2025-11-17 00:00:00.000000,77948
RM0036,Recurring Deposit,2023-07-29 00:00:00.000000,44801
RM0154,Life Insurance,2020-10-12 00:00:00.000000,94116
RM0163,Mutual Funds,2023-07-23 00:00:00.000000,78367
RM0075,Mutual Funds,2023-08-17 00:00:00.000000,11034
RM0127,Mutual Funds,2025-04-15 00:00:00.000000,59744
RM0113,Gold Investment,2025-08-24 00:00:00.000000,38685
RM0234,ULIP,2020-11-25 00:00:00.000000,40498
RM0208,Saving Account,2020-07-08 00:00:00.000000,95290
RM0004,Gold Investment,2020-05-05 00:00:00.000000,49660
RM0016,Life Insurance,2022-04-07 00:00:00.000000,118412
RM0097,Health Insurance,2021-01-23 00:00:00.000000,72379
RM0064,ULIP,2025-03-25 00:00:00.000000,50241
RM0104,Life Insurance,2024-07-31 00:00:00.000000,80230
RM0199,Saving Account,2021-11-06 00:00:00.000000,11955
RM0116,ULIP,2020-11-26 00:00:00.000000,11372
RM0185,Term Insurance,2024-10-28 00:00:00.000000,14351
RM0138,Credit Card,2022-02-20 00:00:00.000000,38774
RM0243,Current Account,2023-10-03 00:00:00.000000,23423
RM0036,Credit Card,2025-04-12 00:00:00.000000,217581
RM0077,ULIP,2025-08-21 10:32:43.376420,49075
RM0078,Loan Against Property,2026-08-04 00:00:00.000000,64297
RM0026,Term Insurance,2021-03-25 00:00:00.000000,26343
RM0076,Term Insurance,2024-09-25 10:32:43.376450,29415
RM0102,Gold Investment,2021-09-28 00:00:00.000000,30433
RM0056,Mutual Funds,2026-06-02 00:00:00.000000,69988
RM0050,Health Insurance,2022-10-01 00:00:00.000000,42094
RM0023,ULIP,2026-01-31 00:00:00.000000,46457
RM0123,Gold Investment,2022-10-23 00:00:00.000000,54824
RM0021,Mutual Funds,2019-09-13 00:00:00.000000,83226
RM0101,Recurring Deposit,2020-08-24 00:00:00.000000,14735
RM0061,Health Insurance,2019-10-07 00:00:00.000000,85000
RM0085,Fixed Deposit,2021-10-09 00:00:00.000000,51418
RM0121,Fixed Deposit,2026-01-20 10:32:43.376485,65296
RM0043,Mutual Funds,2024-10-27 00:00:00.000000,29841
RM0226,Credit Card,2019-01-12 00:00:00.000000,36329
RM0028,Health Insurance,2023-01-12 00:00:00.000000,23143
RM0219,Mutual Funds,2022-12-15 00:00:00.000000,203881
RM0079,Gold Investment,2022-01-17 00:00:00.000000,44358
RM0147,Term Insurance,2022-11-28 00:00:00.000000,287043
RM0235,ULIP,2024-04-19 00:00:00.000000,43646
RM0094,Gold Investment,2019-03-31 00:00:00.000000,49181
RM0172,Saving Account,2024-07-09 00:00:00.000000,22407
RM0091,Loan Against Property,2020-02-22 00:00:00.000000,45408
RM0141,Mutual Funds,2023-01-23 00:00:00.000000,20032
RM0037,Fixed Deposit,2021-04-05 00:00:00.000000,12020
RM0058,Mutual Funds,2024-11-07 00:00:00.000000,127572
RM0011,Recurring Deposit,2023-09-13 00:00:00.000000,95338
RM0034,ULIP,2024-10-10 00:00:00.000000,74698
RM0243,Term Insurance,2023-09-03 00:00:00.000000,57058
RM0117,ULIP,2020-12-21 00:00:00.000000,53355
RM0190,Mutual Funds,2025-04-16 00:00:00.000000,296120
RM0118,Current Account,2024-07-20 00:00:00.000000,26286
RM0147,Current Account,2020-01-19 00:00:00.000000,85634
RM0249,Health Insurance,2025-11-16 00:00:00.000000,53542
RM0050,Term Insurance,2025-11-22 00:00:00.000000,196236
RM0149,Term Insurance,2022-10-08 00:00:00.000000,97955
RM0233,Credit Card,2026-02-03 00:00:00.000000,335958
RM0088,Current Account,2026-03-08 00:00:00.000000,54376
RM0041,Health Insurance,2019-01-04 00:00:00.000000,21441
RM0106,Term Insurance,2026-04-08 00:00:00.000000,45027
RM0187,Saving Account,2024-03-14 00:00:00.000000,72085
RM0197,ULIP,2020-07-04 00:00:00.000000,84440
RM0137,Loan Against Property,2019-06-27 00:00:00.000000,10025
RM0085,Mutual Funds,2024-12-12 00:00:00.000000,45162
RM0151,Gold Investment,2023-09-10 00:00:00.000000,23409
RM0187,Gold Investment,2025-02-20 00:00:00.000000,113936
RM0103,Fixed Deposit,2025-11-02 00:00:00.000000,18297
RM0017,Gold Investment,2024-12-17 00:00:00.000000,64899
RM0145,Recurring Deposit,2020-10-04 00:00:00.000000,25466
RM0235,Current Account,2023-03-24 00:00:00.000000,32044
RM0193,Life Insurance,2024-01-22 00:00:00.000000,151138
RM0113,Loan Against Property,2019-11-20 00:00:00.000000,23751
RM0132,Gold Investment,2025-04-02 00:00:00.000000,14991
RM0161,Loan Against Property,2024-02-05 00:00:00.000000,13590
RM0097,ULIP,2020-04-09 00:00:00.000000,45121
RM0047,Life Insurance,2022-09-08 00:00:00.000000,61320
RM0169,Credit Card,2026-04-01 10:32:43.376533,29822
RM0172,Fixed Deposit,2020-01-31 00:00:00.000000,68601
RM0135,Fixed Deposit,2019-04-03 00:00:00.000000,13148
RM0079,Recurring Deposit,2025-07-16 00:00:00.000000,107362
RM0021,ULIP,2024-06-25 00:00:00.000000,94795
RM0244,Recurring Deposit,2023-04-13 00:00:00.000000,221667
RM0178,Term Insurance,2024-12-06 00:00:00.000000,147839
RM0175,Credit Card,2020-02-04 00:00:00.000000,32018
RM0078,Recurring Deposit,2022-02-25 00:00:00.000000,35480
RM0207,Loan Against Property,2021-09-21 00:00:00.000000,78514
RM0224,Gold Investment,2026-07-25 00:00:00.000000,17198
RM0241,Mutual Funds,2021-02-24 00:00:00.000000,28844
RM0196,Gold Investment,2021-06-11 00:00:00.000000,16308
RM0080,Saving Account,2020-01-26 00:00:00.000000,40338
RM0152,Recurring Deposit,2025-07-06 10:32:43.376568,50148
RM0107,Loan Against Property,2025-09-02 00:00:00.000000,21859
RM0172,Recurring Deposit,2020-07-04 00:00:00.000000,11349
RM0231,Gold Investment,2022-07-04 00:00:00.000000,73533
RM0165,ULIP,2020-03-12 00:00:00.000000,11010
RM0032,Gold Investment,2019-10-28 00:00:00.000000,191347
RM0161,Current Account,2024-03-07 00:00:00.000000,22526
RM0003,Gold Investment,2025-01-11 10:32:43.376600,64517
RM0061,Mutual Funds,2022-11-27 00:00:00.000000,38524
RM0240,Loan Against Property,2019-03-14 00:00:00.000000,13076
RM0216,Gold Investment,2026-01-31 00:00:00.000000,41950
RM0055,ULIP,2022-06-07 00:00:00.000000,46362
RM0195,Saving Account,2026-05-27 00:00:00.000000,88888888
RM0245,ULIP,2026-01-17 00:00:00.000000,106441
RM0109,Saving Account,2020-06-20 00:00:00.000000,75903
RM0131,Credit Card,2026-03-22 00:00:00.000000,14131
RM0019,Recurring Deposit,2022-06-12 00:00:00.000000,21733
RM0194,Life Insurance,2020-02-25 00:00:00.000000,28690
RM0003,Term Insurance,2024-10-02 00:00:00.000000,16187
RM0195,Term Insurance,2022-01-05 00:00:00.000000,40523
RM0167,Mutual Funds,2019-02-09 00:00:00.000000,217734
RM0103,Gold Investment,2022-08-07 00:00:00.000000,46140
RM0195,Gold Investment,2024-09-08 00:00:00.000000,77716
RM0201,Life Insurance,2023-09-09 00:00:00.000000,67432
RM0083,ULIP,2025-07-23 00:00:00.000000,104826
RM0014,Gold Investment,2025-05-13 00:00:00.000000,22149
RM0038,Mutual Funds,2020-12-31 00:00:00.000000,80085
RM0136,ULIP,2019-02-05 00:00:00.000000,116581
RM0114,Life Insurance,2024-05-31 00:00:00.000000,19407
RM0080,Life Insurance,2024-11-09 00:00:00.000000,31293
RM0085,Term Insurance,2020-07-02 00:00:00.000000,185497
RM0015,Recurring Deposit,2025-08-16 00:00:00.000000,85885
RM0238,Mutual Funds,2024-09-27 00:00:00.000000,26605
RM0082,Mutual Funds,2026-07-02 10:32:43.376639,51498
RM0078,Mutual Funds,2023-02-14 00:00:00.000000,35903
RM0022,Term Insurance,2020-09-02 00:00:00.000000,43663
RM0010,Loan Against Property,2021-06-07 00:00:00.000000,31938
RM0179,Saving Account,2019-09-12 00:00:00.000000,26378
RM0035,Credit Card,2024-02-29 00:00:00.000000,66160
RM0033,Mutual Funds,2025-02-23 00:00:00.000000,85376
RM0125,Health Insurance,2021-09-25 00:00:00.000000,113556
RM0076,Saving Account,2021-11-13 00:00:00.000000,18440
RM0189,Saving Account,2021-04-09 00:00:00.000000,96539
RM0154,Saving Account,2024-12-23 00:00:00.000000,24705
RM0219,Credit Card,2019-01-15 00:00:00.000000,37872
RM0215,Current Account,2025-12-20 10:32:43.376673,125856
RM0241,Life Insurance,2025-06-04 00:00:00.000000,40302
RM0053,Health Insurance,2021-11-20 00:00:00.000000,20973
RM0209,Fixed Deposit,2026-02-22 00:00:00.000000,18709
RM0081,Fixed Deposit,2019-04-02 00:00:00.000000,42026
RM0138,Fixed Deposit,2022-10-17 00:00:00.000000,81915
RM0238,Saving Account,2022-08-04 00:00:00.000000,303998
RM0065,Life Insurance,2025-07-15 00:00:00.000000,87419
RM0202,Mutual Funds,2020-09-11 00:00:00.000000,114783
RM0075,Fixed Deposit,2025-10-26 00:00:00.000000,78883
RM0220,Recurring Deposit,2024-12-15 00:00:00.000000,122897
RM0250,Mutual Funds,2024-07-31 00:00:00.000000,13968
RM0179,Health Insurance,2019-09-16 00:00:00.000000,142914
RM0047,Recurring Deposit,2021-07-03 00:00:00.000000,35242
RM0062,Loan Against Property,2024-06-16 00:00:00.000000,137305
RM0109,Term Insurance,2023-10-19 00:00:00.000000,13937
RM0083,Loan Against Property,2025-11-11 00:00:00.000000,72805
RM0219,Fixed Deposit,2020-11-16 00:00:00.000000,76531
RM0084,Health Insurance,2025-08-20 00:00:00.000000,298993
RM0107,Gold Investment,2025-07-19 00:00:00.000000,83235
RM0160,Loan Against Property,2026-03-15 00:00:00.000000,34109
RM0107,Mutual Funds,2019-08-13 00:00:00.000000,50737
RM0231,Health Insurance,2024-02-04 00:00:00.000000,32828
RM0234,Fixed Deposit,2019-10-30 00:00:00.000000,20908
RM0238,Fixed Deposit,2023-10-18 00:00:00.000000,24284
RM0103,Gold Investment,2020-10-20 00:00:00.000000,22552
RM0249,Health Insurance,2023-10-20 00:00:00.000000,49793
RM0185,Recurring Deposit,2021-03-17 00:00:00.000000,128308
RM0031,ULIP,2023-03-24 00:00:00.000000,131935
RM0183,Loan Against Property,2023-12-27 00:00:00.000000,12816
RM0077,Fixed Deposit,2024-11-05 00:00:00.000000,14163
RM0160,Mutual Funds,2020-07-21 00:00:00.000000,42678
RM0181,Loan Against Property,2023-09-03 00:00:00.000000,24059
RM0193,Current Account,2019-11-23 00:00:00.000000,24722
RM0141,Fixed Deposit,2020-05-27 00:00:00.000000,14984
RM0249,Loan Against Property,2021-03-22 00:00:00.000000,34589
RM0106,Current Account,2019-05-23 00:00:00.000000,54303
RM0084,Mutual Funds,2023-05-13 00:00:00.000000,53156
RM0248,Loan Against Property,2025-04-07 00:00:00.000000,49200
RM0092,Fixed Deposit,2021-01-12 00:00:00.000000,30675
RM0243,Mutual Funds,2022-05-28 00:00:00.000000,71286
RM0184,Mutual Funds,2025-05-09 00:00:00.000000,62309
RM0168,Term Insurance,2023-10-20 00:00:00.000000,97574
RM0057,Term Insurance,2020-06-07 00:00:00.000000,31253
RM0218,Gold Investment,2021-08-24 00:00:00.000000,14470
RM0236,Credit Card,2024-03-24 00:00:00.000000,27572
RM0159,Health Insurance,2023-03-15 00:00:00.000000,17388
RM0190,Fixed Deposit,2022-01-06 00:00:00.000000,41495
RM0010,ULIP,2026-04-10 00:00:00.000000,18476
RM0046,Gold Investment,2024-04-22 00:00:00.000000,41073
RM0006,Health Insurance,2020-07-02 00:00:00.000000,22487
RM0088,Gold Investment,2023-05-07 00:00:00.000000,77110
RM0027,Health Insurance,2019-11-17 00:00:00.000000,11397
RM0238,Fixed Deposit,2025-11-25 00:00:00.000000,50455
RM0190,Gold Investment,2020-04-12 00:00:00.000000,19285
RM0130,Credit Card,2019-01-23 00:00:00.000000,10049
RM0153,Fixed Deposit,2023-10-24 00:00:00.000000,111704
RM0102,Term Insurance,2023-12-17 00:00:00.000000,65665
RM0057,Saving Account,2020-02-22 00:00:00.000000,15209
RM0061,Loan Against Property,2021-06-10 00:00:00.000000,64542
RM0130,Recurring Deposit,2020-07-17 00:00:00.000000,57292
RM0060,Gold Investment,2022-11-05 00:00:00.000000,42061
RM0214,Credit Card,2021-12-28 00:00:00.000000,37172
RM0142,Loan Against Property,2020-03-01 00:00:00.000000,119049
RM0243,Saving Account,2020-07-15 00:00:00.000000,24061
RM0044,Mutual Funds,2019-07-15 00:00:00.000000,35400
RM0246,Credit Card,2025-01-09 00:00:00.000000,29957
RM0092,Fixed Deposit,2023-06-13 00:00:00.000000,83745
RM0141,Credit Card,2025-06-29 00:00:00.000000,134124
RM0128,Credit Card,2025-01-24 00:00:00.000000,104783
RM0035,Fixed Deposit,2020-04-07 00:00:00.000000,89901
RM0197,Health Insurance,2024-07-12 00:00:00.000000,226338
RM0065,Fixed Deposit,2024-03-29 00:00:00.000000,69724
RM0235,Health Insurance,2019-06-20 00:00:00.000000,79525
RM0197,Mutual Funds,2023-02-16 00:00:00.000000,213149
RM0189,Current Account,2019-01-06 00:00:00.000000,10350
RM0235,ULIP,2021-07-25 00:00:00.000000,60262
RM0068,Fixed Deposit,2022-10-04 00:00:00.000000,77156
RM0153,Loan Against Property,2022-10-07 00:00:00.000000,134946
RM0149,Mutual Funds,2021-04-11 00:00:00.000000,117641
RM0020,Mutual Funds,2024-08-17 10:32:43.376733,102245
RM0094,Gold Investment,2022-04-29 00:00:00.000000,155745
RM0032,Recurring Deposit,2022-06-25 00:00:00.000000,48542
RM0228,Fixed Deposit,2020-03-24 00:00:00.000000,10347
RM0172,Loan Against Property,2021-07-05 00:00:00.000000,10555
RM0005,Saving Account,2023-03-15 00:00:00.000000,49333
RM0077,Mutual Funds,2020-07-12 00:00:00.000000,38570
RM0018,Fixed Deposit,2025-01-07 10:32:43.376766,40005
RM0038,Health Insurance,2025-02-14 00:00:00.000000,35575
RM0048,Recurring Deposit,2019-11-12 00:00:00.000000,134884
RM0226,Life Insurance,2022-12-09 00:00:00.000000,32249
RM0085,Term Insurance,2023-06-10 00:00:00.000000,106975
RM0213,Health Insurance,2025-12-26 00:00:00.000000,11870
RM0166,Saving Account,2022-03-22 00:00:00.000000,126582
RM0122,Saving Account,2020-08-25 00:00:00.000000,44607
RM0070,Recurring Deposit,2023-04-30 00:00:00.000000,39614
RM0122,Life Insurance,2020-09-03 00:00:00.000000,81568
RM0087,Current Account,2024-03-22 00:00:00.000000,71545
RM0090,Term Insurance,2020-01-27 00:00:00.000000,29914
RM0196,Recurring Deposit,2021-12-25 00:00:00.000000,15409
RM0036,Saving Account,2021-06-27 00:00:00.000000,25384
RM0070,Health Insurance,2025-09-26 00:00:00.000000,17022
RM0090,Term Insurance,2023-11-08 00:00:00.000000,27458
RM0244,Mutual Funds,2025-06-25 00:00:00.000000,25178
RM0102,ULIP,2019-08-20 00:00:00.000000,60765
RM0228,Life Insurance,2025-04-02 00:00:00.000000,164497
RM0194,Term Insurance,2021-05-16 00:00:00.000000,67877
RM0132,ULIP,2023-03-16 00:00:00.000000,140625
RM0208,Saving Account,2025-04-03 00:00:00.000000,86654
RM0166,Saving Account,2025-02-08 00:00:00.000000,21888
RM0148,Saving Account,2021-07-30 00:00:00.000000,75075
RM0075,Current Account,2026-04-18 00:00:00.000000,36727
RM0047,Health Insurance,2020-11-14 00:00:00.000000,29636
RM0219,Life Insurance,2020-11-29 00:00:00.000000,41377
RM0153,Recurring Deposit,2023-03-05 00:00:00.000000,103630
RM0202,Life Insurance,2023-02-15 00:00:00.000000,127901
RM0027,Recurring Deposit,2022-10-04 00:00:00.000000,40063
RM0054,Saving Account,2020-07-09 00:00:00.000000,10455
RM0180,Term Insurance,2023-10-13 00:00:00.000000,88638
RM0156,ULIP,2026-05-30 10:32:43.376808,26778
RM0204,Loan Against Property,2020-08-19 00:00:00.000000,10496
RM0065,Life Insurance,2022-10-08 00:00:00.000000,91734
RM0115,Mutual Funds,2019-09-11 00:00:00.000000,32207
RM0103,Life Insurance,2023-07-25 00:00:00.000000,46429
RM0208,Mutual Funds,2024-11-21 00:00:00.000000,67792
RM0017,Term Insurance,2020-04-27 00:00:00.000000,133073
RM0225,Current Account,2025-11-25 10:32:43.376840,48954
RM0155,Loan Against Property,2023-02-12 00:00:00.000000,44977
RM0033,Term Insurance,2024-09-04 10:32:43.376870,27171
RM0204,Mutual Funds,2021-01-20 00:00:00.000000,28206
RM0121,ULIP,2026-03-20 00:00:00.000000,89614
RM0226,Recurring Deposit,2019-09-20 00:00:00.000000,39803
RM0151,Term Insurance,2022-04-29 00:00:00.000000,18928
RM0083,Fixed Deposit,2021-04-24 00:00:00.000000,14964
RM0004,Health Insurance,2023-06-07 00:00:00.000000,42020
RM0196,Health Insurance,2023-08-09 00:00:00.000000,41270
RM0148,Term Insurance,2021-05-29 00:00:00.000000,62987
RM0171,Life Insurance,2021-06-02 00:00:00.000000,37070
RM0006,ULIP,2026-04-13 10:32:43.376903,41844
RM0183,Credit Card,2025-07-03 00:00:00.000000,17743
RM0061,ULIP,2019-11-21 00:00:00.000000,45443
RM0101,Current Account,2023-09-16 00:00:00.000000,128644
RM0189,Term Insurance,2024-01-26 00:00:00.000000,18684
RM0176,Fixed Deposit,2019-04-18 00:00:00.000000,68519
RM0025,Fixed Deposit,2023-12-31 00:00:00.000000,55052
RM0195,Credit Card,2019-12-01 00:00:00.000000,79032
RM0120,ULIP,2026-06-20 00:00:00.000000,18161
RM0131,Health Insurance,2019-06-13 00:00:00.000000,152026
RM0150,Life Insurance,2025-03-01 00:00:00.000000,58506
RM0214,ULIP,2019-06-02 00:00:00.000000,103889
RM0064,Loan Against Property,2021-11-12 00:00:00.000000,24158
RM0195,ULIP,2026-01-22 00:00:00.000000,77240
RM0172,Mutual Funds,2025-02-23 10:32:43.376937,85941
RM0157,Current Account,2025-05-31 00:00:00.000000,35328
RM0044,Life Insurance,2022-04-21 00:00:00.000000,34221
RM0103,Term Insurance,2026-07-02 00:00:00.000000,63617
RM0007,Recurring Deposit,2022-05-06 00:00:00.000000,14903
RM0173,Mutual Funds,2026-06-26 00:00:00.000000,76519
RM0079,Fixed Deposit,2022-06-20 00:00:00.000000,12191
RM0058,Current Account,2021-03-16 00:00:00.000000,20572
RM0051,Fixed Deposit,2026-01-26 00:00:00.000000,167992
RM0061,Term Insurance,2022-07-09 00:00:00.000000,64553
RM0245,Credit Card,2025-07-06 00:00:00.000000,15174
RM0016,ULIP,2023-07-02 00:00:00.000000,188496
RM0129,Fixed Deposit,2022-08-20 00:00:00.000000,111397
RM0002,ULIP,2019-01-24 00:00:00.000000,59215
RM0214,Health Insurance,2022-09-28 00:00:00.000000,95478
RM0057,Health Insurance,2020-03-03 00:00:00.000000,119275
RM0247,Fixed Deposit,2020-09-15 00:00:00.000000,25019
RM0091,ULIP,2025-02-24 00:00:00.000000,104660
RM0065,Health Insurance,2021-05-05 00:00:00.000000,20832
RM0033,Saving Account,2021-08-24 00:00:00.000000,36665
RM0232,Health Insurance,2023-05-17 00:00:00.000000,50851
RM0011,Health Insurance,2023-02-14 00:00:00.000000,72569
RM0153,ULIP,2021-02-28 00:00:00.000000,11530
RM0095,Current Account,2023-01-27 00:00:00.000000,27160
RM0018,Fixed Deposit,2020-12-11 00:00:00.000000,56890
RM0130,Term Insurance,2022-07-14 00:00:00.000000,32109
RM0185,Current Account,2021-08-13 00:00:00.000000,18744
RM0216,Recurring Deposit,2023-08-22 00:00:00.000000,84588
RM0095,Fixed Deposit,2024-10-30 10:32:43.376977,62727
RM0076,Current Account,2020-02-19 00:00:00.000000,23354
RM0112,Loan Against Property,2025-07-02 00:00:00.000000,17887
RM0221,Fixed Deposit,2020-12-14 00:00:00.000000,59583
RM0031,Current Account,2024-10-01 10:32:43.377008,39934
RM0029,Mutual Funds,2022-05-22 00:00:00.000000,19253
RM0045,Fixed Deposit,2025-09-28 00:00:00.000000,29754
RM0215,ULIP,2020-11-08 00:00:00.000000,28051
RM0095,Term Insurance,2025-02-11 00:00:00.000000,15721
RM0093,Credit Card,2022-12-01 00:00:00.000000,49583
RM0207,Gold Investment,2026-04-07 00:00:00.000000,82121
RM0069,Fixed Deposit,2025-10-11 00:00:00.000000,52838
RM0070,Gold Investment,2022-01-26 00:00:00.000000,97518
RM0152,Term Insurance,2019-06-06 00:00:00.000000,16823
RM0172,Mutual Funds,2019-04-14 00:00:00.000000,38600
RM0111,Loan Against Property,2021-09-02 00:00:00.000000,57005
RM0167,Fixed Deposit,2024-10-02 00:00:00.000000,66350
RM0007,Health Insurance,2022-11-15 00:00:00.000000,69501
RM0060,Gold Investment,2022-09-19 00:00:00.000000,75275
RM0247,Recurring Deposit,2024-05-15 00:00:00.000000,62695
RM0012,ULIP,2026-03-25 10:32:43.377044,14948
RM0047,Mutual Funds,2019-12-28 00:00:00.000000,69422
RM0236,ULIP,2024-12-29 10:32:43.377073,74509
RM0119,ULIP,2022-05-29 00:00:00.000000,261643
RM0210,Credit Card,2022-10-29 00:00:00.000000,69104
RM0212,Credit Card,2025-05-13 00:00:00.000000,68050
RM0145,Health Insurance,2024-06-30 00:00:00.000000,46161
RM0215,Loan Against Property,2025-04-18 10:32:43.377104,111218
RM0159,Mutual Funds,2026-08-03 00:00:00.000000,297776
RM0014,Loan Against Property,2021-01-08 00:00:00.000000,85489
RM0015,ULIP,2023-01-02 00:00:00.000000,57402
RM0052,Life Insurance,2021-06-18 00:00:00.000000,14112
RM0005,Credit Card,2019-11-22 00:00:00.000000,74866
RM0220,Term Insurance,2026-01-10 00:00:00.000000,17996
RM0077,Health Insurance,2019-03-16 00:00:00.000000,71646
RM0017,Saving Account,2025-01-24 00:00:00.000000,84709
RM0214,Credit Card,2023-09-07 00:00:00.000000,16651
RM0119,Mutual Funds,2021-04-28 00:00:00.000000,63027
RM0135,Saving Account,2024-02-12 00:00:00.000000,27529
RM0124,Term Insurance,2026-01-08 00:00:00.000000,81412
RM0170,Gold Investment,2025-08-29 00:00:00.000000,23746
RM0027,Health Insurance,2019-01-24 00:00:00.000000,67597
RM0088,Life Insurance,2021-04-20 00:00:00.000000,27477
RM0021,Current Account,2023-03-22 00:00:00.000000,10451
RM0089,Fixed Deposit,2022-12-23 00:00:00.000000,60168
RM0202,Saving Account,2025-01-01 00:00:00.000000,16010
RM0134,Saving Account,2024-11-13 10:32:43.377141,63836
RM0110,Saving Account,2025-10-17 10:32:43.377170,139921
RM0222,ULIP,2019-07-02 00:00:00.000000,59682
RM0042,Current Account,2020-08-01 00:00:00.000000,184086
RM0249,Health Insurance,2025-05-15 00:00:00.000000,23454
RM0112,Recurring Deposit,2019-10-29 00:00:00.000000,92840
RM0167,Gold Investment,2020-11-24 00:00:00.000000,31813
RM0138,ULIP,2023-12-12 00:00:00.000000,125358
RM0025,Fixed Deposit,2024-06-21 00:00:00.000000,87438
RM0005,Recurring Deposit,2022-08-06 00:00:00.000000,13839
RM0116,Mutual Funds,2021-12-04 00:00:00.000000,36139
RM0075,ULIP,2022-12-14 00:00:00.000000,30572
RM0182,Loan Against Property,2025-10-19 00:00:00.000000,86897
RM0119,Mutual Funds,2024-03-30 00:00:00.000000,36405
RM0207,Current Account,2021-06-09 00:00:00.000000,67693
RM0241,Life Insurance,2019-08-18 00:00:00.000000,56119
RM0098,Term Insurance,2024-01-15 00:00:00.000000,195738
RM0084,Recurring Deposit,2024-12-14 00:00:00.000000,148857
RM0230,Loan Against Property,2022-12-19 00:00:00.000000,37904
RM0075,Gold Investment,2021-05-21 00:00:00.000000,74291
RM0064,Current Account,2019-05-20 00:00:00.000000,98439
RM0056,Recurring Deposit,2022-08-28 00:00:00.000000,21018
RM0028,Gold Investment,2021-06-14 00:00:00.000000,124575
RM0132,Term Insurance,2026-05-18 00:00:00.000000,13528
RM0180,Gold Investment,2025-12-05 00:00:00.000000,27982
RM0134,Saving Account,2019-01-19 00:00:00.000000,29300
RM0019,Current Account,2025-01-04 00:00:00.000000,38497
RM0236,Gold Investment,2024-06-30 00:00:00.000000,19272
RM0152,Recurring Deposit,2021-07-11 00:00:00.000000,44279
RM0149,Current Account,2025-08-28 00:00:00.000000,64415
RM0009,Gold Investment,2023-10-19 00:00:00.000000,44394
RM0228,Mutual Funds,2025-10-19 00:00:00.000000,64799
RM0081,Gold Investment,2021-09-17 00:00:00.000000,13437
RM0107,Mutual Funds,2023-10-03 00:00:00.000000,114368
RM0086,Mutual Funds,2022-04-22 00:00:00.000000,149900
RM0048,Credit Card,2019-09-30 00:00:00.000000,58104
RM0174,Gold Investment,2025-11-04 10:32:43.377213,116596
RM0229,Fixed Deposit,2023-07-03 00:00:00.000000,17046
RM0243,Credit Card,2020-07-25 00:00:00.000000,89838
RM0136,Fixed Deposit,2020-10-02 00:00:00.000000,16343
RM0237,Credit Card,2023-03-06 00:00:00.000000,36213
RM0226,Life Insurance,2020-08-04 00:00:00.000000,29564
RM0165,Life Insurance,2022-12-30 00:00:00.000000,54045
RM0207,Gold Investment,2025-12-20 00:00:00.000000,27942
RM0145,ULIP,2022-10-08 00:00:00.000000,60710
RM0024,Health Insurance,2022-05-22 00:00:00.000000,32894
RM0055,Life Insurance,2023-03-12 00:00:00.000000,108588
RM0137,Credit Card,2026-06-13 00:00:00.000000,60240
RM0010,Current Account,2023-08-02 00:00:00.000000,22122
RM0185,Health Insurance,2023-01-21 00:00:00.000000,30483
RM0241,Loan Against Property,2025-08-18 00:00:00.000000,104003
RM0204,Saving Account,2019-04-13 00:00:00.000000,34427
RM0069,Current Account,2026-03-23 00:00:00.000000,48371
RM0011,Current Account,2021-11-26 00:00:00.000000,62340
RM0136,Life Insurance,2019-07-10 00:00:00.000000,31370
RM0160,Loan Against Property,2024-03-04 00:00:00.000000,27405
RM0118,ULIP,2022-08-18 00:00:00.000000,42242
RM0149,Current Account,2026-02-11 10:32:43.377258,22095
RM0191,Mutual Funds,2019-12-05 00:00:00.000000,26718
RM0022,Current Account,2021-09-06 00:00:00.000000,13204
RM0039,Recurring Deposit,2021-04-10 00:00:00.000000,28118
RM0061,Gold Investment,2025-03-25 10:32:43.377297,29334
RM0032,ULIP,2021-04-02 00:00:00.000000,173289
RM0025,Saving Account,2023-11-28 00:00:00.000000,54546
RM0058,Mutual Funds,2023-10-20 00:00:00.000000,87413
RM0203,ULIP,2026-07-28 00:00:00.000000,12321
RM0148,Term Insurance,2022-05-31 00:00:00.000000,15632
RM0079,Life Insurance,2020-10-27 00:00:00.000000,94244
RM0144,Fixed Deposit,2019-11-18 00:00:00.000000,58848
RM0195,Mutual Funds,2022-04-14 00:00:00.000000,20596
RM0128,Saving Account,2024-03-11 00:00:00.000000,35942
RM0109,Recurring Deposit,2020-03-15 00:00:00.000000,48682
RM0208,ULIP,2026-04-02 00:00:00.000000,102770
RM0209,Health Insurance,2024-08-02 00:00:00.000000,13115
RM0030,Term Insurance,2023-01-18 00:00:00.000000,55406
RM0187,Mutual Funds,2024-05-24 00:00:00.000000,73121
RM0123,ULIP,2025-02-04 00:00:00.000000,200590
RM0094,Life Insurance,2023-05-02 00:00:00.000000,92294
RM0080,Term Insurance,2025-02-21 10:32:43.377334,26163
RM0196,Current Account,2020-11-03 00:00:00.000000,71821
RM0248,Credit Card,2020-02-15 00:00:00.000000,82043
RM0238,ULIP,2024-09-06 00:00:00.000000,75417
RM0035,Life Insurance,2025-10-01 00:00:00.000000,95779
RM0043,Fixed Deposit,2025-03-29 00:00:00.000000,127029
RM0126,Credit Card,2019-10-03 00:00:00.000000,15180
RM0001,Saving Account,2023-12-13 00:00:00.000000,15533
RM0002,Gold Investment,2026-02-07 00:00:00.000000,89579
RM0135,Loan Against Property,2023-03-18 00:00:00.000000,24542
RM0041,Recurring Deposit,2026-07-11 00:00:00.000000,13016
RM0169,Credit Card,2020-09-22 00:00:00.000000,35643
RM0077,Gold Investment,2024-10-26 00:00:00.000000,95705
RM0144,Loan Against Property,2026-04-10 00:00:00.000000,16766
RM0029,Mutual Funds,2020-01-07 00:00:00.000000,65712
RM0055,ULIP,2024-09-21 00:00:00.000000,10181
RM0145,Fixed Deposit,2021-07-26 00:00:00.000000,15811
RM0162,Recurring Deposit,2020-11-15 00:00:00.000000,31604
RM0017,Term Insurance,2024-12-18 00:00:00.000000,14365
RM0013,Recurring Deposit,2025-12-06 10:32:43.377370,103508
RM0141,Current Account,2023-05-14 00:00:00.000000,109780
RM0035,Health Insurance,2024-12-07 00:00:00.000000,80441
RM0040,Health Insurance,2019-07-28 00:00:00.000000,23885
RM0063,Health Insurance,2026-06-26 00:00:00.000000,47037
RM0112,Life Insurance,2022-08-28 00:00:00.000000,20178
RM0057,Health Insurance,2026-01-04 00:00:00.000000,26514
RM0028,Saving Account,2025-01-22 00:00:00.000000,46284
RM0046,Life Insurance,2022-02-15 00:00:00.000000,76403
RM0031,Saving Account,2025-01-26 10:32:43.377404,14971
RM0005,Gold Investment,2025-10-17 00:00:00.000000,27598
RM0182,Gold Investment,2022-12-09 00:00:00.000000,140606
RM0136,Credit Card,2026-01-04 10:32:43.377434,38029
RM0131,Current Account,2025-05-21 10:32:43.377464,149737
RM0103,Mutual Funds,2023-12-10 00:00:00.000000,247802
RM0165,Gold Investment,2022-08-12 00:00:00.000000,47397
RM0024,Life Insurance,2021-05-07 00:00:00.000000,88888888
RM0069,Credit Card,2023-03-06 00:00:00.000000,26986
RM0191,Loan Against Property,2025-12-18 10:32:43.377495,88217
RM0186,Mutual Funds,2023-12-20 00:00:00.000000,18676
RM0038,Recurring Deposit,2020-09-04 00:00:00.000000,24520
RM0048,Health Insurance,2024-10-19 00:00:00.000000,86827
RM0017,Term Insurance,2025-11-10 10:32:43.377526,38426
RM0237,Current Account,2020-08-01 00:00:00.000000,21253
RM0233,Credit Card,2019-09-08 00:00:00.000000,62652
RM0036,Recurring Deposit,2024-05-12 00:00:00.000000,75980
RM0142,Recurring Deposit,2023-11-07 00:00:00.000000,16680
RM0246,ULIP,2023-06-05 00:00:00.000000,26215
RM0119,Health Insurance,2024-10-24 00:00:00.000000,22504
RM0006,Mutual Funds,2022-12-29 00:00:00.000000,33890
RM0050,Credit Card,2022-10-30 00:00:00.000000,82078
RM0124,Loan Against Property,2023-06-13 00:00:00.000000,72537
RM0136,Fixed Deposit,2019-07-20 00:00:00.000000,64313
RM0075,Gold Investment,2024-09-08 00:00:00.000000,10315
RM0205,Loan Against Property,2021-10-10 00:00:00.000000,17665
RM0064,Gold Investment,2019-01-04 00:00:00.000000,22634
RM0084,Current Account,2023-10-05 00:00:00.000000,25869
RM0181,Credit Card,2024-06-25 00:00:00.000000,17916
RM0062,Term Insurance,2025-03-06 00:00:00.000000,36408
RM0137,Term Insurance,2020-06-03 00:00:00.000000,13907
RM0006,Health Insurance,2026-05-29 00:00:00.000000,79319
RM0131,Current Account,2024-04-29 00:00:00.000000,87492
RM0079,Term Insurance,2023-12-19 00:00:00.000000,52697
RM0053,Term Insurance,2020-10-17 00:00:00.000000,14699
RM0014,Fixed Deposit,2025-08-15 00:00:00.000000,120401
RM0091,Gold Investment,2022-06-09 00:00:00.000000,178537
RM0069,Loan Against Property,2021-05-29 00:00:00.000000,21305
RM0074,Fixed Deposit,2022-09-09 00:00:00.000000,70977
RM0029,Life Insurance,2023-11-01 00:00:00.000000,102238
RM0088,Credit Card,2019-04-24 00:00:00.000000,48809
RM0090,Saving Account,2019-10-04 00:00:00.000000,29528
RM0224,Recurring Deposit,2019-11-28 00:00:00.000000,42557
RM0203,Life Insurance,2020-10-31 00:00:00.000000,45899
RM0164,Credit Card,2026-01-17 00:00:00.000000,35594
RM0108,Saving Account,2020-01-21 00:00:00.000000,142850
RM0111,Loan Against Property,2020-07-21 00:00:00.000000,78106
RM0042,Loan Against Property,2024-05-10 00:00:00.000000,23807
RM0125,Recurring Deposit,2022-05-13 00:00:00.000000,54041
RM0115,Saving Account,2023-03-01 00:00:00.000000,68348
RM0027,Life Insurance,2019-04-15 00:00:00.000000,17550
RM0186,Gold Investment,2025-11-01 00:00:00.000000,32191
RM0096,Gold Investment,2024-01-14 00:00:00.000000,127983
RM0039,Loan Against Property,2024-09-05 00:00:00.000000,51870
RM0128,Credit Card,2021-07-01 00:00:00.000000,22230
RM0110,Fixed Deposit,2021-12-08 00:00:00.000000,16550
RM0072,Recurring Deposit,2021-01-22 00:00:00.000000,46514
RM0084,Loan Against Property,2020-05-06 00:00:00.000000,49668
RM0126,Term Insurance,2026-02-23 10:32:43.377572,30354
RM0092,Gold Investment,2021-01-30 00:00:00.000000,59768
RM0156,Mutual Funds,2020-11-02 00:00:00.000000,13557
RM0135,Current Account,2021-04-08 00:00:00.000000,17840
RM0100,Credit Card,2023-01-14 00:00:00.000000,49513
RM0158,Health Insurance,2026-04-15 10:32:43.377604,13190
RM0122,Fixed Deposit,2026-02-19 00:00:00.000000,116393
RM0217,Gold Investment,2025-04-20 00:00:00.000000,17666
RM0063,ULIP,2022-01-26 00:00:00.000000,66030
RM0248,Fixed Deposit,2022-09-10 00:00:00.000000,34813
RM0016,Life Insurance,2021-01-27 00:00:00.000000,35523
RM0097,Life Insurance,2021-01-22 00:00:00.000000,82384
RM0176,Fixed Deposit,2023-12-07 00:00:00.000000,44603
RM0016,Gold Investment,2024-03-23 00:00:00.000000,74668
RM0121,Saving Account,2022-02-19 00:00:00.000000,45179
RM0231,Gold Investment,2021-01-03 00:00:00.000000,54935
RM0213,Loan Against Property,2025-11-09 00:00:00.000000,81504
RM0234,Gold Investment,2021-02-20 00:00:00.000000,56736
RM0236,Recurring Deposit,2020-11-17 00:00:00.000000,57805
RM0167,Credit Card,2025-08-18 00:00:00.000000,87846
RM0205,Gold Investment,2023-10-24 00:00:00.000000,158881
RM0151,Saving Account,2025-06-28 00:00:00.000000,33637
RM0187,Life Insurance,2026-05-29 00:00:00.000000,53033
RM0220,Term Insurance,2020-04-26 00:00:00.000000,14511
RM0010,Credit Card,2024-09-10 10:32:43.377641,32220
RM0117,Credit Card,2023-10-02 00:00:00.000000,36555
RM0020,Term Insurance,2022-10-17 00:00:00.000000,100162
RM0098,Term Insurance,2024-02-12 00:00:00.000000,46014
RM0105,Saving Account,2026-02-24 00:00:00.000000,75664
RM0114,Credit Card,2025-04-27 00:00:00.000000,10959
RM0013,Mutual Funds,2019-12-31 00:00:00.000000,41227
RM0113,Term Insurance,2022-08-07 00:00:00.000000,125792
RM0166,Health Insurance,2022-10-16 00:00:00.000000,88888888
RM0079,Recurring Deposit,2019-12-27 00:00:00.000000,22700
RM0059,Recurring Deposit,2024-02-29 00:00:00.000000,11601
RM0025,Loan Against Property,2021-04-12 00:00:00.000000,38405
RM0066,Life Insurance,2021-03-22 00:00:00.000000,70942
RM0196,Life Insurance,2024-02-23 00:00:00.000000,40299
RM0098,Health Insurance,2024-10-06 00:00:00.000000,40807
RM0114,Saving Account,2026-01-13 10:32:43.377676,65403
RM0034,Life Insurance,2025-11-05 00:00:00.000000,24677
RM0182,Saving Account,2019-03-11 00:00:00.000000,79694
RM0245,Gold Investment,2025-08-23 10:32:43.377707,18309
RM0050,Health Insurance,2021-07-24 00:00:00.000000,35188
RM0020,Credit Card,2025-11-17 00:00:00.000000,63356
RM0084,Credit Card,2020-03-24 00:00:00.000000,98120
RM0137,ULIP,2020-12-29 00:00:00.000000,88398
RM0138,Saving Account,2023-06-23 00:00:00.000000,25733
RM0230,Saving Account,2019-01-27 00:00:00.000000,28558
RM0020,Mutual Funds,2022-12-24 00:00:00.000000,73950
RM0025,Credit Card,2020-08-30 00:00:00.000000,32243
RM0093,Credit Card,2025-09-03 00:00:00.000000,16522
RM0172,Health Insurance,2021-06-02 00:00:00.000000,22220
RM0163,Gold Investment,2025-10-17 00:00:00.000000,110062
RM0204,Recurring Deposit,2023-02-15 00:00:00.000000,107361
RM0039,Loan Against Property,2026-03-19 10:32:43.377741,161372
RM0086,Mutual Funds,2022-04-30 00:00:00.000000,13951
RM0128,Gold Investment,2020-04-06 00:00:00.000000,48480
RM0031,Mutual Funds,2019-10-09 00:00:00.000000,62303
RM0109,Gold Investment,2024-04-17 00:00:00.000000,72007
RM0116,Life Insurance,2019-08-07 00:00:00.000000,61622
RM0069,Recurring Deposit,2021-06-12 00:00:00.000000,83486
RM0202,Mutual Funds,2022-01-09 00:00:00.000000,32273
RM0195,Current Account,2019-02-19 00:00:00.000000,19887
RM0182,Gold Investment,2024-10-13 00:00:00.000000,21444
RM0104,Current Account,2020-11-07 00:00:00.000000,10602
RM0190,ULIP,2024-10-01 10:32:43.377775,31563
RM0211,Current Account,2023-05-18 00:00:00.000000,14811
RM0061,Current Account,2024-10-10 00:00:00.000000,29392
RM0085,Credit Card,2022-01-29 00:00:00.000000,59471
RM0108,Saving Account,2019-10-27 00:00:00.000000,122441
RM0053,Mutual Funds,2023-08-18 00:00:00.000000,101505
RM0181,ULIP,2019-11-11 00:00:00.000000,24562
RM0206,Current Account,2023-12-19 00:00:00.000000,17198
RM0037,Mutual Funds,2023-06-30 00:00:00.000000,20726
RM0135,ULIP,2024-03-24 00:00:00.000000,186999
RM0224,Life Insurance,2019-10-30 00:00:00.000000,58204
RM0078,Gold Investment,2019-04-21 00:00:00.000000,49867
RM0148,Life Insurance,2026-07-23 00:00:00.000000,20075
RM0249,ULIP,2024-07-14 00:00:00.000000,101862
RM0113,Health Insurance,2025-07-05 10:32:43.377811,35142
RM0237,Life Insurance,2026-05-12 00:00:00.000000,124741
RM0165,Health Insurance,2021-07-07 00:00:00.000000,25101
RM0205,Gold Investment,2024-08-08 00:00:00.000000,34979
RM0118,Current Account,2020-09-13 00:00:00.000000,45154
RM0148,Credit Card,2024-07-17 00:00:00.000000,121566
RM0082,Term Insurance,2019-06-09 00:00:00.000000,111535
RM0234,Fixed Deposit,2020-08-08 00:00:00.000000,52707
RM0092,Loan Against Property,2024-07-28 00:00:00.000000,22537
RM0115,Health Insurance,2019-01-01 00:00:00.000000,35821
RM0164,Saving Account,2019-03-09 00:00:00.000000,195726
RM0229,Loan Against Property,2025-12-02 00:00:00.000000,56795
RM0064,Mutual Funds,2025-02-28 00:00:00.000000,85956
RM0060,Gold Investment,2020-10-03 00:00:00.000000,39879
RM0079,Loan Against Property,2020-04-23 00:00:00.000000,47965
RM0179,Life Insurance,2021-05-29 00:00:00.000000,31059
RM0224,Health Insurance,2020-09-07 00:00:00.000000,38014
RM0189,Life Insurance,2020-10-06 00:00:00.000000,70687
RM0118,Saving Account,2021-10-27 00:00:00.000000,105348
RM0204,Gold Investment,2021-08-01 00:00:00.000000,45399
RM0173,Loan Against Property,2024-07-13 00:00:00.000000,42779
RM0221,ULIP,2019-06-04 00:00:00.000000,30797
RM0131,ULIP,2024-04-22 00:00:00.000000,19745
RM0105,Loan Against Property,2023-08-15 00:00:00.000000,679722
RM0026,Fixed Deposit,2025-07-27 00:00:00.000000,150047
RM0145,Health Insurance,2019-05-03 00:00:00.000000,28995
RM0216,Saving Account,2020-07-18 00:00:00.000000,90645
RM0032,Mutual Funds,2026-03-19 00:00:00.000000,72824
RM0099,Saving Account,2024-11-13 10:32:43.377851,88251
RM0005,ULIP,2023-12-21 00:00:00.000000,148047
RM0093,Mutual Funds,2022-01-28 00:00:00.000000,58824
RM0036,Health Insurance,2019-09-09 00:00:00.000000,124114
RM0058,Gold Investment,2024-08-08 00:00:00.000000,19177
RM0011,Loan Against Property,2019-01-06 00:00:00.000000,59270
RM0074,Current Account,2021-10-26 00:00:00.000000,83980
RM0185,Saving Account,2024-04-21 00:00:00.000000,25848
RM0197,Health Insurance,2019-09-16 00:00:00.000000,77498
RM0218,Saving Account,2019-12-14 00:00:00.000000,85361
RM0207,Gold Investment,2022-05-09 00:00:00.000000,98948
RM0002,ULIP,2023-04-27 00:00:00.000000,28762
RM0227,ULIP,2020-01-28 00:00:00.000000,67223
RM0219,ULIP,2019-08-11 00:00:00.000000,28138
RM0225,Gold Investment,2024-06-04 00:00:00.000000,77169
RM0097,Credit Card,2023-08-10 00:00:00.000000,41085
RM0103,Term Insurance,2021-03-11 00:00:00.000000,55508
RM0155,Gold Investment,2020-08-26 00:00:00.000000,36879
RM0208,Credit Card,2023-11-12 00:00:00.000000,18835
RM0241,Credit Card,2020-01-27 00:00:00.000000,19802
RM0194,ULIP,2025-12-26 10:32:43.377888,14037
RM0124,Gold Investment,2019-10-18 00:00:00.000000,58126
RM0047,Recurring Deposit,2020-08-18 00:00:00.000000,104404
RM0235,Recurring Deposit,2021-12-07 00:00:00.000000,11052
RM0158,Recurring Deposit,2023-02-01 00:00:00.000000,13426
RM0145,Recurring Deposit,2022-09-02 00:00:00.000000,40575
RM0074,Life Insurance,2021-05-03 00:00:00.000000,76917
RM0149,Current Account,2026-01-19 00:00:00.000000,18581
RM0166,Life Insurance,2019-07-08 00:00:00.000000,25848
RM0171,Term Insurance,2024-01-30 00:00:00.000000,23198
RM0103,Fixed Deposit,2022-06-30 00:00:00.000000,175751
RM0086,Loan Against Property,2025-09-03 00:00:00.000000,35462
RM0173,Current Account,2022-01-20 00:00:00.000000,22744
RM0163,ULIP,2025-05-27 00:00:00.000000,31739
RM0141,Gold Investment,2019-08-01 00:00:00.000000,75197
RM0200,Gold Investment,2024-09-02 00:00:00.000000,57209
RM0227,Credit Card,2023-03-02 00:00:00.000000,14233
RM0141,Fixed Deposit,2020-05-13 00:00:00.000000,60770
RM0084,Loan Against Property,2020-06-22 00:00:00.000000,42416
RM0211,Current Account,2024-05-06 00:00:00.000000,146335
RM0245,Current Account,2021-07-08 00:00:00.000000,27075
RM0146,Gold Investment,2025-10-11 00:00:00.000000,74761
RM0081,Life Insurance,2020-01-05 00:00:00.000000,75626
RM0100,Life Insurance,2024-09-05 00:00:00.000000,22519
RM0171,ULIP,2022-01-07 00:00:00.000000,126767
RM0113,Life Insurance,2025-06-27 00:00:00.000000,43783
RM0056,Mutual Funds,2026-05-20 00:00:00.000000,66797
RM0008,Recurring Deposit,2026-03-05 00:00:00.000000,17882
RM0169,Current Account,2021-01-20 00:00:00.000000,24907
RM0036,Loan Against Property,2023-07-28 00:00:00.000000,54107
RM0192,Gold Investment,2026-06-07 00:00:00.000000,29211
RM0196,Term Insurance,2023-12-18 00:00:00.000000,44626
RM0245,Mutual Funds,2023-07-08 00:00:00.000000,33420
RM0215,Loan Against Property,2023-07-19 00:00:00.000000,61159
RM0087,Term Insurance,2025-01-03 10:32:43.377930,43388
RM0191,ULIP,2024-04-01 00:00:00.000000,10231
RM0046,Loan Against Property,2026-03-29 00:00:00.000000,62445
RM0057,Gold Investment,2025-12-15 00:00:00.000000,37419
RM0200,Term Insurance,2023-11-12 00:00:00.000000,30904
RM0249,Current Account,2021-11-01 00:00:00.000000,14943
RM0025,Life Insurance,2024-06-01 00:00:00.000000,22446
RM0117,Recurring Deposit,2026-06-29 00:00:00.000000,22665
RM0172,Fixed Deposit,2019-10-03 00:00:00.000000,146953
RM0150,Gold Investment,2026-08-03 00:00:00.000000,38326
RM0037,Mutual Funds,2019-05-14 00:00:00.000000,12148
RM0198,Health Insurance,2026-02-14 00:00:00.000000,17472
RM0098,Current Account,2021-06-22 00:00:00.000000,14116
RM0058,Current Account,2023-04-30 00:00:00.000000,54442
RM0174,ULIP,2023-02-16 00:00:00.000000,20327
RM0078,Loan Against Property,2019-12-21 00:00:00.000000,44513
RM0058,Gold Investment,2023-03-21 00:00:00.000000,33106
RM0041,Gold Investment,2026-02-26 00:00:00.000000,91450
RM0109,Mutual Funds,2022-09-13 00:00:00.000000,29319
RM0037,Credit Card,2021-05-26 00:00:00.000000,40648
RM0225,ULIP,2023-05-14 00:00:00.000000,73878
RM0194,Current Account,2024-06-29 00:00:00.000000,38400
RM0002,Mutual Funds,2025-08-04 00:00:00.000000,88803
RM0244,Recurring Deposit,2022-10-05 00:00:00.000000,64188
RM0118,Health Insurance,2026-01-07 10:32:43.377969,13596
RM0224,Term Insurance,2025-02-13 00:00:00.000000,36426
RM0246,ULIP,2019-05-05 00:00:00.000000,45057
RM0176,Term Insurance,2024-08-10 00:00:00.000000,180871
RM0140,Mutual Funds,2020-04-23 00:00:00.000000,64178
RM0151,Fixed Deposit,2022-11-14 00:00:00.000000,127691
RM0060,Credit Card,2025-12-11 00:00:00.000000,19846
RM0234,Saving Account,2022-12-29 00:00:00.000000,43008
RM0216,Health Insurance,2025-12-16 10:32:43.378001,129659
RM0081,Mutual Funds,2024-10-30 00:00:00.000000,29475
RM0228,Loan Against Property,2022-06-02 00:00:00.000000,181579
RM0145,Current Account,2026-05-01 00:00:00.000000,88888888
RM0213,ULIP,2023-10-16 00:00:00.000000,15105
RM0133,Life Insurance,2024-07-28 00:00:00.000000,126483
RM0104,Recurring Deposit,2025-04-29 00:00:00.000000,17354
RM0134,Life Insurance,2021-10-15 00:00:00.000000,39458
RM0009,Fixed Deposit,2024-03-15 00:00:00.000000,13830
RM0121,Loan Against Property,2020-06-11 00:00:00.000000,115814
RM0244,Saving Account,2019-07-27 00:00:00.000000,24513
RM0166,Health Insurance,2021-08-16 00:00:00.000000,11125
RM0153,Current Account,2020-03-17 00:00:00.000000,17297
RM0159,Health Insurance,2019-04-17 00:00:00.000000,63810
RM0100,Mutual Funds,2025-05-15 10:32:43.378037,200409
RM0059,Current Account,2021-03-10 00:00:00.000000,15908
RM0233,Health Insurance,2023-06-06 00:00:00.000000,40990
RM0198,Current Account,2024-03-08 00:00:00.000000,19961
RM0052,Term Insurance,2019-09-02 00:00:00.000000,78331
RM0238,ULIP,2020-09-24 00:00:00.000000,16281
RM0075,ULIP,2022-08-26 00:00:00.000000,23711
RM0213,Recurring Deposit,2019-05-24 00:00:00.000000,20933
RM0081,Recurring Deposit,2021-10-14 00:00:00.000000,50206
RM0039,Term Insurance,2023-10-05 00:00:00.000000,113250
RM0209,Credit Card,2025-09-28 10:32:43.378069,23844
RM0130,Recurring Deposit,2020-12-25 00:00:00.000000,90171
RM0152,Health Insurance,2023-12-29 00:00:00.000000,45778
RM0048,Saving Account,2026-08-03 00:00:00.000000,13000
RM0134,Saving Account,2019-08-04 00:00:00.000000,51435
RM0118,Mutual Funds,2023-12-12 00:00:00.000000,89855
RM0053,Mutual Funds,2020-04-07 00:00:00.000000,17087
RM0114,Mutual Funds,2025-05-22 10:32:43.378101,13774
RM0212,Gold Investment,2019-09-29 00:00:00.000000,20400
RM0144,Saving Account,2019-11-23 00:00:00.000000,78538
RM0065,Current Account,2022-10-08 00:00:00.000000,54785
RM0215,Loan Against Property,2022-12-31 00:00:00.000000,48891
RM0241,Credit Card,2021-10-17 00:00:00.000000,24349
RM0133,Life Insurance,2025-05-23 00:00:00.000000,30191
RM0191,Current Account,2021-09-07 00:00:00.000000,178900
RM0186,Life Insurance,2025-10-18 00:00:00.000000,23762
RM0199,Current Account,2022-08-04 00:00:00.000000,125958
RM0002,Saving Account,2022-01-18 00:00:00.000000,53438
RM0115,Gold Investment,2023-09-16 00:00:00.000000,16579
RM0021,Fixed Deposit,2021-01-28 00:00:00.000000,41491
RM0068,Mutual Funds,2021-04-20 00:00:00.000000,158355
RM0208,Credit Card,2021-07-17 00:00:00.000000,37112
RM0139,Fixed Deposit,2020-09-09 00:00:00.000000,109529
RM0233,Term Insurance,2025-10-07 00:00:00.000000,24814
RM0185,Gold Investment,2025-10-12 00:00:00.000000,52305
RM0192,Recurring Deposit,2023-09-05 00:00:00.000000,102847
RM0157,Term Insurance,2019-07-27 00:00:00.000000,28965
RM0109,Credit Card,2024-11-22 10:32:43.378138,136718
RM0063,Loan Against Property,2022-08-03 00:00:00.000000,43259
RM0106,Mutual Funds,2024-07-19 00:00:00.000000,61039
RM0053,Fixed Deposit,2025-11-01 00:00:00.000000,10149
RM0006,ULIP,2026-02-18 00:00:00.000000,24599
RM0051,Recurring Deposit,2026-04-30 00:00:00.000000,26335
RM0171,Current Account,2023-11-08 00:00:00.000000,14907
RM0092,Health Insurance,2022-10-23 00:00:00.000000,26404
RM0202,Term Insurance,2022-11-18 00:00:00.000000,29365
RM0062,Gold Investment,2026-02-15 10:32:43.378171,183312
RM0137,ULIP,2024-12-20 00:00:00.000000,65221
RM0056,Fixed Deposit,2026-03-24 00:00:00.000000,37756
RM0039,Saving Account,2022-08-11 00:00:00.000000,231369
RM0090,ULIP,2021-09-12 00:00:00.000000,18316
RM0055,Loan Against Property,2024-07-03 00:00:00.000000,42318
RM0227,Loan Against Property,2020-07-03 00:00:00.000000,62073
RM0086,Term Insurance,2020-12-02 00:00:00.000000,12859
RM0181,Current Account,2021-12-03 00:00:00.000000,73115
RM0167,ULIP,2023-09-20 00:00:00.000000,15260
RM0033,Credit Card,2026-04-10 00:00:00.000000,17557
RM0150,Gold Investment,2020-06-25 00:00:00.000000,18699
RM0145,Loan Against Property,2025-09-19 00:00:00.000000,142176
RM0135,Term Insurance,2021-01-18 00:00:00.000000,67479
RM0128,Loan Against Property,2020-10-24 00:00:00.000000,63272
RM0186,Mutual Funds,2024-06-30 00:00:00.000000,50539
RM0246,Mutual Funds,2022-10-11 00:00:00.000000,27322
RM0031,Recurring Deposit,2023-02-08 00:00:00.000000,58496
RM0101,Gold Investment,2025-03-18 00:00:00.000000,36394
RM0236,Fixed Deposit,2020-01-11 00:00:00.000000,17857
RM0206,Recurring Deposit,2026-01-30 00:00:00.000000,68494
RM0077,Health Insurance,2019-06-16 00:00:00.000000,16939
RM0141,Saving Account,2023-06-25 00:00:00.000000,20577
RM0149,Fixed Deposit,2019-01-23 00:00:00.000000,95104
RM0072,Term Insurance,2024-03-13 00:00:00.000000,63957
RM0248,Mutual Funds,2022-06-09 00:00:00.000000,59846
RM0145,Recurring Deposit,2019-04-17 00:00:00.000000,37081
RM0096,Recurring Deposit,2021-10-04 00:00:00.000000,35232
RM0174,Health Insurance,2022-06-15 00:00:00.000000,68601
RM0231,Credit Card,2022-10-26 00:00:00.000000,77354
RM0176,ULIP,2024-07-15 00:00:00.000000,48054
RM0242,Mutual Funds,2020-04-29 00:00:00.000000,45689
RM0059,Health Insurance,2024-01-21 00:00:00.000000,184124
RM0100,Recurring Deposit,2019-02-12 00:00:00.000000,165838
RM0218,Term Insurance,2022-10-20 00:00:00.000000,36587
RM0055,Mutual Funds,2025-10-11 00:00:00.000000,95913
RM0116,Life Insurance,2024-10-23 00:00:00.000000,88888888
RM0171,ULIP,2022-09-22 00:00:00.000000,49182
RM0214,Mutual Funds,2024-05-04 00:00:00.000000,45846
RM0194,Saving Account,2023-08-29 00:00:00.000000,12826
RM0115,Health Insurance,2022-01-18 00:00:00.000000,52662
RM0026,Gold Investment,2025-12-17 00:00:00.000000,125419
RM0163,Term Insurance,2023-06-25 00:00:00.000000,85736
RM0148,ULIP,2023-11-13 00:00:00.000000,87163
RM0007,Health Insurance,2025-03-02 10:32:43.378218,18713
RM0048,Health Insurance,2024-06-05 00:00:00.000000,32193
RM0221,Recurring Deposit,2019-07-04 00:00:00.000000,23276
RM0177,ULIP,2024-12-16 00:00:00.000000,28983
RM0019,Mutual Funds,2019-11-30 00:00:00.000000,88888888
RM0072,Credit Card,2023-12-14 00:00:00.000000,53320
RM0154,Current Account,2022-08-08 00:00:00.000000,32689
RM0216,Loan Against Property,2019-06-14 00:00:00.000000,51128
RM0054,Current Account,2023-01-27 00:00:00.000000,38857
RM0048,Mutual Funds,2024-12-04 10:32:43.378261,26886
RM0007,Current Account,2023-09-24 00:00:00.000000,15013
RM0150,Fixed Deposit,2026-06-02 00:00:00.000000,121206
RM0081,Fixed Deposit,2023-09-15 00:00:00.000000,10571
RM0023,ULIP,2023-09-22 00:00:00.000000,10082
RM0173,Term Insurance,2026-01-29 00:00:00.000000,97664
RM0060,ULIP,2024-10-24 00:00:00.000000,297401
RM0065,Fixed Deposit,2025-04-02 00:00:00.000000,74933
RM0221,Health Insurance,2025-12-01 10:32:43.378476,10769
RM0241,Term Insurance,2021-11-04 00:00:00.000000,22853
RM0126,Loan Against Property,2019-02-05 00:00:00.000000,188461
RM0227,ULIP,2023-07-19 00:00:00.000000,92670
RM0082,Credit Card,2026-06-29 10:32:43.378564,51827
RM0041,Gold Investment,2025-08-14 10:32:43.378607,23515
RM0015,Fixed Deposit,2025-03-24 10:32:43.378656,10723
RM0171,Term Insurance,2019-05-29 00:00:00.000000,11054
RM0185,Credit Card,2022-08-18 00:00:00.000000,57335
RM0174,Loan Against Property,2019-06-23 00:00:00.000000,11103
RM0105,ULIP,2021-05-19 00:00:00.000000,262808
RM0178,Fixed Deposit,2023-10-12 00:00:00.000000,20129
RM0201,Credit Card,2020-01-24 00:00:00.000000,72015
RM0131,Loan Against Property,2022-12-08 00:00:00.000000,18424
RM0107,Mutual Funds,2020-11-14 00:00:00.000000,48836
RM0117,Credit Card,2025-03-08 00:00:00.000000,14202
RM0046,ULIP,2020-03-12 00:00:00.000000,82788
RM0236,Life Insurance,2023-03-09 00:00:00.000000,53964
RM0023,Life Insurance,2021-06-28 00:00:00.000000,14505
RM0051,Fixed Deposit,2025-10-13 00:00:00.000000,104386
RM0197,Health Insurance,2025-05-16 10:32:43.378696,49595
RM0080,Current Account,2021-03-20 00:00:00.000000,137291
RM0161,Recurring Deposit,2022-10-19 00:00:00.000000,73775
RM0011,Health Insurance,2020-04-27 00:00:00.000000,134219
RM0045,Health Insurance,2022-12-06 00:00:00.000000,136604
RM0127,Term Insurance,2023-01-15 00:00:00.000000,14048
RM0217,Current Account,2020-05-25 00:00:00.000000,16446
RM0045,Loan Against Property,2024-12-07 00:00:00.000000,229931
RM0112,Gold Investment,2024-11-30 00:00:00.000000,43432
RM0103,Health Insurance,2021-10-15 00:00:00.000000,23604
RM0249,ULIP,2022-06-11 00:00:00.000000,51067
RM0229,Fixed Deposit,2026-04-02 00:00:00.000000,88888888
RM0135,Health Insurance,2019-07-07 00:00:00.000000,83410
RM0078,Recurring Deposit,2019-09-15 00:00:00.000000,25345
RM0007,Gold Investment,2025-11-16 00:00:00.000000,74953
RM0060,Credit Card,2023-03-16 00:00:00.000000,100787
RM0158,Fixed Deposit,2019-09-10 00:00:00.000000,86684
RM0002,Mutual Funds,2025-07-13 00:00:00.000000,19630
RM0189,Fixed Deposit,2021-10-08 00:00:00.000000,26013
RM0206,Credit Card,2023-04-27 00:00:00.000000,35676
RM0241,Loan Against Property,2025-04-21 00:00:00.000000,36657
RM0156,Life Insurance,2026-02-22 00:00:00.000000,43792
RM0206,Saving Account,2024-05-28 00:00:00.000000,19158
RM0114,Life Insurance,2022-03-13 00:00:00.000000,40116
RM0105,Credit Card,2019-02-15 00:00:00.000000,45747
RM0073,Mutual Funds,2022-10-19 00:00:00.000000,47933
RM0181,Credit Card,2022-11-27 00:00:00.000000,95712
RM0059,Credit Card,2021-07-15 00:00:00.000000,46421
RM0189,Gold Investment,2024-11-16 00:00:00.000000,23119
RM0185,Credit Card,2023-01-15 00:00:00.000000,64402
RM0220,Loan Against Property,2019-08-25 00:00:00.000000,626731
RM0050,Term Insurance,2020-03-06 00:00:00.000000,89804
RM0159,Gold Investment,2025-11-19 00:00:00.000000,29236
RM0231,Loan Against Property,2024-05-01 00:00:00.000000,61824
RM0236,Gold Investment,2021-01-28 00:00:00.000000,17946
RM0239,Mutual Funds,2019-06-29 00:00:00.000000,30921
RM0212,Recurring Deposit,2023-05-21 00:00:00.000000,129967
RM0120,Gold Investment,2024-09-22 00:00:00.000000,131129
RM0168,Loan Against Property,2019-11-15 00:00:00.000000,52821
RM0047,Saving Account,2025-01-13 00:00:00.000000,70592
RM0096,Loan Against Property,2024-03-19 00:00:00.000000,106212
RM0054,Mutual Funds,2019-08-03 00:00:00.000000,169167
RM0191,Loan Against Property,2025-05-29 00:00:00.000000,43656
RM0142,Credit Card,2025-10-07 00:00:00.000000,51228
RM0082,Saving Account,2020-01-09 00:00:00.000000,36862
RM0235,Loan Against Property,2025-04-30 00:00:00.000000,13735
RM0050,Saving Account,2025-10-17 10:32:43.378753,88888888
RM0041,Mutual Funds,2020-03-22 00:00:00.000000,37478
RM0047,Fixed Deposit,2021-03-05 00:00:00.000000,88181
RM0090,Credit Card,2026-01-13 00:00:00.000000,91708
RM0210,ULIP,2024-02-24 00:00:00.000000,121456
RM0015,Current Account,2022-05-05 00:00:00.000000,88888888
RM0163,Mutual Funds,2024-07-30 00:00:00.000000,12641
RM0071,Term Insurance,2019-04-07 00:00:00.000000,47449
RM0091,Credit Card,2022-03-31 00:00:00.000000,35038
RM0218,Life Insurance,2020-07-28 00:00:00.000000,15682
RM0160,Mutual Funds,2021-07-09 00:00:00.000000,21203
RM0108,Gold Investment,2025-09-22 00:00:00.000000,125237
RM0093,Current Account,2019-04-14 00:00:00.000000,44337
RM0043,Gold Investment,2022-04-26 00:00:00.000000,81053
RM0121,Term Insurance,2023-02-09 00:00:00.000000,13327
RM0064,Recurring Deposit,2023-05-09 00:00:00.000000,36963
RM0109,Health Insurance,2019-11-10 00:00:00.000000,66079
RM0238,Saving Account,2020-05-18 00:00:00.000000,17159
RM0135,Gold Investment,2019-11-20 00:00:00.000000,29712
RM0094,Current Account,2024-04-20 00:00:00.000000,13336
RM0106,Life Insurance,2019-05-13 00:00:00.000000,62682
RM0230,Saving Account,2021-07-25 00:00:00.000000,186835
RM0204,Recurring Deposit,2025-01-08 00:00:00.000000,97736
RM0109,ULIP,2023-05-13 00:00:00.000000,193695
RM0094,Term Insurance,2021-05-02 00:00:00.000000,103411
RM0105,Credit Card,2025-10-12 00:00:00.000000,106618
RM0203,Loan Against Property,2019-12-05 00:00:00.000000,53040
RM0066,Current Account,2023-06-13 00:00:00.000000,46516
RM0121,Credit Card,2021-05-15 00:00:00.000000,36065
RM0171,Loan Against Property,2019-02-10 00:00:00.000000,95213
RM0051,Credit Card,2020-06-12 00:00:00.000000,20048
RM0207,Mutual Funds,2026-02-03 00:00:00.000000,12893
RM0070,Health Insurance,2019-02-24 00:00:00.000000,157723
RM0171,ULIP,2025-02-27 00:00:00.000000,10189
RM0219,Current Account,2025-01-02 00:00:00.000000,198243
RM0035,Mutual Funds,2021-01-09 00:00:00.000000,75254
RM0124,ULIP,2022-12-10 00:00:00.000000,88888888
RM0086,Loan Against Property,2025-11-28 00:00:00.000000,29911
RM0046,Term Insurance,2026-03-29 00:00:00.000000,69836
RM0105,Saving Account,2020-05-11 00:00:00.000000,95153
RM0222,Fixed Deposit,2022-02-02 00:00:00.000000,24075
RM0011,ULIP,2025-06-16 00:00:00.000000,83678
RM0122,Health Insurance,2025-07-02 00:00:00.000000,91576
RM0189,Loan Against Property,2022-11-02 00:00:00.000000,24341
RM0232,Saving Account,2022-06-25 00:00:00.000000,12141
RM0179,Health Insurance,2025-03-30 00:00:00.000000,21415
RM0155,Credit Card,2022-07-07 00:00:00.000000,21197
RM0049,Term Insurance,2024-12-03 10:32:43.378823,13373
RM0139,Life Insurance,2025-05-20 00:00:00.000000,74732
RM0218,Gold Investment,2021-12-02 00:00:00.000000,33899
RM0083,Credit Card,2021-03-09 00:00:00.000000,117874
RM0166,Current Account,2022-03-27 00:00:00.000000,24529
RM0228,Health Insurance,2023-07-23 00:00:00.000000,40186
RM0026,Saving Account,2023-02-01 00:00:00.000000,60946
RM0183,Loan Against Property,2019-03-31 00:00:00.000000,114967
RM0221,Loan Against Property,2025-09-22 00:00:00.000000,47182
RM0014,Loan Against Property,2021-11-26 00:00:00.000000,33382
RM0182,Loan Against Property,2022-02-18 00:00:00.000000,110875
RM0115,Current Account,2026-02-25 00:00:00.000000,28571
RM0101,ULIP,2026-04-07 00:00:00.000000,14137
RM0143,Current Account,2021-02-23 00:00:00.000000,39443
RM0013,Gold Investment,2026-05-24 10:32:43.378863,86877
RM0003,Recurring Deposit,2025-09-21 00:00:00.000000,11563
RM0078,Saving Account,2023-05-26 00:00:00.000000,54080
RM0007,Term Insurance,2024-11-22 00:00:00.000000,55127
RM0025,Gold Investment,2021-06-02 00:00:00.000000,141932
RM0238,ULIP,2021-01-25 00:00:00.000000,26876
RM0075,Saving Account,2022-03-30 00:00:00.000000,26344
RM0211,Saving Account,2019-04-26 00:00:00.000000,39034
RM0079,Mutual Funds,2025-03-08 00:00:00.000000,69535
RM0227,Current Account,2019-11-18 00:00:00.000000,32073
RM0003,Recurring Deposit,2022-11-14 00:00:00.000000,76655
RM0048,Credit Card,2025-07-11 00:00:00.000000,61326
RM0222,ULIP,2020-11-13 00:00:00.000000,81131
RM0041,Health Insurance,2025-04-09 00:00:00.000000,95751
RM0057,Recurring Deposit,2024-03-11 00:00:00.000000,138185
RM0212,Recurring Deposit,2023-06-24 00:00:00.000000,38188
RM0169,Recurring Deposit,2025-08-10 00:00:00.000000,218986
RM0249,Credit Card,2025-09-14 00:00:00.000000,22145
RM0098,Fixed Deposit,2022-02-06 00:00:00.000000,72652
RM0249,Current Account,2022-08-07 00:00:00.000000,48179
RM0207,Mutual Funds,2024-06-24 00:00:00.000000,94886
RM0055,Term Insurance,2024-02-22 00:00:00.000000,42386
RM0155,ULIP,2022-05-10 00:00:00.000000,86609
RM0011,Gold Investment,2024-07-10 00:00:00.000000,53836
RM0004,ULIP,2020-08-17 00:00:00.000000,143083
RM0148,Current Account,2020-09-30 00:00:00.000000,75893
RM0053,Health Insurance,2019-11-27 00:00:00.000000,84826
RM0039,ULIP,2021-02-27 00:00:00.000000,13476
RM0096,Recurring Deposit,2023-08-10 00:00:00.000000,21467
RM0038,ULIP,2022-08-05 00:00:00.000000,193070
RM0062,Loan Against Property,2025-06-15 00:00:00.000000,69075
RM0145,ULIP,2023-12-09 00:00:00.000000,51213
RM0099,Life Insurance,2024-11-09 00:00:00.000000,32862
RM0102,Mutual Funds,2025-04-16 00:00:00.000000,12270
RM0099,Saving Account,2025-08-26 00:00:00.000000,33033
RM0005,Loan Against Property,2025-07-02 00:00:00.000000,44548
RM0048,Term Insurance,2021-12-27 00:00:00.000000,21878
RM0078,Saving Account,2025-04-30 00:00:00.000000,19505
RM0140,Gold Investment,2023-07-20 00:00:00.000000,45506
RM0177,Mutual Funds,2021-01-13 00:00:00.000000,54082
RM0101,Recurring Deposit,2019-04-05 00:00:00.000000,23716
RM0040,Loan Against Property,2024-11-10 00:00:00.000000,54262
RM0206,Life Insurance,2020-03-22 00:00:00.000000,125299
RM0176,Life Insurance,2021-06-22 00:00:00.000000,42044
RM0213,Health Insurance,2026-03-15 10:32:43.378913,107382
RM0064,Current Account,2025-04-07 00:00:00.000000,141051
RM0111,Current Account,2022-12-22 00:00:00.000000,14847
RM0008,Current Account,2022-03-30 00:00:00.000000,15035
RM0002,Credit Card,2025-09-06 00:00:00.000000,42317
RM0073,Life Insurance,2026-01-31 10:32:43.378949,54349
RM0052,Recurring Deposit,2026-02-27 00:00:00.000000,37746
RM0054,Health Insurance,2021-10-16 00:00:00.000000,29759
RM0149,Term Insurance,2023-12-24 00:00:00.000000,61220
RM0127,Credit Card,2024-09-02 10:32:43.378991,10104
RM0177,Term Insurance,2022-09-06 00:00:00.000000,182215
RM0213,Loan Against Property,2020-03-19 00:00:00.000000,23203
RM0206,Term Insurance,2023-01-09 00:00:00.000000,134505
RM0036,ULIP,2024-11-03 10:32:43.379035,15771
RM0089,Health Insurance,2019-07-20 00:00:00.000000,23596
RM0245,Current Account,2019-07-28 00:00:00.000000,23385
RM0105,Gold Investment,2023-04-17 00:00:00.000000,288021
RM0149,Term Insurance,2022-02-23 00:00:00.000000,10230
RM0026,Health Insurance,2023-11-25 00:00:00.000000,61032
RM0221,Loan Against Property,2024-01-17 00:00:00.000000,111890
RM0112,Current Account,2019-01-11 00:00:00.000000,65778
RM0219,ULIP,2023-10-01 00:00:00.000000,32528
RM0064,Loan Against Property,2019-06-10 00:00:00.000000,168873
RM0024,Current Account,2022-08-19 00:00:00.000000,121990
RM0115,Health Insurance,2024-11-09 00:00:00.000000,38454
RM0049,Gold Investment,2020-03-28 00:00:00.000000,52587
RM0133,Mutual Funds,2022-10-17 00:00:00.000000,181355
RM0175,Health Insurance,2023-10-19 00:00:00.000000,212450
RM0156,ULIP,2020-11-19 00:00:00.000000,39875
RM0109,Mutual Funds,2024-04-08 00:00:00.000000,103980
RM0238,Current Account,2025-09-11 00:00:00.000000,27975
RM0086,Health Insurance,2025-02-11 10:32:43.379075,33245
RM0081,Recurring Deposit,2024-06-09 00:00:00.000000,19005
RM0145,Current Account,2022-01-09 00:00:00.000000,21734
RM0121,Gold Investment,2019-09-22 00:00:00.000000,63482
RM0235,Term Insurance,2019-01-31 00:00:00.000000,45747
RM0185,Mutual Funds,2023-08-20 00:00:00.000000,23141
RM0156,Credit Card,2026-04-12 10:32:43.379112,35784
RM0069,Life Insurance,2025-04-20 10:32:43.379147,33355
RM0081,Life Insurance,2019-06-13 00:00:00.000000,35515
RM0066,Term Insurance,2024-02-25 00:00:00.000000,228545
RM0028,Gold Investment,2021-08-01 00:00:00.000000,106058
RM0113,Life Insurance,2023-10-11 00:00:00.000000,34548
RM0186,Current Account,2022-11-02 00:00:00.000000,132621
RM0250,Current Account,2020-07-29 00:00:00.000000,30975
RM0192,Mutual Funds,2025-04-27 00:00:00.000000,65116
RM0236,Mutual Funds,2023-05-01 00:00:00.000000,180034
RM0246,Fixed Deposit,2025-01-19 00:00:00.000000,34737
RM0076,Credit Card,2022-12-06 00:00:00.000000,66953
RM0096,Saving Account,2021-07-19 00:00:00.000000,27543
RM0157,Recurring Deposit,2025-12-02 00:00:00.000000,25483
RM0059,ULIP,2022-09-02 00:00:00.000000,52684
RM0198,Loan Against Property,2019-10-30 00:00:00.000000,203795
RM0165,Life Insurance,2019-12-21 00:00:00.000000,40177
RM0237,Gold Investment,2022-10-02 00:00:00.000000,148739
RM0196,ULIP,2020-09-04 00:00:00.000000,132882
RM0157,Current Account,2019-02-04 00:00:00.000000,24635
RM0024,Life Insurance,2019-12-05 00:00:00.000000,35693
RM0070,Credit Card,2025-10-29 00:00:00.000000,61543
RM0165,Fixed Deposit,2025-09-08 10:32:43.379190,46495
RM0054,Gold Investment,2024-03-09 00:00:00.000000,15044
RM0008,Health Insurance,2026-02-19 00:00:00.000000,263344
RM0061,Credit Card,2024-12-07 00:00:00.000000,79848
RM0114,Health Insurance,2022-04-11 00:00:00.000000,38785
RM0060,ULIP,2020-11-23 00:00:00.000000,58138
RM0002,Life Insurance,2024-01-26 00:00:00.000000,14582
RM0002,Life Insurance,2022-02-14 00:00:00.000000,44189
RM0087,Life Insurance,2026-06-04 00:00:00.000000,143561
RM0181,ULIP,2021-04-09 00:00:00.000000,123457
RM0244,Health Insurance,2026-07-14 00:00:00.000000,30577
RM0230,Mutual Funds,2022-11-10 00:00:00.000000,47896
RM0002,Health Insurance,2024-05-29 00:00:00.000000,69764
RM0111,Loan Against Property,2024-12-08 00:00:00.000000,30776
RM0069,Current Account,2023-02-03 00:00:00.000000,13353
RM0157,ULIP,2025-03-26 00:00:00.000000,45204
RM0115,Credit Card,2024-02-07 00:00:00.000000,56019
RM0108,Fixed Deposit,2019-04-23 00:00:00.000000,10292
RM0064,Loan Against Property,2025-08-29 00:00:00.000000,15022
RM0241,Life Insurance,2020-03-07 00:00:00.000000,21614
RM0244,Mutual Funds,2020-09-18 00:00:00.000000,31389
RM0162,Loan Against Property,2019-05-20 00:00:00.000000,48940
RM0207,Fixed Deposit,2024-03-26 00:00:00.000000,27395
RM0138,Saving Account,2021-09-03 00:00:00.000000,26160
RM0006,Life Insurance,2023-11-11 00:00:00.000000,111761
RM0102,Current Account,2024-10-07 00:00:00.000000,17835
RM0151,Mutual Funds,2025-02-02 10:32:43.379233,44205
RM0166,Current Account,2024-12-26 10:32:43.379294,162694
RM0198,Term Insurance,2019-02-11 00:00:00.000000,59043
RM0217,Current Account,2019-06-04 00:00:00.000000,73151
RM0100,Gold Investment,2021-04-18 00:00:00.000000,38214
RM0133,Health Insurance,2022-11-11 00:00:00.000000,11006
RM0158,Gold Investment,2020-10-01 00:00:00.000000,61941
RM0107,Health Insurance,2026-02-21 00:00:00.000000,59973
RM0137,Current Account,2019-09-10 00:00:00.000000,15850
RM0170,Term Insurance,2024-10-03 00:00:00.000000,41009
RM0102,Recurring Deposit,2024-10-29 10:32:43.379337,133449
RM0061,Saving Account,2025-10-14 10:32:43.379375,21475
RM0128,Fixed Deposit,2023-10-13 00:00:00.000000,40911
RM0180,Term Insurance,2024-04-01 00:00:00.000000,40911
RM0189,Term Insurance,2019-04-22 00:00:00.000000,93237
RM0002,Term Insurance,2024-08-09 00:00:00.000000,97027
RM0146,Recurring Deposit,2024-05-04 00:00:00.000000,81203
RM0087,Mutual Funds,2019-07-15 00:00:00.000000,32742
RM0162,Credit Card,2022-04-09 00:00:00.000000,13738
RM0208,Health Insurance,2022-01-18 00:00:00.000000,88888888
RM0181,Term Insurance,2025-03-11 00:00:00.000000,31499
RM0180,Saving Account,2020-03-09 00:00:00.000000,66939
RM0089,ULIP,2023-01-16 00:00:00.000000,70658
RM0128,Credit Card,2025-11-22 00:00:00.000000,177620
RM0242,Recurring Deposit,2020-11-10 00:00:00.000000,40223
RM0121,Mutual Funds,2022-04-12 00:00:00.000000,60042
RM0173,Life Insurance,2024-12-29 00:00:00.000000,48738
RM0054,Mutual Funds,2024-09-26 00:00:00.000000,18162
RM0110,Gold Investment,2020-10-19 00:00:00.000000,40920
RM0051,Mutual Funds,2021-09-01 00:00:00.000000,49354
RM0236,Term Insurance,2021-05-12 00:00:00.000000,160541
RM0216,Loan Against Property,2019-02-03 00:00:00.000000,32827
RM0124,Term Insurance,2021-07-30 00:00:00.000000,205849
RM0246,ULIP,2022-06-15 00:00:00.000000,49077
RM0096,Gold Investment,2025-02-12 00:00:00.000000,23884
RM0196,Current Account,2026-08-02 00:00:00.000000,20638
RM0103,Mutual Funds,2024-03-01 00:00:00.000000,17639
RM0198,ULIP,2026-01-21 10:32:43.379417,40159
RM0184,Loan Against Property,2019-12-15 00:00:00.000000,915049
RM0234,Recurring Deposit,2020-10-04 00:00:00.000000,11108
RM0126,Term Insurance,2026-04-27 00:00:00.000000,39443
RM0234,Fixed Deposit,2025-08-11 10:32:43.379450,108924
RM0249,Loan Against Property,2023-11-08 00:00:00.000000,232857
RM0221,Recurring Deposit,2019-01-30 00:00:00.000000,65449
RM0110,Health Insurance,2022-04-23 00:00:00.000000,81311
RM0189,Mutual Funds,2020-04-09 00:00:00.000000,16335
RM0011,Current Account,2021-06-11 00:00:00.000000,42037
RM0187,Gold Investment,2021-01-23 00:00:00.000000,26859
RM0052,Mutual Funds,2019-08-23 00:00:00.000000,122261
RM0146,Recurring Deposit,2023-05-07 00:00:00.000000,20001
RM0071,Term Insurance,2023-09-08 00:00:00.000000,40692
RM0241,ULIP,2019-10-30 00:00:00.000000,54342
RM0110,Current Account,2021-07-04 00:00:00.000000,46081
RM0084,Credit Card,2021-01-26 00:00:00.000000,98669
RM0030,Life Insurance,2024-08-11 00:00:00.000000,23162
RM0230,Saving Account,2025-02-05 00:00:00.000000,33691
RM0195,Gold Investment,2024-01-22 00:00:00.000000,88531
RM0138,Current Account,2024-05-08 00:00:00.000000,47546
RM0140,Credit Card,2026-04-01 00:00:00.000000,35718
RM0013,Term Insurance,2023-09-23 00:00:00.000000,11494
RM0021,Recurring Deposit,2020-05-29 00:00:00.000000,79996
RM0091,Health Insurance,2026-06-01 00:00:00.000000,189103
RM0241,Current Account,2026-06-21 00:00:00.000000,58416
RM0092,Loan Against Property,2024-03-16 00:00:00.000000,107085
RM0032,Gold Investment,2020-08-20 00:00:00.000000,46374
RM0103,Credit Card,2021-11-24 00:00:00.000000,23177
RM0046,Gold Investment,2019-01-20 00:00:00.000000,10727
RM0081,Gold Investment,2024-09-30 10:32:43.379500,41332
RM0234,Recurring Deposit,2024-06-01 00:00:00.000000,62978
RM0037,Current Account,2020-04-09 00:00:00.000000,43972
RM0001,Life Insurance,2025-05-10 00:00:00.000000,86185
RM0196,Fixed Deposit,2024-08-02 00:00:00.000000,69320
RM0205,Recurring Deposit,2026-05-02 00:00:00.000000,230944
RM0078,ULIP,2021-09-11 00:00:00.000000,45699
RM0136,Saving Account,2023-10-25 00:00:00.000000,37858
RM0115,Credit Card,2026-04-22 00:00:00.000000,26895
RM0238,Mutual Funds,2021-11-07 00:00:00.000000,42395
RM0227,Gold Investment,2023-12-02 00:00:00.000000,113127
RM0116,Recurring Deposit,2024-07-15 00:00:00.000000,12168
RM0172,Life Insurance,2022-04-29 00:00:00.000000,200608
RM0145,Mutual Funds,2023-03-26 00:00:00.000000,260336
RM0217,Current Account,2020-08-30 00:00:00.000000,55542
RM0155,Loan Against Property,2026-05-10 00:00:00.000000,30139
RM0006,Recurring Deposit,2024-08-26 00:00:00.000000,22618
RM0051,Mutual Funds,2023-06-17 00:00:00.000000,26182
RM0220,Term Insurance,2020-04-23 00:00:00.000000,12570
RM0238,Current Account,2026-02-06 10:32:43.379543,42228
RM0002,Term Insurance,2026-03-30 00:00:00.000000,12951
RM0017,Current Account,2022-10-19 00:00:00.000000,73376
RM0199,Term Insurance,2021-03-26 00:00:00.000000,33255
RM0233,Current Account,2023-06-12 00:00:00.000000,21117
RM0226,ULIP,2019-02-07 00:00:00.000000,49356
RM0041,Saving Account,2019-12-01 00:00:00.000000,192022
RM0210,Saving Account,2022-05-26 00:00:00.000000,69393
RM0173,Health Insurance,2022-12-13 00:00:00.000000,43838
RM0152,Health Insurance,2020-06-10 00:00:00.000000,85009
RM0250,Gold Investment,2024-01-17 00:00:00.000000,76870
RM0145,Current Account,2025-05-06 00:00:00.000000,121158
RM0107,Gold Investment,2022-03-31 00:00:00.000000,21449
RM0191,ULIP,2021-09-02 00:00:00.000000,107906
RM0036,Gold Investment,2020-11-08 00:00:00.000000,27907
RM0007,Recurring Deposit,2025-02-26 00:00:00.000000,151509
RM0223,Fixed Deposit,2025-02-07 00:00:00.000000,26499
RM0188,Term Insurance,2024-01-23 00:00:00.000000,140761
RM0187,Mutual Funds,2022-03-07 00:00:00.000000,175921
RM0095,Health Insurance,2020-06-02 00:00:00.000000,17861
RM0140,ULIP,2022-03-20 00:00:00.000000,193453
RM0003,Life Insurance,2023-04-15 00:00:00.000000,14481
RM0212,Current Account,2024-07-09 00:00:00.000000,22331
RM0037,Recurring Deposit,2025-08-12 10:32:43.379586,39364
RM0173,Gold Investment,2026-01-08 00:00:00.000000,262552
RM0021,Current Account,2025-07-10 00:00:00.000000,43526
RM0115,Health Insurance,2020-02-26 00:00:00.000000,49970
RM0190,Saving Account,2020-09-07 00:00:00.000000,69277
RM0198,Gold Investment,2025-11-25 00:00:00.000000,182561
RM0237,Loan Against Property,2019-06-19 00:00:00.000000,86473
RM0082,Life Insurance,2021-11-22 00:00:00.000000,22690
RM0101,Term Insurance,2022-05-02 00:00:00.000000,28047
RM0239,Credit Card,2025-04-27 00:00:00.000000,15136
RM0147,Fixed Deposit,2026-07-23 00:00:00.000000,61704
RM0134,Term Insurance,2024-12-16 00:00:00.000000,19967
RM0109,Health Insurance,2020-03-22 00:00:00.000000,24880
RM0244,Loan Against Property,2020-11-18 00:00:00.000000,119513
RM0158,Term Insurance,2019-06-23 00:00:00.000000,29782
RM0016,Gold Investment,2019-11-21 00:00:00.000000,51810
RM0079,Life Insurance,2022-04-13 00:00:00.000000,35338
RM0207,Recurring Deposit,2021-06-29 00:00:00.000000,13845
RM0221,Fixed Deposit,2023-07-24 00:00:00.000000,32538
RM0098,Life Insurance,2019-07-29 00:00:00.000000,36218
RM0062,Credit Card,2026-06-06 10:32:43.379629,123024
RM0125,Health Insurance,2026-05-28 00:00:00.000000,29611
RM0142,Gold Investment,2020-03-13 00:00:00.000000,33840
RM0112,ULIP,2022-09-12 00:00:00.000000,86369
RM0146,Health Insurance,2023-05-16 00:00:00.000000,81138
RM0200,Health Insurance,2022-08-07 00:00:00.000000,90045
RM0095,Health Insurance,2019-01-08 00:00:00.000000,163707
RM0144,Gold Investment,2023-02-15 00:00:00.000000,89373
RM0106,Term Insurance,2022-08-21 00:00:00.000000,36179
RM0004,Mutual Funds,2025-10-10 00:00:00.000000,96160
RM0177,Credit Card,2021-10-18 00:00:00.000000,45532
RM0178,Term Insurance,2024-04-17 00:00:00.000000,26266
RM0118,Saving Account,2026-01-13 00:00:00.000000,28042
RM0246,Loan Against Property,2020-08-18 00:00:00.000000,22669
RM0101,Current Account,2022-02-17 00:00:00.000000,17832
RM0232,Credit Card,2022-08-20 00:00:00.000000,20197
RM0248,Recurring Deposit,2021-01-03 00:00:00.000000,13263
RM0007,Current Account,2023-01-05 00:00:00.000000,119664
RM0007,Health Insurance,2026-05-07 00:00:00.000000,143688
RM0067,Term Insurance,2023-10-17 00:00:00.000000,54187
RM0156,Life Insurance,2025-10-26 00:00:00.000000,101782
RM0040,Loan Against Property,2024-02-24 00:00:00.000000,20140
RM0177,Life Insurance,2026-03-10 10:32:43.379671,125973
RM0015,ULIP,2022-01-26 00:00:00.000000,45297
RM0193,Fixed Deposit,2024-06-30 00:00:00.000000,13476
RM0198,Recurring Deposit,2023-08-28 00:00:00.000000,17617
RM0179,Saving Account,2022-01-30 00:00:00.000000,28479
RM0159,Loan Against Property,2025-01-24 00:00:00.000000,12226
RM0208,ULIP,2024-01-22 00:00:00.000000,28502
RM0213,Loan Against Property,2023-09-04 00:00:00.000000,13090
RM0219,Life Insurance,2020-12-23 00:00:00.000000,23461
RM0080,Saving Account,2025-08-22 00:00:00.000000,25439
RM0145,Health Insurance,2022-04-13 00:00:00.000000,268973
RM0219,Fixed Deposit,2022-11-11 00:00:00.000000,23429
RM0045,Current Account,2020-07-13 00:00:00.000000,23668
RM0185,Loan Against Property,2026-01-19 00:00:00.000000,68043
RM0029,Recurring Deposit,2021-08-09 00:00:00.000000,108076
RM0068,Life Insurance,2025-10-26 00:00:00.000000,34474
RM0058,Recurring Deposit,2022-05-14 00:00:00.000000,114219
RM0106,Gold Investment,2024-04-23 00:00:00.000000,30786
RM0231,Recurring Deposit,2022-03-07 00:00:00.000000,20971
RM0172,Gold Investment,2023-01-13 00:00:00.000000,29996
RM0164,Saving Account,2023-11-30 00:00:00.000000,56997
RM0237,Saving Account,2026-06-06 00:00:00.000000,32875
RM0069,Life Insurance,2026-02-16 00:00:00.000000,65873
RM0047,Saving Account,2025-12-28 00:00:00.000000,23520
RM0145,Mutual Funds,2024-06-25 00:00:00.000000,70364
RM0173,Mutual Funds,2026-02-12 00:00:00.000000,31342
RM0206,Credit Card,2026-05-26 00:00:00.000000,40428
RM0141,Credit Card,2019-04-15 00:00:00.000000,50793
RM0139,Saving Account,2025-08-11 00:00:00.000000,67953
RM0065,ULIP,2024-12-12 00:00:00.000000,23637
RM0100,Saving Account,2020-02-26 00:00:00.000000,100377
RM0178,Health Insurance,2020-08-08 00:00:00.000000,73978
RM0229,Recurring Deposit,2026-03-31 00:00:00.000000,23335
RM0230,Loan Against Property,2023-12-20 00:00:00.000000,194393
RM0153,Term Insurance,2024-09-28 10:32:43.379718,64650
RM0023,Health Insurance,2021-01-01 00:00:00.000000,40112
RM0192,Term Insurance,2020-12-10 00:00:00.000000,18570
RM0196,Mutual Funds,2023-04-10 00:00:00.000000,48094
RM0099,Life Insurance,2023-07-15 00:00:00.000000,19002
RM0032,Life Insurance,2019-07-12 00:00:00.000000,38061
RM0088,Credit Card,2023-02-17 00:00:00.000000,36272
RM0091,Life Insurance,2021-05-29 00:00:00.000000,73637
RM0075,Gold Investment,2025-02-23 00:00:00.000000,20683
RM0086,ULIP,2019-07-19 00:00:00.000000,96262
RM0240,Recurring Deposit,2020-03-15 00:00:00.000000,29736
RM0044,Term Insurance,2025-04-22 00:00:00.000000,39348
RM0249,Current Account,2021-10-18 00:00:00.000000,83995
RM0180,Saving Account,2021-05-01 00:00:00.000000,59093
RM0213,Loan Against Property,2019-07-28 00:00:00.000000,28410
RM0196,Credit Card,2019-06-18 00:00:00.000000,34404
RM0073,Saving Account,2024-03-25 00:00:00.000000,28248
RM0079,Credit Card,2022-01-08 00:00:00.000000,55165
RM0098,Health Insurance,2021-10-17 00:00:00.000000,30220
RM0177,ULIP,2023-09-28 00:00:00.000000,74676
RM0114,Recurring Deposit,2023-09-19 00:00:00.000000,53349
RM0159,Recurring Deposit,2023-11-06 00:00:00.000000,17874
RM0173,Life Insurance,2026-07-01 00:00:00.000000,28572
RM0043,Current Account,2020-11-14 00:00:00.000000,22515
RM0105,Loan Against Property,2019-10-22 00:00:00.000000,34740
RM0191,Gold Investment,2025-10-17 00:00:00.000000,46281
RM0087,Loan Against Property,2025-08-04 10:32:43.379762,45338
RM0019,Fixed Deposit,2022-07-30 00:00:00.000000,80227
RM0067,Life Insurance,2025-06-17 00:00:00.000000,20484
RM0152,Term Insurance,2021-04-16 00:00:00.000000,156378
RM0056,Life Insurance,2026-06-21 00:00:00.000000,30991
RM0113,Gold Investment,2024-09-23 00:00:00.000000,27851
RM0248,Term Insurance,2022-03-18 00:00:00.000000,67787
RM0216,Term Insurance,2026-06-21 00:00:00.000000,91870
RM0222,ULIP,2026-02-13 00:00:00.000000,33778
RM0192,Fixed Deposit,2024-04-06 00:00:00.000000,78688
RM0243,Health Insurance,2024-09-20 10:32:43.379799,117594
RM0160,Credit Card,2024-01-24 00:00:00.000000,82793
RM0223,Loan Against Property,2026-06-07 00:00:00.000000,11739
RM0040,Recurring Deposit,2024-08-16 00:00:00.000000,97829
RM0197,Health Insurance,2022-02-18 00:00:00.000000,84467
RM0140,Recurring Deposit,2021-11-19 00:00:00.000000,65325
RM0008,ULIP,2023-07-15 00:00:00.000000,81360
RM0245,Health Insurance,2019-08-20 00:00:00.000000,204184
RM0041,Life Insurance,2025-12-07 00:00:00.000000,38203
RM0149,Health Insurance,2026-02-19 00:00:00.000000,32530
RM0096,Mutual Funds,2024-03-03 00:00:00.000000,13479
RM0189,Saving Account,2021-04-10 00:00:00.000000,40891
RM0066,Health Insurance,2021-02-26 00:00:00.000000,12377
RM0154,Loan Against Property,2019-10-19 00:00:00.000000,27424
RM0185,Life Insurance,2020-10-30 00:00:00.000000,54200
RM0086,Gold Investment,2019-04-28 00:00:00.000000,28525
RM0175,Current Account,2025-04-23 00:00:00.000000,67821
RM0176,Recurring Deposit,2023-09-16 00:00:00.000000,85824
RM0084,Credit Card,2019-08-27 00:00:00.000000,96294
RM0078,Loan Against Property,2026-03-01 00:00:00.000000,37274
RM0179,Loan Against Property,2021-06-28 00:00:00.000000,125198
RM0174,Credit Card,2020-02-10 00:00:00.000000,14160
RM0234,Saving Account,2025-05-25 00:00:00.000000,101664
RM0224,ULIP,2021-09-06 00:00:00.000000,98179
RM0219,Term Insurance,2021-07-16 00:00:00.000000,29429
RM0081,Gold Investment,2023-07-10 00:00:00.000000,27742
RM0195,Gold Investment,2024-01-30 00:00:00.000000,28199
RM0089,Recurring Deposit,2023-12-22 00:00:00.000000,93404
RM0084,Gold Investment,2020-07-06 00:00:00.000000,99086
RM0216,Saving Account,2024-04-11 00:00:00.000000,30003
RM0043,Gold Investment,2020-03-16 00:00:00.000000,54896
RM0174,Life Insurance,2019-04-23 00:00:00.000000,17479
RM0068,Recurring Deposit,2021-12-30 00:00:00.000000,41628
RM0047,Current Account,2019-11-22 00:00:00.000000,345974
RM0207,ULIP,2023-04-08 00:00:00.000000,18648
RM0120,Credit Card,2022-11-20 00:00:00.000000,157406
RM0146,Fixed Deposit,2019-12-14 00:00:00.000000,96935
RM0162,Current Account,2020-01-12 00:00:00.000000,28044
RM0217,Current Account,2021-10-07 00:00:00.000000,189162
RM0247,Saving Account,2025-01-15 00:00:00.000000,19896
RM0208,Loan Against Property,2021-04-10 00:00:00.000000,22009
RM0063,Credit Card,2025-02-18 00:00:00.000000,10850
RM0090,Loan Against Property,2019-09-19 00:00:00.000000,74495
RM0049,Recurring Deposit,2026-03-14 00:00:00.000000,61654
RM0092,Gold Investment,2026-02-18 00:00:00.000000,19804
RM0219,Life Insurance,2024-05-07 00:00:00.000000,88305
RM0159,Saving Account,2021-05-28 00:00:00.000000,27776
RM0217,Saving Account,2022-05-24 00:00:00.000000,17251
RM0014,ULIP,2023-09-23 00:00:00.000000,37457
RM0182,Saving Account,2024-02-22 00:00:00.000000,14768
RM0004,Credit Card,2026-03-23 00:00:00.000000,25274
RM0133,Current Account,2025-08-02 00:00:00.000000,33207
RM0059,Loan Against Property,2020-05-10 00:00:00.000000,88888888
RM0052,Current Account,2024-11-05 00:00:00.000000,105481
RM0173,Mutual Funds,2024-02-29 00:00:00.000000,88642
RM0112,Loan Against Property,2021-07-02 00:00:00.000000,39237
RM0127,Mutual Funds,2024-10-18 00:00:00.000000,74472
RM0088,Gold Investment,2021-06-16 00:00:00.000000,52041
RM0114,Fixed Deposit,2020-05-23 00:00:00.000000,30839
RM0161,Life Insurance,2022-12-02 00:00:00.000000,74708
RM0125,ULIP,2025-09-02 00:00:00.000000,67521
RM0215,Recurring Deposit,2026-06-09 00:00:00.000000,58260
RM0230,Fixed Deposit,2021-07-30 00:00:00.000000,58110
RM0158,Current Account,2022-07-26 00:00:00.000000,67439
RM0178,Credit Card,2023-05-14 00:00:00.000000,34269
RM0011,Saving Account,2026-06-27 00:00:00.000000,111656
RM0240,Recurring Deposit,2021-09-02 00:00:00.000000,18855
RM0166,Credit Card,2020-08-18 00:00:00.000000,117658
RM0244,Mutual Funds,2022-01-24 00:00:00.000000,30948
RM0183,Life Insurance,2025-01-01 00:00:00.000000,16678
RM0083,Current Account,2020-06-13 00:00:00.000000,55817
RM0231,Recurring Deposit,2026-07-31 00:00:00.000000,33579
RM0036,Recurring Deposit,2026-06-25 00:00:00.000000,94505
RM0044,Term Insurance,2019-05-23 00:00:00.000000,38174
RM0133,Gold Investment,2026-03-14 00:00:00.000000,65215
RM0143,Life Insurance,2023-07-29 00:00:00.000000,28427
RM0210,Gold Investment,2025-01-15 00:00:00.000000,21751
RM0072,Loan Against Property,2020-06-01 00:00:00.000000,34555
RM0063,Term Insurance,2021-10-15 00:00:00.000000,56672
RM0129,Recurring Deposit,2019-04-14 00:00:00.000000,63493
RM0135,Saving Account,2024-05-10 00:00:00.000000,53161
RM0204,Recurring Deposit,2023-10-26 00:00:00.000000,88888888
RM0224,Health Insurance,2019-08-04 00:00:00.000000,231375
RM0021,Health Insurance,2021-02-26 00:00:00.000000,68735
RM0011,Mutual Funds,2021-08-21 00:00:00.000000,144060
RM0217,Gold Investment,2026-02-13 00:00:00.000000,16274
RM0008,Fixed Deposit,2020-10-24 00:00:00.000000,13166
RM0060,Health Insurance,2022-12-20 00:00:00.000000,28625
RM0213,Health Insurance,2025-06-06 00:00:00.000000,17343
RM0194,Life Insurance,2026-04-17 00:00:00.000000,47313
RM0141,Current Account,2024-01-14 00:00:00.000000,46592
RM0062,Saving Account,2020-03-04 00:00:00.000000,52788
RM0014,Life Insurance,2024-04-14 00:00:00.000000,78369
RM0117,Loan Against Property,2021-10-01 00:00:00.000000,187594
RM0044,Life Insurance,2022-05-03 00:00:00.000000,115292
RM0212,Life Insurance,2025-12-27 00:00:00.000000,16298
RM0003,Saving Account,2021-09-20 00:00:00.000000,30663
RM0039,Life Insurance,2022-01-01 00:00:00.000000,24773
RM0182,Gold Investment,2020-04-15 00:00:00.000000,19728
RM0213,Mutual Funds,2020-03-13 00:00:00.000000,49342
RM0165,Current Account,2022-12-04 00:00:00.000000,50289
RM0037,Life Insurance,2024-03-20 00:00:00.000000,22889
RM0042,Current Account,2024-02-28 00:00:00.000000,72221
RM0040,ULIP,2025-09-16 00:00:00.000000,76009
RM0197,Current Account,2026-02-06 10:32:43.379874,11060
RM0143,Recurring Deposit,2021-04-07 00:00:00.000000,35189
RM0041,Gold Investment,2023-03-03 00:00:00.000000,120427
RM0216,Health Insurance,2025-09-28 00:00:00.000000,46731
RM0128,Health Insurance,2024-07-29 00:00:00.000000,31357
RM0171,Gold Investment,2022-07-06 00:00:00.000000,24629
RM0123,Mutual Funds,2020-08-24 00:00:00.000000,23943
RM0160,Saving Account,2020-12-10 00:00:00.000000,15255
RM0163,Loan Against Property,2026-01-17 10:32:43.379912,94975
RM0191,ULIP,2022-10-15 00:00:00.000000,14532
RM0101,Fixed Deposit,2023-01-16 00:00:00.000000,27286
RM0147,Fixed Deposit,2023-05-07 00:00:00.000000,12337
RM0097,Term Insurance,2021-09-09 00:00:00.000000,86022
RM0166,Current Account,2025-08-02 00:00:00.000000,12003
RM0011,Term Insurance,2023-01-15 00:00:00.000000,28430
RM0131,Mutual Funds,2026-07-23 00:00:00.000000,52583
RM0194,Credit Card,2026-05-26 10:32:43.379949,12870
RM0222,Fixed Deposit,2024-12-11 00:00:00.000000,36344
RM0133,ULIP,2024-02-18 00:00:00.000000,26583
RM0020,Recurring Deposit,2023-04-05 00:00:00.000000,26092
RM0201,Current Account,2024-08-16 00:00:00.000000,89922
RM0123,Fixed Deposit,2024-02-17 00:00:00.000000,192440
RM0034,Current Account,2022-09-23 00:00:00.000000,31388
RM0180,Term Insurance,2022-04-07 00:00:00.000000,11996
RM0092,Recurring Deposit,2022-12-14 00:00:00.000000,11862
RM0003,Health Insurance,2024-11-01 00:00:00.000000,81192
RM0243,Gold Investment,2025-08-19 00:00:00.000000,50189
RM0186,Loan Against Property,2023-07-05 00:00:00.000000,86529
RM0167,Term Insurance,2022-01-02 00:00:00.000000,69783
RM0250,Health Insurance,2019-06-21 00:00:00.000000,129030
RM0157,Recurring Deposit,2025-06-26 00:00:00.000000,118500
RM0226,Health Insurance,2023-01-17 00:00:00.000000,87635
RM0075,Credit Card,2026-02-19 00:00:00.000000,42235
RM0163,Term Insurance,2019-11-11 00:00:00.000000,28417
RM0052,Recurring Deposit,2019-10-14 00:00:00.000000,45365
RM0059,Gold Investment,2025-10-22 00:00:00.000000,44864
RM0222,Fixed Deposit,2024-12-01 00:00:00.000000,57115
RM0207,ULIP,2019-04-13 00:00:00.000000,20295
RM0077,Credit Card,2021-07-30 00:00:00.000000,63300
RM0191,Mutual Funds,2024-09-29 00:00:00.000000,40495
RM0051,Term Insurance,2024-07-23 00:00:00.000000,58406
RM0170,Mutual Funds,2026-03-13 00:00:00.000000,23695
RM0114,Current Account,2020-07-28 00:00:00.000000,38492
RM0019,Life Insurance,2020-01-30 00:00:00.000000,21798
RM0199,Saving Account,2023-07-18 00:00:00.000000,114094
RM0111,Term Insurance,2019-11-28 00:00:00.000000,43467
RM0245,Current Account,2022-07-29 00:00:00.000000,22743
RM0017,Fixed Deposit,2019-01-13 00:00:00.000000,12104
RM0049,Current Account,2021-03-03 00:00:00.000000,66310
RM0067,Health Insurance,2019-03-23 00:00:00.000000,22080
RM0135,Loan Against Property,2019-04-29 00:00:00.000000,238211
RM0243,Life Insurance,2024-11-08 00:00:00.000000,48146
RM0031,Mutual Funds,2019-09-25 00:00:00.000000,27052
RM0119,Life Insurance,2025-12-18 00:00:00.000000,63600
RM0131,Credit Card,2021-05-12 00:00:00.000000,21607
RM0102,Mutual Funds,2024-01-03 00:00:00.000000,26094
RM0056,ULIP,2022-02-28 00:00:00.000000,95816
RM0202,Loan Against Property,2020-06-03 00:00:00.000000,28425
RM0080,Mutual Funds,2023-02-16 00:00:00.000000,232185
RM0071,Health Insurance,2025-04-19 00:00:00.000000,56461
RM0141,Credit Card,2025-08-09 00:00:00.000000,103026
RM0240,Mutual Funds,2023-09-02 00:00:00.000000,13780
RM0035,ULIP,2023-02-14 00:00:00.000000,31408
RM0214,Gold Investment,2025-08-30 00:00:00.000000,76872
RM0169,ULIP,2026-07-06 00:00:00.000000,63219
RM0119,ULIP,2021-05-17 00:00:00.000000,20798
RM0236,Credit Card,2022-07-25 00:00:00.000000,32018
RM0153,ULIP,2025-04-27 00:00:00.000000,25288
RM0215,Health Insurance,2019-12-03 00:00:00.000000,57514
RM0191,Fixed Deposit,2025-02-03 00:00:00.000000,31123
RM0194,Life Insurance,2023-11-07 00:00:00.000000,28484
RM0026,Health Insurance,2024-05-21 00:00:00.000000,21620
RM0229,Saving Account,2020-11-21 00:00:00.000000,36299
RM0092,Gold Investment,2021-06-26 00:00:00.000000,20876
RM0171,Loan Against Property,2019-03-17 00:00:00.000000,167132
RM0237,Health Insurance,2025-06-03 00:00:00.000000,174263
RM0083,Life Insurance,2024-02-16 00:00:00.000000,18391
RM0247,Credit Card,2021-02-28 00:00:00.000000,132267
RM0208,Fixed Deposit,2019-05-29 00:00:00.000000,37972
RM0229,Credit Card,2019-03-05 00:00:00.000000,33729
RM0011,Health Insurance,2021-02-15 00:00:00.000000,23154
RM0068,Life Insurance,2024-12-17 00:00:00.000000,60496
RM0207,Saving Account,2024-02-02 00:00:00.000000,67843
RM0115,Mutual Funds,2022-03-30 00:00:00.000000,41515
RM0063,ULIP,2021-08-10 00:00:00.000000,12865
RM0097,Fixed Deposit,2019-12-20 00:00:00.000000,135363
RM0045,Saving Account,2020-12-15 00:00:00.000000,206430
RM0226,Term Insurance,2026-01-13 00:00:00.000000,38197
RM0228,Gold Investment,2025-11-11 00:00:00.000000,57551
RM0022,Gold Investment,2025-03-30 00:00:00.000000,39919
RM0158,Gold Investment,2019-12-12 00:00:00.000000,28079
RM0123,Loan Against Property,2024-04-08 00:00:00.000000,29421
RM0154,ULIP,2021-09-08 00:00:00.000000,14023
RM0053,Saving Account,2020-04-30 00:00:00.000000,40446
RM0038,Credit Card,2019-01-16 00:00:00.000000,95293
RM0072,Life Insurance,2021-08-03 00:00:00.000000,10858
RM0059,ULIP,2020-10-17 00:00:00.000000,53626
RM0242,Current Account,2021-02-01 00:00:00.000000,116335
RM0002,Loan Against Property,2020-10-02 00:00:00.000000,22266
RM0150,Term Insurance,2023-01-08 00:00:00.000000,20121
RM0123,Loan Against Property,2026-04-07 00:00:00.000000,83981
RM0147,Health Insurance,2025-12-24 00:00:00.000000,24724
RM0098,Current Account,2022-08-03 00:00:00.000000,20658
RM0031,Mutual Funds,2019-01-31 00:00:00.000000,33739
RM0082,Fixed Deposit,2024-11-05 00:00:00.000000,34920
RM0189,ULIP,2025-11-01 00:00:00.000000,113613
RM0108,Recurring Deposit,2021-09-14 00:00:00.000000,58174
RM0149,Life Insurance,2021-06-27 00:00:00.000000,36040
RM0169,Life Insurance,2019-11-19 00:00:00.000000,48220
RM0130,Mutual Funds,2024-06-14 00:00:00.000000,163917
RM0074,Recurring Deposit,2023-07-29 00:00:00.000000,16007
RM0062,ULIP,2021-06-04 00:00:00.000000,21641
RM0180,Recurring Deposit,2023-01-05 00:00:00.000000,174209
RM0131,Fixed Deposit,2020-03-28 00:00:00.000000,167706
RM0056,Gold Investment,2020-07-26 00:00:00.000000,19750
RM0024,Fixed Deposit,2025-09-10 00:00:00.000000,17839
RM0018,Gold Investment,2026-06-01 00:00:00.000000,37329
RM0121,Saving Account,2024-05-07 00:00:00.000000,12549
RM0134,Recurring Deposit,2021-04-08 00:00:00.000000,63196
RM0025,Current Account,2022-04-02 00:00:00.000000,14033
RM0187,Loan Against Property,2022-12-13 00:00:00.000000,12989
RM0038,Term Insurance,2023-07-26 00:00:00.000000,43197
RM0189,Current Account,2024-08-02 00:00:00.000000,168250
RM0187,Credit Card,2020-01-04 00:00:00.000000,37825
RM0195,ULIP,2020-05-22 00:00:00.000000,32040
RM0213,Fixed Deposit,2021-05-09 00:00:00.000000,319659
RM0022,Current Account,2024-03-05 00:00:00.000000,47961
RM0046,ULIP,2022-02-16 00:00:00.000000,33519
RM0128,ULIP,2023-06-03 00:00:00.000000,34376
RM0009,Health Insurance,2020-02-19 00:00:00.000000,20843
RM0177,Life Insurance,2024-10-16 10:32:43.380036,45894
RM0217,Credit Card,2023-07-30 00:00:00.000000,38888
RM0010,Mutual Funds,2023-01-10 00:00:00.000000,25790
RM0201,Health Insurance,2019-05-22 00:00:00.000000,18749
RM0037,ULIP,2022-12-12 00:00:00.000000,28643
RM0215,Health Insurance,2026-02-26 00:00:00.000000,45533
RM0065,Health Insurance,2019-06-16 00:00:00.000000,13005
RM0165,Fixed Deposit,2022-07-08 00:00:00.000000,18346
RM0135,Term Insurance,2021-06-25 00:00:00.000000,157497
RM0073,Fixed Deposit,2021-05-21 00:00:00.000000,49137
RM0037,Loan Against Property,2025-05-15 00:00:00.000000,634707
RM0152,Credit Card,2025-04-29 00:00:00.000000,13277
RM0168,Saving Account,2022-09-22 00:00:00.000000,69059
RM0176,Loan Against Property,2020-02-27 00:00:00.000000,13189
RM0123,Mutual Funds,2025-08-30 00:00:00.000000,77137
RM0234,Credit Card,2020-10-18 00:00:00.000000,79307
RM0070,ULIP,2024-12-09 00:00:00.000000,62645
RM0208,ULIP,2020-09-14 00:00:00.000000,75876
RM0091,Current Account,2020-05-16 00:00:00.000000,14603
RM0111,Saving Account,2019-11-07 00:00:00.000000,74873
RM0236,Term Insurance,2022-11-13 00:00:00.000000,41722
RM0132,Recurring Deposit,2019-08-06 00:00:00.000000,17348
RM0098,Saving Account,2019-01-16 00:00:00.000000,30738
RM0027,Gold Investment,2019-08-05 00:00:00.000000,153012
RM0214,Health Insurance,2025-07-08 00:00:00.000000,44945
RM0216,Saving Account,2026-07-20 00:00:00.000000,181212
RM0215,ULIP,2019-07-05 00:00:00.000000,14656
RM0190,Saving Account,2019-06-11 00:00:00.000000,42461
RM0112,Recurring Deposit,2025-03-19 00:00:00.000000,13221
RM0004,Saving Account,2019-04-21 00:00:00.000000,59741
RM0091,Mutual Funds,2024-05-23 00:00:00.000000,14098
RM0197,Credit Card,2019-03-11 00:00:00.000000,19640
RM0056,Fixed Deposit,2022-09-04 00:00:00.000000,24976
RM0090,Saving Account,2024-06-21 00:00:00.000000,79064
RM0222,Term Insurance,2021-04-01 00:00:00.000000,18954
RM0187,ULIP,2025-03-19 00:00:00.000000,103745
RM0026,Saving Account,2020-03-16 00:00:00.000000,17072
RM0092,Mutual Funds,2025-11-09 00:00:00.000000,11794
RM0247,Loan Against Property,2020-02-09 00:00:00.000000,35130
RM0071,Health Insurance,2021-07-18 00:00:00.000000,204224
RM0206,Saving Account,2021-04-19 00:00:00.000000,15845
RM0036,Mutual Funds,2019-07-25 00:00:00.000000,15363
RM0239,Current Account,2021-11-16 00:00:00.000000,79548
RM0002,Term Insurance,2024-01-01 00:00:00.000000,28710
RM0047,Life Insurance,2024-05-10 00:00:00.000000,73165
RM0075,Recurring Deposit,2021-08-24 00:00:00.000000,21157
RM0072,Recurring Deposit,2021-08-30 00:00:00.000000,40815
RM0102,ULIP,2025-01-25 00:00:00.000000,51824
RM0162,Term Insurance,2023-05-13 00:00:00.000000,25413
RM0237,Credit Card,2019-09-04 00:00:00.000000,40030
RM0003,Health Insurance,2026-03-07 00:00:00.000000,83287
RM0004,Current Account,2022-06-15 00:00:00.000000,81776
RM0180,Mutual Funds,2019-09-29 00:00:00.000000,46260
RM0013,Health Insurance,2021-06-07 00:00:00.000000,141813
RM0009,Credit Card,2021-08-11 00:00:00.000000,25311
RM0248,Health Insurance,2019-06-13 00:00:00.000000,23742
RM0130,Term Insurance,2024-12-17 00:00:00.000000,57570
RM0050,Mutual Funds,2020-09-08 00:00:00.000000,58550
RM0250,Health Insurance,2020-08-16 00:00:00.000000,12382
RM0155,Gold Investment,2021-09-11 00:00:00.000000,56796
RM0168,Gold Investment,2022-12-11 00:00:00.000000,12873
RM0105,Gold Investment,2025-08-06 00:00:00.000000,33455
RM0179,ULIP,2019-05-06 00:00:00.000000,78805
RM0059,Loan Against Property,2025-09-18 00:00:00.000000,92540
RM0194,Life Insurance,2025-02-07 00:00:00.000000,50165
RM0082,Fixed Deposit,2021-04-16 00:00:00.000000,10085
RM0237,Saving Account,2024-03-06 00:00:00.000000,60580
RM0128,Recurring Deposit,2026-03-30 00:00:00.000000,79091
RM0142,Saving Account,2023-12-20 00:00:00.000000,24316
RM0145,Loan Against Property,2024-03-18 00:00:00.000000,41241
RM0227,Current Account,2025-05-20 00:00:00.000000,178669
RM0224,Saving Account,2023-02-09 00:00:00.000000,27699
RM0149,Health Insurance,2020-01-31 00:00:00.000000,14809
RM0018,Mutual Funds,2026-07-20 10:32:43.380105,22625
RM0209,Current Account,2019-10-17 00:00:00.000000,25654
RM0060,Health Insurance,2024-08-30 00:00:00.000000,21840
RM0223,ULIP,2024-11-01 10:32:43.380142,50912
RM0242,Fixed Deposit,2021-04-21 00:00:00.000000,159574
RM0228,Mutual Funds,2022-09-13 00:00:00.000000,56912
RM0177,Mutual Funds,2025-01-24 10:32:43.380175,28071
RM0141,Mutual Funds,2025-03-14 00:00:00.000000,60884
RM0010,ULIP,2026-07-14 10:32:43.380207,59020
RM0249,Fixed Deposit,2021-09-15 00:00:00.000000,55431
RM0003,Gold Investment,2022-04-03 00:00:00.000000,18683
RM0181,Health Insurance,2026-06-11 00:00:00.000000,60333
RM0249,Term Insurance,2023-10-03 00:00:00.000000,38120
RM0020,Credit Card,2024-09-07 10:32:43.380239,10938
RM0049,Loan Against Property,2021-04-08 00:00:00.000000,48800
RM0062,Mutual Funds,2019-04-04 00:00:00.000000,236720
RM0098,Recurring Deposit,2026-02-25 00:00:00.000000,31519
RM0009,Current Account,2025-01-26 00:00:00.000000,178425
RM0126,Life Insurance,2019-09-10 00:00:00.000000,15057
RM0107,ULIP,2023-11-27 00:00:00.000000,75922
RM0202,Mutual Funds,2025-11-19 00:00:00.000000,16070
RM0239,Term Insurance,2019-03-03 00:00:00.000000,25980
RM0242,Term Insurance,2026-05-29 00:00:00.000000,52296
RM0065,Recurring Deposit,2023-10-11 00:00:00.000000,54920
RM0247,Mutual Funds,2023-01-03 00:00:00.000000,84629
RM0113,Term Insurance,2021-04-15 00:00:00.000000,57766
RM0040,Life Insurance,2019-06-17 00:00:00.000000,55022
RM0046,Saving Account,2025-01-02 10:32:43.380407,131721
RM0219,Recurring Deposit,2024-08-23 00:00:00.000000,40088
RM0148,Term Insurance,2024-11-04 10:32:43.380448,22761
RM0156,Health Insurance,2025-11-12 00:00:00.000000,18824
RM0218,Mutual Funds,2020-05-12 00:00:00.000000,35540
RM0037,Current Account,2021-09-11 00:00:00.000000,72370
RM0170,Mutual Funds,2022-06-07 00:00:00.000000,12173
RM0097,Mutual Funds,2023-12-24 00:00:00.000000,16908
RM0106,Mutual Funds,2021-06-05 00:00:00.000000,15608
RM0224,Recurring Deposit,2025-02-20 00:00:00.000000,54003
RM0096,Health Insurance,2019-11-15 00:00:00.000000,23910
RM0218,Health Insurance,2020-08-17 00:00:00.000000,19091
RM0076,Health Insurance,2022-07-14 00:00:00.000000,54918
RM0078,Fixed Deposit,2019-06-08 00:00:00.000000,81629
RM0131,Life Insurance,2022-09-12 00:00:00.000000,30184
RM0097,Recurring Deposit,2021-08-31 00:00:00.000000,53161
RM0096,Mutual Funds,2021-06-13 00:00:00.000000,15163
RM0040,Life Insurance,2025-06-06 10:32:43.380489,146815
RM0105,Mutual Funds,2022-08-24 00:00:00.000000,30541
RM0087,Loan Against Property,2021-10-17 00:00:00.000000,309687
RM0050,Term Insurance,2025-04-08 00:00:00.000000,202189
RM0077,Fixed Deposit,2019-03-11 00:00:00.000000,88888888
RM0050,Term Insurance,2023-03-10 00:00:00.000000,85439
RM0058,Health Insurance,2021-03-11 00:00:00.000000,11013
RM0207,Life Insurance,2021-04-30 00:00:00.000000,49205
RM0170,Credit Card,2019-09-18 00:00:00.000000,37634
RM0050,Gold Investment,2022-07-30 00:00:00.000000,14542
RM0040,ULIP,2024-09-02 00:00:00.000000,122755
RM0212,Term Insurance,2024-07-05 00:00:00.000000,44324
RM0137,Credit Card,2024-10-16 00:00:00.000000,87945
RM0236,Loan Against Property,2020-10-08 00:00:00.000000,189389
RM0210,Loan Against Property,2022-01-25 00:00:00.000000,56873
RM0162,Gold Investment,2019-02-09 00:00:00.000000,46925
RM0010,Mutual Funds,2020-04-18 00:00:00.000000,46591
RM0224,Fixed Deposit,2023-09-04 00:00:00.000000,34424
RM0160,Health Insurance,2020-12-25 00:00:00.000000,41620
RM0186,Current Account,2022-08-12 00:00:00.000000,38899
RM0151,Term Insurance,2025-01-28 00:00:00.000000,60449
RM0239,Life Insurance,2019-07-19 00:00:00.000000,145114
RM0127,Life Insurance,2023-07-20 00:00:00.000000,55302
RM0107,Life Insurance,2026-04-06 00:00:00.000000,107286
RM0102,Credit Card,2024-05-12 00:00:00.000000,109308
RM0102,Loan Against Property,2025-09-05 00:00:00.000000,46577
RM0052,Recurring Deposit,2025-05-18 00:00:00.000000,31344
RM0035,Credit Card,2019-12-07 00:00:00.000000,61023
RM0054,Recurring Deposit,2025-04-12 00:00:00.000000,39518
RM0126,Life Insurance,2024-01-26 00:00:00.000000,14247
RM0105,Mutual Funds,2024-05-28 00:00:00.000000,33725
RM0149,Health Insurance,2025-08-03 00:00:00.000000,266404
RM0136,Fixed Deposit,2023-03-16 00:00:00.000000,12486
RM0212,Term Insurance,2025-10-31 00:00:00.000000,69646
RM0204,ULIP,2022-01-30 00:00:00.000000,102001
RM0215,ULIP,2019-05-13 00:00:00.000000,62309
RM0195,Credit Card,2021-10-05 00:00:00.000000,52169
RM0113,Term Insurance,2024-05-15 00:00:00.000000,71473
RM0248,Mutual Funds,2024-07-04 00:00:00.000000,38048
RM0085,Health Insurance,2021-03-20 00:00:00.000000,14790
RM0177,Saving Account,2026-02-16 00:00:00.000000,174000
RM0019,Saving Account,2022-01-13 00:00:00.000000,38308
RM0116,Life Insurance,2024-09-19 00:00:00.000000,64739
RM0047,Recurring Deposit,2019-06-12 00:00:00.000000,47890
RM0060,Fixed Deposit,2019-10-20 00:00:00.000000,12811
RM0119,Loan Against Property,2019-11-03 00:00:00.000000,162611
RM0232,Saving Account,2020-08-13 00:00:00.000000,88640
RM0058,Recurring Deposit,2021-11-27 00:00:00.000000,18072
RM0131,Loan Against Property,2023-11-10 00:00:00.000000,209903
RM0211,Credit Card,2025-10-14 00:00:00.000000,76761
RM0099,Current Account,2023-08-26 00:00:00.000000,41963
RM0037,Recurring Deposit,2024-02-29 00:00:00.000000,57256
RM0126,Life Insurance,2020-05-01 00:00:00.000000,15643
RM0178,Term Insurance,2026-03-22 00:00:00.000000,51095
RM0031,Health Insurance,2024-07-25 00:00:00.000000,13825
RM0141,Current Account,2022-11-04 00:00:00.000000,49356
RM0126,Credit Card,2022-05-23 00:00:00.000000,50225
RM0044,Term Insurance,2026-06-05 00:00:00.000000,113748
RM0234,Saving Account,2021-07-20 00:00:00.000000,74559
RM0092,Current Account,2026-03-22 10:32:43.380554,24354
RM0039,ULIP,2023-03-18 00:00:00.000000,119653
RM0076,Mutual Funds,2019-08-12 00:00:00.000000,52576
RM0149,Recurring Deposit,2025-01-29 00:00:00.000000,56618
RM0013,Recurring Deposit,2024-09-01 10:32:43.380589,19255
RM0003,Current Account,2022-01-16 00:00:00.000000,107516
RM0237,Recurring Deposit,2022-04-24 00:00:00.000000,143657
RM0078,Recurring Deposit,2022-04-25 00:00:00.000000,84580
RM0238,Credit Card,2020-06-11 00:00:00.000000,151301
RM0143,Credit Card,2019-09-22 00:00:00.000000,27998
RM0157,Saving Account,2025-10-16 00:00:00.000000,108706
RM0158,ULIP,2026-03-01 00:00:00.000000,43558
RM0070,Fixed Deposit,2020-12-18 00:00:00.000000,18951
RM0074,Saving Account,2021-02-24 00:00:00.000000,65251
RM0149,Loan Against Property,2020-07-09 00:00:00.000000,67619
RM0227,Loan Against Property,2024-08-11 00:00:00.000000,26908
RM0219,Saving Account,2020-09-19 00:00:00.000000,27240
RM0080,Credit Card,2023-10-31 00:00:00.000000,11393
RM0068,Credit Card,2022-01-07 00:00:00.000000,21147
RM0132,Gold Investment,2021-06-16 00:00:00.000000,35522
RM0004,ULIP,2021-01-07 00:00:00.000000,19169
RM0127,Saving Account,2021-10-30 00:00:00.000000,20785
RM0120,Mutual Funds,2019-05-24 00:00:00.000000,34828
RM0205,Health Insurance,2026-05-25 00:00:00.000000,173228
RM0163,Current Account,2022-01-14 00:00:00.000000,82247
RM0050,Current Account,2020-02-14 00:00:00.000000,29264
RM0010,Recurring Deposit,2025-05-18 00:00:00.000000,161416
RM0072,Loan Against Property,2021-11-21 00:00:00.000000,61873
RM0138,Recurring Deposit,2019-09-25 00:00:00.000000,54722
RM0166,Term Insurance,2019-05-17 00:00:00.000000,40389
RM0065,Gold Investment,2022-08-09 00:00:00.000000,41583
RM0114,Fixed Deposit,2026-01-05 00:00:00.000000,36444
RM0104,Mutual Funds,2026-02-16 00:00:00.000000,23262
RM0231,Current Account,2019-01-09 00:00:00.000000,34439
RM0020,Term Insurance,2023-10-28 00:00:00.000000,47527
RM0215,Term Insurance,2022-03-10 00:00:00.000000,47541
RM0229,Life Insurance,2025-10-02 10:32:43.380634,81718
RM0087,Saving Account,2020-07-22 00:00:00.000000,32220
RM0120,ULIP,2025-02-01 10:32:43.380668,73079
RM0040,Gold Investment,2020-07-04 00:00:00.000000,53148
RM0088,Gold Investment,2025-08-29 00:00:00.000000,173305
RM0102,Mutual Funds,2025-07-04 00:00:00.000000,34329
RM0114,Loan Against Property,2023-04-03 00:00:00.000000,125741
RM0185,Mutual Funds,2020-06-03 00:00:00.000000,95918
RM0134,Mutual Funds,2024-01-27 00:00:00.000000,60759
RM0027,Credit Card,2025-11-17 00:00:00.000000,63140
RM0162,ULIP,2025-05-26 00:00:00.000000,14422
RM0012,Gold Investment,2021-08-09 00:00:00.000000,160011
RM0184,Saving Account,2023-11-09 00:00:00.000000,15654
RM0055,ULIP,2023-11-13 00:00:00.000000,51417
RM0116,Mutual Funds,2025-02-08 00:00:00.000000,78489
RM0006,Mutual Funds,2025-01-20 00:00:00.000000,30029
RM0046,Recurring Deposit,2023-10-30 00:00:00.000000,38092
RM0205,Health Insurance,2024-06-05 00:00:00.000000,57103
RM0153,ULIP,2021-11-27 00:00:00.000000,129763
RM0001,Fixed Deposit,2021-02-28 00:00:00.000000,40584
RM0134,Current Account,2023-06-16 00:00:00.000000,230028
RM0118,Recurring Deposit,2021-09-03 00:00:00.000000,54924
RM0139,Saving Account,2021-11-18 00:00:00.000000,18750
RM0022,Credit Card,2022-10-11 00:00:00.000000,20536
RM0184,Saving Account,2019-11-05 00:00:00.000000,72958
RM0001,Current Account,2024-06-17 00:00:00.000000,12585
RM0018,Life Insurance,2020-06-09 00:00:00.000000,42729
RM0042,Saving Account,2022-01-31 00:00:00.000000,18021
RM0029,Fixed Deposit,2024-08-05 00:00:00.000000,70889
RM0095,Credit Card,2021-02-25 00:00:00.000000,38389
RM0186,Loan Against Property,2024-04-26 00:00:00.000000,79298
RM0010,Saving Account,2026-02-11 00:00:00.000000,40699
RM0060,Mutual Funds,2025-02-11 10:32:43.380712,18923
RM0132,Term Insurance,2026-05-10 00:00:00.000000,24512
RM0040,Health Insurance,2023-09-20 00:00:00.000000,32906
RM0175,Life Insurance,2021-03-24 00:00:00.000000,13604
RM0083,Health Insurance,2024-12-07 00:00:00.000000,53894
RM0187,Term Insurance,2022-04-03 00:00:00.000000,56765
RM0033,Term Insurance,2020-06-05 00:00:00.000000,13208
RM0143,Saving Account,2023-04-16 00:00:00.000000,35734
RM0105,ULIP,2025-07-21 00:00:00.000000,36721
RM0012,Mutual Funds,2020-12-12 00:00:00.000000,30309
RM0172,Gold Investment,2025-05-11 00:00:00.000000,50792
RM0189,Loan Against Property,2023-11-30 00:00:00.000000,31229
RM0234,Recurring Deposit,2023-04-16 00:00:00.000000,36927
RM0143,Loan Against Property,2026-07-09 00:00:00.000000,89856
RM0071,Recurring Deposit,2020-12-15 00:00:00.000000,18843
RM0167,Recurring Deposit,2022-12-06 00:00:00.000000,58262
RM0179,Mutual Funds,2024-11-20 00:00:00.000000,45219
RM0129,Fixed Deposit,2019-12-11 00:00:00.000000,28197
RM0132,Recurring Deposit,2022-11-17 00:00:00.000000,75012
RM0214,ULIP,2025-07-26 00:00:00.000000,50057
RM0036,Fixed Deposit,2020-01-20 00:00:00.000000,42443
RM0064,Mutual Funds,2021-12-25 00:00:00.000000,65081
RM0195,Life Insurance,2021-10-04 00:00:00.000000,91047
RM0234,Credit Card,2022-01-31 00:00:00.000000,189986
RM0038,Fixed Deposit,2026-02-22 00:00:00.000000,59624
RM0115,Mutual Funds,2020-09-06 00:00:00.000000,113748
RM0199,ULIP,2023-05-08 00:00:00.000000,10054
RM0194,Health Insurance,2022-01-13 00:00:00.000000,47776
RM0130,Fixed Deposit,2025-12-01 00:00:00.000000,22081
RM0022,Current Account,2024-07-04 00:00:00.000000,14946
RM0177,Saving Account,2024-03-10 00:00:00.000000,47961
RM0232,Current Account,2025-03-05 00:00:00.000000,78684
RM0188,Fixed Deposit,2025-06-17 00:00:00.000000,36574
RM0188,Recurring Deposit,2021-07-29 00:00:00.000000,65449
RM0042,Health Insurance,2024-05-06 00:00:00.000000,43639
RM0122,Life Insurance,2023-12-06 00:00:00.000000,38731
RM0060,Current Account,2020-07-07 00:00:00.000000,27142
RM0102,Life Insurance,2025-04-21 00:00:00.000000,34111
RM0035,Recurring Deposit,2021-06-08 00:00:00.000000,31523
RM0224,Recurring Deposit,2019-12-15 00:00:00.000000,61949
RM0031,ULIP,2023-12-03 00:00:00.000000,16165
RM0132,Current Account,2024-05-14 00:00:00.000000,14860
RM0141,Saving Account,2019-05-09 00:00:00.000000,63942
RM0002,Life Insurance,2024-09-02 00:00:00.000000,49515
RM0171,Term Insurance,2019-06-15 00:00:00.000000,38123
RM0123,ULIP,2024-11-19 00:00:00.000000,18269
RM0137,Credit Card,2024-07-03 00:00:00.000000,36468
RM0077,Term Insurance,2020-11-28 00:00:00.000000,87968
RM0048,Term Insurance,2019-02-12 00:00:00.000000,120191
RM0154,Mutual Funds,2019-12-20 00:00:00.000000,70629
RM0187,Gold Investment,2023-05-23 00:00:00.000000,13089
RM0127,Credit Card,2025-03-10 10:32:43.380764,65495
RM0202,Health Insurance,2019-12-27 00:00:00.000000,23786
RM0007,Current Account,2019-04-03 00:00:00.000000,28935
RM0055,Recurring Deposit,2024-07-31 00:00:00.000000,20899
RM0153,Gold Investment,2026-06-22 00:00:00.000000,84750
RM0115,Life Insurance,2023-09-16 00:00:00.000000,62291
RM0014,ULIP,2026-04-22 00:00:00.000000,57316
RM0112,Credit Card,2022-10-21 00:00:00.000000,65126
RM0153,Health Insurance,2025-12-24 00:00:00.000000,23509
RM0217,Current Account,2025-07-22 00:00:00.000000,39407
RM0157,Loan Against Property,2022-10-31 00:00:00.000000,60154
RM0104,Life Insurance,2021-07-16 00:00:00.000000,60611
RM0160,Loan Against Property,2019-11-23 00:00:00.000000,88475
RM0142,Term Insurance,2023-09-07 00:00:00.000000,26920
RM0200,Credit Card,2025-12-17 00:00:00.000000,83556
RM0016,Term Insurance,2025-02-23 00:00:00.000000,39007
RM0025,Fixed Deposit,2021-10-01 00:00:00.000000,65459
RM0157,Health Insurance,2019-05-18 00:00:00.000000,40414
RM0120,Life Insurance,2023-05-09 00:00:00.000000,158415
RM0082,Current Account,2022-11-18 00:00:00.000000,19880
RM0134,Gold Investment,2022-01-27 00:00:00.000000,66197
RM0249,Health Insurance,2025-12-02 00:00:00.000000,52964
RM0175,Saving Account,2023-10-30 00:00:00.000000,19481
RM0226,Health Insurance,2023-04-18 00:00:00.000000,13414
RM0090,Gold Investment,2021-02-08 00:00:00.000000,90258
RM0011,Recurring Deposit,2021-06-03 00:00:00.000000,18566
RM0180,Fixed Deposit,2025-05-30 10:32:43.380807,20320
RM0243,Loan Against Property,2026-05-06 00:00:00.000000,201832
RM0105,Fixed Deposit,2023-08-20 00:00:00.000000,73161
RM0200,Mutual Funds,2019-01-27 00:00:00.000000,24416
RM0065,ULIP,2024-02-09 00:00:00.000000,54695
RM0147,Credit Card,2021-03-15 00:00:00.000000,48190
RM0015,Credit Card,2020-10-18 00:00:00.000000,10212
RM0187,Loan Against Property,2024-12-18 00:00:00.000000,103046
RM0070,Loan Against Property,2019-02-08 00:00:00.000000,75341
RM0176,Saving Account,2025-08-27 00:00:00.000000,99106
RM0051,Loan Against Property,2022-07-12 00:00:00.000000,21881
RM0183,Loan Against Property,2019-07-16 00:00:00.000000,61113
RM0198,Mutual Funds,2021-05-03 00:00:00.000000,12053
RM0244,Loan Against Property,2021-09-21 00:00:00.000000,13571
RM0033,Mutual Funds,2026-02-08 00:00:00.000000,72505
RM0190,Credit Card,2022-03-04 00:00:00.000000,11236
RM0209,Current Account,2020-09-27 00:00:00.000000,53347
RM0065,ULIP,2019-01-30 00:00:00.000000,101755
RM0176,Recurring Deposit,2025-10-19 00:00:00.000000,33897
RM0247,Term Insurance,2026-06-27 10:32:43.380847,12293
RM0163,Current Account,2025-11-09 00:00:00.000000,72561
RM0200,Term Insurance,2026-05-26 00:00:00.000000,142739
RM0073,Health Insurance,2019-05-31 00:00:00.000000,73145
RM0040,Current Account,2022-09-20 00:00:00.000000,53190
RM0114,Gold Investment,2021-07-19 00:00:00.000000,23070
RM0111,Loan Against Property,2024-06-03 00:00:00.000000,196808
RM0154,Saving Account,2024-04-11 00:00:00.000000,10774
RM0144,Credit Card,2023-09-07 00:00:00.000000,69318
RM0250,Term Insurance,2022-04-09 00:00:00.000000,23134
RM0246,Credit Card,2023-04-11 00:00:00.000000,107653
RM0165,Term Insurance,2021-05-25 00:00:00.000000,41402
RM0141,Recurring Deposit,2024-06-19 00:00:00.000000,47818
RM0035,Credit Card,2025-05-23 00:00:00.000000,80108
RM0233,Credit Card,2019-01-21 00:00:00.000000,85577
RM0015,Mutual Funds,2025-09-23 00:00:00.000000,61452
RM0065,Life Insurance,2020-06-17 00:00:00.000000,149380
RM0244,Life Insurance,2025-01-03 00:00:00.000000,211705
RM0036,Saving Account,2025-06-08 00:00:00.000000,156765
RM0077,Term Insurance,2026-03-23 10:32:43.380886,96914
RM0224,ULIP,2020-03-23 00:00:00.000000,28408
RM0033,Life Insurance,2019-12-18 00:00:00.000000,71145
RM0166,Life Insurance,2020-02-14 00:00:00.000000,64431
RM0205,Life Insurance,2020-04-28 00:00:00.000000,15476
RM0211,Mutual Funds,2026-07-23 00:00:00.000000,25837
RM0212,Credit Card,2025-02-07 00:00:00.000000,10285
RM0076,Loan Against Property,2024-06-05 00:00:00.000000,17390
RM0184,Health Insurance,2025-06-16 00:00:00.000000,38922
RM0053,Credit Card,2022-10-24 00:00:00.000000,17922
RM0194,Gold Investment,2020-04-14 00:00:00.000000,125967
RM0101,Saving Account,2021-12-21 00:00:00.000000,91917
RM0159,Saving Account,2022-06-27 00:00:00.000000,13715
RM0135,Loan Against Property,2023-04-30 00:00:00.000000,24311
RM0092,Recurring Deposit,2024-11-11 00:00:00.000000,95482
RM0161,Health Insurance,2026-05-26 00:00:00.000000,91239
RM0061,Life Insurance,2022-10-30 00:00:00.000000,155432
RM0078,Life Insurance,2019-01-18 00:00:00.000000,310537
RM0223,Current Account,2025-11-24 00:00:00.000000,197050
RM0191,Recurring Deposit,2022-09-26 00:00:00.000000,36393
RM0021,Mutual Funds,2022-06-14 00:00:00.000000,24406
RM0078,Health Insurance,2026-03-24 10:32:43.380926,81025
RM0181,Loan Against Property,2026-08-04 00:00:00.000000,27781
RM0222,Saving Account,2023-01-14 00:00:00.000000,92098
RM0144,Saving Account,2020-08-01 00:00:00.000000,48173
RM0127,Recurring Deposit,2025-11-19 00:00:00.000000,88976
RM0071,Loan Against Property,2026-02-28 00:00:00.000000,26139
RM0168,Mutual Funds,2025-02-21 10:32:43.380967,45466
RM0001,Term Insurance,2019-11-03 00:00:00.000000,51508
RM0240,Gold Investment,2019-06-09 00:00:00.000000,153330
RM0035,Fixed Deposit,2024-08-15 00:00:00.000000,25503
RM0180,Term Insurance,2024-04-11 00:00:00.000000,147984
RM0020,Credit Card,2022-10-19 00:00:00.000000,91701
RM0092,Gold Investment,2019-10-11 00:00:00.000000,75632
RM0145,Loan Against Property,2021-11-10 00:00:00.000000,87292
RM0154,Life Insurance,2021-07-06 00:00:00.000000,56497
RM0180,Fixed Deposit,2023-06-10 00:00:00.000000,23990
RM0106,Gold Investment,2023-07-31 00:00:00.000000,20504
RM0141,Gold Investment,2024-09-19 00:00:00.000000,110623
RM0089,Gold Investment,2020-05-27 00:00:00.000000,74574
RM0183,Fixed Deposit,2022-08-07 00:00:00.000000,21989
RM0014,Health Insurance,2021-07-18 00:00:00.000000,57737
RM0016,ULIP,2019-02-01 00:00:00.000000,39669
RM0229,Saving Account,2026-04-26 00:00:00.000000,18637
RM0232,Saving Account,2021-03-07 00:00:00.000000,47949
RM0034,Fixed Deposit,2026-06-08 00:00:00.000000,26530
RM0233,Fixed Deposit,2025-07-26 00:00:00.000000,15059
RM0122,Fixed Deposit,2025-03-29 00:00:00.000000,41457
RM0199,Saving Account,2025-02-12 00:00:00.000000,54593
RM0071,Recurring Deposit,2024-05-20 00:00:00.000000,12402
RM0032,ULIP,2021-12-23 00:00:00.000000,35715
RM0093,Mutual Funds,2025-10-30 10:32:43.381018,24897
RM0140,Saving Account,2020-04-01 00:00:00.000000,11556
RM0139,Life Insurance,2025-09-15 00:00:00.000000,16714
RM0110,Mutual Funds,2019-12-12 00:00:00.000000,17485
RM0118,Health Insurance,2025-07-01 00:00:00.000000,20098
RM0147,ULIP,2023-09-30 00:00:00.000000,91323
RM0190,Loan Against Property,2025-02-05 10:32:43.381054,38945
RM0051,Life Insurance,2025-08-21 00:00:00.000000,17954
RM0012,Loan Against Property,2026-04-25 00:00:00.000000,15284
RM0195,Life Insurance,2019-09-25 00:00:00.000000,27686
RM0216,Credit Card,2023-06-27 00:00:00.000000,89978
RM0201,Health Insurance,2023-06-02 00:00:00.000000,32664
RM0232,Loan Against Property,2019-05-03 00:00:00.000000,18711
RM0006,Credit Card,2020-05-18 00:00:00.000000,35885
RM0017,Gold Investment,2022-09-02 00:00:00.000000,50519
RM0152,Current Account,2023-02-09 00:00:00.000000,11501
RM0027,Life Insurance,2024-08-02 00:00:00.000000,59394
RM0172,Term Insurance,2023-12-02 00:00:00.000000,35134
RM0027,Current Account,2019-10-30 00:00:00.000000,10488
RM0245,Credit Card,2025-08-25 00:00:00.000000,66025
RM0038,Loan Against Property,2025-07-23 00:00:00.000000,72307
RM0240,Health Insurance,2020-04-23 00:00:00.000000,59556
RM0127,Recurring Deposit,2024-01-29 00:00:00.000000,30922
RM0137,Term Insurance,2025-08-06 00:00:00.000000,47709
RM0051,Life Insurance,2019-06-02 00:00:00.000000,34482
RM0235,Gold Investment,2025-09-23 00:00:00.000000,70302
RM0007,Health Insurance,2019-05-02 00:00:00.000000,53803
RM0040,Credit Card,2021-10-09 00:00:00.000000,14266
RM0184,Credit Card,2019-04-17 00:00:00.000000,61514
RM0151,Credit Card,2024-10-26 00:00:00.000000,68115
RM0143,Life Insurance,2023-12-23 00:00:00.000000,10914
RM0049,Current Account,2023-07-16 00:00:00.000000,33157
RM0159,Credit Card,2020-03-01 00:00:00.000000,114287
RM0176,Life Insurance,2019-10-17 00:00:00.000000,102580
RM0205,Fixed Deposit,2021-07-23 00:00:00.000000,19628
RM0013,Recurring Deposit,2024-04-04 00:00:00.000000,127309
RM0038,ULIP,2021-02-06 00:00:00.000000,39068
RM0151,Mutual Funds,2025-05-11 00:00:00.000000,74322
RM0007,Loan Against Property,2020-10-21 00:00:00.000000,94126
RM0243,Fixed Deposit,2023-03-26 00:00:00.000000,45171
RM0236,Saving Account,2023-10-04 00:00:00.000000,35466
RM0014,Fixed Deposit,2019-06-01 00:00:00.000000,133521
RM0244,Current Account,2022-05-29 00:00:00.000000,23123
RM0123,Health Insurance,2026-07-02 00:00:00.000000,24850
RM0082,Life Insurance,2025-11-25 00:00:00.000000,32441
RM0112,Life Insurance,2020-07-28 00:00:00.000000,108115
RM0124,Recurring Deposit,2019-09-24 00:00:00.000000,149670
RM0054,Health Insurance,2020-12-01 00:00:00.000000,34909
RM0229,Current Account,2022-07-22 00:00:00.000000,22427
RM0217,Current Account,2025-08-14 00:00:00.000000,109707
RM0147,ULIP,2025-09-22 00:00:00.000000,24933
RM0011,Credit Card,2022-10-19 00:00:00.000000,186408
RM0069,Loan Against Property,2020-02-18 00:00:00.000000,55491
RM0131,Loan Against Property,2020-05-27 00:00:00.000000,10355
RM0244,Gold Investment,2020-02-07 00:00:00.000000,11736
RM0153,ULIP,2025-01-05 00:00:00.000000,17978
RM0245,Saving Account,2022-01-03 00:00:00.000000,20386
RM0085,Term Insurance,2022-11-10 00:00:00.000000,82968
RM0011,ULIP,2023-07-05 00:00:00.000000,22600
RM0182,Health Insurance,2021-08-02 00:00:00.000000,183917
RM0154,Saving Account,2026-05-07 00:00:00.000000,60545
RM0140,ULIP,2023-10-11 00:00:00.000000,68966
RM0029,Mutual Funds,2019-04-26 00:00:00.000000,22283
RM0145,Saving Account,2022-01-21 00:00:00.000000,121609
RM0038,Mutual Funds,2025-11-04 00:00:00.000000,65103
RM0096,Current Account,2021-01-02 00:00:00.000000,109904
RM0144,Health Insurance,2024-02-16 00:00:00.000000,166727
RM0041,Current Account,2020-01-01 00:00:00.000000,16713
RM0169,Term Insurance,2023-02-01 00:00:00.000000,15078
RM0139,Gold Investment,2021-12-17 00:00:00.000000,91331
RM0134,Fixed Deposit,2023-11-17 00:00:00.000000,110542
RM0119,ULIP,2024-10-13 00:00:00.000000,53824
RM0126,Recurring Deposit,2022-04-18 00:00:00.000000,32785
RM0162,Loan Against Property,2021-01-11 00:00:00.000000,62868
RM0076,Life Insurance,2024-08-20 00:00:00.000000,28239
RM0026,ULIP,2025-05-01 00:00:00.000000,23615
RM0249,Gold Investment,2022-04-13 00:00:00.000000,43485
RM0033,Gold Investment,2022-01-25 00:00:00.000000,22177
RM0102,Loan Against Property,2021-10-23 00:00:00.000000,43053
RM0164,ULIP,2024-10-01 10:32:43.381113,166872
RM0167,Mutual Funds,2022-01-29 00:00:00.000000,101561
RM0061,Saving Account,2019-04-08 00:00:00.000000,152048
RM0042,Loan Against Property,2020-09-30 00:00:00.000000,92079
RM0005,Current Account,2021-11-03 00:00:00.000000,31905
RM0107,Gold Investment,2020-05-13 00:00:00.000000,93577
RM0125,Credit Card,2021-04-06 00:00:00.000000,138142
RM0198,Fixed Deposit,2024-03-21 00:00:00.000000,156906
RM0157,Recurring Deposit,2025-08-28 00:00:00.000000,67473
RM0197,Gold Investment,2021-05-02 00:00:00.000000,21872
RM0057,Mutual Funds,2021-05-19 00:00:00.000000,12026
RM0237,Saving Account,2025-01-20 10:32:43.381150,17961
RM0063,Loan Against Property,2020-11-20 00:00:00.000000,178407
RM0222,Mutual Funds,2023-09-14 00:00:00.000000,41003
RM0229,Recurring Deposit,2023-09-27 00:00:00.000000,106546
RM0047,Life Insurance,2025-07-05 00:00:00.000000,41278
RM0130,Health Insurance,2025-02-03 00:00:00.000000,64060
RM0013,Credit Card,2024-06-04 00:00:00.000000,11221
RM0223,Term Insurance,2023-05-30 00:00:00.000000,24375
RM0160,Health Insurance,2022-01-20 00:00:00.000000,38658
RM0036,Fixed Deposit,2021-07-31 00:00:00.000000,59797
RM0140,Saving Account,2023-11-08 00:00:00.000000,19408
RM0051,Fixed Deposit,2020-03-01 00:00:00.000000,82313
RM0065,Loan Against Property,2022-05-01 00:00:00.000000,32659
RM0197,Life Insurance,2024-06-01 00:00:00.000000,95032
RM0228,Mutual Funds,2023-05-07 00:00:00.000000,15155
RM0182,Fixed Deposit,2020-12-21 00:00:00.000000,66933
RM0147,Term Insurance,2025-10-18 10:32:43.381189,27359
RM0012,Life Insurance,2024-04-13 00:00:00.000000,89330
RM0012,Saving Account,2021-08-24 00:00:00.000000,35722
RM0133,Credit Card,2025-05-15 00:00:00.000000,64733
RM0128,Mutual Funds,2020-06-07 00:00:00.000000,146136
RM0172,ULIP,2023-08-24 00:00:00.000000,11042
RM0068,Recurring Deposit,2020-01-22 00:00:00.000000,10558
RM0155,Credit Card,2023-09-30 00:00:00.000000,83544
RM0061,Saving Account,2026-01-20 10:32:43.381223,61978
RM0166,ULIP,2023-08-18 00:00:00.000000,27334
RM0083,Life Insurance,2023-10-01 00:00:00.000000,44100
RM0179,Recurring Deposit,2024-09-10 00:00:00.000000,12142
RM0096,Term Insurance,2023-01-04 00:00:00.000000,20687
RM0103,Current Account,2020-10-01 00:00:00.000000,37625
RM0214,Health Insurance,2024-06-08 00:00:00.000000,99801
RM0176,Fixed Deposit,2025-09-21 00:00:00.000000,42664
RM0088,Recurring Deposit,2020-04-05 00:00:00.000000,54138
RM0044,Mutual Funds,2020-03-11 00:00:00.000000,56643
RM0091,Recurring Deposit,2021-01-15 00:00:00.000000,113476
RM0087,Health Insurance,2026-04-05 00:00:00.000000,28467
RM0216,Life Insurance,2025-09-25 00:00:00.000000,70315
RM0073,Current Account,2020-05-21 00:00:00.000000,108904
RM0206,Gold Investment,2021-05-09 00:00:00.000000,21320
RM0182,Loan Against Property,2025-04-21 10:32:43.381275,32039
RM0246,Mutual Funds,2025-09-27 00:00:00.000000,205128
RM0031,ULIP,2024-06-30 00:00:00.000000,214374
RM0203,Current Account,2025-05-28 00:00:00.000000,22630
RM0054,Recurring Deposit,2026-01-29 00:00:00.000000,13437
RM0231,Life Insurance,2022-06-28 00:00:00.000000,25798
RM0189,Current Account,2022-04-05 00:00:00.000000,35352
RM0115,Fixed Deposit,2023-01-30 00:00:00.000000,39080
RM0137,Gold Investment,2022-05-01 00:00:00.000000,58222
RM0166,Gold Investment,2019-04-03 00:00:00.000000,124881
RM0162,Life Insurance,2026-01-05 00:00:00.000000,30049
RM0069,Gold Investment,2021-10-23 00:00:00.000000,104850
RM0136,ULIP,2026-04-03 00:00:00.000000,14907
RM0183,Gold Investment,2025-06-02 10:32:43.381312,12138
RM0116,ULIP,2019-03-12 00:00:00.000000,45063
RM0018,Credit Card,2020-02-27 00:00:00.000000,13075
RM0233,Current Account,2024-07-26 00:00:00.000000,34919
RM0129,Mutual Funds,2021-11-22 00:00:00.000000,123543
RM0035,Gold Investment,2021-03-23 00:00:00.000000,23819
RM0145,Fixed Deposit,2019-06-10 00:00:00.000000,71204
RM0175,Current Account,2021-01-01 00:00:00.000000,28002
RM0014,Loan Against Property,2026-06-29 00:00:00.000000,12298
RM0073,ULIP,2021-07-19 00:00:00.000000,50674
RM0144,Term Insurance,2020-11-27 00:00:00.000000,100046
RM0219,Mutual Funds,2024-05-13 00:00:00.000000,36336
RM0048,Current Account,2020-12-27 00:00:00.000000,58024
RM0020,Term Insurance,2025-02-18 00:00:00.000000,125141
RM0125,Current Account,2025-04-23 00:00:00.000000,87959
RM0094,Gold Investment,2019-08-29 00:00:00.000000,20775
RM0024,Health Insurance,2024-10-03 00:00:00.000000,76097
RM0093,Credit Card,2023-11-12 00:00:00.000000,44847
RM0204,Loan Against Property,2019-11-24 00:00:00.000000,78514
RM0250,Life Insurance,2022-07-17 00:00:00.000000,44111
RM0189,Mutual Funds,2023-08-28 00:00:00.000000,16845
RM0190,Health Insurance,2019-07-26 00:00:00.000000,52187
RM0014,Mutual Funds,2021-08-19 00:00:00.000000,43876
RM0006,Gold Investment,2020-04-10 00:00:00.000000,46482
RM0008,Gold Investment,2020-04-20 00:00:00.000000,115557
RM0166,Credit Card,2023-08-10 00:00:00.000000,122612
RM0010,Health Insurance,2021-03-13 00:00:00.000000,40214
RM0191,Term Insurance,2025-11-03 00:00:00.000000,40415
RM0120,Term Insurance,2024-02-21 00:00:00.000000,46199
RM0022,Loan Against Property,2021-01-12 00:00:00.000000,46655
RM0131,Loan Against Property,2024-07-07 00:00:00.000000,160175
RM0072,Term Insurance,2019-12-05 00:00:00.000000,62405
RM0099,Loan Against Property,2025-09-17 00:00:00.000000,26248
RM0047,Credit Card,2026-04-10 00:00:00.000000,47914
RM0192,Saving Account,2024-12-22 10:32:43.381357,59338
RM0006,Health Insurance,2023-07-11 00:00:00.000000,61050
RM0181,Mutual Funds,2019-10-04 00:00:00.000000,54004
RM0142,Gold Investment,2023-03-06 00:00:00.000000,19784
RM0125,Term Insurance,2024-11-14 00:00:00.000000,11708
RM0117,Credit Card,2020-11-28 00:00:00.000000,30612
RM0173,Term Insurance,2020-03-20 00:00:00.000000,37889
RM0042,Recurring Deposit,2020-12-27 00:00:00.000000,88888888
RM0114,ULIP,2023-05-25 00:00:00.000000,13189
RM0093,Life Insurance,2025-05-08 00:00:00.000000,94361
RM0100,Health Insurance,2022-04-02 00:00:00.000000,31085
RM0072,Term Insurance,2020-01-12 00:00:00.000000,132457
RM0025,Recurring Deposit,2024-03-05 00:00:00.000000,18386
RM0065,Mutual Funds,2023-10-17 00:00:00.000000,12931
RM0138,ULIP,2025-12-19 00:00:00.000000,42919
RM0109,Gold Investment,2023-11-17 00:00:00.000000,20482
RM0069,Term Insurance,2025-09-30 00:00:00.000000,148548
RM0143,Loan Against Property,2026-04-01 00:00:00.000000,10517
RM0098,ULIP,2022-02-02 00:00:00.000000,36604
RM0071,Current Account,2019-01-16 00:00:00.000000,140692
RM0053,Fixed Deposit,2025-11-28 10:32:43.381397,34259
RM0016,Term Insurance,2022-05-29 00:00:00.000000,14886
RM0226,Current Account,2020-11-29 00:00:00.000000,28040
RM0193,Term Insurance,2019-12-20 00:00:00.000000,44458
RM0085,Fixed Deposit,2023-07-06 00:00:00.000000,20237
RM0121,Gold Investment,2022-06-20 00:00:00.000000,41420
RM0121,Mutual Funds,2026-01-26 00:00:00.000000,100499
RM0205,Health Insurance,2020-11-07 00:00:00.000000,113028
RM0071,Term Insurance,2021-01-19 00:00:00.000000,12525
RM0105,Saving Account,2026-08-02 10:32:43.381432,88888888
RM0193,Saving Account,2025-06-22 00:00:00.000000,18771
RM0002,Current Account,2024-02-15 00:00:00.000000,26099
RM0069,Term Insurance,2019-07-07 00:00:00.000000,55176
RM0183,Term Insurance,2024-11-11 00:00:00.000000,32392
RM0138,ULIP,2024-12-29 00:00:00.000000,102908
RM0012,Loan Against Property,2022-03-08 00:00:00.000000,73057
RM0111,Health Insurance,2022-10-26 00:00:00.000000,15293
RM0245,Term Insurance,2020-12-31 00:00:00.000000,58982
RM0167,Loan Against Property,2024-12-03 00:00:00.000000,15996
RM0079,Saving Account,2022-10-04 00:00:00.000000,24720
RM0038,Current Account,2023-10-31 00:00:00.000000,19792
RM0033,Loan Against Property,2023-02-01 00:00:00.000000,19501
RM0083,Current Account,2019-12-06 00:00:00.000000,57907
RM0145,Life Insurance,2023-01-29 00:00:00.000000,51460
RM0172,Loan Against Property,2024-03-18 00:00:00.000000,19680
RM0102,Mutual Funds,2020-09-04 00:00:00.000000,241130
RM0162,Current Account,2026-02-15 00:00:00.000000,37394
RM0250,Life Insurance,2022-02-08 00:00:00.000000,15105
RM0185,Credit Card,2021-07-09 00:00:00.000000,88888888
RM0160,Gold Investment,2024-12-25 00:00:00.000000,16424
RM0042,Credit Card,2022-05-01 00:00:00.000000,53840
RM0178,Term Insurance,2025-05-10 00:00:00.000000,203327
RM0137,ULIP,2020-06-03 00:00:00.000000,67141
RM0067,Health Insurance,2019-02-21 00:00:00.000000,52425
RM0168,Saving Account,2025-07-22 00:00:00.000000,158837
RM0088,Term Insurance,2022-12-14 00:00:00.000000,39361
RM0213,Recurring Deposit,2019-11-08 00:00:00.000000,38620
RM0206,Saving Account,2019-07-17 00:00:00.000000,44658
RM0115,Saving Account,2026-04-29 00:00:00.000000,69771
RM0170,Recurring Deposit,2021-07-21 00:00:00.000000,32912
RM0059,Mutual Funds,2025-12-03 00:00:00.000000,109713
RM0197,Mutual Funds,2022-06-27 00:00:00.000000,11485
RM0157,Life Insurance,2025-09-01 00:00:00.000000,38969
RM0151,Fixed Deposit,2020-09-14 00:00:00.000000,45768
RM0200,ULIP,2023-03-10 00:00:00.000000,56701
RM0208,Gold Investment,2019-05-18 00:00:00.000000,26153
RM0025,Credit Card,2021-05-02 00:00:00.000000,37885
RM0059,Saving Account,2022-11-02 00:00:00.000000,43134
RM0227,Fixed Deposit,2026-06-21 00:00:00.000000,68063
RM0169,Health Insurance,2019-07-11 00:00:00.000000,84260
RM0166,Gold Investment,2021-10-26 00:00:00.000000,76937
RM0217,Fixed Deposit,2019-03-09 00:00:00.000000,30895
RM0102,Credit Card,2020-03-14 00:00:00.000000,385327
RM0015,Gold Investment,2025-08-24 00:00:00.000000,104413
RM0101,Recurring Deposit,2024-03-08 00:00:00.000000,25056
RM0225,Current Account,2024-05-05 00:00:00.000000,20852
RM0238,Gold Investment,2019-09-23 00:00:00.000000,28845
RM0159,Health Insurance,2022-07-10 00:00:00.000000,40105
RM0074,Health Insurance,2026-02-27 00:00:00.000000,105123
RM0005,Term Insurance,2019-06-12 00:00:00.000000,85335
RM0158,Current Account,2026-05-11 00:00:00.000000,105273
RM0037,Loan Against Property,2024-01-03 00:00:00.000000,25869
RM0184,Saving Account,2023-10-21 00:00:00.000000,55003
RM0217,Health Insurance,2025-07-03 00:00:00.000000,26651
RM0007,Saving Account,2024-07-11 00:00:00.000000,15771
RM0197,Gold Investment,2021-07-01 00:00:00.000000,67631
RM0128,Life Insurance,2024-11-30 10:32:43.381486,17715
RM0063,Recurring Deposit,2022-10-22 00:00:00.000000,65085
RM0159,Fixed Deposit,2024-11-30 00:00:00.000000,62201
RM0063,Gold Investment,2022-01-13 00:00:00.000000,93101
RM0028,Current Account,2023-08-06 00:00:00.000000,17515
RM0012,Term Insurance,2022-11-26 00:00:00.000000,86503
RM0177,Life Insurance,2023-11-25 00:00:00.000000,371572
RM0095,Mutual Funds,2020-12-08 00:00:00.000000,105204
RM0030,Current Account,2025-09-04 00:00:00.000000,79678
RM0188,Life Insurance,2022-08-21 00:00:00.000000,64259
RM0169,Recurring Deposit,2020-07-13 00:00:00.000000,37390
RM0199,Current Account,2026-01-22 00:00:00.000000,75559
RM0192,Mutual Funds,2025-09-24 00:00:00.000000,74399
RM0210,Life Insurance,2025-07-31 10:32:43.381530,59915
RM0178,Mutual Funds,2023-01-13 00:00:00.000000,89550
RM0212,Health Insurance,2025-12-22 00:00:00.000000,39779
RM0053,ULIP,2023-10-26 00:00:00.000000,16462
RM0211,Term Insurance,2023-10-09 00:00:00.000000,50943
RM0176,Credit Card,2021-08-13 00:00:00.000000,25397
RM0003,Credit Card,2020-08-21 00:00:00.000000,34260
RM0084,Gold Investment,2025-10-14 00:00:00.000000,10878
RM0249,Life Insurance,2019-04-11 00:00:00.000000,34127
RM0121,ULIP,2021-12-23 00:00:00.000000,92722
RM0195,Loan Against Property,2023-09-04 00:00:00.000000,49123
RM0040,Recurring Deposit,2023-09-02 00:00:00.000000,10492
RM0150,Credit Card,2024-05-07 00:00:00.000000,41729
RM0233,Term Insurance,2022-06-25 00:00:00.000000,27226
RM0223,Fixed Deposit,2025-11-22 00:00:00.000000,42461
RM0145,Credit Card,2021-02-23 00:00:00.000000,35933
RM0087,Gold Investment,2024-06-09 00:00:00.000000,144397
RM0002,Credit Card,2020-11-03 00:00:00.000000,12102
RM0164,Term Insurance,2022-12-16 00:00:00.000000,67535
RM0242,Mutual Funds,2019-11-10 00:00:00.000000,105199
RM0047,Recurring Deposit,2024-08-22 00:00:00.000000,170000
RM0147,Term Insurance,2025-10-05 10:32:43.381577,19778
RM0199,ULIP,2019-11-21 00:00:00.000000,47890
RM0083,Gold Investment,2022-07-05 00:00:00.000000,12228
RM0222,Saving Account,2023-08-25 00:00:00.000000,44575
RM0041,Gold Investment,2026-05-26 00:00:00.000000,16702
RM0157,Gold Investment,2021-11-28 00:00:00.000000,100976
RM0202,Fixed Deposit,2021-05-18 00:00:00.000000,16044
RM0169,Current Account,2023-07-06 00:00:00.000000,46004
RM0158,ULIP,2024-02-11 00:00:00.000000,75913
RM0180,Credit Card,2022-06-11 00:00:00.000000,46812
RM0105,Gold Investment,2024-03-06 00:00:00.000000,188157
RM0163,Gold Investment,2023-10-11 00:00:00.000000,63207
RM0072,Loan Against Property,2019-04-24 00:00:00.000000,26972
RM0209,Health Insurance,2024-07-31 00:00:00.000000,23774
RM0048,Current Account,2022-05-29 00:00:00.000000,16862
RM0190,Mutual Funds,2024-11-25 00:00:00.000000,80634
RM0093,Gold Investment,2019-10-12 00:00:00.000000,68681
RM0090,Gold Investment,2022-03-01 00:00:00.000000,57064
RM0055,Mutual Funds,2025-12-17 00:00:00.000000,12084
RM0233,Life Insurance,2026-04-08 00:00:00.000000,81948
RM0087,Term Insurance,2024-08-19 00:00:00.000000,61345
RM0040,Recurring Deposit,2024-09-11 00:00:00.000000,176057
RM0230,Saving Account,2020-05-19 00:00:00.000000,54239
RM0071,Fixed Deposit,2020-09-12 00:00:00.000000,28116
RM0030,Health Insurance,2025-06-21 10:32:43.381620,34024
RM0176,Loan Against Property,2025-10-01 00:00:00.000000,19669
RM0113,Credit Card,2021-12-24 00:00:00.000000,74171
RM0169,Mutual Funds,2022-12-29 00:00:00.000000,71502
RM0011,Mutual Funds,2023-05-28 00:00:00.000000,88888888
RM0008,Health Insurance,2023-01-20 00:00:00.000000,21197
RM0220,Fixed Deposit,2021-12-11 00:00:00.000000,18627
RM0003,Term Insurance,2023-08-18 00:00:00.000000,14006
RM0236,Term Insurance,2024-01-04 00:00:00.000000,131507
RM0086,Health Insurance,2021-04-05 00:00:00.000000,23267
RM0036,Recurring Deposit,2026-04-18 00:00:00.000000,31092
RM0015,Saving Account,2026-03-01 00:00:00.000000,26460
RM0146,Term Insurance,2019-05-14 00:00:00.000000,36689
RM0124,Current Account,2024-06-23 00:00:00.000000,72596
RM0082,Gold Investment,2023-12-21 00:00:00.000000,112240
RM0210,Fixed Deposit,2026-07-18 10:32:43.381660,20081
RM0171,Credit Card,2020-11-07 00:00:00.000000,67983
RM0223,Loan Against Property,2023-12-17 00:00:00.000000,31736
RM0207,Gold Investment,2024-06-20 00:00:00.000000,206936
RM0027,Recurring Deposit,2020-12-31 00:00:00.000000,27756
RM0146,Mutual Funds,2023-06-07 00:00:00.000000,10360
RM0109,Saving Account,2019-12-12 00:00:00.000000,46246
RM0216,Life Insurance,2025-02-11 10:32:43.381695,18168
RM0075,Current Account,2020-09-26 00:00:00.000000,12275
RM0110,ULIP,2025-09-18 00:00:00.000000,69911
RM0106,Loan Against Property,2022-12-06 00:00:00.000000,75886
RM0121,Mutual Funds,2023-01-06 00:00:00.000000,99482
RM0136,Recurring Deposit,2021-08-01 00:00:00.000000,40874
RM0186,Saving Account,2019-02-26 00:00:00.000000,66487
RM0141,Gold Investment,2026-07-15 00:00:00.000000,48635
RM0092,Saving Account,2019-08-12 00:00:00.000000,28397
RM0241,Credit Card,2020-01-07 00:00:00.000000,59685
RM0009,Fixed Deposit,2024-06-09 00:00:00.000000,55404
RM0208,Term Insurance,2022-04-15 00:00:00.000000,64804
RM0230,Life Insurance,2026-02-26 00:00:00.000000,21134
RM0146,Mutual Funds,2023-12-05 00:00:00.000000,25647
RM0057,Recurring Deposit,2019-09-25 00:00:00.000000,38987
RM0220,Health Insurance,2021-08-08 00:00:00.000000,39541
RM0156,Fixed Deposit,2020-06-14 00:00:00.000000,84452
RM0192,Life Insurance,2023-07-23 00:00:00.000000,32895
RM0047,Loan Against Property,2023-03-04 00:00:00.000000,18867
RM0207,Life Insurance,2025-09-22 00:00:00.000000,24481
RM0033,Saving Account,2026-02-24 00:00:00.000000,22086
RM0107,Gold Investment,2025-08-22 00:00:00.000000,75775
RM0107,Fixed Deposit,2024-05-22 00:00:00.000000,41775
RM0060,Fixed Deposit,2025-10-20 00:00:00.000000,71658
RM0215,Term Insurance,2025-11-23 00:00:00.000000,36911
RM0166,Recurring Deposit,2019-12-30 00:00:00.000000,120243
RM0141,Health Insurance,2025-05-01 10:32:43.381740,215281
RM0055,Mutual Funds,2023-09-13 00:00:00.000000,65409
RM0153,Credit Card,2025-09-19 00:00:00.000000,109686
RM0007,Saving Account,2024-08-06 00:00:00.000000,45457
RM0231,Health Insurance,2023-09-27 00:00:00.000000,146377
RM0136,Loan Against Property,2022-10-25 00:00:00.000000,99066
RM0051,Life Insurance,2026-07-15 00:00:00.000000,250050
RM0132,Mutual Funds,2025-01-14 00:00:00.000000,58787
RM0176,Saving Account,2025-02-06 00:00:00.000000,85526
RM0174,Health Insurance,2025-04-04 00:00:00.000000,49139
RM0001,Life Insurance,2025-08-06 00:00:00.000000,24995
RM0185,Term Insurance,2022-12-01 00:00:00.000000,31906
RM0198,Life Insurance,2025-11-09 00:00:00.000000,122218
RM0167,Fixed Deposit,2024-11-13 00:00:00.000000,12878
RM0240,Mutual Funds,2021-09-22 00:00:00.000000,54760
RM0039,Current Account,2026-07-12 10:32:43.381780,33299
RM0190,Current Account,2019-12-07 00:00:00.000000,34444
RM0010,Gold Investment,2022-10-06 00:00:00.000000,117955
RM0241,Credit Card,2025-01-25 00:00:00.000000,106146
RM0060,Life Insurance,2022-09-15 00:00:00.000000,55670
RM0125,Gold Investment,2019-10-23 00:00:00.000000,25935
RM0176,Term Insurance,2022-12-01 00:00:00.000000,42261
RM0063,Mutual Funds,2020-05-14 00:00:00.000000,36237
RM0120,Saving Account,2026-02-09 00:00:00.000000,31818
RM0217,Gold Investment,2019-06-16 00:00:00.000000,15423
RM0188,Fixed Deposit,2021-04-14 00:00:00.000000,49166
RM0008,Recurring Deposit,2022-05-17 00:00:00.000000,27964
RM0154,Fixed Deposit,2023-07-11 00:00:00.000000,64059
RM0196,Gold Investment,2024-04-03 00:00:00.000000,29224
RM0102,ULIP,2023-12-02 00:00:00.000000,38208
RM0139,Saving Account,2020-02-22 00:00:00.000000,12689
RM0091,Gold Investment,2019-05-03 00:00:00.000000,254897
RM0117,Loan Against Property,2021-08-04 00:00:00.000000,45424
RM0242,Term Insurance,2019-09-22 00:00:00.000000,11226
RM0117,Loan Against Property,2023-05-09 00:00:00.000000,48960
RM0046,Term Insurance,2025-09-03 00:00:00.000000,112147
RM0168,Saving Account,2019-04-13 00:00:00.000000,84041
RM0019,Current Account,2021-03-19 00:00:00.000000,70349
RM0116,Loan Against Property,2022-11-10 00:00:00.000000,17510
RM0129,Fixed Deposit,2019-10-08 00:00:00.000000,63608
RM0135,Recurring Deposit,2024-04-20 00:00:00.000000,82685
RM0076,ULIP,2021-09-04 00:00:00.000000,52480
RM0069,Gold Investment,2023-10-04 00:00:00.000000,121629
RM0102,Saving Account,2024-05-11 00:00:00.000000,26216
RM0099,Life Insurance,2024-07-12 00:00:00.000000,23863
RM0234,Saving Account,2025-05-26 00:00:00.000000,111845
RM0194,Gold Investment,2023-06-06 00:00:00.000000,59094
RM0192,Life Insurance,2025-02-25 00:00:00.000000,10072
RM0077,Life Insurance,2024-12-14 00:00:00.000000,31780
RM0051,Fixed Deposit,2021-01-07 00:00:00.000000,107545
RM0048,ULIP,2019-03-08 00:00:00.000000,11384
RM0173,Fixed Deposit,2021-01-08 00:00:00.000000,10162
RM0142,Term Insurance,2021-08-05 00:00:00.000000,37953
RM0011,Credit Card,2025-05-20 00:00:00.000000,26512
RM0212,Term Insurance,2022-01-19 00:00:00.000000,132670
RM0061,Life Insurance,2021-08-01 00:00:00.000000,125873
RM0060,Credit Card,2019-07-10 00:00:00.000000,46569
RM0237,Health Insurance,2019-09-09 00:00:00.000000,50286
RM0063,Gold Investment,2022-05-13 00:00:00.000000,30173
RM0170,Recurring Deposit,2019-09-15 00:00:00.000000,23968
RM0209,Term Insurance,2025-05-02 00:00:00.000000,94429
RM0053,Term Insurance,2020-02-11 00:00:00.000000,15618
RM0002,Loan Against Property,2020-08-19 00:00:00.000000,43408
RM0157,Saving Account,2026-02-27 00:00:00.000000,60310
RM0019,Gold Investment,2023-01-26 00:00:00.000000,15472
RM0099,Life Insurance,2021-07-12 00:00:00.000000,46657
RM0223,Recurring Deposit,2019-10-08 00:00:00.000000,52568
RM0186,ULIP,2023-01-21 00:00:00.000000,52662
RM0232,ULIP,2026-01-04 00:00:00.000000,53080
RM0023,ULIP,2019-06-16 00:00:00.000000,77836
RM0096,Current Account,2023-11-10 00:00:00.000000,23383
RM0061,Life Insurance,2024-05-30 00:00:00.000000,27359
RM0047,Loan Against Property,2020-02-23 00:00:00.000000,52142
RM0172,Loan Against Property,2020-02-29 00:00:00.000000,214100
RM0083,Mutual Funds,2024-10-05 00:00:00.000000,22262
RM0244,Health Insurance,2026-02-06 10:32:43.381839,223092
RM0199,Saving Account,2024-09-19 10:32:43.381875,72648
RM0045,Health Insurance,2021-08-17 00:00:00.000000,97458
RM0060,Current Account,2021-01-19 00:00:00.000000,14695
RM0005,Current Account,2026-08-03 10:32:43.381909,27863
RM0245,ULIP,2019-02-05 00:00:00.000000,12973
RM0188,Mutual Funds,2023-11-23 00:00:00.000000,33224
RM0133,ULIP,2021-05-09 00:00:00.000000,67521
RM0076,Loan Against Property,2020-10-12 00:00:00.000000,208933
RM0009,Health Insurance,2019-05-28 00:00:00.000000,15561
RM0218,Term Insurance,2025-07-04 00:00:00.000000,51319
RM0012,Health Insurance,2024-12-10 00:00:00.000000,10304
RM0223,Recurring Deposit,2026-07-27 00:00:00.000000,72358
RM0143,Loan Against Property,2024-07-09 00:00:00.000000,20982
RM0184,Loan Against Property,2020-01-24 00:00:00.000000,16939
RM0020,Term Insurance,2023-03-09 00:00:00.000000,30550
RM0009,Current Account,2025-03-24 00:00:00.000000,83711
RM0086,ULIP,2025-01-10 00:00:00.000000,73033
RM0238,Gold Investment,2021-08-07 00:00:00.000000,15636
RM0180,Loan Against Property,2019-10-22 00:00:00.000000,23057
RM0175,Term Insurance,2020-08-17 00:00:00.000000,10425
RM0167,Gold Investment,2024-06-08 00:00:00.000000,182753
RM0226,Fixed Deposit,2020-09-10 00:00:00.000000,54842
RM0242,ULIP,2021-05-20 00:00:00.000000,73630
RM0196,Current Account,2026-02-07 00:00:00.000000,62689
RM0189,Saving Account,2019-07-29 00:00:00.000000,17795
RM0027,Life Insurance,2020-07-03 00:00:00.000000,55185
RM0051,Current Account,2026-06-02 00:00:00.000000,17044
RM0039,ULIP,2020-11-25 00:00:00.000000,88888888
RM0243,ULIP,2025-06-20 00:00:00.000000,35644
RM0162,Life Insurance,2022-02-21 00:00:00.000000,52078
RM0217,Saving Account,2025-11-02 00:00:00.000000,50922
RM0115,Mutual Funds,2023-09-26 00:00:00.000000,16339
RM0022,Loan Against Property,2024-04-05 00:00:00.000000,11752
RM0214,ULIP,2024-12-07 00:00:00.000000,90032
RM0188,Health Insurance,2019-12-30 00:00:00.000000,74717
RM0135,Term Insurance,2024-06-22 00:00:00.000000,14268
RM0232,Term Insurance,2022-05-11 00:00:00.000000,16814
RM0202,Credit Card,2022-02-12 00:00:00.000000,121552
RM0037,Recurring Deposit,2024-01-18 00:00:00.000000,83294
RM0190,Saving Account,2024-11-04 10:32:43.381956,288118
RM0069,Saving Account,2019-07-12 00:00:00.000000,24650
RM0038,ULIP,2021-04-09 00:00:00.000000,43452
RM0180,Current Account,2025-08-31 00:00:00.000000,23489
RM0242,Credit Card,2025-05-20 10:32:43.381991,58749
RM0246,Gold Investment,2022-07-23 00:00:00.000000,16131
RM0116,Credit Card,2025-01-10 10:32:43.382032,16804
RM0212,Saving Account,2022-05-31 00:00:00.000000,13730
RM0212,Current Account,2021-06-07 00:00:00.000000,69140
RM0061,Fixed Deposit,2022-05-13 00:00:00.000000,44068
RM0073,Term Insurance,2024-04-26 00:00:00.000000,58081
RM0227,Credit Card,2020-06-11 00:00:00.000000,115722
RM0070,Term Insurance,2021-01-24 00:00:00.000000,77416
RM0049,Life Insurance,2023-08-03 00:00:00.000000,40969
RM0079,Fixed Deposit,2019-07-18 00:00:00.000000,217883
RM0031,Current Account,2019-01-03 00:00:00.000000,40463
RM0211,Loan Against Property,2019-02-19 00:00:00.000000,15964
RM0087,Current Account,2025-05-29 10:32:43.382067,255685
RM0243,Loan Against Property,2026-01-27 10:32:43.382099,88888888
RM0021,ULIP,2021-04-08 00:00:00.000000,11154
RM0147,Health Insurance,2022-06-25 00:00:00.000000,49912
RM0131,Gold Investment,2022-01-02 00:00:00.000000,28487
RM0090,Term Insurance,2026-07-15 10:32:43.382132,45013
RM0039,Life Insurance,2020-12-30 00:00:00.000000,50902
RM0017,Credit Card,2019-05-11 00:00:00.000000,23728
RM0032,Life Insurance,2020-01-26 00:00:00.000000,50693
RM0227,Term Insurance,2025-07-28 00:00:00.000000,80541
RM0246,Loan Against Property,2024-11-01 00:00:00.000000,25497
RM0033,Health Insurance,2023-05-21 00:00:00.000000,34178
RM0136,ULIP,2025-12-20 00:00:00.000000,25615
RM0192,Recurring Deposit,2025-05-29 10:32:43.382166,95895
RM0168,Saving Account,2020-04-27 00:00:00.000000,74545
RM0209,Health Insurance,2021-01-20 00:00:00.000000,112473
RM0201,Health Insurance,2023-03-01 00:00:00.000000,19319
RM0073,Mutual Funds,2023-12-18 00:00:00.000000,13821
RM0242,Life Insurance,2024-07-18 00:00:00.000000,16356
RM0124,Saving Account,2024-06-16 00:00:00.000000,18778
RM0128,Credit Card,2023-11-18 00:00:00.000000,48080
RM0245,Gold Investment,2024-10-06 10:32:43.382201,186871
RM0147,Mutual Funds,2020-04-13 00:00:00.000000,32098
RM0094,Health Insurance,2021-09-14 00:00:00.000000,169113
RM0030,Fixed Deposit,2025-05-07 00:00:00.000000,11947
RM0178,Fixed Deposit,2020-08-07 00:00:00.000000,140777
RM0190,Term Insurance,2019-04-19 00:00:00.000000,19992
RM0124,Life Insurance,2019-04-04 00:00:00.000000,131791
RM0211,Life Insurance,2022-07-23 00:00:00.000000,12893
RM0072,Term Insurance,2022-11-08 00:00:00.000000,158037
RM0138,ULIP,2024-01-02 00:00:00.000000,21207
RM0141,ULIP,2026-04-07 00:00:00.000000,28027
RM0182,Loan Against Property,2023-12-26 00:00:00.000000,43759
RM0046,ULIP,2025-06-06 00:00:00.000000,33959
RM0246,Health Insurance,2019-02-11 00:00:00.000000,65059
RM0044,Fixed Deposit,2019-11-18 00:00:00.000000,194060
RM0161,ULIP,2019-08-31 00:00:00.000000,56624
RM0174,Life Insurance,2021-08-04 00:00:00.000000,73914
RM0025,Recurring Deposit,2024-08-01 00:00:00.000000,14606
RM0209,Fixed Deposit,2024-04-19 00:00:00.000000,59417
RM0168,Fixed Deposit,2019-01-24 00:00:00.000000,192599
RM0029,Fixed Deposit,2021-07-09 00:00:00.000000,40243
RM0078,Gold Investment,2023-10-07 00:00:00.000000,118482
RM0075,Recurring Deposit,2025-11-17 10:32:43.382239,34568
RM0138,Loan Against Property,2023-04-15 00:00:00.000000,66886
RM0241,Recurring Deposit,2020-08-07 00:00:00.000000,22948
RM0222,Mutual Funds,2021-04-22 00:00:00.000000,25012
RM0153,Credit Card,2019-06-28 00:00:00.000000,33590
RM0188,Loan Against Property,2024-07-10 00:00:00.000000,28124
RM0206,Health Insurance,2022-06-30 00:00:00.000000,24643
RM0239,Recurring Deposit,2025-09-11 00:00:00.000000,12547
RM0232,Mutual Funds,2022-11-11 00:00:00.000000,100622
RM0113,Fixed Deposit,2023-09-18 00:00:00.000000,13323
RM0101,Fixed Deposit,2022-11-14 00:00:00.000000,119180
RM0097,Fixed Deposit,2023-05-23 00:00:00.000000,16703
RM0168,Saving Account,2022-12-08 00:00:00.000000,13374
RM0183,Health Insurance,2021-08-27 00:00:00.000000,51391
RM0220,Life Insurance,2020-10-15 00:00:00.000000,44902
RM0006,Health Insurance,2024-10-25 00:00:00.000000,43788
RM0176,Current Account,2022-05-28 00:00:00.000000,52725
RM0174,Saving Account,2024-12-15 00:00:00.000000,26917
RM0107,Loan Against Property,2025-07-23 00:00:00.000000,64376
RM0038,Recurring Deposit,2024-05-18 00:00:00.000000,44898
RM0114,Health Insurance,2021-07-16 00:00:00.000000,30379
RM0175,Saving Account,2022-07-25 00:00:00.000000,97579
RM0094,Gold Investment,2021-07-15 00:00:00.000000,75046
RM0121,Saving Account,2020-12-24 00:00:00.000000,35011
RM0046,Mutual Funds,2021-01-14 00:00:00.000000,104068
RM0042,ULIP,2021-08-05 00:00:00.000000,136448
RM0144,Loan Against Property,2025-02-12 00:00:00.000000,48486
RM0132,Health Insurance,2022-04-21 00:00:00.000000,22100
RM0168,Current Account,2026-01-11 00:00:00.000000,30840
RM0051,Life Insurance,2023-08-12 00:00:00.000000,133723
RM0006,Loan Against Property,2021-09-02 00:00:00.000000,20503
RM0171,Gold Investment,2020-09-24 00:00:00.000000,12481
RM0173,ULIP,2021-02-26 00:00:00.000000,29836
RM0198,Loan Against Property,2020-02-23 00:00:00.000000,74908
RM0226,Fixed Deposit,2020-07-17 00:00:00.000000,138375
RM0242,Fixed Deposit,2026-03-19 00:00:00.000000,60706
RM0084,Saving Account,2022-04-08 00:00:00.000000,161659
RM0088,Credit Card,2020-08-17 00:00:00.000000,14845
RM0219,Credit Card,2019-11-25 00:00:00.000000,13133
RM0074,Gold Investment,2019-03-23 00:00:00.000000,56341
RM0180,Fixed Deposit,2019-02-07 00:00:00.000000,179241
RM0133,Gold Investment,2020-08-13 00:00:00.000000,44930
RM0140,Fixed Deposit,2024-10-15 00:00:00.000000,121792
RM0247,ULIP,2021-12-12 00:00:00.000000,12644
RM0161,Saving Account,2026-04-08 00:00:00.000000,22501
RM0230,Loan Against Property,2022-08-18 00:00:00.000000,24038
RM0032,Credit Card,2023-06-24 00:00:00.000000,30613
RM0013,Health Insurance,2023-02-03 00:00:00.000000,12229
RM0203,Recurring Deposit,2021-11-30 00:00:00.000000,127637
RM0226,Current Account,2021-12-27 00:00:00.000000,46238
RM0025,Term Insurance,2026-04-18 10:32:43.382304,65574
RM0110,Term Insurance,2025-02-10 00:00:00.000000,13476
RM0060,Credit Card,2020-06-24 00:00:00.000000,12781
RM0101,Mutual Funds,2024-09-04 00:00:00.000000,54150
RM0077,Health Insurance,2022-10-27 00:00:00.000000,119149
RM0023,Saving Account,2021-05-28 00:00:00.000000,88888888
RM0238,Current Account,2021-10-04 00:00:00.000000,47589
RM0228,Current Account,2021-01-03 00:00:00.000000,115112
RM0243,Saving Account,2020-12-22 00:00:00.000000,93298
RM0238,Fixed Deposit,2023-03-12 00:00:00.000000,13944
RM0164,Recurring Deposit,2022-03-15 00:00:00.000000,21279
RM0175,Current Account,2020-01-20 00:00:00.000000,63604
RM0147,Saving Account,2025-11-26 00:00:00.000000,39304
RM0201,ULIP,2026-04-25 00:00:00.000000,27173
RM0158,Recurring Deposit,2020-05-17 00:00:00.000000,37118
RM0219,Current Account,2025-03-14 00:00:00.000000,38924
RM0181,Life Insurance,2022-02-22 00:00:00.000000,39457
RM0186,Saving Account,2021-05-11 00:00:00.000000,130705
RM0156,Loan Against Property,2021-12-04 00:00:00.000000,15460
RM0090,Current Account,2019-02-03 00:00:00.000000,26406
RM0041,ULIP,2020-03-06 00:00:00.000000,48562
RM0015,Loan Against Property,2022-12-29 00:00:00.000000,69913
RM0094,Mutual Funds,2026-05-04 00:00:00.000000,59798
RM0128,Recurring Deposit,2022-10-09 00:00:00.000000,152058
RM0130,Mutual Funds,2022-12-17 00:00:00.000000,89386
RM0156,Current Account,2025-04-18 00:00:00.000000,50717
RM0009,Term Insurance,2026-02-04 00:00:00.000000,22083
RM0210,Gold Investment,2021-04-14 00:00:00.000000,39971
RM0042,Loan Against Property,2024-04-25 00:00:00.000000,69107
RM0177,Fixed Deposit,2021-12-16 00:00:00.000000,100996
RM0036,Fixed Deposit,2022-09-14 00:00:00.000000,170615
RM0214,Saving Account,2019-12-02 00:00:00.000000,56500
RM0045,ULIP,2019-05-21 00:00:00.000000,47424
RM0234,Current Account,2019-07-04 00:00:00.000000,10892
RM0116,Life Insurance,2020-09-20 00:00:00.000000,13741
RM0037,Gold Investment,2023-01-25 00:00:00.000000,18486
RM0098,Mutual Funds,2019-03-18 00:00:00.000000,12815
RM0048,Mutual Funds,2019-07-28 00:00:00.000000,35613
RM0005,ULIP,2020-10-04 00:00:00.000000,30539
RM0028,Credit Card,2026-03-15 00:00:00.000000,60716
RM0240,ULIP,2025-06-10 00:00:00.000000,48357
RM0040,Saving Account,2026-01-09 10:32:43.382351,55313
RM0106,Saving Account,2022-11-27 00:00:00.000000,41930
RM0163,Current Account,2023-09-13 00:00:00.000000,26268
RM0244,Mutual Funds,2026-06-28 10:32:43.382383,162694
RM0009,Recurring Deposit,2025-12-13 00:00:00.000000,14518
RM0208,Saving Account,2019-06-13 00:00:00.000000,149754
RM0199,Term Insurance,2024-01-26 00:00:00.000000,28642
RM0116,Current Account,2021-05-30 00:00:00.000000,45939
RM0067,Fixed Deposit,2023-02-24 00:00:00.000000,15761
RM0004,Current Account,2023-05-03 00:00:00.000000,13678
RM0103,Life Insurance,2019-07-02 00:00:00.000000,38066
RM0163,Health Insurance,2024-05-11 00:00:00.000000,77681
RM0009,Loan Against Property,2020-07-13 00:00:00.000000,25692
RM0056,Gold Investment,2025-11-05 00:00:00.000000,51316
RM0074,Gold Investment,2019-12-15 00:00:00.000000,26331
RM0035,Health Insurance,2022-10-29 00:00:00.000000,34601
RM0105,Term Insurance,2022-11-23 00:00:00.000000,128460
RM0102,Life Insurance,2019-09-29 00:00:00.000000,106841
RM0078,Current Account,2024-12-11 00:00:00.000000,46285
RM0040,Recurring Deposit,2023-04-09 00:00:00.000000,23597
RM0012,Term Insurance,2019-07-25 00:00:00.000000,20732
RM0063,Saving Account,2023-06-01 00:00:00.000000,164050
RM0078,Credit Card,2025-07-18 00:00:00.000000,21327
RM0017,Saving Account,2023-11-29 00:00:00.000000,28944
RM0014,Term Insurance,2021-02-11 00:00:00.000000,92556
RM0066,Loan Against Property,2024-02-06 00:00:00.000000,33020
RM0209,Recurring Deposit,2026-04-08 00:00:00.000000,222234
RM0044,Saving Account,2026-06-11 00:00:00.000000,32955
RM0067,Current Account,2023-03-15 00:00:00.000000,31655
RM0103,ULIP,2023-04-27 00:00:00.000000,60731
RM0092,Recurring Deposit,2021-08-23 00:00:00.000000,172876
RM0136,Mutual Funds,2026-01-11 00:00:00.000000,196923
RM0059,Term Insurance,2026-02-14 00:00:00.000000,71414
RM0039,Mutual Funds,2019-04-24 00:00:00.000000,80244
RM0008,Term Insurance,2024-10-08 00:00:00.000000,51437
RM0003,Recurring Deposit,2024-09-20 00:00:00.000000,80483
RM0242,Health Insurance,2022-04-28 00:00:00.000000,108227
RM0004,Gold Investment,2021-08-11 00:00:00.000000,43285
RM0014,Term Insurance,2023-12-23 00:00:00.000000,58361
RM0242,Fixed Deposit,2021-07-16 00:00:00.000000,48535
RM0205,Term Insurance,2020-02-19 00:00:00.000000,51330
RM0189,Life Insurance,2023-08-13 00:00:00.000000,120385
RM0075,Current Account,2019-12-05 00:00:00.000000,31973
RM0207,Loan Against Property,2025-02-20 10:32:43.382428,21671
RM0072,Health Insurance,2024-10-13 00:00:00.000000,40466
RM0039,Gold Investment,2023-06-25 00:00:00.000000,21665
RM0028,Life Insurance,2025-03-28 00:00:00.000000,44497
RM0206,Credit Card,2024-11-18 00:00:00.000000,126914
RM0170,Health Insurance,2024-09-27 00:00:00.000000,58042
RM0159,ULIP,2026-07-27 00:00:00.000000,106700
RM0172,Life Insurance,2020-08-16 00:00:00.000000,19087
RM0160,ULIP,2023-08-19 00:00:00.000000,44473
RM0105,Credit Card,2020-09-23 00:00:00.000000,125567
RM0035,Recurring Deposit,2023-06-07 00:00:00.000000,56038
RM0191,Credit Card,2024-07-29 00:00:00.000000,11613
RM0211,Loan Against Property,2021-01-15 00:00:00.000000,60135
RM0172,Gold Investment,2023-10-21 00:00:00.000000,161203
RM0033,Recurring Deposit,2021-05-24 00:00:00.000000,14123
RM0025,Life Insurance,2022-09-15 00:00:00.000000,53668
RM0164,Fixed Deposit,2021-12-15 00:00:00.000000,133537
RM0235,Saving Account,2023-05-07 00:00:00.000000,10487
RM0128,Life Insurance,2022-09-25 00:00:00.000000,59836
RM0114,Recurring Deposit,2020-12-03 00:00:00.000000,42208
RM0019,Health Insurance,2020-04-27 00:00:00.000000,31308
RM0065,Loan Against Property,2019-05-31 00:00:00.000000,59380
RM0120,Current Account,2020-12-12 00:00:00.000000,12707
RM0032,Mutual Funds,2023-02-14 00:00:00.000000,79931
RM0014,Mutual Funds,2024-07-15 00:00:00.000000,88888888
RM0212,Fixed Deposit,2021-12-18 00:00:00.000000,10224
RM0205,Mutual Funds,2024-10-17 00:00:00.000000,28331
RM0134,Health Insurance,2019-08-25 00:00:00.000000,45054
RM0032,Life Insurance,2025-02-04 00:00:00.000000,33662
RM0101,Recurring Deposit,2020-06-03 00:00:00.000000,28370
RM0184,Recurring Deposit,2023-03-19 00:00:00.000000,98844
RM0200,Term Insurance,2023-09-15 00:00:00.000000,146539
RM0185,ULIP,2019-09-17 00:00:00.000000,113459
RM0038,Fixed Deposit,2025-03-06 00:00:00.000000,46952
RM0244,Recurring Deposit,2022-07-04 00:00:00.000000,117779
RM0152,Gold Investment,2019-12-26 00:00:00.000000,136827
RM0249,Health Insurance,2019-07-03 00:00:00.000000,36317
RM0009,Life Insurance,2022-07-30 00:00:00.000000,26665
RM0100,Mutual Funds,2021-06-06 00:00:00.000000,15171
RM0148,Current Account,2024-06-19 00:00:00.000000,42609
RM0131,Recurring Deposit,2022-08-18 00:00:00.000000,156214
RM0103,Fixed Deposit,2023-12-11 00:00:00.000000,51152
RM0068,Gold Investment,2021-12-30 00:00:00.000000,65065
RM0094,Recurring Deposit,2020-01-19 00:00:00.000000,15988
RM0067,Recurring Deposit,2020-07-29 00:00:00.000000,17746
RM0073,Recurring Deposit,2025-05-20 00:00:00.000000,70135
RM0029,Current Account,2019-09-27 00:00:00.000000,41225
RM0147,Saving Account,2021-09-02 00:00:00.000000,161067
RM0216,Recurring Deposit,2026-01-03 00:00:00.000000,32375
RM0216,Recurring Deposit,2024-07-18 00:00:00.000000,114975
RM0165,Life Insurance,2026-02-16 00:00:00.000000,16408
RM0050,Mutual Funds,2020-03-08 00:00:00.000000,57988
RM0200,Term Insurance,2025-06-25 00:00:00.000000,55891
RM0055,Mutual Funds,2019-09-20 00:00:00.000000,108260
RM0225,Term Insurance,2019-10-02 00:00:00.000000,10166
RM0090,Recurring Deposit,2022-12-22 00:00:00.000000,20531
RM0114,Health Insurance,2023-08-04 00:00:00.000000,22403
RM0064,Credit Card,2019-11-18 00:00:00.000000,159752
RM0047,Fixed Deposit,2020-12-23 00:00:00.000000,18343
RM0124,ULIP,2019-11-19 00:00:00.000000,11883
RM0017,Credit Card,2019-08-24 00:00:00.000000,41893
RM0196,Health Insurance,2024-02-24 00:00:00.000000,48228
RM0041,Life Insurance,2025-06-01 10:32:43.382484,47598
RM0201,Gold Investment,2024-09-12 00:00:00.000000,102910
RM0081,Mutual Funds,2022-06-01 00:00:00.000000,158659
RM0089,Mutual Funds,2025-05-21 00:00:00.000000,48668
RM0242,Mutual Funds,2020-12-21 00:00:00.000000,142958
RM0179,Saving Account,2023-04-04 00:00:00.000000,15543
RM0130,ULIP,2024-03-14 00:00:00.000000,74578
RM0071,Recurring Deposit,2022-04-09 00:00:00.000000,25364
RM0199,Mutual Funds,2024-03-08 00:00:00.000000,141847
RM0248,Mutual Funds,2022-03-27 00:00:00.000000,65047
RM0233,Life Insurance,2026-05-26 00:00:00.000000,36729
RM0040,Saving Account,2024-09-22 00:00:00.000000,67009
RM0010,Term Insurance,2020-10-21 00:00:00.000000,35650
RM0032,Recurring Deposit,2026-06-20 00:00:00.000000,16062
RM0020,Credit Card,2025-05-07 00:00:00.000000,73466
RM0039,Life Insurance,2022-06-09 00:00:00.000000,96888
RM0179,Life Insurance,2025-03-24 00:00:00.000000,75246
RM0018,Loan Against Property,2025-07-27 00:00:00.000000,23010
RM0240,Recurring Deposit,2021-11-30 00:00:00.000000,166905
RM0036,Current Account,2023-02-12 00:00:00.000000,11278
RM0241,Loan Against Property,2025-02-26 00:00:00.000000,30224
RM0233,Fixed Deposit,2020-07-31 00:00:00.000000,25061
RM0030,Current Account,2024-03-24 00:00:00.000000,12466
RM0005,Current Account,2021-02-26 00:00:00.000000,36021
RM0197,Fixed Deposit,2022-11-05 00:00:00.000000,58790
RM0047,Health Insurance,2020-05-20 00:00:00.000000,88888888
RM0231,Saving Account,2025-07-31 00:00:00.000000,117088
RM0068,Credit Card,2022-09-12 00:00:00.000000,238730
RM0165,Health Insurance,2026-01-27 00:00:00.000000,34198
RM0051,ULIP,2023-03-21 00:00:00.000000,92536
RM0066,ULIP,2025-10-04 00:00:00.000000,41619
RM0178,Health Insurance,2020-07-18 00:00:00.000000,74314
RM0231,Mutual Funds,2024-11-16 00:00:00.000000,102774
RM0091,Health Insurance,2024-07-10 00:00:00.000000,41303
RM0238,Loan Against Property,2020-04-06 00:00:00.000000,86868
RM0158,Mutual Funds,2019-08-16 00:00:00.000000,42952
RM0227,Current Account,2026-05-07 00:00:00.000000,34428
RM0134,Fixed Deposit,2025-11-09 00:00:00.000000,47336
RM0001,Credit Card,2024-04-27 00:00:00.000000,66328
RM0108,Loan Against Property,2021-09-13 00:00:00.000000,74892
RM0102,Gold Investment,2022-07-10 00:00:00.000000,32060
RM0175,Saving Account,2023-04-11 00:00:00.000000,52352
RM0080,Mutual Funds,2020-03-16 00:00:00.000000,130325
RM0094,Credit Card,2023-10-01 00:00:00.000000,197141
RM0104,ULIP,2026-05-01 00:00:00.000000,22889
RM0175,Mutual Funds,2025-02-26 10:32:43.382533,20711
RM0121,Loan Against Property,2019-06-30 00:00:00.000000,66456
RM0204,Gold Investment,2025-08-21 00:00:00.000000,36780
RM0076,ULIP,2024-04-02 00:00:00.000000,11226
RM0062,Health Insurance,2023-04-07 00:00:00.000000,31298
RM0167,Current Account,2026-03-01 00:00:00.000000,92187
RM0080,Current Account,2024-05-10 00:00:00.000000,89832
RM0156,Fixed Deposit,2020-01-22 00:00:00.000000,44128
RM0114,Fixed Deposit,2025-05-30 00:00:00.000000,41987
RM0145,ULIP,2020-04-07 00:00:00.000000,53316
RM0017,Credit Card,2026-02-16 00:00:00.000000,22384
RM0239,Health Insurance,2023-02-14 00:00:00.000000,47331
RM0123,Life Insurance,2023-09-23 00:00:00.000000,10555
RM0195,Saving Account,2021-10-20 00:00:00.000000,42271
RM0109,Recurring Deposit,2019-06-25 00:00:00.000000,30477
RM0226,Recurring Deposit,2021-01-04 00:00:00.000000,66176
RM0143,Fixed Deposit,2019-11-06 00:00:00.000000,60854
RM0210,Life Insurance,2021-03-05 00:00:00.000000,14684
RM0161,Recurring Deposit,2020-12-09 00:00:00.000000,33969
RM0024,Mutual Funds,2020-11-08 00:00:00.000000,10364
RM0049,Gold Investment,2021-07-23 00:00:00.000000,24535
RM0177,ULIP,2022-08-24 00:00:00.000000,60167
RM0003,Credit Card,2021-11-06 00:00:00.000000,13756
RM0213,Saving Account,2020-10-26 00:00:00.000000,15694
RM0144,Term Insurance,2019-06-01 00:00:00.000000,62069
RM0176,Mutual Funds,2023-03-23 00:00:00.000000,80481
RM0023,Gold Investment,2023-08-13 00:00:00.000000,29397
RM0216,Term Insurance,2024-10-07 00:00:00.000000,43635
RM0231,Mutual Funds,2024-08-06 00:00:00.000000,155672
RM0203,ULIP,2019-09-02 00:00:00.000000,155517
RM0087,Mutual Funds,2019-01-27 00:00:00.000000,28372
RM0175,ULIP,2022-09-19 00:00:00.000000,93033
RM0222,Current Account,2023-10-30 00:00:00.000000,55063
RM0150,Gold Investment,2024-10-13 00:00:00.000000,195422
RM0067,Credit Card,2022-01-20 00:00:00.000000,42467
RM0217,Term Insurance,2025-10-17 10:32:43.382578,84517
RM0014,Current Account,2024-07-30 00:00:00.000000,83080
RM0091,Mutual Funds,2025-03-03 00:00:00.000000,44401
RM0210,Gold Investment,2021-11-10 00:00:00.000000,89391
RM0058,Saving Account,2026-04-02 00:00:00.000000,25125
RM0069,Life Insurance,2020-10-31 00:00:00.000000,16519
RM0069,Gold Investment,2026-03-07 00:00:00.000000,37683
RM0036,Mutual Funds,2025-12-23 00:00:00.000000,153791
RM0152,Life Insurance,2021-02-05 00:00:00.000000,44731
RM0039,Term Insurance,2022-08-20 00:00:00.000000,27948
RM0232,ULIP,2020-06-22 00:00:00.000000,60428
RM0088,Loan Against Property,2021-11-15 00:00:00.000000,58929
RM0167,Life Insurance,2023-05-06 00:00:00.000000,17111
RM0160,Gold Investment,2019-07-05 00:00:00.000000,34739
RM0014,Fixed Deposit,2022-11-17 00:00:00.000000,71368
RM0232,Saving Account,2025-06-13 00:00:00.000000,188759
RM0126,Loan Against Property,2022-06-11 00:00:00.000000,19197
RM0164,ULIP,2021-09-28 00:00:00.000000,36419
RM0233,Gold Investment,2026-05-26 00:00:00.000000,14996
RM0150,Life Insurance,2024-04-03 00:00:00.000000,23878
RM0081,Mutual Funds,2023-12-06 00:00:00.000000,33641
RM0007,Saving Account,2019-05-26 00:00:00.000000,16806
RM0142,Current Account,2025-10-07 00:00:00.000000,48896
RM0060,Loan Against Property,2023-06-08 00:00:00.000000,23105
RM0161,Mutual Funds,2025-11-24 00:00:00.000000,22910
RM0065,Credit Card,2020-03-03 00:00:00.000000,85215
RM0102,Recurring Deposit,2020-07-17 00:00:00.000000,174359
RM0159,Gold Investment,2022-10-22 00:00:00.000000,29549
RM0073,Gold Investment,2024-07-31 00:00:00.000000,68236
RM0149,Recurring Deposit,2022-07-25 00:00:00.000000,24925
RM0129,Fixed Deposit,2026-03-16 00:00:00.000000,141521
RM0150,ULIP,2026-03-03 00:00:00.000000,65874
RM0021,Loan Against Property,2026-03-09 00:00:00.000000,91145
RM0111,Current Account,2024-04-30 00:00:00.000000,12530
RM0086,Health Insurance,2021-07-22 00:00:00.000000,55628
RM0181,Saving Account,2020-12-23 00:00:00.000000,47497
RM0037,Loan Against Property,2025-05-27 10:32:43.382622,27336
RM0063,Credit Card,2023-11-18 00:00:00.000000,25219
RM0091,Current Account,2023-03-05 00:00:00.000000,53377
RM0167,Gold Investment,2022-01-05 00:00:00.000000,71291
RM0036,Saving Account,2024-02-26 00:00:00.000000,11686
RM0082,Loan Against Property,2020-08-14 00:00:00.000000,51897
RM0062,ULIP,2021-02-01 00:00:00.000000,19344
RM0187,Gold Investment,2022-10-01 00:00:00.000000,17562
RM0166,Gold Investment,2024-04-15 00:00:00.000000,58791
RM0176,Recurring Deposit,2021-12-03 00:00:00.000000,28616
RM0005,Loan Against Property,2024-04-27 00:00:00.000000,39069
RM0203,Term Insurance,2024-03-03 00:00:00.000000,32314
RM0194,Fixed Deposit,2024-11-25 00:00:00.000000,62254
RM0101,Life Insurance,2020-10-26 00:00:00.000000,41755
RM0054,Term Insurance,2025-07-28 00:00:00.000000,175465
RM0174,Current Account,2022-02-16 00:00:00.000000,31722
RM0179,Life Insurance,2024-12-26 00:00:00.000000,77408
RM0130,Recurring Deposit,2022-07-22 00:00:00.000000,24872
RM0096,ULIP,2020-01-13 00:00:00.000000,45540
RM0212,Life Insurance,2021-09-24 00:00:00.000000,50211
RM0212,Current Account,2021-05-01 00:00:00.000000,29957
RM0042,ULIP,2026-02-11 00:00:00.000000,88888888
RM0170,Life Insurance,2023-12-30 00:00:00.000000,41912
RM0129,Life Insurance,2019-01-22 00:00:00.000000,26375
RM0043,Health Insurance,2022-08-23 00:00:00.000000,10300
RM0058,Saving Account,2023-02-17 00:00:00.000000,22144
RM0173,Loan Against Property,2023-09-12 00:00:00.000000,70209
RM0078,Mutual Funds,2023-06-27 00:00:00.000000,83693
RM0249,Credit Card,2026-03-12 00:00:00.000000,26439
RM0155,Term Insurance,2021-10-15 00:00:00.000000,36597
RM0028,Gold Investment,2025-10-17 00:00:00.000000,36216
RM0005,Credit Card,2021-05-22 00:00:00.000000,11904
RM0221,Credit Card,2022-06-06 00:00:00.000000,23528
RM0248,Saving Account,2021-04-09 00:00:00.000000,85529
RM0148,Health Insurance,2019-03-31 00:00:00.000000,56568
RM0241,Saving Account,2025-12-28 00:00:00.000000,21519
RM0022,Fixed Deposit,2023-07-08 00:00:00.000000,24882
RM0233,Credit Card,2025-04-13 00:00:00.000000,94859
RM0237,Saving Account,2019-03-21 00:00:00.000000,21728
RM0134,Mutual Funds,2020-07-25 00:00:00.000000,30335
RM0238,Loan Against Property,2023-02-22 00:00:00.000000,64585
RM0077,Life Insurance,2020-12-14 00:00:00.000000,51175
RM0044,Health Insurance,2026-01-20 00:00:00.000000,40889
RM0188,Saving Account,2022-01-06 00:00:00.000000,124999
RM0057,Fixed Deposit,2026-05-11 00:00:00.000000,22404
RM0081,Saving Account,2026-04-11 00:00:00.000000,77627
RM0068,Loan Against Property,2019-03-15 00:00:00.000000,18661
RM0192,ULIP,2019-11-14 00:00:00.000000,57820
RM0018,Life Insurance,2025-10-25 00:00:00.000000,112251
RM0167,Gold Investment,2021-10-01 00:00:00.000000,40615
RM0022,Fixed Deposit,2025-08-19 00:00:00.000000,74421
RM0072,Credit Card,2024-02-08 00:00:00.000000,95849
RM0224,Gold Investment,2020-05-26 00:00:00.000000,17310
RM0089,Loan Against Property,2022-03-20 00:00:00.000000,71179
RM0214,Saving Account,2022-06-27 00:00:00.000000,136187
RM0133,Life Insurance,2019-01-27 00:00:00.000000,14937
RM0010,Credit Card,2023-01-12 00:00:00.000000,52944
RM0208,Mutual Funds,2020-12-10 00:00:00.000000,20297
RM0105,Mutual Funds,2025-12-02 10:32:43.382675,16787
RM0041,Credit Card,2020-07-21 00:00:00.000000,25037
RM0057,Fixed Deposit,2025-05-18 10:32:43.382707,15463
RM0155,Term Insurance,2020-11-28 00:00:00.000000,46015
RM0072,Term Insurance,2024-09-24 00:00:00.000000,13612
RM0158,Credit Card,2025-09-02 00:00:00.000000,22641
RM0204,Gold Investment,2024-12-11 00:00:00.000000,38982
RM0078,Saving Account,2022-11-05 00:00:00.000000,42114
RM0101,ULIP,2019-12-22 00:00:00.000000,51666
RM0024,Fixed Deposit,2025-11-20 00:00:00.000000,71143
RM0135,Recurring Deposit,2023-03-29 00:00:00.000000,12419
RM0152,Recurring Deposit,2022-05-29 00:00:00.000000,14202
RM0066,Life Insurance,2019-01-12 00:00:00.000000,13139
RM0224,Recurring Deposit,2020-10-15 00:00:00.000000,37508
RM0013,Term Insurance,2026-05-29 00:00:00.000000,12137
RM0163,Recurring Deposit,2020-04-03 00:00:00.000000,78537
RM0249,Gold Investment,2021-07-21 00:00:00.000000,22615
RM0066,ULIP,2022-12-25 00:00:00.000000,150018
RM0221,Current Account,2026-02-01 00:00:00.000000,43315
RM0080,Term Insurance,2022-11-21 00:00:00.000000,39558
RM0231,Credit Card,2019-10-02 00:00:00.000000,11886
RM0158,Credit Card,2024-05-15 00:00:00.000000,85828
RM0243,Saving Account,2020-10-30 00:00:00.000000,72440
RM0121,Current Account,2021-09-06 00:00:00.000000,56736
RM0162,ULIP,2021-12-31 00:00:00.000000,146781
RM0030,Current Account,2024-08-13 00:00:00.000000,37431
RM0201,Health Insurance,2024-12-10 00:00:00.000000,92651
RM0091,Credit Card,2024-05-08 00:00:00.000000,33909
RM0093,Life Insurance,2026-03-07 00:00:00.000000,101114
RM0135,Credit Card,2021-12-27 00:00:00.000000,25019
RM0195,Saving Account,2022-08-26 00:00:00.000000,27072
RM0154,Fixed Deposit,2019-07-15 00:00:00.000000,66639
RM0232,Mutual Funds,2024-02-23 00:00:00.000000,21958
RM0247,Credit Card,2021-04-17 00:00:00.000000,23013
RM0039,Loan Against Property,2025-06-09 00:00:00.000000,28211
RM0201,Current Account,2020-08-27 00:00:00.000000,66804
RM0001,Mutual Funds,2019-06-18 00:00:00.000000,120086
RM0028,Fixed Deposit,2019-07-19 00:00:00.000000,66130
RM0242,Fixed Deposit,2024-09-30 00:00:00.000000,97959
RM0020,Gold Investment,2021-05-10 00:00:00.000000,49214
RM0127,Credit Card,2025-05-24 00:00:00.000000,13570
RM0007,Recurring Deposit,2020-09-22 00:00:00.000000,15293
RM0154,Recurring Deposit,2024-03-22 00:00:00.000000,50415
RM0133,Credit Card,2024-01-06 00:00:00.000000,29860
RM0213,Credit Card,2019-08-07 00:00:00.000000,45775
RM0189,Current Account,2022-05-26 00:00:00.000000,22459
RM0099,Health Insurance,2024-09-08 00:00:00.000000,41392
RM0017,Current Account,2021-02-11 00:00:00.000000,64905
RM0114,Saving Account,2024-08-15 00:00:00.000000,34305
RM0239,Health Insurance,2024-03-14 00:00:00.000000,91111
RM0123,Recurring Deposit,2022-05-13 00:00:00.000000,77070
RM0022,Term Insurance,2019-04-20 00:00:00.000000,76385
RM0165,Credit Card,2020-09-30 00:00:00.000000,220621
RM0111,Credit Card,2022-09-23 00:00:00.000000,27494
RM0011,Fixed Deposit,2026-07-15 00:00:00.000000,61743
RM0009,Loan Against Property,2024-09-08 00:00:00.000000,106716
RM0242,Term Insurance,2019-05-26 00:00:00.000000,53318
RM0234,Health Insurance,2019-03-19 00:00:00.000000,87913
RM0132,Term Insurance,2023-07-24 00:00:00.000000,36760
RM0045,Mutual Funds,2023-05-09 00:00:00.000000,54639
RM0197,Recurring Deposit,2020-06-20 00:00:00.000000,12863
RM0161,Gold Investment,2022-04-12 00:00:00.000000,222611
RM0004,Credit Card,2020-01-06 00:00:00.000000,90476
RM0131,Fixed Deposit,2020-05-08 00:00:00.000000,111555
RM0069,Loan Against Property,2019-03-23 00:00:00.000000,69256
RM0122,Fixed Deposit,2022-05-09 00:00:00.000000,20292
RM0166,Health Insurance,2021-05-19 00:00:00.000000,11576
RM0131,Credit Card,2021-08-21 00:00:00.000000,109997
RM0003,Life Insurance,2024-05-05 00:00:00.000000,35236
RM0108,ULIP,2022-01-15 00:00:00.000000,25317
RM0150,Recurring Deposit,2021-08-03 00:00:00.000000,40818
RM0103,Saving Account,2019-03-01 00:00:00.000000,51239
RM0127,Mutual Funds,2021-03-17 00:00:00.000000,37313
RM0001,Current Account,2024-08-31 00:00:00.000000,62729
RM0043,Saving Account,2026-03-28 10:32:43.382765,43062
RM0060,Fixed Deposit,2021-09-10 00:00:00.000000,69739
RM0241,Credit Card,2025-02-01 00:00:00.000000,21394
RM0196,Recurring Deposit,2026-03-08 00:00:00.000000,106010
RM0150,Mutual Funds,2019-09-30 00:00:00.000000,20880
RM0014,Health Insurance,2023-07-05 00:00:00.000000,29981
RM0247,Current Account,2026-04-28 00:00:00.000000,38707
RM0011,Saving Account,2022-06-22 00:00:00.000000,173585
RM0090,Current Account,2022-02-16 00:00:00.000000,32732
RM0018,Loan Against Property,2024-09-02 00:00:00.000000,33990
RM0122,Health Insurance,2025-03-15 10:32:43.382817,62989
RM0206,Recurring Deposit,2019-01-27 00:00:00.000000,37167
RM0197,Loan Against Property,2021-07-15 00:00:00.000000,161025
RM0173,ULIP,2021-04-22 00:00:00.000000,122437
RM0235,Term Insurance,2021-07-04 00:00:00.000000,46016
RM0245,Loan Against Property,2020-02-07 00:00:00.000000,61750
RM0087,Credit Card,2025-09-19 00:00:00.000000,12989
RM0133,Health Insurance,2019-08-21 00:00:00.000000,69492
RM0197,Term Insurance,2021-02-24 00:00:00.000000,71413
RM0042,ULIP,2021-08-23 00:00:00.000000,32251
RM0140,Current Account,2023-05-01 00:00:00.000000,22402
RM0064,Loan Against Property,2025-02-06 00:00:00.000000,133301
RM0085,ULIP,2019-08-02 00:00:00.000000,37817
RM0157,Gold Investment,2021-12-27 00:00:00.000000,56723
RM0116,Life Insurance,2020-06-08 00:00:00.000000,63023
RM0055,Loan Against Property,2023-12-06 00:00:00.000000,11694
RM0175,Saving Account,2022-12-20 00:00:00.000000,36727
RM0059,Loan Against Property,2022-01-14 00:00:00.000000,94984
RM0154,Term Insurance,2026-06-02 00:00:00.000000,34516
RM0029,Health Insurance,2019-03-12 00:00:00.000000,56211
RM0086,Gold Investment,2024-04-06 00:00:00.000000,21776
RM0200,Fixed Deposit,2025-05-29 00:00:00.000000,36937
RM0050,Saving Account,2024-08-10 00:00:00.000000,141303
RM0143,Life Insurance,2020-04-19 00:00:00.000000,51787
RM0078,Term Insurance,2021-05-11 00:00:00.000000,126104
RM0224,Mutual Funds,2022-01-23 00:00:00.000000,126149
RM0228,Mutual Funds,2019-10-10 00:00:00.000000,154252
RM0223,Saving Account,2025-02-03 00:00:00.000000,122876
RM0087,Term Insurance,2019-12-17 00:00:00.000000,10164
RM0115,Life Insurance,2023-02-15 00:00:00.000000,145916
RM0228,Life Insurance,2021-05-23 00:00:00.000000,17393
RM0030,ULIP,2021-12-26 00:00:00.000000,12037
RM0217,Loan Against Property,2021-06-02 00:00:00.000000,12849
RM0122,Health Insurance,2022-08-24 00:00:00.000000,31455
RM0241,ULIP,2020-11-09 00:00:00.000000,58485
RM0016,Current Account,2022-03-28 00:00:00.000000,35734
RM0027,ULIP,2021-08-17 00:00:00.000000,11294
RM0056,Life Insurance,2020-06-15 00:00:00.000000,42359
RM0091,Gold Investment,2022-01-20 00:00:00.000000,39181
RM0129,Gold Investment,2023-01-05 00:00:00.000000,80703
RM0236,ULIP,2021-02-23 00:00:00.000000,26398
RM0210,Current Account,2021-06-20 00:00:00.000000,22265
RM0229,Saving Account,2020-02-04 00:00:00.000000,24781
RM0071,ULIP,2023-10-07 00:00:00.000000,40213
RM0122,Gold Investment,2025-07-30 00:00:00.000000,28101
RM0006,Saving Account,2021-09-04 00:00:00.000000,55710
RM0130,Gold Investment,2019-07-30 00:00:00.000000,41888
RM0107,Recurring Deposit,2026-07-30 00:00:00.000000,30541
RM0177,Saving Account,2021-06-20 00:00:00.000000,33445
RM0089,Health Insurance,2025-10-10 00:00:00.000000,33175
RM0159,Credit Card,2022-06-05 00:00:00.000000,189509
RM0130,ULIP,2021-06-02 00:00:00.000000,23263
RM0228,Saving Account,2026-05-13 00:00:00.000000,95204
RM0248,Fixed Deposit,2022-01-07 00:00:00.000000,71586
RM0223,Term Insurance,2019-07-29 00:00:00.000000,10279
RM0005,Recurring Deposit,2021-12-10 00:00:00.000000,259367
RM0206,Gold Investment,2026-06-21 00:00:00.000000,80619
RM0080,Life Insurance,2025-05-25 10:32:43.382871,67355
RM0004,Current Account,2025-09-07 00:00:00.000000,35986
RM0064,ULIP,2019-07-08 00:00:00.000000,50506
RM0056,Term Insurance,2022-07-23 00:00:00.000000,24602
RM0119,Health Insurance,2019-08-06 00:00:00.000000,11806
RM0170,Current Account,2022-06-09 00:00:00.000000,100401
RM0187,Current Account,2026-02-23 10:32:43.382905,123401
RM0108,Loan Against Property,2022-06-06 00:00:00.000000,18864
RM0049,Mutual Funds,2022-10-03 00:00:00.000000,87336
RM0125,Gold Investment,2025-02-22 00:00:00.000000,77575
RM0123,Life Insurance,2025-12-23 10:32:43.382938,19823
RM0026,Health Insurance,2025-08-23 00:00:00.000000,37394
RM0015,Life Insurance,2021-05-29 00:00:00.000000,37474
RM0103,Term Insurance,2026-06-30 00:00:00.000000,81348
RM0066,Life Insurance,2026-01-16 00:00:00.000000,100903
RM0237,Saving Account,2021-10-11 00:00:00.000000,14978
RM0061,Current Account,2019-06-05 00:00:00.000000,51387
RM0234,Life Insurance,2024-08-26 00:00:00.000000,81721
RM0015,Life Insurance,2023-09-08 00:00:00.000000,87133
RM0073,Gold Investment,2020-02-23 00:00:00.000000,18008
RM0025,Credit Card,2024-07-25 00:00:00.000000,47275
RM0065,Loan Against Property,2021-02-03 00:00:00.000000,107441
RM0086,Term Insurance,2019-12-27 00:00:00.000000,29174
RM0151,Life Insurance,2021-10-11 00:00:00.000000,37679
RM0211,Current Account,2019-07-20 00:00:00.000000,91573
RM0148,Fixed Deposit,2021-01-17 00:00:00.000000,14678
RM0030,Health Insurance,2025-10-03 00:00:00.000000,108125
RM0008,Fixed Deposit,2019-09-12 00:00:00.000000,28637
RM0178,Gold Investment,2025-12-30 10:32:43.382977,10072
RM0198,Term Insurance,2020-07-09 00:00:00.000000,23339
RM0249,Term Insurance,2022-03-23 00:00:00.000000,14688
RM0157,Saving Account,2024-12-10 00:00:00.000000,14846
RM0223,Current Account,2019-07-26 00:00:00.000000,69018
RM0250,Loan Against Property,2020-03-26 00:00:00.000000,22038
RM0130,Term Insurance,2024-10-10 00:00:00.000000,146470
RM0131,Current Account,2023-10-06 00:00:00.000000,46329
RM0064,Term Insurance,2025-10-25 00:00:00.000000,40818
RM0026,Fixed Deposit,2019-03-14 00:00:00.000000,38483
RM0027,Life Insurance,2025-09-02 10:32:43.383018,68978
RM0100,Health Insurance,2021-08-03 00:00:00.000000,40097
RM0034,Gold Investment,2020-07-23 00:00:00.000000,16882
RM0152,Mutual Funds,2020-07-13 00:00:00.000000,116084
RM0046,Saving Account,2022-12-22 00:00:00.000000,37965
RM0222,Health Insurance,2020-10-16 00:00:00.000000,13844
RM0015,Life Insurance,2022-05-06 00:00:00.000000,47683
RM0074,Loan Against Property,2026-02-07 00:00:00.000000,62113
RM0196,Credit Card,2024-12-06 00:00:00.000000,26119
RM0203,Current Account,2022-04-26 00:00:00.000000,90557
RM0230,Credit Card,2019-09-19 00:00:00.000000,65399
RM0203,ULIP,2023-12-28 00:00:00.000000,68638
RM0214,Credit Card,2020-04-23 00:00:00.000000,24562
RM0057,ULIP,2023-03-12 00:00:00.000000,63720
RM0042,Saving Account,2020-04-25 00:00:00.000000,62539
RM0155,Current Account,2026-07-11 00:00:00.000000,37307
RM0220,Fixed Deposit,2022-04-19 00:00:00.000000,173397
RM0018,Credit Card,2026-01-17 00:00:00.000000,26023
RM0194,Saving Account,2020-06-11 00:00:00.000000,53102
RM0107,Saving Account,2024-09-22 00:00:00.000000,28484
RM0051,Saving Account,2023-04-13 00:00:00.000000,78286
RM0142,Fixed Deposit,2020-11-09 00:00:00.000000,12448
RM0113,Fixed Deposit,2020-10-04 00:00:00.000000,12349
RM0062,Credit Card,2024-01-25 00:00:00.000000,93263
RM0120,Mutual Funds,2024-07-31 00:00:00.000000,38481
RM0173,Life Insurance,2023-07-07 00:00:00.000000,30865
RM0051,Current Account,2021-07-14 00:00:00.000000,56764
RM0025,Fixed Deposit,2024-05-30 00:00:00.000000,70516
RM0098,Fixed Deposit,2020-10-04 00:00:00.000000,21232
RM0044,Recurring Deposit,2024-02-29 00:00:00.000000,20254
RM0193,Health Insurance,2026-02-06 00:00:00.000000,168684
RM0104,Fixed Deposit,2025-03-29 00:00:00.000000,54538
RM0224,Recurring Deposit,2024-09-24 00:00:00.000000,34724
RM0215,Credit Card,2022-11-27 00:00:00.000000,90833
RM0133,Loan Against Property,2022-03-03 00:00:00.000000,47238
RM0074,Loan Against Property,2021-06-24 00:00:00.000000,23831
RM0198,Health Insurance,2020-08-13 00:00:00.000000,21579
RM0213,Mutual Funds,2022-10-07 00:00:00.000000,35280
RM0168,Loan Against Property,2025-07-17 00:00:00.000000,108268
RM0004,Health Insurance,2019-08-29 00:00:00.000000,13170
RM0015,Recurring Deposit,2026-01-24 00:00:00.000000,22328
RM0097,Fixed Deposit,2021-05-29 00:00:00.000000,121817
RM0021,Life Insurance,2024-12-29 00:00:00.000000,16490
RM0103,Gold Investment,2022-01-05 00:00:00.000000,59662
RM0068,Life Insurance,2023-11-13 00:00:00.000000,22008
RM0080,Credit Card,2019-09-10 00:00:00.000000,56553
RM0122,Life Insurance,2025-08-10 00:00:00.000000,34152
RM0063,Life Insurance,2022-11-08 00:00:00.000000,15361
RM0163,Gold Investment,2019-08-26 00:00:00.000000,53670
RM0026,Gold Investment,2024-09-03 00:00:00.000000,67449
RM0208,Loan Against Property,2024-04-29 00:00:00.000000,67014
RM0037,Recurring Deposit,2026-05-24 10:32:43.383069,60672
RM0178,Life Insurance,2025-01-19 00:00:00.000000,44679
RM0106,Life Insurance,2022-08-11 00:00:00.000000,46643
RM0032,Saving Account,2025-09-30 00:00:00.000000,60480
RM0035,ULIP,2019-02-05 00:00:00.000000,68600
RM0156,Mutual Funds,2024-10-06 10:32:43.383101,63192
RM0211,Health Insurance,2020-12-06 00:00:00.000000,54208
RM0224,Recurring Deposit,2022-08-31 00:00:00.000000,18470
RM0012,ULIP,2019-01-16 00:00:00.000000,21825
RM0063,Loan Against Property,2023-02-26 00:00:00.000000,25070
RM0059,Recurring Deposit,2022-06-19 00:00:00.000000,136075
RM0185,Fixed Deposit,2025-04-11 00:00:00.000000,81229
RM0186,Loan Against Property,2020-11-08 00:00:00.000000,50244
RM0143,Mutual Funds,2019-06-06 00:00:00.000000,24521
RM0005,Fixed Deposit,2020-04-23 00:00:00.000000,15876
RM0245,Mutual Funds,2021-09-14 00:00:00.000000,124512
RM0189,Term Insurance,2024-10-04 10:32:43.383135,121590
RM0202,Gold Investment,2019-10-22 00:00:00.000000,15865
RM0078,ULIP,2025-04-03 00:00:00.000000,47721
RM0120,Recurring Deposit,2020-08-07 00:00:00.000000,89780
RM0002,Saving Account,2025-12-14 00:00:00.000000,39587
RM0081,Health Insurance,2024-10-30 00:00:00.000000,29575
RM0244,Life Insurance,2023-11-29 00:00:00.000000,77181
RM0172,Current Account,2024-03-04 00:00:00.000000,57638
RM0175,Gold Investment,2019-10-17 00:00:00.000000,85713
RM0219,ULIP,2021-12-05 00:00:00.000000,13861
RM0103,Term Insurance,2020-06-16 00:00:00.000000,29179
RM0157,Fixed Deposit,2025-01-19 00:00:00.000000,29232
RM0057,Recurring Deposit,2023-01-31 00:00:00.000000,30005
RM0094,Saving Account,2019-09-22 00:00:00.000000,44905
RM0044,Credit Card,2026-07-06 00:00:00.000000,26634
RM0138,Saving Account,2023-07-09 00:00:00.000000,39383
RM0068,Loan Against Property,2024-12-31 00:00:00.000000,32925
RM0139,Credit Card,2019-04-20 00:00:00.000000,76457
RM0099,Term Insurance,2021-09-30 00:00:00.000000,56254
RM0008,Recurring Deposit,2024-04-17 00:00:00.000000,63012
RM0175,Health Insurance,2026-07-06 00:00:00.000000,21823
RM0211,Current Account,2026-05-02 10:32:43.383176,29689
RM0162,Life Insurance,2023-07-25 00:00:00.000000,11069
RM0074,ULIP,2025-03-11 00:00:00.000000,15735
RM0161,Term Insurance,2025-02-03 00:00:00.000000,25397
RM0011,Fixed Deposit,2023-09-28 00:00:00.000000,13385
RM0008,ULIP,2023-03-27 00:00:00.000000,56144
RM0110,Recurring Deposit,2022-07-14 00:00:00.000000,324093
RM0126,Credit Card,2026-04-13 00:00:00.000000,15313
RM0086,Health Insurance,2025-06-28 00:00:00.000000,96082
RM0108,Term Insurance,2019-01-28 00:00:00.000000,16324
RM0182,Term Insurance,2019-04-10 00:00:00.000000,65420
RM0206,Fixed Deposit,2019-01-07 00:00:00.000000,61523
RM0127,Fixed Deposit,2019-01-05 00:00:00.000000,189090
RM0244,Term Insurance,2025-01-02 00:00:00.000000,126506
RM0104,Term Insurance,2019-02-26 00:00:00.000000,16048
RM0130,Fixed Deposit,2022-04-23 00:00:00.000000,28949
RM0244,Gold Investment,2026-04-15 00:00:00.000000,14758
RM0221,Loan Against Property,2025-06-15 00:00:00.000000,36160
RM0039,Mutual Funds,2023-07-15 00:00:00.000000,131290
RM0102,Term Insurance,2025-02-18 00:00:00.000000,86053
RM0206,Life Insurance,2019-11-04 00:00:00.000000,74168
RM0030,Health Insurance,2021-05-18 00:00:00.000000,48074
RM0119,Term Insurance,2019-03-30 00:00:00.000000,117487
RM0086,Credit Card,2024-01-17 00:00:00.000000,39841
RM0168,Fixed Deposit,2019-04-20 00:00:00.000000,18107
RM0055,Current Account,2024-09-01 00:00:00.000000,100880
RM0183,Health Insurance,2023-05-05 00:00:00.000000,26400
RM0146,Term Insurance,2022-04-13 00:00:00.000000,12756
RM0127,Health Insurance,2026-06-06 00:00:00.000000,16735
RM0087,Health Insurance,2025-12-07 00:00:00.000000,56959
RM0131,Current Account,2019-11-20 00:00:00.000000,56707
RM0080,ULIP,2024-09-14 10:32:43.383230,25067
RM0246,Gold Investment,2020-03-11 00:00:00.000000,74947
RM0223,Recurring Deposit,2026-07-07 10:32:43.383277,84281
RM0238,Credit Card,2023-11-21 00:00:00.000000,136601
RM0006,Life Insurance,2019-02-09 00:00:00.000000,53966
RM0047,Gold Investment,2024-10-18 00:00:00.000000,85575
RM0141,Fixed Deposit,2023-10-15 00:00:00.000000,79938
RM0043,Fixed Deposit,2022-09-23 00:00:00.000000,24907
RM0038,Life Insurance,2020-12-18 00:00:00.000000,28569
RM0162,Mutual Funds,2023-12-15 00:00:00.000000,42550
RM0044,Saving Account,2023-10-30 00:00:00.000000,10961
RM0224,Term Insurance,2026-01-21 00:00:00.000000,27648
RM0043,Credit Card,2026-06-18 00:00:00.000000,42111
RM0236,ULIP,2022-08-01 00:00:00.000000,15718
RM0211,ULIP,2026-07-08 00:00:00.000000,16749
RM0163,Mutual Funds,2025-11-18 10:32:43.383312,41109
RM0238,Health Insurance,2022-01-02 00:00:00.000000,75645
RM0102,Fixed Deposit,2020-02-18 00:00:00.000000,99712
RM0072,Mutual Funds,2019-11-08 00:00:00.000000,49517
RM0080,Credit Card,2024-08-02 00:00:00.000000,42193
RM0039,ULIP,2021-06-20 00:00:00.000000,34248
RM0099,Recurring Deposit,2019-05-28 00:00:00.000000,20718
RM0060,Saving Account,2024-11-06 00:00:00.000000,17924
RM0210,Fixed Deposit,2023-10-26 00:00:00.000000,88485
RM0115,Health Insurance,2020-10-19 00:00:00.000000,41275
RM0007,Fixed Deposit,2024-09-20 00:00:00.000000,88108
RM0029,Current Account,2022-03-21 00:00:00.000000,70883
RM0009,Saving Account,2025-12-24 00:00:00.000000,20777
RM0049,Saving Account,2025-06-16 00:00:00.000000,45698
RM0055,Saving Account,2022-05-17 00:00:00.000000,39350
RM0047,Recurring Deposit,2020-03-09 00:00:00.000000,37571
RM0082,Fixed Deposit,2024-01-05 00:00:00.000000,49106
RM0180,Term Insurance,2024-06-12 00:00:00.000000,211097
RM0177,Saving Account,2023-10-22 00:00:00.000000,93805
RM0092,Term Insurance,2024-05-07 00:00:00.000000,127020
RM0204,Current Account,2021-08-14 00:00:00.000000,11504
RM0115,Gold Investment,2024-12-12 10:32:43.383351,17560
RM0079,Mutual Funds,2019-11-01 00:00:00.000000,14428
RM0153,Term Insurance,2025-05-15 00:00:00.000000,25274
RM0033,Credit Card,2021-03-12 00:00:00.000000,39160
RM0145,Current Account,2019-03-29 00:00:00.000000,61368
RM0132,Loan Against Property,2023-11-29 00:00:00.000000,44740
RM0181,Recurring Deposit,2022-01-11 00:00:00.000000,126747
RM0168,Recurring Deposit,2025-03-31 00:00:00.000000,150550
RM0248,Fixed Deposit,2022-11-21 00:00:00.000000,85656
RM0184,ULIP,2021-04-29 00:00:00.000000,18927
RM0041,Current Account,2023-11-28 00:00:00.000000,105836
RM0167,Health Insurance,2019-03-02 00:00:00.000000,42862
RM0247,Saving Account,2026-08-03 10:32:43.383386,40195
RM0092,Mutual Funds,2020-02-06 00:00:00.000000,86841
RM0184,Gold Investment,2026-06-07 00:00:00.000000,14888
RM0160,Recurring Deposit,2019-10-11 00:00:00.000000,117062
RM0018,Fixed Deposit,2019-06-30 00:00:00.000000,65564
RM0079,Loan Against Property,2025-05-10 00:00:00.000000,114076
RM0163,Recurring Deposit,2021-07-30 00:00:00.000000,269946
RM0166,ULIP,2023-06-29 00:00:00.000000,46491
RM0218,Credit Card,2021-01-13 00:00:00.000000,14895
RM0072,Credit Card,2022-01-29 00:00:00.000000,19107
RM0240,Mutual Funds,2019-03-04 00:00:00.000000,29549
RM0167,Health Insurance,2023-09-02 00:00:00.000000,15465
RM0220,Life Insurance,2026-03-16 00:00:00.000000,94462
RM0192,Life Insurance,2025-04-27 00:00:00.000000,27610
RM0065,Current Account,2019-12-16 00:00:00.000000,18331
RM0221,Credit Card,2020-10-06 00:00:00.000000,196248
RM0088,Loan Against Property,2026-05-25 00:00:00.000000,70632
RM0188,Mutual Funds,2022-08-22 00:00:00.000000,19523
RM0039,Saving Account,2026-01-26 00:00:00.000000,42317
RM0126,Recurring Deposit,2023-10-10 00:00:00.000000,41450
RM0168,Recurring Deposit,2020-11-26 00:00:00.000000,43914
RM0005,Mutual Funds,2020-11-19 00:00:00.000000,48360
RM0159,Mutual Funds,2022-09-26 00:00:00.000000,11583
RM0055,Life Insurance,2025-05-15 00:00:00.000000,67966
RM0206,Gold Investment,2026-04-20 00:00:00.000000,43392
RM0073,Recurring Deposit,2024-03-16 00:00:00.000000,88262
RM0139,Health Insurance,2023-10-06 00:00:00.000000,94464
RM0014,ULIP,2024-03-20 00:00:00.000000,23102
RM0112,Saving Account,2025-01-08 00:00:00.000000,12481
RM0092,Loan Against Property,2024-10-02 00:00:00.000000,70740
RM0041,Fixed Deposit,2026-05-11 00:00:00.000000,200299
RM0152,Credit Card,2026-01-31 00:00:00.000000,39588
RM0023,ULIP,2024-02-19 00:00:00.000000,25029
RM0019,Loan Against Property,2019-08-07 00:00:00.000000,18519
RM0167,Term Insurance,2025-10-23 00:00:00.000000,26944
RM0090,Loan Against Property,2023-01-29 00:00:00.000000,29868
RM0248,Loan Against Property,2026-06-25 00:00:00.000000,37571
RM0052,Saving Account,2021-04-07 00:00:00.000000,29234
RM0185,Health Insurance,2020-05-04 00:00:00.000000,63269
RM0151,Current Account,2025-11-14 10:32:43.383432,25952
RM0219,Fixed Deposit,2020-10-25 00:00:00.000000,12616
RM0085,Recurring Deposit,2024-01-11 00:00:00.000000,33362
RM0183,Health Insurance,2022-10-31 00:00:00.000000,106768
RM0028,Gold Investment,2025-05-12 00:00:00.000000,44492
RM0199,Health Insurance,2026-04-02 00:00:00.000000,177312
RM0233,Credit Card,2023-07-28 00:00:00.000000,45020
RM0089,Mutual Funds,2024-05-04 00:00:00.000000,26141
RM0058,Credit Card,2026-02-13 00:00:00.000000,20741
RM0058,Fixed Deposit,2024-09-03 00:00:00.000000,69294
RM0128,Current Account,2024-03-25 00:00:00.000000,48434
RM0081,Loan Against Property,2023-05-12 00:00:00.000000,56316
RM0176,Life Insurance,2019-06-25 00:00:00.000000,80350
RM0011,Health Insurance,2023-08-10 00:00:00.000000,74713
RM0102,ULIP,2026-01-28 00:00:00.000000,12216
RM0116,Loan Against Property,2019-01-23 00:00:00.000000,91119
RM0151,Life Insurance,2025-07-11 10:32:43.383469,48039
RM0005,Gold Investment,2020-02-21 00:00:00.000000,34855
RM0124,Credit Card,2019-01-05 00:00:00.000000,48557
RM0186,Credit Card,2019-11-06 00:00:00.000000,57395
RM0115,Life Insurance,2022-10-16 00:00:00.000000,18096
RM0084,Loan Against Property,2022-04-01 00:00:00.000000,37014
RM0179,Life Insurance,2024-10-31 00:00:00.000000,88888888
RM0039,Term Insurance,2025-10-28 00:00:00.000000,30442
RM0243,Fixed Deposit,2021-09-14 00:00:00.000000,31570
RM0185,Mutual Funds,2026-01-08 00:00:00.000000,14788
RM0223,Mutual Funds,2020-11-29 00:00:00.000000,18708
RM0218,ULIP,2026-04-12 00:00:00.000000,18826
RM0073,Term Insurance,2020-12-08 00:00:00.000000,33358
RM0231,Saving Account,2020-06-10 00:00:00.000000,122448
RM0117,ULIP,2019-09-14 00:00:00.000000,21535
RM0082,Gold Investment,2021-03-19 00:00:00.000000,36909
RM0010,Fixed Deposit,2019-10-30 00:00:00.000000,28669
RM0230,Life Insurance,2022-09-04 00:00:00.000000,87413
RM0224,Life Insurance,2021-01-26 00:00:00.000000,12571
RM0068,Fixed Deposit,2020-06-08 00:00:00.000000,20941
RM0153,Fixed Deposit,2026-08-04 00:00:00.000000,21826
RM0005,Current Account,2023-12-30 00:00:00.000000,257827
RM0231,Fixed Deposit,2022-06-12 00:00:00.000000,52288
RM0169,Mutual Funds,2025-11-30 00:00:00.000000,17480
RM0220,ULIP,2020-12-25 00:00:00.000000,25886
RM0075,Mutual Funds,2020-01-11 00:00:00.000000,19185
RM0152,Saving Account,2021-02-05 00:00:00.000000,16653
RM0082,Mutual Funds,2021-03-23 00:00:00.000000,89772
RM0083,Recurring Deposit,2023-10-30 00:00:00.000000,77689
RM0149,Fixed Deposit,2021-05-24 00:00:00.000000,44234
RM0213,Term Insurance,2024-12-30 00:00:00.000000,40334
RM0128,ULIP,2025-07-13 00:00:00.000000,59876
RM0233,Health Insurance,2023-11-24 00:00:00.000000,30117
RM0092,Recurring Deposit,2026-08-07 00:00:00.000000,50337
RM0203,Gold Investment,2024-09-22 00:00:00.000000,24891
RM0113,Current Account,2023-12-16 00:00:00.000000,28411
RM0239,Recurring Deposit,2021-09-14 00:00:00.000000,62811
RM0227,Saving Account,2020-01-19 00:00:00.000000,18146
RM0096,Gold Investment,2019-12-08 00:00:00.000000,58014
RM0134,Fixed Deposit,2024-09-30 00:00:00.000000,105606
RM0164,Term Insurance,2022-05-19 00:00:00.000000,16415
RM0006,Recurring Deposit,2021-01-06 00:00:00.000000,123875
RM0060,Life Insurance,2019-08-21 00:00:00.000000,24094
RM0221,Life Insurance,2019-02-04 00:00:00.000000,14138
RM0155,Gold Investment,2021-07-05 00:00:00.000000,31455
RM0067,Credit Card,2022-04-07 00:00:00.000000,57145
RM0203,Saving Account,2023-12-09 00:00:00.000000,50982
RM0094,ULIP,2022-04-03 00:00:00.000000,15067
RM0241,Life Insurance,2025-09-04 00:00:00.000000,88888888
RM0166,Gold Investment,2022-04-30 00:00:00.000000,90200
RM0150,Health Insurance,2025-10-05 00:00:00.000000,190880
RM0244,Saving Account,2024-06-21 00:00:00.000000,19997
RM0194,Recurring Deposit,2020-11-17 00:00:00.000000,122752
RM0082,Recurring Deposit,2021-06-02 00:00:00.000000,50687
RM0225,Term Insurance,2026-01-17 00:00:00.000000,147391
RM0013,Saving Account,2023-01-21 00:00:00.000000,19684
RM0205,Term Insurance,2021-06-15 00:00:00.000000,88516
RM0236,Life Insurance,2025-04-12 00:00:00.000000,13082
RM0231,Health Insurance,2026-05-10 00:00:00.000000,117363
RM0157,Saving Account,2022-06-06 00:00:00.000000,66067
RM0023,Current Account,2021-08-14 00:00:00.000000,33121
RM0019,Fixed Deposit,2020-02-29 00:00:00.000000,20564
RM0030,Mutual Funds,2021-03-07 00:00:00.000000,94786
RM0071,Saving Account,2025-08-10 00:00:00.000000,56221
RM0042,Saving Account,2026-07-17 00:00:00.000000,32346
RM0049,Loan Against Property,2021-01-05 00:00:00.000000,39334
RM0096,Current Account,2025-04-04 00:00:00.000000,97591
RM0020,Mutual Funds,2025-04-08 00:00:00.000000,30694
RM0116,Credit Card,2021-03-01 00:00:00.000000,14695
RM0108,Loan Against Property,2022-05-09 00:00:00.000000,131114
RM0100,Gold Investment,2021-01-20 00:00:00.000000,34497
RM0130,Recurring Deposit,2026-06-06 00:00:00.000000,31415
RM0231,ULIP,2021-10-05 00:00:00.000000,21432
RM0108,Loan Against Property,2022-01-15 00:00:00.000000,123856
RM0053,Recurring Deposit,2020-07-30 00:00:00.000000,22263
RM0191,Saving Account,2025-02-16 00:00:00.000000,60622
RM0131,Loan Against Property,2020-12-14 00:00:00.000000,116332
RM0201,Term Insurance,2019-11-10 00:00:00.000000,11776
RM0097,Gold Investment,2022-11-09 00:00:00.000000,98243
RM0242,Credit Card,2023-07-11 00:00:00.000000,36432
RM0161,Gold Investment,2022-01-02 00:00:00.000000,63643
RM0015,Fixed Deposit,2026-07-10 10:32:43.383533,33292
RM0157,Term Insurance,2022-01-06 00:00:00.000000,69456
RM0192,ULIP,2026-07-11 00:00:00.000000,24671
RM0158,Gold Investment,2020-10-18 00:00:00.000000,11108
RM0065,Saving Account,2022-12-26 00:00:00.000000,157621
RM0168,Recurring Deposit,2023-01-20 00:00:00.000000,10825
RM0241,Current Account,2023-12-26 00:00:00.000000,96891
RM0066,Loan Against Property,2022-02-23 00:00:00.000000,19264
RM0190,Health Insurance,2020-02-14 00:00:00.000000,34897
RM0102,Term Insurance,2023-11-20 00:00:00.000000,96437
RM0066,Fixed Deposit,2022-06-28 00:00:00.000000,21529
RM0007,Recurring Deposit,2020-06-19 00:00:00.000000,88888888
RM0132,Current Account,2019-07-01 00:00:00.000000,110386
RM0187,Term Insurance,2020-04-19 00:00:00.000000,44433
RM0036,Loan Against Property,2023-09-30 00:00:00.000000,32797
RM0185,Fixed Deposit,2023-09-10 00:00:00.000000,64300
RM0143,Credit Card,2023-02-04 00:00:00.000000,30881
RM0164,Saving Account,2024-05-31 00:00:00.000000,31330
RM0152,Saving Account,2026-05-02 00:00:00.000000,76124
RM0068,Term Insurance,2024-05-15 00:00:00.000000,28541
RM0084,Gold Investment,2019-09-01 00:00:00.000000,21205
RM0041,ULIP,2026-05-26 00:00:00.000000,92420
RM0041,Loan Against Property,2021-06-28 00:00:00.000000,91833
RM0080,Term Insurance,2022-10-11 00:00:00.000000,44416
RM0192,Life Insurance,2022-03-30 00:00:00.000000,47396
RM0213,Term Insurance,2025-12-21 00:00:00.000000,69548
RM0005,Gold Investment,2025-02-09 10:32:43.383576,45593
RM0068,Loan Against Property,2020-09-02 00:00:00.000000,36981
RM0088,Credit Card,2020-08-12 00:00:00.000000,273868
RM0038,Gold Investment,2022-08-15 00:00:00.000000,17987
RM0153,Loan Against Property,2019-06-27 00:00:00.000000,54913
RM0219,Loan Against Property,2026-04-21 10:32:43.383608,118517
RM0101,Loan Against Property,2020-12-19 00:00:00.000000,68111
RM0040,Saving Account,2021-04-07 00:00:00.000000,88888888
RM0242,Health Insurance,2019-08-29 00:00:00.000000,116399
RM0168,Mutual Funds,2025-10-12 00:00:00.000000,30498
RM0129,Term Insurance,2019-10-25 00:00:00.000000,25872
RM0074,Loan Against Property,2022-11-18 00:00:00.000000,105281
RM0247,Health Insurance,2019-07-29 00:00:00.000000,35053
RM0040,Life Insurance,2020-02-19 00:00:00.000000,71838
RM0025,Life Insurance,2022-02-05 00:00:00.000000,17993
RM0029,ULIP,2019-05-06 00:00:00.000000,80496
RM0040,Current Account,2021-09-08 00:00:00.000000,49812
RM0041,Life Insurance,2019-05-15 00:00:00.000000,25640
RM0244,Life Insurance,2026-04-23 00:00:00.000000,44110
RM0141,Life Insurance,2023-09-16 00:00:00.000000,69691
RM0128,ULIP,2024-09-29 10:32:43.383644,10597
RM0171,ULIP,2024-02-06 00:00:00.000000,60731
RM0154,Current Account,2019-03-18 00:00:00.000000,48999
RM0027,Term Insurance,2019-02-28 00:00:00.000000,22441
RM0056,Fixed Deposit,2022-01-02 00:00:00.000000,79914
RM0226,Fixed Deposit,2022-03-16 00:00:00.000000,28081
RM0229,Saving Account,2022-05-20 00:00:00.000000,26207
RM0144,Life Insurance,2023-01-04 00:00:00.000000,41858
RM0032,Mutual Funds,2020-09-17 00:00:00.000000,66373
RM0062,Health Insurance,2021-07-25 00:00:00.000000,142145
RM0001,Credit Card,2025-06-14 00:00:00.000000,17620
RM0014,Fixed Deposit,2023-07-22 00:00:00.000000,35247
RM0148,Term Insurance,2025-03-27 00:00:00.000000,13466
RM0161,Gold Investment,2026-05-03 00:00:00.000000,81054
RM0144,ULIP,2022-06-02 00:00:00.000000,39686
RM0179,Current Account,2022-04-06 00:00:00.000000,71367
RM0208,Mutual Funds,2021-03-14 00:00:00.000000,29444
RM0100,Life Insurance,2025-07-18 10:32:43.383680,102996
RM0132,ULIP,2019-12-22 00:00:00.000000,48267
RM0210,Gold Investment,2020-06-03 00:00:00.000000,153771
RM0214,ULIP,2020-02-28 00:00:00.000000,14104
RM0054,Mutual Funds,2020-09-29 00:00:00.000000,46105
RM0074,Credit Card,2019-10-13 00:00:00.000000,82719
RM0226,Mutual Funds,2019-05-25 00:00:00.000000,55833
RM0185,Life Insurance,2026-04-13 10:32:43.383713,11173
RM0100,Fixed Deposit,2020-03-18 00:00:00.000000,189386
RM0201,Fixed Deposit,2021-06-08 00:00:00.000000,27709
RM0186,Saving Account,2026-04-13 00:00:00.000000,24335
RM0062,Mutual Funds,2023-02-10 00:00:00.000000,43243
RM0015,Credit Card,2024-07-09 00:00:00.000000,30111
RM0209,Credit Card,2020-04-24 00:00:00.000000,49061
RM0130,ULIP,2021-12-28 00:00:00.000000,33320
RM0030,Mutual Funds,2021-06-19 00:00:00.000000,82683
RM0225,Mutual Funds,2022-05-13 00:00:00.000000,34983
RM0106,Term Insurance,2020-10-16 00:00:00.000000,18544
RM0230,Recurring Deposit,2022-09-30 00:00:00.000000,38987
RM0001,Loan Against Property,2026-05-06 00:00:00.000000,48281
RM0043,Recurring Deposit,2024-07-27 00:00:00.000000,35075
RM0121,Saving Account,2021-11-26 00:00:00.000000,132990
RM0027,Current Account,2021-10-03 00:00:00.000000,105275
RM0203,Credit Card,2026-08-02 00:00:00.000000,40346
RM0115,Term Insurance,2024-09-01 00:00:00.000000,10009
RM0193,ULIP,2021-08-07 00:00:00.000000,125598
RM0052,Loan Against Property,2025-09-26 10:32:43.383749,16638
RM0234,Term Insurance,2025-06-20 10:32:43.383779,24019
RM0165,Credit Card,2019-07-25 00:00:00.000000,18265
RM0200,Mutual Funds,2020-04-26 00:00:00.000000,19911
RM0171,ULIP,2025-03-06 00:00:00.000000,91196
RM0162,Current Account,2021-04-07 00:00:00.000000,53315
RM0010,Credit Card,2023-01-08 00:00:00.000000,166286
RM0039,Loan Against Property,2024-04-29 00:00:00.000000,23162
RM0220,Term Insurance,2023-11-27 00:00:00.000000,43241
RM0022,Loan Against Property,2020-02-01 00:00:00.000000,199553
RM0111,Recurring Deposit,2025-04-20 00:00:00.000000,97562
RM0134,Loan Against Property,2022-05-14 00:00:00.000000,75210
RM0228,Mutual Funds,2019-12-13 00:00:00.000000,20472
RM0207,Term Insurance,2019-03-27 00:00:00.000000,83354
RM0238,ULIP,2019-12-16 00:00:00.000000,31352
RM0130,Current Account,2020-05-07 00:00:00.000000,47808
RM0136,Mutual Funds,2025-01-01 10:32:43.383814,56973
RM0067,Saving Account,2019-02-26 00:00:00.000000,56998
RM0171,Life Insurance,2025-11-20 00:00:00.000000,74826
RM0076,Mutual Funds,2024-06-14 00:00:00.000000,64191
RM0098,Health Insurance,2021-07-02 00:00:00.000000,13541
RM0061,ULIP,2021-06-20 00:00:00.000000,40564
RM0183,Health Insurance,2023-07-18 00:00:00.000000,64535
RM0069,Loan Against Property,2021-03-08 00:00:00.000000,27548
RM0173,Credit Card,2022-02-14 00:00:00.000000,28775
RM0183,Life Insurance,2026-07-06 00:00:00.000000,16651
RM0062,Recurring Deposit,2025-08-19 10:32:43.383848,37117
RM0052,Loan Against Property,2019-09-16 00:00:00.000000,604955
RM0168,Recurring Deposit,2020-12-06 00:00:00.000000,226492
RM0183,Credit Card,2019-03-26 00:00:00.000000,26795
RM0139,Credit Card,2025-03-01 10:32:43.383879,47904
RM0157,Term Insurance,2022-05-01 00:00:00.000000,77980
RM0019,Gold Investment,2024-02-12 00:00:00.000000,10679
RM0061,Mutual Funds,2024-08-06 00:00:00.000000,125349
RM0052,ULIP,2023-01-20 00:00:00.000000,34432
RM0138,Mutual Funds,2020-12-14 00:00:00.000000,111672
RM0086,Mutual Funds,2019-10-07 00:00:00.000000,11986
RM0047,Loan Against Property,2025-11-09 10:32:43.383911,17871
RM0053,Current Account,2026-06-26 10:32:43.383941,29469
RM0056,Credit Card,2025-07-13 00:00:00.000000,31191
RM0218,Current Account,2024-12-29 00:00:00.000000,104126
RM0205,Life Insurance,2021-10-03 00:00:00.000000,10563
RM0208,Term Insurance,2021-05-18 00:00:00.000000,61237
RM0041,Current Account,2022-03-23 00:00:00.000000,17038
RM0140,Health Insurance,2021-12-15 00:00:00.000000,96641
RM0236,Gold Investment,2021-02-27 00:00:00.000000,85383
RM0150,Term Insurance,2024-10-10 00:00:00.000000,44649
RM0080,Fixed Deposit,2025-07-01 00:00:00.000000,21956
RM0195,Life Insurance,2026-08-02 00:00:00.000000,60323
RM0183,Health Insurance,2026-04-25 00:00:00.000000,18495
RM0011,Loan Against Property,2026-06-20 00:00:00.000000,20537
RM0010,Loan Against Property,2021-07-13 00:00:00.000000,59267
RM0179,Credit Card,2021-12-17 00:00:00.000000,246812
RM0084,Mutual Funds,2019-08-29 00:00:00.000000,120848
RM0072,Mutual Funds,2024-03-30 00:00:00.000000,54960
RM0238,Life Insurance,2024-07-12 00:00:00.000000,48667
RM0056,Fixed Deposit,2022-09-24 00:00:00.000000,331417
RM0034,Mutual Funds,2024-08-25 00:00:00.000000,49637
RM0093,Health Insurance,2023-08-08 00:00:00.000000,37246
RM0209,Current Account,2019-02-19 00:00:00.000000,130150
RM0147,ULIP,2024-07-07 00:00:00.000000,23340
RM0119,Saving Account,2024-09-11 00:00:00.000000,15130
RM0136,ULIP,2019-05-02 00:00:00.000000,60268
RM0165,Gold Investment,2019-08-23 00:00:00.000000,15037
RM0184,Fixed Deposit,2019-12-19 00:00:00.000000,88888888
RM0069,ULIP,2023-01-19 00:00:00.000000,33352
RM0142,Mutual Funds,2020-10-11 00:00:00.000000,37545
RM0163,Current Account,2025-03-27 10:32:43.383981,49652
RM0112,Health Insurance,2025-07-17 00:00:00.000000,249331
RM0061,Health Insurance,2026-05-08 10:32:43.384019,22486
RM0206,Life Insurance,2020-01-01 00:00:00.000000,33560
RM0157,Saving Account,2020-02-27 00:00:00.000000,17092
RM0132,Credit Card,2019-07-30 00:00:00.000000,56775
RM0043,Credit Card,2021-03-21 00:00:00.000000,75037
RM0183,Health Insurance,2020-06-22 00:00:00.000000,42896
RM0234,Fixed Deposit,2025-11-01 00:00:00.000000,24106
RM0112,Term Insurance,2021-05-20 00:00:00.000000,58496
RM0234,Credit Card,2024-11-18 00:00:00.000000,48734
RM0169,Fixed Deposit,2022-04-23 00:00:00.000000,19387
RM0145,Fixed Deposit,2024-03-11 00:00:00.000000,88888888
RM0193,Saving Account,2023-08-15 00:00:00.000000,36017
RM0016,Health Insurance,2021-08-16 00:00:00.000000,38563
RM0107,Recurring Deposit,2025-05-26 00:00:00.000000,212615
RM0197,Fixed Deposit,2025-05-03 10:32:43.384054,104618
RM0009,Term Insurance,2025-03-21 00:00:00.000000,76282
RM0181,Saving Account,2023-05-30 00:00:00.000000,119810
RM0153,Life Insurance,2025-08-01 10:32:43.384085,76492
RM0071,ULIP,2020-09-20 00:00:00.000000,126859
RM0011,Mutual Funds,2021-06-18 00:00:00.000000,12804
RM0209,Fixed Deposit,2019-04-28 00:00:00.000000,40446
RM0121,Fixed Deposit,2019-05-12 00:00:00.000000,78698
RM0226,Current Account,2025-12-10 10:32:43.384118,53768
RM0100,Saving Account,2024-07-23 00:00:00.000000,19628
RM0229,Current Account,2024-04-29 00:00:00.000000,30813
RM0005,Health Insurance,2021-03-26 00:00:00.000000,29119
RM0161,Mutual Funds,2026-05-16 00:00:00.000000,25146
RM0040,Gold Investment,2019-07-29 00:00:00.000000,31013
RM0207,Current Account,2022-01-02 00:00:00.000000,46165
RM0183,Recurring Deposit,2019-11-03 00:00:00.000000,106505
RM0141,Health Insurance,2022-06-16 00:00:00.000000,77746
RM0210,Gold Investment,2022-08-23 00:00:00.000000,100166
RM0242,Recurring Deposit,2021-08-27 00:00:00.000000,117537
RM0019,Current Account,2022-11-30 00:00:00.000000,36905
RM0243,ULIP,2019-09-06 00:00:00.000000,31234
RM0113,Gold Investment,2022-01-06 00:00:00.000000,12967
RM0198,Health Insurance,2025-04-25 00:00:00.000000,143315
RM0136,Recurring Deposit,2019-05-12 00:00:00.000000,13404
RM0242,Credit Card,2024-11-13 00:00:00.000000,77572
RM0232,Fixed Deposit,2021-10-04 00:00:00.000000,33749
RM0195,Term Insurance,2021-06-24 00:00:00.000000,158582
RM0154,Recurring Deposit,2022-03-24 00:00:00.000000,37202
RM0045,ULIP,2022-06-10 00:00:00.000000,94806
RM0071,Gold Investment,2025-03-13 00:00:00.000000,26609
RM0079,Term Insurance,2019-05-26 00:00:00.000000,27768
RM0053,Gold Investment,2021-12-07 00:00:00.000000,55257
RM0088,Life Insurance,2025-08-16 00:00:00.000000,59375
RM0049,ULIP,2023-03-29 00:00:00.000000,320298
RM0105,ULIP,2026-01-10 00:00:00.000000,46446
RM0108,Recurring Deposit,2021-04-06 00:00:00.000000,147685
RM0070,Mutual Funds,2019-01-02 00:00:00.000000,87147
RM0130,Term Insurance,2020-04-17 00:00:00.000000,89448
RM0119,Health Insurance,2021-05-27 00:00:00.000000,38631
RM0186,Mutual Funds,2026-04-15 00:00:00.000000,34432
RM0062,Gold Investment,2024-04-06 00:00:00.000000,88888888
RM0180,Current Account,2024-09-02 00:00:00.000000,20654
RM0168,Health Insurance,2024-08-04 00:00:00.000000,176130
RM0042,Health Insurance,2023-02-27 00:00:00.000000,170191
RM0227,Loan Against Property,2020-03-09 00:00:00.000000,78731
RM0249,Life Insurance,2019-04-18 00:00:00.000000,19945
RM0168,Mutual Funds,2020-04-11 00:00:00.000000,27566
RM0228,Loan Against Property,2019-05-24 00:00:00.000000,24063
RM0044,Gold Investment,2023-05-24 00:00:00.000000,233752
RM0148,Current Account,2021-06-05 00:00:00.000000,13443
RM0084,Loan Against Property,2022-11-13 00:00:00.000000,102755
RM0104,Health Insurance,2021-06-15 00:00:00.000000,31960
RM0007,Gold Investment,2026-05-01 00:00:00.000000,37139
RM0055,Recurring Deposit,2019-10-07 00:00:00.000000,99182
RM0140,Life Insurance,2020-06-25 00:00:00.000000,14748
RM0227,ULIP,2021-09-01 00:00:00.000000,31860
RM0173,Loan Against Property,2024-07-19 00:00:00.000000,356141
RM0051,Credit Card,2025-05-05 00:00:00.000000,161853
RM0123,ULIP,2026-07-09 00:00:00.000000,70043
RM0068,Fixed Deposit,2023-06-06 00:00:00.000000,80312
RM0185,Term Insurance,2019-02-11 00:00:00.000000,80838
RM0185,Life Insurance,2024-11-16 00:00:00.000000,13124
RM0057,Health Insurance,2025-08-12 00:00:00.000000,21358
RM0032,ULIP,2024-08-04 00:00:00.000000,43791
RM0097,Health Insurance,2021-01-16 00:00:00.000000,32955
RM0226,ULIP,2021-06-15 00:00:00.000000,36459
RM0143,Fixed Deposit,2022-01-18 00:00:00.000000,86036
RM0114,Current Account,2023-06-22 00:00:00.000000,10739
RM0016,Mutual Funds,2022-12-02 00:00:00.000000,35665
RM0138,Life Insurance,2021-03-30 00:00:00.000000,64012
RM0048,Health Insurance,2025-10-01 00:00:00.000000,10005
RM0154,Credit Card,2023-02-27 00:00:00.000000,13256
RM0101,Saving Account,2026-07-02 00:00:00.000000,36236
RM0039,Credit Card,2019-07-15 00:00:00.000000,101926
RM0175,Fixed Deposit,2021-01-23 00:00:00.000000,17832
RM0105,ULIP,2023-07-24 00:00:00.000000,50441
RM0035,Gold Investment,2023-09-01 00:00:00.000000,66738
RM0160,Saving Account,2020-10-31 00:00:00.000000,23037
RM0134,Health Insurance,2019-10-16 00:00:00.000000,32917
RM0089,Credit Card,2024-08-02 00:00:00.000000,45905
RM0194,Gold Investment,2023-07-13 00:00:00.000000,131185
RM0223,Health Insurance,2025-11-13 00:00:00.000000,45895
RM0177,Life Insurance,2023-03-04 00:00:00.000000,35034
RM0019,Recurring Deposit,2019-07-01 00:00:00.000000,18558
RM0046,Life Insurance,2026-04-24 10:32:43.384176,59418
RM0083,Credit Card,2026-05-03 00:00:00.000000,54848
RM0085,Current Account,2020-09-08 00:00:00.000000,11366
RM0119,ULIP,2024-01-19 00:00:00.000000,14748
RM0185,ULIP,2023-09-18 00:00:00.000000,18526
RM0061,Saving Account,2024-09-17 10:32:43.384208,17325
RM0102,Saving Account,2024-07-05 00:00:00.000000,25019
RM0167,Saving Account,2020-06-20 00:00:00.000000,40266
RM0223,ULIP,2026-02-09 00:00:00.000000,33238
RM0199,Recurring Deposit,2021-05-19 00:00:00.000000,120660
RM0052,Saving Account,2021-03-11 00:00:00.000000,57351
RM0114,Fixed Deposit,2024-10-27 00:00:00.000000,114431
RM0090,Loan Against Property,2026-04-21 00:00:00.000000,47437
RM0133,Gold Investment,2023-12-09 00:00:00.000000,14708
RM0011,Health Insurance,2019-08-11 00:00:00.000000,41114
RM0051,Current Account,2024-03-05 00:00:00.000000,96307
RM0037,Life Insurance,2019-01-06 00:00:00.000000,20790
RM0095,Fixed Deposit,2019-06-27 00:00:00.000000,14782
RM0145,Health Insurance,2026-01-31 00:00:00.000000,29981
RM0212,Life Insurance,2024-08-07 00:00:00.000000,34624
RM0147,Credit Card,2024-10-25 00:00:00.000000,28282
RM0169,Recurring Deposit,2023-04-28 00:00:00.000000,17265
RM0001,Term Insurance,2022-01-24 00:00:00.000000,24440
RM0203,Mutual Funds,2022-12-11 00:00:00.000000,67329
RM0084,Current Account,2024-12-02 00:00:00.000000,34382
RM0029,Gold Investment,2023-12-21 00:00:00.000000,60058
RM0130,Credit Card,2021-08-11 00:00:00.000000,48426
RM0224,Loan Against Property,2020-06-07 00:00:00.000000,49820
RM0150,Health Insurance,2024-11-15 00:00:00.000000,24287
RM0093,Recurring Deposit,2022-11-09 00:00:00.000000,46859
RM0009,Credit Card,2023-06-24 00:00:00.000000,11193
RM0164,Credit Card,2022-10-03 00:00:00.000000,38259
RM0059,Life Insurance,2023-07-13 00:00:00.000000,52504
RM0246,Credit Card,2025-04-21 00:00:00.000000,20044
RM0158,Health Insurance,2023-05-31 00:00:00.000000,24823
RM0092,Credit Card,2019-11-15 00:00:00.000000,22393
RM0164,Saving Account,2023-08-17 00:00:00.000000,13658
RM0028,Fixed Deposit,2019-07-24 00:00:00.000000,31374
RM0110,Mutual Funds,2023-01-11 00:00:00.000000,203080
RM0240,Recurring Deposit,2021-02-15 00:00:00.000000,31838
RM0136,Credit Card,2025-12-01 00:00:00.000000,40859
RM0035,ULIP,2023-02-11 00:00:00.000000,62934
RM0167,Saving Account,2020-10-12 00:00:00.000000,62276
RM0059,Mutual Funds,2024-06-29 00:00:00.000000,159681
RM0020,Credit Card,2022-06-04 00:00:00.000000,107443
RM0110,Recurring Deposit,2022-11-19 00:00:00.000000,47705
RM0058,Life Insurance,2021-07-10 00:00:00.000000,88981
RM0168,Mutual Funds,2023-04-18 00:00:00.000000,161440
RM0235,Recurring Deposit,2025-02-28 00:00:00.000000,23117
RM0190,Recurring Deposit,2025-01-24 00:00:00.000000,57993
RM0044,Term Insurance,2020-03-20 00:00:00.000000,43361
RM0104,Fixed Deposit,2019-12-27 00:00:00.000000,119105
RM0133,Mutual Funds,2020-04-25 00:00:00.000000,58926
RM0233,Loan Against Property,2025-01-14 00:00:00.000000,199535
RM0181,Mutual Funds,2026-05-22 00:00:00.000000,40286
RM0046,Mutual Funds,2024-05-24 00:00:00.000000,15287
RM0158,Recurring Deposit,2022-10-03 00:00:00.000000,38931
RM0016,Fixed Deposit,2025-10-23 00:00:00.000000,199408
RM0115,Loan Against Property,2026-07-10 00:00:00.000000,33866
RM0005,ULIP,2021-11-19 00:00:00.000000,77268
RM0201,Term Insurance,2026-08-08 10:32:43.384271,11543
RM0202,Recurring Deposit,2025-10-19 00:00:00.000000,69345
RM0101,Credit Card,2022-08-02 00:00:00.000000,146382
RM0188,Recurring Deposit,2020-06-12 00:00:00.000000,34120
RM0224,Current Account,2022-05-21 00:00:00.000000,11076
RM0024,Mutual Funds,2020-01-30 00:00:00.000000,11415
RM0191,Recurring Deposit,2022-02-01 00:00:00.000000,121291
RM0153,Term Insurance,2022-07-17 00:00:00.000000,74099
RM0224,Saving Account,2019-05-26 00:00:00.000000,15640
RM0134,Life Insurance,2024-11-03 00:00:00.000000,12806
RM0048,Credit Card,2025-12-22 00:00:00.000000,91693
RM0218,Health Insurance,2021-01-16 00:00:00.000000,92999
RM0160,Loan Against Property,2025-03-10 00:00:00.000000,16421
RM0226,Mutual Funds,2025-10-26 00:00:00.000000,27942
RM0040,Credit Card,2020-03-06 00:00:00.000000,85712
RM0120,Loan Against Property,2022-11-28 00:00:00.000000,47265
RM0179,Loan Against Property,2020-02-15 00:00:00.000000,166847
RM0090,Gold Investment,2019-03-25 00:00:00.000000,42798
RM0129,Current Account,2024-10-26 00:00:00.000000,66498
RM0119,Loan Against Property,2025-02-16 10:32:43.384311,45645
RM0213,Current Account,2019-03-09 00:00:00.000000,153204
RM0150,Life Insurance,2020-02-09 00:00:00.000000,35429
RM0011,Term Insurance,2023-11-15 00:00:00.000000,23055
RM0132,Fixed Deposit,2021-10-31 00:00:00.000000,29773
RM0076,Life Insurance,2019-04-11 00:00:00.000000,105789
RM0236,Saving Account,2023-07-26 00:00:00.000000,44451
RM0087,Fixed Deposit,2023-05-01 00:00:00.000000,31867
RM0095,Term Insurance,2024-12-30 00:00:00.000000,49291
RM0016,Credit Card,2023-03-23 00:00:00.000000,17149
RM0162,Health Insurance,2020-01-23 00:00:00.000000,10268
RM0044,Credit Card,2021-07-31 00:00:00.000000,26465
RM0195,Saving Account,2021-11-12 00:00:00.000000,56444
RM0040,Recurring Deposit,2021-04-29 00:00:00.000000,72184
RM0157,Life Insurance,2022-12-14 00:00:00.000000,97610
RM0014,Credit Card,2026-05-08 00:00:00.000000,140634
RM0035,Credit Card,2023-11-18 00:00:00.000000,24169
RM0171,Term Insurance,2023-09-03 00:00:00.000000,36560
RM0039,Credit Card,2019-08-31 00:00:00.000000,77453
RM0234,Life Insurance,2023-04-29 00:00:00.000000,13880
RM0233,Saving Account,2022-03-05 00:00:00.000000,12962
RM0115,Current Account,2025-06-12 00:00:00.000000,16665
RM0080,Term Insurance,2019-01-09 00:00:00.000000,39761
RM0100,Mutual Funds,2021-02-27 00:00:00.000000,21867
RM0196,Mutual Funds,2024-05-20 00:00:00.000000,26908
RM0116,ULIP,2021-09-15 00:00:00.000000,62189
RM0199,Loan Against Property,2025-11-15 00:00:00.000000,32199
RM0094,Term Insurance,2026-06-01 00:00:00.000000,50751
RM0172,Recurring Deposit,2019-09-29 00:00:00.000000,36585
RM0124,Health Insurance,2026-07-08 00:00:00.000000,19254
RM0142,Recurring Deposit,2020-09-10 00:00:00.000000,13845
RM0066,Life Insurance,2020-02-24 00:00:00.000000,23474
RM0034,Recurring Deposit,2024-05-14 00:00:00.000000,12971
RM0216,Current Account,2021-10-25 00:00:00.000000,58196
RM0187,Current Account,2026-04-18 00:00:00.000000,89412
RM0205,Loan Against Property,2023-12-23 00:00:00.000000,30756
RM0171,Loan Against Property,2024-02-22 00:00:00.000000,34478
RM0082,Life Insurance,2021-12-07 00:00:00.000000,94692
RM0028,Saving Account,2025-05-10 10:32:43.384356,22590
RM0031,Health Insurance,2022-09-09 00:00:00.000000,16343
RM0026,Gold Investment,2020-06-06 00:00:00.000000,44769
RM0090,Health Insurance,2019-03-04 00:00:00.000000,61949
RM0005,Mutual Funds,2025-01-17 00:00:00.000000,55771
RM0049,Life Insurance,2019-05-15 00:00:00.000000,72565
RM0009,Fixed Deposit,2024-05-04 00:00:00.000000,12921
RM0024,Term Insurance,2025-10-10 00:00:00.000000,37948
RM0025,Life Insurance,2019-04-07 00:00:00.000000,23627
RM0008,Mutual Funds,2024-08-06 00:00:00.000000,81173
RM0084,Health Insurance,2023-12-18 00:00:00.000000,113072
RM0202,Credit Card,2023-08-11 00:00:00.000000,26518
RM0238,Gold Investment,2026-08-02 00:00:00.000000,15003
RM0080,Term Insurance,2020-10-18 00:00:00.000000,24613
RM0108,Life Insurance,2026-03-30 10:32:43.384392,15491
RM0248,Credit Card,2023-11-06 00:00:00.000000,29461
RM0003,Loan Against Property,2019-11-13 00:00:00.000000,48631
RM0006,Credit Card,2022-04-12 00:00:00.000000,10628
RM0226,Credit Card,2026-02-06 00:00:00.000000,191873
RM0247,ULIP,2024-12-12 00:00:00.000000,35488
RM0157,Current Account,2021-01-17 00:00:00.000000,22425
RM0150,Loan Against Property,2019-06-13 00:00:00.000000,19124
RM0140,Fixed Deposit,2025-03-06 00:00:00.000000,19499
RM0118,Mutual Funds,2020-06-30 00:00:00.000000,20696
RM0099,Saving Account,2021-10-24 00:00:00.000000,81830
RM0017,ULIP,2026-06-20 00:00:00.000000,13148
RM0198,Saving Account,2019-10-13 00:00:00.000000,307664
RM0226,Life Insurance,2026-04-16 00:00:00.000000,46979
RM0040,Fixed Deposit,2019-07-19 00:00:00.000000,49292
RM0049,Recurring Deposit,2021-04-21 00:00:00.000000,32124
RM0105,Life Insurance,2022-06-09 00:00:00.000000,68600
RM0246,Saving Account,2019-07-13 00:00:00.000000,41881
RM0146,Gold Investment,2019-12-03 00:00:00.000000,29953
RM0214,Current Account,2021-02-05 00:00:00.000000,25403
RM0132,Health Insurance,2021-11-28 00:00:00.000000,139949
RM0199,Saving Account,2025-06-01 00:00:00.000000,27194
RM0124,Recurring Deposit,2025-08-30 00:00:00.000000,38669
RM0237,Gold Investment,2021-11-18 00:00:00.000000,31565
RM0073,Fixed Deposit,2023-10-13 00:00:00.000000,14506
RM0143,Credit Card,2019-10-21 00:00:00.000000,20285
RM0173,Loan Against Property,2023-03-31 00:00:00.000000,20505
RM0242,Loan Against Property,2022-02-26 00:00:00.000000,69151
RM0065,Credit Card,2022-06-08 00:00:00.000000,36093
RM0097,Loan Against Property,2020-05-15 00:00:00.000000,86155
RM0174,Life Insurance,2020-08-29 00:00:00.000000,71713
RM0109,Life Insurance,2023-12-17 00:00:00.000000,20662
RM0141,Fixed Deposit,2020-08-31 00:00:00.000000,51381
RM0110,ULIP,2025-07-23 00:00:00.000000,77916
RM0120,Life Insurance,2022-05-28 00:00:00.000000,60125
RM0020,Term Insurance,2024-11-14 00:00:00.000000,55816
RM0060,Credit Card,2024-12-22 00:00:00.000000,77278
RM0057,Life Insurance,2019-01-09 00:00:00.000000,12922
RM0066,Health Insurance,2026-06-24 00:00:00.000000,75730
RM0108,ULIP,2026-03-09 00:00:00.000000,25917
RM0204,Current Account,2022-08-03 00:00:00.000000,52416
RM0020,Fixed Deposit,2019-06-06 00:00:00.000000,23873
RM0135,Fixed Deposit,2023-04-28 00:00:00.000000,101260
RM0233,Current Account,2020-11-15 00:00:00.000000,42750
RM0246,Current Account,2023-06-01 00:00:00.000000,61492
RM0236,Life Insurance,2026-07-06 00:00:00.000000,89013
RM0140,Mutual Funds,2025-07-19 00:00:00.000000,122840
RM0179,Mutual Funds,2025-08-21 00:00:00.000000,75850
RM0049,Saving Account,2025-02-15 00:00:00.000000,7532
RM0238,Life Insurance,2026-08-03 00:00:00.000000,18053
RM0228,Gold Investment,2021-01-26 00:00:00.000000,106390
RM0101,Current Account,2026-06-21 00:00:00.000000,58192
RM0243,Health Insurance,2023-03-22 00:00:00.000000,57009
RM0118,Term Insurance,2020-05-05 00:00:00.000000,137131
RM0185,Credit Card,2025-04-03 00:00:00.000000,24306
RM0041,Credit Card,2025-07-30 10:32:43.384443,23694
RM0145,Credit Card,2022-09-19 00:00:00.000000,45994
RM0182,Mutual Funds,2019-01-19 00:00:00.000000,79487
RM0117,Saving Account,2025-01-10 10:32:43.384474,39641
RM0023,Saving Account,2023-07-03 00:00:00.000000,60241
RM0209,Loan Against Property,2024-09-29 00:00:00.000000,40121
RM0220,Life Insurance,2023-06-27 00:00:00.000000,57130
RM0241,Health Insurance,2023-10-29 00:00:00.000000,96372
RM0239,Term Insurance,2023-12-08 00:00:00.000000,19951
RM0157,Saving Account,2024-07-28 00:00:00.000000,69434
RM0246,Loan Against Property,2019-12-14 00:00:00.000000,87423
RM0165,ULIP,2019-08-07 00:00:00.000000,39629
RM0229,Current Account,2025-01-17 00:00:00.000000,29521
RM0241,Life Insurance,2023-10-31 00:00:00.000000,10681
RM0227,Current Account,2020-02-28 00:00:00.000000,89753
RM0175,Life Insurance,2023-11-09 00:00:00.000000,29870
RM0212,Recurring Deposit,2022-01-06 00:00:00.000000,32104
RM0074,Credit Card,2023-07-26 00:00:00.000000,30474
RM0025,Fixed Deposit,2023-07-10 00:00:00.000000,44531
RM0084,Saving Account,2026-07-18 00:00:00.000000,70616
RM0104,Saving Account,2023-10-23 00:00:00.000000,83890
RM0197,ULIP,2024-07-13 00:00:00.000000,34925
RM0185,ULIP,2023-06-05 00:00:00.000000,64398
RM0084,Gold Investment,2020-05-31 00:00:00.000000,73770
RM0118,Health Insurance,2019-03-28 00:00:00.000000,27614
RM0061,Life Insurance,2019-04-16 00:00:00.000000,15080
RM0201,Fixed Deposit,2023-02-24 00:00:00.000000,122530
RM0243,Saving Account,2026-07-01 10:32:43.384514,66523
RM0192,Loan Against Property,2023-11-09 00:00:00.000000,62221
RM0247,Recurring Deposit,2019-12-01 00:00:00.000000,13035
RM0149,ULIP,2022-08-27 00:00:00.000000,95152
RM0018,Loan Against Property,2023-09-27 00:00:00.000000,51741
RM0131,Gold Investment,2020-06-21 00:00:00.000000,104155
RM0049,ULIP,2019-05-27 00:00:00.000000,193573
RM0165,ULIP,2019-06-17 00:00:00.000000,167444
RM0046,Mutual Funds,2020-04-12 00:00:00.000000,106928
RM0246,ULIP,2019-02-04 00:00:00.000000,10550
RM0200,Term Insurance,2020-01-25 00:00:00.000000,118458
RM0215,Recurring Deposit,2019-03-12 00:00:00.000000,13901
RM0056,Health Insurance,2019-04-01 00:00:00.000000,105255
RM0076,Current Account,2026-03-21 00:00:00.000000,26437
RM0099,Mutual Funds,2024-06-11 00:00:00.000000,57089
RM0145,Life Insurance,2019-01-07 00:00:00.000000,11940
RM0158,Recurring Deposit,2025-01-30 00:00:00.000000,83741
RM0095,Mutual Funds,2019-04-29 00:00:00.000000,15922
RM0075,Fixed Deposit,2019-12-06 00:00:00.000000,36439
RM0184,Health Insurance,2019-01-31 00:00:00.000000,95035
RM0239,Recurring Deposit,2022-07-08 00:00:00.000000,69429
RM0085,Fixed Deposit,2021-03-07 00:00:00.000000,88888888
RM0085,Life Insurance,2022-11-03 00:00:00.000000,10303
RM0052,Life Insurance,2019-07-12 00:00:00.000000,35794
RM0199,Recurring Deposit,2020-09-26 00:00:00.000000,12141
RM0115,Credit Card,2021-12-31 00:00:00.000000,65966
RM0120,Fixed Deposit,2025-04-07 00:00:00.000000,183605
RM0223,ULIP,2021-08-05 00:00:00.000000,63248
RM0201,ULIP,2024-10-29 00:00:00.000000,22704
RM0118,Life Insurance,2024-08-06 00:00:00.000000,31943
RM0174,Credit Card,2024-03-11 00:00:00.000000,197859
RM0104,Term Insurance,2025-05-04 00:00:00.000000,22683
RM0162,Gold Investment,2024-07-03 00:00:00.000000,88888888
RM0012,ULIP,2019-11-27 00:00:00.000000,51223
RM0034,Health Insurance,2021-06-06 00:00:00.000000,35579
RM0104,ULIP,2025-08-29 00:00:00.000000,83118
RM0098,Recurring Deposit,2023-06-08 00:00:00.000000,111016
RM0201,Loan Against Property,2022-11-21 00:00:00.000000,30839
RM0160,Health Insurance,2021-01-15 00:00:00.000000,63998
RM0109,Gold Investment,2023-01-29 00:00:00.000000,49819
RM0074,Recurring Deposit,2022-08-08 00:00:00.000000,26317
RM0062,Saving Account,2024-01-26 00:00:00.000000,25868
RM0188,Gold Investment,2025-04-14 00:00:00.000000,48677
RM0219,Gold Investment,2024-08-23 00:00:00.000000,18361
RM0006,Credit Card,2024-06-04 00:00:00.000000,93250
RM0177,Saving Account,2020-07-14 00:00:00.000000,13575
RM0074,Mutual Funds,2026-03-23 10:32:43.384562,14967
RM0048,Life Insurance,2023-01-15 00:00:00.000000,30944
RM0053,Loan Against Property,2020-08-06 00:00:00.000000,16283
RM0211,Current Account,2024-11-10 00:00:00.000000,42284
RM0073,Mutual Funds,2023-04-17 00:00:00.000000,35514
RM0138,Fixed Deposit,2022-11-12 00:00:00.000000,73972
RM0218,Term Insurance,2025-01-11 00:00:00.000000,162884
RM0141,Credit Card,2019-01-19 00:00:00.000000,80031
RM0033,ULIP,2020-09-06 00:00:00.000000,19888
RM0043,Term Insurance,2020-03-18 00:00:00.000000,147071
RM0250,Current Account,2019-11-21 00:00:00.000000,34889
RM0167,Credit Card,2020-08-11 00:00:00.000000,42140
RM0229,Loan Against Property,2020-05-22 00:00:00.000000,37372
RM0201,Fixed Deposit,2021-02-21 00:00:00.000000,26463
RM0193,Fixed Deposit,2025-05-18 00:00:00.000000,122710
RM0053,Mutual Funds,2021-04-15 00:00:00.000000,30191
RM0056,Term Insurance,2023-04-12 00:00:00.000000,53208
RM0078,Mutual Funds,2019-08-07 00:00:00.000000,23724
RM0105,Mutual Funds,2025-09-03 00:00:00.000000,89820
RM0135,Fixed Deposit,2026-01-09 10:32:43.384599,84404
RM0194,Saving Account,2020-02-01 00:00:00.000000,27571
RM0192,Saving Account,2019-12-11 00:00:00.000000,67215
RM0167,Credit Card,2025-04-23 00:00:00.000000,13311
RM0025,Saving Account,2024-12-01 00:00:00.000000,70848
RM0077,Saving Account,2020-05-28 00:00:00.000000,51335
RM0045,Mutual Funds,2022-02-05 00:00:00.000000,55889
RM0090,Credit Card,2019-01-13 00:00:00.000000,52719
RM0092,Loan Against Property,2024-08-11 00:00:00.000000,14270
RM0247,Fixed Deposit,2024-08-28 00:00:00.000000,65473
RM0176,Recurring Deposit,2022-11-22 00:00:00.000000,41722
RM0204,Term Insurance,2025-09-02 00:00:00.000000,38853
RM0217,Life Insurance,2020-05-14 00:00:00.000000,108305
RM0091,Term Insurance,2019-03-23 00:00:00.000000,11175
RM0140,Mutual Funds,2020-08-13 00:00:00.000000,24471
RM0167,Fixed Deposit,2021-05-26 00:00:00.000000,16471
RM0152,Health Insurance,2024-06-12 00:00:00.000000,11799
RM0143,Life Insurance,2020-02-23 00:00:00.000000,26125
RM0124,Credit Card,2025-01-16 00:00:00.000000,233167
RM0191,Gold Investment,2023-12-15 00:00:00.000000,25751
RM0202,Credit Card,2025-02-15 10:32:43.384638,64488
RM0158,Fixed Deposit,2020-12-03 00:00:00.000000,16295
RM0220,ULIP,2024-03-23 00:00:00.000000,56046
RM0193,Loan Against Property,2025-06-14 00:00:00.000000,218286
RM0129,Gold Investment,2023-11-16 00:00:00.000000,27254
RM0250,Loan Against Property,2023-03-17 00:00:00.000000,104218
RM0136,Saving Account,2025-10-10 00:00:00.000000,311021
RM0051,Gold Investment,2020-07-18 00:00:00.000000,54403
RM0117,Gold Investment,2021-11-16 00:00:00.000000,28509
RM0093,ULIP,2022-07-09 00:00:00.000000,65971
RM0218,Fixed Deposit,2019-05-12 00:00:00.000000,103167
RM0049,ULIP,2025-05-15 00:00:00.000000,19397
RM0065,ULIP,2025-10-11 00:00:00.000000,40121
RM0228,Credit Card,2023-10-05 00:00:00.000000,29223
RM0183,Life Insurance,2021-01-25 00:00:00.000000,26659
RM0208,Saving Account,2024-11-14 00:00:00.000000,108599
RM0073,Health Insurance,2024-10-24 10:32:43.384674,37379
RM0086,Life Insurance,2021-08-21 00:00:00.000000,30705
RM0217,Saving Account,2026-07-06 00:00:00.000000,56255
RM0219,Loan Against Property,2022-08-14 00:00:00.000000,22384
RM0044,Gold Investment,2025-11-01 00:00:00.000000,23061
RM0077,Credit Card,2021-04-05 00:00:00.000000,46728
RM0183,Life Insurance,2019-04-08 00:00:00.000000,36320
RM0113,Mutual Funds,2026-02-20 00:00:00.000000,44492
RM0135,ULIP,2019-09-07 00:00:00.000000,47637
RM0237,Health Insurance,2025-11-05 00:00:00.000000,27476
RM0228,Credit Card,2025-06-14 00:00:00.000000,12773
RM0104,Fixed Deposit,2022-05-25 00:00:00.000000,46779
RM0041,ULIP,2019-02-03 00:00:00.000000,94806
RM0027,Fixed Deposit,2024-05-10 00:00:00.000000,105317
RM0149,Current Account,2023-10-28 00:00:00.000000,23422
RM0064,Health Insurance,2024-12-31 00:00:00.000000,55769
RM0241,Gold Investment,2025-11-10 00:00:00.000000,106855
RM0158,Fixed Deposit,2026-02-21 00:00:00.000000,36273
RM0205,Gold Investment,2023-06-03 00:00:00.000000,144513
RM0072,Life Insurance,2026-01-27 00:00:00.000000,126641
RM0153,Fixed Deposit,2022-11-20 00:00:00.000000,21668
RM0012,Term Insurance,2026-02-17 00:00:00.000000,24985
RM0061,Gold Investment,2023-03-03 00:00:00.000000,19949
RM0088,Saving Account,2023-12-02 00:00:00.000000,20911
RM0139,Saving Account,2023-12-31 00:00:00.000000,129223
RM0230,Term Insurance,2023-06-06 00:00:00.000000,143782
RM0158,ULIP,2021-01-15 00:00:00.000000,12664
RM0022,Gold Investment,2021-02-15 00:00:00.000000,55021
RM0126,Loan Against Property,2022-05-21 00:00:00.000000,51532
RM0015,Credit Card,2022-12-21 00:00:00.000000,34759
RM0041,Life Insurance,2021-02-04 00:00:00.000000,59942
RM0192,Saving Account,2023-11-12 00:00:00.000000,157221
RM0234,Fixed Deposit,2024-12-24 00:00:00.000000,19331
RM0079,Loan Against Property,2019-06-22 00:00:00.000000,16415
RM0151,Current Account,2021-07-16 00:00:00.000000,11698
RM0082,Life Insurance,2019-06-05 00:00:00.000000,32614
RM0205,Saving Account,2020-11-25 00:00:00.000000,30596
RM0073,Gold Investment,2024-01-02 00:00:00.000000,38177
RM0065,Fixed Deposit,2021-09-05 00:00:00.000000,44989
RM0018,Gold Investment,2019-03-21 00:00:00.000000,80904
RM0063,Saving Account,2025-01-18 00:00:00.000000,34888
RM0087,Loan Against Property,2023-07-29 00:00:00.000000,30069
RM0173,Fixed Deposit,2024-04-27 00:00:00.000000,97688
RM0070,ULIP,2021-11-20 00:00:00.000000,12050
RM0216,Health Insurance,2021-10-06 00:00:00.000000,104788
RM0201,Credit Card,2024-05-07 00:00:00.000000,23248
RM0239,Fixed Deposit,2022-01-12 00:00:00.000000,28892
RM0001,ULIP,2020-12-14 00:00:00.000000,97181
RM0241,Life Insurance,2026-03-13 00:00:00.000000,18686
RM0234,Loan Against Property,2024-01-15 00:00:00.000000,14136
RM0141,Saving Account,2025-01-18 00:00:00.000000,29714
RM0073,Life Insurance,2020-07-03 00:00:00.000000,39742
RM0195,Mutual Funds,2019-12-04 00:00:00.000000,20355
RM0079,Term Insurance,2024-05-24 00:00:00.000000,19917
RM0155,Recurring Deposit,2024-08-21 00:00:00.000000,37657
RM0085,ULIP,2022-11-07 00:00:00.000000,80227
RM0006,Health Insurance,2022-09-26 00:00:00.000000,101701
RM0059,Gold Investment,2019-02-26 00:00:00.000000,203724
RM0180,Saving Account,2023-05-07 00:00:00.000000,13843
RM0074,Saving Account,2026-04-02 00:00:00.000000,22210
RM0104,Credit Card,2019-10-20 00:00:00.000000,80658
RM0149,Credit Card,2025-10-08 00:00:00.000000,48891
RM0023,Gold Investment,2024-02-10 00:00:00.000000,29851
RM0182,Gold Investment,2024-06-27 00:00:00.000000,21507
RM0078,Mutual Funds,2023-10-22 00:00:00.000000,88888888
RM0125,Loan Against Property,2023-04-13 00:00:00.000000,26458
RM0001,Recurring Deposit,2022-07-09 00:00:00.000000,38043
RM0054,ULIP,2025-11-29 00:00:00.000000,19749
RM0101,Recurring Deposit,2020-03-20 00:00:00.000000,176526
RM0016,Term Insurance,2025-02-24 00:00:00.000000,15691
RM0225,Gold Investment,2024-05-29 00:00:00.000000,221948
RM0215,Gold Investment,2021-07-24 00:00:00.000000,102224
RM0243,Term Insurance,2023-10-05 00:00:00.000000,37508
RM0164,Recurring Deposit,2023-02-11 00:00:00.000000,77318
RM0070,Health Insurance,2021-05-11 00:00:00.000000,65663
RM0164,Fixed Deposit,2023-05-13 00:00:00.000000,21994
RM0211,Health Insurance,2025-07-29 00:00:00.000000,30705
RM0045,Current Account,2023-10-02 00:00:00.000000,11972
RM0083,Fixed Deposit,2020-01-15 00:00:00.000000,45987
RM0068,Gold Investment,2026-06-09 00:00:00.000000,60784
RM0038,Gold Investment,2021-02-20 00:00:00.000000,49142
RM0175,Saving Account,2019-10-08 00:00:00.000000,42026
RM0064,Health Insurance,2022-04-25 00:00:00.000000,14613
RM0105,Term Insurance,2025-01-08 00:00:00.000000,39273
RM0185,Loan Against Property,2021-02-05 00:00:00.000000,44484
RM0180,Current Account,2020-06-04 00:00:00.000000,38489
RM0062,Fixed Deposit,2023-07-11 00:00:00.000000,48971
RM0060,Life Insurance,2023-03-18 00:00:00.000000,119456
RM0029,Term Insurance,2022-02-16 00:00:00.000000,60096
RM0046,Term Insurance,2022-02-03 00:00:00.000000,74118
RM0029,ULIP,2022-04-05 00:00:00.000000,55500
RM0097,Health Insurance,2019-02-08 00:00:00.000000,61503
RM0212,Mutual Funds,2019-07-22 00:00:00.000000,53178
RM0055,Recurring Deposit,2026-05-15 00:00:00.000000,11361
RM0044,Gold Investment,2022-02-16 00:00:00.000000,401000
RM0158,Term Insurance,2023-06-18 00:00:00.000000,11709
RM0122,Gold Investment,2020-09-11 00:00:00.000000,35138
RM0099,Current Account,2025-01-06 00:00:00.000000,15553
RM0229,Saving Account,2023-03-23 00:00:00.000000,15097
RM0019,Loan Against Property,2020-10-19 00:00:00.000000,291168
RM0086,Life Insurance,2023-04-14 00:00:00.000000,88879
RM0079,Health Insurance,2020-09-28 00:00:00.000000,37749
RM0063,Current Account,2019-04-17 00:00:00.000000,90757
RM0087,Current Account,2020-07-04 00:00:00.000000,25926
RM0092,Mutual Funds,2024-10-02 10:32:43.384744,24816
RM0028,Life Insurance,2026-07-25 10:32:43.384775,24466
RM0148,ULIP,2023-12-14 00:00:00.000000,57874
RM0215,Credit Card,2023-04-21 00:00:00.000000,94369
RM0170,Recurring Deposit,2022-08-31 00:00:00.000000,40097
RM0160,Health Insurance,2025-09-07 00:00:00.000000,33841
RM0249,Health Insurance,2020-03-02 00:00:00.000000,191680
RM0006,Term Insurance,2024-04-08 00:00:00.000000,16207
RM0166,Mutual Funds,2021-08-31 00:00:00.000000,43338
RM0125,Health Insurance,2025-09-12 00:00:00.000000,36253
RM0138,Saving Account,2024-12-11 00:00:00.000000,15164
RM0034,Current Account,2021-06-21 00:00:00.000000,25612
RM0110,Health Insurance,2025-01-16 00:00:00.000000,11442
RM0053,Health Insurance,2025-12-02 10:32:43.384810,114759
RM0047,Saving Account,2025-12-04 00:00:00.000000,56805
RM0031,Term Insurance,2020-09-17 00:00:00.000000,94374
RM0124,Credit Card,2023-08-19 00:00:00.000000,46860
RM0149,Current Account,2023-12-04 00:00:00.000000,55753
RM0142,Credit Card,2021-11-12 00:00:00.000000,70341
RM0024,Life Insurance,2020-05-16 00:00:00.000000,129304
RM0110,Health Insurance,2024-08-11 00:00:00.000000,14811
RM0152,Fixed Deposit,2026-06-10 10:32:43.384843,30094
RM0193,Life Insurance,2024-01-17 00:00:00.000000,71726
RM0143,Saving Account,2024-02-13 00:00:00.000000,168923
RM0126,Loan Against Property,2019-09-26 00:00:00.000000,207661
RM0217,Health Insurance,2020-12-14 00:00:00.000000,60819
RM0018,Saving Account,2025-05-22 00:00:00.000000,20758
RM0019,Current Account,2020-01-11 00:00:00.000000,16346
RM0149,Current Account,2026-03-24 00:00:00.000000,155978
RM0214,Mutual Funds,2025-01-02 00:00:00.000000,38451
RM0216,Term Insurance,2022-02-07 00:00:00.000000,20834
RM0203,Health Insurance,2019-09-09 00:00:00.000000,145823
RM0077,Loan Against Property,2023-02-16 00:00:00.000000,15520
RM0069,Recurring Deposit,2024-07-12 00:00:00.000000,75387
RM0123,Loan Against Property,2021-09-16 00:00:00.000000,59076
RM0056,Life Insurance,2023-08-03 00:00:00.000000,14591
RM0203,Gold Investment,2022-03-24 00:00:00.000000,30681
RM0069,Loan Against Property,2020-05-07 00:00:00.000000,18121
RM0002,Recurring Deposit,2025-09-16 00:00:00.000000,56380
RM0047,Credit Card,2019-05-18 00:00:00.000000,42419
RM0063,Health Insurance,2020-05-24 00:00:00.000000,10214
RM0070,Recurring Deposit,2025-03-21 00:00:00.000000,195885
RM0093,Mutual Funds,2023-03-13 00:00:00.000000,31507
RM0241,Life Insurance,2025-04-29 00:00:00.000000,24934
RM0022,Fixed Deposit,2022-02-06 00:00:00.000000,22579
RM0074,Saving Account,2020-06-02 00:00:00.000000,18647
RM0071,Gold Investment,2021-01-21 00:00:00.000000,362759
RM0180,Mutual Funds,2023-12-05 00:00:00.000000,27485
RM0133,Health Insurance,2022-06-09 00:00:00.000000,36002
RM0224,Recurring Deposit,2020-12-24 00:00:00.000000,112535
RM0167,Life Insurance,2022-05-05 00:00:00.000000,61345
RM0124,Loan Against Property,2022-08-31 00:00:00.000000,32998
RM0219,Mutual Funds,2020-11-21 00:00:00.000000,124300
RM0170,Recurring Deposit,2024-12-25 10:32:43.384886,79259
RM0130,Current Account,2021-12-27 00:00:00.000000,22932
RM0055,Loan Against Property,2019-11-04 00:00:00.000000,61604
RM0206,Fixed Deposit,2023-04-02 00:00:00.000000,137808
RM0039,Credit Card,2021-02-07 00:00:00.000000,44304
RM0009,Mutual Funds,2022-04-08 00:00:00.000000,76140
RM0056,Current Account,2025-05-17 00:00:00.000000,187202
RM0067,Term Insurance,2025-01-25 00:00:00.000000,68625
RM0184,Loan Against Property,2021-12-13 00:00:00.000000,15403
RM0081,Recurring Deposit,2026-05-26 00:00:00.000000,24022
RM0129,Loan Against Property,2024-11-24 00:00:00.000000,55205
RM0003,Loan Against Property,2021-01-03 00:00:00.000000,26117
RM0151,Life Insurance,2020-11-01 00:00:00.000000,167961
RM0058,Gold Investment,2024-12-18 00:00:00.000000,35989
RM0158,Recurring Deposit,2019-10-18 00:00:00.000000,40553
RM0047,Life Insurance,2022-01-18 00:00:00.000000,70466
RM0220,Saving Account,2025-03-07 00:00:00.000000,47143
RM0185,Fixed Deposit,2020-11-28 00:00:00.000000,63171
RM0129,Credit Card,2022-11-25 00:00:00.000000,34075
RM0045,Fixed Deposit,2023-06-13 00:00:00.000000,13986
RM0058,Life Insurance,2025-09-13 10:32:43.384924,55372
RM0187,Recurring Deposit,2020-01-16 00:00:00.000000,111088
RM0081,Mutual Funds,2025-03-26 10:32:43.384955,67880
RM0047,Current Account,2023-07-13 00:00:00.000000,34022
RM0164,Credit Card,2021-02-02 00:00:00.000000,16832
RM0188,Health Insurance,2021-09-10 00:00:00.000000,94732
RM0246,ULIP,2026-06-19 00:00:00.000000,152149
RM0066,Recurring Deposit,2023-03-12 00:00:00.000000,88888888
RM0088,Fixed Deposit,2025-01-16 00:00:00.000000,34573
RM0110,Saving Account,2019-01-11 00:00:00.000000,75215
RM0103,Mutual Funds,2025-06-26 10:32:43.384988,36446
RM0131,Credit Card,2024-02-13 00:00:00.000000,44884
RM0103,Health Insurance,2025-06-01 00:00:00.000000,100539
RM0038,Term Insurance,2021-06-13 00:00:00.000000,14355
RM0060,Loan Against Property,2020-01-29 00:00:00.000000,47786
RM0138,Life Insurance,2019-02-25 00:00:00.000000,22079
RM0085,Credit Card,2026-07-27 00:00:00.000000,30761
RM0110,Health Insurance,2024-06-07 00:00:00.000000,61701
RM0242,Health Insurance,2023-03-03 00:00:00.000000,11380
RM0063,Gold Investment,2026-05-19 00:00:00.000000,55048
RM0140,Health Insurance,2025-09-30 00:00:00.000000,26664
RM0086,Term Insurance,2022-01-21 00:00:00.000000,65355
RM0104,Gold Investment,2026-01-06 00:00:00.000000,17633
RM0030,Credit Card,2022-04-26 00:00:00.000000,76554
RM0122,Mutual Funds,2025-08-20 00:00:00.000000,61872
RM0235,Fixed Deposit,2023-08-17 00:00:00.000000,187441
RM0130,Loan Against Property,2024-05-23 00:00:00.000000,131088
RM0034,ULIP,2022-12-18 00:00:00.000000,26655
RM0215,Credit Card,2022-06-19 00:00:00.000000,11384
RM0227,Saving Account,2020-07-25 00:00:00.000000,63263
RM0065,Gold Investment,2024-06-27 00:00:00.000000,56176
RM0180,Mutual Funds,2025-09-11 00:00:00.000000,11390
RM0209,Health Insurance,2022-03-10 00:00:00.000000,16544
RM0029,Term Insurance,2025-12-03 00:00:00.000000,53937
RM0121,ULIP,2023-04-05 00:00:00.000000,131422
RM0132,Health Insurance,2024-05-31 00:00:00.000000,128489
RM0117,ULIP,2022-06-24 00:00:00.000000,18213
RM0177,Mutual Funds,2022-03-02 00:00:00.000000,34272
RM0158,Term Insurance,2026-04-22 00:00:00.000000,12208
RM0011,Health Insurance,2025-10-20 00:00:00.000000,41675
RM0191,Credit Card,2023-03-20 00:00:00.000000,79935
RM0176,Health Insurance,2019-05-29 00:00:00.000000,88025
RM0230,Recurring Deposit,2025-02-22 00:00:00.000000,88888888
RM0016,Gold Investment,2024-03-23 00:00:00.000000,44556
RM0163,Health Insurance,2021-03-13 00:00:00.000000,15039
RM0148,Health Insurance,2023-06-08 00:00:00.000000,34011
RM0137,Gold Investment,2026-01-08 00:00:00.000000,144487
RM0053,Recurring Deposit,2020-06-14 00:00:00.000000,23043
RM0054,Life Insurance,2021-04-10 00:00:00.000000,29265
RM0094,Mutual Funds,2020-12-19 00:00:00.000000,78684
RM0058,Saving Account,2019-04-04 00:00:00.000000,76134
RM0151,Loan Against Property,2021-07-08 00:00:00.000000,131635
RM0122,Life Insurance,2019-02-13 00:00:00.000000,34560
RM0095,Loan Against Property,2020-08-08 00:00:00.000000,46138
RM0151,Loan Against Property,2024-01-05 00:00:00.000000,41498
RM0059,Current Account,2020-12-27 00:00:00.000000,141382
RM0086,Mutual Funds,2022-05-23 00:00:00.000000,83338
RM0018,Health Insurance,2021-07-31 00:00:00.000000,99023
RM0241,Recurring Deposit,2026-05-14 00:00:00.000000,17141
RM0218,Recurring Deposit,2023-05-06 00:00:00.000000,88474
RM0055,Credit Card,2021-10-13 00:00:00.000000,38367
RM0234,Life Insurance,2024-09-13 00:00:00.000000,11180
RM0090,Term Insurance,2024-04-07 00:00:00.000000,13098
RM0103,Recurring Deposit,2019-06-25 00:00:00.000000,66645
RM0104,Gold Investment,2020-08-29 00:00:00.000000,33261
RM0120,Current Account,2024-10-14 10:32:43.385046,111291
RM0103,ULIP,2023-03-02 00:00:00.000000,76264
RM0030,Recurring Deposit,2024-04-11 00:00:00.000000,11095
RM0078,ULIP,2024-11-14 10:32:43.385077,68059
RM0064,Mutual Funds,2019-03-05 00:00:00.000000,20681
RM0193,ULIP,2024-11-30 10:32:43.385108,37459
RM0079,Health Insurance,2020-09-23 00:00:00.000000,59006
RM0160,Current Account,2024-04-11 00:00:00.000000,113067
RM0122,Life Insurance,2025-10-10 00:00:00.000000,40449
RM0078,Fixed Deposit,2022-01-12 00:00:00.000000,92640
RM0243,Saving Account,2026-03-04 00:00:00.000000,86384
RM0052,Saving Account,2021-02-04 00:00:00.000000,36767
RM0059,Mutual Funds,2025-01-05 00:00:00.000000,44755
RM0005,Fixed Deposit,2019-01-15 00:00:00.000000,70279
RM0017,Fixed Deposit,2020-01-26 00:00:00.000000,11582
RM0055,Health Insurance,2019-09-26 00:00:00.000000,120733
RM0030,Recurring Deposit,2024-06-20 00:00:00.000000,83443
RM0161,ULIP,2021-06-07 00:00:00.000000,24345
RM0242,Recurring Deposit,2019-12-03 00:00:00.000000,208641
RM0066,Current Account,2025-08-22 00:00:00.000000,19885
RM0028,Current Account,2023-06-06 00:00:00.000000,132720
RM0217,Credit Card,2025-09-28 10:32:43.385144,29613
RM0099,ULIP,2026-04-14 00:00:00.000000,82015
RM0013,Health Insurance,2022-05-26 00:00:00.000000,40474
RM0236,Recurring Deposit,2019-07-29 00:00:00.000000,76678
RM0061,Life Insurance,2021-02-09 00:00:00.000000,18467
RM0043,Recurring Deposit,2020-07-11 00:00:00.000000,25701
RM0226,Health Insurance,2019-05-13 00:00:00.000000,15260
RM0166,Fixed Deposit,2025-09-29 00:00:00.000000,110177
RM0065,ULIP,2022-10-23 00:00:00.000000,27569
RM0226,ULIP,2022-08-12 00:00:00.000000,69286
RM0067,Gold Investment,2022-09-01 00:00:00.000000,95801
RM0028,Fixed Deposit,2025-06-29 00:00:00.000000,125843
RM0017,Recurring Deposit,2021-04-16 00:00:00.000000,15619
RM0111,Health Insurance,2023-05-08 00:00:00.000000,121753
RM0125,Life Insurance,2024-08-21 10:32:43.385180,20985
RM0158,Credit Card,2026-05-29 10:32:43.385210,76761
RM0216,Term Insurance,2024-08-30 00:00:00.000000,75253
RM0051,Health Insurance,2021-03-08 00:00:00.000000,10426
RM0076,Current Account,2023-04-20 00:00:00.000000,22463
RM0138,Saving Account,2025-09-06 00:00:00.000000,43854
RM0044,Life Insurance,2022-12-01 00:00:00.000000,37239
RM0166,ULIP,2020-04-16 00:00:00.000000,135402
RM0141,Mutual Funds,2025-08-23 00:00:00.000000,32294
RM0024,ULIP,2025-12-22 00:00:00.000000,148218
RM0065,Fixed Deposit,2019-07-02 00:00:00.000000,40756
RM0220,Saving Account,2024-10-26 00:00:00.000000,176704
RM0181,Recurring Deposit,2025-08-30 00:00:00.000000,76847
RM0109,Recurring Deposit,2023-07-30 00:00:00.000000,98402
RM0042,Gold Investment,2020-02-06 00:00:00.000000,15539
RM0205,Recurring Deposit,2019-08-25 00:00:00.000000,54111
RM0025,Mutual Funds,2020-06-10 00:00:00.000000,17698
RM0157,Mutual Funds,2023-11-15 00:00:00.000000,27664
RM0101,Health Insurance,2022-11-26 00:00:00.000000,58850
RM0146,Loan Against Property,2019-11-25 00:00:00.000000,986298
RM0221,Gold Investment,2019-08-13 00:00:00.000000,74772
RM0174,Loan Against Property,2026-01-12 00:00:00.000000,11998
RM0036,Current Account,2020-09-20 00:00:00.000000,47851
RM0111,Mutual Funds,2021-06-12 00:00:00.000000,51656
RM0181,Life Insurance,2025-03-23 00:00:00.000000,14105
RM0172,Term Insurance,2023-10-05 00:00:00.000000,44726
RM0116,Mutual Funds,2024-11-04 00:00:00.000000,72560
RM0211,Mutual Funds,2022-07-20 00:00:00.000000,12734
RM0203,Saving Account,2022-09-13 00:00:00.000000,81411
RM0064,Health Insurance,2022-06-06 00:00:00.000000,52951
RM0080,Loan Against Property,2023-04-16 00:00:00.000000,99556
RM0243,Recurring Deposit,2021-12-13 00:00:00.000000,22299
RM0120,Credit Card,2020-07-24 00:00:00.000000,99570
RM0236,Recurring Deposit,2025-03-01 00:00:00.000000,14966
RM0229,ULIP,2021-06-30 00:00:00.000000,35861
RM0213,Fixed Deposit,2026-06-27 00:00:00.000000,21124
RM0010,Term Insurance,2020-07-10 00:00:00.000000,114382
RM0064,Current Account,2019-10-27 00:00:00.000000,71025
RM0187,Fixed Deposit,2019-08-24 00:00:00.000000,11284
RM0210,Recurring Deposit,2025-11-24 00:00:00.000000,10478
RM0004,Term Insurance,2026-05-19 00:00:00.000000,27212
RM0141,Loan Against Property,2024-11-01 00:00:00.000000,17732
RM0112,Fixed Deposit,2022-09-21 00:00:00.000000,131104
RM0117,Life Insurance,2025-08-02 00:00:00.000000,59753
RM0208,ULIP,2026-03-05 00:00:00.000000,64501
RM0036,Health Insurance,2026-02-19 00:00:00.000000,152323
RM0063,Credit Card,2025-07-06 00:00:00.000000,161869
RM0246,ULIP,2025-08-25 00:00:00.000000,63778
RM0038,Gold Investment,2023-04-07 00:00:00.000000,10284
RM0009,Loan Against Property,2022-09-09 00:00:00.000000,32236
RM0189,Life Insurance,2025-03-18 10:32:43.385269,45989
RM0187,Loan Against Property,2019-10-23 00:00:00.000000,798289
RM0112,ULIP,2024-05-17 00:00:00.000000,44575
RM0050,Term Insurance,2019-04-13 00:00:00.000000,42322
RM0212,Saving Account,2020-09-25 00:00:00.000000,56233
RM0163,Health Insurance,2022-03-05 00:00:00.000000,28701
RM0165,Life Insurance,2026-04-11 00:00:00.000000,171637
RM0012,Credit Card,2019-03-03 00:00:00.000000,118225
RM0151,Recurring Deposit,2019-11-18 00:00:00.000000,15765
RM0231,Gold Investment,2024-07-14 00:00:00.000000,25460
RM0110,Fixed Deposit,2024-01-05 00:00:00.000000,99520
RM0175,ULIP,2022-03-31 00:00:00.000000,96950
RM0047,Credit Card,2022-05-23 00:00:00.000000,26104
RM0021,Life Insurance,2021-09-24 00:00:00.000000,75575
RM0216,Gold Investment,2025-04-22 00:00:00.000000,65742
RM0145,Life Insurance,2022-04-18 00:00:00.000000,42077
RM0222,Credit Card,2025-11-03 00:00:00.000000,21248
RM0152,Credit Card,2024-11-19 00:00:00.000000,119750
RM0214,Fixed Deposit,2019-10-19 00:00:00.000000,66637
RM0239,Loan Against Property,2026-03-31 00:00:00.000000,19255
RM0197,Term Insurance,2026-04-06 00:00:00.000000,71005
RM0033,Recurring Deposit,2021-11-21 00:00:00.000000,77630
RM0231,Current Account,2023-02-18 00:00:00.000000,118965
RM0111,Loan Against Property,2024-03-30 00:00:00.000000,22605
RM0217,Credit Card,2026-03-20 00:00:00.000000,234387
RM0116,Gold Investment,2025-02-12 00:00:00.000000,18325
RM0165,Current Account,2023-04-24 00:00:00.000000,55900
RM0185,Gold Investment,2024-08-02 00:00:00.000000,63526
RM0214,Mutual Funds,2024-02-02 00:00:00.000000,37146
RM0042,Term Insurance,2021-04-17 00:00:00.000000,42221
RM0154,Recurring Deposit,2022-03-14 00:00:00.000000,120779
RM0112,Mutual Funds,2025-10-05 10:32:43.385313,61820
RM0214,Term Insurance,2021-03-04 00:00:00.000000,44358
RM0018,Gold Investment,2022-03-23 00:00:00.000000,16868
RM0233,Recurring Deposit,2022-06-20 00:00:00.000000,10368
RM0244,Saving Account,2025-12-02 00:00:00.000000,16674
RM0124,Gold Investment,2022-10-20 00:00:00.000000,166388
RM0099,Saving Account,2021-08-28 00:00:00.000000,22454
RM0026,Credit Card,2023-03-31 00:00:00.000000,82214
RM0221,ULIP,2020-06-16 00:00:00.000000,180738
RM0119,Credit Card,2023-04-19 00:00:00.000000,11818
RM0019,Term Insurance,2022-07-21 00:00:00.000000,67006
RM0044,Credit Card,2020-05-07 00:00:00.000000,12265
RM0073,Term Insurance,2026-02-05 00:00:00.000000,86175
RM0144,Current Account,2021-04-19 00:00:00.000000,33978
RM0069,Life Insurance,2020-07-03 00:00:00.000000,15033
RM0157,Loan Against Property,2023-01-05 00:00:00.000000,51971
RM0024,Life Insurance,2026-02-26 00:00:00.000000,26433
RM0053,Recurring Deposit,2019-10-01 00:00:00.000000,68744
RM0134,ULIP,2020-05-09 00:00:00.000000,63877
RM0160,Health Insurance,2025-01-27 00:00:00.000000,63672
RM0196,Mutual Funds,2024-08-29 10:32:43.385352,71040
RM0216,Fixed Deposit,2022-11-16 00:00:00.000000,254410
RM0046,Recurring Deposit,2025-12-20 00:00:00.000000,34444
RM0037,Mutual Funds,2020-04-29 00:00:00.000000,41303
RM0224,ULIP,2025-08-24 00:00:00.000000,91638
RM0056,Credit Card,2023-09-18 00:00:00.000000,53181
RM0045,Recurring Deposit,2023-02-13 00:00:00.000000,11898
RM0216,Gold Investment,2024-07-30 00:00:00.000000,102600
RM0049,Health Insurance,2021-04-26 00:00:00.000000,12643
RM0169,Term Insurance,2024-02-05 00:00:00.000000,19365
RM0062,Recurring Deposit,2025-09-15 00:00:00.000000,15383
RM0120,Mutual Funds,2022-03-18 00:00:00.000000,14056
RM0217,ULIP,2026-03-07 00:00:00.000000,11301
RM0175,Health Insurance,2020-06-26 00:00:00.000000,12829
RM0082,Fixed Deposit,2020-05-17 00:00:00.000000,39209
RM0068,Life Insurance,2023-07-02 00:00:00.000000,24574
RM0167,Mutual Funds,2025-12-19 00:00:00.000000,16764
RM0243,Recurring Deposit,2019-04-18 00:00:00.000000,63750
RM0176,ULIP,2020-06-13 00:00:00.000000,22816
RM0087,Recurring Deposit,2024-09-24 00:00:00.000000,10956
RM0087,Credit Card,2021-11-20 00:00:00.000000,37100
RM0230,Gold Investment,2019-05-07 00:00:00.000000,49137
RM0165,Mutual Funds,2025-07-19 00:00:00.000000,28584
RM0113,ULIP,2023-09-07 00:00:00.000000,29180
RM0148,Fixed Deposit,2022-04-05 00:00:00.000000,39463
RM0230,Current Account,2023-12-29 00:00:00.000000,65268
RM0070,ULIP,2023-12-15 00:00:00.000000,57918
RM0239,Life Insurance,2020-05-21 00:00:00.000000,148439
RM0143,Current Account,2025-02-11 00:00:00.000000,46461
RM0149,Current Account,2022-11-05 00:00:00.000000,41986
RM0152,Loan Against Property,2021-10-22 00:00:00.000000,22002
RM0247,Recurring Deposit,2021-12-10 00:00:00.000000,80402
RM0035,Current Account,2025-04-30 00:00:00.000000,17586
RM0208,Term Insurance,2021-04-01 00:00:00.000000,46959
RM0180,Saving Account,2020-10-23 00:00:00.000000,43778
RM0072,Current Account,2023-08-21 00:00:00.000000,88888888
RM0197,Health Insurance,2025-12-17 10:32:43.385396,37350
RM0141,Gold Investment,2019-09-10 00:00:00.000000,63691
RM0185,Gold Investment,2026-04-11 00:00:00.000000,134821
RM0040,Loan Against Property,2023-03-06 00:00:00.000000,156493
RM0128,Current Account,2020-09-14 00:00:00.000000,19184
RM0015,Loan Against Property,2025-07-04 00:00:00.000000,25178
RM0179,ULIP,2024-07-01 00:00:00.000000,93468
RM0088,ULIP,2024-07-11 00:00:00.000000,46519
RM0240,Life Insurance,2023-12-13 00:00:00.000000,40168
RM0227,Life Insurance,2021-09-21 00:00:00.000000,72001
RM0169,Current Account,2024-06-10 00:00:00.000000,56055
RM0178,Health Insurance,2020-11-30 00:00:00.000000,186532
RM0025,Loan Against Property,2025-04-14 00:00:00.000000,307877
RM0243,Current Account,2019-11-13 00:00:00.000000,53850
RM0231,Credit Card,2021-05-05 00:00:00.000000,41365
RM0207,Term Insurance,2022-12-28 00:00:00.000000,49133
RM0116,Term Insurance,2019-11-27 00:00:00.000000,92653
RM0050,Life Insurance,2022-11-15 00:00:00.000000,57424
RM0112,Saving Account,2023-08-04 00:00:00.000000,62071
RM0093,Saving Account,2026-04-07 00:00:00.000000,187785
RM0245,Current Account,2026-04-21 00:00:00.000000,58168
RM0013,Mutual Funds,2021-01-07 00:00:00.000000,33924
RM0155,Current Account,2025-02-19 00:00:00.000000,68773
RM0249,Saving Account,2020-03-02 00:00:00.000000,63861
RM0185,Term Insurance,2020-03-21 00:00:00.000000,10697
RM0099,Saving Account,2024-07-06 00:00:00.000000,41492
RM0162,Fixed Deposit,2025-03-11 10:32:43.385436,77915
RM0209,Life Insurance,2020-04-20 00:00:00.000000,44561
RM0075,Credit Card,2026-06-23 00:00:00.000000,85620
RM0208,Life Insurance,2020-09-29 00:00:00.000000,39972
RM0178,Life Insurance,2021-04-28 00:00:00.000000,214682
RM0151,Term Insurance,2020-11-10 00:00:00.000000,27328
RM0017,Fixed Deposit,2019-02-11 00:00:00.000000,14832
RM0050,Life Insurance,2023-12-05 00:00:00.000000,38106
RM0144,Fixed Deposit,2024-03-23 00:00:00.000000,49012
RM0050,Credit Card,2023-09-03 00:00:00.000000,31469
RM0161,Fixed Deposit,2020-08-16 00:00:00.000000,23872
RM0002,Mutual Funds,2019-05-06 00:00:00.000000,65746
RM0084,Gold Investment,2020-06-08 00:00:00.000000,33670
RM0030,Life Insurance,2023-02-12 00:00:00.000000,59897
RM0173,Life Insurance,2024-12-30 10:32:43.385471,85495
RM0246,Term Insurance,2022-01-01 00:00:00.000000,81565
RM0161,Health Insurance,2021-08-26 00:00:00.000000,33524
RM0151,Current Account,2025-12-11 10:32:43.385502,51954
RM0206,Health Insurance,2024-11-04 00:00:00.000000,39860
RM0179,Fixed Deposit,2024-03-24 00:00:00.000000,112321
RM0092,Term Insurance,2021-04-18 00:00:00.000000,115498
RM0187,Saving Account,2021-12-08 00:00:00.000000,31060
RM0119,Health Insurance,2024-09-24 00:00:00.000000,14811
RM0004,Fixed Deposit,2020-06-07 00:00:00.000000,19171
RM0170,Recurring Deposit,2022-11-01 00:00:00.000000,32864
RM0121,Credit Card,2024-04-11 00:00:00.000000,51534
RM0192,Current Account,2022-04-01 00:00:00.000000,63470
RM0143,Saving Account,2020-04-07 00:00:00.000000,30126
RM0041,Health Insurance,2025-04-05 00:00:00.000000,15340
RM0126,Current Account,2019-09-06 00:00:00.000000,65055
RM0202,Loan Against Property,2019-12-04 00:00:00.000000,148821
RM0100,Health Insurance,2025-07-14 10:32:43.385538,62779
RM0221,Loan Against Property,2024-09-13 00:00:00.000000,18632
RM0222,Fixed Deposit,2019-08-07 00:00:00.000000,53335
RM0044,Gold Investment,2020-04-04 00:00:00.000000,49032
RM0024,Current Account,2023-07-18 00:00:00.000000,112281
RM0249,Gold Investment,2023-04-10 00:00:00.000000,31562
RM0117,Life Insurance,2023-11-11 00:00:00.000000,37490
RM0142,Term Insurance,2024-07-02 00:00:00.000000,55647
RM0128,Loan Against Property,2019-04-20 00:00:00.000000,47161
RM0227,Mutual Funds,2021-01-30 00:00:00.000000,73472
RM0244,Fixed Deposit,2024-11-28 10:32:43.385571,88888888
RM0020,Fixed Deposit,2021-10-20 00:00:00.000000,12061
RM0210,Gold Investment,2019-02-20 00:00:00.000000,51450
RM0167,Credit Card,2024-10-26 00:00:00.000000,16486
RM0076,Saving Account,2023-06-29 00:00:00.000000,28932
RM0209,Mutual Funds,2020-07-10 00:00:00.000000,64180
RM0250,Health Insurance,2021-01-26 00:00:00.000000,18563
RM0136,Mutual Funds,2022-03-20 00:00:00.000000,28469
RM0126,Mutual Funds,2021-02-18 00:00:00.000000,70702
RM0195,ULIP,2022-06-01 00:00:00.000000,62606
RM0132,Recurring Deposit,2022-06-01 00:00:00.000000,14772
RM0060,Health Insurance,2019-04-05 00:00:00.000000,53050
RM0069,ULIP,2023-10-31 00:00:00.000000,17964
RM0139,Life Insurance,2019-12-25 00:00:00.000000,24535
RM0243,Current Account,2022-03-19 00:00:00.000000,40736
RM0108,Health Insurance,2025-08-06 00:00:00.000000,15790
RM0174,Credit Card,2021-04-21 00:00:00.000000,262941
RM0025,Term Insurance,2024-03-14 00:00:00.000000,19038
RM0006,Saving Account,2021-11-15 00:00:00.000000,86005
RM0241,ULIP,2022-03-15 00:00:00.000000,98550
RM0167,Loan Against Property,2025-08-25 10:32:43.385608,269823
RM0115,Current Account,2020-10-30 00:00:00.000000,37987
RM0179,Credit Card,2021-07-03 00:00:00.000000,113611
RM0201,Loan Against Property,2019-03-28 00:00:00.000000,167958
RM0228,Saving Account,2022-02-19 00:00:00.000000,19491
RM0064,Term Insurance,2022-09-18 00:00:00.000000,42642
RM0235,Life Insurance,2025-10-16 00:00:00.000000,13094
RM0080,Health Insurance,2022-03-20 00:00:00.000000,58474
RM0059,Mutual Funds,2023-08-08 00:00:00.000000,53542
RM0092,Term Insurance,2026-05-22 00:00:00.000000,21415
RM0193,Gold Investment,2023-07-01 00:00:00.000000,89950
RM0056,Loan Against Property,2024-12-11 00:00:00.000000,11899
RM0240,Life Insurance,2024-11-21 00:00:00.000000,92053
RM0067,Credit Card,2022-06-14 00:00:00.000000,11350
RM0106,Health Insurance,2025-02-21 00:00:00.000000,63476
RM0007,Fixed Deposit,2020-06-04 00:00:00.000000,14102
RM0146,Health Insurance,2025-03-09 00:00:00.000000,9170
RM0249,Health Insurance,2024-06-20 00:00:00.000000,24465
RM0232,Recurring Deposit,2020-10-06 00:00:00.000000,73991
RM0168,Mutual Funds,2019-06-26 00:00:00.000000,26453
RM0190,Recurring Deposit,2019-11-26 00:00:00.000000,45787
RM0071,Saving Account,2025-04-15 00:00:00.000000,133401
RM0098,Recurring Deposit,2020-11-22 00:00:00.000000,12545
RM0167,Credit Card,2022-09-23 00:00:00.000000,93321
RM0176,Term Insurance,2022-04-07 00:00:00.000000,13374
RM0099,Fixed Deposit,2023-11-27 00:00:00.000000,172345
RM0056,Recurring Deposit,2025-12-10 00:00:00.000000,16779
RM0242,Health Insurance,2025-08-29 00:00:00.000000,16352
RM0033,Term Insurance,2021-07-05 00:00:00.000000,266659
RM0057,Fixed Deposit,2020-04-03 00:00:00.000000,19933
RM0104,Credit Card,2022-06-04 00:00:00.000000,123535
RM0086,Saving Account,2022-02-25 00:00:00.000000,245151
RM0152,Mutual Funds,2025-07-02 00:00:00.000000,34207
RM0230,Mutual Funds,2024-10-25 10:32:43.385651,59854
RM0096,Term Insurance,2023-02-25 00:00:00.000000,85500
RM0032,Loan Against Property,2023-06-09 00:00:00.000000,34932
RM0128,Health Insurance,2025-04-09 00:00:00.000000,18825
RM0014,Gold Investment,2025-10-29 00:00:00.000000,38437
RM0152,Mutual Funds,2026-03-13 00:00:00.000000,83895
RM0117,Life Insurance,2026-02-10 00:00:00.000000,85880
RM0028,Recurring Deposit,2023-05-26 00:00:00.000000,23103
RM0016,Loan Against Property,2021-08-07 00:00:00.000000,19616
RM0024,Term Insurance,2019-02-12 00:00:00.000000,136638
RM0145,Fixed Deposit,2026-01-24 00:00:00.000000,12249
RM0066,ULIP,2026-03-27 00:00:00.000000,76351
RM0060,ULIP,2019-08-08 00:00:00.000000,12376
RM0018,Current Account,2022-11-29 00:00:00.000000,100977
RM0180,Credit Card,2025-01-17 00:00:00.000000,127912
RM0022,Fixed Deposit,2020-03-20 00:00:00.000000,27649
RM0076,Health Insurance,2024-08-21 00:00:00.000000,13840
RM0051,Life Insurance,2019-05-29 00:00:00.000000,42762
RM0236,Fixed Deposit,2019-04-05 00:00:00.000000,27724
RM0162,Saving Account,2019-06-13 00:00:00.000000,36990
RM0234,Term Insurance,2026-06-24 00:00:00.000000,64679
RM0246,Credit Card,2020-02-27 00:00:00.000000,21775
RM0230,Mutual Funds,2021-11-07 00:00:00.000000,32076
RM0057,Mutual Funds,2022-06-30 00:00:00.000000,86292
RM0208,Mutual Funds,2019-06-23 00:00:00.000000,61607
RM0060,Credit Card,2019-07-10 00:00:00.000000,29746
RM0053,Health Insurance,2021-05-03 00:00:00.000000,64577
RM0172,Health Insurance,2024-10-23 00:00:00.000000,82475
RM0229,Loan Against Property,2024-05-27 00:00:00.000000,54883
RM0176,Health Insurance,2023-04-17 00:00:00.000000,23688
RM0195,Credit Card,2026-06-05 10:32:43.385692,10012
RM0164,Life Insurance,2020-09-06 00:00:00.000000,91189
RM0119,Current Account,2019-05-03 00:00:00.000000,96476
RM0072,Life Insurance,2021-03-03 00:00:00.000000,69800
RM0177,Health Insurance,2021-05-04 00:00:00.000000,13983
RM0062,Credit Card,2020-12-18 00:00:00.000000,54000
RM0075,Gold Investment,2021-03-23 00:00:00.000000,96024
RM0128,Gold Investment,2020-10-10 00:00:00.000000,34687
RM0050,Mutual Funds,2026-08-07 00:00:00.000000,21032
RM0042,Saving Account,2019-03-30 00:00:00.000000,54291
RM0245,Saving Account,2023-07-22 00:00:00.000000,97523
RM0002,Life Insurance,2023-01-02 00:00:00.000000,12505
RM0014,Current Account,2022-01-03 00:00:00.000000,55434
RM0138,Saving Account,2019-11-07 00:00:00.000000,61525
RM0062,Recurring Deposit,2019-08-08 00:00:00.000000,56111
RM0120,Term Insurance,2024-10-17 00:00:00.000000,62495
RM0234,ULIP,2020-01-07 00:00:00.000000,59898
RM0147,Credit Card,2024-10-09 00:00:00.000000,16986
RM0050,Recurring Deposit,2023-08-16 00:00:00.000000,23389
RM0245,Recurring Deposit,2021-03-05 00:00:00.000000,58247
RM0221,Credit Card,2024-11-02 10:32:43.385730,10892
RM0037,Saving Account,2025-08-04 10:32:43.385761,60357
RM0127,Current Account,2025-03-25 00:00:00.000000,64738
RM0002,Health Insurance,2025-11-11 00:00:00.000000,21257
RM0117,Fixed Deposit,2023-11-16 00:00:00.000000,23667
RM0118,Credit Card,2023-03-03 00:00:00.000000,55581
RM0028,Life Insurance,2025-09-26 00:00:00.000000,48188
RM0009,Gold Investment,2025-05-24 00:00:00.000000,25102
RM0078,Mutual Funds,2021-04-02 00:00:00.000000,41085
RM0192,Fixed Deposit,2025-08-26 00:00:00.000000,130189
RM0216,ULIP,2019-01-23 00:00:00.000000,37808
RM0047,Loan Against Property,2025-12-29 00:00:00.000000,59691
RM0097,Health Insurance,2025-02-20 00:00:00.000000,11799
RM0100,Saving Account,2022-11-09 00:00:00.000000,14049
RM0027,ULIP,2025-12-05 10:32:43.385799,14240
RM0137,Gold Investment,2026-04-15 00:00:00.000000,85308
RM0230,Health Insurance,2022-06-01 00:00:00.000000,31558
RM0058,Term Insurance,2019-05-23 00:00:00.000000,22913
RM0140,Term Insurance,2019-01-26 00:00:00.000000,78782
RM0139,Mutual Funds,2020-10-24 00:00:00.000000,19314
RM0196,Current Account,2023-02-02 00:00:00.000000,24150
RM0098,Mutual Funds,2020-11-21 00:00:00.000000,38187
RM0217,Loan Against Property,2020-08-15 00:00:00.000000,30131
RM0204,Term Insurance,2026-06-07 00:00:00.000000,54021
RM0167,Health Insurance,2026-05-10 00:00:00.000000,30612
RM0051,Recurring Deposit,2020-05-09 00:00:00.000000,34957
RM0248,ULIP,2026-01-07 00:00:00.000000,109347
RM0043,Gold Investment,2026-04-06 00:00:00.000000,117937
RM0097,Recurring Deposit,2021-12-08 00:00:00.000000,97929
RM0096,Term Insurance,2022-10-17 00:00:00.000000,46051
RM0206,Recurring Deposit,2024-06-24 00:00:00.000000,110061
RM0015,Gold Investment,2024-08-21 00:00:00.000000,52166
RM0100,Current Account,2026-06-26 00:00:00.000000,61955
RM0096,Life Insurance,2025-12-24 00:00:00.000000,50728
RM0237,Current Account,2020-10-17 00:00:00.000000,86992
RM0200,Life Insurance,2025-08-23 00:00:00.000000,50036
RM0172,Health Insurance,2019-01-13 00:00:00.000000,15887
RM0150,Credit Card,2022-02-07 00:00:00.000000,92926
RM0160,Current Account,2023-06-18 00:00:00.000000,81477
RM0228,Credit Card,2021-10-19 00:00:00.000000,95823
RM0218,Credit Card,2021-05-26 00:00:00.000000,20562
RM0036,Saving Account,2023-11-23 00:00:00.000000,25846
RM0025,ULIP,2023-01-15 00:00:00.000000,27531
RM0049,Fixed Deposit,2023-10-22 00:00:00.000000,45472
RM0228,Health Insurance,2025-11-25 10:32:43.385848,17186
RM0083,Saving Account,2024-04-21 00:00:00.000000,34337
RM0171,Health Insurance,2019-08-17 00:00:00.000000,20054
RM0172,Term Insurance,2024-01-28 00:00:00.000000,25378
RM0243,Current Account,2021-02-03 00:00:00.000000,71274
RM0127,Mutual Funds,2024-02-28 00:00:00.000000,106486
RM0141,Term Insurance,2019-12-03 00:00:00.000000,11158
RM0218,Health Insurance,2024-08-30 00:00:00.000000,51723
RM0131,Gold Investment,2026-08-01 00:00:00.000000,11836
RM0236,Recurring Deposit,2020-07-15 00:00:00.000000,14455
RM0166,Health Insurance,2023-02-19 00:00:00.000000,71053
RM0108,Gold Investment,2022-10-31 00:00:00.000000,76516
RM0249,Current Account,2020-01-29 00:00:00.000000,94095
RM0099,Recurring Deposit,2021-10-08 00:00:00.000000,42145
RM0016,Current Account,2019-09-12 00:00:00.000000,108236
RM0183,Gold Investment,2019-06-26 00:00:00.000000,19126
RM0015,Recurring Deposit,2022-12-19 00:00:00.000000,24365
RM0003,Life Insurance,2020-01-04 00:00:00.000000,17222
RM0043,Life Insurance,2022-02-02 00:00:00.000000,89859
RM0038,Mutual Funds,2019-07-05 00:00:00.000000,22982
RM0192,Mutual Funds,2024-04-10 00:00:00.000000,18451
RM0075,Fixed Deposit,2022-11-06 00:00:00.000000,58790
RM0176,Mutual Funds,2019-04-25 00:00:00.000000,14010
RM0006,Loan Against Property,2026-07-30 00:00:00.000000,12296
RM0022,ULIP,2024-03-31 00:00:00.000000,15642
RM0203,Fixed Deposit,2022-05-19 00:00:00.000000,10012
RM0195,Term Insurance,2024-09-19 00:00:00.000000,69699
RM0206,Credit Card,2020-03-29 00:00:00.000000,51303
RM0230,Gold Investment,2026-03-20 00:00:00.000000,21778
RM0220,Loan Against Property,2023-06-29 00:00:00.000000,23263
RM0192,Loan Against Property,2024-04-29 00:00:00.000000,93292
RM0130,Gold Investment,2022-10-10 00:00:00.000000,44839
RM0241,Loan Against Property,2024-06-28 00:00:00.000000,69953
RM0221,Term Insurance,2025-12-04 00:00:00.000000,40142
RM0240,Fixed Deposit,2022-02-24 00:00:00.000000,23571
RM0095,Saving Account,2024-10-23 10:32:43.385892,186003
RM0181,Life Insurance,2024-06-07 00:00:00.000000,51694
RM0154,Credit Card,2020-08-03 00:00:00.000000,17019
RM0030,Recurring Deposit,2025-08-24 00:00:00.000000,36051
RM0092,Fixed Deposit,2025-10-24 00:00:00.000000,29974
RM0099,Loan Against Property,2026-03-08 00:00:00.000000,22045
RM0170,ULIP,2025-02-20 00:00:00.000000,145482
RM0002,Fixed Deposit,2022-06-05 00:00:00.000000,116397
RM0221,Term Insurance,2024-09-15 00:00:00.000000,21103
RM0089,Saving Account,2019-09-30 00:00:00.000000,31704
RM0057,Current Account,2021-04-23 00:00:00.000000,81840
RM0207,Mutual Funds,2019-05-27 00:00:00.000000,21691
RM0125,Loan Against Property,2023-07-13 00:00:00.000000,54771
RM0228,Life Insurance,2025-12-09 00:00:00.000000,70164
RM0203,Health Insurance,2022-11-03 00:00:00.000000,63061
RM0202,Fixed Deposit,2025-05-19 00:00:00.000000,71278
RM0087,Mutual Funds,2025-03-29 00:00:00.000000,71327
RM0168,Current Account,2026-03-22 00:00:00.000000,177343
RM0110,ULIP,2024-02-23 00:00:00.000000,31270
RM0089,Mutual Funds,2021-02-13 00:00:00.000000,115429
RM0231,Life Insurance,2022-06-27 00:00:00.000000,29995
RM0094,Loan Against Property,2019-08-24 00:00:00.000000,11102
RM0122,Loan Against Property,2024-01-11 00:00:00.000000,26998
RM0033,Recurring Deposit,2023-04-19 00:00:00.000000,12493
RM0019,Saving Account,2025-09-14 00:00:00.000000,62663
RM0245,Loan Against Property,2025-10-04 00:00:00.000000,15311
RM0108,Mutual Funds,2024-09-08 10:32:43.385933,103445
RM0071,Life Insurance,2020-02-12 00:00:00.000000,62006
RM0233,Life Insurance,2026-03-19 00:00:00.000000,11461
RM0090,Fixed Deposit,2021-04-11 00:00:00.000000,72724
RM0001,Fixed Deposit,2019-10-16 00:00:00.000000,109037
RM0018,Term Insurance,2024-01-04 00:00:00.000000,64105
RM0134,Life Insurance,2025-03-17 00:00:00.000000,11549
RM0093,Health Insurance,2021-04-13 00:00:00.000000,107568
RM0136,Current Account,2023-01-16 00:00:00.000000,75925
RM0167,Recurring Deposit,2019-05-22 00:00:00.000000,33777
RM0233,Gold Investment,2019-04-09 00:00:00.000000,29921
RM0111,Term Insurance,2021-10-28 00:00:00.000000,42679
RM0060,ULIP,2023-03-21 00:00:00.000000,110908
RM0161,Recurring Deposit,2025-10-13 00:00:00.000000,24521
RM0173,Gold Investment,2023-11-24 00:00:00.000000,15321
RM0029,ULIP,2023-05-28 00:00:00.000000,109989
RM0177,Fixed Deposit,2019-09-05 00:00:00.000000,11332
RM0083,Current Account,2021-06-08 00:00:00.000000,130954
RM0132,Mutual Funds,2019-03-25 00:00:00.000000,28245
RM0218,Gold Investment,2020-09-06 00:00:00.000000,45486
RM0191,Life Insurance,2025-06-11 00:00:00.000000,17095
RM0138,Current Account,2019-12-26 00:00:00.000000,126269
RM0021,Gold Investment,2023-12-18 00:00:00.000000,79281
RM0205,Health Insurance,2021-07-10 00:00:00.000000,138953
RM0227,Recurring Deposit,2026-04-03 00:00:00.000000,88888888
RM0074,Term Insurance,2025-11-17 00:00:00.000000,67478
RM0167,Health Insurance,2022-04-26 00:00:00.000000,20209
RM0080,Life Insurance,2025-04-15 00:00:00.000000,28427
RM0090,Mutual Funds,2026-06-13 00:00:00.000000,43359
RM0044,Saving Account,2019-03-28 00:00:00.000000,56730
RM0224,Mutual Funds,2023-08-20 00:00:00.000000,140495
RM0019,Mutual Funds,2020-08-27 00:00:00.000000,34221
RM0040,Loan Against Property,2021-02-17 00:00:00.000000,70713
RM0182,Term Insurance,2019-01-15 00:00:00.000000,172221
RM0169,Mutual Funds,2025-02-10 00:00:00.000000,18265
RM0008,Loan Against Property,2020-11-21 00:00:00.000000,109282
RM0216,Credit Card,2023-03-25 00:00:00.000000,37297
RM0213,Fixed Deposit,2019-01-09 00:00:00.000000,75917
RM0179,ULIP,2024-04-12 00:00:00.000000,27374
RM0084,Recurring Deposit,2025-08-03 10:32:43.385979,30322
RM0042,Credit Card,2026-02-15 00:00:00.000000,11375
RM0054,Fixed Deposit,2022-03-10 00:00:00.000000,105244
RM0132,Loan Against Property,2022-04-18 00:00:00.000000,187724
RM0225,Term Insurance,2025-06-28 10:32:43.386017,93953
RM0097,Saving Account,2019-10-02 00:00:00.000000,14931
RM0091,Saving Account,2024-03-31 00:00:00.000000,390932
RM0107,ULIP,2019-05-13 00:00:00.000000,56446
RM0022,Gold Investment,2020-09-26 00:00:00.000000,106114
RM0132,ULIP,2020-06-26 00:00:00.000000,13449
RM0076,Loan Against Property,2023-04-28 00:00:00.000000,34669
RM0009,Recurring Deposit,2025-02-08 00:00:00.000000,65380
RM0135,Credit Card,2021-11-25 00:00:00.000000,15626
RM0130,Credit Card,2024-02-20 00:00:00.000000,43559
RM0062,Current Account,2021-04-26 00:00:00.000000,39230
RM0246,Health Insurance,2023-12-27 00:00:00.000000,22169
RM0003,Life Insurance,2025-04-12 00:00:00.000000,27853
RM0089,Term Insurance,2024-06-04 00:00:00.000000,26555
RM0237,Life Insurance,2020-08-13 00:00:00.000000,180742
RM0013,Current Account,2023-11-03 00:00:00.000000,27029
RM0137,Credit Card,2022-06-26 00:00:00.000000,22003
RM0008,Fixed Deposit,2023-11-01 00:00:00.000000,48416
RM0074,Health Insurance,2020-01-09 00:00:00.000000,65578
RM0225,Mutual Funds,2026-01-17 00:00:00.000000,74566
RM0192,Fixed Deposit,2021-06-04 00:00:00.000000,80171
RM0149,Mutual Funds,2024-10-12 00:00:00.000000,11876
RM0070,Recurring Deposit,2022-12-06 00:00:00.000000,35023
RM0211,Gold Investment,2021-10-22 00:00:00.000000,84351
RM0098,Credit Card,2022-10-24 00:00:00.000000,127616
RM0239,Gold Investment,2026-02-08 00:00:00.000000,56090
RM0149,Mutual Funds,2025-10-25 00:00:00.000000,12686
RM0223,Credit Card,2022-12-14 00:00:00.000000,35262
RM0085,Loan Against Property,2024-06-10 00:00:00.000000,13856
RM0140,Recurring Deposit,2023-07-01 00:00:00.000000,79023
RM0080,Health Insurance,2025-09-03 00:00:00.000000,13280
RM0216,Term Insurance,2025-01-23 10:32:43.386060,20273
RM0112,Mutual Funds,2020-11-17 00:00:00.000000,36974
RM0029,Recurring Deposit,2023-06-13 00:00:00.000000,41055
RM0163,Health Insurance,2025-05-18 10:32:43.386091,36084
RM0138,ULIP,2020-09-06 00:00:00.000000,41124
RM0242,Health Insurance,2022-04-03 00:00:00.000000,72455
RM0086,Term Insurance,2023-01-10 00:00:00.000000,33530
RM0104,Mutual Funds,2025-08-01 00:00:00.000000,33043
RM0232,Gold Investment,2026-04-12 00:00:00.000000,49676
RM0200,Recurring Deposit,2025-03-16 10:32:43.386123,28074
RM0056,Health Insurance,2025-05-07 10:32:43.386153,31818
RM0030,Saving Account,2019-02-13 00:00:00.000000,57569
RM0012,Fixed Deposit,2025-07-02 00:00:00.000000,160241
RM0045,Term Insurance,2024-10-03 00:00:00.000000,43715
RM0192,Gold Investment,2024-07-13 00:00:00.000000,88888888
RM0073,Term Insurance,2025-07-02 00:00:00.000000,74193
RM0002,Term Insurance,2025-05-14 00:00:00.000000,51110
RM0202,Current Account,2021-06-27 00:00:00.000000,91373
RM0161,Fixed Deposit,2021-01-20 00:00:00.000000,39296
RM0049,Life Insurance,2026-02-12 00:00:00.000000,26915
RM0194,Recurring Deposit,2022-04-03 00:00:00.000000,43768
RM0207,Fixed Deposit,2024-01-17 00:00:00.000000,65428
RM0101,Health Insurance,2019-11-06 00:00:00.000000,22502
RM0209,Health Insurance,2021-06-18 00:00:00.000000,34382
RM0037,Term Insurance,2022-04-19 00:00:00.000000,59020
RM0040,Gold Investment,2026-07-21 10:32:43.386188,11465
RM0200,Life Insurance,2025-08-10 10:32:43.386218,38721
RM0192,Gold Investment,2024-12-06 00:00:00.000000,55670
RM0005,Mutual Funds,2021-08-13 00:00:00.000000,181134
RM0172,Life Insurance,2019-08-18 00:00:00.000000,114785
RM0153,Current Account,2020-11-13 00:00:00.000000,26476
RM0091,ULIP,2026-07-19 00:00:00.000000,45383
RM0160,Credit Card,2023-01-11 00:00:00.000000,12903
RM0059,Current Account,2024-11-29 10:32:43.386264,23771
RM0074,Gold Investment,2019-02-20 00:00:00.000000,84550
RM0162,Current Account,2022-05-20 00:00:00.000000,16580
RM0193,Health Insurance,2022-01-16 00:00:00.000000,24899
RM0044,Mutual Funds,2026-06-11 00:00:00.000000,154158
RM0025,ULIP,2025-12-22 00:00:00.000000,96822
RM0033,Mutual Funds,2021-06-04 00:00:00.000000,86123
RM0139,Saving Account,2023-10-18 00:00:00.000000,109960
RM0205,ULIP,2023-09-04 00:00:00.000000,79235
RM0017,Term Insurance,2023-04-16 00:00:00.000000,16424
RM0131,Mutual Funds,2021-07-16 00:00:00.000000,46341
RM0115,Recurring Deposit,2022-09-18 00:00:00.000000,39371
RM0142,Life Insurance,2022-09-14 00:00:00.000000,28636
RM0049,Gold Investment,2020-12-11 00:00:00.000000,99800
RM0060,Current Account,2026-01-15 10:32:43.386301,41194
RM0094,Health Insurance,2020-08-26 00:00:00.000000,13109
RM0215,Loan Against Property,2021-06-18 00:00:00.000000,26076
RM0150,Health Insurance,2026-03-03 10:32:43.386332,22978
RM0133,Life Insurance,2023-02-02 00:00:00.000000,119230
RM0126,Fixed Deposit,2024-09-24 00:00:00.000000,62126
RM0047,ULIP,2026-06-09 00:00:00.000000,51091
RM0077,Mutual Funds,2019-03-04 00:00:00.000000,45326
RM0059,Current Account,2020-06-12 00:00:00.000000,62507
RM0144,ULIP,2024-05-10 00:00:00.000000,80299
RM0133,Health Insurance,2025-04-04 00:00:00.000000,50414
RM0250,Life Insurance,2024-02-18 00:00:00.000000,149261
RM0009,Gold Investment,2019-03-20 00:00:00.000000,198253
RM0083,Recurring Deposit,2025-07-25 00:00:00.000000,278461
RM0068,Life Insurance,2019-08-18 00:00:00.000000,65340
RM0159,ULIP,2020-10-27 00:00:00.000000,144870
RM0224,ULIP,2019-12-23 00:00:00.000000,35915
RM0241,Term Insurance,2025-08-13 00:00:00.000000,108160
RM0016,Life Insurance,2024-06-24 00:00:00.000000,129940
RM0102,Saving Account,2026-05-13 00:00:00.000000,127243
RM0237,Health Insurance,2020-08-05 00:00:00.000000,98847
RM0168,Mutual Funds,2020-02-02 00:00:00.000000,36094
RM0142,Life Insurance,2025-06-12 00:00:00.000000,18652
RM0192,Fixed Deposit,2019-09-07 00:00:00.000000,30320
RM0090,Health Insurance,2022-05-04 00:00:00.000000,82897
RM0052,Credit Card,2020-11-21 00:00:00.000000,23255
RM0065,Life Insurance,2022-09-24 00:00:00.000000,42530
RM0107,Credit Card,2022-11-04 00:00:00.000000,51666
RM0094,ULIP,2024-12-12 00:00:00.000000,56299
RM0207,ULIP,2021-09-21 00:00:00.000000,147229
RM0164,Life Insurance,2026-07-09 10:32:43.386371,64160
RM0040,Saving Account,2025-09-28 00:00:00.000000,87158
RM0222,Current Account,2021-12-24 00:00:00.000000,53599
RM0233,Mutual Funds,2022-11-25 00:00:00.000000,99662
RM0006,Loan Against Property,2022-01-04 00:00:00.000000,25303
RM0142,Gold Investment,2023-05-07 00:00:00.000000,21778
RM0161,Saving Account,2025-02-14 00:00:00.000000,140401
RM0217,Loan Against Property,2025-12-20 00:00:00.000000,69123
RM0244,Loan Against Property,2021-05-19 00:00:00.000000,65664
RM0159,Saving Account,2022-06-01 00:00:00.000000,41489
RM0151,Life Insurance,2025-02-16 00:00:00.000000,41138
RM0143,Loan Against Property,2023-09-22 00:00:00.000000,33636
RM0243,Mutual Funds,2025-08-07 10:32:43.386406,50561
RM0164,Current Account,2019-06-19 00:00:00.000000,16423
RM0017,Gold Investment,2023-09-29 00:00:00.000000,40322
RM0030,Saving Account,2020-04-30 00:00:00.000000,40382
RM0015,Mutual Funds,2020-10-27 00:00:00.000000,48645
RM0035,Gold Investment,2026-01-22 00:00:00.000000,60349
RM0167,ULIP,2021-04-15 00:00:00.000000,25869
RM0162,Life Insurance,2025-07-23 00:00:00.000000,167699
RM0211,Recurring Deposit,2024-01-22 00:00:00.000000,62801
RM0055,Mutual Funds,2025-04-29 00:00:00.000000,117589
RM0018,ULIP,2020-05-10 00:00:00.000000,50630
RM0071,ULIP,2021-09-16 00:00:00.000000,59299
RM0041,Life Insurance,2023-12-18 00:00:00.000000,13619
RM0248,ULIP,2020-10-02 00:00:00.000000,17151
RM0192,Fixed Deposit,2019-07-04 00:00:00.000000,53335
RM0115,Current Account,2022-12-26 00:00:00.000000,35185
RM0170,Current Account,2021-11-19 00:00:00.000000,90175
RM0062,ULIP,2023-06-24 00:00:00.000000,49173
RM0024,Fixed Deposit,2026-07-21 00:00:00.000000,116977
RM0117,Mutual Funds,2023-01-24 00:00:00.000000,189373
RM0239,ULIP,2026-07-13 00:00:00.000000,17987
RM0048,Health Insurance,2024-08-14 00:00:00.000000,35112
RM0157,ULIP,2019-12-05 00:00:00.000000,64678
RM0101,Mutual Funds,2021-08-27 00:00:00.000000,28227
RM0187,Fixed Deposit,2025-02-21 00:00:00.000000,25532
RM0234,Credit Card,2023-10-02 00:00:00.000000,94030
RM0064,Health Insurance,2022-04-11 00:00:00.000000,206556
RM0242,Loan Against Property,2020-04-19 00:00:00.000000,84317
RM0139,Loan Against Property,2019-03-20 00:00:00.000000,47082
RM0192,Saving Account,2022-05-19 00:00:00.000000,39215
RM0138,Saving Account,2019-07-08 00:00:00.000000,48788
RM0112,Mutual Funds,2024-05-23 00:00:00.000000,41072
RM0150,Saving Account,2025-05-23 10:32:43.386448,44947
RM0050,Fixed Deposit,2022-03-16 00:00:00.000000,21373
RM0134,ULIP,2020-07-14 00:00:00.000000,127036
RM0209,Fixed Deposit,2019-10-30 00:00:00.000000,80230
RM0015,Saving Account,2022-01-12 00:00:00.000000,67124
RM0077,ULIP,2022-06-20 00:00:00.000000,159711
RM0230,ULIP,2023-02-15 00:00:00.000000,26731
RM0058,Loan Against Property,2022-03-26 00:00:00.000000,14232
RM0214,Credit Card,2025-04-10 00:00:00.000000,97474
RM0241,Health Insurance,2022-04-10 00:00:00.000000,24837
RM0213,Credit Card,2019-08-26 00:00:00.000000,332420
RM0013,Current Account,2021-07-04 00:00:00.000000,53188
RM0131,Health Insurance,2019-07-16 00:00:00.000000,13030
RM0233,Current Account,2020-10-25 00:00:00.000000,85812
RM0150,Fixed Deposit,2019-02-27 00:00:00.000000,122919
RM0243,Saving Account,2021-04-12 00:00:00.000000,13830
RM0197,Gold Investment,2020-10-29 00:00:00.000000,48827
RM0112,Current Account,2020-05-07 00:00:00.000000,88888888
RM0216,Fixed Deposit,2019-11-27 00:00:00.000000,26254
RM0034,Fixed Deposit,2024-10-31 00:00:00.000000,133270
RM0190,Health Insurance,2022-05-23 00:00:00.000000,40013
RM0084,Health Insurance,2025-11-14 00:00:00.000000,124366
RM0089,Life Insurance,2022-08-21 00:00:00.000000,27768
RM0045,ULIP,2025-08-01 00:00:00.000000,34499
RM0108,Term Insurance,2021-04-23 00:00:00.000000,156985
RM0066,Loan Against Property,2020-07-23 00:00:00.000000,21239
RM0124,Credit Card,2020-08-24 00:00:00.000000,45270
RM0183,Gold Investment,2024-10-02 10:32:43.386488,53196
RM0121,Recurring Deposit,2019-10-16 00:00:00.000000,34592
RM0189,Fixed Deposit,2026-01-02 00:00:00.000000,84397
RM0109,Recurring Deposit,2023-09-18 00:00:00.000000,16922
RM0155,Health Insurance,2025-06-24 00:00:00.000000,38742
RM0210,Saving Account,2019-07-07 00:00:00.000000,70021
RM0144,Health Insurance,2025-07-24 00:00:00.000000,36129
RM0027,Mutual Funds,2025-04-08 10:32:43.386520,13015
RM0160,Health Insurance,2021-01-23 00:00:00.000000,71058
RM0229,Saving Account,2020-12-14 00:00:00.000000,44978
RM0212,Health Insurance,2024-04-12 00:00:00.000000,10568
RM0076,Current Account,2020-06-23 00:00:00.000000,57422
RM0129,Life Insurance,2023-03-17 00:00:00.000000,136212
RM0001,Gold Investment,2022-04-14 00:00:00.000000,88888888
RM0205,Term Insurance,2025-06-29 00:00:00.000000,15884
RM0090,Health Insurance,2023-12-03 00:00:00.000000,54661
RM0123,Credit Card,2022-09-25 00:00:00.000000,75220
RM0070,Current Account,2022-07-03 00:00:00.000000,13670
RM0080,ULIP,2021-07-09 00:00:00.000000,72917
RM0058,Gold Investment,2020-07-08 00:00:00.000000,11143
RM0239,Term Insurance,2022-10-02 00:00:00.000000,41199
RM0003,Recurring Deposit,2019-02-24 00:00:00.000000,88315
RM0151,Fixed Deposit,2025-04-13 00:00:00.000000,18760
RM0216,Fixed Deposit,2025-10-29 00:00:00.000000,100589
RM0025,Recurring Deposit,2019-08-02 00:00:00.000000,63439
RM0030,Life Insurance,2023-09-12 00:00:00.000000,30186
RM0089,Fixed Deposit,2022-07-22 00:00:00.000000,46265
RM0105,Health Insurance,2026-06-08 00:00:00.000000,178448
RM0121,Gold Investment,2023-09-20 00:00:00.000000,22195
RM0190,Current Account,2021-07-18 00:00:00.000000,44610
RM0171,Health Insurance,2025-01-08 10:32:43.386559,58973
RM0210,Current Account,2019-11-10 00:00:00.000000,17425
RM0077,Mutual Funds,2021-01-03 00:00:00.000000,12224
RM0116,Mutual Funds,2020-01-08 00:00:00.000000,10677
RM0121,Life Insurance,2024-03-31 00:00:00.000000,29629
RM0012,Credit Card,2024-04-30 00:00:00.000000,13841
RM0219,Credit Card,2025-06-16 00:00:00.000000,91423
RM0176,Life Insurance,2021-10-16 00:00:00.000000,306088
RM0166,Gold Investment,2020-04-15 00:00:00.000000,13163
RM0092,ULIP,2022-04-18 00:00:00.000000,38345
RM0226,Loan Against Property,2025-01-24 10:32:43.386592,564129
RM0140,Health Insurance,2021-10-29 00:00:00.000000,11303
RM0048,Gold Investment,2021-07-31 00:00:00.000000,17192
RM0008,Gold Investment,2022-04-08 00:00:00.000000,29498
RM0075,ULIP,2019-04-05 00:00:00.000000,35018
RM0103,Recurring Deposit,2021-10-31 00:00:00.000000,150489
RM0199,Term Insurance,2021-01-23 00:00:00.000000,8545
RM0163,Term Insurance,2024-02-06 00:00:00.000000,35195
RM0025,Current Account,2022-07-11 00:00:00.000000,44286
RM0207,Loan Against Property,2024-11-20 00:00:00.000000,24090
RM0237,Loan Against Property,2022-08-06 00:00:00.000000,10006
RM0194,Loan Against Property,2019-09-24 00:00:00.000000,124797
RM0099,Saving Account,2024-10-28 00:00:00.000000,14262
RM0154,Gold Investment,2024-05-17 00:00:00.000000,176558
RM0188,Credit Card,2023-04-05 00:00:00.000000,17011
RM0006,ULIP,2024-03-04 00:00:00.000000,56428
RM0155,Fixed Deposit,2025-03-29 00:00:00.000000,381819
RM0056,Mutual Funds,2021-09-21 00:00:00.000000,17451
RM0177,Credit Card,2020-07-01 00:00:00.000000,37577
RM0055,Credit Card,2021-02-04 00:00:00.000000,85802
RM0235,Current Account,2026-04-27 00:00:00.000000,11635
RM0069,Recurring Deposit,2021-12-30 00:00:00.000000,68524
RM0138,Current Account,2025-10-29 00:00:00.000000,14189
RM0042,Recurring Deposit,2022-02-08 00:00:00.000000,23493
RM0204,Credit Card,2020-02-11 00:00:00.000000,18722
RM0162,Fixed Deposit,2022-07-03 00:00:00.000000,128938
RM0202,Term Insurance,2020-02-23 00:00:00.000000,19950
RM0186,Current Account,2021-08-16 00:00:00.000000,12063
RM0098,Credit Card,2024-11-25 10:32:43.386632,54291
RM0210,Fixed Deposit,2019-06-23 00:00:00.000000,31246
RM0071,Life Insurance,2026-07-23 00:00:00.000000,36019
RM0139,Recurring Deposit,2020-03-06 00:00:00.000000,16338
RM0053,ULIP,2019-07-25 00:00:00.000000,78962
RM0056,Current Account,2023-01-06 00:00:00.000000,56009
RM0016,Mutual Funds,2020-12-12 00:00:00.000000,32644
RM0232,Mutual Funds,2020-10-13 00:00:00.000000,19411
RM0018,Gold Investment,2022-05-04 00:00:00.000000,55002
RM0206,Saving Account,2024-02-05 00:00:00.000000,85388
RM0072,Current Account,2022-12-19 00:00:00.000000,28727
RM0116,Health Insurance,2025-10-29 00:00:00.000000,34717
RM0237,Health Insurance,2019-04-10 00:00:00.000000,6021
RM0073,Current Account,2025-05-23 00:00:00.000000,11310
RM0158,Term Insurance,2020-07-30 00:00:00.000000,22061
RM0034,Credit Card,2020-01-27 00:00:00.000000,67347
RM0033,Fixed Deposit,2020-03-05 00:00:00.000000,235933
RM0133,Saving Account,2020-04-13 00:00:00.000000,10673
RM0210,ULIP,2019-07-14 00:00:00.000000,28275
RM0061,Mutual Funds,2025-12-10 00:00:00.000000,13201
RM0048,Life Insurance,2021-07-22 00:00:00.000000,29015
RM0194,Loan Against Property,2023-10-02 00:00:00.000000,36036
RM0065,Recurring Deposit,2024-03-15 00:00:00.000000,136828
RM0138,Life Insurance,2026-04-21 00:00:00.000000,14199
RM0154,Loan Against Property,2022-07-03 00:00:00.000000,85059
RM0125,Current Account,2024-04-04 00:00:00.000000,88888888
RM0220,Loan Against Property,2019-09-16 00:00:00.000000,35170
RM0204,Saving Account,2026-05-09 00:00:00.000000,93369
RM0186,Mutual Funds,2024-04-25 00:00:00.000000,46015
RM0041,Current Account,2024-01-16 00:00:00.000000,12003
RM0233,Mutual Funds,2025-07-12 10:32:43.386674,156129
RM0117,Term Insurance,2026-02-02 00:00:00.000000,14317
RM0020,Health Insurance,2019-01-23 00:00:00.000000,55525
RM0195,Life Insurance,2022-02-17 00:00:00.000000,115050
RM0242,Recurring Deposit,2021-06-08 00:00:00.000000,14156
RM0223,Saving Account,2025-03-28 00:00:00.000000,50359
RM0016,Current Account,2024-02-14 00:00:00.000000,96945
RM0112,Saving Account,2019-08-23 00:00:00.000000,224608
RM0215,ULIP,2023-09-22 00:00:00.000000,74427
RM0168,Mutual Funds,2023-11-03 00:00:00.000000,26309
RM0170,Loan Against Property,2024-09-13 10:32:43.386708,70127
RM0083,Health Insurance,2025-01-15 00:00:00.000000,88888888
RM0163,Health Insurance,2020-11-16 00:00:00.000000,71169
RM0005,Life Insurance,2021-10-24 00:00:00.000000,70192
RM0212,Fixed Deposit,2023-08-12 00:00:00.000000,106296
RM0059,Term Insurance,2022-10-28 00:00:00.000000,14571
RM0062,Loan Against Property,2025-08-09 00:00:00.000000,15737
RM0061,Health Insurance,2019-07-10 00:00:00.000000,61168
RM0147,Credit Card,2025-12-13 00:00:00.000000,163826
RM0189,Loan Against Property,2024-02-11 00:00:00.000000,41352
RM0072,Mutual Funds,2024-02-19 00:00:00.000000,171652
RM0112,Term Insurance,2024-07-25 00:00:00.000000,149099
RM0161,Credit Card,2020-04-25 00:00:00.000000,126605
RM0115,Gold Investment,2021-10-11 00:00:00.000000,130314
RM0125,Health Insurance,2020-12-16 00:00:00.000000,22260
RM0053,Health Insurance,2022-11-16 00:00:00.000000,124295
RM0015,Health Insurance,2024-01-13 00:00:00.000000,95709
RM0217,Term Insurance,2025-07-11 00:00:00.000000,69368
RM0236,Gold Investment,2022-09-24 00:00:00.000000,11235
RM0150,Loan Against Property,2019-12-14 00:00:00.000000,17092
RM0092,Credit Card,2025-02-16 00:00:00.000000,17206
RM0158,Health Insurance,2025-03-22 00:00:00.000000,11191
RM0189,Health Insurance,2024-12-12 00:00:00.000000,16204
RM0224,Health Insurance,2022-08-12 00:00:00.000000,136128
RM0056,Loan Against Property,2021-06-18 00:00:00.000000,64503
RM0065,Saving Account,2026-08-02 10:32:43.386748,28703
RM0021,Health Insurance,2019-09-07 00:00:00.000000,88838
RM0082,Mutual Funds,2022-06-15 00:00:00.000000,43507
RM0107,ULIP,2023-09-21 00:00:00.000000,17664
RM0196,ULIP,2019-10-13 00:00:00.000000,117925
RM0128,ULIP,2022-08-13 00:00:00.000000,30674
RM0210,Credit Card,2020-08-26 00:00:00.000000,70008
RM0173,Loan Against Property,2019-05-29 00:00:00.000000,27166
RM0147,Gold Investment,2026-04-15 00:00:00.000000,44664
RM0177,Health Insurance,2019-02-06 00:00:00.000000,94709
RM0205,Term Insurance,2026-03-17 00:00:00.000000,8341
RM0103,Term Insurance,2022-04-11 00:00:00.000000,18526
RM0142,Mutual Funds,2024-08-27 00:00:00.000000,199162
RM0045,ULIP,2020-11-13 00:00:00.000000,13640
RM0090,Current Account,2023-06-28 00:00:00.000000,48179
RM0006,Gold Investment,2019-02-22 00:00:00.000000,133862
RM0035,Health Insurance,2026-03-17 00:00:00.000000,155655
RM0032,Loan Against Property,2026-01-05 00:00:00.000000,23205
RM0098,Life Insurance,2019-09-08 00:00:00.000000,17773
RM0179,Recurring Deposit,2019-09-04 00:00:00.000000,74440
RM0228,Mutual Funds,2024-03-30 00:00:00.000000,12143
RM0195,Mutual Funds,2024-12-20 00:00:00.000000,43202
RM0160,Saving Account,2021-07-16 00:00:00.000000,89568
RM0174,Term Insurance,2019-01-23 00:00:00.000000,51077
RM0128,Health Insurance,2020-02-05 00:00:00.000000,20413
RM0240,Recurring Deposit,2022-05-16 00:00:00.000000,43378
RM0173,Fixed Deposit,2024-06-23 00:00:00.000000,137089
RM0083,Mutual Funds,2021-08-14 00:00:00.000000,58013
RM0141,Recurring Deposit,2020-02-22 00:00:00.000000,73915
RM0050,ULIP,2026-01-06 00:00:00.000000,30493
RM0250,Health Insurance,2024-03-02 00:00:00.000000,20442
RM0066,ULIP,2025-07-16 00:00:00.000000,24761
RM0042,ULIP,2019-09-12 00:00:00.000000,48090
RM0139,Health Insurance,2022-07-08 00:00:00.000000,26440
RM0042,Term Insurance,2020-05-22 00:00:00.000000,49040
RM0168,Recurring Deposit,2020-04-09 00:00:00.000000,71514
RM0213,Mutual Funds,2025-07-02 00:00:00.000000,76287
RM0028,Health Insurance,2026-07-24 00:00:00.000000,18997
RM0126,Loan Against Property,2019-11-08 00:00:00.000000,449702
RM0223,Mutual Funds,2021-02-08 00:00:00.000000,79400
RM0070,Loan Against Property,2020-12-24 00:00:00.000000,65842
RM0039,Saving Account,2022-01-28 00:00:00.000000,10603
RM0189,Loan Against Property,2024-02-29 00:00:00.000000,13033
RM0025,Health Insurance,2019-05-28 00:00:00.000000,61958
RM0115,ULIP,2025-04-05 00:00:00.000000,34201
RM0198,Health Insurance,2020-03-16 00:00:00.000000,17897
RM0102,Mutual Funds,2024-02-26 00:00:00.000000,12270
RM0017,Saving Account,2026-02-23 00:00:00.000000,18681
RM0076,Fixed Deposit,2019-06-07 00:00:00.000000,167928
RM0056,Saving Account,2025-06-02 00:00:00.000000,75017
RM0110,Fixed Deposit,2021-03-31 00:00:00.000000,47507
RM0141,Health Insurance,2020-09-30 00:00:00.000000,151971
RM0025,Loan Against Property,2025-07-14 10:32:43.386797,58262
RM0013,Credit Card,2022-01-31 00:00:00.000000,74666
RM0066,Gold Investment,2022-03-11 00:00:00.000000,26609
RM0121,Health Insurance,2024-12-17 10:32:43.386829,54455
RM0201,Gold Investment,2023-12-23 00:00:00.000000,17743
RM0193,Fixed Deposit,2024-10-06 10:32:43.386859,35916
RM0205,Current Account,2023-02-01 00:00:00.000000,11690
RM0020,Health Insurance,2022-05-14 00:00:00.000000,22207
RM0083,Mutual Funds,2020-05-22 00:00:00.000000,13890
RM0129,Life Insurance,2021-12-12 00:00:00.000000,34533
RM0064,Saving Account,2025-09-02 00:00:00.000000,102586
RM0025,Loan Against Property,2022-03-28 00:00:00.000000,33735
RM0221,Gold Investment,2022-09-03 00:00:00.000000,48387
RM0002,Gold Investment,2021-03-29 00:00:00.000000,99082
RM0005,Gold Investment,2025-12-12 10:32:43.386892,63428
RM0207,Credit Card,2020-03-06 00:00:00.000000,45619
RM0015,Credit Card,2026-01-18 00:00:00.000000,23517
RM0076,Saving Account,2024-07-11 00:00:00.000000,137652
RM0214,Life Insurance,2025-07-31 00:00:00.000000,12786
RM0099,Gold Investment,2024-05-04 00:00:00.000000,68384
RM0149,Credit Card,2022-10-26 00:00:00.000000,58542
RM0087,Fixed Deposit,2019-03-14 00:00:00.000000,39084
RM0249,Current Account,2026-01-20 00:00:00.000000,23742
RM0057,Life Insurance,2022-12-22 00:00:00.000000,38167
RM0117,Gold Investment,2025-10-03 00:00:00.000000,113089
RM0136,Gold Investment,2025-06-15 00:00:00.000000,100628
RM0121,Fixed Deposit,2025-07-06 00:00:00.000000,151835
RM0106,Mutual Funds,2020-04-17 00:00:00.000000,28393
RM0114,Loan Against Property,2019-02-15 00:00:00.000000,34478
RM0022,Mutual Funds,2025-12-18 00:00:00.000000,10945
RM0239,Mutual Funds,2023-09-16 00:00:00.000000,153191
RM0208,Fixed Deposit,2026-06-13 10:32:43.386928,29978
RM0163,Fixed Deposit,2025-04-08 00:00:00.000000,35889
RM0054,Recurring Deposit,2026-05-08 00:00:00.000000,129192
RM0040,Credit Card,2026-06-10 10:32:43.386958,47390
RM0232,Life Insurance,2024-07-09 00:00:00.000000,51755
RM0058,Credit Card,2023-01-16 00:00:00.000000,19693
RM0063,Life Insurance,2022-01-30 00:00:00.000000,44523
RM0051,Credit Card,2022-04-14 00:00:00.000000,135179
RM0075,Saving Account,2021-12-15 00:00:00.000000,50903
RM0022,Term Insurance,2024-05-04 00:00:00.000000,24726
RM0231,Health Insurance,2019-07-07 00:00:00.000000,11583
RM0071,Saving Account,2022-11-28 00:00:00.000000,30496
RM0066,ULIP,2026-04-13 00:00:00.000000,52500
RM0141,Loan Against Property,2023-07-08 00:00:00.000000,12177
RM0162,Fixed Deposit,2020-12-27 00:00:00.000000,57053
RM0153,Mutual Funds,2020-01-10 00:00:00.000000,47055
RM0127,Current Account,2025-04-24 00:00:00.000000,86493
RM0179,Current Account,2024-01-18 00:00:00.000000,11465
RM0195,Gold Investment,2023-10-09 00:00:00.000000,85899
RM0202,Saving Account,2020-10-10 00:00:00.000000,46789
RM0133,Mutual Funds,2020-07-06 00:00:00.000000,33143
RM0217,Gold Investment,2022-05-27 00:00:00.000000,32586
RM0137,Mutual Funds,2025-11-12 00:00:00.000000,178170
RM0074,Gold Investment,2022-05-20 00:00:00.000000,18724
RM0173,Credit Card,2023-04-12 00:00:00.000000,48970
RM0172,Term Insurance,2026-05-05 00:00:00.000000,29355
RM0095,Fixed Deposit,2020-12-03 00:00:00.000000,47484
RM0157,Life Insurance,2022-01-07 00:00:00.000000,50178
RM0179,Life Insurance,2019-05-05 00:00:00.000000,88888888
RM0250,Saving Account,2023-09-07 00:00:00.000000,14685
RM0230,Life Insurance,2025-07-05 00:00:00.000000,64107
RM0151,Life Insurance,2020-08-03 00:00:00.000000,60321
RM0036,Recurring Deposit,2023-03-05 00:00:00.000000,83368
RM0099,Current Account,2021-12-04 00:00:00.000000,14751
RM0091,Fixed Deposit,2019-03-22 00:00:00.000000,27638
RM0060,Current Account,2025-01-15 10:32:43.387006,62506
RM0043,ULIP,2025-11-20 00:00:00.000000,17351
RM0166,Recurring Deposit,2026-03-13 00:00:00.000000,66597
RM0095,Gold Investment,2024-07-27 00:00:00.000000,13042
RM0146,Life Insurance,2023-06-29 00:00:00.000000,30393
RM0043,Term Insurance,2025-07-03 00:00:00.000000,103771
RM0118,Fixed Deposit,2021-01-01 00:00:00.000000,84425
RM0174,Health Insurance,2019-10-29 00:00:00.000000,61748
RM0144,Life Insurance,2022-07-25 00:00:00.000000,112187
RM0066,Fixed Deposit,2022-04-08 00:00:00.000000,71767
RM0078,Current Account,2019-09-28 00:00:00.000000,46633
RM0005,Life Insurance,2025-07-03 10:32:43.387042,204899
RM0110,Fixed Deposit,2025-11-06 00:00:00.000000,69348
RM0186,Term Insurance,2026-02-17 10:32:43.387073,55985
RM0135,Current Account,2023-07-25 00:00:00.000000,36286
RM0241,Fixed Deposit,2020-04-09 00:00:00.000000,126350
RM0230,Recurring Deposit,2025-06-25 00:00:00.000000,27528
RM0223,Credit Card,2023-03-20 00:00:00.000000,10463
RM0131,Credit Card,2024-02-20 00:00:00.000000,20953
RM0029,ULIP,2026-03-05 00:00:00.000000,15799
RM0009,Saving Account,2026-01-08 00:00:00.000000,29209
RM0079,Mutual Funds,2019-11-09 00:00:00.000000,97400
RM0170,Fixed Deposit,2019-09-23 00:00:00.000000,62710
RM0191,Gold Investment,2024-05-06 00:00:00.000000,19255
RM0160,Life Insurance,2025-09-29 00:00:00.000000,87752
RM0155,ULIP,2022-01-26 00:00:00.000000,45081
RM0106,Saving Account,2020-06-20 00:00:00.000000,45945
RM0217,Life Insurance,2020-10-10 00:00:00.000000,32479
RM0038,Recurring Deposit,2020-10-29 00:00:00.000000,109982
RM0062,Loan Against Property,2022-09-17 00:00:00.000000,29160
RM0190,Saving Account,2024-08-08 00:00:00.000000,14943
RM0122,Gold Investment,2019-07-01 00:00:00.000000,28029
RM0069,Gold Investment,2026-04-21 00:00:00.000000,65650
RM0115,Health Insurance,2024-07-19 00:00:00.000000,72825
RM0095,Loan Against Property,2020-06-15 00:00:00.000000,63586
RM0165,Health Insurance,2024-10-30 00:00:00.000000,20413
RM0187,Loan Against Property,2022-07-10 00:00:00.000000,15927
RM0134,Recurring Deposit,2024-03-03 00:00:00.000000,64067
RM0146,Current Account,2024-10-06 00:00:00.000000,66408
RM0005,Mutual Funds,2019-09-01 00:00:00.000000,32797
RM0022,Saving Account,2019-02-27 00:00:00.000000,102512
RM0102,ULIP,2019-07-04 00:00:00.000000,201304
RM0095,Current Account,2025-08-18 00:00:00.000000,27785
RM0095,Saving Account,2024-05-10 00:00:00.000000,21511
RM0207,Current Account,2020-08-06 00:00:00.000000,53027
RM0020,ULIP,2019-11-05 00:00:00.000000,10268
RM0126,Current Account,2021-01-26 00:00:00.000000,72423
RM0223,ULIP,2020-08-03 00:00:00.000000,36745
RM0222,Gold Investment,2022-07-15 00:00:00.000000,20738
RM0107,Life Insurance,2019-10-05 00:00:00.000000,41968
RM0083,Gold Investment,2025-02-01 00:00:00.000000,79761
RM0078,Loan Against Property,2020-12-07 00:00:00.000000,93207
RM0113,Term Insurance,2022-01-10 00:00:00.000000,23413
RM0126,ULIP,2021-09-27 00:00:00.000000,15892
RM0133,Health Insurance,2022-11-18 00:00:00.000000,12092
RM0019,Loan Against Property,2022-08-02 00:00:00.000000,30329
RM0011,Loan Against Property,2026-06-25 00:00:00.000000,59173
RM0122,Health Insurance,2019-12-13 00:00:00.000000,88853
RM0210,Recurring Deposit,2024-07-08 00:00:00.000000,49489
RM0236,Credit Card,2025-03-15 00:00:00.000000,53464
RM0211,Life Insurance,2024-06-20 00:00:00.000000,90436
RM0097,ULIP,2021-01-06 00:00:00.000000,47628
RM0171,ULIP,2020-07-28 00:00:00.000000,57228
RM0109,Saving Account,2022-02-02 00:00:00.000000,46305
RM0036,Term Insurance,2025-08-11 10:32:43.387122,116204
RM0165,Term Insurance,2025-07-18 10:32:43.387152,23427
RM0160,Life Insurance,2024-04-11 00:00:00.000000,25325
RM0127,Fixed Deposit,2019-03-31 00:00:00.000000,16846
RM0159,Recurring Deposit,2023-04-22 00:00:00.000000,95592
RM0204,Recurring Deposit,2022-04-24 00:00:00.000000,36532
RM0213,Gold Investment,2025-03-12 00:00:00.000000,31377
RM0032,Term Insurance,2020-02-21 00:00:00.000000,209092
RM0184,ULIP,2025-07-28 00:00:00.000000,140730
RM0047,Mutual Funds,2022-10-07 00:00:00.000000,188755
RM0223,ULIP,2019-04-19 00:00:00.000000,17674
RM0225,Credit Card,2025-08-16 00:00:00.000000,120936
RM0065,Loan Against Property,2021-08-20 00:00:00.000000,29927
RM0209,Health Insurance,2025-04-03 00:00:00.000000,10636
RM0051,Health Insurance,2021-12-11 00:00:00.000000,34821
RM0191,Fixed Deposit,2021-11-10 00:00:00.000000,45585
RM0207,Recurring Deposit,2023-01-10 00:00:00.000000,15726
RM0148,Fixed Deposit,2020-01-14 00:00:00.000000,48574
RM0079,Fixed Deposit,2023-04-08 00:00:00.000000,95591
RM0194,Health Insurance,2021-10-19 00:00:00.000000,33712
RM0022,ULIP,2022-07-12 00:00:00.000000,31743
RM0124,Gold Investment,2020-08-03 00:00:00.000000,30685
RM0207,Current Account,2021-05-08 00:00:00.000000,138258
RM0076,Mutual Funds,2023-12-10 00:00:00.000000,12499
RM0116,Gold Investment,2024-10-25 00:00:00.000000,39446
RM0207,Life Insurance,2021-02-16 00:00:00.000000,25366
RM0051,Fixed Deposit,2025-07-29 00:00:00.000000,36552
RM0234,Credit Card,2022-05-03 00:00:00.000000,88888888
RM0060,Loan Against Property,2019-03-10 00:00:00.000000,122124
RM0204,ULIP,2019-08-29 00:00:00.000000,15049
RM0089,Fixed Deposit,2021-06-27 00:00:00.000000,36504
RM0075,Loan Against Property,2025-06-16 10:32:43.387193,36112
RM0076,Fixed Deposit,2024-09-17 00:00:00.000000,119639
RM0117,Health Insurance,2025-11-12 00:00:00.000000,22135
RM0101,Health Insurance,2019-10-02 00:00:00.000000,61767
RM0080,ULIP,2022-07-05 00:00:00.000000,17216
RM0004,Health Insurance,2024-10-12 00:00:00.000000,163929
RM0227,Recurring Deposit,2019-09-09 00:00:00.000000,54948
RM0195,Gold Investment,2022-04-11 00:00:00.000000,59209
RM0223,Credit Card,2024-09-19 00:00:00.000000,38438
RM0218,Current Account,2019-02-17 00:00:00.000000,30949
RM0006,Fixed Deposit,2025-06-08 00:00:00.000000,21955
RM0217,Mutual Funds,2026-03-29 00:00:00.000000,56315
RM0073,Current Account,2025-09-25 00:00:00.000000,164570
RM0059,Current Account,2024-04-18 00:00:00.000000,32298
RM0078,Mutual Funds,2024-01-24 00:00:00.000000,117346
RM0116,Current Account,2026-07-05 00:00:00.000000,18054
RM0024,Current Account,2019-05-30 00:00:00.000000,147542
RM0099,Gold Investment,2020-05-16 00:00:00.000000,31576
RM0007,Saving Account,2025-01-18 00:00:00.000000,33879
RM0064,Gold Investment,2022-02-17 00:00:00.000000,41073
RM0004,Current Account,2026-05-05 10:32:43.387231,73335
RM0183,ULIP,2019-05-14 00:00:00.000000,73586
RM0153,Health Insurance,2024-07-21 00:00:00.000000,42656
RM0224,Health Insurance,2019-12-12 00:00:00.000000,47027
RM0159,Health Insurance,2025-08-03 00:00:00.000000,11523
RM0123,ULIP,2026-03-21 00:00:00.000000,28141
RM0118,Term Insurance,2020-04-25 00:00:00.000000,31233
RM0146,Recurring Deposit,2020-12-12 00:00:00.000000,50904
RM0172,Fixed Deposit,2022-09-22 00:00:00.000000,50856
RM0095,Gold Investment,2024-03-23 00:00:00.000000,71876
RM0132,Credit Card,2026-04-25 00:00:00.000000,73120
RM0207,Gold Investment,2025-06-19 00:00:00.000000,88888888
RM0051,Current Account,2025-12-21 00:00:00.000000,23407
RM0147,Term Insurance,2025-03-10 10:32:43.387276,83524
RM0099,Mutual Funds,2022-01-12 00:00:00.000000,10989
RM0167,Saving Account,2023-01-04 00:00:00.000000,72967
RM0209,Credit Card,2022-07-30 00:00:00.000000,15382
RM0106,ULIP,2021-02-02 00:00:00.000000,75401
RM0249,Gold Investment,2025-01-13 10:32:43.387308,47445
RM0133,Life Insurance,2019-06-06 00:00:00.000000,38746
RM0046,Saving Account,2024-11-18 00:00:00.000000,68666
RM0012,Credit Card,2020-12-10 00:00:00.000000,38872
RM0070,Current Account,2019-08-19 00:00:00.000000,11852
RM0048,Credit Card,2021-01-02 00:00:00.000000,22646
RM0157,Current Account,2022-06-14 00:00:00.000000,57912
RM0017,Mutual Funds,2019-05-03 00:00:00.000000,103936
RM0231,Recurring Deposit,2021-10-26 00:00:00.000000,75880
RM0197,Credit Card,2022-06-17 00:00:00.000000,33991
RM0219,Health Insurance,2021-08-27 00:00:00.000000,24971
RM0179,Health Insurance,2025-07-10 00:00:00.000000,46567
RM0030,Gold Investment,2021-03-25 00:00:00.000000,58684
RM0183,Fixed Deposit,2023-11-28 00:00:00.000000,37245
RM0225,Life Insurance,2024-03-16 00:00:00.000000,114661
RM0098,Fixed Deposit,2026-07-07 00:00:00.000000,47057
RM0004,Saving Account,2023-11-19 00:00:00.000000,11824
RM0183,ULIP,2020-07-01 00:00:00.000000,22619
RM0150,Saving Account,2022-07-05 00:00:00.000000,39950
RM0155,Recurring Deposit,2025-05-23 00:00:00.000000,69820
RM0052,Gold Investment,2025-04-29 00:00:00.000000,22407
RM0244,Term Insurance,2022-06-04 00:00:00.000000,197024
RM0137,ULIP,2025-07-01 00:00:00.000000,29177
RM0162,Recurring Deposit,2020-05-27 00:00:00.000000,48015
RM0071,Life Insurance,2025-09-05 00:00:00.000000,10957
RM0236,Fixed Deposit,2026-02-17 00:00:00.000000,120121
RM0196,Current Account,2025-07-18 00:00:00.000000,118093
RM0051,Fixed Deposit,2021-12-27 00:00:00.000000,87755
RM0137,Mutual Funds,2020-04-05 00:00:00.000000,20874
RM0191,Life Insurance,2020-03-30 00:00:00.000000,145330
RM0217,Fixed Deposit,2019-05-01 00:00:00.000000,28978
RM0235,Fixed Deposit,2025-03-21 00:00:00.000000,68913
RM0025,Gold Investment,2020-02-29 00:00:00.000000,95456
RM0035,ULIP,2020-06-28 00:00:00.000000,77529
RM0112,Saving Account,2025-01-19 10:32:43.387351,134798
RM0108,Recurring Deposit,2025-01-14 00:00:00.000000,109856
RM0250,Recurring Deposit,2024-01-20 00:00:00.000000,271174
RM0218,Term Insurance,2021-05-15 00:00:00.000000,20082
RM0048,Life Insurance,2019-07-21 00:00:00.000000,28175
RM0229,Fixed Deposit,2022-08-29 00:00:00.000000,88888888
RM0193,Loan Against Property,2026-01-29 00:00:00.000000,60561
RM0053,Current Account,2022-10-24 00:00:00.000000,76034
RM0009,ULIP,2020-06-09 00:00:00.000000,40306
RM0002,Life Insurance,2021-06-06 00:00:00.000000,48243
RM0250,Fixed Deposit,2024-01-20 00:00:00.000000,13840
RM0045,ULIP,2021-02-08 00:00:00.000000,102130
RM0172,ULIP,2020-03-05 00:00:00.000000,172048
RM0008,Saving Account,2019-09-13 00:00:00.000000,36003
RM0123,Mutual Funds,2025-12-11 00:00:00.000000,22732
RM0173,Fixed Deposit,2019-06-06 00:00:00.000000,10975
RM0128,Life Insurance,2019-03-11 00:00:00.000000,23544
RM0238,Term Insurance,2019-07-25 00:00:00.000000,70185
RM0173,Credit Card,2021-08-15 00:00:00.000000,131288
RM0067,Loan Against Property,2024-06-03 00:00:00.000000,14908
RM0246,Term Insurance,2026-06-20 00:00:00.000000,50288
RM0064,Gold Investment,2019-10-24 00:00:00.000000,69459
RM0027,Mutual Funds,2019-01-04 00:00:00.000000,26174
RM0142,ULIP,2026-07-25 00:00:00.000000,52186
RM0012,Term Insurance,2024-11-19 00:00:00.000000,72806
RM0003,Mutual Funds,2023-09-01 00:00:00.000000,100921
RM0223,Term Insurance,2022-01-10 00:00:00.000000,40119
RM0203,Mutual Funds,2020-08-31 00:00:00.000000,78887
RM0140,Loan Against Property,2025-09-30 00:00:00.000000,27961
RM0057,Loan Against Property,2023-01-13 00:00:00.000000,21979
RM0044,Credit Card,2022-11-16 00:00:00.000000,20370
RM0175,Term Insurance,2026-04-20 00:00:00.000000,32226
RM0119,ULIP,2019-07-01 00:00:00.000000,11826
RM0220,Term Insurance,2022-10-26 00:00:00.000000,26633
RM0024,Credit Card,2025-05-17 10:32:43.387399,62809
RM0065,Mutual Funds,2026-02-26 00:00:00.000000,62194
RM0183,Life Insurance,2020-12-06 00:00:00.000000,13819
RM0035,Fixed Deposit,2019-11-24 00:00:00.000000,26942
RM0101,Saving Account,2024-09-27 10:32:43.387441,52147
RM0092,Current Account,2020-11-07 00:00:00.000000,29176
RM0174,Saving Account,2025-10-18 00:00:00.000000,37063
RM0133,Life Insurance,2022-11-19 00:00:00.000000,72380
RM0087,Life Insurance,2025-12-07 00:00:00.000000,36454
RM0095,Mutual Funds,2024-11-20 00:00:00.000000,10465
RM0106,Life Insurance,2023-09-09 00:00:00.000000,26175
RM0010,Current Account,2026-06-13 00:00:00.000000,17679
RM0002,Recurring Deposit,2024-03-01 00:00:00.000000,16825
RM0212,Mutual Funds,2020-06-14 00:00:00.000000,169758
RM0079,Saving Account,2019-02-11 00:00:00.000000,33625
RM0231,Term Insurance,2019-05-14 00:00:00.000000,47442
RM0013,Health Insurance,2022-04-16 00:00:00.000000,76179
RM0184,Current Account,2024-01-15 00:00:00.000000,12430
RM0212,ULIP,2026-02-16 00:00:00.000000,23789
RM0230,Current Account,2022-10-01 00:00:00.000000,99233
RM0054,Fixed Deposit,2019-02-26 00:00:00.000000,109021
RM0096,Mutual Funds,2026-03-25 00:00:00.000000,33336
RM0229,Health Insurance,2024-08-14 00:00:00.000000,33489
RM0187,Current Account,2019-05-13 00:00:00.000000,80713
RM0160,Current Account,2021-02-24 00:00:00.000000,27482
RM0241,Health Insurance,2025-07-30 00:00:00.000000,16226
RM0198,Recurring Deposit,2026-04-14 00:00:00.000000,24889
RM0062,Life Insurance,2022-10-07 00:00:00.000000,34497
RM0054,Life Insurance,2022-04-02 00:00:00.000000,12680
RM0134,Gold Investment,2026-06-19 00:00:00.000000,42569
RM0116,Current Account,2025-03-25 00:00:00.000000,77355
RM0223,Credit Card,2024-12-16 10:32:43.387481,46051
RM0128,Health Insurance,2020-11-24 00:00:00.000000,13730
RM0004,Gold Investment,2024-04-25 00:00:00.000000,39004
RM0056,Gold Investment,2019-10-07 00:00:00.000000,71705
RM0245,Loan Against Property,2025-08-05 10:32:43.387512,12992
RM0152,Mutual Funds,2026-04-15 00:00:00.000000,13085
RM0011,Recurring Deposit,2026-06-16 00:00:00.000000,33149
RM0003,Current Account,2022-04-23 00:00:00.000000,20843
RM0206,ULIP,2025-03-12 00:00:00.000000,146500
RM0244,Recurring Deposit,2025-07-05 00:00:00.000000,53535
RM0103,Health Insurance,2021-11-29 00:00:00.000000,26936
RM0110,Saving Account,2021-02-01 00:00:00.000000,71001
RM0213,Gold Investment,2024-08-29 00:00:00.000000,33494
RM0059,Mutual Funds,2022-10-20 00:00:00.000000,17084
RM0002,Current Account,2026-04-27 00:00:00.000000,23540
RM0219,ULIP,2025-12-22 00:00:00.000000,61465
RM0043,Loan Against Property,2025-04-27 00:00:00.000000,12663
RM0054,Loan Against Property,2020-08-20 00:00:00.000000,25920
RM0197,Fixed Deposit,2020-01-07 00:00:00.000000,21679
RM0028,Fixed Deposit,2021-05-13 00:00:00.000000,21228
RM0173,Saving Account,2024-06-02 00:00:00.000000,67405
RM0109,Recurring Deposit,2022-10-30 00:00:00.000000,97382
RM0055,Saving Account,2026-07-26 00:00:00.000000,72915
RM0131,Current Account,2026-02-17 00:00:00.000000,61884
RM0142,Loan Against Property,2023-06-15 00:00:00.000000,134116
RM0030,Saving Account,2024-01-02 00:00:00.000000,13008
RM0101,Credit Card,2023-10-16 00:00:00.000000,19165
RM0037,Credit Card,2022-02-28 00:00:00.000000,36756
RM0151,Health Insurance,2024-10-25 00:00:00.000000,33296
RM0119,Term Insurance,2021-04-20 00:00:00.000000,37068
RM0043,Health Insurance,2023-04-13 00:00:00.000000,21562
RM0046,Term Insurance,2020-08-01 00:00:00.000000,18096
RM0118,Life Insurance,2023-11-28 00:00:00.000000,45585
RM0003,Recurring Deposit,2019-09-18 00:00:00.000000,141590
RM0119,Current Account,2025-04-08 00:00:00.000000,34876
RM0204,Mutual Funds,2022-09-10 00:00:00.000000,12216
RM0090,Term Insurance,2024-04-28 00:00:00.000000,71237
RM0185,Gold Investment,2023-11-05 00:00:00.000000,27202
RM0173,Credit Card,2021-11-23 00:00:00.000000,24058
RM0042,Mutual Funds,2025-03-20 00:00:00.000000,29597
RM0224,Health Insurance,2025-07-12 00:00:00.000000,74334
RM0030,Life Insurance,2019-06-17 00:00:00.000000,95413
RM0089,Saving Account,2022-03-21 00:00:00.000000,54343
RM0081,ULIP,2020-03-28 00:00:00.000000,29465
RM0202,Loan Against Property,2025-04-28 10:32:43.387558,28587
RM0219,Loan Against Property,2022-03-29 00:00:00.000000,16637
RM0244,ULIP,2025-04-26 00:00:00.000000,145378
RM0002,Current Account,2021-07-12 00:00:00.000000,60824
RM0123,Fixed Deposit,2021-09-03 00:00:00.000000,11367
RM0016,ULIP,2026-06-28 00:00:00.000000,64289
RM0241,Current Account,2024-08-17 00:00:00.000000,39633
RM0177,Loan Against Property,2023-09-11 00:00:00.000000,189783
RM0102,Mutual Funds,2022-11-04 00:00:00.000000,95481
RM0016,Gold Investment,2024-04-01 00:00:00.000000,19395
RM0155,Current Account,2025-02-11 00:00:00.000000,31391
RM0120,Recurring Deposit,2025-07-19 00:00:00.000000,73668
RM0177,Health Insurance,2025-01-25 00:00:00.000000,43234
RM0009,Saving Account,2020-03-20 00:00:00.000000,20353
RM0229,Term Insurance,2026-05-09 00:00:00.000000,69989
RM0224,ULIP,2020-04-06 00:00:00.000000,49635
RM0177,Gold Investment,2019-03-13 00:00:00.000000,11542
RM0151,Gold Investment,2026-06-03 00:00:00.000000,62006
RM0077,Term Insurance,2025-05-19 00:00:00.000000,60391
RM0081,ULIP,2025-06-29 00:00:00.000000,17779
RM0106,Life Insurance,2026-07-06 00:00:00.000000,31461
RM0042,Fixed Deposit,2020-04-09 00:00:00.000000,54082
RM0227,Mutual Funds,2025-01-17 00:00:00.000000,17470
RM0134,Current Account,2020-03-26 00:00:00.000000,105772
RM0209,ULIP,2026-04-15 00:00:00.000000,11393
RM0171,ULIP,2021-10-16 00:00:00.000000,15425
RM0142,ULIP,2020-11-10 00:00:00.000000,16170
RM0171,Gold Investment,2025-04-13 00:00:00.000000,47550
RM0245,Gold Investment,2019-09-07 00:00:00.000000,58394
RM0100,Current Account,2023-10-06 00:00:00.000000,35853
RM0007,Gold Investment,2021-04-05 00:00:00.000000,27030
RM0049,Credit Card,2025-07-31 00:00:00.000000,92857
RM0206,Recurring Deposit,2022-11-16 00:00:00.000000,13536
RM0137,Life Insurance,2021-11-06 00:00:00.000000,26445
RM0190,Loan Against Property,2024-10-03 00:00:00.000000,11995
RM0026,Mutual Funds,2025-01-14 00:00:00.000000,88888888
RM0082,Health Insurance,2025-08-27 00:00:00.000000,10699
RM0199,Gold Investment,2025-02-16 00:00:00.000000,31799
RM0105,Gold Investment,2021-08-12 00:00:00.000000,20834
RM0205,Saving Account,2026-07-13 00:00:00.000000,25623
RM0088,Current Account,2025-01-10 10:32:43.387603,96003
RM0232,Life Insurance,2021-08-01 00:00:00.000000,18895
RM0119,Saving Account,2024-09-01 00:00:00.000000,85759
RM0134,Current Account,2025-09-22 00:00:00.000000,66204
RM0133,ULIP,2022-05-14 00:00:00.000000,29759
RM0224,Saving Account,2026-04-27 00:00:00.000000,49544
RM0136,ULIP,2021-02-28 00:00:00.000000,39388
RM0248,Fixed Deposit,2020-02-14 00:00:00.000000,16870
RM0244,Life Insurance,2025-10-01 00:00:00.000000,128857
RM0118,Life Insurance,2024-10-07 00:00:00.000000,52154
RM0166,Credit Card,2020-01-16 00:00:00.000000,116113
RM0105,Gold Investment,2025-04-16 00:00:00.000000,96814
RM0190,Mutual Funds,2019-03-25 00:00:00.000000,14156
RM0068,Recurring Deposit,2019-07-18 00:00:00.000000,21613
RM0042,Current Account,2025-05-19 00:00:00.000000,17847
RM0046,Fixed Deposit,2019-12-29 00:00:00.000000,98827
RM0084,Fixed Deposit,2019-01-27 00:00:00.000000,109187
RM0025,Saving Account,2024-06-12 00:00:00.000000,47535
RM0006,Recurring Deposit,2024-07-15 00:00:00.000000,15500
RM0129,Credit Card,2025-12-14 00:00:00.000000,17286
RM0054,ULIP,2024-01-29 00:00:00.000000,93979
RM0038,Mutual Funds,2024-09-08 00:00:00.000000,142387
RM0110,Saving Account,2020-07-05 00:00:00.000000,21124
RM0243,Current Account,2021-07-25 00:00:00.000000,10560
RM0173,ULIP,2022-09-23 00:00:00.000000,30095
RM0157,Life Insurance,2020-01-09 00:00:00.000000,11548
RM0246,Gold Investment,2022-03-30 00:00:00.000000,98005
RM0155,Credit Card,2022-06-29 00:00:00.000000,43815
RM0175,Current Account,2021-08-18 00:00:00.000000,61341
RM0072,Term Insurance,2021-06-03 00:00:00.000000,36507
RM0109,Term Insurance,2024-12-22 00:00:00.000000,31194
RM0073,Life Insurance,2025-01-04 00:00:00.000000,22564
RM0115,Loan Against Property,2019-09-27 00:00:00.000000,83599
RM0193,Term Insurance,2025-07-10 10:32:43.387646,69462
RM0083,Credit Card,2025-06-09 10:32:43.387677,32371
RM0110,Health Insurance,2026-07-10 00:00:00.000000,29365
RM0086,ULIP,2019-07-16 00:00:00.000000,10062
RM0243,Term Insurance,2024-09-23 10:32:43.387708,13283
RM0078,Term Insurance,2022-05-01 00:00:00.000000,58809
RM0116,Credit Card,2024-07-25 00:00:00.000000,46139
RM0226,Mutual Funds,2022-07-22 00:00:00.000000,38529
RM0113,Term Insurance,2021-03-26 00:00:00.000000,97868
RM0160,Health Insurance,2024-01-06 00:00:00.000000,45048
RM0041,Health Insurance,2022-10-25 00:00:00.000000,34265
RM0002,Saving Account,2023-11-21 00:00:00.000000,18792
RM0227,Fixed Deposit,2025-06-10 00:00:00.000000,95931
RM0027,Loan Against Property,2024-01-04 00:00:00.000000,52930
RM0062,Credit Card,2023-07-31 00:00:00.000000,14850
RM0234,Loan Against Property,2019-11-19 00:00:00.000000,62333
RM0059,Gold Investment,2024-06-02 00:00:00.000000,37675
RM0198,Gold Investment,2019-12-25 00:00:00.000000,93402
RM0017,Mutual Funds,2023-03-21 00:00:00.000000,135612
RM0224,Mutual Funds,2019-09-27 00:00:00.000000,55872
RM0027,Health Insurance,2021-07-11 00:00:00.000000,75766
RM0146,Recurring Deposit,2021-06-11 00:00:00.000000,12912
RM0048,Health Insurance,2026-06-17 00:00:00.000000,51078
RM0147,Recurring Deposit,2020-09-15 00:00:00.000000,80394
RM0127,Fixed Deposit,2022-01-30 00:00:00.000000,44334
RM0095,Recurring Deposit,2023-08-29 00:00:00.000000,55014
RM0147,Gold Investment,2025-10-04 00:00:00.000000,88888888
RM0230,Health Insurance,2022-01-15 00:00:00.000000,124606
RM0067,ULIP,2026-05-25 00:00:00.000000,21038
RM0034,Recurring Deposit,2023-01-22 00:00:00.000000,15170
RM0029,Recurring Deposit,2023-10-05 00:00:00.000000,68663
RM0040,Life Insurance,2021-12-16 00:00:00.000000,96537
RM0129,Mutual Funds,2026-01-27 00:00:00.000000,105019
RM0062,Health Insurance,2021-12-19 00:00:00.000000,61311
RM0045,Health Insurance,2020-10-03 00:00:00.000000,99552
RM0087,Current Account,2025-10-05 00:00:00.000000,70309
RM0108,Health Insurance,2024-12-15 00:00:00.000000,14571
RM0011,Health Insurance,2019-09-28 00:00:00.000000,81783
RM0250,Health Insurance,2026-05-06 00:00:00.000000,19883
RM0119,Term Insurance,2020-05-06 00:00:00.000000,23499
RM0192,Recurring Deposit,2019-02-20 00:00:00.000000,35097
RM0149,Term Insurance,2023-07-15 00:00:00.000000,28885
RM0205,Current Account,2021-03-20 00:00:00.000000,29404
RM0198,Recurring Deposit,2026-04-12 00:00:00.000000,19271
RM0238,Loan Against Property,2021-04-09 00:00:00.000000,27397
RM0199,ULIP,2025-09-16 00:00:00.000000,10992
RM0183,Credit Card,2025-08-07 00:00:00.000000,42019
RM0006,ULIP,2022-04-19 00:00:00.000000,83178
RM0164,Credit Card,2022-02-21 00:00:00.000000,109114
RM0199,ULIP,2024-02-03 00:00:00.000000,95859
RM0199,Gold Investment,2024-10-02 00:00:00.000000,36931
RM0115,Life Insurance,2019-11-09 00:00:00.000000,75545
RM0070,Loan Against Property,2022-08-25 00:00:00.000000,755867
RM0058,Gold Investment,2025-04-13 10:32:43.387763,26976
RM0187,Credit Card,2021-11-02 00:00:00.000000,12858
RM0109,Health Insurance,2021-09-19 00:00:00.000000,66346
RM0103,ULIP,2019-04-14 00:00:00.000000,62319
RM0210,Gold Investment,2024-05-19 00:00:00.000000,90880
RM0006,Term Insurance,2019-10-06 00:00:00.000000,57869
RM0151,Recurring Deposit,2020-05-19 00:00:00.000000,18532
RM0066,Mutual Funds,2019-06-17 00:00:00.000000,105921
RM0159,Recurring Deposit,2026-07-27 00:00:00.000000,59342
RM0007,Loan Against Property,2024-11-22 00:00:00.000000,92411
RM0070,Term Insurance,2021-02-23 00:00:00.000000,84384
RM0047,ULIP,2024-04-18 00:00:00.000000,27681
RM0112,Mutual Funds,2019-09-15 00:00:00.000000,13873
RM0054,Recurring Deposit,2025-11-01 00:00:00.000000,19709
RM0112,Current Account,2025-08-10 00:00:00.000000,14873
RM0201,Current Account,2019-09-10 00:00:00.000000,23946
RM0094,ULIP,2025-06-05 00:00:00.000000,40766
RM0081,ULIP,2025-05-19 00:00:00.000000,128656
RM0134,Mutual Funds,2023-06-29 00:00:00.000000,112793
RM0203,Fixed Deposit,2023-06-20 00:00:00.000000,73398
RM0050,Gold Investment,2021-06-21 00:00:00.000000,11220
RM0245,Saving Account,2023-10-08 00:00:00.000000,30881
RM0171,Saving Account,2026-05-09 00:00:00.000000,67340
RM0245,Fixed Deposit,2023-06-16 00:00:00.000000,16907
RM0040,Health Insurance,2025-11-25 00:00:00.000000,90744
RM0120,Saving Account,2025-06-15 00:00:00.000000,133005
RM0037,Fixed Deposit,2021-12-21 00:00:00.000000,31855
RM0144,Gold Investment,2025-01-23 00:00:00.000000,71182
RM0073,Health Insurance,2025-07-10 00:00:00.000000,18020
RM0165,Credit Card,2021-10-28 00:00:00.000000,68691
RM0219,Current Account,2023-11-27 00:00:00.000000,28375
RM0088,Fixed Deposit,2019-11-05 00:00:00.000000,11084
RM0122,Gold Investment,2025-07-15 00:00:00.000000,18171
RM0111,Loan Against Property,2025-03-05 00:00:00.000000,71873
RM0021,Fixed Deposit,2021-07-08 00:00:00.000000,72213
RM0133,Life Insurance,2023-10-02 00:00:00.000000,61244
RM0040,Life Insurance,2024-07-28 00:00:00.000000,42443
RM0067,Fixed Deposit,2020-11-23 00:00:00.000000,66182
RM0086,Recurring Deposit,2023-08-17 00:00:00.000000,84316
RM0004,Fixed Deposit,2022-12-25 00:00:00.000000,179783
RM0036,Term Insurance,2025-01-04 00:00:00.000000,119749
RM0111,Current Account,2022-01-28 00:00:00.000000,89123
RM0235,Term Insurance,2026-01-30 00:00:00.000000,69332
RM0223,Health Insurance,2021-09-27 00:00:00.000000,52684
RM0165,Credit Card,2021-04-19 00:00:00.000000,16426
RM0225,Saving Account,2023-12-25 00:00:00.000000,19049
RM0144,Gold Investment,2025-05-07 00:00:00.000000,95817
RM0173,Credit Card,2025-03-09 10:32:43.387814,91307
RM0142,Saving Account,2023-09-24 00:00:00.000000,57655
RM0120,Recurring Deposit,2022-05-28 00:00:00.000000,38887
RM0132,Fixed Deposit,2023-07-19 00:00:00.000000,11318
RM0172,Gold Investment,2025-07-28 00:00:00.000000,29813
RM0050,Fixed Deposit,2024-05-04 00:00:00.000000,37291
RM0166,Recurring Deposit,2021-02-27 00:00:00.000000,43258
RM0056,ULIP,2021-05-29 00:00:00.000000,142482
RM0044,Current Account,2025-02-02 00:00:00.000000,15754
RM0223,Current Account,2020-07-25 00:00:00.000000,46580
RM0198,Health Insurance,2019-06-10 00:00:00.000000,32937
RM0095,Term Insurance,2023-07-11 00:00:00.000000,240751
RM0158,Mutual Funds,2024-09-10 00:00:00.000000,108975
RM0159,Current Account,2025-09-22 10:32:43.387849,38882
RM0126,Loan Against Property,2026-04-24 00:00:00.000000,414859
RM0084,Loan Against Property,2022-02-02 00:00:00.000000,46083
RM0204,Saving Account,2025-03-20 00:00:00.000000,19143
RM0071,ULIP,2021-05-11 00:00:00.000000,50582
RM0235,Health Insurance,2026-01-09 00:00:00.000000,22822
RM0086,Life Insurance,2026-02-21 00:00:00.000000,60573
RM0159,Health Insurance,2026-03-26 00:00:00.000000,148581
RM0229,Life Insurance,2025-12-30 10:32:43.387882,87135
RM0181,Mutual Funds,2022-01-02 00:00:00.000000,25952
RM0090,ULIP,2022-04-09 00:00:00.000000,27609
RM0007,Health Insurance,2026-04-15 00:00:00.000000,13590
RM0093,Current Account,2020-10-24 00:00:00.000000,26834
RM0141,Term Insurance,2019-10-03 00:00:00.000000,14859
RM0016,Health Insurance,2021-09-23 00:00:00.000000,44602
RM0217,Term Insurance,2026-05-16 00:00:00.000000,71609
RM0118,Fixed Deposit,2024-06-14 00:00:00.000000,79551
RM0113,ULIP,2024-12-04 00:00:00.000000,13068
RM0228,Term Insurance,2024-08-10 10:32:43.387916,45910
RM0236,Saving Account,2021-01-19 00:00:00.000000,30772
RM0045,Current Account,2020-04-12 00:00:00.000000,88888888
RM0158,Mutual Funds,2025-09-15 00:00:00.000000,26995
RM0058,Gold Investment,2024-02-28 00:00:00.000000,15507
RM0125,Loan Against Property,2020-08-17 00:00:00.000000,32507
RM0030,ULIP,2021-06-13 00:00:00.000000,27785
RM0233,Mutual Funds,2026-07-27 10:32:43.387949,60324
RM0042,Loan Against Property,2023-05-26 00:00:00.000000,117408
RM0241,Saving Account,2022-05-11 00:00:00.000000,40333
RM0087,Saving Account,2026-07-13 10:32:43.387979,78652
RM0142,Loan Against Property,2025-10-22 00:00:00.000000,17891
RM0149,ULIP,2026-03-12 00:00:00.000000,122673
RM0013,Saving Account,2020-01-12 00:00:00.000000,20052
RM0094,Current Account,2021-05-01 00:00:00.000000,18278
RM0181,Mutual Funds,2021-10-03 00:00:00.000000,20665
RM0089,Term Insurance,2024-07-02 00:00:00.000000,15628
RM0137,Credit Card,2025-01-18 00:00:00.000000,28529
RM0101,Current Account,2024-05-14 00:00:00.000000,50193
RM0172,Loan Against Property,2019-11-12 00:00:00.000000,231117
RM0200,Health Insurance,2024-03-27 00:00:00.000000,88840
RM0223,Recurring Deposit,2025-01-03 00:00:00.000000,33936
RM0101,Health Insurance,2023-11-05 00:00:00.000000,52882
RM0090,Recurring Deposit,2025-11-13 00:00:00.000000,58816
RM0085,Health Insurance,2019-12-24 00:00:00.000000,96503
RM0200,Credit Card,2019-05-10 00:00:00.000000,76675
RM0156,Term Insurance,2019-05-14 00:00:00.000000,52116
RM0073,Gold Investment,2025-12-06 00:00:00.000000,65309
RM0029,Mutual Funds,2022-04-26 00:00:00.000000,78504
RM0180,Loan Against Property,2025-03-10 00:00:00.000000,17144
RM0225,ULIP,2023-09-22 00:00:00.000000,21185
RM0106,Fixed Deposit,2022-02-20 00:00:00.000000,68331
RM0069,Health Insurance,2022-07-14 00:00:00.000000,104998
RM0020,Credit Card,2021-04-04 00:00:00.000000,36319
RM0003,Term Insurance,2021-11-05 00:00:00.000000,205327
RM0233,Mutual Funds,2020-01-04 00:00:00.000000,22171
RM0158,Life Insurance,2021-10-19 00:00:00.000000,9739
RM0054,Health Insurance,2026-08-01 00:00:00.000000,88888888
RM0250,Fixed Deposit,2023-12-23 00:00:00.000000,36952
RM0081,Health Insurance,2025-10-20 00:00:00.000000,33782
RM0164,Loan Against Property,2026-02-18 00:00:00.000000,88888888
RM0081,Recurring Deposit,2025-03-10 00:00:00.000000,88888888
RM0219,ULIP,2022-08-25 00:00:00.000000,143174
RM0191,Term Insurance,2025-09-19 00:00:00.000000,26800
RM0064,Fixed Deposit,2023-07-27 00:00:00.000000,41818
RM0076,Current Account,2026-01-18 00:00:00.000000,20365
RM0194,Loan Against Property,2023-08-15 00:00:00.000000,46830
RM0106,ULIP,2019-05-20 00:00:00.000000,107387
RM0127,Life Insurance,2025-05-30 00:00:00.000000,28123
RM0102,Fixed Deposit,2022-02-05 00:00:00.000000,93245
RM0149,Loan Against Property,2026-03-06 00:00:00.000000,131131
RM0004,Saving Account,2021-01-14 00:00:00.000000,13787
RM0152,Credit Card,2025-08-23 00:00:00.000000,80616
RM0112,Current Account,2019-12-17 00:00:00.000000,24741
RM0001,Mutual Funds,2026-01-06 00:00:00.000000,19638
RM0210,Credit Card,2023-01-07 00:00:00.000000,55955
RM0122,Fixed Deposit,2025-06-08 00:00:00.000000,71141
RM0236,Recurring Deposit,2020-07-05 00:00:00.000000,35106
RM0156,Recurring Deposit,2019-03-16 00:00:00.000000,11998
RM0080,Term Insurance,2023-03-09 00:00:00.000000,129682
RM0066,Saving Account,2024-03-28 00:00:00.000000,75605
RM0158,ULIP,2023-02-07 00:00:00.000000,25849
RM0238,Life Insurance,2022-11-16 00:00:00.000000,44344
RM0227,Saving Account,2023-08-01 00:00:00.000000,11409
RM0034,Life Insurance,2024-06-28 00:00:00.000000,30721
RM0062,Life Insurance,2020-07-19 00:00:00.000000,46963
RM0114,Fixed Deposit,2025-06-24 10:32:43.388039,46410
RM0073,Health Insurance,2024-07-10 00:00:00.000000,21671
RM0241,Saving Account,2022-09-23 00:00:00.000000,84972
RM0226,Term Insurance,2025-05-15 00:00:00.000000,27752
RM0167,Current Account,2023-03-19 00:00:00.000000,53423
RM0035,Recurring Deposit,2021-03-11 00:00:00.000000,25839
RM0225,Saving Account,2026-03-29 00:00:00.000000,37683
RM0049,ULIP,2021-08-30 00:00:00.000000,21629
RM0039,Term Insurance,2019-05-26 00:00:00.000000,60120
RM0208,Fixed Deposit,2022-12-05 00:00:00.000000,37720
RM0189,Life Insurance,2026-02-27 00:00:00.000000,10812
RM0068,Mutual Funds,2022-03-20 00:00:00.000000,11428
RM0175,Fixed Deposit,2023-08-07 00:00:00.000000,41851
RM0141,Saving Account,2023-06-22 00:00:00.000000,20119
RM0208,ULIP,2020-07-05 00:00:00.000000,53978
RM0216,Fixed Deposit,2024-05-18 00:00:00.000000,36228
RM0187,Term Insurance,2025-07-12 00:00:00.000000,63126
RM0183,Gold Investment,2022-03-10 00:00:00.000000,162241
RM0090,ULIP,2025-04-18 10:32:43.388076,47616
RM0034,Health Insurance,2023-09-19 00:00:00.000000,87412
RM0040,Current Account,2022-06-18 00:00:00.000000,79926
RM0089,Loan Against Property,2020-01-22 00:00:00.000000,137418
RM0144,Fixed Deposit,2025-07-29 00:00:00.000000,22041
RM0228,Gold Investment,2026-01-08 00:00:00.000000,97817
RM0103,Credit Card,2025-07-17 00:00:00.000000,127968
RM0221,Health Insurance,2025-03-07 00:00:00.000000,34941
RM0199,Term Insurance,2025-11-01 00:00:00.000000,28830
RM0146,ULIP,2023-09-06 00:00:00.000000,161865
RM0078,Gold Investment,2021-08-19 00:00:00.000000,59393
RM0024,Credit Card,2022-07-21 00:00:00.000000,33956
RM0093,Life Insurance,2026-03-04 00:00:00.000000,88469
RM0049,Saving Account,2025-03-03 00:00:00.000000,28154
RM0008,Term Insurance,2022-01-07 00:00:00.000000,19703
RM0073,Life Insurance,2022-03-26 00:00:00.000000,49259
RM0204,Saving Account,2020-04-30 00:00:00.000000,51759
RM0109,Health Insurance,2022-09-16 00:00:00.000000,97362
RM0081,Fixed Deposit,2023-01-21 00:00:00.000000,40534
RM0240,Loan Against Property,2025-08-10 00:00:00.000000,94258
RM0224,Credit Card,2023-07-16 00:00:00.000000,28649
RM0033,Health Insurance,2025-09-02 00:00:00.000000,52826
RM0126,Saving Account,2022-08-07 00:00:00.000000,21689
RM0016,Health Insurance,2024-04-10 00:00:00.000000,34342
RM0167,Life Insurance,2024-02-07 00:00:00.000000,107434
RM0172,Gold Investment,2020-10-17 00:00:00.000000,22166
RM0079,ULIP,2022-03-02 00:00:00.000000,93099
RM0141,Term Insurance,2024-09-30 00:00:00.000000,26625
RM0183,Recurring Deposit,2025-05-16 00:00:00.000000,11754
RM0208,Gold Investment,2019-10-03 00:00:00.000000,15823
RM0002,Credit Card,2021-11-04 00:00:00.000000,78497
RM0212,ULIP,2022-06-25 00:00:00.000000,25195
RM0104,Saving Account,2019-12-16 00:00:00.000000,63086
RM0071,Health Insurance,2020-05-17 00:00:00.000000,70065
RM0111,Term Insurance,2023-04-02 00:00:00.000000,31165
RM0177,Life Insurance,2024-03-30 00:00:00.000000,42210
RM0060,Credit Card,2020-10-09 00:00:00.000000,35856
RM0030,Recurring Deposit,2025-11-23 10:32:43.388120,157203
RM0084,Term Insurance,2026-04-09 00:00:00.000000,29279
RM0092,Saving Account,2022-12-17 00:00:00.000000,20125
RM0096,Mutual Funds,2024-06-12 00:00:00.000000,88888888
RM0206,ULIP,2021-06-18 00:00:00.000000,32753
RM0093,Credit Card,2023-02-11 00:00:00.000000,65359
RM0037,Loan Against Property,2026-05-09 00:00:00.000000,69761
RM0019,Recurring Deposit,2024-11-05 10:32:43.388153,138888
RM0161,Loan Against Property,2025-04-16 00:00:00.000000,116749
RM0143,Health Insurance,2020-07-26 00:00:00.000000,27006
RM0003,Loan Against Property,2022-06-22 00:00:00.000000,40363
RM0205,Recurring Deposit,2026-06-06 00:00:00.000000,78771
RM0164,Fixed Deposit,2025-12-11 00:00:00.000000,134167
RM0092,Life Insurance,2021-03-20 00:00:00.000000,30561
RM0219,ULIP,2021-11-12 00:00:00.000000,88888888
RM0127,Saving Account,2022-03-28 00:00:00.000000,39389
RM0131,Gold Investment,2019-10-14 00:00:00.000000,124869
RM0183,Saving Account,2019-02-19 00:00:00.000000,32196
RM0054,Recurring Deposit,2019-04-05 00:00:00.000000,42745
RM0163,Health Insurance,2023-06-28 00:00:00.000000,127433
RM0228,Gold Investment,2023-05-12 00:00:00.000000,91035
RM0070,Saving Account,2025-03-26 00:00:00.000000,23948
RM0088,Loan Against Property,2024-06-17 00:00:00.000000,29636
RM0040,Life Insurance,2025-01-02 00:00:00.000000,31767
RM0201,Mutual Funds,2023-06-17 00:00:00.000000,131942
RM0023,Credit Card,2024-04-21 00:00:00.000000,352179
RM0198,Mutual Funds,2021-11-05 00:00:00.000000,84361
RM0207,Saving Account,2024-08-23 10:32:43.388190,43114
RM0088,Fixed Deposit,2021-01-14 00:00:00.000000,88888888
RM0194,Health Insurance,2022-07-19 00:00:00.000000,10511
RM0089,Credit Card,2021-02-24 00:00:00.000000,69781
RM0101,Credit Card,2025-01-20 10:32:43.388222,33767
RM0184,Credit Card,2025-03-28 00:00:00.000000,34662
RM0150,Mutual Funds,2023-06-18 00:00:00.000000,60117
RM0147,Health Insurance,2025-10-09 10:32:43.388267,56658
RM0019,Term Insurance,2025-01-19 00:00:00.000000,42776
RM0009,Term Insurance,2021-11-08 00:00:00.000000,154467
RM0241,Mutual Funds,2025-06-12 00:00:00.000000,11170
RM0248,Life Insurance,2020-04-10 00:00:00.000000,72262
RM0198,Recurring Deposit,2022-01-04 00:00:00.000000,36368
RM0128,Life Insurance,2019-04-06 00:00:00.000000,72551
RM0104,Fixed Deposit,2021-01-20 00:00:00.000000,66230
RM0239,Fixed Deposit,2020-09-21 00:00:00.000000,10514
RM0160,ULIP,2021-03-11 00:00:00.000000,26797
RM0046,Life Insurance,2022-12-13 00:00:00.000000,20480
RM0033,Current Account,2025-10-14 00:00:00.000000,19135
RM0111,Term Insurance,2019-02-17 00:00:00.000000,75185
RM0049,Gold Investment,2021-10-27 00:00:00.000000,23692
RM0182,ULIP,2026-06-10 00:00:00.000000,42192
RM0201,Fixed Deposit,2023-09-21 00:00:00.000000,24183
RM0211,Health Insurance,2019-06-30 00:00:00.000000,53402
RM0082,Credit Card,2022-11-06 00:00:00.000000,73750
RM0153,Mutual Funds,2019-09-18 00:00:00.000000,30104
RM0029,Credit Card,2022-06-12 00:00:00.000000,33533
RM0177,Life Insurance,2020-06-21 00:00:00.000000,56193
RM0187,Life Insurance,2019-09-16 00:00:00.000000,88888888
RM0189,Gold Investment,2026-04-05 00:00:00.000000,97106
RM0101,Gold Investment,2019-09-12 00:00:00.000000,14643
RM0029,ULIP,2023-10-01 00:00:00.000000,14948
RM0049,Term Insurance,2021-03-09 00:00:00.000000,72009
RM0138,ULIP,2023-06-16 00:00:00.000000,29514
RM0128,Saving Account,2024-11-13 00:00:00.000000,16542
RM0151,Credit Card,2021-11-14 00:00:00.000000,49444
RM0236,Life Insurance,2020-08-22 00:00:00.000000,88888888
RM0146,Current Account,2022-09-21 00:00:00.000000,22826
RM0173,Current Account,2025-05-15 00:00:00.000000,96119
RM0010,ULIP,2024-08-02 00:00:00.000000,12192
RM0106,Current Account,2022-09-06 00:00:00.000000,15193
RM0006,Current Account,2026-02-16 10:32:43.388312,46802
RM0170,Term Insurance,2020-01-31 00:00:00.000000,54451
RM0212,Loan Against Property,2024-06-06 00:00:00.000000,75445
RM0177,Mutual Funds,2025-02-08 00:00:00.000000,25005
RM0124,Gold Investment,2020-08-17 00:00:00.000000,102182
RM0216,ULIP,2025-08-22 00:00:00.000000,163032
RM0181,Health Insurance,2025-11-26 10:32:43.388344,44561
RM0232,Term Insurance,2023-06-17 00:00:00.000000,81466
RM0202,Life Insurance,2020-11-02 00:00:00.000000,47206
RM0139,Recurring Deposit,2022-05-08 00:00:00.000000,13599
RM0092,ULIP,2026-07-29 00:00:00.000000,41085
RM0075,ULIP,2021-05-26 00:00:00.000000,29734
RM0135,Term Insurance,2021-09-11 00:00:00.000000,14577
RM0147,Credit Card,2021-02-12 00:00:00.000000,234946
RM0043,Mutual Funds,2023-02-17 00:00:00.000000,23005
RM0200,Credit Card,2022-02-07 00:00:00.000000,60516
RM0188,Loan Against Property,2023-04-28 00:00:00.000000,26727
RM0059,Loan Against Property,2023-07-07 00:00:00.000000,62957
RM0020,ULIP,2022-03-18 00:00:00.000000,21811
RM0237,Life Insurance,2024-01-11 00:00:00.000000,86918
RM0180,Saving Account,2026-03-21 00:00:00.000000,15872
RM0219,ULIP,2025-02-08 00:00:00.000000,122761
RM0016,Saving Account,2022-11-19 00:00:00.000000,101761
RM0002,Credit Card,2020-07-31 00:00:00.000000,66785
RM0054,Saving Account,2023-03-24 00:00:00.000000,13489
RM0032,Loan Against Property,2023-10-27 00:00:00.000000,21695
RM0070,Mutual Funds,2022-12-08 00:00:00.000000,108078
RM0149,Recurring Deposit,2022-01-14 00:00:00.000000,16503
RM0010,Saving Account,2025-04-15 00:00:00.000000,18476
RM0102,Health Insurance,2026-06-10 00:00:00.000000,49263
RM0123,Credit Card,2024-09-17 00:00:00.000000,26022
RM0013,Credit Card,2026-07-01 10:32:43.388383,22556
RM0005,Term Insurance,2024-01-11 00:00:00.000000,52879
RM0102,Saving Account,2021-03-05 00:00:00.000000,33306
RM0154,Health Insurance,2024-01-05 00:00:00.000000,28137
RM0076,Mutual Funds,2020-11-11 00:00:00.000000,17573
RM0241,Life Insurance,2026-03-19 00:00:00.000000,48270
RM0064,Term Insurance,2021-09-17 00:00:00.000000,34470
RM0247,Mutual Funds,2023-03-04 00:00:00.000000,76310
RM0034,Mutual Funds,2019-12-15 00:00:00.000000,15421
RM0074,Fixed Deposit,2025-01-23 00:00:00.000000,58459
RM0089,Health Insurance,2025-09-20 00:00:00.000000,38678
RM0139,Fixed Deposit,2021-10-28 00:00:00.000000,36049
RM0182,Loan Against Property,2022-03-14 00:00:00.000000,23217
RM0073,Life Insurance,2023-07-07 00:00:00.000000,11544
RM0238,Current Account,2021-04-21 00:00:00.000000,104091
RM0142,Health Insurance,2025-04-27 00:00:00.000000,29756
RM0143,Term Insurance,2021-07-31 00:00:00.000000,67142
RM0116,Mutual Funds,2021-09-29 00:00:00.000000,157430
RM0048,Gold Investment,2026-06-08 00:00:00.000000,51619
RM0024,Current Account,2020-10-04 00:00:00.000000,35304
RM0192,Loan Against Property,2023-04-21 00:00:00.000000,25617
RM0028,Credit Card,2019-08-10 00:00:00.000000,37441
RM0016,Mutual Funds,2021-12-12 00:00:00.000000,145938
RM0046,Life Insurance,2020-06-15 00:00:00.000000,67297
RM0052,Gold Investment,2019-05-28 00:00:00.000000,64723
RM0005,Saving Account,2026-03-24 00:00:00.000000,37770
RM0117,Credit Card,2025-11-17 00:00:00.000000,45454
RM0052,Fixed Deposit,2024-07-22 00:00:00.000000,103232
RM0039,Loan Against Property,2026-07-15 00:00:00.000000,72530
RM0190,Mutual Funds,2019-05-08 00:00:00.000000,26646
RM0145,Gold Investment,2021-12-05 00:00:00.000000,55761
RM0066,Credit Card,2026-01-29 00:00:00.000000,38122
RM0044,Term Insurance,2026-04-18 10:32:43.388425,10330
RM0114,Saving Account,2019-05-21 00:00:00.000000,92415
RM0084,Loan Against Property,2023-09-09 00:00:00.000000,865173
RM0185,Health Insurance,2021-10-28 00:00:00.000000,16552
RM0030,Saving Account,2022-01-02 00:00:00.000000,45662
RM0037,Mutual Funds,2022-06-29 00:00:00.000000,30490
RM0159,Current Account,2020-02-12 00:00:00.000000,30934
RM0202,Fixed Deposit,2025-11-08 00:00:00.000000,42443
RM0054,Credit Card,2022-02-28 00:00:00.000000,300843
RM0231,Life Insurance,2025-11-05 00:00:00.000000,36244
RM0091,Term Insurance,2019-01-21 00:00:00.000000,20064
RM0188,Mutual Funds,2022-03-18 00:00:00.000000,57544
RM0085,Credit Card,2023-08-01 00:00:00.000000,23478
RM0038,Life Insurance,2022-05-27 00:00:00.000000,15577
RM0139,ULIP,2021-03-31 00:00:00.000000,12573
RM0085,Credit Card,2025-02-11 00:00:00.000000,11157
RM0169,Current Account,2019-01-05 00:00:00.000000,38208
RM0109,ULIP,2025-05-10 00:00:00.000000,37819
RM0244,Loan Against Property,2020-05-06 00:00:00.000000,20261
RM0202,Life Insurance,2019-10-02 00:00:00.000000,86628
RM0124,Current Account,2024-01-07 00:00:00.000000,16921
RM0172,Loan Against Property,2021-10-20 00:00:00.000000,133442
RM0096,Current Account,2020-05-28 00:00:00.000000,54285
RM0195,Recurring Deposit,2026-01-28 00:00:00.000000,11400
RM0214,Term Insurance,2026-02-11 00:00:00.000000,174804
RM0005,ULIP,2019-05-18 00:00:00.000000,28404
RM0211,Life Insurance,2025-03-06 00:00:00.000000,39889
RM0134,Health Insurance,2026-06-04 00:00:00.000000,26722
RM0155,Loan Against Property,2026-03-03 00:00:00.000000,75175
RM0173,Recurring Deposit,2026-05-03 00:00:00.000000,43245
RM0016,Gold Investment,2024-10-01 00:00:00.000000,17099
RM0213,Term Insurance,2022-07-14 00:00:00.000000,15502
RM0101,Life Insurance,2024-08-16 00:00:00.000000,74617
RM0028,ULIP,2023-01-06 00:00:00.000000,23530
RM0178,Current Account,2026-04-10 00:00:00.000000,17413
RM0006,Loan Against Property,2024-09-29 00:00:00.000000,44600
RM0192,ULIP,2024-08-24 00:00:00.000000,91168
RM0220,Credit Card,2021-11-02 00:00:00.000000,26340
RM0056,Fixed Deposit,2025-10-01 10:32:43.388470,26178
RM0234,Loan Against Property,2023-06-04 00:00:00.000000,99752
RM0212,Credit Card,2019-08-27 00:00:00.000000,17998
RM0198,Credit Card,2022-09-10 00:00:00.000000,12453
RM0180,Recurring Deposit,2020-03-26 00:00:00.000000,57950
RM0108,Health Insurance,2025-09-22 10:32:43.388502,165069
RM0225,Saving Account,2022-09-10 00:00:00.000000,102037
RM0095,Recurring Deposit,2019-08-30 00:00:00.000000,13190
RM0166,Life Insurance,2025-12-08 00:00:00.000000,29276
RM0128,Recurring Deposit,2026-06-13 00:00:00.000000,17679
RM0011,Life Insurance,2023-12-28 00:00:00.000000,159032
RM0166,Loan Against Property,2025-04-29 00:00:00.000000,223226
RM0066,Loan Against Property,2026-02-17 00:00:00.000000,23393
RM0125,Current Account,2021-05-30 00:00:00.000000,65387
RM0076,Gold Investment,2020-12-11 00:00:00.000000,102141
RM0129,Life Insurance,2020-11-20 00:00:00.000000,40048
RM0118,Loan Against Property,2020-12-01 00:00:00.000000,23307
RM0207,Term Insurance,2024-10-21 00:00:00.000000,20393
RM0200,Current Account,2019-05-16 00:00:00.000000,10563
RM0152,Fixed Deposit,2022-11-12 00:00:00.000000,36548
RM0092,ULIP,2020-10-17 00:00:00.000000,124848
RM0187,Current Account,2020-09-11 00:00:00.000000,126641
RM0224,Current Account,2026-05-30 10:32:43.388538,16833
RM0054,Recurring Deposit,2025-05-17 00:00:00.000000,21429
RM0031,Mutual Funds,2022-10-21 00:00:00.000000,88888888
RM0064,Term Insurance,2020-08-28 00:00:00.000000,36216
RM0190,Credit Card,2020-11-14 00:00:00.000000,85848
RM0002,Fixed Deposit,2019-10-25 00:00:00.000000,57318
RM0132,Saving Account,2023-06-26 00:00:00.000000,46061
RM0043,Credit Card,2024-12-09 00:00:00.000000,54816
RM0236,Saving Account,2024-12-13 00:00:00.000000,15057
RM0035,Mutual Funds,2020-06-09 00:00:00.000000,42472
RM0101,Life Insurance,2022-10-14 00:00:00.000000,251812
RM0103,Health Insurance,2023-02-09 00:00:00.000000,14630
RM0006,Gold Investment,2021-04-21 00:00:00.000000,46620
RM0126,Recurring Deposit,2025-06-19 00:00:00.000000,27523
RM0105,Loan Against Property,2026-07-11 10:32:43.388572,48817
RM0150,Credit Card,2021-02-23 00:00:00.000000,52644
RM0067,Gold Investment,2023-10-25 00:00:00.000000,53075
RM0205,Mutual Funds,2025-11-20 10:32:43.388603,105597
RM0023,Gold Investment,2020-01-14 00:00:00.000000,34694
RM0216,Gold Investment,2022-01-14 00:00:00.000000,46320
RM0071,Current Account,2024-12-26 00:00:00.000000,10549
RM0048,Saving Account,2022-11-20 00:00:00.000000,87925
RM0202,Credit Card,2021-01-26 00:00:00.000000,25020
RM0052,Term Insurance,2024-07-08 00:00:00.000000,94792
RM0166,Term Insurance,2024-04-14 00:00:00.000000,25437
RM0208,Mutual Funds,2019-10-15 00:00:00.000000,10542
RM0234,Life Insurance,2024-01-07 00:00:00.000000,18410
RM0218,Fixed Deposit,2019-09-04 00:00:00.000000,222315
RM0183,Current Account,2026-02-13 00:00:00.000000,29268
RM0107,Loan Against Property,2022-12-27 00:00:00.000000,15760
RM0179,Mutual Funds,2026-05-11 10:32:43.388637,16321
RM0120,ULIP,2026-07-12 00:00:00.000000,28578
RM0091,ULIP,2020-08-03 00:00:00.000000,11918
RM0095,Mutual Funds,2025-10-19 10:32:43.388668,45819
RM0190,ULIP,2020-11-24 00:00:00.000000,22023
RM0087,Life Insurance,2019-10-26 00:00:00.000000,46626
RM0021,Life Insurance,2025-03-01 10:32:43.388699,17585
RM0159,Saving Account,2024-09-07 10:32:43.388729,38093
RM0009,Term Insurance,2026-01-12 10:32:43.388759,55554
RM0129,Loan Against Property,2025-09-07 00:00:00.000000,13200
RM0125,Credit Card,2022-05-07 00:00:00.000000,35437
RM0234,Mutual Funds,2022-01-18 00:00:00.000000,28014
RM0119,Recurring Deposit,2019-01-12 00:00:00.000000,65700
RM0019,Saving Account,2022-05-28 00:00:00.000000,23745
RM0166,Saving Account,2021-08-28 00:00:00.000000,56384
RM0133,ULIP,2022-01-13 00:00:00.000000,54402
RM0176,Recurring Deposit,2019-06-20 00:00:00.000000,59807
RM0104,Life Insurance,2022-12-17 00:00:00.000000,18651
RM0188,Loan Against Property,2022-08-30 00:00:00.000000,26823
RM0065,Health Insurance,2021-09-30 00:00:00.000000,21765
RM0186,Fixed Deposit,2026-04-21 10:32:43.388793,48881
RM0193,Health Insurance,2022-07-27 00:00:00.000000,40908
RM0111,Mutual Funds,2021-07-01 00:00:00.000000,30045
RM0055,Current Account,2024-11-03 00:00:00.000000,87092
RM0085,Life Insurance,2021-02-04 00:00:00.000000,14934
RM0103,Mutual Funds,2021-05-19 00:00:00.000000,194237
RM0217,Gold Investment,2024-01-22 00:00:00.000000,16195
RM0181,Gold Investment,2023-09-14 00:00:00.000000,84155
RM0184,Life Insurance,2025-08-29 00:00:00.000000,32961
RM0192,Credit Card,2024-11-27 00:00:00.000000,110221
RM0139,Gold Investment,2019-06-08 00:00:00.000000,13853
RM0006,Saving Account,2026-07-06 00:00:00.000000,33477
RM0114,Credit Card,2023-03-23 00:00:00.000000,30431
RM0009,Fixed Deposit,2023-06-10 00:00:00.000000,259226
RM0098,Current Account,2024-08-05 00:00:00.000000,221849
RM0029,Recurring Deposit,2025-04-09 00:00:00.000000,20523
RM0003,Recurring Deposit,2025-06-26 00:00:00.000000,59705
RM0031,Gold Investment,2023-08-18 00:00:00.000000,48341
RM0179,ULIP,2021-10-11 00:00:00.000000,18383
RM0173,Mutual Funds,2020-05-10 00:00:00.000000,19182
RM0109,Gold Investment,2020-06-12 00:00:00.000000,236650
RM0229,Mutual Funds,2021-08-17 00:00:00.000000,40140
RM0123,Saving Account,2022-06-01 00:00:00.000000,16722
RM0239,Loan Against Property,2026-06-01 10:32:43.388832,22090
RM0216,Gold Investment,2025-06-11 00:00:00.000000,25622
RM0206,Loan Against Property,2025-05-20 10:32:43.388863,45761
RM0073,Fixed Deposit,2020-05-01 00:00:00.000000,30439
RM0037,Saving Account,2025-04-06 00:00:00.000000,40349
RM0197,Gold Investment,2021-10-20 00:00:00.000000,19106
RM0240,Current Account,2026-04-02 00:00:00.000000,29780
RM0077,Saving Account,2025-09-04 10:32:43.388894,13645
RM0152,Health Insurance,2025-10-22 00:00:00.000000,120232
RM0210,Current Account,2025-05-15 00:00:00.000000,21079
RM0035,Life Insurance,2021-07-09 00:00:00.000000,80714
RM0082,Saving Account,2021-11-25 00:00:00.000000,31504
RM0199,Health Insurance,2020-08-16 00:00:00.000000,42160
RM0200,Current Account,2022-02-02 00:00:00.000000,88888888
RM0093,Life Insurance,2024-07-02 00:00:00.000000,88888888
RM0248,Saving Account,2019-06-27 00:00:00.000000,27213
RM0117,Gold Investment,2023-04-13 00:00:00.000000,69609
RM0133,Health Insurance,2020-05-05 00:00:00.000000,103070
RM0002,Recurring Deposit,2019-07-29 00:00:00.000000,26862
RM0099,Fixed Deposit,2019-02-05 00:00:00.000000,23867
RM0188,Recurring Deposit,2023-09-03 00:00:00.000000,67197
RM0128,Life Insurance,2025-12-18 00:00:00.000000,20855
RM0061,Recurring Deposit,2023-06-03 00:00:00.000000,61060
RM0241,Life Insurance,2025-10-19 10:32:43.388930,14959
RM0045,Mutual Funds,2019-07-28 00:00:00.000000,58397
RM0216,Fixed Deposit,2020-06-09 00:00:00.000000,46016
RM0066,Credit Card,2021-10-06 00:00:00.000000,16046
RM0218,Current Account,2024-02-21 00:00:00.000000,62363
RM0231,ULIP,2024-01-16 00:00:00.000000,39579
RM0187,Term Insurance,2021-02-09 00:00:00.000000,22238
RM0024,Recurring Deposit,2024-07-20 00:00:00.000000,31800
RM0242,Current Account,2021-08-01 00:00:00.000000,43873
RM0203,Credit Card,2024-12-25 10:32:43.388963,14801
RM0100,Loan Against Property,2021-10-01 00:00:00.000000,168041
RM0190,Recurring Deposit,2024-11-26 00:00:00.000000,64765
RM0129,Mutual Funds,2021-02-09 00:00:00.000000,15409
RM0059,Term Insurance,2020-04-13 00:00:00.000000,96541
RM0156,Life Insurance,2021-09-19 00:00:00.000000,29471
RM0188,Life Insurance,2025-08-13 00:00:00.000000,55416
RM0163,Fixed Deposit,2026-06-05 10:32:43.388995,26227
RM0045,ULIP,2026-04-22 00:00:00.000000,32654
RM0217,Health Insurance,2023-06-21 00:00:00.000000,76101
RM0180,Health Insurance,2022-10-20 00:00:00.000000,74188
RM0189,Recurring Deposit,2024-02-18 00:00:00.000000,50152
RM0045,Mutual Funds,2025-11-05 00:00:00.000000,23782
RM0036,ULIP,2019-02-04 00:00:00.000000,24631
RM0025,Loan Against Property,2026-05-03 00:00:00.000000,34133
RM0145,Credit Card,2021-10-05 00:00:00.000000,17833
RM0059,Loan Against Property,2026-06-06 00:00:00.000000,30598
RM0105,Current Account,2020-01-06 00:00:00.000000,67656
RM0213,Fixed Deposit,2020-09-22 00:00:00.000000,98847
RM0020,Current Account,2019-08-31 00:00:00.000000,30216
RM0102,Credit Card,2026-01-24 00:00:00.000000,23301
RM0137,Life Insurance,2021-06-15 00:00:00.000000,99381
RM0034,Loan Against Property,2023-08-22 00:00:00.000000,120684
RM0250,Health Insurance,2020-04-22 00:00:00.000000,36383
RM0138,Credit Card,2024-05-25 00:00:00.000000,11363
RM0021,Term Insurance,2024-07-17 00:00:00.000000,69365
RM0040,Gold Investment,2025-03-01 00:00:00.000000,86631
RM0155,Current Account,2026-05-01 00:00:00.000000,10909
RM0147,Credit Card,2024-03-29 00:00:00.000000,55197
RM0199,Current Account,2025-03-02 00:00:00.000000,54381
RM0060,Term Insurance,2021-03-06 00:00:00.000000,33797
RM0074,Fixed Deposit,2019-08-03 00:00:00.000000,79268
RM0196,Mutual Funds,2021-12-21 00:00:00.000000,37946
RM0112,Mutual Funds,2024-03-23 00:00:00.000000,30648
RM0170,Gold Investment,2020-07-16 00:00:00.000000,66470
RM0017,Credit Card,2022-12-16 00:00:00.000000,46399
RM0216,Gold Investment,2021-11-15 00:00:00.000000,24281
RM0006,Health Insurance,2026-05-29 10:32:43.389042,56633
RM0084,ULIP,2022-03-25 00:00:00.000000,76762
RM0101,Saving Account,2021-10-04 00:00:00.000000,192301
RM0064,Saving Account,2024-07-30 00:00:00.000000,33910
RM0227,ULIP,2025-03-15 00:00:00.000000,13332
RM0102,Fixed Deposit,2025-06-22 00:00:00.000000,231022
RM0100,Mutual Funds,2022-11-17 00:00:00.000000,58882
RM0001,Mutual Funds,2024-08-11 00:00:00.000000,156357
RM0215,Credit Card,2020-05-13 00:00:00.000000,15481
RM0009,Saving Account,2025-03-26 00:00:00.000000,30930
RM0105,Mutual Funds,2019-01-15 00:00:00.000000,17189
RM0036,Current Account,2025-11-08 00:00:00.000000,100245
RM0015,Fixed Deposit,2025-12-18 00:00:00.000000,116156
RM0172,Health Insurance,2021-10-09 00:00:00.000000,44788
RM0179,Recurring Deposit,2022-03-09 00:00:00.000000,20326
RM0054,Gold Investment,2019-01-15 00:00:00.000000,16797
RM0141,Loan Against Property,2019-06-12 00:00:00.000000,54356
RM0226,ULIP,2019-09-05 00:00:00.000000,45299
RM0063,Mutual Funds,2020-02-19 00:00:00.000000,69337
RM0230,Life Insurance,2025-09-26 10:32:43.389080,28207
RM0202,Current Account,2019-12-16 00:00:00.000000,35739
RM0047,Credit Card,2026-02-07 10:32:43.389110,15979
RM0158,Health Insurance,2020-10-09 00:00:00.000000,11079
RM0099,Current Account,2023-06-18 00:00:00.000000,57098
RM0010,Credit Card,2021-12-09 00:00:00.000000,37508
RM0018,Gold Investment,2026-07-05 10:32:43.389141,136139
RM0163,Health Insurance,2021-07-17 00:00:00.000000,61331
RM0054,Health Insurance,2026-05-17 10:32:43.389171,35432
RM0052,Gold Investment,2026-01-17 00:00:00.000000,25298
RM0115,Saving Account,2020-10-23 00:00:00.000000,127844
RM0091,Loan Against Property,2021-06-06 00:00:00.000000,10819
RM0006,Loan Against Property,2021-07-14 00:00:00.000000,29793
RM0089,Term Insurance,2024-11-27 00:00:00.000000,153680
RM0094,ULIP,2020-04-21 00:00:00.000000,63070
RM0134,Life Insurance,2023-11-10 00:00:00.000000,48041
RM0127,Saving Account,2021-06-13 00:00:00.000000,21378
RM0001,Gold Investment,2022-09-08 00:00:00.000000,99600
RM0082,Gold Investment,2025-12-16 00:00:00.000000,21420
RM0022,Credit Card,2020-11-27 00:00:00.000000,24267
RM0136,Fixed Deposit,2023-07-07 00:00:00.000000,20650
RM0090,Recurring Deposit,2021-03-14 00:00:00.000000,18607
RM0044,Mutual Funds,2026-04-29 00:00:00.000000,163213
RM0188,Gold Investment,2024-09-14 00:00:00.000000,56069
RM0188,Saving Account,2022-02-27 00:00:00.000000,60783
RM0206,Credit Card,2024-06-10 00:00:00.000000,164310
RM0056,Health Insurance,2021-04-07 00:00:00.000000,23105
RM0001,Gold Investment,2021-05-26 00:00:00.000000,10296
RM0100,Current Account,2026-06-28 00:00:00.000000,55675
RM0091,Term Insurance,2025-02-14 00:00:00.000000,45448
RM0146,Current Account,2022-09-20 00:00:00.000000,42470
RM0189,ULIP,2024-09-18 00:00:00.000000,13193
RM0078,Credit Card,2024-11-11 00:00:00.000000,40296
RM0078,Gold Investment,2021-10-06 00:00:00.000000,26952
RM0134,Health Insurance,2019-07-31 00:00:00.000000,26049
RM0068,Mutual Funds,2022-09-20 00:00:00.000000,22575
RM0043,Credit Card,2026-08-02 00:00:00.000000,30212
RM0180,Recurring Deposit,2026-01-20 10:32:43.389210,31780
RM0201,Credit Card,2020-03-28 00:00:00.000000,28464
RM0158,Health Insurance,2021-06-30 00:00:00.000000,202576
RM0061,Term Insurance,2023-04-27 00:00:00.000000,144952
RM0112,Loan Against Property,2024-12-23 10:32:43.389251,52725
RM0037,Current Account,2026-04-21 00:00:00.000000,208310
RM0239,Current Account,2025-08-03 00:00:00.000000,246638
RM0197,Term Insurance,2022-02-18 00:00:00.000000,31998
RM0109,Credit Card,2019-09-15 00:00:00.000000,39456
RM0234,Credit Card,2021-08-25 00:00:00.000000,169784
RM0179,Mutual Funds,2021-02-04 00:00:00.000000,56904
RM0245,Mutual Funds,2025-09-02 10:32:43.389287,21971
RM0233,Life Insurance,2025-08-09 00:00:00.000000,68459
RM0027,Recurring Deposit,2025-11-21 00:00:00.000000,21517
RM0183,ULIP,2024-02-28 00:00:00.000000,30727
RM0147,Recurring Deposit,2025-07-30 00:00:00.000000,22910
RM0018,Term Insurance,2023-11-01 00:00:00.000000,24050
RM0069,Current Account,2021-05-14 00:00:00.000000,10233
RM0195,Mutual Funds,2019-06-20 00:00:00.000000,116309
RM0172,ULIP,2023-12-05 00:00:00.000000,27548
RM0216,Term Insurance,2025-12-21 00:00:00.000000,14516
RM0217,Health Insurance,2026-02-11 00:00:00.000000,14550
RM0068,Gold Investment,2023-02-25 00:00:00.000000,50598
RM0204,Term Insurance,2025-06-08 00:00:00.000000,257527
RM0126,Saving Account,2020-10-09 00:00:00.000000,17834
RM0001,Credit Card,2025-08-12 00:00:00.000000,15247
RM0104,Gold Investment,2021-01-16 00:00:00.000000,38839
RM0164,Term Insurance,2024-03-26 00:00:00.000000,51429
RM0196,Fixed Deposit,2024-11-12 00:00:00.000000,27433
RM0085,Fixed Deposit,2023-07-28 00:00:00.000000,28014
RM0218,Loan Against Property,2021-09-28 00:00:00.000000,37623
RM0236,Loan Against Property,2022-02-03 00:00:00.000000,300915
RM0104,Loan Against Property,2023-06-28 00:00:00.000000,28854
RM0050,Health Insurance,2023-02-05 00:00:00.000000,133450
RM0043,Fixed Deposit,2023-11-24 00:00:00.000000,12143
RM0201,Credit Card,2020-07-27 00:00:00.000000,23365
RM0224,Term Insurance,2023-05-17 00:00:00.000000,92657
RM0137,Credit Card,2026-02-07 00:00:00.000000,41766
RM0003,Credit Card,2024-11-21 00:00:00.000000,99775
RM0187,ULIP,2022-07-06 00:00:00.000000,15914
RM0113,Credit Card,2024-10-07 00:00:00.000000,192030
RM0160,Health Insurance,2023-09-20 00:00:00.000000,69103
RM0187,Recurring Deposit,2024-03-10 00:00:00.000000,25913
RM0250,Saving Account,2024-08-09 00:00:00.000000,40443
RM0011,Health Insurance,2019-08-04 00:00:00.000000,27629
RM0182,Term Insurance,2022-08-02 00:00:00.000000,18127
RM0001,Current Account,2021-12-30 00:00:00.000000,27207
RM0023,Saving Account,2020-11-29 00:00:00.000000,53385
RM0107,Mutual Funds,2021-01-26 00:00:00.000000,27613
RM0097,Health Insurance,2022-07-12 00:00:00.000000,97426
RM0049,Mutual Funds,2021-12-05 00:00:00.000000,32590
RM0250,Health Insurance,2025-07-13 00:00:00.000000,31377
RM0012,Mutual Funds,2026-06-06 00:00:00.000000,41555
RM0239,Mutual Funds,2024-03-21 00:00:00.000000,61719
RM0224,Loan Against Property,2024-02-15 00:00:00.000000,79639
RM0089,Fixed Deposit,2025-03-10 00:00:00.000000,29785
RM0233,Saving Account,2025-02-22 10:32:43.389334,54137
RM0123,ULIP,2019-12-13 00:00:00.000000,34662
RM0065,Gold Investment,2025-11-26 00:00:00.000000,73009
RM0105,Loan Against Property,2026-06-02 00:00:00.000000,18996
RM0075,ULIP,2026-06-01 00:00:00.000000,24847
RM0009,ULIP,2026-02-16 10:32:43.389366,37761
RM0158,Credit Card,2026-02-05 00:00:00.000000,120098
RM0171,Life Insurance,2025-10-02 00:00:00.000000,52586
RM0207,Life Insurance,2019-06-11 00:00:00.000000,178189
RM0215,Current Account,2026-05-03 00:00:00.000000,15450
RM0076,Health Insurance,2020-10-20 00:00:00.000000,40825
RM0064,ULIP,2020-09-21 00:00:00.000000,37156
RM0116,Recurring Deposit,2021-10-26 00:00:00.000000,55840
RM0028,Term Insurance,2025-09-18 10:32:43.389398,93556
RM0239,Fixed Deposit,2020-06-12 00:00:00.000000,102083
RM0233,Saving Account,2020-05-30 00:00:00.000000,65462
RM0002,Loan Against Property,2024-11-28 00:00:00.000000,61296
RM0229,Credit Card,2021-05-02 00:00:00.000000,158825
RM0211,Recurring Deposit,2021-06-22 00:00:00.000000,34200
RM0147,Gold Investment,2024-02-11 00:00:00.000000,99423
RM0171,Health Insurance,2026-05-31 00:00:00.000000,137235
RM0081,Gold Investment,2024-03-15 00:00:00.000000,43818
RM0148,Recurring Deposit,2021-07-06 00:00:00.000000,75300
RM0186,Credit Card,2021-01-26 00:00:00.000000,33662
RM0204,Saving Account,2021-12-13 00:00:00.000000,18650
RM0065,Credit Card,2022-11-21 00:00:00.000000,54155
RM0211,Life Insurance,2020-07-13 00:00:00.000000,20937
RM0038,Life Insurance,2020-10-04 00:00:00.000000,40587
RM0042,Mutual Funds,2019-07-15 00:00:00.000000,113130
RM0197,Fixed Deposit,2022-11-27 00:00:00.000000,14497
RM0218,ULIP,2019-12-11 00:00:00.000000,11545
RM0115,Recurring Deposit,2023-07-03 00:00:00.000000,56630
RM0065,Recurring Deposit,2025-07-31 00:00:00.000000,30103
RM0190,Mutual Funds,2019-01-28 00:00:00.000000,37058
RM0239,ULIP,2026-03-22 10:32:43.389435,36019
RM0030,Term Insurance,2022-02-23 00:00:00.000000,14530
RM0051,Health Insurance,2020-02-08 00:00:00.000000,10178
RM0004,Mutual Funds,2020-09-30 00:00:00.000000,124347
RM0173,Current Account,2023-07-31 00:00:00.000000,22282
RM0169,Loan Against Property,2021-08-12 00:00:00.000000,37763
RM0152,Health Insurance,2021-02-12 00:00:00.000000,188645
RM0205,Current Account,2025-01-12 00:00:00.000000,97654
RM0149,Gold Investment,2025-02-14 00:00:00.000000,15710
RM0097,Life Insurance,2022-06-04 00:00:00.000000,45516
RM0063,ULIP,2023-08-14 00:00:00.000000,75481
RM0024,Term Insurance,2026-01-30 00:00:00.000000,69931
RM0088,Health Insurance,2023-02-14 00:00:00.000000,81531
RM0142,Mutual Funds,2022-03-12 00:00:00.000000,40574
RM0046,Recurring Deposit,2024-11-29 00:00:00.000000,19674
RM0159,Current Account,2020-04-01 00:00:00.000000,41262
RM0159,Loan Against Property,2024-05-12 00:00:00.000000,62190
RM0186,Gold Investment,2023-11-04 00:00:00.000000,56900
RM0019,ULIP,2023-11-24 00:00:00.000000,13656
RM0232,Loan Against Property,2024-02-10 00:00:00.000000,13357
RM0127,Term Insurance,2025-08-20 00:00:00.000000,177990
RM0118,Fixed Deposit,2022-04-25 00:00:00.000000,18232
RM0035,Recurring Deposit,2024-12-13 00:00:00.000000,27439
RM0146,Credit Card,2023-10-28 00:00:00.000000,82972
RM0223,Mutual Funds,2023-09-14 00:00:00.000000,88888888
RM0221,Saving Account,2025-06-06 00:00:00.000000,11241
RM0097,Recurring Deposit,2020-09-05 00:00:00.000000,36354
RM0117,Term Insurance,2023-06-16 00:00:00.000000,20011
RM0240,Credit Card,2026-01-25 00:00:00.000000,41483
RM0247,Mutual Funds,2024-10-26 00:00:00.000000,52076
RM0174,Credit Card,2022-08-21 00:00:00.000000,16756
RM0149,Saving Account,2023-08-08 00:00:00.000000,40143
RM0159,Recurring Deposit,2022-03-07 00:00:00.000000,135632
RM0215,ULIP,2023-05-12 00:00:00.000000,26752
RM0020,Gold Investment,2019-09-14 00:00:00.000000,64136
RM0040,ULIP,2021-08-09 00:00:00.000000,15955
RM0202,Recurring Deposit,2023-01-27 00:00:00.000000,34902
RM0129,Mutual Funds,2026-01-02 00:00:00.000000,77545
RM0016,Loan Against Property,2025-10-10 00:00:00.000000,22732
RM0234,Gold Investment,2022-03-28 00:00:00.000000,54551
RM0070,Recurring Deposit,2019-05-15 00:00:00.000000,18328
RM0202,Current Account,2025-07-14 00:00:00.000000,15418
RM0197,Saving Account,2024-09-24 00:00:00.000000,47036
RM0063,Life Insurance,2022-12-14 00:00:00.000000,45355
RM0155,Gold Investment,2023-05-27 00:00:00.000000,66198
RM0110,Gold Investment,2023-02-05 00:00:00.000000,16016
RM0161,Gold Investment,2019-10-19 00:00:00.000000,134915
RM0122,Term Insurance,2024-08-25 00:00:00.000000,22794
RM0074,Credit Card,2024-09-07 00:00:00.000000,16390
RM0086,Current Account,2020-04-06 00:00:00.000000,21326
RM0239,Health Insurance,2019-04-30 00:00:00.000000,19290
RM0007,Saving Account,2021-09-26 00:00:00.000000,14752
RM0221,Health Insurance,2026-06-27 00:00:00.000000,89934
RM0184,Recurring Deposit,2024-02-21 00:00:00.000000,44213
RM0185,ULIP,2024-06-19 00:00:00.000000,34593
RM0142,Gold Investment,2020-07-15 00:00:00.000000,160418
RM0215,Recurring Deposit,2022-11-20 00:00:00.000000,33181
RM0125,Credit Card,2025-08-04 00:00:00.000000,19134
RM0123,Health Insurance,2025-11-22 00:00:00.000000,26013
RM0244,Recurring Deposit,2024-05-27 00:00:00.000000,23653
RM0050,Term Insurance,2021-04-21 00:00:00.000000,44531
RM0105,Life Insurance,2025-08-12 00:00:00.000000,27230
RM0037,Loan Against Property,2023-06-23 00:00:00.000000,46289
RM0003,Credit Card,2024-08-28 00:00:00.000000,65326
RM0125,Term Insurance,2022-04-12 00:00:00.000000,85096
RM0138,Gold Investment,2021-01-10 00:00:00.000000,71920
RM0238,Health Insurance,2020-01-27 00:00:00.000000,21507
RM0012,Term Insurance,2022-01-11 00:00:00.000000,16159
RM0141,Health Insurance,2024-06-17 00:00:00.000000,49093
RM0177,Fixed Deposit,2024-02-08 00:00:00.000000,21089
RM0050,Health Insurance,2026-02-01 00:00:00.000000,14437
RM0180,Term Insurance,2019-04-16 00:00:00.000000,47442
RM0216,Loan Against Property,2019-09-23 00:00:00.000000,29785
RM0245,Gold Investment,2025-04-13 00:00:00.000000,80559
RM0197,Life Insurance,2019-05-12 00:00:00.000000,28857
RM0035,ULIP,2024-02-16 00:00:00.000000,202492
RM0145,Life Insurance,2023-08-10 00:00:00.000000,81049
RM0091,Term Insurance,2019-04-12 00:00:00.000000,12971
RM0235,Gold Investment,2021-07-31 00:00:00.000000,45552
RM0167,Credit Card,2020-10-13 00:00:00.000000,51347
RM0017,Term Insurance,2022-09-21 00:00:00.000000,69421
RM0162,ULIP,2024-10-20 00:00:00.000000,44437
RM0160,Fixed Deposit,2020-09-15 00:00:00.000000,43028
RM0002,Term Insurance,2021-06-30 00:00:00.000000,32938
RM0238,ULIP,2024-10-10 00:00:00.000000,25835
RM0073,Fixed Deposit,2019-03-03 00:00:00.000000,156124
RM0110,Life Insurance,2021-11-05 00:00:00.000000,29106
RM0059,Health Insurance,2024-01-28 00:00:00.000000,13276
RM0075,Health Insurance,2023-01-31 00:00:00.000000,19153
RM0249,Credit Card,2025-11-08 10:32:43.389499,107342
RM0122,Credit Card,2024-11-11 00:00:00.000000,54171
RM0177,Saving Account,2021-09-27 00:00:00.000000,85430
RM0207,Recurring Deposit,2021-01-21 00:00:00.000000,92716
RM0112,Gold Investment,2023-06-23 00:00:00.000000,96647
RM0121,Credit Card,2020-04-25 00:00:00.000000,49993
RM0057,Credit Card,2021-01-19 00:00:00.000000,19747
RM0217,Recurring Deposit,2022-03-18 00:00:00.000000,18022
RM0092,Current Account,2023-10-30 00:00:00.000000,52663
RM0228,Saving Account,2025-11-05 10:32:43.389533,32825
RM0086,Saving Account,2021-04-08 00:00:00.000000,50827
RM0225,Recurring Deposit,2019-06-03 00:00:00.000000,44505
RM0003,Saving Account,2024-01-03 00:00:00.000000,56090
RM0189,Recurring Deposit,2019-03-19 00:00:00.000000,11631
RM0198,Fixed Deposit,2023-06-07 00:00:00.000000,11669
RM0142,Current Account,2026-01-24 00:00:00.000000,73933
RM0074,Recurring Deposit,2024-10-25 00:00:00.000000,20729
RM0109,Life Insurance,2022-12-13 00:00:00.000000,88888888
RM0196,Health Insurance,2020-01-16 00:00:00.000000,62806
RM0003,Current Account,2020-01-19 00:00:00.000000,49546
RM0155,Gold Investment,2022-03-04 00:00:00.000000,210301
RM0241,Life Insurance,2019-06-28 00:00:00.000000,100213
RM0167,Credit Card,2025-12-13 00:00:00.000000,36647
RM0040,ULIP,2022-11-19 00:00:00.000000,57909
RM0188,Life Insurance,2024-06-19 00:00:00.000000,16237
RM0200,Credit Card,2025-07-13 00:00:00.000000,34419
RM0148,Gold Investment,2022-12-03 00:00:00.000000,76191
RM0030,Saving Account,2020-09-30 00:00:00.000000,58731
RM0173,Saving Account,2023-10-26 00:00:00.000000,43128
RM0027,Recurring Deposit,2025-08-17 00:00:00.000000,19711
RM0037,Loan Against Property,2023-10-07 00:00:00.000000,91264
RM0128,Credit Card,2021-09-22 00:00:00.000000,25952
RM0240,Credit Card,2023-10-30 00:00:00.000000,95873
RM0114,Current Account,2019-03-30 00:00:00.000000,57287
RM0219,Recurring Deposit,2021-09-06 00:00:00.000000,33319
RM0109,Health Insurance,2023-07-29 00:00:00.000000,12072
RM0011,Saving Account,2025-12-29 00:00:00.000000,23225
RM0065,Loan Against Property,2024-11-03 10:32:43.389572,119943
RM0222,Gold Investment,2023-05-09 00:00:00.000000,95180
RM0156,Recurring Deposit,2024-12-30 00:00:00.000000,52766
RM0197,Health Insurance,2026-05-02 00:00:00.000000,41398
RM0010,Current Account,2023-04-30 00:00:00.000000,62084
RM0094,Health Insurance,2019-07-20 00:00:00.000000,88888888
RM0046,Term Insurance,2022-08-06 00:00:00.000000,41391
RM0069,Mutual Funds,2022-01-29 00:00:00.000000,61684
RM0016,Health Insurance,2025-03-05 10:32:43.389605,28365
RM0181,Current Account,2026-07-15 00:00:00.000000,101161
RM0213,Life Insurance,2026-05-07 00:00:00.000000,17078
RM0225,Loan Against Property,2025-03-20 10:32:43.389635,70519
RM0206,Mutual Funds,2023-02-20 00:00:00.000000,30022
RM0054,Term Insurance,2019-10-11 00:00:00.000000,98794
RM0019,Gold Investment,2025-12-30 00:00:00.000000,43407
RM0099,Current Account,2023-10-30 00:00:00.000000,19596
RM0240,Current Account,2020-04-20 00:00:00.000000,14044
RM0153,Gold Investment,2024-08-18 00:00:00.000000,70132
RM0204,ULIP,2021-09-24 00:00:00.000000,110168
RM0079,Fixed Deposit,2026-04-01 00:00:00.000000,92367
RM0217,Term Insurance,2022-08-11 00:00:00.000000,63304
RM0035,Loan Against Property,2021-05-04 00:00:00.000000,17621
RM0070,Saving Account,2024-03-09 00:00:00.000000,14938
RM0202,Term Insurance,2019-07-02 00:00:00.000000,31158
RM0041,ULIP,2022-04-14 00:00:00.000000,106520
RM0247,ULIP,2022-03-03 00:00:00.000000,173162
RM0083,Current Account,2020-07-01 00:00:00.000000,23811
RM0209,ULIP,2026-03-17 00:00:00.000000,81794
RM0245,Gold Investment,2025-04-18 10:32:43.389671,52650
RM0092,Loan Against Property,2025-01-15 10:32:43.389701,11616
RM0131,Fixed Deposit,2024-03-28 00:00:00.000000,49144
RM0179,Life Insurance,2020-06-11 00:00:00.000000,91979
RM0227,Recurring Deposit,2024-08-24 00:00:00.000000,26156
RM0207,Saving Account,2023-04-19 00:00:00.000000,123827
RM0050,Life Insurance,2022-03-03 00:00:00.000000,10227
RM0203,Saving Account,2019-07-18 00:00:00.000000,23476
RM0019,Recurring Deposit,2025-03-25 10:32:43.389734,13977
RM0043,Loan Against Property,2025-08-20 00:00:00.000000,18714
RM0036,Current Account,2023-07-05 00:00:00.000000,100701
RM0028,Life Insurance,2022-07-07 00:00:00.000000,37004
RM0117,Loan Against Property,2022-04-10 00:00:00.000000,89714
RM0121,ULIP,2026-04-17 00:00:00.000000,47882
RM0186,Life Insurance,2020-02-04 00:00:00.000000,42750
RM0125,Life Insurance,2025-09-29 00:00:00.000000,92230
RM0244,Recurring Deposit,2019-01-08 00:00:00.000000,37537
RM0037,ULIP,2020-03-21 00:00:00.000000,90982
RM0093,Current Account,2020-09-29 00:00:00.000000,15304
RM0238,Life Insurance,2023-06-05 00:00:00.000000,60572
RM0043,Current Account,2020-03-28 00:00:00.000000,70631
RM0148,ULIP,2023-02-01 00:00:00.000000,124679
RM0112,ULIP,2021-12-07 00:00:00.000000,22701
RM0205,Gold Investment,2025-12-03 00:00:00.000000,56344
RM0060,Health Insurance,2025-09-13 00:00:00.000000,38392
RM0147,Health Insurance,2019-06-26 00:00:00.000000,34125
RM0070,Life Insurance,2023-06-15 00:00:00.000000,15642
RM0206,Gold Investment,2022-01-04 00:00:00.000000,17206
RM0235,Mutual Funds,2026-01-18 00:00:00.000000,100696
RM0227,Saving Account,2019-09-03 00:00:00.000000,79265
RM0178,Health Insurance,2020-07-21 00:00:00.000000,34090
RM0161,ULIP,2019-06-09 00:00:00.000000,98154
RM0215,ULIP,2025-02-19 10:32:43.389773,14210
RM0104,Current Account,2024-05-05 00:00:00.000000,59011
RM0019,Term Insurance,2022-02-25 00:00:00.000000,111314
RM0229,Term Insurance,2021-01-05 00:00:00.000000,101275
RM0116,Saving Account,2023-12-12 00:00:00.000000,33323
RM0036,Health Insurance,2019-11-06 00:00:00.000000,78370
RM0099,Credit Card,2022-02-08 00:00:00.000000,37884
RM0236,Term Insurance,2022-10-08 00:00:00.000000,101672
RM0237,Credit Card,2021-08-12 00:00:00.000000,47832
RM0240,Recurring Deposit,2025-10-22 00:00:00.000000,82378
RM0065,Term Insurance,2019-11-02 00:00:00.000000,14091
RM0036,Loan Against Property,2024-06-16 00:00:00.000000,54583
RM0185,Saving Account,2019-02-27 00:00:00.000000,49956
RM0124,ULIP,2026-05-20 00:00:00.000000,57077
RM0173,Credit Card,2024-10-06 00:00:00.000000,69477
RM0019,Credit Card,2021-10-31 00:00:00.000000,135118
RM0120,Fixed Deposit,2023-07-07 00:00:00.000000,87014
RM0066,Gold Investment,2022-03-23 00:00:00.000000,22399
RM0209,Loan Against Property,2019-11-09 00:00:00.000000,97405
RM0030,Loan Against Property,2021-07-12 00:00:00.000000,16509
RM0203,Current Account,2025-08-20 10:32:43.389816,58669
RM0150,Health Insurance,2023-03-20 00:00:00.000000,117173
RM0170,ULIP,2025-10-23 00:00:00.000000,15330
RM0246,Loan Against Property,2021-07-30 00:00:00.000000,104753
RM0036,Recurring Deposit,2026-07-22 00:00:00.000000,90128
RM0008,Fixed Deposit,2019-12-30 00:00:00.000000,45036
RM0244,Gold Investment,2020-01-20 00:00:00.000000,28473
RM0140,Fixed Deposit,2023-12-13 00:00:00.000000,35996
RM0008,Life Insurance,2022-10-27 00:00:00.000000,183140
RM0213,Loan Against Property,2023-01-02 00:00:00.000000,21263
RM0235,Saving Account,2025-03-08 00:00:00.000000,53327
RM0223,Current Account,2024-12-30 10:32:43.389850,14345
RM0108,Saving Account,2023-12-02 00:00:00.000000,22288
RM0069,Health Insurance,2024-07-29 00:00:00.000000,82051
RM0011,Mutual Funds,2024-05-19 00:00:00.000000,28019
RM0107,Term Insurance,2022-09-29 00:00:00.000000,222606
RM0019,Fixed Deposit,2026-02-09 00:00:00.000000,44739
RM0069,Fixed Deposit,2021-07-04 00:00:00.000000,46339
RM0243,Term Insurance,2024-11-18 00:00:00.000000,11849
RM0023,Fixed Deposit,2020-01-11 00:00:00.000000,166780
RM0068,Health Insurance,2025-05-13 00:00:00.000000,19572
RM0165,Loan Against Property,2024-05-20 00:00:00.000000,48646
RM0220,Recurring Deposit,2024-02-18 00:00:00.000000,35182
RM0120,Current Account,2019-11-27 00:00:00.000000,36857
RM0167,Loan Against Property,2019-01-23 00:00:00.000000,468091
RM0008,Term Insurance,2021-02-07 00:00:00.000000,61543
RM0249,Life Insurance,2024-08-25 00:00:00.000000,64248
RM0144,ULIP,2019-03-23 00:00:00.000000,18378
RM0173,Saving Account,2025-02-18 00:00:00.000000,44616
RM0083,Health Insurance,2024-08-03 00:00:00.000000,88146
RM0090,Life Insurance,2022-10-14 00:00:00.000000,39285
RM0237,Life Insurance,2022-03-26 00:00:00.000000,19064
RM0147,Saving Account,2024-05-12 00:00:00.000000,28786
RM0076,Saving Account,2025-03-25 00:00:00.000000,21936
RM0096,Gold Investment,2022-03-28 00:00:00.000000,28653
RM0198,Health Insurance,2023-11-18 00:00:00.000000,16723
RM0136,Term Insurance,2024-10-24 00:00:00.000000,33707
RM0173,Saving Account,2025-04-03 00:00:00.000000,14641
RM0207,Term Insurance,2020-12-08 00:00:00.000000,48928
RM0119,Mutual Funds,2020-03-16 00:00:00.000000,13776
RM0082,Credit Card,2023-09-21 00:00:00.000000,56294
RM0065,Mutual Funds,2025-05-21 00:00:00.000000,258267
RM0062,Current Account,2019-11-28 00:00:00.000000,176385
RM0084,Recurring Deposit,2019-10-10 00:00:00.000000,98355
RM0044,Mutual Funds,2025-11-23 00:00:00.000000,25485
RM0095,Saving Account,2024-12-01 00:00:00.000000,11133
RM0250,Recurring Deposit,2019-01-26 00:00:00.000000,99650
RM0147,Health Insurance,2025-07-31 00:00:00.000000,12866
RM0097,Loan Against Property,2021-12-04 00:00:00.000000,790743
RM0159,ULIP,2023-10-30 00:00:00.000000,21510
RM0161,Fixed Deposit,2021-01-07 00:00:00.000000,49312
RM0182,Current Account,2024-08-12 00:00:00.000000,19823
RM0049,Recurring Deposit,2026-02-19 00:00:00.000000,99724
RM0104,Current Account,2025-02-05 00:00:00.000000,85064
RM0095,Life Insurance,2021-11-17 00:00:00.000000,80482
RM0208,Loan Against Property,2023-09-10 00:00:00.000000,160511
RM0069,Mutual Funds,2022-12-14 00:00:00.000000,94675
RM0031,Health Insurance,2026-02-20 00:00:00.000000,22403
RM0082,Life Insurance,2024-12-16 10:32:43.389898,75261
RM0038,ULIP,2019-03-13 00:00:00.000000,31947
RM0210,Loan Against Property,2026-01-12 00:00:00.000000,64957
RM0075,Fixed Deposit,2025-05-03 00:00:00.000000,16506
RM0003,Loan Against Property,2022-09-20 00:00:00.000000,71138
RM0160,Health Insurance,2026-06-23 00:00:00.000000,188970
RM0144,Credit Card,2019-04-24 00:00:00.000000,12228
RM0042,Term Insurance,2025-11-02 10:32:43.389930,14926
RM0131,Saving Account,2020-09-30 00:00:00.000000,16598
RM0157,Credit Card,2021-11-30 00:00:00.000000,38155
RM0193,Gold Investment,2025-05-31 00:00:00.000000,27179
RM0215,Gold Investment,2026-03-12 00:00:00.000000,92232
RM0029,Health Insurance,2025-06-28 00:00:00.000000,7282
RM0080,ULIP,2023-03-29 00:00:00.000000,42102
RM0224,Gold Investment,2025-12-15 00:00:00.000000,43134
RM0147,Credit Card,2025-06-05 00:00:00.000000,73122
RM0080,Term Insurance,2025-09-11 00:00:00.000000,32468
RM0158,Saving Account,2025-07-11 00:00:00.000000,88888888
RM0188,Gold Investment,2022-07-03 00:00:00.000000,31786
RM0048,Life Insurance,2022-03-12 00:00:00.000000,80719
RM0127,Gold Investment,2023-07-13 00:00:00.000000,85715
RM0208,Current Account,2024-10-08 00:00:00.000000,10725
RM0081,Term Insurance,2020-12-23 00:00:00.000000,17762
RM0207,Term Insurance,2024-09-18 10:32:43.389967,21982
RM0104,Life Insurance,2020-12-17 00:00:00.000000,31662
RM0034,Recurring Deposit,2021-02-19 00:00:00.000000,27226
RM0135,Current Account,2023-04-02 00:00:00.000000,65209
RM0203,Current Account,2023-06-26 00:00:00.000000,98052
RM0248,Gold Investment,2024-01-28 00:00:00.000000,20665
RM0146,Term Insurance,2020-07-04 00:00:00.000000,51388
RM0238,Life Insurance,2021-02-06 00:00:00.000000,32928
RM0074,ULIP,2021-05-29 00:00:00.000000,45238
RM0239,Mutual Funds,2024-04-09 00:00:00.000000,58479
RM0064,ULIP,2026-07-11 00:00:00.000000,122027
RM0170,Loan Against Property,2020-09-11 00:00:00.000000,20677
RM0061,Fixed Deposit,2025-07-01 00:00:00.000000,14551
RM0011,Life Insurance,2019-12-13 00:00:00.000000,59337
RM0109,Gold Investment,2022-05-06 00:00:00.000000,35054
RM0144,Credit Card,2025-03-12 00:00:00.000000,18890
RM0127,Life Insurance,2020-10-03 00:00:00.000000,16226
RM0164,Fixed Deposit,2025-09-27 00:00:00.000000,50925
RM0070,Gold Investment,2023-01-22 00:00:00.000000,27867
RM0052,Term Insurance,2020-06-24 00:00:00.000000,308122
RM0045,Recurring Deposit,2026-06-30 10:32:43.390009,36035
RM0192,Life Insurance,2023-02-28 00:00:00.000000,21931
RM0197,Credit Card,2024-02-08 00:00:00.000000,59557
RM0176,Recurring Deposit,2021-11-09 00:00:00.000000,24002
RM0188,Health Insurance,2022-09-06 00:00:00.000000,44069
RM0182,Mutual Funds,2021-11-12 00:00:00.000000,88888888
RM0186,Life Insurance,2025-06-15 00:00:00.000000,42944
RM0117,Credit Card,2023-11-30 00:00:00.000000,40216
RM0057,Current Account,2025-04-12 00:00:00.000000,89502
RM0102,Life Insurance,2020-03-07 00:00:00.000000,22206
RM0215,Loan Against Property,2021-02-21 00:00:00.000000,127330
RM0132,Life Insurance,2026-07-05 00:00:00.000000,88352
RM0078,Gold Investment,2024-11-19 00:00:00.000000,30257
RM0028,Mutual Funds,2020-06-11 00:00:00.000000,19959
RM0182,Credit Card,2026-01-15 00:00:00.000000,26392
RM0247,Credit Card,2022-11-30 00:00:00.000000,30221
RM0038,Mutual Funds,2022-06-22 00:00:00.000000,50701
RM0232,Health Insurance,2019-10-22 00:00:00.000000,12373
RM0034,Health Insurance,2024-02-27 00:00:00.000000,132879
RM0163,Health Insurance,2019-11-20 00:00:00.000000,15194
RM0062,Saving Account,2023-01-31 00:00:00.000000,26374
RM0217,Loan Against Property,2019-01-29 00:00:00.000000,15786
RM0213,Health Insurance,2020-09-25 00:00:00.000000,24830
RM0212,Credit Card,2019-07-27 00:00:00.000000,18364
RM0243,Saving Account,2019-10-03 00:00:00.000000,100907
RM0212,Credit Card,2024-08-22 10:32:43.390050,57748
RM0050,Loan Against Property,2019-11-25 00:00:00.000000,22894
RM0225,Fixed Deposit,2025-10-15 10:32:43.390080,112692
RM0241,Loan Against Property,2025-03-01 00:00:00.000000,88888888
RM0155,Fixed Deposit,2019-10-05 00:00:00.000000,90650
RM0099,Current Account,2025-10-01 00:00:00.000000,80049
RM0005,Health Insurance,2026-06-12 00:00:00.000000,104073
RM0056,Current Account,2023-02-21 00:00:00.000000,58333
RM0037,Saving Account,2023-12-18 00:00:00.000000,44801
RM0088,Life Insurance,2024-09-22 00:00:00.000000,33415
RM0184,Current Account,2021-04-18 00:00:00.000000,22664
RM0128,Term Insurance,2024-04-16 00:00:00.000000,50755
RM0154,ULIP,2020-09-28 00:00:00.000000,120133
RM0208,Saving Account,2021-09-09 00:00:00.000000,55067
RM0029,Credit Card,2024-11-15 00:00:00.000000,136041
RM0020,Term Insurance,2020-06-06 00:00:00.000000,32074
RM0020,Mutual Funds,2024-08-13 00:00:00.000000,69394
RM0212,ULIP,2024-09-28 00:00:00.000000,72466
RM0126,Term Insurance,2025-10-15 10:32:43.390117,62300
RM0095,Health Insurance,2020-07-28 00:00:00.000000,65498
RM0129,Recurring Deposit,2023-09-16 00:00:00.000000,61787
RM0053,Life Insurance,2022-08-21 00:00:00.000000,22529
RM0077,Loan Against Property,2024-04-12 00:00:00.000000,17750
RM0125,ULIP,2025-02-04 00:00:00.000000,202284
RM0023,Saving Account,2024-05-05 00:00:00.000000,12317
RM0181,Gold Investment,2021-04-18 00:00:00.000000,41530
RM0104,Current Account,2025-10-15 00:00:00.000000,37676
RM0237,Term Insurance,2020-07-21 00:00:00.000000,32315
RM0221,Recurring Deposit,2021-06-15 00:00:00.000000,86159
RM0214,Fixed Deposit,2026-05-21 00:00:00.000000,78393
RM0095,Term Insurance,2025-02-01 00:00:00.000000,127812
RM0151,Health Insurance,2023-01-06 00:00:00.000000,35166
RM0221,Loan Against Property,2022-11-20 00:00:00.000000,51526
RM0028,Fixed Deposit,2024-08-06 00:00:00.000000,121423
RM0235,ULIP,2023-07-18 00:00:00.000000,264549
RM0066,Saving Account,2019-11-22 00:00:00.000000,8811
RM0232,Gold Investment,2019-03-24 00:00:00.000000,184165
RM0116,Saving Account,2019-09-25 00:00:00.000000,73264
RM0079,Saving Account,2026-01-22 00:00:00.000000,17729
RM0137,Credit Card,2022-09-23 00:00:00.000000,11172
RM0017,Mutual Funds,2025-08-04 00:00:00.000000,97210
RM0119,Recurring Deposit,2024-11-04 00:00:00.000000,101924
RM0080,Life Insurance,2019-08-20 00:00:00.000000,78592
RM0163,Recurring Deposit,2020-05-10 00:00:00.000000,26419
RM0239,Recurring Deposit,2021-02-05 00:00:00.000000,61057
RM0023,Current Account,2023-12-24 00:00:00.000000,29008
RM0127,Fixed Deposit,2021-06-19 00:00:00.000000,39950
RM0048,Credit Card,2025-10-25 00:00:00.000000,34098
RM0111,Loan Against Property,2021-01-02 00:00:00.000000,132461
RM0092,Recurring Deposit,2023-07-25 00:00:00.000000,23338
RM0180,Credit Card,2024-05-16 00:00:00.000000,53091
RM0012,Mutual Funds,2022-01-10 00:00:00.000000,32391
RM0051,Saving Account,2022-01-25 00:00:00.000000,64394
RM0250,Saving Account,2019-04-05 00:00:00.000000,51570
RM0201,Life Insurance,2019-09-29 00:00:00.000000,138836
RM0158,Term Insurance,2025-10-15 00:00:00.000000,15357
RM0237,Loan Against Property,2022-01-22 00:00:00.000000,22464
RM0217,Fixed Deposit,2021-12-05 00:00:00.000000,82696
RM0165,Gold Investment,2019-01-15 00:00:00.000000,33005
RM0071,Mutual Funds,2022-01-26 00:00:00.000000,19063
RM0018,Recurring Deposit,2019-12-26 00:00:00.000000,44990
RM0205,Recurring Deposit,2025-01-15 00:00:00.000000,62798
RM0047,Recurring Deposit,2022-09-01 00:00:00.000000,12293
RM0185,Mutual Funds,2026-01-11 00:00:00.000000,27238
RM0070,Mutual Funds,2025-12-28 00:00:00.000000,92884
RM0114,Saving Account,2024-11-03 00:00:00.000000,29924
RM0068,Recurring Deposit,2019-08-01 00:00:00.000000,46723
RM0118,Loan Against Property,2023-05-11 00:00:00.000000,11801
RM0063,Mutual Funds,2019-07-26 00:00:00.000000,26560
RM0234,Fixed Deposit,2023-06-17 00:00:00.000000,60963
RM0236,ULIP,2020-12-10 00:00:00.000000,21117
RM0177,ULIP,2026-06-14 00:00:00.000000,97836
RM0125,Gold Investment,2025-01-25 00:00:00.000000,66439
RM0009,Gold Investment,2026-01-07 00:00:00.000000,41874
RM0217,Fixed Deposit,2026-01-21 00:00:00.000000,133623
RM0178,Gold Investment,2024-08-27 00:00:00.000000,34862
RM0117,Health Insurance,2025-06-06 00:00:00.000000,23398
RM0187,Term Insurance,2024-11-15 00:00:00.000000,64147
RM0180,Loan Against Property,2026-01-29 10:32:43.390169,52583
RM0214,Saving Account,2024-06-21 00:00:00.000000,30417
RM0174,Loan Against Property,2025-09-10 00:00:00.000000,31054
RM0032,Mutual Funds,2022-04-17 00:00:00.000000,35392
RM0098,Loan Against Property,2024-06-10 00:00:00.000000,27204
RM0020,Mutual Funds,2019-08-31 00:00:00.000000,71935
RM0006,Health Insurance,2020-09-29 00:00:00.000000,62685
RM0200,Term Insurance,2023-08-30 00:00:00.000000,39060
RM0220,Saving Account,2020-08-21 00:00:00.000000,35362
RM0152,Current Account,2020-11-24 00:00:00.000000,32710
RM0207,Term Insurance,2024-11-22 00:00:00.000000,26666
RM0044,Life Insurance,2022-12-19 00:00:00.000000,14479
RM0120,Life Insurance,2026-07-28 00:00:00.000000,25612
RM0063,Mutual Funds,2026-01-23 00:00:00.000000,29371
RM0059,Gold Investment,2021-02-05 00:00:00.000000,49668
RM0020,Life Insurance,2021-09-14 00:00:00.000000,84314
RM0106,Recurring Deposit,2025-02-21 00:00:00.000000,35184
RM0045,Term Insurance,2024-04-23 00:00:00.000000,154800
RM0123,ULIP,2025-06-07 00:00:00.000000,97824
RM0124,Recurring Deposit,2024-05-25 00:00:00.000000,219329
RM0092,Current Account,2020-07-15 00:00:00.000000,114455
RM0008,Term Insurance,2025-11-09 00:00:00.000000,57950
RM0231,Health Insurance,2024-01-17 00:00:00.000000,33393
RM0024,Health Insurance,2020-03-03 00:00:00.000000,55624
RM0126,Recurring Deposit,2020-09-18 00:00:00.000000,16935
RM0036,Fixed Deposit,2025-12-22 00:00:00.000000,74078
RM0185,Recurring Deposit,2019-09-09 00:00:00.000000,55840
RM0114,Saving Account,2025-01-24 00:00:00.000000,45355
RM0056,Current Account,2020-03-17 00:00:00.000000,69092
RM0232,Current Account,2023-02-16 00:00:00.000000,39353
RM0226,Credit Card,2022-05-25 00:00:00.000000,47102
RM0191,Life Insurance,2025-03-02 00:00:00.000000,35404
RM0115,Credit Card,2026-03-20 00:00:00.000000,73180
RM0142,Credit Card,2025-10-21 00:00:00.000000,114620
RM0218,Life Insurance,2025-02-22 00:00:00.000000,101893
RM0115,Health Insurance,2019-11-19 00:00:00.000000,87094
RM0109,ULIP,2023-12-24 00:00:00.000000,10694
RM0074,Life Insurance,2026-07-26 00:00:00.000000,131453
RM0212,Life Insurance,2025-12-01 00:00:00.000000,26070
RM0139,Credit Card,2026-07-01 00:00:00.000000,119451
RM0099,Recurring Deposit,2026-03-08 00:00:00.000000,20968
RM0055,Mutual Funds,2025-10-05 10:32:43.390215,38959
RM0029,Term Insurance,2020-04-10 00:00:00.000000,79194
RM0218,Saving Account,2023-04-26 00:00:00.000000,61121
RM0089,Mutual Funds,2021-08-16 00:00:00.000000,36886
RM0037,Mutual Funds,2025-07-24 00:00:00.000000,66757
RM0077,Current Account,2019-07-03 00:00:00.000000,49808
RM0151,Saving Account,2020-02-04 00:00:00.000000,26129
RM0249,Current Account,2025-10-27 00:00:00.000000,61969
RM0028,Life Insurance,2021-04-10 00:00:00.000000,21423
RM0181,Loan Against Property,2019-12-06 00:00:00.000000,69206
RM0046,Health Insurance,2020-02-21 00:00:00.000000,10155
RM0217,Gold Investment,2021-05-25 00:00:00.000000,49789
RM0159,Saving Account,2025-08-20 00:00:00.000000,88888888
RM0029,Recurring Deposit,2021-05-17 00:00:00.000000,35630
RM0211,Health Insurance,2023-08-29 00:00:00.000000,28055
RM0003,Mutual Funds,2020-02-14 00:00:00.000000,46253
RM0154,Health Insurance,2020-10-19 00:00:00.000000,61825
RM0241,Recurring Deposit,2019-06-05 00:00:00.000000,88888888
RM0104,Recurring Deposit,2023-07-15 00:00:00.000000,178068
RM0160,Recurring Deposit,2019-07-16 00:00:00.000000,99507
RM0249,Health Insurance,2025-05-31 00:00:00.000000,73141
RM0052,Gold Investment,2025-12-23 00:00:00.000000,42597
RM0091,ULIP,2023-04-14 00:00:00.000000,34890
RM0059,Fixed Deposit,2025-10-04 00:00:00.000000,11653
RM0134,Saving Account,2023-02-01 00:00:00.000000,32243
RM0139,Health Insurance,2019-03-27 00:00:00.000000,104317
RM0090,Saving Account,2020-08-03 00:00:00.000000,34227
RM0112,Fixed Deposit,2025-07-03 10:32:43.390267,40956
RM0243,Recurring Deposit,2024-05-07 00:00:00.000000,25861
RM0074,Gold Investment,2026-01-12 10:32:43.390299,26019
RM0024,Fixed Deposit,2024-11-01 10:32:43.390331,13193
RM0212,Life Insurance,2026-07-24 00:00:00.000000,57570
RM0115,Loan Against Property,2023-05-21 00:00:00.000000,39716
RM0159,Fixed Deposit,2025-06-24 00:00:00.000000,56565
RM0173,Credit Card,2024-08-10 10:32:43.390364,49580
RM0154,Life Insurance,2023-11-05 00:00:00.000000,90183
RM0157,ULIP,2024-01-20 00:00:00.000000,79517
RM0046,ULIP,2022-11-02 00:00:00.000000,83800
RM0091,Life Insurance,2021-03-14 00:00:00.000000,44581
RM0075,Current Account,2026-05-26 00:00:00.000000,31838
RM0158,Saving Account,2023-02-03 00:00:00.000000,145480
RM0037,Loan Against Property,2019-07-09 00:00:00.000000,12789
RM0080,ULIP,2025-10-17 00:00:00.000000,18280
RM0172,Gold Investment,2022-03-14 00:00:00.000000,37201
RM0154,Recurring Deposit,2022-01-01 00:00:00.000000,57590
RM0043,Fixed Deposit,2019-08-28 00:00:00.000000,10411
RM0095,Gold Investment,2023-08-30 00:00:00.000000,73527
RM0058,Life Insurance,2022-06-23 00:00:00.000000,50904
RM0037,Current Account,2023-02-03 00:00:00.000000,43150
RM0217,Saving Account,2026-04-04 00:00:00.000000,37538
RM0066,Mutual Funds,2021-04-22 00:00:00.000000,46645
RM0139,Credit Card,2026-06-02 00:00:00.000000,18824
RM0031,Saving Account,2021-08-01 00:00:00.000000,15754
RM0151,Credit Card,2026-02-12 00:00:00.000000,27098
RM0238,Current Account,2024-10-28 00:00:00.000000,71808
RM0026,Recurring Deposit,2024-09-29 00:00:00.000000,54371
RM0020,Life Insurance,2019-01-19 00:00:00.000000,42708
RM0221,Recurring Deposit,2025-07-24 00:00:00.000000,52375
RM0086,Life Insurance,2019-05-11 00:00:00.000000,50964
RM0241,Saving Account,2023-05-29 00:00:00.000000,28339
RM0108,Current Account,2022-01-07 00:00:00.000000,15126
RM0065,Term Insurance,2025-04-03 00:00:00.000000,123545
RM0150,Credit Card,2024-10-20 00:00:00.000000,55803
RM0156,Mutual Funds,2019-10-27 00:00:00.000000,69824
RM0055,Term Insurance,2024-01-13 00:00:00.000000,41180
RM0211,ULIP,2023-05-15 00:00:00.000000,80627
RM0099,Gold Investment,2022-07-14 00:00:00.000000,53913
RM0041,Fixed Deposit,2025-02-04 00:00:00.000000,12765
RM0227,ULIP,2024-03-03 00:00:00.000000,120407
RM0202,Loan Against Property,2022-07-08 00:00:00.000000,28230
RM0149,Credit Card,2019-05-17 00:00:00.000000,17418
RM0077,Recurring Deposit,2025-05-28 00:00:00.000000,14608
RM0241,Recurring Deposit,2025-03-03 10:32:43.390461,73726
RM0219,Loan Against Property,2020-12-09 00:00:00.000000,70864
RM0127,Fixed Deposit,2020-06-07 00:00:00.000000,70225
RM0193,Life Insurance,2019-10-06 00:00:00.000000,133699
RM0218,Term Insurance,2019-03-06 00:00:00.000000,31457
RM0218,Mutual Funds,2023-11-14 00:00:00.000000,51177
RM0142,Gold Investment,2021-04-08 00:00:00.000000,58312
RM0015,Health Insurance,2024-10-05 00:00:00.000000,204322
RM0014,Gold Investment,2023-01-10 00:00:00.000000,28723
RM0119,Saving Account,2021-03-09 00:00:00.000000,166556
RM0239,Health Insurance,2022-10-14 00:00:00.000000,18051
RM0069,Current Account,2023-05-08 00:00:00.000000,82196
RM0046,Fixed Deposit,2023-02-11 00:00:00.000000,60104
RM0204,ULIP,2024-08-18 00:00:00.000000,94885
RM0022,Credit Card,2020-07-12 00:00:00.000000,11455
RM0046,Recurring Deposit,2021-12-27 00:00:00.000000,14067
RM0095,Fixed Deposit,2024-07-05 00:00:00.000000,13612
RM0022,Term Insurance,2025-09-24 10:32:43.390500,54942
RM0225,Loan Against Property,2023-03-18 00:00:00.000000,56182
RM0081,Gold Investment,2024-09-14 00:00:00.000000,128278
RM0199,ULIP,2026-01-01 00:00:00.000000,41518
RM0053,Saving Account,2025-09-18 00:00:00.000000,13523
RM0075,Life Insurance,2025-01-22 00:00:00.000000,21756
RM0085,Fixed Deposit,2025-12-24 00:00:00.000000,10405
RM0097,Current Account,2026-04-01 10:32:43.390533,84965
RM0145,Credit Card,2026-01-20 00:00:00.000000,94532
RM0128,Mutual Funds,2021-10-15 00:00:00.000000,319262
RM0018,Saving Account,2025-09-05 00:00:00.000000,36567
RM0026,Fixed Deposit,2024-11-08 00:00:00.000000,10974
RM0139,ULIP,2019-01-15 00:00:00.000000,23376
RM0224,Life Insurance,2023-07-29 00:00:00.000000,54308
RM0243,Mutual Funds,2020-01-09 00:00:00.000000,173433
RM0031,Term Insurance,2021-04-16 00:00:00.000000,15467
RM0102,Credit Card,2019-02-17 00:00:00.000000,16481
RM0098,Credit Card,2024-03-13 00:00:00.000000,70492
RM0011,Gold Investment,2020-11-12 00:00:00.000000,65011
RM0152,Life Insurance,2025-03-04 00:00:00.000000,24417
RM0079,Saving Account,2024-01-15 00:00:00.000000,93871
RM0074,Loan Against Property,2023-12-11 00:00:00.000000,537716
RM0043,Mutual Funds,2021-01-09 00:00:00.000000,16892
RM0207,Credit Card,2024-06-29 00:00:00.000000,140010
RM0032,Term Insurance,2019-02-06 00:00:00.000000,21221
RM0234,Term Insurance,2023-03-10 00:00:00.000000,14242
RM0193,Term Insurance,2025-04-21 00:00:00.000000,30739
RM0247,Saving Account,2024-02-14 00:00:00.000000,20402
RM0001,Term Insurance,2023-09-03 00:00:00.000000,47426
RM0107,Life Insurance,2021-10-24 00:00:00.000000,68053
RM0061,Credit Card,2024-12-17 00:00:00.000000,43757
RM0098,Saving Account,2019-01-16 00:00:00.000000,64029
RM0227,Health Insurance,2023-03-06 00:00:00.000000,32700
RM0168,Mutual Funds,2024-12-07 10:32:43.390573,11415
RM0078,Current Account,2023-02-27 00:00:00.000000,192606
RM0230,Mutual Funds,2026-07-07 00:00:00.000000,95577
RM0136,Term Insurance,2019-03-31 00:00:00.000000,13812
RM0240,Mutual Funds,2026-07-27 00:00:00.000000,39817
RM0038,Loan Against Property,2025-09-16 00:00:00.000000,60395
RM0233,Fixed Deposit,2026-08-08 00:00:00.000000,20572
RM0069,Credit Card,2020-05-14 00:00:00.000000,53136
RM0186,ULIP,2026-04-27 00:00:00.000000,48140
RM0074,Fixed Deposit,2025-11-08 10:32:43.390607,21676
RM0096,Current Account,2020-09-08 00:00:00.000000,17611
RM0143,Current Account,2022-09-13 00:00:00.000000,81140
RM0244,Mutual Funds,2024-09-13 00:00:00.000000,29473
RM0187,Saving Account,2023-06-07 00:00:00.000000,23988
RM0189,Health Insurance,2025-10-12 00:00:00.000000,76947
RM0165,Loan Against Property,2026-02-01 10:32:43.390639,76603
RM0237,Saving Account,2019-03-06 00:00:00.000000,26175
RM0057,Term Insurance,2023-02-13 00:00:00.000000,113008
RM0201,Recurring Deposit,2021-02-02 00:00:00.000000,88888888
RM0045,Credit Card,2024-06-14 00:00:00.000000,68277
RM0034,Current Account,2019-04-25 00:00:00.000000,31214
RM0096,Health Insurance,2024-08-17 10:32:43.390671,37886
RM0249,Mutual Funds,2024-10-07 00:00:00.000000,74861
RM0093,Mutual Funds,2021-09-04 00:00:00.000000,21886
RM0076,ULIP,2020-05-31 00:00:00.000000,41627
RM0203,Saving Account,2023-12-30 00:00:00.000000,63002
RM0022,Gold Investment,2024-09-08 00:00:00.000000,48771
RM0206,Mutual Funds,2022-06-29 00:00:00.000000,56866
RM0083,Gold Investment,2024-03-04 00:00:00.000000,49506
RM0080,Gold Investment,2022-04-26 00:00:00.000000,21108
RM0040,Fixed Deposit,2021-07-12 00:00:00.000000,36399
RM0210,Credit Card,2022-06-10 00:00:00.000000,47962
RM0207,Recurring Deposit,2020-07-10 00:00:00.000000,85720
RM0235,Mutual Funds,2026-05-11 10:32:43.390705,63051
RM0020,Health Insurance,2026-04-10 00:00:00.000000,37807
RM0083,Mutual Funds,2024-10-17 00:00:00.000000,193257
RM0224,Life Insurance,2022-01-23 00:00:00.000000,15702
RM0072,Term Insurance,2019-08-06 00:00:00.000000,21584
RM0174,Mutual Funds,2026-07-09 00:00:00.000000,30875
RM0093,Saving Account,2020-05-29 00:00:00.000000,22975
RM0216,Saving Account,2024-02-13 00:00:00.000000,59100
RM0069,Recurring Deposit,2023-07-13 00:00:00.000000,12017
RM0185,Loan Against Property,2021-11-19 00:00:00.000000,19766
RM0170,Life Insurance,2024-04-09 00:00:00.000000,47140
RM0078,Mutual Funds,2026-07-08 00:00:00.000000,27360
RM0163,ULIP,2024-09-15 00:00:00.000000,67497
RM0143,Saving Account,2021-04-28 00:00:00.000000,114319
RM0213,Mutual Funds,2020-12-20 00:00:00.000000,90096
RM0219,Saving Account,2024-01-07 00:00:00.000000,20049
RM0141,Health Insurance,2024-03-25 00:00:00.000000,51667
RM0162,Fixed Deposit,2023-01-19 00:00:00.000000,11524
RM0159,Health Insurance,2025-06-16 10:32:43.390742,28592
RM0215,Credit Card,2024-07-04 00:00:00.000000,91990
RM0204,Term Insurance,2025-11-14 00:00:00.000000,40501
RM0080,Term Insurance,2026-07-06 00:00:00.000000,18122
RM0048,Loan Against Property,2026-02-19 00:00:00.000000,38861
RM0156,Credit Card,2021-12-15 00:00:00.000000,21034
RM0178,Gold Investment,2021-03-26 00:00:00.000000,34977
RM0117,Fixed Deposit,2025-02-28 10:32:43.390775,43455
RM0250,Recurring Deposit,2019-11-07 00:00:00.000000,31505
RM0198,ULIP,2023-07-28 00:00:00.000000,148206
RM0034,Term Insurance,2023-08-10 00:00:00.000000,51337
RM0099,Health Insurance,2026-07-15 00:00:00.000000,102541
RM0037,Gold Investment,2024-07-26 00:00:00.000000,81507
RM0152,Gold Investment,2026-04-28 00:00:00.000000,64112
RM0241,Mutual Funds,2021-09-17 00:00:00.000000,44347
RM0170,Term Insurance,2025-12-11 00:00:00.000000,10108
RM0101,Life Insurance,2025-11-24 00:00:00.000000,57526
RM0037,Credit Card,2019-06-11 00:00:00.000000,31999
RM0196,Mutual Funds,2023-03-13 00:00:00.000000,16264
RM0080,Recurring Deposit,2024-12-27 00:00:00.000000,59099
RM0186,Life Insurance,2025-11-16 00:00:00.000000,39405
RM0228,Health Insurance,2019-07-29 00:00:00.000000,76505
RM0099,Current Account,2020-10-13 00:00:00.000000,173086
RM0104,Term Insurance,2022-03-18 00:00:00.000000,88888888
RM0152,Loan Against Property,2020-07-05 00:00:00.000000,33428
RM0210,Saving Account,2022-07-29 00:00:00.000000,49123
RM0237,Credit Card,2026-07-12 00:00:00.000000,105272
RM0122,Current Account,2023-04-28 00:00:00.000000,30323
RM0112,ULIP,2021-04-10 00:00:00.000000,17672
RM0032,ULIP,2020-03-20 00:00:00.000000,26556
RM0017,Term Insurance,2025-11-17 00:00:00.000000,124692
RM0100,Gold Investment,2020-06-14 00:00:00.000000,18681
RM0012,Fixed Deposit,2019-06-30 00:00:00.000000,29965
RM0133,Term Insurance,2022-12-30 00:00:00.000000,41240
RM0159,ULIP,2022-11-24 00:00:00.000000,103902
RM0101,Gold Investment,2019-03-07 00:00:00.000000,44176
RM0026,Loan Against Property,2021-08-07 00:00:00.000000,148800
RM0171,Loan Against Property,2020-11-11 00:00:00.000000,37739
RM0048,Health Insurance,2021-08-14 00:00:00.000000,144378
RM0097,ULIP,2025-12-21 10:32:43.390817,18804
RM0242,Current Account,2020-01-16 00:00:00.000000,18530
RM0238,Life Insurance,2026-05-20 10:32:43.390848,159042
RM0024,Fixed Deposit,2019-05-24 00:00:00.000000,45634
RM0146,Life Insurance,2023-05-24 00:00:00.000000,20284
RM0059,Gold Investment,2022-02-27 00:00:00.000000,43470
RM0112,Saving Account,2019-03-05 00:00:00.000000,86441
RM0179,Recurring Deposit,2019-06-24 00:00:00.000000,97700
RM0064,Gold Investment,2019-08-06 00:00:00.000000,109743
RM0187,Loan Against Property,2024-12-31 10:32:43.390880,52148
RM0050,Gold Investment,2019-12-03 00:00:00.000000,110850
RM0025,Current Account,2023-04-30 00:00:00.000000,45670
RM0049,Term Insurance,2025-09-13 10:32:43.390910,56704
RM0108,Fixed Deposit,2025-06-28 00:00:00.000000,81089
RM0110,Health Insurance,2024-08-17 00:00:00.000000,37707
RM0211,ULIP,2026-08-02 00:00:00.000000,13821
RM0189,Loan Against Property,2023-01-17 00:00:00.000000,31551
RM0093,Loan Against Property,2019-04-09 00:00:00.000000,58900
RM0009,Saving Account,2021-09-24 00:00:00.000000,20680
RM0187,Life Insurance,2023-04-26 00:00:00.000000,18031
RM0190,Fixed Deposit,2026-06-25 10:32:43.390943,27341
RM0202,Health Insurance,2024-07-20 00:00:00.000000,11631
RM0194,ULIP,2023-11-03 00:00:00.000000,78016
RM0041,Gold Investment,2020-02-22 00:00:00.000000,24968
RM0167,Recurring Deposit,2022-07-05 00:00:00.000000,16633
RM0134,Current Account,2021-07-03 00:00:00.000000,70053
RM0108,ULIP,2022-09-24 00:00:00.000000,102552
RM0250,Saving Account,2025-05-08 00:00:00.000000,11003
RM0250,Recurring Deposit,2025-01-22 00:00:00.000000,23302
RM0020,Health Insurance,2020-05-29 00:00:00.000000,155232
RM0062,Saving Account,2024-10-25 00:00:00.000000,34327
RM0114,Loan Against Property,2019-06-07 00:00:00.000000,149510
RM0002,Health Insurance,2019-06-25 00:00:00.000000,26024
RM0108,Life Insurance,2025-01-28 00:00:00.000000,22299
RM0235,Fixed Deposit,2019-01-21 00:00:00.000000,22046
RM0050,Saving Account,2022-05-22 00:00:00.000000,14454
RM0200,Mutual Funds,2026-02-20 10:32:43.390979,123376
RM0242,Life Insurance,2025-12-14 00:00:00.000000,205190
RM0075,Loan Against Property,2025-02-27 00:00:00.000000,164511
RM0082,Life Insurance,2021-08-13 00:00:00.000000,105536
RM0227,Mutual Funds,2021-01-20 00:00:00.000000,103829
RM0075,Life Insurance,2026-02-04 00:00:00.000000,64100
RM0065,Gold Investment,2022-03-29 00:00:00.000000,97496
RM0096,Term Insurance,2020-04-16 00:00:00.000000,21681
RM0211,Credit Card,2023-07-07 00:00:00.000000,34544
RM0008,Current Account,2019-10-31 00:00:00.000000,61198
RM0148,Loan Against Property,2026-06-25 00:00:00.000000,113880
RM0053,Term Insurance,2026-04-06 00:00:00.000000,64009
RM0095,Health Insurance,2023-07-31 00:00:00.000000,101324
RM0227,Saving Account,2022-05-13 00:00:00.000000,42117
RM0120,Mutual Funds,2020-04-19 00:00:00.000000,73169
RM0142,Health Insurance,2025-03-14 00:00:00.000000,205553
RM0196,Credit Card,2025-04-02 00:00:00.000000,18331
RM0179,Loan Against Property,2020-02-19 00:00:00.000000,140810
RM0223,Loan Against Property,2022-10-06 00:00:00.000000,643655
RM0233,Term Insurance,2025-10-26 00:00:00.000000,46945
RM0240,Fixed Deposit,2021-11-28 00:00:00.000000,61531
RM0015,Recurring Deposit,2023-02-16 00:00:00.000000,115133
RM0193,Fixed Deposit,2026-05-27 00:00:00.000000,36352
RM0215,Credit Card,2021-09-09 00:00:00.000000,37123
RM0098,Mutual Funds,2024-08-08 00:00:00.000000,47452
RM0128,Recurring Deposit,2026-01-17 00:00:00.000000,10964
RM0180,Life Insurance,2019-08-12 00:00:00.000000,44325
RM0124,Term Insurance,2026-04-02 10:32:43.391026,27201
RM0069,Gold Investment,2021-04-18 00:00:00.000000,141522
RM0199,ULIP,2021-07-31 00:00:00.000000,56112
RM0100,Fixed Deposit,2024-07-20 00:00:00.000000,14591
RM0116,Fixed Deposit,2026-03-29 00:00:00.000000,40746
RM0114,ULIP,2026-05-07 00:00:00.000000,157316
RM0063,Recurring Deposit,2025-04-29 00:00:00.000000,125649
RM0098,Recurring Deposit,2025-11-05 00:00:00.000000,70423
RM0043,Saving Account,2025-11-01 00:00:00.000000,54502
RM0073,Fixed Deposit,2021-05-31 00:00:00.000000,26475
RM0187,Credit Card,2025-04-03 00:00:00.000000,32860
RM0027,Term Insurance,2021-05-02 00:00:00.000000,14722
RM0149,Fixed Deposit,2025-09-26 00:00:00.000000,87114
RM0188,ULIP,2020-06-17 00:00:00.000000,29568
RM0139,Credit Card,2026-07-12 00:00:00.000000,65098
RM0245,Saving Account,2023-06-12 00:00:00.000000,32126
RM0058,Current Account,2026-02-25 00:00:00.000000,41211
RM0181,Loan Against Property,2021-08-01 00:00:00.000000,50484
RM0153,Life Insurance,2021-02-12 00:00:00.000000,90937
RM0143,Term Insurance,2025-06-27 00:00:00.000000,21859
RM0100,ULIP,2026-03-21 00:00:00.000000,35438
RM0229,Loan Against Property,2025-12-04 10:32:43.391063,16967
RM0212,Life Insurance,2020-12-28 00:00:00.000000,13939
RM0135,Term Insurance,2023-01-17 00:00:00.000000,56402
RM0145,Health Insurance,2021-03-12 00:00:00.000000,20479
RM0002,Recurring Deposit,2024-12-25 00:00:00.000000,13083
RM0249,Health Insurance,2024-01-15 00:00:00.000000,123698
RM0040,Mutual Funds,2022-02-14 00:00:00.000000,88888888
RM0137,Credit Card,2019-04-10 00:00:00.000000,48212
RM0178,Saving Account,2021-06-09 00:00:00.000000,17229
RM0137,Health Insurance,2024-11-16 10:32:43.391096,12745
RM0178,Gold Investment,2020-01-04 00:00:00.000000,16383
RM0050,Credit Card,2026-01-22 00:00:00.000000,41870
RM0070,Health Insurance,2019-01-30 00:00:00.000000,65201
RM0127,Current Account,2024-12-28 00:00:00.000000,61260
RM0124,Term Insurance,2021-01-30 00:00:00.000000,17798
RM0073,Term Insurance,2023-11-15 00:00:00.000000,60186
RM0056,Mutual Funds,2020-04-28 00:00:00.000000,35948
RM0054,Gold Investment,2025-09-25 00:00:00.000000,41250
RM0174,Credit Card,2024-11-08 00:00:00.000000,90830
RM0113,Credit Card,2023-07-21 00:00:00.000000,30210
RM0140,Life Insurance,2025-02-27 10:32:43.391130,17949
RM0154,Gold Investment,2020-04-25 00:00:00.000000,113357
RM0178,Health Insurance,2025-03-04 10:32:43.391161,21921
RM0139,Life Insurance,2025-12-20 00:00:00.000000,27409
RM0143,Saving Account,2023-09-24 00:00:00.000000,71309
RM0102,Fixed Deposit,2024-10-30 00:00:00.000000,67529
RM0038,Health Insurance,2025-11-12 00:00:00.000000,90572
RM0240,Term Insurance,2023-10-05 00:00:00.000000,20158
RM0020,ULIP,2019-10-25 00:00:00.000000,31714
RM0234,Gold Investment,2023-11-10 00:00:00.000000,16727
RM0192,Current Account,2019-07-02 00:00:00.000000,48939
RM0055,Recurring Deposit,2021-11-16 00:00:00.000000,27305
RM0216,Life Insurance,2019-12-12 00:00:00.000000,68387
RM0183,Health Insurance,2025-12-30 00:00:00.000000,10017
RM0022,Health Insurance,2025-11-11 00:00:00.000000,13076
RM0135,Life Insurance,2026-02-16 00:00:00.000000,38331
RM0118,Recurring Deposit,2020-09-25 00:00:00.000000,168723
RM0115,Saving Account,2025-03-01 00:00:00.000000,120752
RM0145,Loan Against Property,2026-03-26 00:00:00.000000,265875
RM0250,Loan Against Property,2023-07-23 00:00:00.000000,36963
RM0096,Recurring Deposit,2026-07-13 00:00:00.000000,12384
RM0094,Life Insurance,2022-05-09 00:00:00.000000,28261
RM0102,Loan Against Property,2026-05-22 00:00:00.000000,66315
RM0036,Fixed Deposit,2024-05-03 00:00:00.000000,17260
RM0015,Credit Card,2023-07-24 00:00:00.000000,27831
RM0069,Saving Account,2022-04-11 00:00:00.000000,6049
RM0100,Loan Against Property,2026-04-05 10:32:43.391200,12890
RM0210,ULIP,2020-08-23 00:00:00.000000,42214
RM0003,Life Insurance,2020-02-09 00:00:00.000000,21717
RM0037,Mutual Funds,2020-08-11 00:00:00.000000,14784
RM0173,Term Insurance,2022-02-13 00:00:00.000000,36484
RM0133,Term Insurance,2024-05-01 00:00:00.000000,31633
RM0198,Gold Investment,2026-07-14 00:00:00.000000,48557
RM0038,Fixed Deposit,2019-10-30 00:00:00.000000,79122
RM0015,Loan Against Property,2024-12-23 00:00:00.000000,15971
RM0238,Term Insurance,2020-02-24 00:00:00.000000,88301
RM0045,Fixed Deposit,2026-06-25 00:00:00.000000,11332
RM0094,ULIP,2025-01-15 00:00:00.000000,39268
RM0212,Saving Account,2019-07-13 00:00:00.000000,20220
RM0099,Credit Card,2021-01-24 00:00:00.000000,54267
RM0164,Current Account,2020-07-31 00:00:00.000000,167326
RM0155,Term Insurance,2023-04-11 00:00:00.000000,37970
RM0221,Term Insurance,2025-11-19 00:00:00.000000,52656
RM0165,Recurring Deposit,2024-06-25 00:00:00.000000,18643
RM0095,Mutual Funds,2025-06-20 00:00:00.000000,46443
RM0148,Saving Account,2023-05-02 00:00:00.000000,35191
RM0100,Credit Card,2024-06-04 00:00:00.000000,42634
RM0007,Recurring Deposit,2019-11-21 00:00:00.000000,20976
RM0072,Life Insurance,2021-05-02 00:00:00.000000,44740
RM0175,Fixed Deposit,2021-02-27 00:00:00.000000,18128
RM0126,Health Insurance,2022-09-12 00:00:00.000000,78137
RM0022,Term Insurance,2023-11-09 00:00:00.000000,55058
RM0219,Term Insurance,2026-01-05 00:00:00.000000,14089
RM0049,ULIP,2021-10-17 00:00:00.000000,120188
RM0225,Term Insurance,2026-05-01 00:00:00.000000,57905
RM0005,Recurring Deposit,2025-07-31 00:00:00.000000,28997
RM0015,Gold Investment,2020-10-09 00:00:00.000000,12335
RM0074,ULIP,2025-05-02 10:32:43.391251,60014
RM0092,Fixed Deposit,2019-11-17 00:00:00.000000,33375
RM0140,Mutual Funds,2021-08-27 00:00:00.000000,129091
RM0206,Mutual Funds,2019-02-17 00:00:00.000000,11775
RM0133,Term Insurance,2019-07-01 00:00:00.000000,11994
RM0064,Life Insurance,2025-08-11 00:00:00.000000,159090
RM0079,Term Insurance,2023-10-14 00:00:00.000000,177440
RM0190,Fixed Deposit,2020-06-13 00:00:00.000000,11406
RM0165,Recurring Deposit,2023-02-16 00:00:00.000000,72944
RM0104,Gold Investment,2024-10-23 00:00:00.000000,22518
RM0037,Life Insurance,2022-10-13 00:00:00.000000,70431
RM0154,Term Insurance,2024-07-01 00:00:00.000000,111526
RM0085,Term Insurance,2020-08-21 00:00:00.000000,15314
RM0189,Gold Investment,2021-07-28 00:00:00.000000,23640
RM0141,Saving Account,2020-06-05 00:00:00.000000,11218
RM0070,Fixed Deposit,2023-09-09 00:00:00.000000,12240
RM0032,Mutual Funds,2023-08-27 00:00:00.000000,11503
RM0176,Current Account,2023-08-28 00:00:00.000000,90642
RM0161,Mutual Funds,2024-05-04 00:00:00.000000,27711
RM0047,Gold Investment,2019-04-03 00:00:00.000000,43983
RM0222,Term Insurance,2023-11-01 00:00:00.000000,87521
RM0054,Current Account,2025-08-27 00:00:00.000000,44154
RM0046,Recurring Deposit,2025-05-20 00:00:00.000000,38035
RM0075,Gold Investment,2019-09-19 00:00:00.000000,10582
RM0190,Credit Card,2026-04-04 00:00:00.000000,51971
RM0202,Saving Account,2019-02-11 00:00:00.000000,16661
RM0063,Term Insurance,2026-07-22 10:32:43.391293,82333
RM0153,Fixed Deposit,2023-01-22 00:00:00.000000,24902
RM0192,Credit Card,2021-10-15 00:00:00.000000,66071
RM0065,Fixed Deposit,2023-03-25 00:00:00.000000,61954
RM0153,Saving Account,2022-08-05 00:00:00.000000,57943
RM0211,Current Account,2021-12-03 00:00:00.000000,25527
RM0017,ULIP,2025-04-05 00:00:00.000000,25536
RM0075,ULIP,2025-09-29 00:00:00.000000,109406
RM0238,Mutual Funds,2019-02-04 00:00:00.000000,10644
RM0238,Term Insurance,2020-06-18 00:00:00.000000,20015
RM0028,Current Account,2022-11-20 00:00:00.000000,57102
RM0066,Mutual Funds,2026-03-06 00:00:00.000000,94926
RM0080,Health Insurance,2020-08-23 00:00:00.000000,32185
RM0028,Term Insurance,2025-06-30 00:00:00.000000,62985
RM0218,Loan Against Property,2021-11-03 00:00:00.000000,50726
RM0087,Recurring Deposit,2023-03-11 00:00:00.000000,13335
RM0116,Current Account,2021-05-15 00:00:00.000000,58610
RM0239,Credit Card,2020-07-31 00:00:00.000000,94074
RM0234,Current Account,2024-02-08 00:00:00.000000,16564
RM0168,Term Insurance,2019-02-10 00:00:00.000000,254299
RM0183,Loan Against Property,2020-04-29 00:00:00.000000,981792
RM0099,Life Insurance,2025-10-08 00:00:00.000000,11504
RM0245,Loan Against Property,2020-10-03 00:00:00.000000,63949
RM0069,Current Account,2024-04-09 00:00:00.000000,36768
RM0194,Mutual Funds,2024-03-30 00:00:00.000000,10491
RM0210,Fixed Deposit,2025-04-06 00:00:00.000000,57642
RM0217,Recurring Deposit,2025-07-27 00:00:00.000000,16529
RM0031,Gold Investment,2025-04-24 00:00:00.000000,33786
RM0157,Loan Against Property,2025-06-26 00:00:00.000000,25147
RM0244,Current Account,2020-07-18 00:00:00.000000,32405
RM0176,Credit Card,2023-12-23 00:00:00.000000,43932
RM0157,Recurring Deposit,2020-05-18 00:00:00.000000,32252
RM0207,Recurring Deposit,2021-05-06 00:00:00.000000,50229
RM0227,Recurring Deposit,2019-05-21 00:00:00.000000,23633
RM0238,Saving Account,2024-02-01 00:00:00.000000,60442
RM0232,Fixed Deposit,2021-05-02 00:00:00.000000,106126
RM0086,Current Account,2024-10-09 00:00:00.000000,22684
RM0176,Current Account,2024-09-10 00:00:00.000000,45451
RM0076,Health Insurance,2020-07-14 00:00:00.000000,62304
RM0103,Mutual Funds,2020-02-04 00:00:00.000000,51577
RM0053,Health Insurance,2024-11-14 00:00:00.000000,32757
RM0214,Loan Against Property,2023-05-19 00:00:00.000000,61389
RM0047,Term Insurance,2020-02-06 00:00:00.000000,11432
RM0184,Gold Investment,2022-05-03 00:00:00.000000,33094
RM0020,Credit Card,2023-06-05 00:00:00.000000,48029
RM0029,Life Insurance,2025-08-19 00:00:00.000000,11041
RM0164,Life Insurance,2025-02-19 00:00:00.000000,45428
RM0027,Term Insurance,2019-07-25 00:00:00.000000,63102
RM0214,Mutual Funds,2025-12-27 10:32:43.391342,81191
RM0202,Saving Account,2019-11-21 00:00:00.000000,16016
RM0024,Recurring Deposit,2021-04-17 00:00:00.000000,243165
RM0153,Recurring Deposit,2022-04-19 00:00:00.000000,56591
RM0146,Life Insurance,2025-11-05 00:00:00.000000,32564
RM0104,Fixed Deposit,2020-10-02 00:00:00.000000,24323
RM0209,ULIP,2026-01-09 00:00:00.000000,52536
RM0040,Health Insurance,2026-03-08 00:00:00.000000,116731
RM0156,Gold Investment,2021-05-10 00:00:00.000000,19094
RM0040,Recurring Deposit,2023-04-05 00:00:00.000000,46757
RM0072,Gold Investment,2024-12-11 00:00:00.000000,64157
RM0222,Recurring Deposit,2022-12-03 00:00:00.000000,32134
RM0172,Credit Card,2021-06-12 00:00:00.000000,34563
RM0125,Current Account,2026-07-12 00:00:00.000000,26855
RM0047,Health Insurance,2020-09-26 00:00:00.000000,71147
RM0116,Health Insurance,2019-02-19 00:00:00.000000,32250
RM0167,Loan Against Property,2025-04-29 00:00:00.000000,20580
RM0216,Fixed Deposit,2022-02-08 00:00:00.000000,33054
RM0249,Current Account,2024-01-10 00:00:00.000000,106148
RM0072,Credit Card,2021-11-16 00:00:00.000000,77018
RM0180,Mutual Funds,2023-06-28 00:00:00.000000,30371
RM0236,Gold Investment,2026-06-18 00:00:00.000000,128655
RM0051,Loan Against Property,2024-06-02 00:00:00.000000,923876
RM0186,ULIP,2021-02-15 00:00:00.000000,57998
RM0042,ULIP,2020-06-19 00:00:00.000000,13889
RM0206,Credit Card,2020-05-12 00:00:00.000000,12551
RM0234,ULIP,2021-05-01 00:00:00.000000,16817
RM0001,Life Insurance,2020-12-01 00:00:00.000000,16190
RM0004,Saving Account,2025-09-09 00:00:00.000000,14596
RM0210,Gold Investment,2020-11-10 00:00:00.000000,64138
RM0109,Fixed Deposit,2023-12-15 00:00:00.000000,55919
RM0190,Life Insurance,2021-01-10 00:00:00.000000,62150
RM0161,Gold Investment,2025-02-26 00:00:00.000000,68296
RM0127,Current Account,2025-04-15 10:32:43.391384,80709
RM0076,Health Insurance,2021-09-10 00:00:00.000000,21607
RM0127,Fixed Deposit,2023-02-01 00:00:00.000000,58683
RM0003,Fixed Deposit,2023-04-06 00:00:00.000000,53380
RM0134,Life Insurance,2025-04-07 00:00:00.000000,153817
RM0192,Health Insurance,2025-10-12 00:00:00.000000,23222
RM0152,Health Insurance,2022-04-05 00:00:00.000000,13025
RM0166,Term Insurance,2019-08-26 00:00:00.000000,62992
RM0193,Fixed Deposit,2023-03-26 00:00:00.000000,77386
RM0025,Loan Against Property,2024-04-27 00:00:00.000000,26647
RM0178,Term Insurance,2026-04-06 00:00:00.000000,52297
RM0086,Current Account,2026-02-28 00:00:00.000000,13069
RM0055,Mutual Funds,2020-01-18 00:00:00.000000,170999
RM0035,Recurring Deposit,2024-01-15 00:00:00.000000,15822
RM0184,Term Insurance,2020-01-26 00:00:00.000000,13498
RM0028,Loan Against Property,2025-10-07 00:00:00.000000,12255
RM0170,Loan Against Property,2022-10-20 00:00:00.000000,37867
RM0138,Fixed Deposit,2025-07-05 00:00:00.000000,15110
RM0147,Credit Card,2023-08-11 00:00:00.000000,78255
RM0175,Gold Investment,2020-11-17 00:00:00.000000,124569
RM0221,Health Insurance,2022-12-07 00:00:00.000000,25070
RM0075,Life Insurance,2026-05-26 00:00:00.000000,59547
RM0152,Gold Investment,2025-10-21 10:32:43.391423,50026
RM0096,Gold Investment,2023-08-03 00:00:00.000000,12163
RM0204,Term Insurance,2026-07-17 00:00:00.000000,34434
RM0137,Life Insurance,2022-10-15 00:00:00.000000,27332
RM0217,Fixed Deposit,2022-02-24 00:00:00.000000,22978
RM0077,Gold Investment,2024-04-20 00:00:00.000000,61742
RM0159,Gold Investment,2023-01-24 00:00:00.000000,16976
RM0188,Mutual Funds,2020-09-24 00:00:00.000000,108560
RM0050,Credit Card,2023-09-03 00:00:00.000000,64656
RM0107,Gold Investment,2020-11-08 00:00:00.000000,72020
RM0123,Life Insurance,2019-01-26 00:00:00.000000,53677
RM0164,Term Insurance,2020-10-22 00:00:00.000000,146933
RM0188,Recurring Deposit,2026-06-17 00:00:00.000000,152688
RM0071,Saving Account,2026-05-30 00:00:00.000000,50109
RM0018,Life Insurance,2019-04-28 00:00:00.000000,44197
RM0150,ULIP,2020-07-21 00:00:00.000000,30427
RM0155,Loan Against Property,2025-09-21 00:00:00.000000,72863
RM0009,Term Insurance,2025-04-09 00:00:00.000000,48632
RM0204,Term Insurance,2026-06-14 00:00:00.000000,145059
RM0123,Recurring Deposit,2026-04-08 10:32:43.391460,23631
RM0217,Gold Investment,2021-05-29 00:00:00.000000,28571
RM0141,Saving Account,2024-03-24 00:00:00.000000,28996
RM0156,Gold Investment,2019-10-02 00:00:00.000000,91994
RM0072,Recurring Deposit,2023-10-27 00:00:00.000000,15214
RM0007,Loan Against Property,2026-06-27 00:00:00.000000,40408
RM0080,Loan Against Property,2020-02-22 00:00:00.000000,37894
RM0168,Fixed Deposit,2024-10-12 00:00:00.000000,13797
RM0180,Credit Card,2021-12-26 00:00:00.000000,36449
RM0020,Fixed Deposit,2026-06-18 00:00:00.000000,46013
RM0226,Health Insurance,2021-10-28 00:00:00.000000,13366
RM0060,Gold Investment,2024-12-20 00:00:00.000000,45653
RM0013,ULIP,2019-03-19 00:00:00.000000,170000
RM0125,Life Insurance,2022-12-18 00:00:00.000000,202958
RM0176,Life Insurance,2020-03-16 00:00:00.000000,47930
RM0203,Gold Investment,2019-02-07 00:00:00.000000,46190
RM0209,Loan Against Property,2024-04-28 00:00:00.000000,26809
RM0249,Loan Against Property,2019-07-16 00:00:00.000000,302419
RM0047,Credit Card,2020-02-03 00:00:00.000000,26026
RM0250,Current Account,2019-02-13 00:00:00.000000,40156
RM0115,ULIP,2021-03-15 00:00:00.000000,10146
RM0216,Recurring Deposit,2022-05-16 00:00:00.000000,31480
RM0077,Term Insurance,2022-05-10 00:00:00.000000,13706
RM0074,Health Insurance,2020-01-24 00:00:00.000000,78094
RM0085,Mutual Funds,2023-03-02 00:00:00.000000,51164
RM0103,Loan Against Property,2023-07-09 00:00:00.000000,52451
RM0193,Mutual Funds,2026-02-26 00:00:00.000000,26879
RM0194,Saving Account,2025-08-18 00:00:00.000000,94341
RM0109,ULIP,2020-10-08 00:00:00.000000,10163
RM0154,Loan Against Property,2025-04-06 00:00:00.000000,30293
RM0074,Credit Card,2025-03-05 00:00:00.000000,63866
RM0216,Recurring Deposit,2024-06-24 00:00:00.000000,129256
RM0015,Term Insurance,2024-05-29 00:00:00.000000,23368
RM0084,Life Insurance,2025-08-05 00:00:00.000000,48946
RM0202,ULIP,2020-12-02 00:00:00.000000,48608
RM0152,Saving Account,2021-11-04 00:00:00.000000,113642
RM0242,Gold Investment,2025-08-15 00:00:00.000000,12591
RM0090,Mutual Funds,2020-03-05 00:00:00.000000,37623
RM0192,Credit Card,2020-11-08 00:00:00.000000,20073
RM0001,Saving Account,2019-03-26 00:00:00.000000,11088
RM0197,Saving Account,2020-05-17 00:00:00.000000,17951
RM0035,Gold Investment,2022-03-12 00:00:00.000000,197475
RM0149,Fixed Deposit,2026-06-29 00:00:00.000000,22093
RM0115,Health Insurance,2019-07-04 00:00:00.000000,146692
RM0227,Life Insurance,2019-08-06 00:00:00.000000,21486
RM0194,Current Account,2023-07-16 00:00:00.000000,143896
RM0160,Credit Card,2026-04-04 00:00:00.000000,63155
RM0195,Health Insurance,2019-01-26 00:00:00.000000,16007
RM0078,Fixed Deposit,2021-11-23 00:00:00.000000,53603
RM0182,Loan Against Property,2019-12-25 00:00:00.000000,29173
RM0078,Current Account,2020-02-18 00:00:00.000000,34156
RM0187,Term Insurance,2019-06-16 00:00:00.000000,39006
RM0142,Life Insurance,2019-08-29 00:00:00.000000,37470
RM0014,Credit Card,2026-01-26 00:00:00.000000,64548
RM0010,Credit Card,2019-12-22 00:00:00.000000,83130
RM0113,Gold Investment,2021-08-08 00:00:00.000000,29962
RM0074,Current Account,2020-11-08 00:00:00.000000,139091
RM0144,Term Insurance,2020-05-31 00:00:00.000000,149408
RM0061,Life Insurance,2024-07-06 00:00:00.000000,12077
RM0129,Recurring Deposit,2026-02-17 00:00:00.000000,10751
RM0179,Loan Against Property,2020-10-19 00:00:00.000000,37675
RM0108,Gold Investment,2023-09-30 00:00:00.000000,54658
RM0021,Recurring Deposit,2025-05-30 00:00:00.000000,26279
RM0006,Term Insurance,2024-10-05 00:00:00.000000,88888888
RM0025,Gold Investment,2023-11-22 00:00:00.000000,25015
RM0058,Loan Against Property,2025-10-29 00:00:00.000000,66712
RM0198,Recurring Deposit,2025-09-03 00:00:00.000000,56028
RM0077,Saving Account,2026-02-07 00:00:00.000000,19144
RM0093,Term Insurance,2025-08-30 10:32:43.391516,117924
RM0006,Mutual Funds,2019-07-16 00:00:00.000000,66967
RM0190,Fixed Deposit,2022-02-16 00:00:00.000000,32516
RM0148,Health Insurance,2019-03-30 00:00:00.000000,67541
RM0032,Health Insurance,2025-02-09 00:00:00.000000,15975
RM0013,Life Insurance,2021-03-09 00:00:00.000000,41579
RM0158,Loan Against Property,2024-04-12 00:00:00.000000,19255
RM0106,Recurring Deposit,2020-04-17 00:00:00.000000,12115
RM0005,Life Insurance,2024-04-29 00:00:00.000000,30649
RM0101,Life Insurance,2023-02-02 00:00:00.000000,18169
RM0246,Life Insurance,2024-10-13 00:00:00.000000,60190
RM0098,Term Insurance,2023-04-02 00:00:00.000000,66053
RM0114,Health Insurance,2019-12-12 00:00:00.000000,18049
RM0173,Term Insurance,2021-12-06 00:00:00.000000,11246
RM0205,ULIP,2021-04-26 00:00:00.000000,88706
RM0129,Credit Card,2026-07-14 00:00:00.000000,10102
RM0071,ULIP,2025-11-13 10:32:43.391558,31073
RM0031,Health Insurance,2019-03-30 00:00:00.000000,44118
RM0191,Recurring Deposit,2022-03-23 00:00:00.000000,95364
RM0203,Life Insurance,2022-07-31 00:00:00.000000,101180
RM0181,Saving Account,2024-12-27 00:00:00.000000,74538
RM0117,Life Insurance,2019-11-27 00:00:00.000000,24197
RM0123,Loan Against Property,2024-02-13 00:00:00.000000,73681
RM0182,Saving Account,2021-07-28 00:00:00.000000,24153
RM0225,ULIP,2026-06-15 00:00:00.000000,22078
RM0048,Recurring Deposit,2020-07-17 00:00:00.000000,49607
RM0149,ULIP,2025-04-20 00:00:00.000000,66793
RM0118,Recurring Deposit,2020-05-17 00:00:00.000000,12725
RM0076,Credit Card,2023-09-25 00:00:00.000000,13094
RM0073,Current Account,2020-12-25 00:00:00.000000,86663
RM0151,Credit Card,2022-06-24 00:00:00.000000,108126
RM0046,ULIP,2021-11-14 00:00:00.000000,56372
RM0101,Mutual Funds,2019-01-11 00:00:00.000000,38003
RM0244,Saving Account,2023-03-26 00:00:00.000000,103318
RM0076,Term Insurance,2019-09-24 00:00:00.000000,75248
RM0174,Term Insurance,2023-04-04 00:00:00.000000,53326
RM0197,Health Insurance,2025-05-19 00:00:00.000000,34278
RM0225,Health Insurance,2026-06-29 00:00:00.000000,29265
RM0178,Recurring Deposit,2023-09-28 00:00:00.000000,21032
RM0224,Recurring Deposit,2023-11-10 00:00:00.000000,37122
RM0234,ULIP,2021-04-15 00:00:00.000000,26901
RM0098,Fixed Deposit,2021-12-13 00:00:00.000000,88723
RM0070,ULIP,2025-12-17 10:32:43.391598,30719
RM0056,Credit Card,2026-04-16 10:32:43.391628,46245
RM0029,ULIP,2022-11-20 00:00:00.000000,19261
RM0115,Current Account,2019-10-24 00:00:00.000000,92040
RM0011,Saving Account,2019-10-27 00:00:00.000000,17863
RM0245,Saving Account,2020-08-05 00:00:00.000000,42791
RM0187,Term Insurance,2025-07-04 00:00:00.000000,78515
RM0058,Gold Investment,2019-07-05 00:00:00.000000,43181
RM0120,Health Insurance,2019-07-31 00:00:00.000000,32394
RM0240,Term Insurance,2022-11-29 00:00:00.000000,42207
RM0040,Loan Against Property,2025-10-22 00:00:00.000000,104414
RM0100,Credit Card,2023-05-29 00:00:00.000000,242464
RM0186,Gold Investment,2019-07-13 00:00:00.000000,59867
RM0232,Term Insurance,2024-08-15 00:00:00.000000,88859
RM0188,Fixed Deposit,2025-11-17 00:00:00.000000,10729
RM0014,Term Insurance,2022-02-28 00:00:00.000000,116165
RM0009,Credit Card,2019-07-27 00:00:00.000000,164009
RM0004,Gold Investment,2024-04-03 00:00:00.000000,52803
RM0055,Loan Against Property,2026-01-19 00:00:00.000000,80081
RM0009,Mutual Funds,2026-05-26 10:32:43.391665,45948
RM0217,Loan Against Property,2025-05-11 00:00:00.000000,26857
RM0102,Saving Account,2019-01-31 00:00:00.000000,105610
RM0089,ULIP,2024-12-17 00:00:00.000000,55420
RM0143,Recurring Deposit,2023-04-27 00:00:00.000000,53301
RM0127,Current Account,2019-10-11 00:00:00.000000,63813
RM0115,Health Insurance,2023-09-27 00:00:00.000000,106898
RM0125,Recurring Deposit,2021-05-14 00:00:00.000000,75820
RM0186,Loan Against Property,2024-06-05 00:00:00.000000,21857
RM0052,Credit Card,2024-03-28 00:00:00.000000,41445
RM0084,Fixed Deposit,2025-01-23 00:00:00.000000,206352
RM0124,Gold Investment,2026-07-16 00:00:00.000000,50434
RM0152,Gold Investment,2023-04-12 00:00:00.000000,149229
RM0074,Credit Card,2026-03-26 00:00:00.000000,93931
RM0062,Current Account,2024-12-23 10:32:43.391700,64834
RM0171,Health Insurance,2020-12-07 00:00:00.000000,31490
RM0249,Current Account,2023-11-17 00:00:00.000000,28143
RM0153,ULIP,2026-05-01 00:00:00.000000,61559
RM0041,ULIP,2020-03-29 00:00:00.000000,38331
RM0219,Term Insurance,2024-11-29 00:00:00.000000,90161
RM0171,Credit Card,2025-01-13 00:00:00.000000,81451
RM0150,Saving Account,2026-03-11 10:32:43.391733,28707
RM0199,Fixed Deposit,2024-05-12 00:00:00.000000,70655
RM0130,Recurring Deposit,2020-03-07 00:00:00.000000,44115
RM0055,Health Insurance,2026-07-17 00:00:00.000000,29525
RM0232,Current Account,2021-08-07 00:00:00.000000,36633
RM0056,Credit Card,2020-05-27 00:00:00.000000,122857
RM0192,Loan Against Property,2024-11-18 00:00:00.000000,32276
RM0183,Credit Card,2026-05-17 00:00:00.000000,26941
RM0235,Loan Against Property,2022-09-20 00:00:00.000000,31678
RM0014,Fixed Deposit,2020-11-20 00:00:00.000000,22079
RM0241,Current Account,2019-12-13 00:00:00.000000,49332
RM0209,Mutual Funds,2022-11-15 00:00:00.000000,17975
RM0234,Loan Against Property,2026-08-06 00:00:00.000000,95034
RM0229,Fixed Deposit,2021-03-17 00:00:00.000000,22782
RM0213,Recurring Deposit,2026-08-05 00:00:00.000000,55572
RM0048,Gold Investment,2025-07-01 00:00:00.000000,16678
RM0065,Mutual Funds,2024-12-16 00:00:00.000000,201876
RM0008,Term Insurance,2026-05-21 00:00:00.000000,40309
RM0132,Credit Card,2019-02-02 00:00:00.000000,96346
RM0108,Term Insurance,2026-04-12 00:00:00.000000,83190
RM0152,Health Insurance,2024-07-18 00:00:00.000000,72534
RM0106,Recurring Deposit,2020-08-22 00:00:00.000000,97828
RM0077,Term Insurance,2019-04-07 00:00:00.000000,15293
RM0158,Fixed Deposit,2024-10-28 00:00:00.000000,66737
RM0037,Loan Against Property,2026-02-03 00:00:00.000000,25450
RM0105,Health Insurance,2019-12-23 00:00:00.000000,87058
RM0120,Mutual Funds,2024-11-30 00:00:00.000000,167175
RM0078,ULIP,2019-08-27 00:00:00.000000,125879
RM0127,Term Insurance,2022-12-23 00:00:00.000000,16105
RM0028,ULIP,2021-07-30 00:00:00.000000,33066
RM0024,ULIP,2021-10-27 00:00:00.000000,32653
RM0246,Credit Card,2022-03-16 00:00:00.000000,16522
RM0115,Current Account,2021-05-26 00:00:00.000000,15164
RM0235,Saving Account,2022-06-05 00:00:00.000000,34297
RM0024,Credit Card,2020-04-12 00:00:00.000000,251864
RM0137,Gold Investment,2025-12-11 00:00:00.000000,52075
RM0073,ULIP,2023-08-12 00:00:00.000000,58614
RM0109,Mutual Funds,2024-02-21 00:00:00.000000,41840
RM0009,Saving Account,2019-05-26 00:00:00.000000,64284
RM0241,Recurring Deposit,2026-01-28 00:00:00.000000,166936
RM0048,Mutual Funds,2025-01-28 10:32:43.391778,54421
RM0030,Term Insurance,2020-05-15 00:00:00.000000,13362
RM0040,Recurring Deposit,2023-01-20 00:00:00.000000,43951
RM0112,Loan Against Property,2021-07-15 00:00:00.000000,256346
RM0063,Credit Card,2022-12-12 00:00:00.000000,34502
RM0121,Saving Account,2023-02-13 00:00:00.000000,55055
RM0154,Current Account,2023-04-02 00:00:00.000000,15638
RM0066,Fixed Deposit,2023-01-02 00:00:00.000000,17609
RM0101,Mutual Funds,2026-04-29 00:00:00.000000,113844
RM0024,Gold Investment,2026-02-09 00:00:00.000000,27858
RM0021,Fixed Deposit,2026-02-27 00:00:00.000000,28224
RM0107,Fixed Deposit,2022-09-13 00:00:00.000000,34486
RM0026,Life Insurance,2020-06-27 00:00:00.000000,179778
RM0152,Saving Account,2024-08-11 00:00:00.000000,14408
RM0152,Mutual Funds,2019-09-18 00:00:00.000000,95397
RM0214,Recurring Deposit,2020-03-18 00:00:00.000000,30893
RM0176,Loan Against Property,2025-10-13 00:00:00.000000,104678
RM0118,Gold Investment,2023-08-30 00:00:00.000000,249911
RM0182,Mutual Funds,2025-12-30 00:00:00.000000,31436
RM0129,Term Insurance,2024-08-10 10:32:43.391816,16926
RM0178,Life Insurance,2026-02-26 00:00:00.000000,17796
RM0201,Health Insurance,2024-09-18 00:00:00.000000,81094
RM0166,Gold Investment,2021-12-30 00:00:00.000000,17828
RM0225,Loan Against Property,2025-05-06 00:00:00.000000,25083
RM0198,Recurring Deposit,2020-04-15 00:00:00.000000,21432
RM0108,ULIP,2021-07-26 00:00:00.000000,31977
RM0246,Gold Investment,2023-07-08 00:00:00.000000,13863
RM0082,Recurring Deposit,2024-12-05 10:32:43.391849,107155
RM0115,Mutual Funds,2024-05-02 00:00:00.000000,108357
RM0146,Saving Account,2019-01-01 00:00:00.000000,36630
RM0058,Fixed Deposit,2023-01-10 00:00:00.000000,57348
RM0240,Recurring Deposit,2025-12-19 10:32:43.391908,61354
RM0120,ULIP,2022-10-01 00:00:00.000000,79166
RM0022,Credit Card,2021-08-11 00:00:00.000000,46770
RM0193,Recurring Deposit,2025-06-08 00:00:00.000000,45701
RM0183,Gold Investment,2024-11-26 00:00:00.000000,59889
RM0158,Life Insurance,2022-05-20 00:00:00.000000,70709
RM0210,Loan Against Property,2022-11-29 00:00:00.000000,31285
RM0185,Health Insurance,2019-02-19 00:00:00.000000,30051
RM0090,Life Insurance,2019-05-31 00:00:00.000000,25716
RM0214,Gold Investment,2022-07-22 00:00:00.000000,49797
RM0245,Recurring Deposit,2025-11-30 00:00:00.000000,32326
RM0018,Fixed Deposit,2022-12-18 00:00:00.000000,48860
RM0230,Mutual Funds,2019-07-30 00:00:00.000000,36042
RM0109,Gold Investment,2019-11-14 00:00:00.000000,100618
RM0051,Current Account,2024-07-23 00:00:00.000000,13797
RM0147,Credit Card,2019-10-30 00:00:00.000000,37478
RM0218,Saving Account,2025-05-20 00:00:00.000000,52456
RM0047,Life Insurance,2020-08-05 00:00:00.000000,52856
RM0207,Loan Against Property,2026-01-17 00:00:00.000000,34202
RM0239,Loan Against Property,2020-09-26 00:00:00.000000,37324
RM0111,Mutual Funds,2024-05-25 00:00:00.000000,90504
RM0180,Current Account,2025-08-05 00:00:00.000000,26472
RM0241,Term Insurance,2019-07-26 00:00:00.000000,112553
RM0190,Current Account,2019-07-11 00:00:00.000000,123333
RM0223,Mutual Funds,2019-12-12 00:00:00.000000,62579
RM0132,Current Account,2022-11-05 00:00:00.000000,84108
RM0153,Health Insurance,2026-06-20 00:00:00.000000,57459
RM0205,Credit Card,2023-02-02 00:00:00.000000,47249
RM0091,ULIP,2024-12-06 10:32:43.391950,180076
RM0144,Saving Account,2020-02-18 00:00:00.000000,26609
RM0032,ULIP,2024-08-21 00:00:00.000000,18370
RM0106,Health Insurance,2020-12-17 00:00:00.000000,26947
RM0027,Gold Investment,2019-06-04 00:00:00.000000,57676
RM0179,Recurring Deposit,2023-05-20 00:00:00.000000,20239
RM0149,Term Insurance,2023-12-11 00:00:00.000000,129742
RM0038,Life Insurance,2025-08-20 10:32:43.391986,36468
RM0131,Fixed Deposit,2021-04-15 00:00:00.000000,104843
RM0100,Life Insurance,2023-11-18 00:00:00.000000,24333
RM0160,Life Insurance,2019-04-29 00:00:00.000000,28783
RM0241,Mutual Funds,2020-01-15 00:00:00.000000,13052
RM0136,Saving Account,2024-12-05 00:00:00.000000,24904
RM0044,Gold Investment,2022-10-01 00:00:00.000000,43698
RM0111,Life Insurance,2025-05-21 00:00:00.000000,156065
RM0147,Current Account,2022-04-16 00:00:00.000000,34624
RM0250,Recurring Deposit,2021-10-10 00:00:00.000000,61047
RM0131,Term Insurance,2019-04-04 00:00:00.000000,37905
RM0141,Credit Card,2019-03-29 00:00:00.000000,9650
RM0062,Credit Card,2025-09-08 00:00:00.000000,12396
RM0127,Mutual Funds,2024-04-11 00:00:00.000000,45011
RM0092,Fixed Deposit,2022-06-26 00:00:00.000000,13409
RM0028,Term Insurance,2024-09-20 00:00:00.000000,117579
RM0029,Fixed Deposit,2024-10-08 00:00:00.000000,79925
RM0004,Current Account,2025-01-19 00:00:00.000000,33793
RM0177,Term Insurance,2024-01-16 00:00:00.000000,61112
RM0003,Mutual Funds,2025-12-24 00:00:00.000000,15940
RM0057,Current Account,2023-03-21 00:00:00.000000,70626
RM0079,ULIP,2022-10-15 00:00:00.000000,96504
RM0078,Loan Against Property,2026-04-28 00:00:00.000000,96227
RM0060,Recurring Deposit,2023-01-04 00:00:00.000000,26723
RM0238,Life Insurance,2025-07-06 00:00:00.000000,25309
RM0070,Fixed Deposit,2026-06-07 00:00:00.000000,46844
RM0046,Gold Investment,2021-06-28 00:00:00.000000,181746
RM0181,Health Insurance,2024-03-26 00:00:00.000000,136614
RM0157,Term Insurance,2022-10-29 00:00:00.000000,32286
RM0199,Mutual Funds,2023-10-22 00:00:00.000000,85667
RM0249,Gold Investment,2019-03-07 00:00:00.000000,137116
RM0003,Term Insurance,2024-09-27 00:00:00.000000,25117
RM0004,Term Insurance,2020-05-20 00:00:00.000000,98684
RM0023,Loan Against Property,2020-04-04 00:00:00.000000,25591
RM0014,Health Insurance,2026-07-05 00:00:00.000000,31025
RM0118,Current Account,2019-05-10 00:00:00.000000,21776
RM0068,Credit Card,2025-11-28 00:00:00.000000,21083
RM0076,Fixed Deposit,2019-09-24 00:00:00.000000,45370
RM0025,Gold Investment,2021-03-23 00:00:00.000000,102674
RM0025,Current Account,2019-03-01 00:00:00.000000,47544
RM0154,Loan Against Property,2023-07-01 00:00:00.000000,16587
RM0227,Fixed Deposit,2019-03-12 00:00:00.000000,24502
RM0002,Credit Card,2021-01-29 00:00:00.000000,51375
RM0023,Loan Against Property,2022-08-10 00:00:00.000000,53755
RM0177,Health Insurance,2022-02-12 00:00:00.000000,53008
RM0044,Life Insurance,2019-05-01 00:00:00.000000,14006
RM0218,Current Account,2021-12-29 00:00:00.000000,80059
RM0002,ULIP,2025-01-31 00:00:00.000000,130080
RM0225,Health Insurance,2020-03-28 00:00:00.000000,45720
RM0076,Loan Against Property,2026-02-17 00:00:00.000000,73439
RM0202,Term Insurance,2025-01-04 10:32:43.392053,132679
RM0073,Loan Against Property,2024-06-28 00:00:00.000000,947110
RM0234,Term Insurance,2025-03-15 10:32:43.392085,61448
RM0023,Credit Card,2024-11-12 00:00:00.000000,66092
RM0167,Saving Account,2026-06-27 00:00:00.000000,73899
RM0122,Credit Card,2019-09-25 00:00:00.000000,25089
RM0219,Saving Account,2022-05-21 00:00:00.000000,53694
RM0172,ULIP,2020-02-22 00:00:00.000000,102313
RM0210,Health Insurance,2025-02-18 00:00:00.000000,27560
RM0218,Current Account,2021-07-22 00:00:00.000000,123734
RM0034,ULIP,2025-02-07 10:32:43.392119,58429
RM0073,Fixed Deposit,2020-11-23 00:00:00.000000,37510
RM0202,Gold Investment,2022-11-28 00:00:00.000000,58799
RM0159,Saving Account,2020-03-27 00:00:00.000000,35696
RM0197,Saving Account,2020-04-27 00:00:00.000000,101018
RM0184,ULIP,2021-01-04 00:00:00.000000,42919
RM0164,Health Insurance,2020-10-06 00:00:00.000000,125739
RM0155,Credit Card,2026-01-27 00:00:00.000000,45647
RM0041,Fixed Deposit,2026-05-21 00:00:00.000000,63994
RM0235,Saving Account,2024-07-12 00:00:00.000000,314717
RM0219,Saving Account,2023-01-02 00:00:00.000000,17947
RM0123,Credit Card,2021-05-09 00:00:00.000000,76728
RM0055,ULIP,2025-11-21 00:00:00.000000,17475
RM0219,Saving Account,2023-11-20 00:00:00.000000,101276
RM0097,Credit Card,2023-07-11 00:00:00.000000,55373
RM0075,Credit Card,2019-01-18 00:00:00.000000,149159
RM0193,Gold Investment,2026-03-03 00:00:00.000000,110479
RM0197,Mutual Funds,2025-07-31 00:00:00.000000,13891
RM0154,Recurring Deposit,2026-03-31 00:00:00.000000,38297
RM0168,Fixed Deposit,2025-09-18 00:00:00.000000,17384
RM0090,Credit Card,2025-02-07 00:00:00.000000,55961
RM0167,Credit Card,2026-06-27 00:00:00.000000,46523
RM0068,Mutual Funds,2020-03-20 00:00:00.000000,19230
RM0140,Fixed Deposit,2019-07-04 00:00:00.000000,16926
RM0103,Health Insurance,2025-09-09 00:00:00.000000,51504
RM0180,Health Insurance,2022-06-22 00:00:00.000000,12507
RM0140,Term Insurance,2020-01-21 00:00:00.000000,113468
RM0212,Saving Account,2023-02-18 00:00:00.000000,92274
RM0082,Life Insurance,2024-09-04 00:00:00.000000,86941
RM0113,Life Insurance,2026-01-06 10:32:43.392160,10806
RM0021,Mutual Funds,2025-06-09 00:00:00.000000,12440
RM0068,ULIP,2022-10-26 00:00:00.000000,49907
RM0214,Loan Against Property,2019-04-16 00:00:00.000000,269479
RM0102,Saving Account,2019-07-22 00:00:00.000000,30951
RM0152,Gold Investment,2019-08-25 00:00:00.000000,31108
RM0009,ULIP,2026-07-20 00:00:00.000000,17209
RM0175,Term Insurance,2024-03-19 00:00:00.000000,66094
RM0058,Mutual Funds,2021-02-24 00:00:00.000000,62018
RM0056,Mutual Funds,2020-03-31 00:00:00.000000,15341
RM0044,Credit Card,2025-05-26 00:00:00.000000,41500
RM0158,Life Insurance,2023-02-23 00:00:00.000000,64991
RM0075,Gold Investment,2026-03-01 10:32:43.392195,44013
RM0220,Health Insurance,2025-02-22 10:32:43.392225,66098
RM0077,Fixed Deposit,2024-07-20 00:00:00.000000,94714
RM0020,Mutual Funds,2025-08-17 10:32:43.392269,67888
RM0157,Credit Card,2023-06-17 00:00:00.000000,57870
RM0012,Loan Against Property,2025-03-15 00:00:00.000000,106067
RM0102,Saving Account,2021-03-17 00:00:00.000000,125424
RM0157,Recurring Deposit,2020-12-30 00:00:00.000000,34623
RM0124,Loan Against Property,2025-10-25 10:32:43.392301,19512
RM0028,Life Insurance,2025-05-20 00:00:00.000000,95149
RM0152,Term Insurance,2022-09-26 00:00:00.000000,22024
RM0221,Credit Card,2020-07-20 00:00:00.000000,142219
RM0045,Loan Against Property,2019-07-28 00:00:00.000000,11157
RM0051,Life Insurance,2024-10-25 00:00:00.000000,137087
RM0247,Saving Account,2020-11-21 00:00:00.000000,54480
RM0223,Mutual Funds,2026-05-06 00:00:00.000000,84525
RM0123,Current Account,2025-12-24 00:00:00.000000,35415
RM0008,Recurring Deposit,2021-07-06 00:00:00.000000,249673
RM0090,Loan Against Property,2022-10-26 00:00:00.000000,22909
RM0168,Life Insurance,2021-10-07 00:00:00.000000,25349
RM0140,Term Insurance,2025-09-01 00:00:00.000000,12640
RM0108,ULIP,2024-09-03 10:32:43.392336,151066
RM0240,Health Insurance,2024-02-01 00:00:00.000000,40442
RM0074,Gold Investment,2025-11-28 00:00:00.000000,66173
RM0054,Saving Account,2020-10-13 00:00:00.000000,68148
RM0011,Recurring Deposit,2022-03-21 00:00:00.000000,113773
RM0216,Mutual Funds,2023-03-30 00:00:00.000000,64670
RM0071,Credit Card,2024-06-06 00:00:00.000000,51279
RM0177,Credit Card,2022-05-09 00:00:00.000000,71948
RM0097,Health Insurance,2024-11-09 00:00:00.000000,79509
RM0174,Fixed Deposit,2019-12-14 00:00:00.000000,20285
RM0028,Current Account,2025-04-26 00:00:00.000000,15807
RM0156,Loan Against Property,2025-10-05 00:00:00.000000,192475
RM0083,Current Account,2019-03-23 00:00:00.000000,13889
RM0209,Fixed Deposit,2025-10-27 00:00:00.000000,33424
RM0195,Health Insurance,2023-06-21 00:00:00.000000,44457
RM0125,Fixed Deposit,2021-11-16 00:00:00.000000,57810
RM0248,Life Insurance,2022-01-11 00:00:00.000000,168545
RM0146,Term Insurance,2021-10-20 00:00:00.000000,30082
RM0118,Gold Investment,2024-12-26 00:00:00.000000,81538
RM0228,Fixed Deposit,2025-08-03 00:00:00.000000,47895
RM0248,Saving Account,2023-10-30 00:00:00.000000,22428
RM0202,Term Insurance,2021-02-20 00:00:00.000000,57765
RM0219,ULIP,2025-11-09 10:32:43.392374,180830
RM0118,Credit Card,2023-12-01 00:00:00.000000,16637
RM0232,Recurring Deposit,2019-11-30 00:00:00.000000,45390
RM0074,Gold Investment,2021-10-23 00:00:00.000000,12649
RM0077,Current Account,2020-04-10 00:00:00.000000,29372
RM0118,Recurring Deposit,2020-09-23 00:00:00.000000,58458
RM0151,ULIP,2019-01-31 00:00:00.000000,101960
RM0236,Life Insurance,2019-07-29 00:00:00.000000,75527
RM0128,Life Insurance,2023-06-21 00:00:00.000000,41074
RM0099,Current Account,2025-04-13 00:00:00.000000,129967
RM0189,Loan Against Property,2022-03-22 00:00:00.000000,28028
RM0197,Health Insurance,2023-07-18 00:00:00.000000,80117
RM0058,Current Account,2022-10-11 00:00:00.000000,42123
RM0215,Gold Investment,2023-12-03 00:00:00.000000,124451
RM0091,ULIP,2021-05-02 00:00:00.000000,89834
RM0034,Recurring Deposit,2022-04-15 00:00:00.000000,125869
RM0007,ULIP,2026-02-08 00:00:00.000000,22055
RM0200,Life Insurance,2026-01-08 00:00:00.000000,65153
RM0231,Mutual Funds,2022-03-10 00:00:00.000000,77059
RM0022,Health Insurance,2022-10-15 00:00:00.000000,77820
RM0171,Life Insurance,2025-06-05 00:00:00.000000,45059
RM0147,Current Account,2020-11-05 00:00:00.000000,88888888
RM0239,Current Account,2026-03-22 00:00:00.000000,10565
RM0227,Mutual Funds,2023-01-25 00:00:00.000000,25152
RM0146,Fixed Deposit,2024-11-29 10:32:43.392414,129100
RM0250,Credit Card,2024-04-06 00:00:00.000000,29526
RM0022,Recurring Deposit,2021-01-21 00:00:00.000000,105539
RM0243,Loan Against Property,2026-07-18 10:32:43.392445,101906
RM0220,Life Insurance,2021-09-05 00:00:00.000000,15528
RM0229,Term Insurance,2026-01-23 00:00:00.000000,159622
RM0106,Saving Account,2019-12-28 00:00:00.000000,20072
RM0229,Saving Account,2025-03-25 10:32:43.392476,36752
RM0021,Life Insurance,2025-11-15 00:00:00.000000,22113
RM0228,Mutual Funds,2023-08-04 00:00:00.000000,108424
RM0137,Fixed Deposit,2019-01-24 00:00:00.000000,79195
RM0006,Current Account,2026-03-01 00:00:00.000000,31811
RM0012,Credit Card,2024-08-07 00:00:00.000000,67266
RM0163,Life Insurance,2023-04-12 00:00:00.000000,20189
RM0203,Gold Investment,2022-12-07 00:00:00.000000,34087
RM0169,Current Account,2023-08-12 00:00:00.000000,33669
RM0220,Saving Account,2022-05-09 00:00:00.000000,23586
RM0077,Loan Against Property,2024-03-31 00:00:00.000000,114499
RM0248,ULIP,2020-12-23 00:00:00.000000,66791
RM0085,Saving Account,2024-04-29 00:00:00.000000,26420
RM0225,Loan Against Property,2021-08-29 00:00:00.000000,23861
RM0071,Fixed Deposit,2020-12-13 00:00:00.000000,10905
RM0023,Health Insurance,2021-02-26 00:00:00.000000,31276
RM0107,Credit Card,2020-10-21 00:00:00.000000,47408
RM0143,Mutual Funds,2020-04-26 00:00:00.000000,26266
RM0105,Life Insurance,2022-04-30 00:00:00.000000,70275
RM0176,Saving Account,2020-11-26 00:00:00.000000,36530
RM0081,Recurring Deposit,2026-08-05 00:00:00.000000,29013
RM0057,Term Insurance,2024-06-11 00:00:00.000000,149891
RM0083,Term Insurance,2025-06-18 00:00:00.000000,25244
RM0204,ULIP,2021-03-09 00:00:00.000000,35396
RM0074,Saving Account,2020-07-02 00:00:00.000000,34086
RM0168,Gold Investment,2020-11-09 00:00:00.000000,23800
RM0165,Loan Against Property,2021-08-10 00:00:00.000000,22261
RM0037,Saving Account,2025-04-05 00:00:00.000000,28004
RM0145,Life Insurance,2020-07-31 00:00:00.000000,109841
RM0229,Recurring Deposit,2020-09-22 00:00:00.000000,82853
RM0079,Mutual Funds,2022-04-16 00:00:00.000000,67128
RM0035,Loan Against Property,2025-08-03 10:32:43.392518,40541
RM0055,Current Account,2025-08-17 00:00:00.000000,45438
RM0212,Saving Account,2025-05-07 00:00:00.000000,25539
RM0167,ULIP,2021-02-12 00:00:00.000000,13861
RM0016,Current Account,2020-12-05 00:00:00.000000,30101
RM0240,Life Insurance,2025-08-28 10:32:43.392549,44217
RM0203,Health Insurance,2020-12-12 00:00:00.000000,12951
RM0085,Saving Account,2025-10-23 10:32:43.392579,14618
RM0164,Fixed Deposit,2024-02-21 00:00:00.000000,90366
RM0227,Loan Against Property,2021-09-09 00:00:00.000000,25260
RM0041,Saving Account,2021-07-31 00:00:00.000000,14181
RM0159,Term Insurance,2020-11-10 00:00:00.000000,32870
RM0172,ULIP,2024-06-20 00:00:00.000000,34987
RM0074,Health Insurance,2025-08-02 00:00:00.000000,16271
RM0022,Health Insurance,2022-11-27 00:00:00.000000,22797
RM0153,Gold Investment,2023-01-15 00:00:00.000000,25166
RM0117,Current Account,2021-01-29 00:00:00.000000,13501
RM0163,Gold Investment,2025-01-27 00:00:00.000000,29733
RM0018,Term Insurance,2021-10-07 00:00:00.000000,13748
RM0010,Loan Against Property,2025-10-23 00:00:00.000000,70778
RM0187,Saving Account,2019-09-18 00:00:00.000000,34391
RM0224,Saving Account,2020-03-31 00:00:00.000000,29782
RM0117,Credit Card,2025-05-30 00:00:00.000000,32254
RM0140,Life Insurance,2019-09-19 00:00:00.000000,16763
RM0065,Life Insurance,2023-09-15 00:00:00.000000,22841
RM0216,Credit Card,2023-05-30 00:00:00.000000,23244
RM0224,Term Insurance,2021-12-09 00:00:00.000000,220670
RM0183,Gold Investment,2020-05-21 00:00:00.000000,100196
RM0167,Life Insurance,2024-05-03 00:00:00.000000,10768
RM0167,Recurring Deposit,2019-05-25 00:00:00.000000,57964
RM0051,Life Insurance,2024-07-02 00:00:00.000000,24779
RM0010,Loan Against Property,2020-02-26 00:00:00.000000,15511
RM0051,ULIP,2020-01-07 00:00:00.000000,71140
RM0123,ULIP,2019-03-29 00:00:00.000000,17055
RM0170,Saving Account,2025-07-29 00:00:00.000000,39326
RM0240,Fixed Deposit,2024-11-28 00:00:00.000000,60006
RM0220,Gold Investment,2024-03-11 00:00:00.000000,50427
RM0208,Term Insurance,2024-10-08 00:00:00.000000,199999
RM0056,Life Insurance,2024-06-23 00:00:00.000000,87028
RM0026,Gold Investment,2025-10-15 00:00:00.000000,84403
RM0056,Recurring Deposit,2026-04-13 00:00:00.000000,31971
RM0071,Current Account,2022-12-04 00:00:00.000000,10421
RM0132,ULIP,2026-06-05 00:00:00.000000,76290
RM0068,Health Insurance,2024-11-14 10:32:43.392623,421241
RM0158,Loan Against Property,2024-02-21 00:00:00.000000,36033
RM0085,Credit Card,2024-06-07 00:00:00.000000,221744
RM0208,Saving Account,2025-08-06 00:00:00.000000,17640
RM0111,Loan Against Property,2019-04-13 00:00:00.000000,27585
RM0061,Saving Account,2024-02-21 00:00:00.000000,19360
RM0003,Gold Investment,2025-06-08 10:32:43.392655,42234
RM0219,Saving Account,2021-01-03 00:00:00.000000,89722
RM0195,Saving Account,2019-10-24 00:00:00.000000,30825
RM0208,Mutual Funds,2020-04-25 00:00:00.000000,128344
RM0073,Saving Account,2023-09-04 00:00:00.000000,49354
RM0131,Credit Card,2020-01-04 00:00:00.000000,41314
RM0021,Health Insurance,2019-12-17 00:00:00.000000,87331
RM0105,Gold Investment,2020-07-05 00:00:00.000000,47484
RM0070,Credit Card,2022-12-20 00:00:00.000000,15348
RM0028,Loan Against Property,2026-03-07 00:00:00.000000,84306
RM0250,Mutual Funds,2019-05-26 00:00:00.000000,23916
RM0021,Credit Card,2025-10-01 00:00:00.000000,26481
RM0019,Saving Account,2026-07-11 00:00:00.000000,55746
RM0044,Current Account,2025-08-24 00:00:00.000000,126105
RM0249,Gold Investment,2024-02-13 00:00:00.000000,53185
RM0058,Current Account,2022-02-26 00:00:00.000000,62341
RM0220,Saving Account,2026-08-06 00:00:00.000000,84938
RM0017,Life Insurance,2022-05-01 00:00:00.000000,25009
RM0025,Gold Investment,2023-03-10 00:00:00.000000,97790
RM0160,Fixed Deposit,2021-06-22 00:00:00.000000,37060
RM0054,Saving Account,2025-01-14 00:00:00.000000,19658
RM0120,Credit Card,2026-02-07 00:00:00.000000,31548
RM0093,ULIP,2022-02-01 00:00:00.000000,24126
RM0152,Mutual Funds,2021-11-24 00:00:00.000000,22984
RM0239,Loan Against Property,2024-01-01 00:00:00.000000,26603
RM0071,Current Account,2019-06-27 00:00:00.000000,20868
RM0227,Gold Investment,2019-01-03 00:00:00.000000,19979
RM0112,Current Account,2019-02-12 00:00:00.000000,65086
RM0176,Life Insurance,2020-06-25 00:00:00.000000,53374
RM0023,Saving Account,2026-07-31 00:00:00.000000,62269
RM0069,Recurring Deposit,2019-06-02 00:00:00.000000,31058
RM0203,Gold Investment,2019-10-20 00:00:00.000000,83425
RM0044,Saving Account,2021-03-04 00:00:00.000000,16940
RM0107,Loan Against Property,2020-01-15 00:00:00.000000,581416
RM0137,Life Insurance,2024-04-24 00:00:00.000000,52330
RM0021,Recurring Deposit,2022-06-10 00:00:00.000000,26110
RM0235,ULIP,2020-11-18 00:00:00.000000,47497
RM0041,Recurring Deposit,2023-02-01 00:00:00.000000,29551
RM0120,Recurring Deposit,2026-06-19 00:00:00.000000,88154
RM0107,Loan Against Property,2020-10-20 00:00:00.000000,120945
RM0123,Credit Card,2021-12-08 00:00:00.000000,77852
RM0004,Loan Against Property,2023-12-17 00:00:00.000000,19653
RM0194,Saving Account,2019-09-17 00:00:00.000000,26070
RM0115,Fixed Deposit,2020-08-31 00:00:00.000000,135886
RM0232,Loan Against Property,2020-08-05 00:00:00.000000,38743
RM0015,Loan Against Property,2021-06-18 00:00:00.000000,151664
RM0213,Recurring Deposit,2022-10-22 00:00:00.000000,34916
RM0119,Gold Investment,2022-12-20 00:00:00.000000,161593
RM0015,Loan Against Property,2022-07-07 00:00:00.000000,140008
RM0200,Life Insurance,2026-02-26 00:00:00.000000,64018
RM0110,ULIP,2024-12-14 00:00:00.000000,10443
RM0224,Health Insurance,2026-06-09 00:00:00.000000,35569
RM0115,Fixed Deposit,2021-02-03 00:00:00.000000,131088
RM0087,Fixed Deposit,2025-03-23 00:00:00.000000,118189
RM0146,Current Account,2024-02-21 00:00:00.000000,20375
RM0040,Loan Against Property,2023-02-21 00:00:00.000000,35473
RM0158,Fixed Deposit,2019-09-28 00:00:00.000000,100245
RM0160,Fixed Deposit,2026-04-19 00:00:00.000000,53123
RM0167,Loan Against Property,2023-01-12 00:00:00.000000,103963
RM0114,Credit Card,2026-07-21 10:32:43.392708,97598
RM0072,Term Insurance,2025-06-22 00:00:00.000000,129017
RM0069,Credit Card,2024-10-08 00:00:00.000000,16233
RM0220,Term Insurance,2020-06-06 00:00:00.000000,17845
RM0111,Saving Account,2020-05-27 00:00:00.000000,14321
RM0077,Mutual Funds,2022-07-14 00:00:00.000000,146875
RM0104,Term Insurance,2020-04-05 00:00:00.000000,42233
RM0097,Gold Investment,2020-12-16 00:00:00.000000,13324
RM0188,Recurring Deposit,2025-02-03 00:00:00.000000,29395
RM0190,Recurring Deposit,2020-03-20 00:00:00.000000,99426
RM0208,Recurring Deposit,2024-08-29 10:32:43.392742,31647
RM0011,Health Insurance,2022-11-22 00:00:00.000000,92920
RM0012,Saving Account,2022-05-29 00:00:00.000000,76491
RM0110,Gold Investment,2021-09-29 00:00:00.000000,68460
RM0117,Loan Against Property,2023-06-23 00:00:00.000000,11105
RM0152,Current Account,2020-01-28 00:00:00.000000,130785
RM0195,Saving Account,2024-04-13 00:00:00.000000,22138
RM0243,Term Insurance,2026-07-07 10:32:43.392774,59585
RM0140,Life Insurance,2022-12-16 00:00:00.000000,13190
RM0250,Life Insurance,2024-04-24 00:00:00.000000,14252
RM0193,Recurring Deposit,2025-01-30 10:32:43.392805,10481
RM0135,Saving Account,2023-09-28 00:00:00.000000,51727
RM0099,Health Insurance,2023-06-10 00:00:00.000000,59628
RM0223,Loan Against Property,2019-12-23 00:00:00.000000,12589
RM0209,Credit Card,2026-07-17 00:00:00.000000,27158
RM0062,Life Insurance,2021-09-13 00:00:00.000000,105343
RM0173,Saving Account,2024-12-19 00:00:00.000000,15340
RM0153,Health Insurance,2020-10-21 00:00:00.000000,22202
RM0241,Loan Against Property,2022-02-24 00:00:00.000000,37616
RM0102,Term Insurance,2023-11-06 00:00:00.000000,102344
RM0210,Credit Card,2022-10-13 00:00:00.000000,24708
RM0234,Fixed Deposit,2021-10-25 00:00:00.000000,302794
RM0038,Fixed Deposit,2019-01-10 00:00:00.000000,31945
RM0013,Life Insurance,2021-09-29 00:00:00.000000,34424
RM0188,Saving Account,2022-03-04 00:00:00.000000,16511
RM0215,Recurring Deposit,2021-02-20 00:00:00.000000,67002
RM0242,Current Account,2019-09-11 00:00:00.000000,23950
RM0221,Fixed Deposit,2021-11-03 00:00:00.000000,59559
RM0081,Saving Account,2019-05-28 00:00:00.000000,22625
RM0118,Saving Account,2020-12-17 00:00:00.000000,34540
RM0076,Gold Investment,2021-07-18 00:00:00.000000,107131
RM0152,Loan Against Property,2021-04-01 00:00:00.000000,77143
RM0061,Loan Against Property,2023-07-20 00:00:00.000000,18396
RM0053,Current Account,2020-03-20 00:00:00.000000,56787
RM0041,Saving Account,2024-09-28 00:00:00.000000,59529
RM0125,Term Insurance,2020-09-20 00:00:00.000000,14746
RM0153,Loan Against Property,2021-12-03 00:00:00.000000,41349
RM0059,Health Insurance,2021-09-26 00:00:00.000000,25100
RM0194,Current Account,2025-07-14 00:00:00.000000,41473
RM0035,Health Insurance,2025-05-31 00:00:00.000000,85045
RM0210,Recurring Deposit,2019-02-19 00:00:00.000000,18614
RM0114,Gold Investment,2025-05-14 10:32:43.392847,16579
RM0157,ULIP,2023-08-28 00:00:00.000000,25688
RM0225,Mutual Funds,2023-05-05 00:00:00.000000,162115
RM0079,ULIP,2019-08-02 00:00:00.000000,78881
RM0192,Loan Against Property,2022-05-31 00:00:00.000000,10982
RM0209,ULIP,2023-08-17 00:00:00.000000,35625
RM0065,Fixed Deposit,2024-08-20 00:00:00.000000,24879
RM0213,Loan Against Property,2020-12-16 00:00:00.000000,60825
RM0011,Life Insurance,2025-03-04 10:32:43.392879,40743
RM0190,ULIP,2020-05-19 00:00:00.000000,176909
RM0026,Credit Card,2022-04-30 00:00:00.000000,22357
RM0128,Life Insurance,2026-04-24 00:00:00.000000,54319
RM0203,Loan Against Property,2026-04-03 00:00:00.000000,70233
RM0040,Term Insurance,2019-05-02 00:00:00.000000,97310
RM0040,Saving Account,2026-04-03 10:32:43.392911,36125
RM0248,Health Insurance,2025-02-05 00:00:00.000000,68065
RM0047,Current Account,2025-08-18 00:00:00.000000,28062
RM0174,Current Account,2021-03-26 00:00:00.000000,38588
RM0074,Recurring Deposit,2026-02-16 00:00:00.000000,122989
RM0217,Loan Against Property,2022-07-28 00:00:00.000000,159694
RM0031,Credit Card,2025-08-27 10:32:43.392942,73437
RM0167,Term Insurance,2025-06-09 10:32:43.392972,33448
RM0235,ULIP,2021-07-17 00:00:00.000000,95755
RM0170,Recurring Deposit,2023-01-17 00:00:00.000000,96357
RM0048,Mutual Funds,2023-06-29 00:00:00.000000,11310
RM0145,Fixed Deposit,2019-07-04 00:00:00.000000,15420
RM0116,Mutual Funds,2024-01-17 00:00:00.000000,64142
RM0076,Loan Against Property,2025-04-30 00:00:00.000000,27212
RM0016,Mutual Funds,2021-05-26 00:00:00.000000,161192
RM0076,ULIP,2026-06-01 00:00:00.000000,38640
RM0053,Mutual Funds,2024-11-28 00:00:00.000000,38050
RM0143,Gold Investment,2024-09-24 00:00:00.000000,66672
RM0118,Life Insurance,2026-08-06 10:32:43.393012,82957
RM0160,ULIP,2019-02-16 00:00:00.000000,42271
RM0025,Mutual Funds,2020-02-21 00:00:00.000000,22039
RM0226,Current Account,2025-11-21 00:00:00.000000,84208
RM0210,Term Insurance,2022-09-28 00:00:00.000000,29308
RM0092,Health Insurance,2026-05-08 00:00:00.000000,19625
RM0079,Credit Card,2023-03-01 00:00:00.000000,59934
RM0027,Life Insurance,2025-03-20 00:00:00.000000,14740
RM0192,Mutual Funds,2024-11-04 00:00:00.000000,187634
RM0189,ULIP,2020-10-08 00:00:00.000000,60037
RM0220,Term Insurance,2020-02-15 00:00:00.000000,223063
RM0055,Current Account,2026-06-16 00:00:00.000000,30692
RM0173,Gold Investment,2021-11-23 00:00:00.000000,187377
RM0019,ULIP,2024-09-14 00:00:00.000000,17865
RM0128,Term Insurance,2022-02-15 00:00:00.000000,12077
RM0104,Current Account,2021-01-20 00:00:00.000000,11677
RM0066,ULIP,2025-07-29 10:32:43.393049,41262
RM0210,Term Insurance,2019-02-28 00:00:00.000000,14332
RM0193,Mutual Funds,2021-05-30 00:00:00.000000,45889
RM0185,Fixed Deposit,2019-12-18 00:00:00.000000,29837
RM0130,Saving Account,2022-05-18 00:00:00.000000,30445
RM0196,Gold Investment,2024-03-29 00:00:00.000000,60476
RM0215,Mutual Funds,2024-02-26 00:00:00.000000,18902
RM0241,Gold Investment,2020-03-15 00:00:00.000000,52585
RM0148,Term Insurance,2025-12-22 00:00:00.000000,82740
RM0213,Health Insurance,2023-06-12 00:00:00.000000,53617
RM0102,Life Insurance,2025-07-06 00:00:00.000000,133222
RM0061,Current Account,2020-06-19 00:00:00.000000,32693
RM0078,Term Insurance,2019-04-26 00:00:00.000000,212895
RM0022,Credit Card,2025-08-18 00:00:00.000000,52880
RM0094,Gold Investment,2024-10-09 00:00:00.000000,191345
RM0094,Loan Against Property,2023-05-17 00:00:00.000000,11371
RM0205,Health Insurance,2026-08-01 00:00:00.000000,75093
RM0083,Gold Investment,2024-11-05 00:00:00.000000,20108
RM0230,Life Insurance,2022-10-24 00:00:00.000000,94810
RM0144,Saving Account,2019-08-13 00:00:00.000000,12731
RM0019,ULIP,2024-05-18 00:00:00.000000,53252
RM0147,Health Insurance,2026-04-03 00:00:00.000000,90959
RM0235,Term Insurance,2021-11-21 00:00:00.000000,51167
RM0166,Health Insurance,2024-09-17 00:00:00.000000,13297
RM0229,Loan Against Property,2025-12-11 00:00:00.000000,69118
RM0037,Recurring Deposit,2024-09-08 10:32:43.393088,13125
RM0154,Credit Card,2020-10-27 00:00:00.000000,95041
RM0050,ULIP,2021-08-29 00:00:00.000000,12199
RM0101,Life Insurance,2023-11-11 00:00:00.000000,17390
RM0044,Loan Against Property,2023-09-25 00:00:00.000000,26086
RM0180,Mutual Funds,2023-12-30 00:00:00.000000,60169
RM0145,Fixed Deposit,2025-01-03 00:00:00.000000,197238
RM0162,Mutual Funds,2020-12-25 00:00:00.000000,16268
RM0161,Current Account,2021-11-02 00:00:00.000000,17698
RM0053,Credit Card,2024-05-29 00:00:00.000000,33012
RM0239,Mutual Funds,2024-04-05 00:00:00.000000,100461
RM0172,Life Insurance,2024-12-11 10:32:43.393123,41483
RM0133,ULIP,2023-09-08 00:00:00.000000,29401
RM0172,Fixed Deposit,2022-11-03 00:00:00.000000,51186
RM0220,Mutual Funds,2022-07-03 00:00:00.000000,25090
RM0181,Gold Investment,2022-06-28 00:00:00.000000,35638
RM0011,Gold Investment,2025-01-30 00:00:00.000000,30218
RM0159,Saving Account,2021-11-28 00:00:00.000000,91518
RM0047,Life Insurance,2020-09-01 00:00:00.000000,139019
RM0152,Fixed Deposit,2025-10-16 00:00:00.000000,81266
RM0174,Loan Against Property,2022-11-05 00:00:00.000000,38909
RM0221,Mutual Funds,2024-12-29 00:00:00.000000,45092
RM0092,Recurring Deposit,2020-01-08 00:00:00.000000,16680
RM0213,Health Insurance,2020-12-30 00:00:00.000000,78691
RM0041,ULIP,2022-06-23 00:00:00.000000,55375
RM0043,Credit Card,2019-03-18 00:00:00.000000,126364
RM0176,Term Insurance,2025-06-09 00:00:00.000000,21195
RM0171,Term Insurance,2022-10-09 00:00:00.000000,81298
RM0048,Term Insurance,2025-03-26 00:00:00.000000,67707
RM0091,Health Insurance,2023-07-04 00:00:00.000000,25451
RM0031,Health Insurance,2025-02-24 00:00:00.000000,65037
RM0119,Life Insurance,2020-09-17 00:00:00.000000,139097
RM0081,Term Insurance,2020-01-14 00:00:00.000000,135318
RM0245,Term Insurance,2021-06-10 00:00:00.000000,73581
RM0171,Credit Card,2023-06-13 00:00:00.000000,88888888
RM0118,Fixed Deposit,2019-02-08 00:00:00.000000,12463
RM0075,Term Insurance,2019-05-29 00:00:00.000000,112889
RM0136,Saving Account,2022-12-29 00:00:00.000000,63614
RM0194,Credit Card,2020-12-12 00:00:00.000000,28584
RM0225,Life Insurance,2021-12-19 00:00:00.000000,20366
RM0166,Recurring Deposit,2025-10-13 10:32:43.393164,16176
RM0225,Mutual Funds,2023-01-12 00:00:00.000000,12577
RM0069,Term Insurance,2026-01-15 00:00:00.000000,80142
RM0127,Life Insurance,2021-02-27 00:00:00.000000,23449
RM0029,Fixed Deposit,2021-08-19 00:00:00.000000,11227
RM0157,Credit Card,2026-01-12 00:00:00.000000,35314
RM0076,Mutual Funds,2022-12-03 00:00:00.000000,42947
RM0074,Term Insurance,2025-10-19 00:00:00.000000,19270
RM0223,Term Insurance,2025-10-25 00:00:00.000000,12252
RM0054,Credit Card,2020-08-18 00:00:00.000000,22798
RM0024,Health Insurance,2023-05-22 00:00:00.000000,20482
RM0068,Recurring Deposit,2022-01-27 00:00:00.000000,66831
RM0144,Mutual Funds,2025-06-19 00:00:00.000000,14291
RM0208,Saving Account,2024-11-23 00:00:00.000000,50488
RM0046,Gold Investment,2026-07-17 10:32:43.393200,17915
RM0073,Life Insurance,2020-08-21 00:00:00.000000,20888
RM0015,Mutual Funds,2020-05-27 00:00:00.000000,34967
RM0190,Mutual Funds,2023-06-25 00:00:00.000000,15313
RM0070,Term Insurance,2020-05-12 00:00:00.000000,19509
RM0192,Life Insurance,2019-07-30 00:00:00.000000,31458
RM0236,Current Account,2021-06-17 00:00:00.000000,29999
RM0075,Mutual Funds,2023-05-28 00:00:00.000000,79169
RM0199,Life Insurance,2023-06-04 00:00:00.000000,13886
RM0237,Health Insurance,2024-07-07 00:00:00.000000,36024
RM0217,Credit Card,2025-10-18 00:00:00.000000,25501
RM0118,Recurring Deposit,2024-04-14 00:00:00.000000,108466
RM0131,Mutual Funds,2021-09-09 00:00:00.000000,94704
RM0142,Current Account,2025-12-30 00:00:00.000000,38482
RM0249,Loan Against Property,2024-08-17 00:00:00.000000,82619
RM0106,Saving Account,2023-02-16 00:00:00.000000,28507
RM0125,Health Insurance,2020-09-17 00:00:00.000000,96546
RM0176,ULIP,2023-11-24 00:00:00.000000,45204
RM0233,Mutual Funds,2019-03-08 00:00:00.000000,88250
RM0151,Fixed Deposit,2026-05-26 00:00:00.000000,20093
RM0151,Term Insurance,2026-07-18 00:00:00.000000,16642
RM0151,Saving Account,2023-11-03 00:00:00.000000,12299
RM0009,Fixed Deposit,2024-11-21 00:00:00.000000,150099
RM0099,Recurring Deposit,2020-04-11 00:00:00.000000,28409
RM0154,ULIP,2021-06-26 00:00:00.000000,134819
RM0046,Term Insurance,2020-06-30 00:00:00.000000,25914
RM0099,Fixed Deposit,2019-09-25 00:00:00.000000,129062
RM0173,Credit Card,2021-02-08 00:00:00.000000,127133
RM0099,Health Insurance,2020-08-01 00:00:00.000000,138638
RM0240,Gold Investment,2021-12-27 00:00:00.000000,12605
RM0013,Credit Card,2023-05-01 00:00:00.000000,44274
RM0199,Term Insurance,2020-02-11 00:00:00.000000,110475
RM0091,Fixed Deposit,2020-01-20 00:00:00.000000,103807
RM0018,Term Insurance,2019-04-25 00:00:00.000000,160558
RM0010,Loan Against Property,2022-12-30 00:00:00.000000,29623
RM0158,Credit Card,2019-03-01 00:00:00.000000,37139
RM0041,Term Insurance,2022-12-01 00:00:00.000000,73512
RM0085,Credit Card,2025-05-03 00:00:00.000000,88888888
RM0093,ULIP,2026-06-29 00:00:00.000000,27859
RM0008,Term Insurance,2020-12-26 00:00:00.000000,80082
RM0078,Saving Account,2024-07-09 00:00:00.000000,13838
RM0038,Fixed Deposit,2022-01-07 00:00:00.000000,47064
RM0040,Loan Against Property,2021-10-08 00:00:00.000000,16523
RM0018,Gold Investment,2020-10-12 00:00:00.000000,52165
RM0250,Saving Account,2023-04-01 00:00:00.000000,27359
RM0067,Term Insurance,2019-02-03 00:00:00.000000,24962
RM0229,Term Insurance,2024-05-10 00:00:00.000000,101296
RM0062,Mutual Funds,2025-02-21 00:00:00.000000,20753
RM0048,Mutual Funds,2019-09-09 00:00:00.000000,92629
RM0250,Mutual Funds,2020-12-15 00:00:00.000000,88984
RM0037,Credit Card,2020-01-22 00:00:00.000000,88888888
RM0170,Mutual Funds,2024-03-11 00:00:00.000000,44545
RM0028,Health Insurance,2025-05-23 00:00:00.000000,23318
RM0101,Current Account,2020-11-29 00:00:00.000000,22867
RM0178,Saving Account,2023-05-06 00:00:00.000000,41267
RM0198,Life Insurance,2025-06-03 00:00:00.000000,10442
RM0164,Term Insurance,2023-12-14 00:00:00.000000,47895
RM0218,Credit Card,2020-05-18 00:00:00.000000,162646
RM0016,Term Insurance,2024-05-09 00:00:00.000000,18403
RM0001,Loan Against Property,2021-11-11 00:00:00.000000,52589
RM0162,Current Account,2019-09-08 00:00:00.000000,173218
RM0019,ULIP,2021-04-27 00:00:00.000000,108492
RM0182,ULIP,2024-03-26 00:00:00.000000,104982
RM0006,Life Insurance,2022-03-28 00:00:00.000000,96256
RM0224,Saving Account,2024-10-20 00:00:00.000000,28482
RM0047,Saving Account,2026-05-15 00:00:00.000000,120644
RM0085,Credit Card,2021-04-13 00:00:00.000000,151800
RM0099,Health Insurance,2020-07-12 00:00:00.000000,44238
RM0226,Current Account,2019-11-14 00:00:00.000000,31892
RM0245,Credit Card,2022-12-07 00:00:00.000000,36741
RM0095,Fixed Deposit,2019-08-12 00:00:00.000000,30338
RM0111,Fixed Deposit,2019-04-14 00:00:00.000000,21939
RM0076,Mutual Funds,2019-11-05 00:00:00.000000,58175
RM0064,Current Account,2025-05-26 10:32:43.393265,51345
RM0202,Gold Investment,2025-09-27 00:00:00.000000,41049
RM0031,Loan Against Property,2022-08-19 00:00:00.000000,15037
RM0190,Credit Card,2025-11-08 00:00:00.000000,89701
RM0061,Term Insurance,2025-06-18 00:00:00.000000,19614
RM0166,Saving Account,2020-10-26 00:00:00.000000,16083
RM0107,Health Insurance,2019-07-18 00:00:00.000000,88888888
RM0042,Credit Card,2021-07-06 00:00:00.000000,58784
RM0214,Credit Card,2025-07-30 00:00:00.000000,35428
RM0062,Mutual Funds,2021-10-21 00:00:00.000000,13083
RM0004,Loan Against Property,2023-10-18 00:00:00.000000,31969
RM0090,Saving Account,2026-06-20 00:00:00.000000,83872
RM0133,Life Insurance,2019-08-02 00:00:00.000000,57757
RM0227,ULIP,2024-04-19 00:00:00.000000,32532
RM0125,ULIP,2022-08-02 00:00:00.000000,20647
RM0224,Credit Card,2025-11-10 10:32:43.393302,59955
RM0159,Fixed Deposit,2025-12-24 00:00:00.000000,119264
RM0025,Fixed Deposit,2025-09-19 00:00:00.000000,61961
RM0249,ULIP,2025-01-05 00:00:00.000000,93806
RM0110,Gold Investment,2023-05-28 00:00:00.000000,46857
RM0070,Health Insurance,2023-04-09 00:00:00.000000,73287
RM0034,Health Insurance,2024-09-16 00:00:00.000000,123277
RM0241,Fixed Deposit,2025-07-18 00:00:00.000000,84179
RM0228,Recurring Deposit,2026-02-03 00:00:00.000000,130316
RM0175,Loan Against Property,2025-03-03 00:00:00.000000,38206
RM0045,Current Account,2020-05-28 00:00:00.000000,127285
RM0250,Life Insurance,2022-07-05 00:00:00.000000,58585
RM0183,Recurring Deposit,2025-02-05 00:00:00.000000,112029
RM0033,Health Insurance,2025-09-10 00:00:00.000000,12008
RM0094,Fixed Deposit,2024-01-12 00:00:00.000000,63625
RM0075,Recurring Deposit,2022-09-10 00:00:00.000000,104185
RM0049,ULIP,2024-07-31 00:00:00.000000,19570
RM0054,Saving Account,2025-09-12 00:00:00.000000,64203
RM0147,Fixed Deposit,2024-09-11 10:32:43.393339,97135
RM0012,ULIP,2025-09-30 00:00:00.000000,26980
RM0220,Fixed Deposit,2023-07-01 00:00:00.000000,35980
RM0234,Life Insurance,2024-07-26 00:00:00.000000,52142
RM0074,ULIP,2025-07-27 00:00:00.000000,46611
RM0198,Recurring Deposit,2022-12-08 00:00:00.000000,11998
RM0225,Credit Card,2025-07-31 00:00:00.000000,15194
RM0013,Term Insurance,2021-08-14 00:00:00.000000,15293
RM0227,Health Insurance,2025-05-17 00:00:00.000000,25208
RM0120,Credit Card,2019-08-10 00:00:00.000000,24109
RM0038,Recurring Deposit,2022-10-19 00:00:00.000000,77782
RM0066,ULIP,2024-06-13 00:00:00.000000,52518
RM0201,Credit Card,2021-03-14 00:00:00.000000,82191
RM0171,Life Insurance,2019-06-09 00:00:00.000000,13622
RM0240,Life Insurance,2021-06-27 00:00:00.000000,43200
RM0206,ULIP,2025-03-16 00:00:00.000000,29561
RM0018,Saving Account,2026-01-17 10:32:43.393375,104835
RM0204,Term Insurance,2023-09-10 00:00:00.000000,71513
RM0065,Saving Account,2025-10-01 00:00:00.000000,111726
RM0215,Recurring Deposit,2024-01-10 00:00:00.000000,12376
RM0113,ULIP,2023-08-19 00:00:00.000000,73795
RM0203,Health Insurance,2020-05-21 00:00:00.000000,48827
RM0008,Term Insurance,2025-11-14 00:00:00.000000,97148
RM0074,Recurring Deposit,2021-12-07 00:00:00.000000,45378
RM0018,Credit Card,2020-04-24 00:00:00.000000,48849
RM0023,Mutual Funds,2023-12-15 00:00:00.000000,12657
RM0095,Recurring Deposit,2022-09-01 00:00:00.000000,65209
RM0177,Fixed Deposit,2021-01-19 00:00:00.000000,176805
RM0121,Credit Card,2022-07-31 00:00:00.000000,25951
RM0104,Saving Account,2022-06-17 00:00:00.000000,10994
RM0044,Recurring Deposit,2024-01-08 00:00:00.000000,13437
RM0233,Credit Card,2025-11-24 00:00:00.000000,167660
RM0107,Mutual Funds,2020-01-11 00:00:00.000000,31238
RM0170,Mutual Funds,2021-05-20 00:00:00.000000,111276
RM0157,Health Insurance,2026-07-30 00:00:00.000000,170541
RM0220,Life Insurance,2025-04-23 00:00:00.000000,153470
RM0233,Health Insurance,2025-05-24 00:00:00.000000,116737
RM0036,Term Insurance,2020-07-16 00:00:00.000000,122615
RM0153,Health Insurance,2025-07-15 10:32:43.393413,27054
RM0043,Health Insurance,2019-09-16 00:00:00.000000,26727
RM0248,Credit Card,2025-07-21 00:00:00.000000,88888888
RM0161,Gold Investment,2025-01-14 00:00:00.000000,18212
RM0186,Recurring Deposit,2026-03-07 00:00:00.000000,60980
RM0016,Life Insurance,2020-10-07 00:00:00.000000,43481
RM0036,Mutual Funds,2025-03-30 00:00:00.000000,15198
RM0159,ULIP,2024-07-03 00:00:00.000000,66589
RM0085,Current Account,2021-05-18 00:00:00.000000,51375
RM0073,Health Insurance,2020-01-27 00:00:00.000000,109413
RM0113,Health Insurance,2025-05-25 00:00:00.000000,56975
RM0016,Health Insurance,2023-03-26 00:00:00.000000,52659
RM0034,Health Insurance,2023-10-22 00:00:00.000000,39058
RM0194,ULIP,2024-08-09 00:00:00.000000,41068
RM0223,Saving Account,2020-12-17 00:00:00.000000,164371
RM0061,Recurring Deposit,2019-12-21 00:00:00.000000,17450
RM0245,Fixed Deposit,2024-07-25 00:00:00.000000,39549
RM0180,Health Insurance,2021-07-08 00:00:00.000000,63330
RM0030,Current Account,2020-10-14 00:00:00.000000,38370
RM0043,ULIP,2021-08-03 00:00:00.000000,26649
RM0061,Life Insurance,2024-07-10 00:00:00.000000,26938
RM0247,Life Insurance,2026-06-13 00:00:00.000000,23306
RM0129,Gold Investment,2023-08-18 00:00:00.000000,31072
RM0199,ULIP,2020-03-15 00:00:00.000000,88888888
RM0205,Gold Investment,2024-05-29 00:00:00.000000,112659
RM0223,Fixed Deposit,2022-02-11 00:00:00.000000,45182
RM0185,ULIP,2026-05-01 00:00:00.000000,23781
RM0043,Loan Against Property,2019-06-22 00:00:00.000000,23737
RM0015,Saving Account,2025-07-11 10:32:43.393453,34268
RM0134,Term Insurance,2022-02-20 00:00:00.000000,15592
RM0039,Recurring Deposit,2023-05-31 00:00:00.000000,127188
RM0008,Health Insurance,2026-08-08 00:00:00.000000,36229
RM0076,Recurring Deposit,2022-10-19 00:00:00.000000,206588
RM0048,Mutual Funds,2025-07-09 00:00:00.000000,31350
RM0076,Recurring Deposit,2025-12-22 00:00:00.000000,100503
RM0137,Gold Investment,2023-03-07 00:00:00.000000,24811
RM0247,Loan Against Property,2021-03-12 00:00:00.000000,13960
RM0070,Loan Against Property,2021-04-02 00:00:00.000000,11612
RM0175,ULIP,2021-08-17 00:00:00.000000,56591
RM0177,Health Insurance,2021-10-14 00:00:00.000000,28667
RM0024,Mutual Funds,2020-08-05 00:00:00.000000,39306
RM0118,Fixed Deposit,2025-01-25 10:32:43.393488,95365
RM0090,Credit Card,2025-01-01 10:32:43.393518,24258
RM0129,Life Insurance,2024-04-04 00:00:00.000000,28455
RM0086,Loan Against Property,2026-06-14 00:00:00.000000,103325
RM0236,Saving Account,2021-10-02 00:00:00.000000,43938
RM0127,Mutual Funds,2022-07-11 00:00:00.000000,97915
RM0185,Life Insurance,2025-06-18 00:00:00.000000,33458
RM0214,Loan Against Property,2026-07-27 10:32:43.393550,35405
RM0130,Fixed Deposit,2026-02-10 00:00:00.000000,19144
RM0041,Fixed Deposit,2024-11-18 00:00:00.000000,134053
RM0210,Mutual Funds,2026-02-16 00:00:00.000000,123546
RM0109,Fixed Deposit,2020-01-17 00:00:00.000000,217441
RM0016,Loan Against Property,2020-07-05 00:00:00.000000,35745
RM0187,Gold Investment,2019-03-07 00:00:00.000000,95356
RM0184,Gold Investment,2019-01-14 00:00:00.000000,36803
RM0240,Life Insurance,2026-06-24 00:00:00.000000,40284
RM0246,Recurring Deposit,2021-09-14 00:00:00.000000,98597
RM0160,Life Insurance,2022-08-15 00:00:00.000000,19762
RM0134,Fixed Deposit,2019-05-21 00:00:00.000000,22443
RM0125,Gold Investment,2020-04-10 00:00:00.000000,28896
RM0067,Credit Card,2026-06-13 00:00:00.000000,87600
RM0101,Mutual Funds,2019-01-04 00:00:00.000000,33312
RM0232,Gold Investment,2021-07-11 00:00:00.000000,32171
RM0180,Term Insurance,2024-09-04 00:00:00.000000,346957
RM0086,Gold Investment,2024-09-29 00:00:00.000000,34209
RM0103,Loan Against Property,2021-01-21 00:00:00.000000,88888888
RM0246,Life Insurance,2022-02-27 00:00:00.000000,24235
RM0092,Health Insurance,2021-07-24 00:00:00.000000,58803
RM0243,Health Insurance,2024-09-14 00:00:00.000000,90944
RM0103,Term Insurance,2026-07-20 00:00:00.000000,13607
RM0134,ULIP,2020-07-05 00:00:00.000000,58233
RM0210,ULIP,2022-07-08 00:00:00.000000,11819
RM0106,Current Account,2026-07-06 00:00:00.000000,47362
RM0229,Term Insurance,2024-12-24 00:00:00.000000,24852
RM0073,Saving Account,2022-05-09 00:00:00.000000,28310
RM0098,Term Insurance,2022-07-07 00:00:00.000000,41470
RM0005,ULIP,2021-05-27 00:00:00.000000,140938
RM0207,Credit Card,2026-02-09 10:32:43.393591,72008
RM0165,Current Account,2025-11-16 00:00:00.000000,148108
RM0167,Mutual Funds,2025-02-06 00:00:00.000000,63936
RM0057,Gold Investment,2022-03-10 00:00:00.000000,10356
RM0001,Saving Account,2022-06-28 00:00:00.000000,25434
RM0069,Current Account,2022-10-05 00:00:00.000000,128102
RM0056,Gold Investment,2024-11-17 00:00:00.000000,61563
RM0225,Saving Account,2021-03-22 00:00:00.000000,209898
RM0041,Life Insurance,2021-03-31 00:00:00.000000,18478
RM0206,Life Insurance,2021-06-02 00:00:00.000000,27601
RM0098,Term Insurance,2020-06-10 00:00:00.000000,32499
RM0247,Current Account,2023-01-11 00:00:00.000000,29767
RM0072,Credit Card,2026-03-26 00:00:00.000000,24517
RM0071,Health Insurance,2026-06-11 00:00:00.000000,39301
