RM_ID,Month,Target,Achievement,Achievement_Pct
RM0001,2023-01,204208,156604,76.68847449659171
RM0001,2023-03,62458,85117,136.2787793397163
RM0001,2023-04,142154,161305,113.47200922942724
RM0001,2023-05,141155,230864,163.55354043427437
RM0001,2023-06,172719,291016,168.4910172013502
RM0001,2023-07,157178,116136,73.88820318365165
RM0001,2023-08,115878,125518,108.31909421978287
RM0001,2023-10,163250,217286,133.10015313935682
RM0001,2023-11,0,0,0.0
RM0001,2023-12,211311,310179,146.7879097633346
RM0001,2024-01,219326,224313,102.27378422986786
RM0001,2024-03,768375,697084,90.72184805596225
RM0001,2024-04,66906,102517,153.22542073954503
RM0001,2024-05,85776,117506,136.99169930983027
RM0001,2024-06,79580,25888,32.530786629806485
RM0001,2024-07,142154,159220,112.00529003756489
RM0001,2024-08,142154,0,0.0
RM0001,2024-09,120978,109166,90.23624130007109
RM0001,2024-10,66911,39913,59.65087952653525
RM0001,2024-11,266987,388419,145.48236430987276
RM0001,2024-12,305141,476548,156.17304786967335
RM0002,2023-01,131821,211088,160.13230061977987
RM0002,2023-02,161962,162916,100.58902705572912
RM0002,2023-03,240162,149075,62.07268427145011
RM0002,2023-04,283738,267905,94.41985211709394
RM0002,2023-05,70423,33730,47.89628388452636
RM0002,2023-06,77031,126011,163.58479053887396
RM0002,2023-07,755546,631228,83.5459389633457
RM0002,2023-08,101827,63963,62.81536331228455
RM0002,2023-09,310434,190547,61.38084101612581
RM0002,2023-10,436731,568198,130.10251161470103
RM0002,2023-11,391140,442385,113.10144705220637
RM0002,2023-12,226006,277803,122.91841809509482
RM0002,2024-01,316852,492321,155.37885195611833
RM0002,2024-02,183664,229352,124.87586026657374
RM0002,2024-03,432418,732861,169.479762637078
RM0002,2024-04,213708,66598,31.163082336646262
RM0002,2024-05,66541,105594,158.69013089674036
RM0002,2024-06,63277,39249,62.02727689365805
RM0002,2024-07,183664,105719,57.56108981618608
RM0002,2024-08,89311,107204,120.03448623349868
RM0002,2024-09,178927,131355,73.41262078948398
RM0002,2024-10,84905,122840,144.67934750603615
RM0002,2024-11,461061,174838,37.920795729849196
RM0002,2024-12,71438,90243,126.32352529466111
RM0003,2023-01,294784,438279,148.67801508901434
RM0003,2023-02,240775,392738,163.11411068424877
RM0003,2023-03,86760,39990,46.09266943291839
RM0003,2023-04,193318,296436,153.34112705490435
RM0003,2023-05,180856,315502,174.4492856194984
RM0003,2023-06,288125,389310,135.1184381778742
RM0003,2023-07,59322,27383,46.15994066282323
RM0003,2023-08,280454,167531,59.735642921833886
RM0003,2023-09,54388,90618,166.61395896153564
RM0003,2023-10,382193,239912,62.7724735931846
RM0003,2023-11,277259,103131,37.19662842324325
RM0003,2023-12,100333,82743,82.46838029362223
RM0003,2024-01,196592,284029,144.476377472125
RM0003,2024-02,51568,40703,78.93073223704623
RM0003,2024-03,86185,154975,179.8166734350525
RM0003,2024-04,216746,196915,90.8505808642374
RM0003,2024-05,61800,74036,119.79935275080906
RM0003,2024-06,203958,310956,152.46080075309624
RM0003,2024-10,101073,179115,177.21349915407677
RM0003,2024-11,136829,101789,74.39139363731373
RM0003,2024-12,114260,123329,107.93716086119376
RM0004,2023-02,463984,650848,140.27380254491536
RM0004,2023-03,179096,97466,54.42109259838299
RM0004,2023-04,74263,78220,105.32836001777466
RM0004,2023-05,245684,350472,142.65153611956822
RM0004,2023-06,88410,39797,45.01413867209592
RM0004,2023-07,122788,205947,167.72567351858487
RM0004,2023-08,168239,131251,78.01461016767813
RM0004,2023-09,108653,54123,49.81270650603297
RM0004,2023-10,146146,217325,148.70403569033707
RM0004,2023-11,568944,598752,105.23917995444192
RM0004,2023-12,77446,102571,132.44195955891846
RM0004,2024-01,262075,106808,40.75474577888009
RM0004,2024-03,334707,516782,154.39832450471607
RM0004,2024-04,145952,166477,114.06284257838193
RM0004,2024-05,237454,312281,131.5122086804181
RM0004,2024-06,52501,25392,48.36479305156092
RM0004,2024-07,76616,109830,143.35125822282552
RM0004,2024-08,136995,153195,111.82524909668237
RM0004,2024-09,272214,220894,81.14718567009778
RM0004,2024-10,257279,247875,96.34482410146184
RM0004,2024-11,121024,96765,79.95521549444739
RM0004,2024-12,552624,805703,145.7958756767712
RM0005,2023-01,53060,92118,173.61100640784016
RM0005,2023-02,274041,143532,52.37610430556011
RM0005,2023-03,61911,47194,76.22878002293615
RM0005,2023-04,196797,241040,122.48154189342317
RM0005,2023-05,98413,95314,96.85102577911455
RM0005,2023-06,85717,32218,37.58647642824644
RM0005,2023-07,159151,130581,82.04849482566871
RM0005,2023-08,167422,287925,171.97560655111036
RM0005,2023-09,73212,22179,30.294214063268317
RM0005,2023-10,61999,61630,99.40482911014695
RM0005,2023-11,234102,274167,117.11433477714843
RM0005,2023-12,152448,126675,83.09390743073047
RM0005,2024-01,105653,91329,86.44241053259253
RM0005,2024-02,191871,105841,55.162583193916745
RM0005,2024-03,271342,315538,116.28793183510109
RM0005,2024-04,139234,0,0.0
RM0005,2024-05,154318,269156,174.41646470275666
RM0005,2024-06,53105,31824,59.9265605875153
RM0005,2024-07,139234,175108,125.7652584857147
RM0005,2024-08,85782,145581,169.7104287612786
RM0005,2024-09,204323,330216,161.61469829632495
RM0005,2024-10,109919,169652,154.34274329278833
RM0005,2024-11,121275,82361,67.91259534116676
RM0005,2024-12,413976,181457,43.8327342647883
RM0006,2023-01,479413,473551,98.77725468437444
RM0006,2023-02,786458,872490,110.93917284839114
RM0006,2023-03,262505,81535,31.06036075503324
RM0006,2023-04,152975,215110,140.6177479980389
RM0006,2023-06,279059,149875,53.70728053924081
RM0006,2023-07,131443,130031,98.92577010567318
RM0006,2023-08,131469,59879,45.54609831975599
RM0006,2023-09,137790,208151,151.0639378764787
RM0006,2023-10,103539,98244,94.88598499116276
RM0006,2023-11,536470,186456,34.75609074132757
RM0006,2023-12,184297,260808,141.51505450441405
RM0006,2024-01,264619,363561,137.39036123634358
RM0006,2024-02,244441,94969,38.85150199843725
RM0006,2024-03,164579,242664,147.44529982561568
RM0006,2024-04,236872,0,0.0
RM0006,2024-06,51818,78858,152.18263923733068
RM0006,2024-07,236872,217521,91.83060893647202
RM0006,2024-08,473005,685808,144.98958784790858
RM0006,2024-09,565652,958199,169.39726192075693
RM0006,2024-10,148462,212607,143.20634236370248
RM0006,2024-11,215932,327605,151.71674416019857
RM0006,2024-12,282455,149658,52.98472323024907
RM0007,2023-01,89934,62827,69.85900771677007
RM0007,2023-02,305973,463889,151.6110898674066
RM0007,2023-03,152579,178707,117.12424383434154
RM0007,2023-04,313102,240741,76.88900102841886
RM0007,2023-06,57722,59101,102.38903710890128
RM0007,2023-07,417518,620307,148.57012152769462
RM0007,2023-08,118502,47063,39.714941519974346
RM0007,2023-09,201969,164748,81.57093415326115
RM0007,2023-10,319809,414927,129.74212733225144
RM0007,2023-11,133027,64522,48.50293549429815
RM0007,2023-12,412487,294489,71.39352270495797
RM0007,2024-01,88095,134253,152.39570917759238
RM0007,2024-02,646243,833808,129.0239120578482
RM0007,2024-03,197048,153529,77.91451828995982
RM0007,2024-04,53093,31202,58.76857589512742
RM0007,2024-05,181715,95759,52.697355749387775
RM0007,2024-06,372912,217115,58.22151070493843
RM0007,2024-07,160754,171688,106.80169700287396
RM0007,2024-08,188930,149472,79.11501614354522
RM0007,2024-09,360167,348084,96.6451673806873
RM0007,2024-10,230672,289231,125.38626274537006
RM0007,2024-11,68691,84761,123.39462229404144
RM0007,2024-12,170010,280160,164.7903064525616
RM0008,2023-01,369139,194326,52.64304232281065
RM0008,2023-03,62782,46577,74.18846166098562
RM0008,2023-04,697019,231661,33.23596630794856
RM0008,2023-05,217619,263921,121.27663485265532
RM0008,2023-06,206013,129258,62.74264245460238
RM0008,2023-07,88566,83780,94.5961204073798
RM0008,2023-08,127794,141794,110.95513091381441
RM0008,2023-09,65115,26822,41.19173769484758
RM0008,2023-10,63876,74062,115.9465213851838
RM0008,2023-11,126060,93337,74.04172616214501
RM0008,2023-12,106929,65325,61.091939511264485
RM0008,2024-01,129528,78310,60.457970477425725
RM0008,2024-02,229622,111573,48.58985637264722
RM0008,2024-03,494176,214832,43.47277083468238
RM0008,2024-04,480922,745401,154.99415705665368
RM0008,2024-05,221249,369143,166.8450478872221
RM0008,2024-06,72487,40916,56.445983417716285
RM0008,2024-07,93583,62440,66.72151993417607
RM0008,2024-08,105844,123143,116.34386455538339
RM0008,2024-09,0,0,0.0
RM0008,2024-10,122256,81859,66.95704096322471
RM0008,2024-11,189950,337684,177.7752040010529
RM0008,2024-12,159364,149567,93.85243844281017
RM0009,2023-01,118887,175646,147.74197347060652
RM0009,2023-02,61205,106475,173.9645453802794
RM0009,2023-03,131171,101073,77.05437939788521
RM0009,2023-04,597842,1018614,170.38180656427616
RM0009,2023-05,204055,66881,32.77596726372792
RM0009,2023-06,257067,206511,80.33353172519226
RM0009,2023-07,172733,0,0.0
RM0009,2023-08,75928,82396,108.518596565167
RM0009,2023-09,254710,180720,70.95127792391347
RM0009,2023-10,468876,373500,79.65858777160699
RM0009,2023-11,82487,32944,39.93841453804842
RM0009,2023-12,205077,322786,157.39746534228607
RM0009,2024-02,509065,738529,145.075579739326
RM0009,2024-03,83405,147334,176.6488819615131
RM0009,2024-04,427805,233047,54.4750528862449
RM0009,2024-05,172733,195754,113.32750545639803
RM0009,2024-06,137653,244529,177.64160606743042
RM0009,2024-07,172733,156913,90.84135631292226
RM0009,2024-08,59221,73482,124.08098478580234
RM0009,2024-09,84469,92155,109.09919615480234
RM0009,2024-10,276942,185576,67.00897660882062
RM0009,2024-11,124972,215720,172.61466568511347
RM0009,2024-12,264995,307151,115.90822468348459
RM0010,2023-01,87653,82214,93.79485014774166
RM0010,2023-02,273123,418100,153.08121249400452
RM0010,2023-03,92077,119063,129.30807910770335
RM0010,2023-05,64973,21754,33.48160004925123
RM0010,2023-06,169334,107792,63.65644229747127
RM0010,2023-07,62329,86932,139.4727975741629
RM0010,2023-08,153365,99352,64.7814038405112
RM0010,2023-09,288649,374064,129.59130293193465
RM0010,2023-10,246291,187437,76.10387712096666
RM0010,2023-11,95831,115122,120.13022925775584
RM0010,2023-12,83486,127159,152.31176484680066
RM0010,2024-01,161010,103124,64.04819576423824
RM0010,2024-02,197191,338686,171.75530323392042
RM0010,2024-04,62849,29163,46.401692946586266
RM0010,2024-05,328530,152566,46.43898578516421
RM0010,2024-07,56025,46046,82.18830879071844
RM0010,2024-08,144302,166548,115.41627974664246
RM0010,2024-09,156178,260782,166.977423196609
RM0010,2024-10,0,0,0.0
RM0010,2024-11,668506,574166,85.88793518681956
RM0010,2024-12,147069,62724,42.64936866368848
RM0011,2023-01,516943,158272,30.61691521115481
RM0011,2023-02,274480,95223,34.69214514718741
RM0011,2023-03,264828,452037,170.69078798314376
RM0011,2023-04,123962,81994,66.1444636259499
RM0011,2023-05,88481,91805,103.75673873486963
RM0011,2023-06,78109,102274,130.9375360073743
RM0011,2023-07,118913,93306,78.46576909168888
RM0011,2023-08,142785,159045,111.38775081416115
RM0011,2023-09,72960,99345,136.16365131578948
RM0011,2023-10,371769,266551,71.69801677923657
RM0011,2023-11,79839,115028,144.07495083856261
RM0011,2023-12,80416,29101,36.18807202546757
RM0011,2024-01,194839,128521,65.96266661192061
RM0011,2024-02,78276,138736,177.23951147222647
RM0011,2024-03,101768,168442,165.51568272934517
RM0011,2024-05,79442,121424,152.8461015583696
RM0011,2024-06,154578,64596,41.788611574738965
RM0011,2024-07,248416,406932,163.81070462450086
RM0011,2024-08,76692,106478,138.83847076618162
RM0011,2024-09,138332,197926,143.08041523291791
RM0011,2024-10,237726,80803,33.98997164803177
RM0011,2024-12,79533,80053,100.65381665472195
RM0012,2023-01,456795,371424,81.3108724920369
RM0012,2023-02,198681,63205,31.812302132564263
RM0012,2023-03,236265,284605,120.46007660889255
RM0012,2023-06,238497,395187,165.69893960930327
RM0012,2023-07,73761,51070,69.2371307330432
RM0012,2023-08,870219,465067,53.44252423815155
RM0012,2023-09,241281,334804,138.76102967079876
RM0012,2023-10,222325,142546,64.11604632857303
RM0012,2023-11,86336,112194,129.9504262416605
RM0012,2024-01,80915,104570,129.2343817586356
RM0012,2024-02,151747,133528,87.99383183852069
RM0012,2024-03,103551,178249,172.13643518652643
RM0012,2024-04,156420,178612,114.1874440608618
RM0012,2024-05,497144,636749,128.08140096229664
RM0012,2024-06,524988,241258,45.95495516087987
RM0012,2024-07,331244,266029,80.31209621910132
RM0012,2024-08,299495,474236,158.3452144443146
RM0012,2024-09,97512,89052,91.32414472064977
RM0012,2024-10,244201,109544,44.858129164090236
RM0012,2024-11,261301,121690,46.570812970482315
RM0012,2024-12,418808,299242,71.45087963935741
RM0013,2023-01,178561,84946,47.572538236233
RM0013,2023-02,97102,87967,90.5923667895615
RM0013,2023-03,150136,45056,30.010124154100282
RM0013,2023-04,379269,118146,31.15097727470476
RM0013,2023-05,272873,274474,100.58671982937118
RM0013,2023-06,161312,98787,61.239709383058916
RM0013,2023-07,190232,210367,110.58444425753817
RM0013,2023-08,76911,50544,65.71751765027109
RM0013,2023-09,60387,24120,39.942371702518756
RM0013,2023-10,52080,32847,63.07027649769586
RM0013,2023-11,220756,170936,77.43209697584663
RM0013,2023-12,112950,56233,49.78574590526782
RM0013,2024-01,178516,145171,81.32100203903292
RM0013,2024-02,219198,309549,141.2188979826458
RM0013,2024-03,181810,129831,71.41026346185578
RM0013,2024-04,156576,106142,67.78944410382178
RM0013,2024-05,399821,579571,144.95761853429408
RM0013,2024-06,151888,265528,174.81828715895924
RM0013,2024-07,168698,133744,79.28013373009757
RM0013,2024-08,65050,72570,111.56033820138356
RM0013,2024-10,345363,552607,160.00758622087486
RM0013,2024-11,189166,168387,89.0154678959221
RM0013,2024-12,207600,299610,144.3208092485549
RM0014,2023-01,129558,131421,101.43796600750244
RM0014,2023-02,221204,357239,161.4975316902045
RM0014,2023-03,284820,95012,33.35861245699038
RM0014,2023-04,69922,110418,157.91596350218816
RM0014,2023-05,319205,281925,88.32098494697765
RM0014,2023-06,181660,301331,165.87636243531873
RM0014,2023-07,413812,610223,147.46382415203038
RM0014,2023-08,85280,119001,139.54151031894935
RM0014,2023-09,65987,108278,164.0898964947641
RM0014,2023-10,74227,96014,129.35185309927655
RM0014,2023-11,191334,280371,146.5348552792499
RM0014,2023-12,170302,66307,38.93495085201583
RM0014,2024-01,233547,204290,87.4727570895794
RM0014,2024-02,107912,192893,178.7502780042998
RM0014,2024-03,175981,115443,65.59969542166483
RM0014,2024-04,183886,251202,136.60746331966544
RM0014,2024-05,162085,106592,65.76302557300183
RM0014,2024-07,270433,386207,142.81060373549087
RM0014,2024-08,210567,378307,179.6611054913638
RM0014,2024-09,142370,193521,135.92821521387933
RM0014,2024-10,289758,250365,86.40486198827988
RM0014,2024-11,141645,248410,175.37505736171414
RM0014,2024-12,54923,44100,80.29423010396373
RM0015,2023-02,149891,45296,30.219292686018505
RM0015,2023-03,394084,287431,72.93648054729448
RM0015,2023-04,94701,144938,153.0480142765124
RM0015,2023-05,98856,127171,128.64267216962045
RM0015,2023-06,308477,459234,148.8713907357761
RM0015,2023-07,278455,120558,43.29532599522364
RM0015,2023-08,62482,47496,76.015492461829
RM0015,2023-09,55491,58301,105.0638842334793
RM0015,2023-10,125324,142310,113.55366889023651
RM0015,2023-11,103241,106196,102.86223496479113
RM0015,2023-12,111137,65883,59.2808875532001
RM0015,2024-01,207202,271466,131.01514464146098
RM0015,2024-02,315117,508008,161.2125020230581
RM0015,2024-03,232843,309971,133.1244658417904
RM0015,2024-04,58751,27299,46.46559207502851
RM0015,2024-05,301146,195572,64.94258598819177
RM0015,2024-06,115907,60033,51.79411079572416
RM0015,2024-07,82565,120802,146.31139102525285
RM0015,2024-08,95543,93016,97.35511759103231
RM0015,2024-09,74673,98336,131.68882996531545
RM0015,2024-10,245441,206793,84.25364955325313
RM0015,2024-11,280390,185018,65.98594814365704
RM0015,2024-12,226601,316096,139.49453003296543
RM0016,2023-01,569416,369256,64.84819534400157
RM0016,2023-02,64759,44978,69.45443876526815
RM0016,2023-03,69663,48480,69.59217949270057
RM0016,2023-04,77894,62406,80.11656867024418
RM0016,2023-05,130162,215494,165.55830426699038
RM0016,2023-06,82651,145270,175.7631486612382
RM0016,2023-08,299230,485413,162.22069979614344
RM0016,2023-09,447702,640151,142.98595941050075
RM0016,2023-10,283228,270972,95.67274422020422
RM0016,2023-11,157140,266938,169.87272495863562
RM0016,2023-12,121284,44016,36.29167903433264
RM0016,2024-01,265798,308255,115.97340837779065
RM0016,2024-02,303009,125241,41.33243567022762
RM0016,2024-03,195624,131373,67.15587044534414
RM0016,2024-04,400372,186118,46.486267770972994
RM0016,2024-06,327792,141878,43.28293552008591
RM0016,2024-07,53812,35117,65.25867836170372
RM0016,2024-08,110754,137312,123.97926937176085
RM0016,2024-09,71186,68053,95.59885370718962
RM0016,2024-11,84273,133400,158.29506484876532
RM0016,2024-12,56901,47450,83.39045007996344
RM0017,2023-01,199695,333417,166.96311875610306
RM0017,2023-02,0,0,0.0
RM0017,2023-04,388343,153115,39.427773900907184
RM0017,2023-05,325755,478817,146.9868459425028
RM0017,2023-06,399080,306239,76.73624335972737
RM0017,2023-07,414162,374386,90.39602860716339
RM0017,2023-08,200809,106617,53.09373583853313
RM0017,2023-09,132793,125020,94.1465288079944
RM0017,2023-10,168659,140643,83.38896827326143
RM0017,2023-11,0,0,0.0
RM0017,2023-12,200620,267754,133.4632638819659
RM0017,2024-01,89406,156850,175.43565308815963
RM0017,2024-02,211899,126248,59.57932788734256
RM0017,2024-03,258238,144760,56.0568158055747
RM0017,2024-04,59822,65285,109.13209187255524
RM0017,2024-06,170955,99743,58.34459360650464
RM0017,2024-07,114243,196344,171.86523463144349
RM0017,2024-08,100321,53506,53.33479530706432
RM0017,2024-09,785172,591594,75.34578410845012
RM0017,2024-11,221034,143084,64.73393233620168
RM0017,2024-12,169816,149340,87.94224336929382
RM0018,2023-01,538873,511503,94.9208811723727
RM0018,2023-02,181623,311873,171.71448550018445
RM0018,2023-03,729708,330183,45.248647404167144
RM0018,2023-04,319655,279114,87.31726392516931
RM0018,2023-05,185516,160020,86.25671101144916
RM0018,2023-06,126903,68310,53.828514692324056
RM0018,2023-07,177563,198883,112.00700596408035
RM0018,2023-08,81488,90663,111.25932652660515
RM0018,2023-09,592354,363892,61.43150886125527
RM0018,2023-10,237978,243088,102.14725730949921
RM0018,2023-11,421690,490413,116.29704285138371
RM0018,2024-01,71762,80464,112.12619492210362
RM0018,2024-02,79945,116020,145.12477328163112
RM0018,2024-03,562481,473174,84.12266369886272
RM0018,2024-04,135617,126428,93.22430078824925
RM0018,2024-05,100383,80010,79.70473088072681
RM0018,2024-08,287112,352169,122.65910167460783
RM0018,2024-09,59929,93381,155.8193862737573
RM0018,2024-10,81069,143388,176.87155386152537
RM0018,2024-11,120900,148063,122.46732837055418
RM0018,2024-12,62152,50777,81.69809499292057
RM0019,2023-01,293191,297827,101.58122179739489
RM0019,2023-02,402456,467938,116.27059852505614
RM0019,2023-03,445860,790917,177.39133360247612
RM0019,2023-04,140741,161533,114.77323594403906
RM0019,2023-05,320199,202461,63.22974150450189
RM0019,2023-06,346673,411805,118.7877336856346
RM0019,2023-07,243920,144337,59.17390947851755
RM0019,2023-09,62483,90555,144.92742025831026
RM0019,2023-10,105830,159575,150.78427667013133
RM0019,2023-11,156743,111588,71.19169596090416
RM0019,2023-12,507876,735198,144.75935070765306
RM0019,2024-01,686978,581667,84.67039701416931
RM0019,2024-02,207139,252167,121.73805995008182
RM0019,2024-03,224499,80252,35.74715254856369
RM0019,2024-04,101737,169291,166.40062120958942
RM0019,2024-05,132700,231026,174.09645817633762
RM0019,2024-06,86024,154510,179.61266623267926
RM0019,2024-07,229391,335963,146.45866664341668
RM0019,2024-08,125841,208960,166.0508101493154
RM0019,2024-09,168271,222354,132.14041635219377
RM0019,2024-10,64941,81015,124.7516976948307
RM0019,2024-11,366892,208183,56.742311088821786
RM0020,2023-01,250754,84780,33.81002895267872
RM0020,2023-02,440965,782437,177.4374383454469
RM0020,2023-03,115585,53239,46.06047497512653
RM0020,2023-04,211194,72809,34.47493773497353
RM0020,2023-05,148807,105306,70.7668322054742
RM0020,2023-06,146179,47860,32.74068094596351
RM0020,2023-07,57948,34384,59.33595637468074
RM0020,2023-08,52415,64402,122.86940761232472
RM0020,2023-09,173178,112520,64.97361096675097
RM0020,2023-10,206041,335086,162.63073854232894
RM0020,2023-11,98718,152814,154.7985169877834
RM0020,2023-12,212932,74681,35.072699265493206
RM0020,2024-01,120536,127965,106.16330390920554
RM0020,2024-02,247346,180734,73.06930372838049
RM0020,2024-03,658818,874126,132.6809528579972
RM0020,2024-04,119976,53453,44.55307728212309
RM0020,2024-05,80018,82531,103.14054337774002
RM0020,2024-06,152389,221204,145.15745887170334
RM0020,2024-07,244290,147040,60.19075688730607
RM0020,2024-08,185564,61409,33.09316462244832
RM0020,2024-09,126261,182593,144.61551864788018
RM0020,2024-10,126501,196505,155.33869297475908
RM0020,2024-11,610428,739117,121.08176558087114
RM0021,2023-01,73498,63907,86.9506653242265
RM0021,2023-03,51429,60560,117.75457426743665
RM0021,2023-04,188469,288800,153.23474948134705
RM0021,2023-05,199113,294513,147.91249190158354
RM0021,2023-06,291343,459307,157.6516339846847
RM0021,2023-07,96522,155101,160.68979092849298
RM0021,2023-08,209238,153703,73.45845400930997
RM0021,2023-09,704860,1216076,172.52731038787846
RM0021,2023-10,178152,278774,156.48098253177062
RM0021,2023-11,95469,88218,92.40486440624706
RM0021,2023-12,80495,86946,108.01416237033357
RM0021,2024-01,0,0,0.0
RM0021,2024-02,85893,112451,130.91986541394525
RM0021,2024-03,68798,27005,39.25259455216722
RM0021,2024-04,122896,112417,91.4732782189819
RM0021,2024-05,107792,74044,68.69155410420068
RM0021,2024-06,112049,61073,54.50561807780525
RM0021,2024-07,127489,211237,165.69037328710712
RM0021,2024-08,88122,116909,132.66721136606068
RM0021,2024-09,72935,60598,83.08493864399809
RM0021,2024-10,109920,0,0.0
RM0021,2024-11,464763,437794,94.1972575269546
RM0021,2024-12,225903,271918,120.36936207133151
RM0022,2023-01,72803,58167,79.89643283930607
RM0022,2023-02,470867,385547,81.88023369656399
RM0022,2023-03,56868,42688,75.06506295280299
RM0022,2023-06,111338,48890,43.91133305789578
RM0022,2023-07,195128,160033,82.01437005452831
RM0022,2023-08,198787,155573,78.26115389839376
RM0022,2023-09,51014,90451,177.30622966244562
RM0022,2023-10,78042,100595,128.8985418108198
RM0022,2023-11,238703,133056,55.74123492373367
RM0022,2023-12,67768,35840,52.88631802620706
RM0022,2024-01,92517,51101,55.234173178983326
RM0022,2024-02,218128,203131,93.12467908750826
RM0022,2024-03,165760,61497,37.100024131274125
RM0022,2024-04,346261,192471,55.58552652478911
RM0022,2024-05,116978,47709,40.78459197455932
RM0022,2024-07,72065,93590,129.86886838271005
RM0022,2024-09,226934,298519,131.54441379431904
RM0022,2024-10,170490,294740,172.87817467300135
RM0022,2024-11,156140,152098,97.41129755347765
RM0022,2024-12,92662,41537,44.826358161921824
RM0023,2023-02,169162,130649,77.23306652794363
RM0023,2023-03,161358,98295,60.91733908452014
RM0023,2023-04,146659,100815,68.74109328442168
RM0023,2023-05,323183,581582,179.95439116537688
RM0023,2023-06,108380,169451,156.34895737220887
RM0023,2023-07,359518,645015,179.41104478774358
RM0023,2023-08,112946,161971,143.40569829830184
RM0023,2023-09,88972,110075,123.71869801735377
RM0023,2023-10,233036,328972,141.16788822327882
RM0023,2023-11,84822,133432,157.3082455023461
RM0023,2023-12,131960,82416,62.45528948166111
RM0023,2024-01,167306,266859,159.50354440366755
RM0023,2024-02,562087,799462,142.23100694376492
RM0023,2024-03,50845,25526,50.20355983872554
RM0023,2024-04,61900,27967,45.18093699515347
RM0023,2024-05,122441,98900,80.77359707940968
RM0023,2024-06,68102,58480,85.87119321018473
RM0023,2024-07,370860,453614,122.31408078520197
RM0023,2024-08,288786,264887,91.72432181615451
RM0023,2024-09,119674,109544,91.53533766732957
RM0023,2024-10,107325,102778,95.76333566270672
RM0023,2024-11,191386,198941,103.94751967228532
RM0023,2024-12,322947,532929,165.02057613168722
RM0024,2023-01,145142,95738,65.96161000950794
RM0024,2023-02,485589,681066,140.25564829516318
RM0024,2023-04,203300,288303,141.81160846040336
RM0024,2023-05,61853,24830,40.14356619727418
RM0024,2023-06,74929,39051,52.117337746399926
RM0024,2023-07,131882,70702,53.61004534356471
RM0024,2023-08,339163,395852,116.71438217022494
RM0024,2023-09,118892,48083,40.44258654913703
RM0024,2023-10,184116,87418,47.47984965999696
RM0024,2023-11,253930,381945,150.4134997834049
RM0024,2023-12,167781,87985,52.44038359528195
RM0024,2024-01,281872,214713,76.17393710620424
RM0024,2024-03,87780,88292,100.58327637275006
RM0024,2024-04,433904,343968,79.27283454404662
RM0024,2024-05,102939,170710,165.8360776770709
RM0024,2024-06,58271,24781,42.52715759125466
RM0024,2024-07,229878,134682,58.588468665988046
RM0024,2024-08,107105,54040,50.455160823490964
RM0024,2024-09,110575,79690,72.0687316301153
RM0024,2024-10,249962,338207,135.30336611164898
RM0024,2024-11,514921,714006,138.66321241510832
RM0024,2024-12,228026,305852,134.1303184724549
RM0025,2023-01,371795,276747,74.43537433262955
RM0025,2023-02,103520,146151,141.1814142194745
RM0025,2023-03,88952,148374,166.80232035254969
RM0025,2023-04,164787,123621,75.01866045258424
RM0025,2023-05,274483,210934,76.84774649067519
RM0025,2023-06,545658,968261,177.4483284401585
RM0025,2023-07,214850,101076,47.044915057016524
RM0025,2023-09,95817,102823,107.31185489005082
RM0025,2023-10,336022,193995,57.73282701727863
RM0025,2023-11,66539,27395,41.17134312207878
RM0025,2023-12,156077,253945,162.70494691722675
RM0025,2024-01,56492,34939,61.84769524888479
RM0025,2024-02,227261,349708,153.8794601801453
RM0025,2024-04,297070,438951,147.76012387652742
RM0025,2024-05,70854,63475,89.58562678183306
RM0025,2024-06,677423,1208069,178.3330356365225
RM0025,2024-07,188356,256898,136.3896026672896
RM0025,2024-08,503261,490625,97.48917559675795
RM0025,2024-09,72077,93946,130.34116292298515
RM0025,2024-10,533215,717605,134.5807976144707
RM0025,2024-11,293927,274564,93.41230985925077
RM0026,2023-01,65215,36084,55.33082879705589
RM0026,2023-03,658166,684345,103.97756796917494
RM0026,2023-04,51814,89796,173.3045122939746
RM0026,2023-05,153307,238300,155.43973856379682
RM0026,2023-07,169263,76600,45.25501733987936
RM0026,2023-09,193398,347362,179.60992357728622
RM0026,2023-10,55303,86421,156.26819521544942
RM0026,2023-12,90276,80417,89.07904647968452
RM0026,2024-02,119951,197702,164.8189677451626
RM0026,2024-03,129428,0,0.0
RM0026,2024-04,138906,212114,152.70326695751083
RM0026,2024-05,57521,24715,42.96691643052103
RM0026,2024-06,53289,70979,133.1963444613335
RM0026,2024-07,161860,261247,161.40306437662178
RM0026,2024-08,153532,97144,63.2728030638564
RM0026,2024-09,295326,218980,74.14856802313375
RM0026,2024-10,461605,311876,67.56339294418387
RM0026,2024-11,77538,80638,103.99803967087107
RM0026,2024-12,57775,20488,35.46170488965816
RM0027,2023-01,152781,95130,62.265595852887465
RM0027,2023-02,51409,38252,74.40720496411134
RM0027,2023-03,147331,131335,89.14281447896234
RM0027,2023-04,71835,84011,116.94995475743022
RM0027,2023-05,235853,309747,131.3305321535024
RM0027,2023-06,125072,63335,50.638832032749136
RM0027,2023-08,153818,251592,163.56473234601933
RM0027,2023-09,144870,85983,59.35183267757299
RM0027,2023-10,64650,50146,77.56535189481826
RM0027,2023-11,482164,682027,141.4512489526385
RM0027,2023-12,106305,78987,74.30224354451813
RM0027,2024-01,388381,219960,56.635108308593885
RM0027,2024-02,164869,225912,137.02515330353188
RM0027,2024-04,125724,124504,99.02962043842066
RM0027,2024-06,56108,36001,64.16375561417267
RM0027,2024-07,398124,431836,108.4677135766746
RM0027,2024-08,303468,343989,113.35264344181265
RM0027,2024-09,481298,800736,166.37010750096616
RM0027,2024-10,148924,115775,77.74099540705326
RM0027,2024-11,188070,246810,131.23305152336894
RM0027,2024-12,153479,235348,153.34215104346524
RM0028,2023-01,80377,64431,80.16099132836509
RM0028,2023-02,223934,150041,67.00233104396831
RM0028,2023-03,136931,239026,174.55944964982365
RM0028,2023-04,197475,340365,172.35852639574628
RM0028,2023-05,242258,336011,138.69965078552616
RM0028,2023-06,184420,94665,51.331200520550915
RM0028,2023-07,160006,108643,67.89932877517093
RM0028,2023-08,1043674,731034,70.04428585937754
RM0028,2023-09,89338,110406,123.58235017573709
RM0028,2023-10,157293,52225,33.20236755608959
RM0028,2023-11,70808,107384,151.65518020562646
RM0028,2023-12,149157,77415,51.90168748365815
RM0028,2024-01,143891,97806,67.97228457651973
RM0028,2024-02,87961,152752,173.65878059594593
RM0028,2024-03,117418,43403,36.96451992028479
RM0028,2024-04,577626,861967,149.22579662272818
RM0028,2024-05,94037,85887,91.33319863458
RM0028,2024-06,347390,290459,83.6117907826938
RM0028,2024-07,175692,193662,110.22812649409192
RM0028,2024-08,126947,159858,125.92499231962945
RM0028,2024-09,146165,48504,33.18441487360175
RM0028,2024-10,302610,142146,46.97333201149995
RM0028,2024-11,143568,167953,116.98498272595566
RM0028,2024-12,233374,213816,91.61946060829398
RM0029,2023-01,249514,124014,49.70222111785311
RM0029,2023-02,208957,321691,153.95081284666225
RM0029,2023-04,380334,444743,116.93485199850657
RM0029,2023-05,106290,57931,54.502775425722085
RM0029,2023-06,113596,126087,110.99598577414697
RM0029,2023-08,82785,143116,172.8767288760041
RM0029,2023-09,391151,136682,34.94353842889319
RM0029,2023-10,173817,257938,148.3963018577009
RM0029,2023-11,92233,100150,108.58369564038901
RM0029,2023-12,128129,76213,59.481460091002035
RM0029,2024-01,193074,345706,179.0536271067052
RM0029,2024-02,118187,133382,112.85674397353347
RM0029,2024-03,109592,177037,161.54190086867655
RM0029,2024-04,349931,198816,56.81577225224401
RM0029,2024-05,395311,208432,52.726081490269685
RM0029,2024-06,65045,83218,127.9391190714121
RM0029,2024-07,123140,134975,109.61101185642359
RM0029,2024-09,208579,242961,116.48392215899013
RM0029,2024-10,58142,42991,73.94138488528085
RM0029,2024-11,142679,99858,69.98787487997534
RM0029,2024-12,57531,24739,43.00116458952565
RM0030,2023-01,292732,488007,166.70777366328247
RM0030,2023-02,74772,50388,67.38886214090836
RM0030,2023-03,208440,360894,173.14047207829591
RM0030,2023-04,103413,163684,158.28184077437072
RM0030,2023-05,155790,270270,173.48353552859618
RM0030,2023-06,71972,126707,176.0504084921914
RM0030,2023-07,137235,237335,172.94057638357563
RM0030,2023-08,142064,155577,109.51191012501408
RM0030,2023-09,295040,408318,138.39411605206072
RM0030,2023-10,0,0,0.0
RM0030,2023-11,130930,194909,148.86504238906286
RM0030,2023-12,494136,155512,31.471497725322585
RM0030,2024-01,182953,203896,111.44720228692616
RM0030,2024-02,351465,449758,127.96665386311581
RM0030,2024-03,292038,479699,164.259103267383
RM0030,2024-05,258515,150723,58.303386650677915
RM0030,2024-06,239355,418181,174.7116208142717
RM0030,2024-08,348917,531423,152.30642244430624
RM0030,2024-09,63554,41853,65.85423419454322
RM0030,2024-10,0,0,0.0
RM0030,2024-11,172045,234727,136.43349123775755
RM0030,2024-12,104191,45843,43.99900183317177
RM0031,2023-01,105898,154245,145.65430886324577
RM0031,2023-02,364825,609022,166.93537997670117
RM0031,2023-03,121431,104285,85.88004710494025
RM0031,2023-04,128310,110823,86.37128828618191
RM0031,2023-05,214580,179707,83.74825240003729
RM0031,2023-06,53083,50882,95.85366313132265
RM0031,2023-07,88069,30226,34.32081663241322
RM0031,2023-08,145470,88581,60.89296762219014
RM0031,2023-09,140425,100632,71.66245326686843
RM0031,2023-10,140425,70905,50.49314580737049
RM0031,2023-11,188840,337327,178.63111628892185
RM0031,2023-12,168856,214505,127.03427772776803
RM0031,2024-01,427507,368083,86.0998767271647
RM0031,2024-03,140425,132443,94.31582695388998
RM0031,2024-04,77326,55999,72.4193673538008
RM0031,2024-05,127324,161386,126.75222267600768
RM0031,2024-06,50689,80092,158.00666811339738
RM0031,2024-07,61871,102147,165.09673352620774
RM0031,2024-08,497672,888421,178.51536755131895
RM0031,2024-09,298723,153180,51.27827452188147
RM0031,2024-10,233711,141390,60.49779428439397
RM0031,2024-11,391140,303097,77.49066830290946
RM0031,2024-12,109356,183333,167.6478656863821
RM0032,2023-01,51997,30727,59.093793872723424
RM0032,2023-02,132209,178625,135.10804861998804
RM0032,2023-03,206433,269212,130.41131989555933
RM0032,2023-04,368067,177241,48.15454794915056
RM0032,2023-05,160772,223186,138.82143656855672
RM0032,2023-06,201639,196088,97.24706034050953
RM0032,2023-07,52589,20545,39.06710528817814
RM0032,2023-09,68994,56219,81.48389715047686
RM0032,2023-10,68775,64588,93.91203198836786
RM0032,2023-11,79519,116793,146.87433192067306
RM0032,2023-12,357759,316427,88.44697128513887
RM0032,2024-01,157410,272357,173.02395019376152
RM0032,2024-02,165021,295818,179.26082135001
RM0032,2024-03,72995,116305,159.33283101582302
RM0032,2024-04,153135,51157,33.406471414111735
RM0032,2024-06,587531,1026752,174.7570766478705
RM0032,2024-07,122498,212070,173.1211938154092
RM0032,2024-08,72799,96106,132.01554966414372
RM0032,2024-09,81965,54914,66.99688891600073
RM0032,2024-10,276668,239604,86.60343805572022
RM0032,2024-11,51072,47055,92.13463345864662
RM0032,2024-12,88829,117697,132.4983957941663
RM0033,2023-01,82434,68011,82.50357862047214
RM0033,2023-02,327014,275927,84.37773306341624
RM0033,2023-03,96610,85938,88.95352447986751
RM0033,2023-04,103081,130488,126.58782898885343
RM0033,2023-05,65998,67129,101.71368829358465
RM0033,2023-06,111072,180626,162.6206424661481
RM0033,2023-07,61436,94890,154.4534149358682
RM0033,2023-08,77530,33560,43.28646975364375
RM0033,2023-10,83907,38092,45.39788098728354
RM0033,2023-11,160403,285889,178.23170389581242
RM0033,2023-12,0,0,0.0
RM0033,2024-01,55239,54780,99.16906533427469
RM0033,2024-02,123181,99703,80.94024240751415
RM0033,2024-03,110489,181480,164.25164496013178
RM0033,2024-04,52873,77320,146.23720991810563
RM0033,2024-05,93740,82017,87.4941327074888
RM0033,2024-06,131747,99745,75.7095038217189
RM0033,2024-07,64734,30521,47.14833008928847
RM0033,2024-08,103101,158024,153.27106429617558
RM0033,2024-09,71689,101365,141.3954721086917
RM0033,2024-10,101134,164362,162.5190341527083
RM0033,2024-11,133878,74648,55.75822764009023
RM0033,2024-12,688647,389052,56.495127401992605
RM0034,2023-01,175767,202822,115.39253671053156
RM0034,2023-02,119976,207226,172.7228779089151
RM0034,2023-03,124278,126746,101.98587038735738
RM0034,2023-04,328564,507542,154.47279677627495
RM0034,2023-05,598327,589749,98.56633579965471
RM0034,2023-06,65335,94617,144.81824443253998
RM0034,2023-07,121902,71375,58.55113123656708
RM0034,2023-09,149028,251645,168.85753012856642
RM0034,2023-10,78194,123002,157.30362943448347
RM0034,2023-12,131245,66305,50.520019810278484
RM0034,2024-01,332958,584151,175.44284864757716
RM0034,2024-02,101642,76770,75.52980067295016
RM0034,2024-03,124278,189051,152.11944189639357
RM0034,2024-04,51570,32795,63.59317432615862
RM0034,2024-05,233575,212193,90.84576688429841
RM0034,2024-06,110137,177147,160.84240536786004
RM0034,2024-07,423941,730017,172.19778223856622
RM0034,2024-08,97731,98768,101.06107581013188
RM0034,2024-09,415439,583878,140.5448212613645
RM0034,2024-10,75123,91304,121.53934214554796
RM0034,2024-11,54003,73582,136.25539321889525
RM0034,2024-12,248395,368620,148.40073270395942
RM0035,2023-02,78406,97409,124.23666556130908
RM0035,2023-03,79558,136837,171.9965308328515
RM0035,2023-05,218594,96834,44.2985626320942
RM0035,2023-06,81059,104986,129.51800540347153
RM0035,2023-07,147131,206637,140.4442299719298
RM0035,2023-08,99440,127966,128.68664521319388
RM0035,2023-09,79212,88366,111.55632984901278
RM0035,2023-10,524798,651974,124.233324059924
RM0035,2023-11,57692,102873,178.3141510088054
RM0035,2023-12,75594,104100,137.70934201127073
RM0035,2024-01,164063,121659,74.15383115022888
RM0035,2024-02,79276,44914,56.65522982996115
RM0035,2024-03,343212,552354,160.9366805356456
RM0035,2024-04,143864,65520,45.543012845465164
RM0035,2024-05,373338,384734,103.05246184422694
RM0035,2024-06,136641,124484,91.10296323943766
RM0035,2024-07,118122,128635,108.90012021469329
RM0035,2024-08,189156,189089,99.96457950051808
RM0035,2024-09,390442,303175,77.64917708648149
RM0035,2024-11,0,0,0.0
RM0035,2024-12,103491,147994,143.00180692040854
RM0036,2023-01,66158,38573,58.30436228422866
RM0036,2023-02,292319,168023,57.47932908911155
RM0036,2023-03,197423,346549,175.53628503264565
RM0036,2023-04,161001,93556,58.108955844994746
RM0036,2023-05,108001,165801,153.5180229812687
RM0036,2023-06,115001,159307,138.52662150763905
RM0036,2023-09,275323,289577,105.17719188008267
RM0036,2023-11,279326,216576,77.53520975491003
RM0036,2023-12,158900,211311,132.9836375078666
RM0036,2024-01,77601,55130,71.04289893171479
RM0036,2024-02,208348,267318,128.30360742603722
RM0036,2024-03,151976,226957,149.33739537821762
RM0036,2024-04,148682,241159,162.19784506530718
RM0036,2024-05,249716,192791,77.20410386198722
RM0036,2024-07,125442,163266,130.15258047543884
RM0036,2024-08,387289,220004,56.80615767553429
RM0036,2024-09,158436,75760,47.81741523391149
RM0036,2024-10,99162,131783,132.89667412920272
RM0036,2024-12,62138,80377,129.3524091538189
RM0037,2023-01,396609,695674,175.40550012732942
RM0037,2023-02,86622,123293,142.3345108632911
RM0037,2023-03,441306,192874,43.70527479798598
RM0037,2023-04,130171,218572,167.91143956795293
RM0037,2023-05,83995,44612,53.11268527888565
RM0037,2023-06,457172,498677,109.07863998670084
RM0037,2023-07,65786,64129,97.48122700878606
RM0037,2023-08,109236,79011,72.33055036801055
RM0037,2023-09,166961,171199,102.5383173315924
RM0037,2023-10,148657,64251,43.22097176722253
RM0037,2023-11,293164,299660,102.21582458964949
RM0037,2023-12,307976,473325,153.6889238122451
RM0037,2024-01,107218,32864,30.651569699117687
RM0037,2024-02,413282,595556,144.10402582256182
RM0037,2024-03,67017,90646,135.2582180640733
RM0037,2024-04,53033,18118,34.163633963758414
RM0037,2024-05,161926,71904,44.40546916492719
RM0037,2024-06,135844,0,0.0
RM0037,2024-07,386408,492561,127.47173971553384
RM0037,2024-08,59874,47135,78.72365300464308
RM0037,2024-09,119716,122268,102.13171171773196
RM0037,2024-10,77751,90678,116.62615271829301
RM0037,2024-11,135844,233780,172.09446129383704
RM0037,2024-12,462789,531379,114.82100914239535
RM0038,2023-01,205070,103907,50.66903984005462
RM0038,2023-02,87909,145144,165.10709938686597
RM0038,2023-03,230179,134457,58.414103806168235
RM0038,2023-04,176668,300714,170.21418706273914
RM0038,2023-05,113507,65689,57.872201714431704
RM0038,2023-06,477162,473296,99.18979298435332
RM0038,2023-07,130997,91874,70.13443055947846
RM0038,2023-08,190869,0,0.0
RM0038,2023-09,330247,298703,90.44836137799889
RM0038,2023-10,54663,53021,96.99613998499899
RM0038,2023-11,79924,41089,51.41008958510586
RM0038,2023-12,124907,56035,44.861376864387104
RM0038,2024-01,523612,194421,37.13073802739433
RM0038,2024-02,126966,69076,54.405116330356165
RM0038,2024-03,225103,94141,41.82129958285763
RM0038,2024-04,168715,246265,145.9650890555078
RM0038,2024-05,499539,673274,134.7790662991278
RM0038,2024-06,65719,28441,43.276677977449445
RM0038,2024-07,247290,154060,62.29932467952606
RM0038,2024-08,138924,245191,176.49290259422418
RM0038,2024-10,307142,482179,156.9889497366039
RM0038,2024-11,345744,425029,122.93170669628395
RM0038,2024-12,254347,213255,83.84411846807708
RM0039,2023-01,1020060,733865,71.9433170597808
RM0039,2023-02,183742,132862,72.30899848700896
RM0039,2023-03,67829,78096,115.13659349245897
RM0039,2023-07,115392,135565,117.48214780920688
RM0039,2023-08,172697,192278,111.33835561706343
RM0039,2023-09,69738,66967,96.0265565401933
RM0039,2023-11,300700,232355,77.27136681077485
RM0039,2023-12,138002,143625,104.07457862929523
RM0039,2024-01,347872,446458,128.33973415509152
RM0039,2024-02,65837,105191,159.7748986132418
RM0039,2024-03,317627,454355,143.0467183205458
RM0039,2024-04,144120,207002,143.631695809048
RM0039,2024-05,147726,207545,140.4932104030435
RM0039,2024-06,368177,602268,163.58110365394904
RM0039,2024-07,140929,223938,158.90129072085944
RM0039,2024-08,66047,29901,45.272306085060634
RM0039,2024-09,169199,216196,127.77616888988706
RM0039,2024-11,74907,75526,100.82635801727476
RM0039,2024-12,64867,78044,120.31387300168038
RM0040,2023-01,339750,477844,140.6457689477557
RM0040,2023-02,121292,217196,179.0686937308314
RM0040,2023-03,198874,0,0.0
RM0040,2023-04,303311,395683,130.45454995038097
RM0040,2023-05,732265,1121859,153.20396304616497
RM0040,2023-06,159915,135978,85.03142294343871
RM0040,2023-07,221928,263058,118.53303774197038
RM0040,2023-08,198874,161986,81.45157235234369
RM0040,2023-09,133983,152358,113.71442645708785
RM0040,2023-11,324216,468285,144.43611666296542
RM0040,2023-12,68946,46078,66.83201345980912
RM0040,2024-01,54052,16861,31.194035373344185
RM0040,2024-02,88113,132079,149.8972909786297
RM0040,2024-04,402683,357442,88.76510803783621
RM0040,2024-05,174241,236807,135.90773698498057
RM0040,2024-07,508439,848787,166.93979022065577
RM0040,2024-09,58833,39550,67.22417690751789
RM0040,2024-10,57558,70497,122.47993328468677
RM0040,2024-11,235936,179883,76.24228604367286
RM0040,2024-12,338470,331436,97.92182468165569
RM0041,2023-01,1013939,304789,30.05989512189589
RM0041,2023-02,67394,50726,75.26782799655756
RM0041,2023-04,53875,79385,147.35034802784224
RM0041,2023-05,58132,82749,142.34672813596643
RM0041,2023-06,58100,39455,67.90877796901893
RM0041,2023-08,326089,563039,172.66421130427582
RM0041,2023-09,130300,228664,175.49040675364543
RM0041,2023-10,197878,182790,92.3750998089732
RM0041,2023-11,293531,218091,74.29913705877745
RM0041,2023-12,96345,123786,128.48201774871555
RM0041,2024-01,124264,62613,50.38707912186957
RM0041,2024-02,60396,89492,148.17537585270549
RM0041,2024-03,219010,200984,91.7693256015707
RM0041,2024-04,389833,357198,91.62846654849642
RM0041,2024-05,235834,392350,166.36702087061238
RM0041,2024-06,325559,347259,106.66545848832317
RM0041,2024-07,221213,203626,92.04974391197625
RM0041,2024-08,206276,141573,68.6328026527565
RM0041,2024-09,135570,83283,61.431732684222176
RM0041,2024-10,55839,66046,118.27933881337415
RM0041,2024-11,0,0,0.0
RM0041,2024-12,53886,32010,59.403184500612404
RM0042,2023-01,142479,185058,129.88440401743415
RM0042,2023-02,78171,30099,38.50404881605711
RM0042,2023-03,159798,244181,152.8060426288189
RM0042,2023-04,55380,45636,82.40520043336946
RM0042,2023-06,213380,105860,49.6110225888087
RM0042,2023-07,90367,99696,110.32345878473338
RM0042,2023-08,509382,372365,73.10132670569435
RM0042,2023-09,150276,135232,89.9890867470521
RM0042,2023-10,391532,159680,40.783384244455114
RM0042,2023-11,175257,275009,156.91755536155475
RM0042,2023-12,714904,963753,134.80872956368967
RM0042,2024-01,121689,111678,91.77329093015803
RM0042,2024-02,115006,138630,120.54153696328886
RM0042,2024-03,251718,384927,152.9199342120945
RM0042,2024-04,130830,179899,137.50592371780172
RM0042,2024-05,421938,709377,168.1235157771995
RM0042,2024-06,232624,292025,125.53519843180412
RM0042,2024-07,163741,94117,57.479189695922216
RM0042,2024-08,69794,71787,102.85554632203342
RM0042,2024-09,76053,88639,116.54898557584843
RM0042,2024-10,205642,223825,108.84206533684753
RM0042,2024-11,55566,21481,38.65853219594716
RM0042,2024-12,155037,0,0.0
RM0043,2023-01,75022,133901,178.48231185518915
RM0043,2023-02,113352,83649,73.79578657632861
RM0043,2023-03,58052,72738,125.29800868187142
RM0043,2023-05,208415,117373,56.316963750209915
RM0043,2023-06,427443,641480,150.07381101105878
RM0043,2023-07,89266,91834,102.87679519637936
RM0043,2023-09,141981,116819,82.27791042463429
RM0043,2023-10,305261,141609,46.38948309807018
RM0043,2023-11,130502,122938,94.203920246433
RM0043,2023-12,144871,230638,159.20232482691497
RM0043,2024-01,86917,39493,45.43760138983168
RM0043,2024-02,194275,108940,56.07515120319135
RM0043,2024-03,61683,57980,93.99672519170598
RM0043,2024-05,87201,73407,84.18137406681116
RM0043,2024-07,95107,41747,43.8947711524914
RM0043,2024-08,173265,59001,34.0524629902173
RM0043,2024-09,558874,453803,81.1995190329126
RM0043,2024-11,228194,345838,151.55437916860214
RM0043,2024-12,99089,141014,142.31044818294666
RM0044,2023-01,317944,210471,66.19750647912839
RM0044,2023-02,783821,259470,33.10322127118309
RM0044,2023-03,86693,127441,147.00264150508116
RM0044,2023-04,82375,110991,134.73869499241275
RM0044,2023-05,340202,591550,173.88198776021304
RM0044,2023-06,146438,148714,101.55424138543275
RM0044,2023-07,581634,533610,91.7432612261319
RM0044,2023-08,86909,93069,107.08787352288024
RM0044,2023-09,207397,204689,98.69429162427615
RM0044,2023-10,175543,162309,92.461106395584
RM0044,2023-11,161590,279371,172.8887926233059
RM0044,2023-12,153921,104630,67.97642946706426
RM0044,2024-01,263286,212307,80.63740571089994
RM0044,2024-02,304091,117155,38.52629640469465
RM0044,2024-03,110560,48816,44.153400868306804
RM0044,2024-04,63376,81601,128.75694269123957
RM0044,2024-05,123001,197689,160.7214575491256
RM0044,2024-06,158976,118121,74.30115237520128
RM0044,2024-07,241421,298402,123.60233782479568
RM0044,2024-08,291111,368366,126.53798722823939
RM0044,2024-09,77410,101056,130.54644102829093
RM0044,2024-10,124525,123866,99.47078899819314
RM0044,2024-11,431821,362706,83.99452550941247
RM0044,2024-12,191996,162279,84.52207337652867
RM0045,2023-01,64927,63647,98.0285551465492
RM0045,2023-02,186345,169807,91.12506372588479
RM0045,2023-03,124308,190261,153.05611867297358
RM0045,2023-04,54520,40528,74.33602347762289
RM0045,2023-07,300503,505084,168.07952000479196
RM0045,2023-08,129730,211873,163.31843058660294
RM0045,2023-09,83271,52638,63.21288323666102
RM0045,2023-10,330806,547446,165.48853406528298
RM0045,2023-12,87809,34156,38.898062840938856
RM0045,2024-01,64200,44430,69.2056074766355
RM0045,2024-02,264975,282195,106.49872629493349
RM0045,2024-04,141207,166089,117.62093947183922
RM0045,2024-05,381395,166153,43.56454594318227
RM0045,2024-06,227980,385328,169.01833494166155
RM0045,2024-07,85995,133864,155.6648642362928
RM0045,2024-08,229611,73866,32.17006153886356
RM0045,2024-10,89519,108207,120.8760151476223
RM0045,2024-11,154693,168909,109.18981466517555
RM0045,2024-12,89581,117575,131.2499302307409
RM0046,2023-01,96472,85295,88.41425491334273
RM0046,2023-02,119047,128674,108.08672205095466
RM0046,2023-03,217222,94573,43.53748699487161
RM0046,2023-04,84514,50771,60.07407056818989
RM0046,2023-05,67214,41094,61.1390484125331
RM0046,2023-06,190114,265827,139.82505233701886
RM0046,2023-07,211955,214664,101.27810148380551
RM0046,2023-08,58078,100969,173.85068356348359
RM0046,2023-09,77602,101086,130.2621066467359
RM0046,2023-10,416088,560331,134.6664647862952
RM0046,2023-11,86894,47593,54.77133058669183
RM0046,2023-12,106924,36921,34.53013355280386
RM0046,2024-01,192305,234513,121.9484672785419
RM0046,2024-03,243920,77199,31.649311249590028
RM0046,2024-04,305431,430067,140.80659788953972
RM0046,2024-05,72778,59782,82.14295528868614
RM0046,2024-06,202634,211488,104.3694542870397
RM0046,2024-07,68341,29456,43.10150568472805
RM0046,2024-08,0,0,0.0
RM0046,2024-09,75434,42102,55.8130286077896
RM0046,2024-10,316610,385697,121.82085215249046
RM0046,2024-12,189222,192820,101.90147023073426
RM0047,2023-01,176245,211961,120.26497205594484
RM0047,2023-02,565490,358780,63.44586111160233
RM0047,2023-03,86227,33268,38.58188270495321
RM0047,2023-04,211028,237103,112.35618022252972
RM0047,2023-06,67689,57319,84.6799332240098
RM0047,2023-08,79523,63397,79.72158998025728
RM0047,2023-10,503201,666730,132.49774940828814
RM0047,2023-12,51139,34711,67.87578951485168
RM0047,2024-01,51562,70758,137.22896706877157
RM0047,2024-02,145068,105328,72.60595031295668
RM0047,2024-03,817867,1145320,140.03743885008197
RM0047,2024-04,159444,240291,150.7055768796568
RM0047,2024-05,233017,155111,66.56638786011321
RM0047,2024-06,163335,185221,113.39945510760094
RM0047,2024-07,140011,79636,56.878388126647195
RM0047,2024-08,87918,63439,72.15700994108147
RM0047,2024-09,51546,86360,167.5396733015171
RM0047,2024-10,223800,298644,133.44235924932977
RM0047,2024-11,177410,236658,133.39608815737557
RM0047,2024-12,651466,571818,87.77403579004891
RM0048,2023-01,236993,198906,83.9290611959003
RM0048,2023-02,338919,537878,158.70399712025588
RM0048,2023-03,398826,122916,30.819455100720617
RM0048,2023-04,103114,51648,50.08825183777179
RM0048,2023-06,140766,146843,104.31709361635622
RM0048,2023-07,94337,130672,138.51617074954683
RM0048,2023-08,97159,153592,158.08314206609785
RM0048,2023-09,79340,67506,85.0844466851525
RM0048,2023-10,196023,236796,120.80011019115105
RM0048,2023-11,62186,97593,156.93725275785545
RM0048,2023-12,186719,299644,160.47858011236136
RM0048,2024-01,353329,395332,111.88778730305182
RM0048,2024-02,412499,648700,157.26098729936317
RM0048,2024-04,525952,828767,157.5746455950353
RM0048,2024-05,308226,309471,100.4039243931401
RM0048,2024-06,85744,142854,166.60524351558126
RM0048,2024-07,242316,175102,72.2618399115205
RM0048,2024-08,112553,149596,132.91160608779865
RM0048,2024-09,147460,62261,42.22229757222298
RM0048,2024-10,72876,103372,141.84642406279158
RM0048,2024-11,109751,116497,106.14664103288354
RM0049,2023-01,268264,382749,142.676244296663
RM0049,2023-02,77410,34648,44.75907505490247
RM0049,2023-03,184161,260118,141.24488898300945
RM0049,2023-04,74208,63665,85.79263691246227
RM0049,2023-05,356354,611622,171.63326355253483
RM0049,2023-06,140789,59029,41.927281250665885
RM0049,2023-07,94699,61502,64.9447195852121
RM0049,2023-08,90961,94674,104.08196919558932
RM0049,2023-09,181281,87697,48.37627771250158
RM0049,2023-10,380215,467649,122.99593650960641
RM0049,2023-11,186416,331991,178.0914728349498
RM0049,2023-12,198387,335956,169.3437574034589
RM0049,2024-01,100584,66404,66.01845223892468
RM0049,2024-03,159011,169014,106.29075975875884
RM0049,2024-05,88521,119457,134.94763954315926
RM0049,2024-06,54512,72825,133.59443792192545
RM0049,2024-07,141646,188886,133.35074763847902
RM0049,2024-08,147249,260041,176.59950152462835
RM0049,2024-10,111124,197118,177.38562326770096
RM0049,2024-11,60077,79640,132.56321054646537
RM0049,2024-12,140830,215921,153.32031527373428
RM0050,2023-01,283823,425823,150.03118140531245
RM0050,2023-02,64929,99571,153.35366323214586
RM0050,2023-03,86127,29155,33.85117326738421
RM0050,2023-04,86834,88477,101.89211599143194
RM0050,2023-05,253284,159049,62.79472844711865
RM0050,2023-06,67987,86272,126.8948475443835
RM0050,2023-07,669322,804060,120.1305201382892
RM0050,2023-08,226189,258251,114.17487145705583
RM0050,2023-09,278728,491594,176.370511753394
RM0050,2023-10,167831,155274,92.51806877156187
RM0050,2023-11,345284,605832,175.4590424114642
RM0050,2023-12,70748,82581,116.72556114660486
RM0050,2024-01,285864,314453,110.00090952340973
RM0050,2024-02,128940,165409,128.28369784395844
RM0050,2024-03,97232,80090,82.3700016455488
RM0050,2024-04,779526,978069,125.4697085151746
RM0050,2024-05,359449,543362,151.16525571082406
RM0050,2024-06,208450,325409,156.10889901655074
RM0050,2024-07,100774,126539,125.56711056423285
RM0050,2024-08,183960,226938,123.36268754076973
RM0050,2024-09,77702,55624,71.58631695451855
RM0050,2024-10,100669,121096,120.29125152728248
RM0050,2024-12,589291,1020122,173.1100593764371
RM0051,2023-01,88658,67137,75.72582282478739
RM0051,2023-03,55509,49859,89.82147039218866
RM0051,2023-04,319975,535518,167.3624501914212
RM0051,2023-05,90475,63214,69.86902459242886
RM0051,2023-06,87432,72144,82.5144111995608
RM0051,2023-07,295028,374769,127.02828206136367
RM0051,2023-08,281225,330311,117.45435149791092
RM0051,2023-09,94706,60800,64.19867801406458
RM0051,2023-10,51356,75568,147.14541630968142
RM0051,2023-11,331716,481792,145.24231571585332
RM0051,2023-12,61597,88904,144.3317044661266
RM0051,2024-02,57027,26140,45.83793641608361
RM0051,2024-03,137100,139049,101.42159008023341
RM0051,2024-05,94706,99862,105.4442168394822
RM0051,2024-06,304019,401089,131.92892549478816
RM0051,2024-07,74964,47918,63.92134891414546
RM0051,2024-08,100462,48775,48.55069578547112
RM0051,2024-09,100876,140509,139.28882985050956
RM0051,2024-10,91442,142013,155.30390848844075
RM0051,2024-11,145095,113813,78.44033219614735
RM0051,2024-12,94706,0,0.0
RM0052,2023-01,235421,253122,107.51887044911032
RM0052,2023-02,51095,86017,168.34719639886487
RM0052,2023-03,60241,102887,170.79231752460947
RM0052,2023-04,54283,79061,145.64596650885176
RM0052,2023-05,164752,174404,105.85850247644946
RM0052,2023-06,61334,40364,65.81015423745394
RM0052,2023-07,275456,450891,163.68893761617102
RM0052,2023-08,162972,135269,83.00137446923398
RM0052,2023-09,59272,78432,132.32555000674856
RM0052,2023-10,98952,37851,38.25187969924812
RM0052,2023-11,214425,220553,102.85787571411915
RM0052,2023-12,51805,24161,46.638355371103174
RM0052,2024-01,230197,91044,39.55047198703719
RM0052,2024-02,351445,269554,76.69877221186815
RM0052,2024-03,63926,92030,143.96333260332258
RM0052,2024-04,161485,122722,75.99591293308976
RM0052,2024-05,128156,42562,33.21108648834233
RM0052,2024-06,213016,180778,84.86592556427686
RM0052,2024-07,237784,295388,124.22534737408742
RM0052,2024-08,208011,309798,148.93346986457448
RM0052,2024-09,199608,185253,92.80840447276663
RM0052,2024-10,124126,59502,47.93677392327152
RM0052,2024-11,276740,398965,144.16600419166002
RM0053,2023-01,92413,147308,159.40181576185168
RM0053,2023-02,183375,186681,101.80286298568507
RM0053,2023-03,52647,46019,87.41048872680305
RM0053,2023-04,203527,88457,43.46204680460086
RM0053,2023-05,142307,254751,179.01508710042373
RM0053,2023-07,239101,267866,112.03048084282375
RM0053,2023-08,164224,60048,36.56469212782541
RM0053,2023-09,523084,885197,169.22654869963526
RM0053,2023-10,222046,99591,44.85151725318177
RM0053,2023-11,84947,48917,57.58531790410492
RM0053,2023-12,159963,97850,61.170395653994994
RM0053,2024-01,228510,255438,111.78416699487987
RM0053,2024-02,52672,74588,141.6084447144593
RM0053,2024-04,81391,125124,153.73198510891868
RM0053,2024-05,115786,97859,84.51712642288359
RM0053,2024-06,0,0,0.0
RM0053,2024-07,51783,92256,178.1588552227565
RM0053,2024-08,192014,179359,93.40933473600883
RM0053,2024-09,65242,87993,134.8717084086938
RM0053,2024-10,99845,98489,98.64189493715259
RM0053,2024-11,716979,1237377,172.5820421518622
RM0053,2024-12,249371,438047,175.66076247839564
RM0054,2023-01,66746,48048,71.98633625985079
RM0054,2023-02,93802,38272,40.800835803074555
RM0054,2023-03,587551,229122,38.99610416797861
RM0054,2023-04,341410,495809,145.22392431387482
RM0054,2023-05,120708,39617,32.82052556582828
RM0054,2023-06,50917,30855,60.598621285621704
RM0054,2023-07,152146,150147,98.68613042735267
RM0054,2023-08,182027,265384,145.79375587138173
RM0054,2023-09,121066,65441,54.053987081426655
RM0054,2023-10,291452,232880,79.90338031648436
RM0054,2023-12,100716,145682,144.64633226101117
RM0054,2024-01,458032,766031,167.2439916861704
RM0054,2024-02,72178,61468,85.1616836155061
RM0054,2024-03,154922,68058,43.93049405507288
RM0054,2024-05,536536,334177,62.28417105282777
RM0054,2024-06,82990,135549,163.33172671406194
RM0054,2024-07,565604,761556,134.64473377133118
RM0054,2024-08,69346,71342,102.87832030686701
RM0054,2024-09,304417,352732,115.87132124684231
RM0054,2024-10,71337,39794,55.78311395208657
RM0054,2024-11,349421,381058,109.05412096010257
RM0054,2024-12,233543,200752,85.95933082986859
RM0055,2023-01,164048,289652,176.56539549400176
RM0055,2023-02,110005,144346,131.21767192400347
RM0055,2023-03,78402,37837,48.26024846304941
RM0055,2023-04,279621,437931,156.6159194051949
RM0055,2023-05,215533,115804,53.729127326209905
RM0055,2023-06,91281,152143,166.67543081254587
RM0055,2023-07,101100,154510,152.82888229475765
RM0055,2023-08,100517,171803,170.91934697613337
RM0055,2023-09,418803,152819,36.48947118334873
RM0055,2023-10,270721,150031,55.41904765422705
RM0055,2023-11,86362,85478,98.97640165813668
RM0055,2023-12,178815,141031,78.86978161787323
RM0055,2024-01,178485,99235,55.59850967868448
RM0055,2024-03,53388,61761,115.68329961789165
RM0055,2024-05,159289,212568,133.44800959262724
RM0055,2024-06,207397,341423,164.6229212572988
RM0055,2024-07,142280,44470,31.255271296035986
RM0055,2024-08,199402,261754,131.26949579241932
RM0055,2024-09,160563,214184,133.395614182595
RM0055,2024-10,108642,56842,52.32046538171241
RM0055,2024-11,213843,142800,66.7779632721202
RM0055,2024-12,141408,146701,103.74306969902693
RM0056,2023-01,147283,176396,119.76670763088748
RM0056,2023-03,54484,97227,178.45055429116806
RM0056,2023-04,238981,224183,93.80787593992828
RM0056,2023-05,81854,34400,42.0260463752535
RM0056,2023-06,217298,168500,77.54328157645261
RM0056,2023-07,89103,77513,86.99258161902517
RM0056,2023-08,184812,241652,130.7555786420795
RM0056,2023-09,205417,327619,159.489720909175
RM0056,2023-10,87030,109233,125.51189245087902
RM0056,2023-11,65989,74033,112.18991043961873
RM0056,2023-12,181545,113348,62.43520890137432
RM0056,2024-01,124561,191922,154.0787244803751
RM0056,2024-02,74097,70522,95.17524326221034
RM0056,2024-03,454862,480408,105.61620887214144
RM0056,2024-04,243720,375401,154.02962415887083
RM0056,2024-05,84180,52808,62.732240437158474
RM0056,2024-06,263189,376349,142.99571790614348
RM0056,2024-07,59310,46484,78.37464171303321
RM0056,2024-08,126257,194885,154.35579809436308
RM0056,2024-09,132191,223256,168.88895613165798
RM0056,2024-10,902940,1328305,147.10888874122313
RM0056,2024-11,214665,190589,88.78438497193302
RM0057,2023-01,60408,70055,115.969739107403
RM0057,2023-02,117343,96966,82.63466930281312
RM0057,2023-04,224573,223553,99.54580470492891
RM0057,2023-05,259205,232574,89.72589263324396
RM0057,2023-06,74530,73935,99.2016637595599
RM0057,2023-07,502428,754791,150.22868948386633
RM0057,2023-08,84553,74994,88.69466488474684
RM0057,2023-09,444230,215695,48.554802692299035
RM0057,2023-11,93944,65134,69.33279400493912
RM0057,2023-12,176921,162077,91.6098145499969
RM0057,2024-03,62486,77718,124.37666037192332
RM0057,2024-04,65650,79411,120.96115765422697
RM0057,2024-05,156089,162411,104.05025338108386
RM0057,2024-06,60482,76136,125.88208061902715
RM0057,2024-07,134665,123441,91.66524338172502
RM0057,2024-08,186118,225085,120.93671756627515
RM0057,2024-09,52272,25500,48.78328741965105
RM0057,2024-10,90479,119157,131.69575260557698
RM0057,2024-11,178965,257073,143.64428798927165
RM0057,2024-12,252412,398753,157.97703754179676
RM0058,2023-02,120936,98876,81.75894688099491
RM0058,2023-03,316692,207877,65.6401172116757
RM0058,2023-04,142753,84436,59.148319124641866
RM0058,2023-05,417733,380849,91.17043661860566
RM0058,2023-06,85831,114843,133.8013072200021
RM0058,2023-07,92085,157949,171.52522126296356
RM0058,2023-08,118739,153999,129.6953823090981
RM0058,2023-09,113524,171519,151.08611394947326
RM0058,2023-10,390841,579178,148.1876261702329
RM0058,2023-11,333074,150822,45.28182926316674
RM0058,2023-12,436680,539933,123.64500320600898
RM0058,2024-01,355132,471137,132.66531881103364
RM0058,2024-02,83818,101782,121.43215061204037
RM0058,2024-03,64302,86395,134.35818481540232
RM0058,2024-04,128891,68002,52.75930825270966
RM0058,2024-05,631135,1042399,165.16260388031088
RM0058,2024-06,386003,457319,118.47550407639318
RM0058,2024-08,283256,378988,133.79698929590194
RM0058,2024-09,209666,96266,45.91397746892677
RM0058,2024-10,396239,642577,162.16904444035038
RM0058,2024-11,256661,434006,169.0969800631962
RM0058,2024-12,170807,165932,97.14590151457493
RM0059,2023-01,566056,563903,99.61964893932756
RM0059,2023-02,203800,175185,85.95927379784102
RM0059,2023-04,201724,278409,138.01481231782037
RM0059,2023-05,196986,211138,107.18426690221641
RM0059,2023-06,103524,131037,126.57644604149763
RM0059,2023-07,408595,126815,31.036845776380034
RM0059,2023-08,71568,34328,47.96557120500783
RM0059,2023-09,434992,562932,129.41203516386508
RM0059,2023-10,504822,592772,117.42198240171784
RM0059,2023-11,142910,212723,148.85102512070534
RM0059,2023-12,76321,66552,87.20011530247245
RM0059,2024-01,144180,107801,74.76834512415037
RM0059,2024-02,119611,49896,41.715226860405814
RM0059,2024-03,83093,66744,80.32445573032626
RM0059,2024-04,288364,165447,57.37436018365677
RM0059,2024-05,113844,45239,39.7377112539967
RM0059,2024-06,172163,209501,121.68758676370648
RM0059,2024-07,158171,182740,115.53318876405916
RM0059,2024-08,350947,536483,152.86724206219174
RM0059,2024-09,100400,50745,50.54282868525897
RM0059,2024-10,75455,132306,175.34424491418727
RM0059,2024-11,217772,79237,36.38530205903422
RM0059,2024-12,72062,74130,102.86975104770892
RM0060,2023-01,84946,127885,150.54858380618273
RM0060,2023-02,177721,216632,121.89443003359197
RM0060,2023-03,143214,97971,68.40881478067786
RM0060,2023-04,183521,252424,137.54502209556398
RM0060,2023-05,119531,126393,105.74077017677423
RM0060,2023-06,324591,169768,52.30212790866043
RM0060,2023-07,168192,138357,82.2613441780822
RM0060,2023-08,231999,76145,32.82126216061276
RM0060,2023-09,216514,98372,45.434475368798324
RM0060,2023-10,60044,83277,138.69329158617015
RM0060,2023-11,203390,334048,164.24012979989183
RM0060,2023-12,159987,175191,109.50327214086144
RM0060,2024-01,234146,183827,78.50956240977851
RM0060,2024-03,55641,35892,64.50638917345123
RM0060,2024-04,90773,72935,80.34878212684389
RM0060,2024-05,480928,724885,150.72630414531903
RM0060,2024-06,462228,322081,69.68011457549088
RM0060,2024-07,1036723,985579,95.06676325305796
RM0060,2024-08,88635,101044,114.00011282224855
RM0060,2024-09,0,0,0.0
RM0060,2024-10,144028,152395,105.80928708306718
RM0060,2024-11,71656,66689,93.06827062632578
RM0060,2024-12,123407,102123,82.7530042866288
RM0061,2023-01,377452,146810,38.89501181607198
RM0061,2023-02,587123,183399,31.23689584635587
RM0061,2023-03,486692,546103,112.207104287722
RM0061,2023-05,231823,134619,58.06973423689625
RM0061,2023-07,209289,339662,162.29328822823942
RM0061,2023-08,72532,35585,49.061104064412945
RM0061,2023-09,104356,56622,54.25849975085285
RM0061,2023-10,67588,89045,131.7467597798426
RM0061,2023-11,86086,111956,130.05134400483237
RM0061,2023-12,346998,443476,127.80361846465973
RM0061,2024-01,69067,80143,116.03660213995106
RM0061,2024-02,125039,101913,81.50497044921984
RM0061,2024-03,107525,182163,169.4145547547082
RM0061,2024-05,253514,195236,77.01192044620811
RM0061,2024-06,71554,72556,101.4003410012019
RM0061,2024-07,107457,189866,176.69021096810818
RM0061,2024-08,622704,485274,77.93012410390811
RM0061,2024-09,0,0,0.0
RM0061,2024-10,187224,190773,101.89559030893476
RM0061,2024-11,85948,110926,129.0617582724438
RM0061,2024-12,110998,142141,128.05726229301428
RM0062,2023-01,122598,98316,80.19380414036118
RM0062,2023-02,230700,300302,130.16991764195927
RM0062,2023-03,156639,212576,135.71077445591456
RM0062,2023-04,142696,81756,57.29382743734933
RM0062,2023-05,68518,39271,57.31486616655478
RM0062,2023-06,92353,36464,39.48328695332041
RM0062,2023-07,236397,201194,85.10852506588493
RM0062,2023-08,64728,99029,152.99252255592634
RM0062,2023-09,222637,217813,97.83324424960811
RM0062,2023-10,92638,48877,52.7612858654116
RM0062,2023-11,141976,231118,162.78666816926807
RM0062,2023-12,81311,93750,115.29805315393982
RM0062,2024-01,539290,677172,125.56731999480799
RM0062,2024-02,136963,188263,137.45537115863408
RM0062,2024-03,311084,368875,118.57729745020637
RM0062,2024-04,358162,383909,107.18864647840923
RM0062,2024-05,315819,545744,172.80277627375173
RM0062,2024-06,154345,186371,120.7496193592277
RM0062,2024-07,191036,281234,147.2151845725413
RM0062,2024-08,309711,105563,34.08435606097297
RM0062,2024-09,248278,366389,147.5720764626749
RM0062,2024-10,230810,316335,137.0542870759499
RM0062,2024-11,56342,54260,96.30471051790849
RM0062,2024-12,305710,520015,170.10074907592164
RM0063,2023-01,89101,104140,116.87859844446191
RM0063,2023-03,294699,421010,142.86102090607704
RM0063,2023-04,194700,63868,32.803287108371855
RM0063,2023-05,243041,354806,145.98606819425527
RM0063,2023-06,242479,351282,144.87110223978158
RM0063,2023-07,134558,240943,179.06256038288322
RM0063,2023-08,0,0,0.0
RM0063,2023-09,179654,305642,170.1281351932047
RM0063,2023-10,173316,135680,78.28475155207828
RM0063,2023-11,408218,621246,152.18486201000445
RM0063,2023-12,174412,190222,109.06474325161113
RM0063,2024-01,109782,74247,67.63130567852653
RM0063,2024-02,157726,184014,116.66687800362654
RM0063,2024-03,92061,155021,168.3894374382203
RM0063,2024-04,172220,187678,108.97572871908025
RM0063,2024-05,135809,52572,38.710247479916646
RM0063,2024-06,371071,287762,77.54904048012375
RM0063,2024-07,204276,247408,121.11457048307193
RM0063,2024-08,181736,197832,108.85680327508034
RM0063,2024-09,80031,57695,72.09081480926142
RM0063,2024-10,161409,168251,104.23892100192677
RM0063,2024-11,283628,268874,94.79811584187739
RM0063,2024-12,84208,36370,43.1906707201216
RM0064,2023-01,213155,199302,93.50097347001008
RM0064,2023-02,70093,76599,109.28195397543263
RM0064,2023-03,218343,133487,61.13637716803378
RM0064,2023-04,156701,118980,75.9280413015871
RM0064,2023-05,452555,290735,64.24302018539183
RM0064,2023-06,131688,229037,173.92397181216208
RM0064,2023-07,107568,136276,126.6882344191581
RM0064,2023-08,107129,49923,46.60082704029721
RM0064,2023-09,198146,331705,167.40433821525542
RM0064,2023-11,140376,173963,123.92645466461502
RM0064,2023-12,190818,176055,92.26330849290947
RM0064,2024-01,193136,133066,68.8975644105708
RM0064,2024-02,121231,116803,96.34746888172168
RM0064,2024-03,349274,287277,82.24975234343238
RM0064,2024-04,201235,124786,62.01008770840063
RM0064,2024-05,93667,119204,127.26360404411372
RM0064,2024-07,265518,263706,99.3175603913859
RM0064,2024-08,111217,185221,166.54018720159686
RM0064,2024-09,71894,99290,138.10610064817647
RM0064,2024-10,225760,301472,133.53649893692418
RM0064,2024-11,460978,641812,139.22833627635157
RM0064,2024-12,103837,86196,83.01087281026994
RM0065,2023-01,124417,43074,34.620670808651546
RM0065,2023-02,417159,171172,41.03279564866154
RM0065,2023-03,230493,321593,139.52397686697645
RM0065,2023-04,328411,371118,113.00413201750246
RM0065,2023-05,243791,183838,75.40803393070293
RM0065,2023-06,255317,208114,81.51200272602294
RM0065,2023-07,399707,217869,54.507176506791225
RM0065,2023-08,106916,112064,104.814994949306
RM0065,2023-09,274316,390406,142.31980635471498
RM0065,2023-10,85494,44145,51.635202470348794
RM0065,2024-01,104354,107028,102.56243172278974
RM0065,2024-02,166155,156801,94.37031687279949
RM0065,2024-03,213190,200683,94.1334021295558
RM0065,2024-04,488732,337935,69.14525752355074
RM0065,2024-05,198076,241071,121.70631474787454
RM0065,2024-06,99604,91389,91.75233926348339
RM0065,2024-07,118231,66061,55.87451683568607
RM0065,2024-08,147310,129631,87.99877808702736
RM0065,2024-09,79460,77459,97.48175182481752
RM0065,2024-10,132186,65702,49.70420468128244
RM0065,2024-11,71094,90379,127.12605845781641
RM0065,2024-12,233922,400420,171.17671702533323
RM0066,2023-01,63653,30349,47.678821108196004
RM0066,2023-02,57981,63683,109.83425604939549
RM0066,2023-03,196225,177639,90.52822015543381
RM0066,2023-04,289850,385514,133.00465758150767
RM0066,2023-05,688604,349013,50.68413776277802
RM0066,2023-06,59012,42028,71.21941300074562
RM0066,2023-07,52885,89847,169.8912735180108
RM0066,2023-08,104350,117774,112.86439865836128
RM0066,2023-10,107424,120346,112.02896931784332
RM0066,2023-11,92316,48793,52.85432644395338
RM0066,2023-12,107930,132012,122.31261002501621
RM0066,2024-01,584316,664447,113.71364124891326
RM0066,2024-02,164120,57917,35.289422373872775
RM0066,2024-03,324980,119352,36.72595236629947
RM0066,2024-04,405040,448787,110.80066166304563
RM0066,2024-06,77672,75929,97.75594808940158
RM0066,2024-07,844282,639648,75.76236375997594
RM0066,2024-08,97095,46315,47.700705494618674
RM0066,2024-09,186375,80857,43.38403755868544
RM0066,2024-10,267870,449709,167.88330160152313
RM0066,2024-11,452953,209207,46.187352771700375
RM0066,2024-12,172555,76901,44.56608038016864
RM0067,2023-01,177300,269934,152.2470389170897
RM0067,2023-02,165760,266555,160.8077944015444
RM0067,2023-03,292676,209211,71.48211674342959
RM0067,2023-04,199179,61968,31.111713584263402
RM0067,2023-05,125637,82536,65.69402325747988
RM0067,2023-07,464970,422231,90.80822418650666
RM0067,2023-08,209225,292490,139.7968693989724
RM0067,2023-09,272561,382583,140.36600981064788
RM0067,2023-10,101197,134501,132.91006650394775
RM0067,2023-11,169446,202667,119.60565607922288
RM0067,2023-12,50122,34453,68.73827860021548
RM0067,2024-02,450361,331066,73.51124986399799
RM0067,2024-03,136442,79137,58.00046906377801
RM0067,2024-04,72379,44368,61.299548211497815
RM0067,2024-05,170996,87240,51.018737280404224
RM0067,2024-06,427048,337068,78.92976901893933
RM0067,2024-07,108603,124481,114.62022227746931
RM0067,2024-09,116181,193513,166.5616581024436
RM0067,2024-11,121185,125506,103.56562280810331
RM0067,2024-12,164338,242086,147.30981270308754
RM0068,2023-01,174484,183585,105.21595103275945
RM0068,2023-02,90998,44223,48.59777137959076
RM0068,2023-03,466548,700915,150.23427385820966
RM0068,2023-04,53484,81953,153.2290030663376
RM0068,2023-05,183958,198369,107.83385337957579
RM0068,2023-06,51845,76279,147.1289420387694
RM0068,2023-07,0,0,0.0
RM0068,2023-08,245282,79422,32.37987296254923
RM0068,2023-10,288705,96588,33.45560347067075
RM0068,2023-11,90357,63468,70.24137587569308
RM0068,2023-12,75708,77342,102.15829238653775
RM0068,2024-01,100045,179073,178.9924533959718
RM0068,2024-02,180113,153427,85.18374575960647
RM0068,2024-03,175371,110712,63.13016405220932
RM0068,2024-04,128812,62598,48.59640406173338
RM0068,2024-05,265656,211658,79.67371337368627
RM0068,2024-06,259128,222213,85.75414466981569
RM0068,2024-07,723204,402594,55.66811024275308
RM0068,2024-08,50228,59883,119.22234610177591
RM0068,2024-09,174927,0,0.0
RM0068,2024-10,206216,132867,64.43098498661598
RM0068,2024-11,63443,70467,111.07135538987754
RM0068,2024-12,410339,127106,30.975851673859907
RM0069,2023-01,77392,117778,152.18368823651022
RM0069,2023-02,386516,525948,136.07405644268283
RM0069,2023-04,766218,333553,43.5323889545795
RM0069,2023-05,168341,223471,132.7490035107312
RM0069,2023-06,231924,345619,149.0225246201342
RM0069,2023-07,424472,357601,84.24607512391866
RM0069,2023-08,56587,47740,84.36566702599538
RM0069,2023-09,217035,134601,62.01810767848504
RM0069,2023-11,299088,188319,62.96441181190821
RM0069,2023-12,51517,54717,106.21154182114643
RM0069,2024-01,244446,201541,82.44806623957848
RM0069,2024-02,257283,246375,95.76031063070627
RM0069,2024-03,78259,34108,43.583485605489464
RM0069,2024-04,235985,207329,87.85685530860012
RM0069,2024-05,415887,461793,111.03809448239545
RM0069,2024-06,114256,94088,82.34841058675255
RM0069,2024-07,71137,84701,119.06743326257785
RM0069,2024-09,180901,271349,149.9986180286455
RM0069,2024-10,83696,61615,73.61761613458229
RM0069,2024-11,65344,48551,74.30062438785504
RM0069,2024-12,133819,233653,174.60375581942773
RM0070,2023-01,208793,307825,147.43070888391853
RM0070,2023-02,109069,56363,51.676461689389285
RM0070,2023-03,94502,64705,68.46945038200249
RM0070,2023-04,181241,147205,81.22058474627705
RM0070,2023-06,342155,609999,178.28148061551053
RM0070,2023-08,113078,153513,135.75850298024372
RM0070,2023-10,210716,124679,59.16921353860172
RM0070,2023-11,425171,254747,59.91636306333217
RM0070,2023-12,250315,205612,82.14130195953099
RM0070,2024-01,118612,116616,98.31720230668061
RM0070,2024-02,349826,178543,51.03765872176454
RM0070,2024-03,58417,49603,84.91192632281698
RM0070,2024-04,127134,48740,38.33750216307203
RM0070,2024-05,224521,323419,144.0484409030781
RM0070,2024-06,339356,480447,141.57610297151075
RM0070,2024-07,422169,460578,109.09801524981701
RM0070,2024-08,256928,437834,170.41116577406902
RM0070,2024-09,82185,86277,104.97901076838838
RM0070,2024-10,815674,1078620,132.2366533688704
RM0070,2024-11,366350,126607,34.5590282516719
RM0070,2024-12,358075,482172,134.6567059973469
RM0071,2023-01,78086,26433,33.851138488333376
RM0071,2023-02,0,0,0.0
RM0071,2023-03,421136,548403,130.2199289540671
RM0071,2023-04,427867,414699,96.9224081314988
RM0071,2023-05,463807,461228,99.44394974633846
RM0071,2023-06,84271,44418,52.70852369142409
RM0071,2023-07,812766,650858,80.07938324191711
RM0071,2023-08,76162,23809,31.26099629736614
RM0071,2023-09,100440,164086,163.36718438868976
RM0071,2023-10,164538,205450,124.86477287921332
RM0071,2023-11,433410,463427,106.92577467063519
RM0071,2023-12,323283,254019,78.57480906821579
RM0071,2024-01,616504,257834,41.82195087136499
RM0071,2024-02,243554,314391,129.0847204316086
RM0071,2024-03,81918,72355,88.32613100905785
RM0071,2024-04,106275,46945,44.173135732768756
RM0071,2024-05,181844,325592,179.05017487516773
RM0071,2024-06,173006,193401,111.7886084875669
RM0071,2024-07,56172,28582,50.88300220750553
RM0071,2024-08,157991,280871,177.77658221037908
RM0071,2024-09,363858,294839,81.03133640046391
RM0071,2024-10,167462,189073,112.9050172576465
RM0071,2024-11,223449,297561,133.1672999207873
RM0071,2024-12,283949,95820,33.745496550436876
RM0072,2023-01,481506,195054,40.509152533924805
RM0072,2023-04,0,0,0.0
RM0072,2023-05,428072,441557,103.15017099927115
RM0072,2023-06,59862,38542,64.38475159533594
RM0072,2023-07,179649,77571,43.17919943890587
RM0072,2023-08,132663,105286,79.36349999623104
RM0072,2023-09,303278,141084,46.51969480146928
RM0072,2023-10,222232,202205,90.98824651715324
RM0072,2023-11,182919,111269,60.829656842646195
RM0072,2023-12,191127,250561,131.09660068959383
RM0072,2024-01,60922,93607,153.6505695807754
RM0072,2024-02,346266,136889,39.532902450717074
RM0072,2024-03,188643,224677,119.10168943454038
RM0072,2024-04,51880,42205,81.35119506553585
RM0072,2024-05,189885,152662,80.39708244463755
RM0072,2024-06,570706,646710,113.31754002936714
RM0072,2024-07,455934,598854,131.3466422771717
RM0072,2024-08,54320,22628,41.65684830633285
RM0072,2024-09,242116,274039,113.18500223033587
RM0072,2024-10,70399,84008,119.33124050057529
RM0072,2024-12,192812,292193,151.54295375806487
RM0073,2023-01,259744,173832,66.92435628926944
RM0073,2023-02,94800,166066,175.17510548523208
RM0073,2023-03,377593,293580,77.7503820250905
RM0073,2023-05,310637,168554,54.260760952494394
RM0073,2023-06,204982,0,0.0
RM0073,2023-07,79986,34520,43.157552571700045
RM0073,2023-08,339320,396397,116.82099493103854
RM0073,2023-09,94954,149360,157.29721760010108
RM0073,2023-11,293414,132455,45.14269939403028
RM0073,2023-12,204982,283438,138.27458020704256
RM0073,2024-03,238725,330565,138.4710440883862
RM0073,2024-04,77851,60149,77.26169220690807
RM0073,2024-05,328856,541819,164.75873938745227
RM0073,2024-06,204982,0,0.0
RM0073,2024-10,53493,85035,158.96472435645785
RM0073,2024-11,121003,96100,79.41951852433411
RM0073,2024-12,113926,105215,92.35380861260818
RM0074,2023-01,121286,139436,114.9646290585888
RM0074,2023-02,164893,153627,93.16769056297115
RM0074,2023-03,62334,109540,175.73074084769146
RM0074,2023-04,463391,788510,170.1608360973778
RM0074,2023-05,367139,473789,129.0489433157469
RM0074,2023-06,87482,32737,37.42141240483757
RM0074,2023-07,65690,51631,78.59796011569493
RM0074,2023-08,155141,277683,178.9875016920092
RM0074,2023-09,135757,147563,108.69642081071326
RM0074,2023-10,228193,130321,57.10999022757052
RM0074,2023-11,455072,497644,109.35500316433445
RM0074,2023-12,98497,167707,170.2660994751109
RM0074,2024-02,197304,202342,102.5534201029883
RM0074,2024-03,180180,256297,142.24497724497724
RM0074,2024-04,75180,120080,159.72333067305132
RM0074,2024-05,530993,610907,115.0499159122625
RM0074,2024-06,221983,352897,158.97478635751386
RM0074,2024-07,120455,215523,178.92407953177536
RM0074,2024-08,221150,206995,93.5993669455121
RM0074,2024-09,219672,237799,108.25184821005864
RM0074,2024-10,67756,101213,149.37865281303502
RM0074,2024-11,174646,260880,149.3764529390882
RM0074,2024-12,75247,83338,110.7525881430489
RM0075,2023-01,268265,478170,178.24539168359647
RM0075,2023-02,373639,596523,159.65223116430565
RM0075,2023-04,92645,144246,155.69755518376599
RM0075,2023-05,77819,46470,59.71549364551073
RM0075,2023-06,67499,56890,84.2827301145202
RM0075,2023-07,342363,158302,46.238057266702306
RM0075,2023-08,72294,48352,66.88245220903532
RM0075,2023-09,177527,287641,162.0266213026751
RM0075,2023-10,116317,0,0.0
RM0075,2023-11,116317,82168,70.6414367633278
RM0075,2023-12,168543,92653,54.972914923788
RM0075,2024-01,96375,48273,50.08871595330739
RM0075,2024-02,129124,153076,118.54961122641801
RM0075,2024-03,100115,157079,156.8985666483544
RM0075,2024-04,646391,310417,48.02310056916016
RM0075,2024-06,52703,78246,148.4659317306415
RM0075,2024-07,81727,67810,82.97135585547004
RM0075,2024-08,125188,209677,167.48969549797107
RM0075,2024-09,211309,76264,36.09122185993024
RM0075,2024-10,52238,31308,59.93338182931966
RM0075,2024-11,107446,110324,102.67855480892727
RM0075,2024-12,322875,249332,77.22245451025938
RM0076,2023-01,120869,95970,79.40001158278798
RM0076,2023-03,51350,88979,173.2794547224927
RM0076,2023-04,72448,52995,73.1490172261484
RM0076,2023-05,70769,73303,103.5806638499908
RM0076,2023-06,453604,204598,45.10498143755346
RM0076,2023-07,137213,45769,33.356168876126894
RM0076,2023-08,271038,342006,126.18378234786267
RM0076,2023-09,230445,232404,100.85009438260757
RM0076,2023-10,407297,372406,91.43352393953307
RM0076,2023-11,158258,80353,50.773420616967236
RM0076,2023-12,228258,246710,108.08383495868709
RM0076,2024-01,81485,63200,77.56028716941769
RM0076,2024-02,64525,61229,94.89190236342503
RM0076,2024-03,191007,91262,47.77940075494615
RM0076,2024-05,199376,326838,163.93046304469948
RM0076,2024-06,111810,70781,63.30471335300957
RM0076,2024-07,385247,515428,133.79156748787142
RM0076,2024-08,66705,60846,91.216550483472
RM0076,2024-09,218169,253419,116.1571992354551
RM0076,2024-10,194565,180436,92.73815948397709
RM0076,2024-11,175599,262887,149.70871132523533
RM0076,2024-12,107943,147093,136.2691420471916
RM0077,2023-01,757909,670702,88.49373737480357
RM0077,2023-02,284847,190609,66.91627435079182
RM0077,2023-03,99671,169669,170.2290535862989
RM0077,2023-04,53942,33775,62.61354788476512
RM0077,2023-05,148933,134452,90.27683589264971
RM0077,2023-06,198801,117110,58.90815438554132
RM0077,2023-08,60973,52070,85.3984550538763
RM0077,2023-09,161462,184551,114.29995912350894
RM0077,2023-10,188004,211127,112.29920639986383
RM0077,2023-11,92305,133549,144.68230323384432
RM0077,2024-01,63781,38111,59.75290446998323
RM0077,2024-02,251702,181122,71.95890378304503
RM0077,2024-03,152026,120221,79.07923644639733
RM0077,2024-04,156081,127983,81.99780883003056
RM0077,2024-05,822691,687947,83.62155414365783
RM0077,2024-06,197946,323149,163.2510886807513
RM0077,2024-07,202389,232501,114.8782789578485
RM0077,2024-08,0,0,0.0
RM0077,2024-09,152914,231109,151.13658657807656
RM0077,2024-10,57760,94015,162.76835180055403
RM0077,2024-11,182389,286954,157.33076007873282
RM0077,2024-12,51567,82709,160.3913355440495
RM0078,2023-01,69198,95619,138.1817393566288
RM0078,2023-02,130812,172882,132.16065804360457
RM0078,2023-03,198405,108149,54.50921095738514
RM0078,2023-04,158421,113404,71.58394404782194
RM0078,2023-05,173296,243828,140.70030468100822
RM0078,2023-06,62712,67330,107.36382191606073
RM0078,2023-07,194204,144303,74.30485468888386
RM0078,2023-08,508652,549575,108.04538269779731
RM0078,2023-09,80228,37039,46.1671735553672
RM0078,2023-10,167021,144115,86.2855569060178
RM0078,2023-11,82080,28403,34.60404483430799
RM0078,2023-12,175414,210128,119.78975452358421
RM0078,2024-01,72938,87715,120.25967259864542
RM0078,2024-02,505398,893262,176.74426887324447
RM0078,2024-03,379050,572599,151.06160137185068
RM0078,2024-04,85238,45572,53.464417278678525
RM0078,2024-05,138303,170036,122.94454928671105
RM0078,2024-06,335248,217222,64.7944208466568
RM0078,2024-08,147987,188115,127.11589531512904
RM0078,2024-09,138478,135887,98.12894466991146
RM0078,2024-10,88256,157094,177.99809644670052
RM0078,2024-11,146708,161248,109.91084330779508
RM0078,2024-12,86992,93186,107.12019496045613
RM0079,2023-01,94226,56865,60.34958504022244
RM0079,2023-02,98387,29923,30.413570898594326
RM0079,2023-03,176648,155665,88.12157510982293
RM0079,2023-04,393434,142053,36.105928821606675
RM0079,2023-05,56624,92229,162.87969765470473
RM0079,2023-06,70311,21321,30.323846908734055
RM0079,2023-08,79569,122203,153.5811685455391
RM0079,2023-09,293465,237764,81.01954236450683
RM0079,2023-11,215407,228519,106.08708166401277
RM0079,2023-12,172862,156309,90.42415337089702
RM0079,2024-01,402663,154878,38.46342971666133
RM0079,2024-02,301640,167681,55.58977589179154
RM0079,2024-04,124543,73223,58.793348482050376
RM0079,2024-07,231908,305536,131.74879693671627
RM0079,2024-08,169076,227786,134.72402943055195
RM0079,2024-09,203066,297423,146.46617355933537
RM0079,2024-10,91048,85891,94.33595466127757
RM0079,2024-11,74665,70512,94.4378222728186
RM0079,2024-12,231444,309460,133.70837005928
RM0080,2023-01,235385,179634,76.31497334154683
RM0080,2023-02,212801,181136,85.11990075234608
RM0080,2023-04,483684,394226,81.50486681387021
RM0080,2023-05,188579,268766,142.5217017801558
RM0080,2023-06,405320,387847,95.68908516727524
RM0080,2023-07,117056,110622,94.50348551120831
RM0080,2023-08,108666,139188,128.0879023797692
RM0080,2023-09,454826,222458,48.91057239471798
RM0080,2023-10,173461,285598,164.6468082162561
RM0080,2023-11,65823,68508,104.07912127979581
RM0080,2023-12,350627,578772,165.06772153884327
RM0080,2024-01,158340,53428,33.74257925982064
RM0080,2024-02,66746,78765,118.00707158481407
RM0080,2024-03,69834,36601,52.411432826416934
RM0080,2024-04,271838,387651,142.60368307594965
RM0080,2024-05,327509,150196,45.860113767865926
RM0080,2024-06,83124,128795,154.94321736201337
RM0080,2024-07,241528,364449,150.89306415819283
RM0080,2024-08,737008,1176741,159.66461693767232
RM0080,2024-09,160240,122768,76.61507738392412
RM0080,2024-10,176482,221993,125.78789904919483
RM0080,2024-11,111265,162046,145.6396890306925
RM0080,2024-12,64601,94904,146.90794260150773
RM0081,2023-01,54878,57454,104.6940486169321
RM0081,2023-02,346463,148890,42.97428585447797
RM0081,2023-03,159390,85925,53.90865173473869
RM0081,2023-04,387806,600524,154.85165263043893
RM0081,2023-05,457527,737750,161.2473143661467
RM0081,2023-07,250085,144382,57.733170721954544
RM0081,2023-08,104038,108749,104.5281531748015
RM0081,2023-10,183336,270104,147.32731160274034
RM0081,2023-11,88613,43634,49.24108200828321
RM0081,2023-12,148843,79893,53.676021042306324
RM0081,2024-01,227496,196049,86.1768998136231
RM0081,2024-02,178572,252083,141.16602826870954
RM0081,2024-03,59830,104525,174.70332609059
RM0081,2024-04,50000,39408,78.816
RM0081,2024-05,220744,81170,36.77110136628855
RM0081,2024-06,63054,26168,41.500935705902876
RM0081,2024-07,180665,296993,164.38878587440843
RM0081,2024-08,171599,206838,120.53566745726955
RM0081,2024-09,113697,37305,32.810892107971185
RM0081,2024-10,53277,86972,163.24492745462396
RM0081,2024-11,66233,119198,179.96768982229403
RM0081,2024-12,76944,100946,131.1941152006654
RM0082,2023-01,496258,418560,84.34322469360696
RM0082,2023-02,248883,205648,82.62838361800526
RM0082,2023-03,104563,63020,60.269885141015465
RM0082,2023-04,308000,211312,68.6077922077922
RM0082,2023-05,99935,179728,179.8448991844699
RM0082,2023-06,109470,102262,93.41554763862246
RM0082,2023-07,741609,633297,85.3949992516272
RM0082,2023-09,118391,182508,154.15698828458244
RM0082,2023-10,106079,69023,65.06754400022625
RM0082,2023-12,132541,179057,135.09555533759365
RM0082,2024-02,56630,48751,86.08687974571781
RM0082,2024-03,113753,75899,66.72263588652608
RM0082,2024-04,209322,153848,73.49824672036385
RM0082,2024-05,0,0,0.0
RM0082,2024-06,155278,97170,62.57808575587012
RM0082,2024-07,96502,53645,55.58952146069511
RM0082,2024-08,58744,72183,122.87723001498026
RM0082,2024-09,217572,119447,54.89998713069697
RM0082,2024-10,193329,342796,177.31225010215746
RM0082,2024-11,61597,63787,103.55536795623163
RM0082,2024-12,248097,91551,36.901292639572425
RM0083,2023-01,275946,488222,176.92664506823797
RM0083,2023-02,63897,97976,153.33427234455453
RM0083,2023-03,121362,62643,51.61665101102487
RM0083,2023-04,151943,61883,40.727772914843065
RM0083,2023-05,160753,52893,32.90327396689331
RM0083,2023-06,245630,253478,103.19504946464193
RM0083,2023-07,165178,144760,87.63878966932643
RM0083,2023-08,142133,84467,59.42814124798604
RM0083,2023-09,117239,67154,57.27957420312353
RM0083,2023-10,249424,149289,59.85350246969017
RM0083,2023-11,193861,139465,71.94072041307948
RM0083,2023-12,210495,233793,111.06819639421363
RM0083,2024-02,132601,173641,130.94999283564982
RM0083,2024-03,130606,200095,153.20505949190695
RM0083,2024-04,246177,273492,111.09567506306436
RM0083,2024-05,364409,562389,154.32906432058485
RM0083,2024-06,163841,65974,40.26708821357292
RM0083,2024-07,175205,145925,83.2881481692874
RM0083,2024-08,166516,211591,127.06947080160464
RM0083,2024-09,205277,268971,131.02831783395118
RM0083,2024-10,220572,102328,46.39210779246686
RM0083,2024-11,81925,102063,124.58101922490081
RM0083,2024-12,128680,185849,144.42726142368667
RM0084,2023-01,70014,41118,58.72825434913017
RM0084,2023-02,172624,181448,105.11168783019743
RM0084,2023-03,96468,88028,91.25098478251856
RM0084,2023-04,55341,19676,35.55410997271463
RM0084,2023-06,0,0,0.0
RM0084,2023-07,178983,285580,159.5570529044658
RM0084,2023-09,95211,33410,35.090483242482485
RM0084,2023-11,234972,371967,158.30269138450538
RM0084,2024-01,72305,63528,87.86114376599129
RM0084,2024-02,75927,34891,45.953349928220526
RM0084,2024-03,206690,361977,175.1303885045237
RM0084,2024-04,220057,391090,177.72213562849626
RM0084,2024-05,135478,223105,164.6798742231211
RM0084,2024-06,84427,40259,47.684982292394615
RM0084,2024-07,231861,198730,85.71083537119222
RM0084,2024-08,107340,140284,130.69126141233465
RM0084,2024-10,110853,128460,115.88319666585478
RM0084,2024-11,103384,152557,147.56345275864737
RM0084,2024-12,106179,117061,110.24873091665961
RM0085,2023-01,53517,79611,148.75833847188744
RM0085,2023-02,195270,114888,58.83545859579045
RM0085,2023-03,86382,59926,69.3732490565164
RM0085,2023-04,178890,200799,112.24719101123594
RM0085,2023-05,98002,131429,134.1084875818861
RM0085,2023-06,379789,138726,36.52712427163504
RM0085,2023-07,130985,155908,119.02736954613124
RM0085,2023-08,182441,60078,32.930097949474074
RM0085,2023-09,85465,33566,39.27455683613175
RM0085,2023-10,176234,223479,126.80810740265782
RM0085,2023-11,76106,60848,79.95164638793261
RM0085,2023-12,110027,168308,152.96972561280413
RM0085,2024-01,82473,92573,112.24643216567847
RM0085,2024-02,279134,431085,154.4365788474353
RM0085,2024-03,214746,160907,74.92898587168096
RM0085,2024-04,309780,437796,141.32481115630446
RM0085,2024-06,232847,93372,40.10015160169553
RM0085,2024-07,56634,76062,134.3044814069287
RM0085,2024-09,484504,707659,146.05844327394615
RM0085,2024-10,317101,354351,111.74704589389502
RM0085,2024-11,104487,137568,131.66039794424188
RM0085,2024-12,236704,258117,109.04631945383262
RM0086,2023-01,218754,376270,172.00599760461523
RM0086,2023-02,118635,42647,35.94807603152527
RM0086,2023-04,408621,220961,54.07480281238605
RM0086,2023-05,0,0,0.0
RM0086,2023-06,136071,0,0.0
RM0086,2023-07,136071,98217,72.18069978173159
RM0086,2023-08,105690,163356,154.56145330684078
RM0086,2023-09,110533,164847,149.1382664000796
RM0086,2023-10,60858,78072,128.2855171053929
RM0086,2023-11,219579,227733,103.71346986733705
RM0086,2023-12,224276,198524,88.51771923879505
RM0086,2024-02,434950,609270,140.07816990458673
RM0086,2024-03,537771,524844,97.59618871229576
RM0086,2024-04,139297,152173,109.24355872703649
RM0086,2024-05,95925,170593,177.8399791503779
RM0086,2024-06,58507,49024,83.79168304647308
RM0086,2024-07,103008,90623,87.97666200683442
RM0086,2024-08,424640,361817,85.2055859080633
RM0086,2024-09,423295,395784,93.50075006791954
RM0086,2024-10,339414,367458,108.26247591437006
RM0086,2024-11,105953,103200,97.40167810255491
RM0086,2024-12,132846,91646,68.98664619183114
RM0087,2023-01,101297,58719,57.96716585881122
RM0087,2023-02,123701,0,0.0
RM0087,2023-03,196886,173227,87.9834015623254
RM0087,2023-04,236887,421769,178.04649474221887
RM0087,2023-05,121005,120273,99.39506631957357
RM0087,2023-06,76888,68301,88.83180730413068
RM0087,2023-07,244650,153177,62.61066830165542
RM0087,2023-08,80143,69288,86.45546086370612
RM0087,2023-09,306098,378179,123.54834072747944
RM0087,2023-10,524018,868198,165.6809498910343
RM0087,2023-11,74578,27133,36.382042961731344
RM0087,2023-12,126397,81762,64.68666186697469
RM0087,2024-01,160746,172537,107.33517474773866
RM0087,2024-03,71599,34884,48.721350856855544
RM0087,2024-04,57199,90162,157.62862987115162
RM0087,2024-05,492740,233325,47.35255915898851
RM0087,2024-06,85952,37371,43.478918466120625
RM0087,2024-07,364949,634304,173.80620305850954
RM0087,2024-08,95530,72161,75.53752747827907
RM0087,2024-09,117570,134896,114.73675257293527
RM0087,2024-10,0,0,0.0
RM0087,2024-11,222073,234639,105.65849968253683
RM0087,2024-12,502395,225997,44.98392698971925
RM0088,2023-01,290373,232799,80.1723989489381
RM0088,2023-02,121113,165106,136.3239288928521
RM0088,2023-03,447560,615082,137.43006524264902
RM0088,2023-04,274323,391230,142.6165505626579
RM0088,2023-05,108065,109792,101.59811224725858
RM0088,2023-06,262161,387154,147.67795362391814
RM0088,2023-07,164342,181619,110.51283299460881
RM0088,2023-08,263893,402580,152.55425494423875
RM0088,2023-09,111691,167798,150.23412808552166
RM0088,2023-10,302469,196964,65.11873944106668
RM0088,2023-11,239320,138757,57.979692461975596
RM0088,2023-12,64650,75111,116.18097447795823
RM0088,2024-02,408962,144440,35.31868486558653
RM0088,2024-03,312738,331410,105.97049287262821
RM0088,2024-04,345879,185843,53.73063990586303
RM0088,2024-05,328182,529334,161.292819228355
RM0088,2024-06,269718,421970,156.4485870427632
RM0088,2024-07,79042,59738,75.57754105412312
RM0088,2024-08,91657,129570,141.36399838528428
RM0088,2024-09,75022,43013,57.333848737703605
RM0088,2024-10,366750,498348,135.88220858895704
RM0088,2024-11,362372,184459,50.90321548022474
RM0088,2024-12,126369,91582,72.47188788389558
RM0089,2023-01,51459,37399,72.67727705551992
RM0089,2023-02,0,0,0.0
RM0089,2023-03,64512,74171,114.97240823412697
RM0089,2023-04,122474,45277,36.968662736580825
RM0089,2023-05,232598,324222,139.39156828519592
RM0089,2023-06,319791,328844,102.83091143903363
RM0089,2023-07,569423,951560,167.10951261188958
RM0089,2023-08,170227,164682,96.74258490133762
RM0089,2023-09,50455,55781,110.55594093746903
RM0089,2023-10,236196,271018,114.74284069162898
RM0089,2023-11,185296,0,0.0
RM0089,2023-12,185296,331547,178.92830929971507
RM0089,2024-01,338436,585628,173.03951116311504
RM0089,2024-02,109549,57404,52.4002957580626
RM0089,2024-03,289087,427645,147.92951602804692
RM0089,2024-04,85633,123920,144.71056718788319
RM0089,2024-05,185296,0,0.0
RM0089,2024-06,67400,70950,105.26706231454006
RM0089,2024-07,451347,478286,105.96857849946937
RM0089,2024-08,283170,97230,34.33626443479182
RM0089,2024-10,245337,422042,172.0254180983708
RM0089,2024-11,153830,124073,80.6559188714815
RM0089,2024-12,206044,344998,167.43899361301467
RM0090,2023-01,79177,71698,90.5540750470465
RM0090,2023-02,75492,78887,104.49716526254437
RM0090,2023-03,166616,285963,171.6299755125558
RM0090,2023-04,129785,149309,115.04334090996649
RM0090,2023-06,374766,293107,78.21067012482456
RM0090,2023-07,218204,313284,143.57390331982916
RM0090,2023-08,110189,60219,54.65064570873681
RM0090,2023-09,154847,129328,83.51986154074667
RM0090,2023-10,96481,169819,176.0128937303718
RM0090,2023-11,154619,245027,158.4714685776004
RM0090,2023-12,0,0,0.0
RM0090,2024-01,470624,702004,149.16451349697425
RM0090,2024-02,298080,263695,88.4645061728395
RM0090,2024-03,149723,178175,119.00309237725666
RM0090,2024-04,283929,446786,157.3583536729253
RM0090,2024-05,62188,102989,165.60912073068758
RM0090,2024-06,465880,554085,118.93298703528805
RM0090,2024-07,81007,123748,152.76210697840926
RM0090,2024-08,169306,258326,152.57935336018807
RM0090,2024-09,302954,130298,43.00916970893271
RM0090,2024-11,190100,194798,102.471330878485
RM0090,2024-12,488147,363650,74.49600222883682
RM0091,2023-01,84600,139220,164.56264775413712
RM0091,2023-02,74151,98604,132.97730307076102
RM0091,2023-03,103505,119213,115.17607845031641
RM0091,2023-04,193652,179332,92.60529196703364
RM0091,2023-05,603121,300203,49.77492078703942
RM0091,2023-06,124488,117714,94.55851166377482
RM0091,2023-07,199562,181778,91.08848377947706
RM0091,2023-08,65310,112407,172.11299954065225
RM0091,2023-09,130698,106389,81.4006335215535
RM0091,2023-10,138784,86725,62.48919183767582
RM0091,2023-11,65841,34426,52.28656915903465
RM0091,2023-12,77346,46137,59.65014351097665
RM0091,2024-01,131698,162758,123.58426096068278
RM0091,2024-02,198687,59635,30.0145454911494
RM0091,2024-03,430665,660756,153.42690954686358
RM0091,2024-04,548377,460625,83.99787007843145
RM0091,2024-05,213953,118108,55.20277818025454
RM0091,2024-07,304767,165199,54.20501563489485
RM0091,2024-08,109175,113132,103.62445614838562
RM0091,2024-09,185406,211260,113.94453253940003
RM0091,2024-10,66153,61688,93.25049506447175
RM0091,2024-11,434415,698779,160.85517304881276
RM0091,2024-12,184026,213191,115.84830404399378
RM0092,2023-01,67762,40683,60.03807443700009
RM0092,2023-02,93681,96706,103.22904324249313
RM0092,2023-03,247155,244952,99.10865651109627
RM0092,2023-04,70211,67333,95.9009272051388
RM0092,2023-06,76623,109319,142.67126058755204
RM0092,2023-07,77318,79158,102.37978219819448
RM0092,2023-08,93681,0,0.0
RM0092,2023-10,88854,36789,41.40387602133838
RM0092,2023-11,174276,66452,38.130322017948544
RM0092,2023-12,182925,261628,143.0247369140358
RM0092,2024-02,109918,113492,103.2515147655525
RM0092,2024-03,446258,449231,100.6662065441964
RM0092,2024-04,900583,1036489,115.09089112275048
RM0092,2024-05,75618,103097,136.33923139993124
RM0092,2024-06,208599,335522,160.84544988231008
RM0092,2024-09,64549,46495,72.0305504345536
RM0092,2024-11,71265,121125,169.96421805935594
RM0092,2024-12,133434,222180,166.50928548945546
RM0093,2023-01,102307,50084,48.954616986129984
RM0093,2023-02,102761,122877,119.57551989568027
RM0093,2023-03,329874,289657,87.80837531906121
RM0093,2023-04,419428,279485,66.63479786757203
RM0093,2023-05,227400,319171,140.3566402814424
RM0093,2023-06,98023,33372,34.045071054752455
RM0093,2023-07,118175,43464,36.77935265496086
RM0093,2023-08,396522,686097,173.02873484951655
RM0093,2023-09,249419,346699,139.00264214033413
RM0093,2023-10,91341,37530,41.08779190067987
RM0093,2023-11,293002,333653,113.87396673060253
RM0093,2023-12,221679,325748,146.94580903017427
RM0093,2024-01,129001,66670,51.6817699087604
RM0093,2024-03,287738,282169,98.06455873051179
RM0093,2024-04,313103,299498,95.6547845277752
RM0093,2024-05,86696,48246,55.64962628033589
RM0093,2024-07,254340,295627,116.23299520327122
RM0093,2024-08,127779,132656,103.81674610068947
RM0093,2024-09,169655,111823,65.91199787804662
RM0093,2024-10,121262,89566,73.86155596971847
RM0093,2024-11,123757,130049,105.08415685577381
RM0093,2024-12,78557,69937,89.02707588120727
RM0094,2023-01,123040,89696,72.8998699609883
RM0094,2023-02,1024976,420692,41.04408298340644
RM0094,2023-03,204482,114848,56.16533484609892
RM0094,2023-04,324441,542236,167.12930856457723
RM0094,2023-06,126993,194961,153.5210602159174
RM0094,2023-07,93134,47507,51.00929843021882
RM0094,2023-08,106942,86891,81.2505844289428
RM0094,2023-09,125964,108258,85.94360293417166
RM0094,2023-10,129436,176686,136.504527333972
RM0094,2023-11,92270,30251,32.78530399913298
RM0094,2023-12,150907,146747,97.24333529922401
RM0094,2024-02,59291,29687,50.06999375959252
RM0094,2024-03,128214,135338,105.5563355015833
RM0094,2024-04,156978,102369,65.21232274586247
RM0094,2024-05,365067,204415,55.993831269328645
RM0094,2024-06,53049,51528,97.13283945031952
RM0094,2024-08,692062,865637,125.08084535778585
RM0094,2024-09,115550,37588,32.529640848117694
RM0094,2024-10,149523,91164,60.96988423185731
RM0094,2024-11,0,0,0.0
RM0094,2024-12,181203,126447,69.78195725236337
RM0095,2023-01,60705,86961,143.25179145045712
RM0095,2023-02,182089,284639,156.31861342530303
RM0095,2023-03,95125,121692,127.92851511169513
RM0095,2023-04,68950,50865,73.7708484408992
RM0095,2023-05,210302,323522,153.83686317771586
RM0095,2023-06,108053,161893,149.82739951690374
RM0095,2023-07,219865,180951,82.30095740568076
RM0095,2023-08,363601,386814,106.38419586304768
RM0095,2023-09,206723,215704,104.34446094532296
RM0095,2023-10,140419,220733,157.1959635092117
RM0095,2023-11,102370,36335,35.49379701084302
RM0095,2023-12,367768,565456,153.75345326401427
RM0095,2024-02,118488,68507,57.81766929984471
RM0095,2024-03,218836,91504,41.81396113984902
RM0095,2024-04,132683,56893,42.87889179472879
RM0095,2024-05,186661,63616,34.081034602836155
RM0095,2024-07,198829,260427,130.98039018453042
RM0095,2024-08,150164,84468,56.25049945393037
RM0095,2024-09,66036,50843,76.99285238354837
RM0095,2024-10,143881,181766,126.33078724779506
RM0095,2024-11,50187,68585,136.6588957299699
RM0095,2024-12,237090,229220,96.6805854316926
RM0096,2023-01,113103,90296,79.83519446875856
RM0096,2023-02,327067,483039,147.68808837333023
RM0096,2023-03,663637,569331,85.78952047580228
RM0096,2023-04,406003,485605,119.60625906705123
RM0096,2023-05,63718,58442,91.7197652154807
RM0096,2023-06,143928,138359,96.1307042410094
RM0096,2023-07,197163,109486,55.53070302237235
RM0096,2023-08,351994,396924,112.7644221208316
RM0096,2023-09,401838,122137,30.39458687331711
RM0096,2023-10,199133,182940,91.86824885880291
RM0096,2023-11,155509,220155,141.57058433917007
RM0096,2024-01,88650,53841,60.73434856175973
RM0096,2024-03,232107,251151,108.20483656244748
RM0096,2024-05,89915,92255,102.60245787688372
RM0096,2024-06,142305,190285,133.71631355187802
RM0096,2024-07,50399,59477,118.01226214805848
RM0096,2024-08,189588,111308,58.71046690718822
RM0096,2024-09,255274,417078,163.38444181546103
RM0096,2024-10,137023,111506,81.37757894660021
RM0096,2024-11,66191,53300,80.52454261153329
RM0096,2024-12,172548,151087,87.5623015045089
RM0097,2023-01,60641,91218,150.42298115136623
RM0097,2023-02,296764,274760,92.58535401868151
RM0097,2023-03,95093,45362,47.70277517798366
RM0097,2023-04,335810,542750,161.62413269408296
RM0097,2023-05,96446,118883,123.26379528440785
RM0097,2023-06,94893,60512,63.768665760382746
RM0097,2023-07,53215,62034,116.57239500140936
RM0097,2023-08,74367,23690,31.855527317224038
RM0097,2023-09,66614,51336,77.0648812561924
RM0097,2023-10,215919,130400,60.393017752027376
RM0097,2023-12,377841,276856,73.27314928766333
RM0097,2024-01,110346,69183,62.69642760045675
RM0097,2024-02,93915,38618,41.12016184848001
RM0097,2024-03,102384,162731,158.941826847945
RM0097,2024-04,224917,362769,161.29016481635446
RM0097,2024-05,66616,65511,98.34123934189985
RM0097,2024-06,89059,123063,138.18143028778675
RM0097,2024-08,577177,357430,61.927277074450295
RM0097,2024-09,303401,107075,35.291577812861526
RM0097,2024-10,107114,36726,34.28683458744889
RM0097,2024-11,56149,23541,41.92594703378511
RM0097,2024-12,98512,74505,75.6303800552217
RM0098,2023-01,126737,115000,90.73908961076876
RM0098,2023-02,271373,138971,51.210326745844284
RM0098,2023-03,75750,93921,123.9881188118812
RM0098,2023-04,177204,94096,53.10038148123068
RM0098,2023-05,336849,267319,79.35870375153259
RM0098,2023-06,118584,110364,93.0682048168387
RM0098,2023-07,108446,123214,113.61783744905298
RM0098,2023-08,123812,85325,68.91496785448906
RM0098,2023-09,402254,306729,76.25256678615999
RM0098,2023-10,229842,188663,82.08377929186138
RM0098,2023-11,135697,88734,65.39127615201515
RM0098,2023-12,259348,364592,140.58022425466942
RM0098,2024-01,53373,43101,80.75431397897813
RM0098,2024-02,59312,99855,168.35547612624765
RM0098,2024-04,379499,401939,105.91305905944417
RM0098,2024-06,151992,230820,151.86325596084004
RM0098,2024-07,72353,92651,128.0541235332329
RM0098,2024-08,146934,207911,141.49958484761868
RM0098,2024-09,54584,64905,118.90847134691485
RM0098,2024-10,172035,268593,156.1269509111518
RM0098,2024-11,219439,355543,162.02361476310045
RM0098,2024-12,377418,344298,91.22458388312164
RM0099,2023-01,72176,89889,124.54139880292618
RM0099,2023-02,360419,148647,41.24283126028317
RM0099,2023-03,172440,81477,47.24947807933194
RM0099,2023-05,54105,71389,131.94529156270215
RM0099,2023-06,221784,266359,120.09838401327417
RM0099,2023-07,344086,144968,42.131327633207974
RM0099,2023-08,66683,106479,159.6793785522547
RM0099,2023-10,154958,178077,114.91952658139625
RM0099,2023-11,97835,137676,140.72264527009762
RM0099,2023-12,387219,516706,133.44024957453018
RM0099,2024-01,285483,206617,72.37453718785358
RM0099,2024-02,101115,161398,159.61825644068634
RM0099,2024-03,193123,125770,65.12429902186689
RM0099,2024-04,161401,214468,132.87897844499105
RM0099,2024-05,86990,111552,128.23542935969652
RM0099,2024-06,56458,42656,75.553508803004
RM0099,2024-07,218115,114297,52.40217316553194
RM0099,2024-09,87692,141941,161.8631118003923
RM0099,2024-10,218276,228835,104.8374534992395
RM0099,2024-11,85528,69458,81.21083154054813
RM0099,2024-12,178113,94928,53.296502781941804
RM0100,2023-01,148592,135733,91.3461020781738
RM0100,2023-02,147136,67438,45.83378642888212
RM0100,2023-03,66890,116801,174.61653460905967
RM0100,2023-04,632134,593729,93.92454764337941
RM0100,2023-05,283381,363772,128.36852153108362
RM0100,2023-06,68650,51145,74.50109249817916
RM0100,2023-07,106455,127071,119.365929265887
RM0100,2023-08,180116,303542,168.52583890381754
RM0100,2023-11,284123,450412,158.52711677688887
RM0100,2023-12,382776,574897,150.19149580955963
RM0100,2024-01,110718,68924,62.25184703480916
RM0100,2024-02,177213,236464,133.43490601705292
RM0100,2024-03,123302,193893,157.25049066519603
RM0100,2024-04,534971,617406,115.40924648251962
RM0100,2024-05,141484,149404,105.59780611235192
RM0100,2024-06,327618,343165,104.74546575584979
RM0100,2024-07,53685,26494,49.35084287976157
RM0100,2024-08,147864,110557,74.76938267597252
RM0100,2024-09,330287,461755,139.8041703124858
RM0100,2024-10,130713,213490,163.32728955803935
RM0100,2024-11,114954,143780,125.07611740348312
RM0101,2023-01,200905,115821,57.649635399815836
RM0101,2023-02,100289,167884,167.4002133833222
RM0101,2023-04,80393,45049,56.035973281255835
RM0101,2023-06,147978,64858,43.82948816715999
RM0101,2023-08,387536,447212,115.3988274637711
RM0101,2023-09,65828,80628,122.48283405237892
RM0101,2023-10,112277,169135,150.6408258147261
RM0101,2023-11,183670,162081,88.24576686448522
RM0101,2024-01,669088,267197,39.93450786742551
RM0101,2024-02,179336,319998,178.43489316144
RM0101,2024-03,226139,318777,140.96507015596603
RM0101,2024-05,54892,18226,33.20338118487211
RM0101,2024-06,0,0,0.0
RM0101,2024-07,769157,1360853,176.92785738152287
RM0101,2024-09,111084,81810,73.646969860646
RM0101,2024-10,73666,58469,79.37040154209541
RM0101,2024-12,119341,169753,142.24197886727947
RM0102,2023-01,351816,499614,142.01002796916572
RM0102,2023-02,205970,298419,144.88469194542895
RM0102,2023-03,251196,254618,101.3622828388987
RM0102,2023-04,111387,80663,72.41688886494833
RM0102,2023-05,220613,383636,173.89546400257464
RM0102,2023-07,180502,136781,75.7781077217981
RM0102,2023-08,415462,133506,32.134346823536205
RM0102,2023-09,287324,454087,158.0400523450878
RM0102,2023-10,199541,339437,170.10889992532861
RM0102,2023-11,183707,121394,66.08022557659751
RM0102,2023-12,86447,98009,113.374668872257
RM0102,2024-01,405443,165644,40.85506470699951
RM0102,2024-02,189099,275083,145.47036208546845
RM0102,2024-03,68393,32497,47.515096574210816
RM0102,2024-04,118386,84151,71.0818846823104
RM0102,2024-05,83155,49730,59.80398051830919
RM0102,2024-06,71004,86360,121.62695059433271
RM0102,2024-07,224773,304433,135.4401996681096
RM0102,2024-09,164006,283625,172.93574625318587
RM0102,2024-10,368706,640238,173.64458403172176
RM0102,2024-11,123848,200221,161.66672049609198
RM0102,2024-12,265874,215347,80.99588526896198
RM0103,2023-01,0,0,0.0
RM0103,2023-02,222148,112113,50.46770621387543
RM0103,2023-03,102173,107337,105.05417282452312
RM0103,2023-04,220860,373107,168.933713664765
RM0103,2023-05,184929,241724,130.71178668570101
RM0103,2023-06,105662,55787,52.79759989400162
RM0103,2023-07,224373,214654,95.66837364567039
RM0103,2023-08,341664,303628,88.8674253067341
RM0103,2023-09,144743,137343,94.88749024132429
RM0103,2023-10,299998,519161,173.0548203654691
RM0103,2023-11,109463,110835,101.25339155696444
RM0103,2023-12,233588,383802,164.30724181036697
RM0103,2024-01,152094,70471,46.33384617407656
RM0103,2024-02,118989,133927,112.55410163964737
RM0103,2024-03,220860,0,0.0
RM0103,2024-04,80971,28783,35.54729471045189
RM0103,2024-05,224428,401525,178.91038551339403
RM0103,2024-06,427379,566237,132.4905996785055
RM0103,2024-07,326328,223075,68.35913559363586
RM0103,2024-09,196101,76657,39.09057067531527
RM0103,2024-11,234231,411030,175.4806152900342
RM0103,2024-12,345773,380924,110.16591810233882
RM0104,2023-01,283200,485928,171.58474576271186
RM0104,2023-02,0,0,0.0
RM0104,2023-03,286442,201875,70.47674572862918
RM0104,2023-04,364271,163022,44.752944922873354
RM0104,2023-06,79442,109703,138.09194129050124
RM0104,2023-07,78815,42330,53.70805049800165
RM0104,2023-10,171609,266419,155.2476851447185
RM0104,2023-11,96892,151316,156.1697560170086
RM0104,2023-12,129338,122413,94.6458117490606
RM0104,2024-01,297502,347678,116.86576896962038
RM0104,2024-02,206007,74298,36.06576475556656
RM0104,2024-03,118624,82454,69.50869975721608
RM0104,2024-04,0,0,0.0
RM0104,2024-05,124060,103262,83.23553119458327
RM0104,2024-06,245785,294240,119.71438452305878
RM0104,2024-07,416449,215766,51.81090601730344
RM0104,2024-08,59241,65278,110.19057747168345
RM0104,2024-09,50154,74307,148.15767436296207
RM0104,2024-10,155774,160774,103.2097782685172
RM0104,2024-11,117529,101364,86.24594780862596
RM0104,2024-12,134616,43622,32.40476614964046
RM0105,2023-01,63086,66717,105.75563516469582
RM0105,2023-02,74399,109228,146.81380126076965
RM0105,2023-03,98131,43849,44.68414670185772
RM0105,2023-05,90223,75394,83.56405794531328
RM0105,2023-06,55393,28389,51.250157962197385
RM0105,2023-07,108700,83233,76.57129714811407
RM0105,2023-08,291705,456484,156.48823297509472
RM0105,2023-09,82242,39962,48.59074438851195
RM0105,2023-10,200834,302643,150.69310973241582
RM0105,2023-12,547486,169827,31.019423327719796
RM0105,2024-01,130082,182242,140.09778447440846
RM0105,2024-02,314527,123744,39.34288630228883
RM0105,2024-04,221203,162232,73.34077747589318
RM0105,2024-05,61628,63702,103.36535341078729
RM0105,2024-06,75823,106570,140.55102013900796
RM0105,2024-07,252790,395136,156.30998061632184
RM0105,2024-08,121118,38753,31.996069948314865
RM0105,2024-09,95112,71700,75.3848094877618
RM0105,2024-10,144613,193928,134.101360182003
RM0105,2024-11,122199,134916,110.40679547295804
RM0105,2024-12,161433,88380,54.747170652840495
RM0106,2023-01,196346,188271,95.8873621056706
RM0106,2023-02,297475,397401,133.59139423480966
RM0106,2023-03,67727,69971,103.31330193275947
RM0106,2023-04,231848,99814,43.051482005451845
RM0106,2023-06,285891,180970,63.30034873430783
RM0106,2023-07,154900,265009,171.08392511297612
RM0106,2023-09,177061,165743,93.60785266094736
RM0106,2023-10,51022,25517,50.01175963309945
RM0106,2023-11,179648,186966,104.07352155325971
RM0106,2023-12,117843,198544,168.4817935728045
RM0106,2024-01,110628,122324,110.57236865892904
RM0106,2024-03,176147,192212,109.12022344973234
RM0106,2024-05,147394,118739,80.55891013202708
RM0106,2024-07,409145,399409,97.62040352442288
RM0106,2024-09,162759,209099,128.4715438163174
RM0106,2024-10,60508,89063,147.19210682884906
RM0106,2024-11,157771,202856,128.57622757033928
RM0106,2024-12,271769,437860,161.11477026445255
RM0107,2023-01,124691,189174,151.71423759533567
RM0107,2023-02,94930,122507,129.0498261877173
RM0107,2023-03,66255,21867,33.00430156214625
RM0107,2023-04,65099,50716,77.90595861687584
RM0107,2023-05,54738,68189,124.57342248529358
RM0107,2023-06,107089,150413,140.45606925081006
RM0107,2023-07,57050,35659,62.50482033304119
RM0107,2023-08,128638,112426,87.39719212052425
RM0107,2023-09,71061,127284,179.11934816566048
RM0107,2023-10,100203,138435,138.15454627106973
RM0107,2023-11,87274,141102,161.67701721016567
RM0107,2023-12,123594,204097,165.1350389177468
RM0107,2024-01,112744,35285,31.296565670900446
RM0107,2024-02,159167,96711,60.76071044877393
RM0107,2024-03,161599,77527,47.97492558741081
RM0107,2024-04,90174,133028,147.52367644775657
RM0107,2024-05,55617,57524,103.42880773864107
RM0107,2024-06,163383,217800,133.30640274691982
RM0107,2024-07,55726,65671,117.84624771201952
RM0107,2024-08,50465,35212,69.77509164767662
RM0107,2024-09,153877,256500,166.6915783385431
RM0107,2024-11,70302,38942,55.39244971693551
RM0107,2024-12,215958,186218,86.2288037488771
RM0108,2023-01,196494,352938,179.61769825032826
RM0108,2023-02,699947,581355,83.05700288736148
RM0108,2023-03,155154,257095,165.70310787991286
RM0108,2023-04,64504,63114,97.84509487783704
RM0108,2023-05,121120,89910,74.23216644649933
RM0108,2023-06,822593,1151896,140.03231245585604
RM0108,2023-07,198838,0,0.0
RM0108,2023-08,314932,325796,103.44963357169166
RM0108,2023-09,359327,251374,69.95689163352601
RM0108,2023-10,87963,101532,115.4258040312404
RM0108,2023-11,92610,102586,110.77205485368751
RM0108,2023-12,101651,52927,52.067367758310304
RM0108,2024-01,0,0,0.0
RM0108,2024-03,396039,374679,94.60659177505246
RM0108,2024-04,201183,329399,163.7310309519194
RM0108,2024-05,198838,0,0.0
RM0108,2024-06,219101,236195,107.8018813241382
RM0108,2024-08,370562,426774,115.16939135691193
RM0108,2024-09,70338,59807,85.02800762034747
RM0108,2024-10,138567,235987,170.30533965518487
RM0108,2024-11,211462,341070,161.29139041529922
RM0108,2024-12,262569,200810,76.47894458218602
RM0109,2023-01,171683,0,0.0
RM0109,2023-02,82592,75341,91.22069934134056
RM0109,2023-03,296055,360563,121.78919457533229
RM0109,2023-04,311799,212664,68.20547852943723
RM0109,2023-05,257793,155574,60.348419080424996
RM0109,2023-06,168218,159857,95.0296638885256
RM0109,2023-07,171950,86542,50.329747019482404
RM0109,2023-08,117231,152442,130.03557079612048
RM0109,2023-09,172647,193961,112.34542158276714
RM0109,2023-10,157256,269824,171.5826423157145
RM0109,2023-11,459015,385672,84.02165506573859
RM0109,2023-12,0,0,0.0
RM0109,2024-01,171417,76007,44.34040964431766
RM0109,2024-02,104146,67309,64.6294624853571
RM0109,2024-03,87922,110584,125.77511885534906
RM0109,2024-04,122761,68346,55.67403328418634
RM0109,2024-05,377816,608745,161.1220805894933
RM0109,2024-06,347579,307995,88.61150990134617
RM0109,2024-07,58800,27054,46.01020408163266
RM0109,2024-08,171683,198872,115.83674563002744
RM0109,2024-09,98454,62021,62.99490117212099
RM0109,2024-10,360703,641884,177.9536072613757
RM0109,2024-11,304473,424670,139.47706364767976
RM0109,2024-12,183237,266584,145.48590077331542
RM0110,2023-01,0,0,0.0
RM0110,2023-02,187948,99973,53.19184029625216
RM0110,2023-03,76843,90351,117.57869942610257
RM0110,2023-04,110850,184606,166.53676138926477
RM0110,2023-05,191874,252264,131.47377966790705
RM0110,2023-06,50875,53330,104.82555282555282
RM0110,2023-07,134624,182928,135.88067506536726
RM0110,2023-08,122345,215922,176.4861661694389
RM0110,2023-09,216391,279117,128.98734235712206
RM0110,2023-10,427629,766656,179.280638123233
RM0110,2023-11,83063,125906,151.57892202304276
RM0110,2023-12,76567,75461,98.55551347186125
RM0110,2024-01,65834,81308,123.50457210559892
RM0110,2024-02,144812,180008,124.30461563958788
RM0110,2024-03,219962,270365,122.91441248943
RM0110,2024-04,102227,159007,155.54305613976737
RM0110,2024-05,170339,154682,90.80832927280305
RM0110,2024-06,150957,268793,178.05931490424425
RM0110,2024-07,100008,54474,54.46964242860572
RM0110,2024-08,162626,84721,52.09560586868028
RM0110,2024-09,222008,108304,48.78382760981586
RM0110,2024-10,115599,173691,150.25302987050063
RM0110,2024-11,90527,94142,103.99328377169242
RM0110,2024-12,199393,260555,130.67409588099883
RM0111,2023-02,245464,392488,159.89635954763224
RM0111,2023-04,124849,169788,135.99468157534304
RM0111,2023-05,247613,185811,75.04089042174684
RM0111,2023-06,567045,906040,159.78273329277218
RM0111,2023-07,101344,133024,131.2598673823808
RM0111,2023-08,239771,227117,94.72246435140195
RM0111,2023-10,348982,466011,133.53439432406256
RM0111,2023-11,211009,133201,63.12574345170111
RM0111,2024-01,128597,122280,95.08775476877376
RM0111,2024-02,248447,304991,122.75897877615749
RM0111,2024-03,63465,48331,76.15378555109116
RM0111,2024-04,146096,205279,140.50966487788853
RM0111,2024-05,254134,263235,103.58118158137046
RM0111,2024-06,0,0,0.0
RM0111,2024-07,101988,69559,68.20312193591403
RM0111,2024-08,277820,158351,56.99769635015478
RM0111,2024-09,143801,187815,130.6075757470393
RM0111,2024-10,551947,992875,179.88593107671568
RM0112,2023-02,508392,700240,137.73623503123574
RM0112,2023-03,255823,368082,143.88151182653633
RM0112,2023-04,347734,600772,172.76769024599264
RM0112,2023-06,138509,156569,113.03886390054076
RM0112,2023-07,130809,129592,99.06963588132315
RM0112,2023-09,211740,309811,146.31670917162558
RM0112,2023-10,356662,351068,98.43156826350999
RM0112,2023-11,117735,208983,177.5028666072111
RM0112,2023-12,89572,56699,63.29991515205644
RM0112,2024-01,238504,135824,56.948311139435816
RM0112,2024-02,126476,93412,73.85749074923305
RM0112,2024-03,77716,90893,116.95532451490041
RM0112,2024-04,120143,119344,99.3349591736514
RM0112,2024-06,82697,120059,145.17938982067065
RM0112,2024-07,106687,86851,81.40729423453654
RM0112,2024-08,93583,89054,95.16044580746504
RM0112,2024-10,143424,156977,109.44960397144132
RM0112,2024-11,564292,935053,165.70374912279456
RM0112,2024-12,191007,68448,35.8353358777427
RM0113,2023-01,192113,83473,43.449948728092316
RM0113,2023-02,175286,92394,52.71042752986548
RM0113,2023-04,235859,208762,88.5113563612158
RM0113,2023-05,322743,553114,171.37908490656653
RM0113,2023-06,130963,129762,99.08294709192673
RM0113,2023-07,183793,109485,59.569733341313324
RM0113,2023-08,443279,420893,94.94990739466567
RM0113,2023-09,77375,111737,144.4096930533118
RM0113,2023-10,87106,44885,51.529171354441715
RM0113,2023-11,174129,227628,130.72377375394103
RM0113,2023-12,176443,226687,128.4760517560912
RM0113,2024-01,68413,69372,101.40178036338123
RM0113,2024-02,116245,204597,176.00498946191234
RM0113,2024-03,57634,43078,74.74407467814137
RM0113,2024-04,476740,846329,177.52422704199353
RM0113,2024-05,311361,128902,41.3995330179438
RM0113,2024-06,173609,156280,90.01837462343542
RM0113,2024-07,296334,113358,38.25345724756525
RM0113,2024-08,82934,85736,103.37859020425881
RM0113,2024-10,75733,101411,133.9059590931298
RM0113,2024-11,307860,417698,135.6779055414799
RM0114,2023-01,137048,221686,161.7579242309264
RM0114,2023-02,72220,49868,69.05012461921906
RM0114,2023-03,150866,59140,39.200349979451964
RM0114,2023-05,65086,58327,89.61527824724212
RM0114,2023-06,482056,448612,93.06221683787776
RM0114,2023-07,408571,408147,99.89622366736748
RM0114,2023-09,73000,41402,56.71506849315069
RM0114,2023-10,121112,74497,61.51083294801506
RM0114,2023-11,62993,82562,131.065356468179
RM0114,2023-12,180643,133123,73.69397098143853
RM0114,2024-01,276403,404632,146.39204350169862
RM0114,2024-02,151296,67296,44.47969543147208
RM0114,2024-03,426016,555094,130.29886201457222
RM0114,2024-04,92563,112527,121.56801313699859
RM0114,2024-05,127884,160241,125.30183603891025
RM0114,2024-06,146331,150458,102.8203183194265
RM0114,2024-07,249703,304784,122.0586056234807
RM0114,2024-08,62499,24878,39.805436886990194
RM0114,2024-09,104578,98864,94.53613570731893
RM0114,2024-10,127884,90616,70.85796503080917
RM0114,2024-11,98283,125526,127.71893409847075
RM0114,2024-12,82557,111964,135.62023813849825
RM0115,2023-01,272520,132575,48.64780566563922
RM0115,2023-02,207819,362052,174.2150621454246
RM0115,2023-04,82131,136662,166.3951492128429
RM0115,2023-05,189728,225096,118.64142351155338
RM0115,2023-06,57997,82497,142.2435643222925
RM0115,2023-07,147591,203935,138.17576952524206
RM0115,2023-08,298464,324040,108.56920767663772
RM0115,2023-09,95906,49138,51.23558484349259
RM0115,2023-10,76242,122017,160.0390860680465
RM0115,2023-11,69786,61205,87.70383744590605
RM0115,2023-12,111031,177447,159.81752843800382
RM0115,2024-01,147425,264579,179.46684754960148
RM0115,2024-02,250371,394681,157.6384645186543
RM0115,2024-03,65582,44573,67.9652953554329
RM0115,2024-04,71831,71502,99.54198048196461
RM0115,2024-05,240030,132879,55.359330083739536
RM0115,2024-06,70918,86655,122.1904171014411
RM0115,2024-07,89265,90959,101.89772027110288
RM0115,2024-08,57870,76441,132.09089338171765
RM0115,2024-09,166909,212163,127.11297773038001
RM0115,2024-10,98321,70585,71.79036014686588
RM0115,2024-11,292439,402935,137.78429005707173
RM0115,2024-12,0,0,0.0
RM0116,2023-01,198387,87501,44.106216637178846
RM0116,2023-02,340869,495916,145.48580246370307
RM0116,2023-03,183919,308596,167.7890810628592
RM0116,2023-04,77703,103343,132.9974389663205
RM0116,2023-05,544451,416512,76.50128294373599
RM0116,2023-06,52311,73355,140.22863260117376
RM0116,2023-07,51050,82129,160.87952987267386
RM0116,2023-08,58692,75075,127.91351461868739
RM0116,2023-09,121025,73221,60.50072299111754
RM0116,2023-10,392797,557523,141.9366746691039
RM0116,2023-11,112427,81647,72.6222348724061
RM0116,2023-12,249777,388367,155.48549305980936
RM0116,2024-01,238738,300806,125.99837478742386
RM0116,2024-02,88800,140233,157.92004504504504
RM0116,2024-03,257741,277306,107.59095370934388
RM0116,2024-04,157489,154553,98.13574281378382
RM0116,2024-05,176307,271938,154.24118157532033
RM0116,2024-06,253370,401431,158.43667363934168
RM0116,2024-07,156172,193180,123.69694951719899
RM0116,2024-08,339210,219970,64.84773444179122
RM0116,2024-09,138053,96541,69.93038905347946
RM0116,2024-10,195395,326841,167.2719363340925
RM0116,2024-11,52394,32424,61.88494865824331
RM0116,2024-12,90074,71151,78.99171792082066
RM0117,2023-01,99648,118103,118.52019107257547
RM0117,2023-02,375234,471093,125.54645900957802
RM0117,2023-03,91467,145947,159.56246515136607
RM0117,2023-04,105126,0,0.0
RM0117,2023-05,87069,45803,52.60540490875053
RM0117,2023-07,117334,174234,148.49404264748495
RM0117,2023-08,251445,292901,116.48710453578317
RM0117,2023-09,73457,110547,150.49212464434976
RM0117,2023-10,105126,153210,145.73939843616233
RM0117,2023-11,0,0,0.0
RM0117,2023-12,96013,59389,61.85516544634581
RM0117,2024-01,71046,47097,66.29085381302254
RM0117,2024-02,75765,92855,122.55658945423349
RM0117,2024-03,186987,220505,117.9253103156904
RM0117,2024-04,204037,310580,152.21748996505536
RM0117,2024-05,105126,106344,101.15860966839792
RM0117,2024-06,417233,269350,64.55625513801641
RM0117,2024-07,182927,76372,41.74998770001148
RM0117,2024-08,69199,88679,128.15069581930373
RM0117,2024-10,149999,215623,143.74962499749998
RM0117,2024-11,133184,65446,49.13953628063431
RM0118,2023-01,358421,152089,42.43306056285764
RM0118,2023-02,81416,58250,71.54613343814484
RM0118,2023-03,853411,789652,92.5289221723179
RM0118,2023-04,154485,224705,145.45425122180146
RM0118,2023-05,201761,315177,156.21304414629188
RM0118,2023-06,149956,263662,175.8262423644269
RM0118,2023-07,289043,260730,90.20457163812998
RM0118,2023-08,122013,206718,169.422930343488
RM0118,2023-09,222999,274768,123.21490230897896
RM0118,2023-10,262717,299825,114.1247045299695
RM0118,2023-11,76004,59193,77.88142729330035
RM0118,2023-12,172448,56433,32.7246474299499
RM0118,2024-01,136264,195362,143.37022250924676
RM0118,2024-02,76910,30520,39.682746066831356
RM0118,2024-03,321209,393773,122.59089876062004
RM0118,2024-04,79143,56795,71.76250584385227
RM0118,2024-05,296220,381292,128.71919519276213
RM0118,2024-06,110996,95933,86.42924069335832
RM0118,2024-07,75420,117118,155.2877220896314
RM0118,2024-08,156698,177935,113.5528213506235
RM0118,2024-09,372469,120585,32.374506334755374
RM0118,2024-10,60390,32753,54.23580062924324
RM0118,2024-11,54574,70249,128.7224685747792
RM0118,2024-12,200718,123683,61.6202831833717
RM0119,2023-02,74273,38512,51.851951584021116
RM0119,2023-03,509413,682744,134.02563342513832
RM0119,2023-04,182076,142698,78.37276741580439
RM0119,2023-05,135120,58656,43.41030195381882
RM0119,2023-06,994038,1424086,143.2627324106322
RM0119,2023-07,195712,231263,118.16495667102683
RM0119,2023-08,155272,106538,68.61378741820805
RM0119,2023-09,88503,99503,112.42895721049004
RM0119,2023-10,60917,25079,41.169131769456804
RM0119,2023-11,173424,291303,167.9715610296153
RM0119,2024-01,418486,132343,31.62423593620814
RM0119,2024-02,67041,78747,117.46095672797243
RM0119,2024-03,333051,576735,173.16717259518813
RM0119,2024-04,345542,454878,131.64188434401606
RM0119,2024-05,83570,34174,40.89266483187747
RM0119,2024-06,57302,69800,121.81075704163904
RM0119,2024-07,55528,78231,140.88567929693127
RM0119,2024-08,236964,99386,41.94139194139194
RM0119,2024-09,405665,439292,108.28935205156964
RM0119,2024-10,402197,664596,165.2414115470777
RM0119,2024-11,82916,72208,87.08572531236433
RM0119,2024-12,71689,104842,146.24558858402267
RM0120,2023-02,155214,262810,169.3210663986496
RM0120,2023-03,85019,75289,88.55549935896681
RM0120,2023-04,224889,401169,178.38533676613798
RM0120,2023-05,214214,86362,40.31575900734779
RM0120,2023-06,183164,104360,56.97626171081653
RM0120,2023-07,54646,43850,80.24375068623503
RM0120,2023-08,96408,142988,148.31549249024977
RM0120,2023-09,155214,0,0.0
RM0120,2023-11,248052,80457,32.43553770983503
RM0120,2024-01,52238,17968,34.39641640185306
RM0120,2024-02,87145,75030,86.09788283894659
RM0120,2024-03,190415,338723,177.8867211091563
RM0120,2024-04,115638,44345,38.34812085992494
RM0120,2024-05,82518,135888,164.6767977895732
RM0120,2024-06,0,0,0.0
RM0120,2024-07,284240,138212,48.625105544610186
RM0120,2024-08,71751,33605,46.83558417304288
RM0120,2024-09,341914,210260,61.494995817661746
RM0120,2024-11,204566,219754,107.42449869479778
RM0120,2024-12,167917,99600,59.31501872949136
RM0121,2023-01,201279,73396,36.46480755568142
RM0121,2023-02,804754,273727,34.01374830072295
RM0121,2023-03,57718,45422,78.6964205273918
RM0121,2023-04,317234,217553,68.5780843163091
RM0121,2023-05,145780,47665,32.69652901632597
RM0121,2023-06,62324,75533,121.19408253642257
RM0121,2023-07,82417,110552,134.1373745707803
RM0121,2023-08,280840,442463,157.54985044865404
RM0121,2023-09,71545,70347,98.32552938709902
RM0121,2023-11,490850,715720,145.81236630335133
RM0121,2023-12,68657,72347,105.37454301819189
RM0121,2024-03,433390,416079,96.00567618080711
RM0121,2024-04,322485,336598,104.37632758112781
RM0121,2024-05,66943,34929,52.17722540071404
RM0121,2024-06,57170,33900,59.296834003848176
RM0121,2024-07,386102,492394,127.52951292663597
RM0121,2024-08,251403,309852,123.2491259054188
RM0121,2024-09,123295,128437,104.1704854211444
RM0121,2024-10,86666,146328,168.84129877922138
RM0121,2024-11,158488,161919,102.16483266871941
RM0121,2024-12,882174,772691,87.58940979897389
RM0122,2023-01,338751,539805,159.3515591097886
RM0122,2023-03,89725,39681,44.22513234884369
RM0122,2023-04,607099,569972,93.88452295259916
RM0122,2023-05,50333,52775,104.85168775952158
RM0122,2023-06,194861,285302,146.41308419847994
RM0122,2023-07,479553,802175,167.27556703847125
RM0122,2023-08,472351,164466,34.818598880916944
RM0122,2023-09,236601,151137,63.87842823994827
RM0122,2023-10,81155,121771,150.04744008379026
RM0122,2023-11,130968,219358,167.489768493067
RM0122,2024-01,56504,84940,150.32564066260795
RM0122,2024-02,72072,40711,56.48656898656898
RM0122,2024-03,147326,131618,89.33793084723673
RM0122,2024-04,149880,256300,171.00346944222045
RM0122,2024-05,210673,154942,73.54620668049536
RM0122,2024-06,78476,72988,93.00677914266782
RM0122,2024-07,140123,168419,120.1936869750148
RM0122,2024-08,96387,139882,145.12537997862782
RM0122,2024-09,65547,74768,114.06776816635391
RM0122,2024-10,196538,119936,61.02433117259767
RM0123,2023-01,0,0,0.0
RM0123,2023-02,193345,245274,126.85820683234633
RM0123,2023-03,153296,255144,166.43878509550152
RM0123,2023-05,227590,198629,87.27492420580869
RM0123,2023-07,90890,36955,40.65903839806359
RM0123,2023-08,77113,137957,178.90238999909224
RM0123,2023-09,128325,211483,164.80264952269627
RM0123,2023-11,78052,73216,93.80413057961358
RM0123,2023-12,534788,233541,43.66982804400996
RM0123,2024-01,185204,310912,167.87542385693615
RM0123,2024-02,498412,782014,156.90111795061114
RM0123,2024-03,340623,435409,127.82724595814142
RM0123,2024-04,87350,121942,139.60160274756726
RM0123,2024-06,625151,680727,108.89001217305898
RM0123,2024-08,95307,110575,116.01980966770542
RM0123,2024-09,225973,138390,61.241829776123694
RM0123,2024-10,240511,284079,118.11476398168898
RM0123,2024-12,192147,145836,75.89814048619026
RM0124,2023-01,75310,93021,123.51746116053646
RM0124,2023-02,182367,147173,80.7015523641887
RM0124,2023-03,102623,101799,99.1970610876704
RM0124,2023-04,132119,0,0.0
RM0124,2023-05,150967,266038,176.22261818808084
RM0124,2023-06,266312,420136,157.76082189311785
RM0124,2023-07,155676,169560,108.91852308641023
RM0124,2023-08,84284,116444,138.15670827203266
RM0124,2023-09,132119,186772,141.36649535645896
RM0124,2023-10,128904,59653,46.27707441196549
RM0124,2023-11,78502,58405,74.39937835978702
RM0124,2024-01,300354,206620,68.79215858620161
RM0124,2024-02,96051,162715,169.40479536912682
RM0124,2024-03,210781,99375,47.1460900176012
RM0124,2024-04,73250,51901,70.85460750853242
RM0124,2024-05,185208,264706,142.92363180856117
RM0124,2024-06,98133,157597,160.59531452212815
RM0124,2024-07,67341,41172,61.13957321691095
RM0124,2024-08,578326,290387,50.21164533498408
RM0124,2024-09,378537,513259,135.59018008807593
RM0124,2024-10,132119,135220,102.34712645418145
RM0124,2024-11,61384,62952,102.55441157304834
RM0124,2024-12,159776,271333,169.82087422391348
RM0125,2023-01,131995,128054,97.01428084397136
RM0125,2023-02,67899,85468,125.87519698375529
RM0125,2023-03,85528,35605,41.629641754746984
RM0125,2023-04,917375,646239,70.44436571740019
RM0125,2023-05,72807,98233,134.9224662463774
RM0125,2023-06,308628,122252,39.61144160607593
RM0125,2023-07,66705,29034,43.52597256577468
RM0125,2023-08,57214,65680,114.79707763834026
RM0125,2023-09,211581,250188,118.24691252995308
RM0125,2023-10,213064,225528,105.84988548041903
RM0125,2023-11,305157,341776,112.00005243202679
RM0125,2023-12,426528,438672,102.84717533198288
RM0125,2024-01,284568,259252,91.10370807680414
RM0125,2024-02,135698,213519,157.34867131424193
RM0125,2024-03,67086,76972,114.73630861878783
RM0125,2024-04,244378,348392,142.562751147812
RM0125,2024-05,184287,179144,97.20924427659033
RM0125,2024-06,95324,158632,166.41349502748523
RM0125,2024-07,119254,178700,149.84822312039847
RM0125,2024-08,54826,35541,64.82508298982235
RM0125,2024-09,113601,148517,130.73564493270305
RM0125,2024-10,125624,116451,92.69805132777176
RM0125,2024-11,107701,106888,99.24513235717403
RM0126,2023-02,56336,31593,56.07959386537915
RM0126,2023-03,94996,53584,56.40658554044381
RM0126,2023-04,84171,122337,145.34340806215917
RM0126,2023-05,129662,117703,90.77678888186207
RM0126,2023-06,559908,543140,97.0052222865185
RM0126,2023-07,443952,332340,74.85944426424479
RM0126,2023-08,0,0,0.0
RM0126,2023-09,126780,113395,89.44234106325919
RM0126,2023-10,168474,198187,117.63654925982645
RM0126,2023-11,92777,138272,149.03693803421106
RM0126,2023-12,152933,47495,31.05608338291932
RM0126,2024-01,184230,275808,149.70851652825272
RM0126,2024-02,93245,33270,35.68019732961553
RM0126,2024-03,296898,523851,176.44140411858618
RM0126,2024-04,121776,132802,109.05432926028118
RM0126,2024-06,61948,105748,170.7044618066766
RM0126,2024-07,116773,199933,171.21509252995125
RM0126,2024-08,206976,338481,163.53635204081633
RM0126,2024-09,281149,96152,34.19965925541261
RM0126,2024-10,60152,65482,108.86088575608458
RM0126,2024-12,70823,70224,99.15422955819437
RM0127,2023-01,513936,381410,74.21352074966534
RM0127,2023-02,150682,132056,87.63886861071661
RM0127,2023-03,199067,117602,59.07659230309393
RM0127,2023-04,95153,151117,158.81475098000064
RM0127,2023-05,300168,445384,148.3782415180832
RM0127,2023-06,271052,268112,98.9153372784558
RM0127,2023-07,245785,216489,88.08063958337571
RM0127,2023-08,65922,58674,89.00518794939474
RM0127,2023-09,75914,67280,88.62660378849752
RM0127,2023-11,102950,123410,119.87372510927634
RM0127,2023-12,117304,87522,74.61126645297688
RM0127,2024-01,233417,249340,106.82169679157903
RM0127,2024-02,427910,186799,43.65380570680751
RM0127,2024-03,224573,293875,130.8594532735458
RM0127,2024-04,501251,429736,85.73269679262485
RM0127,2024-06,104671,58468,55.85883386993532
RM0127,2024-07,96241,101326,105.28361093504847
RM0127,2024-08,322758,234461,72.64297089460214
RM0127,2024-10,75750,53645,70.81848184818482
RM0127,2024-11,65958,111471,169.00300191030655
RM0127,2024-12,359091,428823,119.41903305847264
RM0128,2023-01,105332,70623,67.04800060760263
RM0128,2023-02,403710,122186,30.26578484555745
RM0128,2023-03,187660,314143,167.40008526057764
RM0128,2023-04,156561,47665,30.445002267486792
RM0128,2023-06,87052,146566,168.36603409456416
RM0128,2023-07,52575,46905,89.21540656205421
RM0128,2023-08,283914,442092,155.71334981719818
RM0128,2023-09,147400,95622,64.87245590230664
RM0128,2023-10,187332,97411,51.999124548929174
RM0128,2023-11,95933,65512,68.28932692608383
RM0128,2023-12,297226,157945,53.13969841130991
RM0128,2024-01,50830,40926,80.51544363564824
RM0128,2024-02,151288,205391,135.76159378139707
RM0128,2024-03,277881,359933,129.5277474890331
RM0128,2024-04,197729,256775,129.86208396340447
RM0128,2024-05,97520,85187,87.35336341263331
RM0128,2024-06,193737,77176,39.83544702354222
RM0128,2024-07,102502,93238,90.96212756824256
RM0128,2024-08,164355,169240,102.97222475738492
RM0128,2024-09,239947,242380,101.0139739192405
RM0128,2024-10,401714,349683,87.04775038958064
RM0128,2024-11,161783,49313,30.480952881328694
RM0128,2024-12,105763,169205,159.98506093813526
RM0129,2023-01,110874,75369,67.97716326641053
RM0129,2023-02,167637,199604,119.0691792384736
RM0129,2023-03,62300,68368,109.73996789727127
RM0129,2023-04,104288,91215,87.46452132555999
RM0129,2023-05,285075,368586,129.29439621152326
RM0129,2023-07,138617,161665,116.62710922902674
RM0129,2023-08,268416,380795,141.86747436814497
RM0129,2023-09,80744,60669,75.13747151491133
RM0129,2023-10,114211,66392,58.13100314330494
RM0129,2023-11,51835,29076,56.09337320343397
RM0129,2024-01,297729,333123,111.8879921001985
RM0129,2024-02,112704,136655,121.2512421919364
RM0129,2024-04,251965,209544,83.1639314984224
RM0129,2024-05,144124,57119,39.631844800310844
RM0129,2024-06,186356,155534,83.46068814527034
RM0129,2024-08,136932,92045,67.21949580813835
RM0129,2024-09,135247,126307,93.38987186407091
RM0129,2024-10,200117,231875,115.86971621601363
RM0129,2024-11,132254,43039,32.54268301903912
RM0130,2023-01,195518,316615,161.9364968954265
RM0130,2023-03,270159,478836,177.24229065106104
RM0130,2023-04,72462,45924,63.37666639065993
RM0130,2023-05,166240,108691,65.38197786333012
RM0130,2023-06,55274,49936,90.3426565835655
RM0130,2023-07,100876,70173,69.56362266545065
RM0130,2023-08,509193,334886,65.76798974062879
RM0130,2023-09,70791,34544,48.79716348123349
RM0130,2023-10,296235,406515,137.22720137728493
RM0130,2023-11,70800,44577,62.96186440677967
RM0130,2024-01,256358,182507,71.19223897830378
RM0130,2024-02,648839,720766,111.0854927031205
RM0130,2024-03,81980,130201,158.82044401073432
RM0130,2024-04,107733,78991,73.32108082017581
RM0130,2024-05,109499,159024,145.22872354998674
RM0130,2024-06,78531,68532,87.267448523513
RM0130,2024-07,54697,84230,153.9938205020385
RM0130,2024-08,112490,90926,80.83029602631345
RM0130,2024-10,92787,108545,116.98298252988026
RM0130,2024-11,233112,260754,111.85781941727582
RM0130,2024-12,301413,247664,82.16765700218637
RM0131,2023-01,300937,300130,99.73183756068545
RM0131,2023-02,65994,103575,156.9460860078189
RM0131,2023-03,168989,203412,120.36996490895856
RM0131,2023-04,465867,530495,113.87262888335084
RM0131,2023-05,50839,81643,160.59127834929876
RM0131,2023-06,100268,105547,105.26489009454663
RM0131,2023-08,84390,62910,74.54674724493422
RM0131,2023-09,224064,211597,94.43596472436447
RM0131,2023-10,197979,132849,67.10257148485445
RM0131,2023-11,310229,251668,81.12329924023867
RM0131,2024-02,176017,258108,146.63810881903453
RM0131,2024-04,238354,264516,110.97611116238872
RM0131,2024-06,122526,111652,91.12514894797839
RM0131,2024-07,135145,111260,82.32639017351734
RM0131,2024-08,230134,151277,65.73431131427778
RM0131,2024-09,70100,122757,175.11697574893012
RM0131,2024-10,276429,206560,74.72443195178509
RM0131,2024-11,56521,77261,136.69432600272464
RM0131,2024-12,248841,434335,174.5431821926451
RM0132,2023-01,93895,39819,42.408008946163264
RM0132,2023-02,420003,288950,68.79712763956448
RM0132,2023-03,241767,94528,39.09880173886428
RM0132,2023-04,264433,129714,49.05363551447815
RM0132,2023-05,228405,250906,109.85136052188
RM0132,2023-06,516799,183658,35.53760746441073
RM0132,2023-07,101807,41156,40.42551101594193
RM0132,2023-08,367039,437089,119.0851653366536
RM0132,2023-09,164847,81959,49.71822356488138
RM0132,2023-12,150717,135352,89.80539686962985
RM0132,2024-01,106915,155912,145.8279942010008
RM0132,2024-02,59485,75547,127.00176515087837
RM0132,2024-03,309734,514456,166.0960695306295
RM0132,2024-04,255513,184910,72.36813782468994
RM0132,2024-05,187634,96088,51.210335013910054
RM0132,2024-07,68674,86387,125.79287648891867
RM0132,2024-08,335679,134564,40.08710702784505
RM0132,2024-09,66808,76723,114.8410370015567
RM0132,2024-10,86925,105850,121.77164222030486
RM0132,2024-12,187634,0,0.0
RM0133,2023-02,0,0,0.0
RM0133,2023-03,168308,268163,159.32873066045582
RM0133,2023-05,223335,341275,152.80856113014082
RM0133,2023-06,96455,91649,95.01736561090665
RM0133,2023-07,145564,0,0.0
RM0133,2023-08,120990,191003,157.86676584841723
RM0133,2023-09,145564,102154,70.17806600533099
RM0133,2023-11,145564,144663,99.38102827622214
RM0133,2023-12,95218,109643,115.14944653321851
RM0133,2024-01,62345,105680,169.50838078434518
RM0133,2024-02,97507,78340,80.34294973694196
RM0133,2024-04,89849,27360,30.451090162383554
RM0133,2024-05,226916,269083,118.58264732323856
RM0133,2024-06,298829,108031,36.15144447158743
RM0133,2024-07,446035,355191,79.63298844261101
RM0133,2024-09,416397,191832,46.069496177926354
RM0133,2024-10,254340,297332,116.90335771015177
RM0133,2024-11,116519,48788,41.87128279508063
RM0133,2024-12,189230,64273,33.965544575384456
RM0134,2023-01,154357,186202,120.63074560920464
RM0134,2023-02,247808,442833,178.7000419679752
RM0134,2023-03,95184,74584,78.35770717767691
RM0134,2023-04,112587,157326,139.73726984465347
RM0134,2023-05,452838,797667,176.14842393968704
RM0134,2023-06,487292,788962,161.90743948187122
RM0134,2023-07,756202,653296,86.3917313098881
RM0134,2023-08,494406,712701,144.15298358029636
RM0134,2023-09,77671,28598,36.81940492590542
RM0134,2023-10,86212,126570,146.812508699485
RM0134,2023-11,199827,127196,63.65305989681074
RM0134,2023-12,253173,129620,51.19819254027879
RM0134,2024-01,308762,460438,149.12392068972218
RM0134,2024-02,589450,309708,52.54186105691746
RM0134,2024-03,405650,329247,81.1652902748675
RM0134,2024-04,130693,131041,100.26627286847804
RM0134,2024-05,197887,354642,179.21440013745217
RM0134,2024-06,187428,316767,169.00729880274025
RM0134,2024-07,94161,84520,89.76115376854537
RM0134,2024-08,198857,100468,50.52273744449529
RM0134,2024-10,155328,121831,78.43466728471363
RM0134,2024-11,614974,853906,138.85237424671612
RM0134,2024-12,147766,210855,142.69520728719732
RM0135,2023-02,144509,47086,32.58343770976202
RM0135,2023-03,167524,207357,123.77748859864855
RM0135,2023-04,646143,233379,36.11878485103143
RM0135,2023-05,157645,70503,44.72263630308605
RM0135,2023-06,74200,90204,121.5687331536388
RM0135,2023-07,89510,127440,142.37515361412133
RM0135,2023-08,158293,99300,62.731769566563266
RM0135,2023-09,152121,45837,30.131934446920543
RM0135,2023-10,347881,110980,31.901713516978507
RM0135,2023-11,51055,62147,121.72559004994613
RM0135,2023-12,594710,941961,158.38997158278823
RM0135,2024-01,93556,55665,59.49912351960324
RM0135,2024-02,197569,303062,153.39552257692247
RM0135,2024-03,117431,111387,94.85314780594561
RM0135,2024-04,68408,36204,52.923634662612564
RM0135,2024-05,176021,79910,45.39799228501145
RM0135,2024-06,83855,54674,65.20064396875559
RM0135,2024-07,152121,124025,81.53049217399307
RM0135,2024-09,138027,50851,36.8413426358611
RM0135,2024-10,153903,260559,169.30079335685463
RM0135,2024-11,53715,66954,124.64674671879364
RM0135,2024-12,321039,246779,76.868853939864
RM0136,2023-01,71151,25970,36.499838371913256
RM0136,2023-02,204882,231178,112.83470485450162
RM0136,2023-03,89067,137824,154.74193584604848
RM0136,2023-04,249490,178296,71.46418694136038
RM0136,2023-05,259975,173531,66.74911049139341
RM0136,2023-06,218713,104504,47.78133901505626
RM0136,2023-07,226764,149247,65.81600254008573
RM0136,2023-08,177459,99145,55.86924303641968
RM0136,2023-09,244175,95550,39.13177024674926
RM0136,2023-11,77123,44438,57.619646538646066
RM0136,2024-01,56333,79853,141.751726341576
RM0136,2024-02,644122,945311,146.75962007197393
RM0136,2024-03,345595,106792,30.900910024739943
RM0136,2024-04,68812,78344,113.85223507527758
RM0136,2024-05,621615,802548,129.10692309548514
RM0136,2024-06,120293,62459,51.922389498973345
RM0136,2024-07,74879,63207,84.41218499178676
RM0136,2024-08,237665,82642,34.7724738602655
RM0136,2024-09,336761,576645,171.23271400191828
RM0136,2024-10,379485,633565,166.95389804603607
RM0136,2024-11,52318,92429,176.66768607362667
RM0136,2024-12,118440,189968,160.39175954069572
RM0137,2023-01,81018,78570,96.97844923350367
RM0137,2023-02,56775,20445,36.010568031704096
RM0137,2023-03,480433,728293,151.59096065424316
RM0137,2023-04,163197,177588,108.81817680472068
RM0137,2023-05,257198,208974,81.25024300344482
RM0137,2023-06,265240,272537,102.75109334941939
RM0137,2023-07,202382,353610,174.72403672263343
RM0137,2023-08,145604,135063,92.76050108513503
RM0137,2023-09,404269,668608,165.3869082220007
RM0137,2023-10,782310,881111,112.62939244033696
RM0137,2023-11,113298,74842,66.05765326837191
RM0137,2023-12,55203,76737,139.00874952448237
RM0137,2024-01,89883,108754,120.99507137055951
RM0137,2024-02,422602,729123,172.53183846739958
RM0137,2024-06,50662,39294,77.56109115313252
RM0137,2024-07,322449,356199,110.46677148944484
RM0137,2024-08,297155,469500,157.9983510289243
RM0137,2024-09,137677,115438,83.84697516651293
RM0137,2024-10,141164,180575,127.91859114221755
RM0137,2024-11,118630,173494,146.24799797690298
RM0137,2024-12,401499,338213,84.23756970752106
RM0138,2023-01,99757,174323,174.74763675732027
RM0138,2023-02,196217,317332,161.72502892206077
RM0138,2023-03,66458,45008,67.72397604502092
RM0138,2023-04,108074,81513,75.42332105779373
RM0138,2023-05,78286,125437,160.22915974759215
RM0138,2023-06,131350,90668,69.02778835173201
RM0138,2023-08,545054,640552,117.52083279821817
RM0138,2023-09,72343,80941,111.8850476203641
RM0138,2023-10,806438,711501,88.2276132821122
RM0138,2023-11,174920,52966,30.280128058541045
RM0138,2023-12,455638,297231,65.23402350111273
RM0138,2024-01,224967,241304,107.26195397547195
RM0138,2024-02,109052,78949,72.39573781315336
RM0138,2024-04,446254,744302,166.78886911938045
RM0138,2024-05,157965,108639,68.77409552749026
RM0138,2024-06,66194,35404,53.485210139891834
RM0138,2024-07,160800,122488,76.17412935323384
RM0138,2024-08,56446,55472,98.27445700315346
RM0138,2024-09,255674,418677,163.75423390724123
RM0138,2024-10,182024,252091,138.4932756120072
RM0138,2024-11,117900,123129,104.43511450381679
RM0138,2024-12,246192,342573,139.14871319945408
RM0139,2023-01,132884,148232,111.54992324132327
RM0139,2023-02,436268,544460,124.7994352095501
RM0139,2023-03,204324,301772,147.69287993578826
RM0139,2023-04,68362,74126,108.43158479857232
RM0139,2023-05,530715,447122,84.24898486004729
RM0139,2023-06,102417,123085,120.18024351426033
RM0139,2023-07,87484,99199,113.39102007224177
RM0139,2023-08,75378,45845,60.82013319536205
RM0139,2023-09,180051,216703,120.35645456009686
RM0139,2023-10,131295,114767,87.41155413382079
RM0139,2023-11,92246,73463,79.63814149122997
RM0139,2023-12,153476,103057,67.14860955458833
RM0139,2024-01,279064,380518,136.35510133876102
RM0139,2024-02,97064,43305,44.61489326629852
RM0139,2024-03,153476,0,0.0
RM0139,2024-04,186218,114905,61.704561320602735
RM0139,2024-05,51899,43523,83.86096071215246
RM0139,2024-06,540519,721546,133.49132962948573
RM0139,2024-07,342539,177129,51.71060813513206
RM0139,2024-08,61416,19486,31.72788849811124
RM0139,2024-09,517387,388197,75.03029647053367
RM0139,2024-10,142290,126892,89.17843840044979
RM0139,2024-11,246654,188677,76.49460377695071
RM0139,2024-12,165003,295911,179.33673933201214
RM0140,2023-01,138065,155586,112.69039944953462
RM0140,2023-02,154732,232837,150.47759997931908
RM0140,2023-03,96558,53653,55.56556680958595
RM0140,2023-04,260420,240478,92.34237001766378
RM0140,2023-05,417534,528697,126.62370010585964
RM0140,2023-06,174635,70846,40.568041915996226
RM0140,2023-07,246629,327784,132.90570046507102
RM0140,2023-09,203277,142672,70.18600235147115
RM0140,2023-10,489883,383324,78.24807147829176
RM0140,2023-11,74772,133154,178.0800299577382
RM0140,2024-01,255708,235808,92.2176857978632
RM0140,2024-02,462135,201803,43.667543033961934
RM0140,2024-04,63761,84398,132.36617995326296
RM0140,2024-05,79397,133046,167.57056311951334
RM0140,2024-06,325224,247024,75.95503406882641
RM0140,2024-07,379517,138270,36.43315055715554
RM0140,2024-08,169322,288413,170.33403810491254
RM0140,2024-09,340049,283638,83.41092019091366
RM0140,2024-10,80293,58334,72.65141419550895
RM0140,2024-11,85461,91593,107.17520272404957
RM0140,2024-12,186238,65038,34.921981550489164
RM0141,2023-01,130050,201002,154.55747789311803
RM0141,2023-02,138136,76494,55.37586146985579
RM0141,2023-03,514698,359986,69.94120824250338
RM0141,2023-04,290241,171442,59.06884278926823
RM0141,2023-05,132531,137253,103.56293999139822
RM0141,2023-06,154162,165679,107.47071262697683
RM0141,2023-07,88223,94740,107.38696258345331
RM0141,2023-08,148583,91093,61.30782121777054
RM0141,2023-09,715841,1144160,159.83437662832947
RM0141,2023-10,377822,501882,132.8355680717375
RM0141,2023-11,76134,87716,115.21265137783384
RM0141,2023-12,308424,110448,35.810442767099836
RM0141,2024-02,152730,136568,89.4179270608263
RM0141,2024-03,85762,74387,86.7365499871738
RM0141,2024-04,665636,921815,138.48634989694065
RM0141,2024-05,103402,124912,120.80230556468928
RM0141,2024-06,92485,112486,121.62620965561983
RM0141,2024-07,389745,442483,113.5314115639713
RM0141,2024-08,248267,243303,98.00053974148798
RM0141,2024-10,161389,216682,134.2606993041657
RM0141,2024-11,301020,388068,128.9176798883795
RM0141,2024-12,619082,947030,152.97327333051197
RM0142,2023-01,275195,431410,156.76520285615655
RM0142,2023-02,99528,94359,94.80648661683145
RM0142,2023-03,174676,173554,99.357667910875
RM0142,2023-04,332047,113096,34.06023846021798
RM0142,2023-05,85201,138243,162.2551378504947
RM0142,2023-06,59137,37876,64.0478888005817
RM0142,2023-07,114906,163868,142.61048161105597
RM0142,2023-09,173208,299980,173.19061475220545
RM0142,2023-10,88791,142791,160.81697469338107
RM0142,2023-11,99883,66746,66.82418429562588
RM0142,2023-12,153485,62438,40.68019676189856
RM0142,2024-01,122751,102314,83.35084846559295
RM0142,2024-02,76171,121202,159.11829961533917
RM0142,2024-03,123137,218307,177.2878988443766
RM0142,2024-04,394950,233895,59.2214204329662
RM0142,2024-05,155516,187040,120.27058309112888
RM0142,2024-06,306356,498889,162.84616589849716
RM0142,2024-08,196732,69387,35.269808673728726
RM0142,2024-09,148457,241570,162.72051839926712
RM0142,2024-10,237811,381737,160.52117017295245
RM0142,2024-11,218165,79859,36.60486329154539
RM0142,2024-12,566334,949757,167.70262777795435
RM0143,2023-01,70300,32973,46.90327169274538
RM0143,2023-02,166179,238562,143.55724850913774
RM0143,2023-03,122232,61674,50.45650893383075
RM0143,2023-04,157172,126735,80.63459140304889
RM0143,2023-05,115026,145792,126.74699633126423
RM0143,2023-06,375218,426955,113.7885176084303
RM0143,2023-07,224521,224356,99.9265102150801
RM0143,2023-08,211798,238636,112.67150775739148
RM0143,2023-09,105824,91716,86.66843060175385
RM0143,2023-10,106904,179197,167.62422360248448
RM0143,2023-12,312839,365715,116.90198472696818
RM0143,2024-01,414978,676253,162.96116902582787
RM0143,2024-02,444028,280919,63.2660552938103
RM0143,2024-03,239613,290851,121.38364779874213
RM0143,2024-04,248543,172754,69.50668495994657
RM0143,2024-05,228022,208581,91.47406829165607
RM0143,2024-06,319448,476951,149.30473817334902
RM0143,2024-07,0,0,0.0
RM0143,2024-08,211798,235445,111.16488352109084
RM0143,2024-09,80474,110780,137.65936824315926
RM0143,2024-10,169934,193012,113.58056657290479
RM0143,2024-12,259460,410584,158.24558698836043
RM0144,2023-01,90961,103086,113.32988863359022
RM0144,2023-02,314874,506692,160.91897076290834
RM0144,2023-03,100827,46000,45.62270026877721
RM0144,2023-04,89755,154221,171.82441089632889
RM0144,2023-05,143118,132793,92.78567336044384
RM0144,2023-06,51975,19569,37.65079365079365
RM0144,2023-07,215707,255556,118.47367030277181
RM0144,2023-08,178536,83105,46.54803513016982
RM0144,2023-09,115093,174773,151.8537182973769
RM0144,2023-10,78839,128036,162.40185694897195
RM0144,2023-11,69427,38443,55.37182940354617
RM0144,2024-01,147441,253296,171.79481962276435
RM0144,2024-02,109970,141567,128.7323815586069
RM0144,2024-03,183254,96104,52.44305717746952
RM0144,2024-04,92786,157293,169.52234173258898
RM0144,2024-05,80653,108277,134.25043085812058
RM0144,2024-06,551557,264338,47.92578101628662
RM0144,2024-07,126419,80389,63.5893338817741
RM0144,2024-08,87569,41899,47.84684077698729
RM0144,2024-09,207281,294238,141.95126422585764
RM0144,2024-10,219419,370156,168.69824399892443
RM0144,2024-11,73617,57404,77.9765543284839
RM0144,2024-12,113370,73477,64.8116785745788
RM0145,2023-01,73008,75202,103.00515012053472
RM0145,2023-02,319762,291803,91.25630938010146
RM0145,2023-03,513637,253742,49.40103614030921
RM0145,2023-05,309874,476236,153.68698245093165
RM0145,2023-06,123893,57615,46.50383798923264
RM0145,2023-07,740895,950856,128.33883343793656
RM0145,2023-08,654247,670919,102.54827305283784
RM0145,2023-09,125426,84133,67.07779886148008
RM0145,2023-10,666315,453018,67.98856396749285
RM0145,2023-12,53607,57289,106.86850597869682
RM0145,2024-01,120993,83736,69.20730951377352
RM0145,2024-02,201017,170141,84.64010506574071
RM0145,2024-03,127187,42552,33.45624945945733
RM0145,2024-04,183400,88601,48.3102508178844
RM0145,2024-06,86082,118421,137.56766803745265
RM0145,2024-07,106366,57949,54.48075512851851
RM0145,2024-08,179207,111530,62.235292148186176
RM0145,2024-09,97407,120006,123.20059133327173
RM0145,2024-10,251981,355164,140.94872232430222
RM0145,2024-11,148737,145977,98.14437564291333
RM0145,2024-12,282424,166503,58.95497549783304
RM0146,2023-02,74767,96975,129.70294381210962
RM0146,2023-03,129019,176110,136.49927530053714
RM0146,2023-04,94478,74383,78.73049810537903
RM0146,2023-05,390485,364121,93.24839622520712
RM0146,2023-06,184088,84684,46.00191212898179
RM0146,2023-07,79553,28148,35.3827008409488
RM0146,2023-08,132843,236909,178.33758647425907
RM0146,2023-09,360570,450482,124.93607343927671
RM0146,2023-11,346096,412288,119.12532938837779
RM0146,2023-12,119012,66684,56.03132457231204
RM0146,2024-01,208785,123094,58.95730057235913
RM0146,2024-02,131045,201639,153.87004464115378
RM0146,2024-03,70756,34920,49.35270507094805
RM0146,2024-04,88118,99386,112.78739871535895
RM0146,2024-05,93497,98620,105.47932019209172
RM0146,2024-06,103926,110095,105.93595442911304
RM0146,2024-08,98782,174845,177.0008706039562
RM0146,2024-10,151803,214871,141.54595100228588
RM0146,2024-11,230869,239143,103.58385058193174
RM0146,2024-12,90941,96950,106.60758073916054
RM0147,2023-01,221371,219130,98.98767227866342
RM0147,2023-02,62821,20540,32.69607296923003
RM0147,2023-04,109597,57575,52.53337226383934
RM0147,2023-05,404972,228302,56.374761711920826
RM0147,2023-06,125201,171289,136.81120757821424
RM0147,2023-07,303452,308480,101.65693421035287
RM0147,2023-08,79975,56489,70.63332291341044
RM0147,2023-09,131442,111317,84.68906437820483
RM0147,2023-10,114311,56901,49.77736175871089
RM0147,2023-11,416812,143647,34.463259215185744
RM0147,2023-12,136973,242508,177.04803136384544
RM0147,2024-02,211699,176369,83.31121072843992
RM0147,2024-04,73690,40705,55.23815985886823
RM0147,2024-05,548105,175930,32.09786446027677
RM0147,2024-06,221566,358982,162.02034608198008
RM0147,2024-07,53822,74692,138.7759652186838
RM0147,2024-09,1063611,1339579,125.94632812184155
RM0147,2024-10,130339,210054,161.15974497272495
RM0147,2024-11,171175,243780,142.41565649189428
RM0147,2024-12,182929,65385,35.7433758452733
RM0148,2023-01,85956,35942,41.814416678300525
RM0148,2023-02,66922,21623,32.31074982815815
RM0148,2023-03,132010,74978,56.79721233239906
RM0148,2023-04,340375,485053,142.50547190598604
RM0148,2023-05,177707,183665,103.35270979758818
RM0148,2023-07,94330,95502,101.24244672956641
RM0148,2023-08,203760,300208,147.3341185708677
RM0148,2023-10,62781,85551,136.26893486882975
RM0148,2023-11,253644,288763,113.84578385453628
RM0148,2023-12,86180,95554,110.87723369691345
RM0148,2024-01,154785,156884,101.35607455502796
RM0148,2024-02,142605,66487,46.62318993022685
RM0148,2024-03,80297,78299,97.5117376738857
RM0148,2024-04,65360,43380,66.37086903304773
RM0148,2024-05,95872,64005,66.76088951935914
RM0148,2024-06,85534,96509,112.8311548623939
RM0148,2024-07,249442,381109,152.78461526126316
RM0148,2024-08,109425,82910,75.76879140964131
RM0148,2024-09,328715,406254,123.58851892977198
RM0148,2024-10,102101,139921,137.04175277421376
RM0148,2024-11,113374,133762,117.98295905586819
RM0148,2024-12,786632,591855,75.23912070701421
RM0149,2023-01,450020,351455,78.09764010488422
RM0149,2023-02,166572,164902,98.99743054054703
RM0149,2023-03,279289,238239,85.30196319940993
RM0149,2023-04,59455,73764,124.0669413842402
RM0149,2023-05,264484,266657,100.82159979431648
RM0149,2023-06,66688,44494,66.71964971209214
RM0149,2023-07,220761,362744,164.3152549589828
RM0149,2023-08,132125,150704,114.06168401135288
RM0149,2023-09,88890,81629,91.83147710653617
RM0149,2023-10,111599,143213,128.32821082626188
RM0149,2023-11,676975,1028971,151.99542080579047
RM0149,2023-12,82009,95664,116.650611518248
RM0149,2024-02,111599,94366,84.55810535936702
RM0149,2024-03,111599,0,0.0
RM0149,2024-04,92536,51665,55.83232471686696
RM0149,2024-05,111318,146741,131.82144846296197
RM0149,2024-06,153790,261345,169.93627674101046
RM0149,2024-08,85881,72682,84.63105925641294
RM0149,2024-09,110038,71958,65.39377306021557
RM0149,2024-11,0,0,0.0
RM0149,2024-12,123463,211215,171.07554490009153
RM0150,2023-01,124260,75318,60.61323032351521
RM0150,2023-02,69039,109312,158.3336954475007
RM0150,2023-03,54893,65541,119.39773741642831
RM0150,2023-04,550288,510274,92.72853487628296
RM0150,2023-06,92628,113577,122.61627153776395
RM0150,2023-07,71392,29143,40.82110040340655
RM0150,2023-08,313850,294079,93.70049386649674
RM0150,2023-09,159551,90153,56.50418988285877
RM0150,2023-10,59508,50680,85.16501982926665
RM0150,2023-11,155827,147320,94.54074069320464
RM0150,2023-12,267500,281297,105.1577570093458
RM0150,2024-01,155827,165834,106.42186527366889
RM0150,2024-03,278838,131931,47.31456975017752
RM0150,2024-04,59915,32251,53.82792289076191
RM0150,2024-05,155827,148432,95.25435258331355
RM0150,2024-06,271769,391074,143.89941457634976
RM0150,2024-07,72862,25245,34.647690153989736
RM0150,2024-08,223411,353642,158.29211632372622
RM0150,2024-10,260429,157350,60.419538530655196
RM0150,2024-11,181476,260608,143.60466397760584
RM0150,2024-12,94322,102960,109.15799071266512
RM0151,2023-02,106632,68069,63.83543401605522
RM0151,2023-04,573944,957839,166.887187600184
RM0151,2023-05,138498,69964,50.51625294228076
RM0151,2023-06,245241,167634,68.35480201108297
RM0151,2023-07,77681,67760,87.2285372227443
RM0151,2023-08,163205,72815,44.61566741215036
RM0151,2023-09,177205,57241,32.302135944245364
RM0151,2023-10,383661,644977,168.11117105986796
RM0151,2023-11,248115,248071,99.98226628781009
RM0151,2024-01,94134,133309,141.61620668408864
RM0151,2024-02,452790,243510,53.77989796594448
RM0151,2024-03,144053,111337,77.28891449674774
RM0151,2024-04,116181,105566,90.86339418665703
RM0151,2024-05,504848,347313,68.79555826704275
RM0151,2024-06,151790,262176,172.72284076684895
RM0151,2024-07,146955,234451,159.5393147562179
RM0151,2024-08,59084,102188,172.95376074741046
RM0151,2024-09,81151,143629,176.98980912126777
RM0151,2024-10,78960,76318,96.65400202634245
RM0151,2024-11,105358,100073,94.98376962356916
RM0151,2024-12,93257,163011,174.7976023247585
RM0152,2023-01,104733,134049,127.9911775658102
RM0152,2023-02,72178,110907,153.65762420682202
RM0152,2023-03,167299,295980,176.91677774523458
RM0152,2023-04,132591,78649,59.31699738292946
RM0152,2023-05,132513,86748,65.46376581920265
RM0152,2023-07,113701,159800,140.54405853950274
RM0152,2023-08,211427,310273,146.75183396633352
RM0152,2023-09,61446,71925,117.053998632946
RM0152,2023-10,453609,209500,46.1851506473637
RM0152,2023-11,64862,89179,137.49036415775032
RM0152,2023-12,106790,137531,128.78640322127538
RM0152,2024-01,168245,299324,177.9095961246991
RM0152,2024-02,379810,500251,131.71085542771385
RM0152,2024-03,95505,66171,69.28537772891472
RM0152,2024-04,370870,436889,117.80111629411923
RM0152,2024-05,283585,276437,97.47941534284253
RM0152,2024-06,66317,52989,79.90258907972316
RM0152,2024-07,76358,112456,147.27467979779462
RM0152,2024-08,230852,99871,43.26191672586766
RM0152,2024-09,195685,315288,161.12016761632216
RM0152,2024-10,229283,244568,106.66643405747482
RM0152,2024-11,106065,172954,163.06415877056523
RM0152,2024-12,132436,209658,158.3089190250385
RM0153,2023-01,279178,425562,152.4339310404115
RM0153,2023-02,737768,1049945,142.31370837444834
RM0153,2023-03,55195,33566,60.81347948183712
RM0153,2023-04,55374,32386,58.48593202586051
RM0153,2023-05,59511,62630,105.24104787350237
RM0153,2023-06,0,0,0.0
RM0153,2023-09,145963,240585,164.8260175523934
RM0153,2023-10,257092,441152,171.59304840290633
RM0153,2023-11,88552,97108,109.66211943264975
RM0153,2023-12,107536,111915,104.0721246838268
RM0153,2024-01,172153,60990,35.42778807223807
RM0153,2024-02,89840,121927,135.71571682991984
RM0153,2024-03,272373,314366,115.4174606146718
RM0153,2024-04,97377,88381,90.76167883586473
RM0153,2024-05,65144,112684,172.97678988087927
RM0153,2024-06,354514,141239,39.84017556429365
RM0153,2024-08,77316,90586,117.16332971183196
RM0153,2024-09,89678,152596,170.15990543946117
RM0153,2024-10,261336,185532,70.99366332996601
RM0153,2024-11,50918,76334,149.91555049294945
RM0153,2024-12,132770,167763,126.35610454168864
RM0154,2023-01,100735,51809,51.43098228024024
RM0154,2023-02,218733,213371,97.54860949193765
RM0154,2023-03,90215,45688,50.64346283877404
RM0154,2023-04,180296,250309,138.83225362736832
RM0154,2023-05,100087,140393,140.27096426109284
RM0154,2023-07,80339,64883,80.7615230460922
RM0154,2023-08,254904,328881,129.0215139817343
RM0154,2023-09,97314,47022,48.319871755348665
RM0154,2023-10,56510,87978,155.68571934170942
RM0154,2023-11,61717,29146,47.225237778893984
RM0154,2023-12,90714,87856,96.84943889587055
RM0154,2024-01,115574,80769,69.88509526364061
RM0154,2024-02,283945,190589,67.1218017573826
RM0154,2024-03,167627,73011,43.55563244584703
RM0154,2024-04,143686,81392,56.64574140834876
RM0154,2024-05,85584,72767,85.02406991961115
RM0154,2024-07,264912,375109,141.59758712327113
RM0154,2024-08,130414,62338,47.800082813194905
RM0154,2024-10,99419,105188,105.8027137669862
RM0154,2024-11,355355,622717,175.23800143518454
RM0154,2024-12,202197,167020,82.60261032557358
RM0155,2023-02,227357,182873,80.43429496342756
RM0155,2023-03,197313,131341,66.56479806196246
RM0155,2023-04,96589,93304,96.59899160359875
RM0155,2023-05,61730,57421,93.01960149036125
RM0155,2023-06,194418,288359,148.31908568136697
RM0155,2023-07,299385,535499,178.8663426691384
RM0155,2023-08,63777,66309,103.97008325885508
RM0155,2023-09,160525,241879,150.67995639308518
RM0155,2023-10,96460,38975,40.40534936761352
RM0155,2023-11,106478,189093,177.58879768590694
RM0155,2023-12,394551,352282,89.28680956327572
RM0155,2024-01,363450,126891,34.912917870408585
RM0155,2024-02,106576,148163,139.0209803332833
RM0155,2024-03,87548,52317,59.758075569973045
RM0155,2024-04,346866,424540,122.39308551429082
RM0155,2024-05,726789,364851,50.200402042408456
RM0155,2024-06,116038,88980,76.6817766593702
RM0155,2024-07,368204,251462,68.29420647249894
RM0155,2024-08,115418,59353,51.424387877107556
RM0155,2024-09,274015,179905,65.65516486323742
RM0155,2024-10,60614,57744,95.26512026924473
RM0155,2024-11,124503,70520,56.64120543280081
RM0155,2024-12,71510,117622,164.48328905048243
RM0156,2023-02,60538,27179,44.895767947404934
RM0156,2023-03,92165,159377,172.9257310258775
RM0156,2023-04,63387,96603,152.40191206398788
RM0156,2023-05,383916,332779,86.68015920149199
RM0156,2023-06,102198,134499,131.60629366523807
RM0156,2023-07,231919,189999,81.92472371819471
RM0156,2023-08,277103,428359,154.58475729241474
RM0156,2023-09,96877,128889,133.04396296334525
RM0156,2023-10,71737,76478,106.60886292986882
RM0156,2023-11,192355,104371,54.259572145252264
RM0156,2023-12,61938,36674,59.21082372695275
RM0156,2024-01,131861,215165,163.17561674793913
RM0156,2024-02,163865,128313,78.30409178287005
RM0156,2024-03,257042,144256,56.1215676815462
RM0156,2024-04,66803,44051,65.94164932712603
RM0156,2024-05,106505,119514,112.21445002582038
RM0156,2024-06,369601,347106,93.9137069434336
RM0156,2024-07,159720,49021,30.691835712496868
RM0156,2024-08,55081,23445,42.56458669958788
RM0156,2024-09,230093,236831,102.92838113284628
RM0156,2024-10,82157,97676,118.88944338279148
RM0156,2024-11,104351,0,0.0
RM0156,2024-12,63948,80614,126.0618002126728
RM0157,2023-01,268607,196037,72.98283365660612
RM0157,2023-02,224467,134585,59.95758842056962
RM0157,2023-03,262036,436987,166.76601688317635
RM0157,2023-04,137473,91685,66.69309609887031
RM0157,2023-05,126418,85346,67.51095571833125
RM0157,2023-06,50186,64021,127.56744908938748
RM0157,2023-07,56518,34791,61.557379949750526
RM0157,2023-10,242262,314598,129.85858285657676
RM0157,2023-11,61423,79240,129.00704947658045
RM0157,2023-12,450125,185340,41.175229103026936
RM0157,2024-02,130598,182073,139.41484555659352
RM0157,2024-03,215267,137720,63.976364236041746
RM0157,2024-04,76701,113239,147.63692781058916
RM0157,2024-06,519371,753802,145.13748360998207
RM0157,2024-07,545356,658513,120.74919868856307
RM0157,2024-08,446970,596997,133.56533995570172
RM0157,2024-10,409344,222021,54.23824460600375
RM0157,2024-11,303568,180658,59.51154271860012
RM0157,2024-12,54171,58308,107.63692750733786
RM0158,2023-01,107464,39256,36.529442417926006
RM0158,2023-03,639103,830641,129.9698170717396
RM0158,2023-04,398130,716086,179.86235651671564
RM0158,2023-06,124628,85009,68.21019353596303
RM0158,2023-08,80479,86336,107.27767492140808
RM0158,2023-09,189741,191379,100.86328205290368
RM0158,2023-10,123470,68205,55.24013930509436
RM0158,2023-12,137471,58818,42.7857511766118
RM0158,2024-01,350425,129781,37.03531426125419
RM0158,2024-02,121861,54862,45.020145903939735
RM0158,2024-03,273735,210531,76.91051564469285
RM0158,2024-04,68004,74616,109.72295747308982
RM0158,2024-05,422036,701832,166.29671402439604
RM0158,2024-06,93082,128405,137.94826067338474
RM0158,2024-07,54612,27184,49.776605874166854
RM0158,2024-08,153813,98922,64.3131594858692
RM0158,2024-09,290117,492214,169.6605162744686
RM0158,2024-10,50651,32891,64.93652642593433
RM0158,2024-11,136853,156644,114.46150248807115
RM0158,2024-12,421367,690125,163.78240346301442
RM0159,2023-01,202073,138638,68.6078793307369
RM0159,2023-02,279377,168737,60.39759894336327
RM0159,2023-03,553601,170929,30.875847406345002
RM0159,2023-04,176515,76359,43.259213098036994
RM0159,2023-05,128535,160977,125.23981794841872
RM0159,2023-06,225483,333343,147.83509178075508
RM0159,2023-07,184962,125215,67.69768925509024
RM0159,2023-08,380076,576446,151.6659825929551
RM0159,2023-09,76162,117271,153.9757359313043
RM0159,2023-10,589825,740719,125.58284236849913
RM0159,2023-11,99652,120568,120.98904186569261
RM0159,2023-12,112904,148346,131.3912704598597
RM0159,2024-01,168052,284719,169.42315473781923
RM0159,2024-02,194314,120663,62.09691530203691
RM0159,2024-03,243707,183101,75.13161296146602
RM0159,2024-04,97698,86723,88.76640258756576
RM0159,2024-05,51810,90859,175.36961976452423
RM0159,2024-06,163999,239478,146.0240611223239
RM0159,2024-07,94731,134511,141.99258954302184
RM0159,2024-08,175611,164409,93.62112851700634
RM0159,2024-09,579367,602985,104.07651799291295
RM0159,2024-10,210704,68060,32.3012377553345
RM0159,2024-11,103813,169530,163.30324718484198
RM0160,2023-01,263418,291111,110.5129490012072
RM0160,2023-02,395627,407231,102.93306574121584
RM0160,2023-03,178836,92228,51.57127200339976
RM0160,2023-04,175381,153147,87.32245796294924
RM0160,2023-05,195153,151927,77.85019958699073
RM0160,2023-06,123040,215257,174.94879713914173
RM0160,2023-07,67700,30998,45.78729689807977
RM0160,2023-08,56642,44184,78.00572013700081
RM0160,2023-09,126181,55743,44.1770155570173
RM0160,2023-10,169486,199137,117.49466032592662
RM0160,2023-11,258561,456089,176.3951253282591
RM0160,2023-12,194882,91102,46.74726244599296
RM0160,2024-01,63903,93702,146.63161353927046
RM0160,2024-02,207616,112708,54.286760172626394
RM0160,2024-03,93825,133734,142.53557154276578
RM0160,2024-04,175260,206368,117.74962912244663
RM0160,2024-05,85359,106151,124.35829848053514
RM0160,2024-06,270861,303109,111.90573762926373
RM0160,2024-07,374752,526555,140.50758901887116
RM0160,2024-08,178836,234255,130.9887271019258
RM0160,2024-09,149570,95776,64.03423146352878
RM0160,2024-10,370823,407509,109.89312960630812
RM0160,2024-11,185327,330838,178.515812590718
RM0160,2024-12,680112,802169,117.94660291246149
RM0161,2023-01,55182,49344,89.42046319451995
RM0161,2023-04,465392,340880,73.2457799016743
RM0161,2023-06,1133099,1268105,111.91475766901216
RM0161,2023-07,63212,72831,115.21704739606405
RM0161,2023-08,158680,108383,68.30287370809177
RM0161,2023-09,495238,608527,122.87566786070536
RM0161,2023-10,0,0,0.0
RM0161,2023-11,122687,169534,138.1841596909208
RM0161,2023-12,103008,166812,161.94082013047532
RM0161,2024-01,77169,53768,69.67564695667949
RM0161,2024-02,73480,33526,45.626020685900926
RM0161,2024-04,103568,186294,179.87602348215665
RM0161,2024-05,64861,40181,61.949399485052645
RM0161,2024-06,97539,119845,122.86880119746972
RM0161,2024-07,255177,364367,142.7899066138406
RM0161,2024-08,51301,65551,127.77723631118303
RM0161,2024-09,199436,214689,107.64806755049239
RM0161,2024-10,121514,99967,82.26788682785524
RM0161,2024-11,289510,236188,81.58198335117957
RM0161,2024-12,89207,68256,76.51417489658884
RM0162,2023-01,136878,85013,62.10859305366823
RM0162,2023-02,190310,309503,162.63097052178026
RM0162,2023-03,185750,180177,96.99973082099596
RM0162,2023-04,289085,411095,142.20557967379835
RM0162,2023-05,118606,143066,120.62290271992985
RM0162,2023-06,246312,164584,66.81931858780733
RM0162,2023-07,118420,54315,45.86640770140179
RM0162,2023-09,709483,304237,42.88150667457853
RM0162,2023-10,77697,79231,101.97433620345701
RM0162,2023-11,350674,292400,83.38228668221768
RM0162,2023-12,269538,266982,99.05171070498409
RM0162,2024-01,219067,275585,125.79941296498332
RM0162,2024-02,329666,105906,32.125241911510436
RM0162,2024-03,447084,690225,154.38373996832811
RM0162,2024-04,466772,695668,149.03807426323772
RM0162,2024-05,366289,221464,60.46154812183821
RM0162,2024-06,107679,83217,77.28247847769761
RM0162,2024-07,67339,93895,139.43628506511828
RM0162,2024-08,71957,27254,37.87539780702364
RM0162,2024-09,274046,454092,165.69918918721675
RM0162,2024-10,266666,166525,62.44703111757779
RM0162,2024-11,311747,372049,119.3432494939807
RM0162,2024-12,378049,395082,104.50550060970933
RM0163,2023-01,717515,326557,45.51221925674028
RM0163,2023-02,298464,376686,126.20818591186878
RM0163,2023-03,180356,250463,138.87145423495753
RM0163,2023-04,325160,518411,159.4325870340755
RM0163,2023-05,78925,47004,59.55527399429839
RM0163,2023-06,52444,26104,49.77499809320418
RM0163,2023-07,95954,132565,138.15474081330638
RM0163,2023-08,146873,211035,143.68536082193458
RM0163,2023-09,149986,169993,113.33924499619965
RM0163,2023-10,67659,57690,85.26581829468364
RM0163,2023-11,274790,394925,143.7188398413334
RM0163,2023-12,105130,83354,79.28659754589556
RM0163,2024-01,87207,132620,152.0749481119635
RM0163,2024-02,256158,310904,121.3719657398949
RM0163,2024-03,90933,73401,80.71987067401274
RM0163,2024-04,78284,29388,37.54023810740381
RM0163,2024-05,138303,0,0.0
RM0163,2024-06,81078,36549,45.07881299489381
RM0163,2024-07,171825,143840,83.71308016877637
RM0163,2024-08,138303,164732,119.1094914788544
RM0163,2024-09,211425,268996,127.22998699302353
RM0163,2024-10,95339,144385,151.44379529888084
RM0163,2024-11,424625,328620,77.39063879894023
RM0163,2024-12,52581,86691,164.87134135904603
RM0164,2023-01,435665,418076,95.96272365234756
RM0164,2023-02,57843,17782,30.741835658593086
RM0164,2023-03,304253,252150,82.87510722983833
RM0164,2023-04,103815,173565,167.18682271348072
RM0164,2023-05,86644,137914,159.1731683671114
RM0164,2023-06,60667,41918,69.09522475151235
RM0164,2023-07,592505,383229,64.67945418182126
RM0164,2023-09,71409,113224,158.5570446302287
RM0164,2023-10,68800,30697,44.61773255813954
RM0164,2023-11,108606,92196,84.89033755041157
RM0164,2024-01,201313,275017,136.61164455350624
RM0164,2024-02,369596,410756,111.136484161084
RM0164,2024-03,124987,104770,83.82471777064815
RM0164,2024-04,331502,459369,138.57201464847876
RM0164,2024-05,403760,704986,174.60521101644542
RM0164,2024-06,103512,113295,109.4510781358683
RM0164,2024-07,124987,88365,70.69935273268419
RM0164,2024-08,199877,109087,54.577064894910365
RM0164,2024-09,58223,93252,160.1635092660976
RM0164,2024-10,165026,190796,115.61572115909009
RM0164,2024-11,171423,245553,143.24390542692637
RM0164,2024-12,73586,89853,122.1061071399451
RM0165,2023-02,145084,238726,164.54329905434093
RM0165,2023-03,159976,274263,171.44009101365205
RM0165,2023-04,115370,201936,175.03337089364652
RM0165,2023-05,362105,425978,117.63935874953397
RM0165,2023-06,115476,99757,86.38764764972808
RM0165,2023-07,272257,318798,117.09450996668589
RM0165,2023-08,127021,159294,125.4076097653144
RM0165,2023-09,248207,82988,33.434995789804475
RM0165,2023-10,64123,28324,44.17135817101508
RM0165,2023-11,89581,84249,94.04784496712473
RM0165,2023-12,294178,243181,82.66457722875266
RM0165,2024-01,52644,53962,102.50360914824101
RM0165,2024-02,903863,744359,82.35307784476187
RM0165,2024-03,537611,243009,45.20164207949614
RM0165,2024-04,78510,108829,138.61801044452935
RM0165,2024-05,154336,223429,144.76790897781464
RM0165,2024-06,348778,235992,67.6625245858397
RM0165,2024-07,222247,269230,121.13999289079267
RM0165,2024-08,346570,185032,53.38950284213867
RM0165,2024-09,134345,50756,37.78034165767241
RM0165,2024-10,178062,309528,173.83158675068236
RM0165,2024-11,52210,34478,66.03715763263742
RM0165,2024-12,106984,154993,144.87493456965527
RM0166,2023-01,108573,71508,65.86167831781383
RM0166,2023-02,206856,76455,36.96049425687435
RM0166,2023-03,78057,71191,91.20386384308902
RM0166,2023-04,115915,95137,82.07479618686106
RM0166,2023-06,67236,56562,84.12457611993574
RM0166,2023-07,289917,266945,92.07635288720564
RM0166,2023-08,182345,99445,54.5367298253311
RM0166,2023-09,60839,98555,161.99312940712372
RM0166,2023-10,110379,91118,82.55012275885811
RM0166,2023-11,365176,497244,136.16557495563782
RM0166,2023-12,261749,346295,132.30040993470845
RM0166,2024-01,66772,115982,173.69855628107592
RM0166,2024-02,409759,268117,65.43285199348887
RM0166,2024-03,294441,336227,114.19163771349778
RM0166,2024-04,128991,170996,132.56428743090603
RM0166,2024-05,77156,85475,110.78205194670538
RM0166,2024-06,70307,77636,110.4242820771758
RM0166,2024-07,91876,89919,97.86995515695067
RM0166,2024-08,215379,347968,161.56078354899967
RM0166,2024-09,77100,126436,163.98962386511025
RM0166,2024-10,124153,194385,156.56891094053304
RM0166,2024-11,157784,251399,159.33111088576788
RM0166,2024-12,213072,226511,106.30725764060975
RM0167,2023-01,0,0,0.0
RM0167,2023-04,570625,856705,150.1345016429354
RM0167,2023-06,121992,67106,55.00852514919011
RM0167,2023-07,276802,494068,178.49148488811497
RM0167,2023-08,99062,165809,167.37901516222163
RM0167,2023-09,70093,121142,172.8303824918323
RM0167,2023-10,255173,209214,81.98908191697397
RM0167,2023-11,104497,132204,126.51463678383112
RM0167,2023-12,185028,310551,167.84000259420196
RM0167,2024-01,268021,297650,111.0547307860205
RM0167,2024-02,443761,527674,118.90950308837415
RM0167,2024-03,334253,521907,156.14130613636976
RM0167,2024-04,427357,171542,40.1402106435603
RM0167,2024-05,181495,181964,100.25840932257086
RM0167,2024-06,151161,149629,98.9865110709773
RM0167,2024-07,322530,250815,77.76485908287601
RM0167,2024-08,143194,86063,60.102378591281756
RM0167,2024-09,93496,120668,129.06220586976983
RM0167,2024-10,68653,39937,58.17225758524754
RM0167,2024-11,162627,59466,36.565883893818366
RM0167,2024-12,70360,112226,159.5025582717453
RM0168,2023-01,330763,271776,82.16638499469408
RM0168,2023-02,114154,194606,170.4767244248997
RM0168,2023-03,53927,63118,117.04341053646597
RM0168,2023-04,186468,276313,148.1825299783341
RM0168,2023-05,504705,420793,83.37405018773343
RM0168,2023-06,136393,178258,130.69439047458445
RM0168,2023-07,138629,70501,50.85588152551054
RM0168,2023-08,562926,921053,163.61884155288618
RM0168,2023-09,214965,340737,158.50812923033985
RM0168,2023-10,63358,54848,86.56838915369804
RM0168,2023-11,51976,29429,56.62036324457442
RM0168,2023-12,199337,324588,162.83379402720018
RM0168,2024-01,200269,259590,129.62066021201483
RM0168,2024-03,66442,86194,129.72818398001266
RM0168,2024-04,140865,179907,127.71589820040464
RM0168,2024-05,109217,128027,117.22259355228582
RM0168,2024-06,132765,151080,113.79505140662071
RM0168,2024-07,73865,66015,89.37250389223583
RM0168,2024-08,120327,169010,140.45891612023902
RM0168,2024-09,233835,388934,166.32839395300104
RM0168,2024-10,199973,154343,77.18191955914048
RM0168,2024-11,279334,292042,104.54939248355015
RM0168,2024-12,82256,116895,142.11121377163977
RM0169,2023-02,71326,40458,56.722653730757365
RM0169,2023-03,263291,383145,145.5214952277138
RM0169,2023-05,284656,210641,73.99844022258445
RM0169,2023-06,352146,487370,138.39998182572003
RM0169,2023-07,319335,435224,136.29072917155963
RM0169,2023-08,179981,83527,46.40878759424606
RM0169,2023-09,236166,315444,133.56876095627652
RM0169,2023-10,106202,149078,140.37212105233422
RM0169,2023-11,169927,193565,113.91067929169584
RM0169,2023-12,118736,56420,47.5171809729147
RM0169,2024-01,86679,125966,145.32470379215266
RM0169,2024-02,97503,29580,30.3375280760592
RM0169,2024-03,922245,568124,61.60228572667783
RM0169,2024-04,209798,354638,169.03783639500853
RM0169,2024-05,187335,280730,149.85453866068806
RM0169,2024-06,611796,973089,159.05448875115235
RM0169,2024-07,172434,145802,84.55525012468539
RM0169,2024-08,148801,232537,156.27381536414407
RM0169,2024-09,337960,530185,156.87803290330214
RM0169,2024-10,186406,189282,101.5428687917771
RM0169,2024-11,105950,32319,30.504011326097213
RM0170,2023-01,266897,190964,71.54969894753407
RM0170,2023-02,109999,172172,156.52142292202655
RM0170,2023-03,58049,98185,169.14158727971196
RM0170,2023-04,50204,85786,170.8748306907816
RM0170,2023-05,140978,63888,45.3177091461079
RM0170,2023-06,218202,358677,164.37841999615034
RM0170,2023-07,136457,182448,133.70365756245556
RM0170,2023-08,632098,417849,66.10509762726666
RM0170,2023-09,307594,228497,74.28525914029532
RM0170,2023-10,133357,96370,72.26467302053885
RM0170,2023-11,138591,42635,30.763180870330686
RM0170,2023-12,104239,72646,69.69176603766346
RM0170,2024-02,138397,172769,124.83579846383954
RM0170,2024-03,202152,237665,117.56747397997546
RM0170,2024-04,102015,175578,172.10998382590796
RM0170,2024-05,124629,77935,62.53359972398077
RM0170,2024-06,171288,243810,142.33921815889028
RM0170,2024-07,51846,37044,71.4500636500405
RM0170,2024-09,311426,330277,106.05312337441319
RM0170,2024-10,128761,218423,169.63443899938648
RM0170,2024-11,64069,78379,122.33529476033651
RM0170,2024-12,112825,45833,40.623088854420565
RM0171,2023-01,86071,106891,124.18933206306421
RM0171,2023-02,54302,64531,118.83724356377297
RM0171,2023-03,521462,778357,149.26437592768025
RM0171,2023-04,113604,57632,50.730608077180385
RM0171,2023-05,143841,116989,81.33216537704827
RM0171,2023-06,124871,219473,175.7597840971883
RM0171,2023-07,738809,676658,91.58767692326434
RM0171,2023-08,74163,123549,166.5911573156426
RM0171,2023-09,286648,305827,106.69078451620106
RM0171,2023-10,118203,114922,97.22426672757882
RM0171,2023-11,398236,229768,57.69644130616016
RM0171,2023-12,296591,97070,32.728572343732615
RM0171,2024-01,429935,451623,105.04448346843127
RM0171,2024-02,88572,26951,30.428352075147902
RM0171,2024-04,172992,115339,66.67302534221236
RM0171,2024-05,199651,144098,72.17494527951274
RM0171,2024-06,63821,67495,105.756725842591
RM0171,2024-07,174684,170995,97.88818666849855
RM0171,2024-08,141883,168056,118.44688933839853
RM0171,2024-09,162094,80860,49.88463484151172
RM0171,2024-12,82926,42515,51.26860092130333
RM0172,2023-01,227280,248393,109.28942273847238
RM0172,2023-02,134279,201083,149.75014708182218
RM0172,2023-03,109133,125738,115.21537939944837
RM0172,2023-04,61598,87260,141.66044352089352
RM0172,2023-06,228211,343131,150.35690654701133
RM0172,2023-07,373741,537081,143.70406243896176
RM0172,2023-08,329156,269408,81.84812064796024
RM0172,2023-09,113087,194108,171.64483981359484
RM0172,2023-11,419016,470448,112.27447161922217
RM0172,2023-12,118488,189462,159.89973668219565
RM0172,2024-02,108603,57608,53.04457519589698
RM0172,2024-03,203036,73891,36.393053448649496
RM0172,2024-04,121488,183628,151.1490846832609
RM0172,2024-05,102479,173904,169.69720625689166
RM0172,2024-06,517938,789194,152.37229166425325
RM0172,2024-07,709033,777203,109.61450313314049
RM0172,2024-08,176316,274039,155.42491889561921
RM0172,2024-09,151829,138176,91.00764676050031
RM0172,2024-10,193080,248395,128.6487466335198
RM0172,2024-11,258482,336621,130.229957985469
RM0173,2023-01,255398,335041,131.18387771243314
RM0173,2023-02,148217,74464,50.23985102923416
RM0173,2023-03,280877,97230,34.616575938934126
RM0173,2023-04,783929,1209357,154.26869014923545
RM0173,2023-05,216713,379228,174.9908865642578
RM0173,2023-06,192194,73927,38.46478037815957
RM0173,2023-08,172936,123788,71.58023777582459
RM0173,2023-10,119180,117914,98.9377412317503
RM0173,2023-11,273482,288357,105.4391148229134
RM0173,2023-12,146562,110355,75.2957792606542
RM0173,2024-01,166437,111943,67.25848218845569
RM0173,2024-02,95367,136936,143.58845302882548
RM0173,2024-03,112907,42577,37.70979655822934
RM0173,2024-04,113165,142345,125.78535766358856
RM0173,2024-05,302289,526861,174.29049684242563
RM0173,2024-07,255693,241189,94.32757251860629
RM0173,2024-08,103312,51082,49.44440142481029
RM0173,2024-09,198202,211050,106.48227565816693
RM0173,2024-11,219841,144149,65.56966171005408
RM0173,2024-12,108655,80202,73.8134462288896
RM0174,2023-01,289664,161297,55.684172006186486
RM0174,2023-02,190654,71882,37.7028543854312
RM0174,2023-03,169618,67146,39.58660047872278
RM0174,2023-04,79015,37100,46.95311016895526
RM0174,2023-05,113863,92866,81.55941789694633
RM0174,2023-07,312666,199646,63.85280139190063
RM0174,2023-08,63552,76597,120.52649798590132
RM0174,2023-09,224448,166593,74.22342814371258
RM0174,2023-11,188502,275982,146.40799567113348
RM0174,2023-12,114053,124093,108.80292495594152
RM0174,2024-01,73784,24752,33.54656836170443
RM0174,2024-02,647431,485311,74.95949375300225
RM0174,2024-03,99047,174309,175.98614799034803
RM0174,2024-04,245421,289092,117.7943207793954
RM0174,2024-05,230257,314275,136.48879295743453
RM0174,2024-06,266167,106675,40.07822156766241
RM0174,2024-07,129866,96450,74.26886174980363
RM0174,2024-08,60977,56031,91.88874493661544
RM0174,2024-09,193634,109935,56.77463668570603
RM0174,2024-10,104582,131643,125.87538964640186
RM0174,2024-12,179884,288386,160.31776033443774
RM0175,2023-02,284979,498262,174.84165499914027
RM0175,2023-03,186394,251203,134.76989602669613
RM0175,2023-04,345460,538913,155.99866844207725
RM0175,2023-05,240261,252366,105.03827088041756
RM0175,2023-06,97867,158135,161.58153412284017
RM0175,2023-08,274855,427910,155.68572520056028
RM0175,2023-09,72761,56187,77.22131361581067
RM0175,2023-10,132977,207115,155.75249855238124
RM0175,2023-12,385080,280083,72.73371766905578
RM0175,2024-02,223959,93328,41.6719131626771
RM0175,2024-03,129036,132907,102.99993800179794
RM0175,2024-04,267629,438365,163.79577698978812
RM0175,2024-05,111711,121944,109.16024384348901
RM0175,2024-06,206383,163668,79.30304337082028
RM0175,2024-07,685436,1106061,161.36605022204844
RM0175,2024-08,102732,109093,106.1918389596231
RM0175,2024-09,89368,95780,107.17482767881121
RM0175,2024-12,222485,95286,42.82805582398813
RM0176,2023-01,356168,424060,119.06179106489073
RM0176,2023-02,734934,248692,33.838684834284436
RM0176,2023-03,317121,471858,148.79430879695764
RM0176,2023-04,71381,57315,80.29447612109665
RM0176,2023-05,374157,403222,107.76812942160643
RM0176,2023-07,126944,210504,165.82430047895136
RM0176,2023-08,64698,65324,100.96757241336671
RM0176,2023-09,208494,252864,121.2811879478546
RM0176,2023-10,96035,109957,114.49679804238038
RM0176,2023-11,234939,276600,117.73268805945374
RM0176,2023-12,223021,152572,68.41149488164791
RM0176,2024-01,117241,0,0.0
RM0176,2024-02,139590,248586,178.0829572318934
RM0176,2024-03,53534,46599,87.04561587028805
RM0176,2024-04,79854,90507,113.34059658877452
RM0176,2024-05,91799,66404,72.33629995969454
RM0176,2024-07,250613,406694,162.27969019963052
RM0176,2024-08,0,0,0.0
RM0176,2024-09,76274,123032,161.30267194587933
RM0176,2024-10,117241,111598,95.18683736917973
RM0176,2024-11,87455,82030,93.79680978789091
RM0176,2024-12,89458,116196,129.8888864047933
RM0177,2023-01,153635,227700,148.20841605103004
RM0177,2023-02,106253,112457,105.8388939606411
RM0177,2023-03,95069,161779,170.17008698944977
RM0177,2023-04,160701,90023,56.018942010317296
RM0177,2023-05,97775,41491,42.435182817693686
RM0177,2023-06,54231,59051,108.88790544153713
RM0177,2023-07,111674,194944,174.5652524311836
RM0177,2023-09,78190,116571,149.08683974932856
RM0177,2023-10,106963,67954,63.53037966399596
RM0177,2023-11,574178,863486,150.386465521145
RM0177,2023-12,199389,268314,134.5681055624934
RM0177,2024-01,763076,907916,118.98107134807019
RM0177,2024-02,66121,26269,39.72867923957593
RM0177,2024-03,214764,276272,128.63980927902256
RM0177,2024-04,256852,118965,46.31655583760298
RM0177,2024-05,484797,546239,112.67375829470892
RM0177,2024-06,207282,73021,35.227853841626384
RM0177,2024-08,536529,613728,114.38859782043468
RM0177,2024-09,174298,298979,171.5332361817118
RM0177,2024-10,447502,282126,63.04463443738799
RM0177,2024-12,451262,633992,140.49310600050524
RM0178,2023-02,52862,34876,65.97555900268624
RM0178,2023-04,129904,152537,117.42286611651681
RM0178,2023-05,231262,142299,61.531509716252565
RM0178,2023-06,321825,504806,156.85729822108289
RM0178,2023-07,201178,338309,168.16401395778863
RM0178,2023-08,301482,190667,63.2432450361879
RM0178,2023-09,290426,502379,172.98003622265225
RM0178,2023-10,72206,127663,176.80386671467744
RM0178,2023-12,53796,58274,108.32403896200462
RM0178,2024-01,273012,405602,148.56563081476273
RM0178,2024-02,249018,272432,109.40253315021404
RM0178,2024-03,207887,280626,134.98968189449076
RM0178,2024-04,152342,135027,88.63412584842
RM0178,2024-05,169088,139181,82.31276021953066
RM0178,2024-06,185834,291676,156.95513199952646
RM0178,2024-07,106286,115300,108.48089118040005
RM0178,2024-08,169088,114782,67.88299583648751
RM0178,2024-09,51277,68257,133.11426175478286
RM0178,2024-10,82608,84384,102.14991284137129
RM0178,2024-12,85397,28633,33.529280888087406
RM0179,2023-01,149020,139669,93.72500335525433
RM0179,2023-02,133046,81585,61.32089653202652
RM0179,2023-03,491199,275864,56.16135212001653
RM0179,2023-04,50526,82727,163.7315441554843
RM0179,2023-05,250284,139685,55.810599159354965
RM0179,2023-06,145853,86968,59.627158851720566
RM0179,2023-07,724448,916823,126.5547009585229
RM0179,2023-08,70437,69483,98.64559819413093
RM0179,2023-09,144724,217577,150.3392664658246
RM0179,2023-10,421832,178587,42.336048474274115
RM0179,2023-11,106539,79654,74.76510949042134
RM0179,2023-12,880034,1002218,113.88400902692395
RM0179,2024-02,367829,345409,93.90477640425307
RM0179,2024-03,242410,176929,72.98750051565528
RM0179,2024-04,414198,407040,98.271841003578
RM0179,2024-05,144254,0,0.0
RM0179,2024-06,94320,126427,134.0405004240882
RM0179,2024-07,127919,44408,34.715718540638996
RM0179,2024-08,129911,146154,112.5031752507486
RM0179,2024-09,74689,43011,57.58679323595175
RM0179,2024-10,143784,117053,81.40891893395649
RM0179,2024-11,137171,135969,99.12372148632
RM0179,2024-12,72636,41532,57.17825871468693
RM0180,2023-01,332744,181038,54.4075926237588
RM0180,2023-02,214453,198967,92.77883732099808
RM0180,2023-03,567416,226487,39.91551172332116
RM0180,2023-04,155826,130959,84.04181587154903
RM0180,2023-05,316137,327889,103.71737569471465
RM0180,2023-06,50805,55487,109.21562838303316
RM0180,2023-07,95909,87425,91.15411483802355
RM0180,2023-08,106574,89913,84.36673109764108
RM0180,2023-09,422745,355698,84.14008444807153
RM0180,2023-10,131406,189447,144.16921601753344
RM0180,2023-11,286860,122240,42.61312138325316
RM0180,2024-01,232644,238194,102.38561922938052
RM0180,2024-02,71555,49878,69.70582069736567
RM0180,2024-03,56912,47826,84.03500140567894
RM0180,2024-04,94237,82283,87.31496121480947
RM0180,2024-05,180246,252075,139.85053759861523
RM0180,2024-06,189464,249631,131.7564286619094
RM0180,2024-07,351083,565502,161.07359228444557
RM0180,2024-08,345689,183129,52.97507297021311
RM0180,2024-09,93366,98359,105.34777113724483
RM0180,2024-10,116647,58032,49.75010073126613
RM0180,2024-11,100898,177897,176.31370294753117
RM0180,2024-12,113909,105749,92.83638694045247
RM0181,2023-01,50963,70284,137.91181837803896
RM0181,2023-02,130050,59135,45.47097270280661
RM0181,2023-03,568935,834143,146.61481540070483
RM0181,2023-04,244276,424260,173.6805908071198
RM0181,2023-05,128505,73305,57.044472977705155
RM0181,2023-06,240161,146332,60.93079226019212
RM0181,2023-07,229163,73588,32.11164105898421
RM0181,2023-08,70253,65889,93.78816562993751
RM0181,2023-09,51824,50478,97.40274776165482
RM0181,2023-10,142974,155010,108.4183138192958
RM0181,2023-11,195773,88211,45.05779652965424
RM0181,2024-01,79952,97535,121.99194516710025
RM0181,2024-02,211024,71505,33.88477140040943
RM0181,2024-03,166599,246145,147.74698527602206
RM0181,2024-04,60740,55866,91.97563384919329
RM0181,2024-05,109292,182572,167.0497383157047
RM0181,2024-06,80832,62850,77.75385985748218
RM0181,2024-07,393072,312877,79.59788537468962
RM0181,2024-08,163684,57216,34.95515749859485
RM0181,2024-09,678983,1043882,153.74199354033902
RM0181,2024-10,200932,78591,39.11323233730815
RM0181,2024-11,61673,68917,111.74582069949572
RM0182,2023-01,100334,123830,123.41778459943788
RM0182,2023-02,186767,290978,155.79733036350106
RM0182,2023-03,0,0,0.0
RM0182,2023-04,179363,262954,146.60437213918144
RM0182,2023-05,151229,233794,154.59601002453235
RM0182,2023-06,71109,99612,140.0835337299076
RM0182,2023-07,479658,382683,79.78247000988205
RM0182,2023-08,118435,50373,42.53219065310086
RM0182,2023-09,203870,230103,112.86751361161524
RM0182,2023-10,56177,80238,142.8306958363743
RM0182,2023-11,126298,0,0.0
RM0182,2023-12,406466,454673,111.86003257345018
RM0182,2024-01,140380,226602,161.4204302607209
RM0182,2024-02,126298,162061,128.31636288777338
RM0182,2024-03,193317,165912,85.82380235571627
RM0182,2024-04,63634,21134,33.21180500990037
RM0182,2024-06,133854,136772,102.17998715017855
RM0182,2024-08,309468,285211,92.1617097729006
RM0182,2024-09,99517,98834,99.3136850990283
RM0182,2024-10,90769,39669,43.70324670316958
RM0182,2024-11,67993,52948,77.87272219199035
RM0182,2024-12,51913,32721,63.03045479937588
RM0183,2023-01,282338,184063,65.1924289326977
RM0183,2023-02,67603,116521,172.36069405203912
RM0183,2023-03,196115,76492,39.00364582005456
RM0183,2023-04,59639,72651,121.81793792652459
RM0183,2023-05,166521,67035,40.25618390473274
RM0183,2023-06,88101,149204,169.3556259293311
RM0183,2023-07,177298,170292,96.04846078353958
RM0183,2023-08,93183,46642,50.05419443460717
RM0183,2023-09,127283,214287,168.35476850797042
RM0183,2023-10,57490,102704,178.64672116889895
RM0183,2023-11,84943,77565,91.3141753882015
RM0183,2023-12,56914,66997,117.71620339459537
RM0183,2024-02,149118,193862,130.00576724473237
RM0183,2024-03,167355,150162,89.72662902213857
RM0183,2024-04,250772,84643,33.75297082608903
RM0183,2024-05,166815,78538,47.08089800077931
RM0183,2024-07,135907,202051,148.66857483426165
RM0183,2024-08,73053,124461,170.3708266600961
RM0183,2024-09,379065,349633,92.23563241132787
RM0183,2024-10,50898,75564,148.46162914063422
RM0183,2024-11,369163,207509,56.2106711669371
RM0183,2024-12,421884,705029,167.11442007755687
RM0184,2023-01,145597,217966,149.70500765812483
RM0184,2023-02,138304,158505,114.60622975474317
RM0184,2023-03,107813,58133,53.92021370335674
RM0184,2023-04,255880,77298,30.208691574175393
RM0184,2023-05,179965,287409,159.70271997332816
RM0184,2023-06,87515,69955,79.93486830829
RM0184,2023-08,182822,122546,67.03022612158274
RM0184,2023-09,332075,282232,84.99043890687345
RM0184,2023-10,180702,115501,63.91794224745714
RM0184,2023-11,180702,190543,105.4459828889553
RM0184,2023-12,56340,31581,56.05431309904153
RM0184,2024-01,57095,57260,100.28899203082582
RM0184,2024-02,182514,66984,36.700746244123735
RM0184,2024-03,64226,66042,102.8275153364681
RM0184,2024-04,290801,361178,124.20108596600426
RM0184,2024-05,66591,108630,163.13015272334098
RM0184,2024-06,424153,333993,78.74351943756145
RM0184,2024-07,193573,201023,103.84867724321056
RM0184,2024-08,477158,507277,106.31216494326827
RM0184,2024-09,180702,0,0.0
RM0184,2024-10,83348,68204,81.83039784997841
RM0184,2024-11,278039,410223,147.54153194336047
RM0184,2024-12,247617,393566,158.94142970797643
RM0185,2023-02,231874,290799,125.41250851755694
RM0185,2023-04,142129,142218,100.06261916990901
RM0185,2023-05,128172,157692,123.03155135286958
RM0185,2023-06,131985,91563,69.37379247641778
RM0185,2023-07,128299,66874,52.12355513293166
RM0185,2023-08,66896,112834,168.67077254245396
RM0185,2023-09,53757,24631,45.819149134066265
RM0185,2023-10,138400,96103,69.43858381502889
RM0185,2023-11,131985,127730,96.77614880478842
RM0185,2023-12,128093,60994,47.61696579828718
RM0185,2024-01,71045,106637,150.09782532197903
RM0185,2024-02,263511,120260,45.637563517272525
RM0185,2024-03,215298,261364,121.39639011974101
RM0185,2024-04,237430,240201,101.16708082382175
RM0185,2024-05,97203,125928,129.5515570507083
RM0185,2024-07,119628,75177,62.84231116461029
RM0185,2024-08,128796,186097,144.48973570607785
RM0185,2024-09,146880,110130,74.97957516339869
RM0185,2024-10,317451,515053,162.246456933511
RM0185,2024-11,135175,116525,86.20307009432217
RM0185,2024-12,131985,129432,98.06568928287305
RM0186,2023-01,192282,74405,38.69576975483925
RM0186,2023-02,226319,333465,147.3429097866286
RM0186,2023-03,125985,70793,56.19161011231496
RM0186,2023-04,0,0,0.0
RM0186,2023-05,202104,142178,70.34892926414123
RM0186,2023-06,143512,142859,99.54498578516082
RM0186,2023-07,123250,69306,56.23204868154158
RM0186,2023-08,156503,175841,112.35631265854329
RM0186,2023-09,142315,175932,123.62154375856376
RM0186,2023-11,93529,58171,62.19568262250211
RM0186,2023-12,302579,409476,135.32862492109498
RM0186,2024-01,271897,131852,48.493363295659755
RM0186,2024-03,88048,102425,116.32859349445756
RM0186,2024-04,341947,560167,163.81690729849947
RM0186,2024-06,317488,115913,36.50941137932772
RM0186,2024-07,307954,507704,164.86358352221436
RM0186,2024-08,58763,54321,92.44082160543199
RM0186,2024-09,165378,107351,64.91250347688326
RM0186,2024-10,159063,259103,162.89331899939017
RM0186,2024-11,352546,602767,170.97541881059493
RM0186,2024-12,149279,136717,91.58488467902384
RM0187,2023-01,214396,167007,77.89650926323253
RM0187,2023-02,130873,47496,36.291672079038456
RM0187,2023-03,240902,173804,72.1471801811525
RM0187,2023-04,57549,19044,33.0918000312777
RM0187,2023-05,451834,302991,67.05803458792388
RM0187,2023-06,93568,90933,97.18386627906976
RM0187,2023-07,501099,501738,100.12751971167376
RM0187,2023-08,62280,70245,112.78901734104045
RM0187,2023-09,63849,56231,88.06872464721452
RM0187,2023-10,64987,102498,157.72077492421562
RM0187,2023-12,101251,133449,131.8001797513111
RM0187,2024-01,156673,99250,63.348502932860164
RM0187,2024-02,159415,64322,40.348775209359225
RM0187,2024-03,113975,123577,108.42465452950208
RM0187,2024-04,88892,114695,129.02735904243352
RM0187,2024-05,57980,59557,102.71990341497069
RM0187,2024-07,238287,225161,94.49151653258465
RM0187,2024-08,361420,451156,124.82873111615295
RM0187,2024-10,527283,382903,72.61811968146138
RM0187,2024-11,469015,567617,121.02320821295693
RM0187,2024-12,255079,421707,165.3240760705507
RM0188,2023-01,170175,271134,159.3265755839577
RM0188,2023-03,167033,200238,119.8793052869792
RM0188,2023-04,138344,71725,51.845399872780895
RM0188,2023-05,170948,92958,54.37793949037134
RM0188,2023-06,618791,916292,148.07778393674116
RM0188,2023-07,256450,324399,126.49600311951647
RM0188,2023-08,114135,63279,55.44223945327901
RM0188,2023-09,88147,27280,30.948302267802646
RM0188,2023-10,217889,330715,151.7814116362001
RM0188,2024-01,96983,42456,43.77674437788066
RM0188,2024-02,111359,82191,73.80723605635826
RM0188,2024-04,139914,97401,69.61490629958404
RM0188,2024-05,112266,186511,166.13311242940873
RM0188,2024-06,111158,164322,147.8274168300977
RM0188,2024-07,197458,159211,80.63031125606457
RM0188,2024-08,305387,364208,119.26113423295688
RM0188,2024-09,51298,20677,40.307614331942766
RM0188,2024-10,259536,251695,96.97883915911473
RM0188,2024-11,128007,66402,51.87372565562821
RM0188,2024-12,75674,113255,149.66170679493618
RM0189,2023-01,314928,359019,114.00034293552812
RM0189,2023-02,102460,174084,169.90435291821197
RM0189,2023-03,196709,294072,149.49595595524355
RM0189,2023-04,50493,49254,97.54619452201295
RM0189,2023-05,357132,288330,80.73485433957192
RM0189,2023-06,244496,314547,128.65118447745567
RM0189,2023-08,74769,109338,146.23440195803073
RM0189,2023-09,67906,94516,139.18652254587224
RM0189,2023-10,756052,1313241,173.69717955907794
RM0189,2023-11,291597,321274,110.17740237382414
RM0189,2023-12,218508,304198,139.2159554798909
RM0189,2024-01,51265,23251,45.3545303813518
RM0189,2024-02,186344,57729,30.97980079852316
RM0189,2024-03,409378,423499,103.44937930225855
RM0189,2024-04,94713,84363,89.07224984954547
RM0189,2024-06,335346,566999,169.0788021923625
RM0189,2024-07,68534,100535,146.69361192984505
RM0189,2024-08,179493,211488,117.8252076682656
RM0189,2024-09,276746,175530,63.42639098668093
RM0189,2024-10,163587,127439,77.90288959391638
RM0189,2024-11,64892,29695,45.76064846206004
RM0189,2024-12,186344,0,0.0
RM0190,2023-01,193137,88600,45.87417221971968
RM0190,2023-03,176631,208856,118.24424931070989
RM0190,2023-04,401349,497498,123.95645684927581
RM0190,2023-05,685952,237674,34.648780089568945
RM0190,2023-06,232683,79047,33.9719704490659
RM0190,2023-07,246054,216226,87.87745779381761
RM0190,2023-08,191745,146552,76.4306761584396
RM0190,2023-10,75993,105270,138.5259168607635
RM0190,2023-11,402483,231578,57.53733698069235
RM0190,2023-12,430183,219510,51.02712101593973
RM0190,2024-01,249578,434058,173.9167715103094
RM0190,2024-02,73914,70413,95.26341423816869
RM0190,2024-03,111750,98643,88.27114093959732
RM0190,2024-04,259839,335655,129.17806795746597
RM0190,2024-05,569558,329329,57.82185484182472
RM0190,2024-06,167546,163137,97.36848387905411
RM0190,2024-07,426729,134816,31.592884477033433
RM0190,2024-08,728820,743105,101.96001756263549
RM0190,2024-09,197340,165781,84.00780379041248
RM0190,2024-10,337116,385317,114.29804577652796
RM0190,2024-11,213066,271309,127.33566125050453
RM0191,2023-01,117879,48800,41.398383087742516
RM0191,2023-02,297309,218395,73.45724481936303
RM0191,2023-03,333502,404526,121.29642400945121
RM0191,2023-04,115474,137572,119.13677537800717
RM0191,2023-05,205553,279557,136.00239354327107
RM0191,2023-06,309180,166843,53.963063587554174
RM0191,2023-07,482747,442322,91.62604842702285
RM0191,2023-08,345400,217850,63.07180081065431
RM0191,2023-09,54418,63125,116.00022051527068
RM0191,2023-10,108882,193449,177.66848514906044
RM0191,2023-11,66548,24686,37.095029151890365
RM0191,2023-12,56909,35585,62.52965260327892
RM0191,2024-01,179836,190328,105.83420449743099
RM0191,2024-03,114634,49658,43.318736151578065
RM0191,2024-04,89934,51821,57.62114439477839
RM0191,2024-05,255366,375367,146.9917686771144
RM0191,2024-06,275096,482397,175.355875767005
RM0191,2024-07,373432,390873,104.67046209216136
RM0191,2024-08,130405,218252,167.36474828419156
RM0191,2024-09,191713,142173,74.15929018898039
RM0191,2024-10,174676,128167,73.37413267993314
RM0191,2024-12,777075,1223275,157.42045491104463
RM0192,2023-01,99542,172151,172.9430793032087
RM0192,2023-03,648190,419217,64.67501812740092
RM0192,2023-04,388917,631913,162.48016929061987
RM0192,2023-05,56084,73163,130.45253548249053
RM0192,2023-07,104637,137275,131.19164349130804
RM0192,2023-08,417243,437341,104.8168573229509
RM0192,2023-09,130271,219154,168.22930659931987
RM0192,2023-10,598113,235270,39.33537642552494
RM0192,2023-11,434296,184207,42.415080958608876
RM0192,2023-12,111711,161295,144.38596020087547
RM0192,2024-01,275112,382057,138.87325889092443
RM0192,2024-02,55984,27961,49.94462703629608
RM0192,2024-03,462839,517573,111.82571045223068
RM0192,2024-04,62745,26216,41.781815284086385
RM0192,2024-05,320859,404891,126.18969703202964
RM0192,2024-06,115000,63085,54.856521739130436
RM0192,2024-07,373345,665601,178.28041088001714
RM0192,2024-08,57689,65256,113.11688536809443
RM0192,2024-09,95430,147781,154.85801110761815
RM0192,2024-10,113713,156007,137.19363661146923
RM0192,2024-11,166323,184998,111.22815245035262
RM0192,2024-12,342788,344709,100.56040468161078
RM0193,2023-01,330230,279090,84.51382369863428
RM0193,2023-02,78816,77493,98.32140682095006
RM0193,2023-04,153479,156176,101.75724366199937
RM0193,2023-05,297797,341578,114.70162560401884
RM0193,2023-06,378984,405997,107.12774154053997
RM0193,2023-07,88178,43581,49.423892580915876
RM0193,2023-08,354155,136087,38.42583049794581
RM0193,2023-09,68768,27196,39.54746393671475
RM0193,2023-10,193134,168497,87.24357182060125
RM0193,2023-11,132677,145801,109.89169185314711
RM0193,2023-12,53011,56900,107.33621323876177
RM0193,2024-01,125071,182662,146.04664550535296
RM0193,2024-02,315755,419149,132.7450079967063
RM0193,2024-03,146224,91276,62.42203742203743
RM0193,2024-04,331710,269515,81.25018841759368
RM0193,2024-05,116076,194313,167.40153003204796
RM0193,2024-06,606958,999779,164.719634636993
RM0193,2024-07,1000917,1604833,160.3362716389071
RM0193,2024-08,232790,187552,80.56703466643756
RM0193,2024-09,102182,176717,172.9433755455951
RM0193,2024-10,363881,240569,66.1119981532424
RM0193,2024-11,150755,61068,40.508109183775
RM0193,2024-12,509630,590738,115.91507564311362
RM0194,2023-01,92195,68095,73.8597537827431
RM0194,2023-02,641808,785201,122.34203998703663
RM0194,2023-03,131885,138448,104.97630511430414
RM0194,2023-04,65562,27046,41.25255483359263
RM0194,2023-05,184733,197295,106.80008444620073
RM0194,2023-06,116744,134158,114.91639827314467
RM0194,2023-07,61317,105219,171.59841479524437
RM0194,2023-08,102159,41646,40.76586497518574
RM0194,2023-09,77859,34507,44.31986026021398
RM0194,2023-10,79512,73559,92.51307978669885
RM0194,2023-11,250940,177796,70.85199649318562
RM0194,2023-12,135885,230071,169.31302204069618
RM0194,2024-01,102608,153099,149.20766411975674
RM0194,2024-02,75763,42994,56.74801684199411
RM0194,2024-03,141363,92048,65.11463395655157
RM0194,2024-04,400000,150451,37.61275
RM0194,2024-05,186424,224891,120.63414581813501
RM0194,2024-06,60245,84273,139.8838077848784
RM0194,2024-07,144920,200657,138.46052994755726
RM0194,2024-08,313104,245582,78.43464152486075
RM0194,2024-09,149388,103248,69.11398505904089
RM0194,2024-10,131885,90470,68.59764188497554
RM0194,2024-11,83755,25201,30.088949913438
RM0194,2024-12,547107,525984,96.13914645581212
RM0195,2023-01,51973,16288,31.339349277509477
RM0195,2023-02,101025,32419,32.09007671368474
RM0195,2023-03,120384,47480,39.4404572036151
RM0195,2023-04,56006,73035,130.40567082098346
RM0195,2023-05,406017,371131,91.40774893662088
RM0195,2023-06,321889,110697,34.389805181289205
RM0195,2023-07,275552,108622,39.419782835907554
RM0195,2023-08,323431,525106,162.35487631055773
RM0195,2023-09,281248,430625,153.11219990897712
RM0195,2023-10,173654,121093,69.73234132239972
RM0195,2023-11,204600,196275,95.93108504398828
RM0195,2023-12,50802,51576,101.52356206448565
RM0195,2024-01,207983,66726,32.08242981397518
RM0195,2024-02,195675,250228,127.87939184872876
RM0195,2024-03,75815,71767,94.66068719910308
RM0195,2024-05,550027,894500,162.62838006134243
RM0195,2024-06,129353,106686,82.47663370776094
RM0195,2024-08,69872,24649,35.2773643233341
RM0195,2024-09,102958,176101,171.04158977447113
RM0195,2024-10,527719,801488,151.87779860114946
RM0195,2024-11,114807,59176,51.54389540707448
RM0195,2024-12,185777,235891,126.97535216953659
RM0196,2023-01,132896,177744,133.74668914038043
RM0196,2023-02,255966,377445,147.45903752842173
RM0196,2023-03,154663,230055,148.745983202188
RM0196,2023-04,53870,71141,132.06051605717468
RM0196,2023-05,161842,0,0.0
RM0196,2023-06,97313,42521,43.695086987350095
RM0196,2023-07,82051,146708,178.80098962840185
RM0196,2023-08,130521,220795,169.16434903195653
RM0196,2023-09,76671,46469,60.608313443153214
RM0196,2023-10,172403,142111,82.42954008920958
RM0196,2023-11,204887,191173,93.30655434458994
RM0196,2023-12,300375,284556,94.73358302122347
RM0196,2024-01,177417,138670,78.16049194834768
RM0196,2024-02,232630,298255,128.21003309977218
RM0196,2024-03,125875,84998,67.52571996027805
RM0196,2024-04,98451,120224,122.11557018212105
RM0196,2024-05,480105,239555,49.89637683423418
RM0196,2024-06,290754,324041,111.4485097367534
RM0196,2024-07,161842,282013,174.25204829401514
RM0196,2024-08,189662,293175,154.57761702396894
RM0196,2024-09,158379,106870,67.47738020823468
RM0196,2024-10,227866,383900,168.4762097021934
RM0196,2024-11,326044,194826,59.75451166100281
RM0196,2024-12,107164,115235,107.53144712776678
RM0197,2023-01,177155,104649,59.0719990968361
RM0197,2023-02,210101,139849,66.56274839243983
RM0197,2023-03,89207,128301,143.82391516360823
RM0197,2023-04,246576,384365,155.88094542858997
RM0197,2023-05,455302,347118,76.23906769572724
RM0197,2023-06,344483,447489,129.90162068955507
RM0197,2023-07,524695,371542,70.81104260570427
RM0197,2023-08,210101,227006,108.04613019452549
RM0197,2023-09,97139,131763,135.64376820844356
RM0197,2023-10,445521,529953,118.9512952251409
RM0197,2023-11,311065,432554,139.05582434539406
RM0197,2023-12,123484,169994,137.66479867837128
RM0197,2024-01,292239,417880,142.99255061781625
RM0197,2024-02,219427,81340,37.06927588674137
RM0197,2024-03,211695,215387,101.74401851720636
RM0197,2024-04,538834,652412,121.07847685929246
RM0197,2024-05,190561,341310,179.10800216203734
RM0197,2024-06,64739,46254,71.44688672979194
RM0197,2024-07,210101,162377,77.28521044640435
RM0197,2024-08,113731,186401,163.89638708883243
RM0197,2024-09,179894,81725,45.42953072364837
RM0197,2024-10,105847,43829,41.40788118699633
RM0197,2024-12,171833,96209,55.98982733235176
RM0198,2023-01,341857,398595,116.59699816004938
RM0198,2023-02,59181,44463,75.13053175850357
RM0198,2023-04,193698,155587,80.32452580821692
RM0198,2023-05,157978,262882,166.40418286090468
RM0198,2023-06,114625,92136,80.38037077426391
RM0198,2023-07,307017,238900,77.81328069781152
RM0198,2023-08,62174,35527,57.14124875349824
RM0198,2023-09,495803,842834,169.99372734735368
RM0198,2023-10,88197,99684,113.02425252559611
RM0198,2024-01,72165,94681,131.2007205709139
RM0198,2024-03,132699,0,0.0
RM0198,2024-04,57660,88643,153.73395768296913
RM0198,2024-05,109045,50464,46.27814205144665
RM0198,2024-06,319278,460908,144.35946103395787
RM0198,2024-07,222687,371190,166.68687440218784
RM0198,2024-08,150774,74193,49.20808627482192
RM0198,2024-09,59496,52020,87.43444937474789
RM0198,2024-11,107505,46253,43.02404539323753
RM0198,2024-12,165022,53095,32.17449794572845
RM0199,2023-01,137984,78332,56.76890074211502
RM0199,2023-02,118893,156053,131.25499398618928
RM0199,2023-03,114840,93251,81.20080111459423
RM0199,2023-04,752481,1037085,137.82208454432737
RM0199,2023-05,158189,184932,116.90572669401791
RM0199,2023-06,195209,65758,33.68594685695844
RM0199,2023-07,62550,79675,127.37809752198241
RM0199,2023-08,117994,45211,38.31635506890181
RM0199,2023-09,102969,51013,49.542095193699076
RM0199,2023-10,422102,255113,60.438709127177795
RM0199,2023-11,73268,90797,123.92449636949283
RM0199,2023-12,160694,187031,116.38953539024482
RM0199,2024-02,135891,135993,100.0750601585094
RM0199,2024-03,0,0,0.0
RM0199,2024-04,87254,78074,89.47899236711211
RM0199,2024-05,524890,307049,58.4977804873402
RM0199,2024-06,102172,60010,58.73429119523939
RM0199,2024-07,53106,37426,70.47414604752758
RM0199,2024-09,57137,30398,53.20195320020302
RM0199,2024-10,117572,38925,33.10737250365733
RM0199,2024-11,259728,387873,149.3381537608575
RM0199,2024-12,129504,230128,177.69953051643193
RM0200,2023-01,220444,312056,141.55794668940865
RM0200,2023-02,82034,127657,155.6147451056879
RM0200,2023-03,485189,317539,65.44645488665242
RM0200,2023-04,223976,318138,142.04111154766582
RM0200,2023-06,104613,105922,101.25127852178983
RM0200,2023-08,65394,36597,55.963849894485726
RM0200,2023-09,59532,67881,114.02439024390243
RM0200,2023-10,197229,330196,167.41757043842438
RM0200,2023-11,167193,115516,69.09140932933795
RM0200,2023-12,59197,96338,162.74135513624003
RM0200,2024-01,147759,207746,140.59786544305254
RM0200,2024-02,52213,53894,103.21950472104649
RM0200,2024-05,109117,37699,34.54915366074947
RM0200,2024-06,274197,293213,106.93515975740071
RM0200,2024-07,110785,167141,150.8697025770637
RM0200,2024-08,138838,42379,30.524064017055853
RM0200,2024-09,138838,77177,55.587807372621334
RM0200,2024-10,483564,496004,102.57256536880331
RM0200,2024-11,94293,145764,154.58623651808722
RM0200,2024-12,304261,165384,54.35596412290764
RM0201,2023-01,146368,52736,36.0297332750328
RM0201,2023-02,115671,161530,139.64606513300654
RM0201,2023-03,90588,43091,47.56811056652096
RM0201,2023-04,156124,172591,110.54738541159593
RM0201,2023-05,218972,315036,143.87044918985075
RM0201,2023-06,228515,358338,156.81158786075312
RM0201,2023-07,87829,101411,115.46414054583339
RM0201,2023-08,116965,130291,111.39315179754628
RM0201,2023-09,540969,519557,96.04191737419335
RM0201,2023-10,531762,772968,145.35976621119974
RM0201,2023-12,240124,249091,103.73432060102282
RM0201,2024-01,137880,150264,108.98172323759792
RM0201,2024-02,102143,169226,165.6755724817168
RM0201,2024-03,287222,431434,150.20924580986136
RM0201,2024-04,135150,54956,40.6629670736219
RM0201,2024-05,222364,191593,86.16187872137576
RM0201,2024-06,356530,524280,147.0507390682411
RM0201,2024-07,73555,88455,120.25695058119774
RM0201,2024-08,226752,261265,115.22059342365228
RM0201,2024-09,158245,101560,64.17896300041076
RM0201,2024-10,90359,131202,145.20081010192675
RM0201,2024-11,52829,77572,146.83601809612145
RM0201,2024-12,162235,276502,170.43301383795114
RM0202,2023-01,938377,1215411,129.52267585416095
RM0202,2023-03,129719,131357,101.26272943824728
RM0202,2023-04,84264,37822,44.8851229469287
RM0202,2023-05,179684,271007,150.82422475011688
RM0202,2023-06,95524,88787,92.9473221389389
RM0202,2023-07,171375,284798,166.18409919766594
RM0202,2023-08,72384,47435,65.53243810786914
RM0202,2023-09,426128,153109,35.93028385837119
RM0202,2023-10,210117,264597,125.92841131369666
RM0202,2023-11,122494,122769,100.22450079187553
RM0202,2023-12,339568,185904,54.74720821749989
RM0202,2024-01,89510,95643,106.85174840799911
RM0202,2024-02,129080,149934,116.15587232723892
RM0202,2024-03,430441,721269,167.56512506940558
RM0202,2024-04,89208,67192,75.3205990494126
RM0202,2024-05,76522,129451,169.16834374428268
RM0202,2024-06,126090,122881,97.4549924656991
RM0202,2024-07,293409,313789,106.94593553708305
RM0202,2024-08,69133,66144,95.67644974180205
RM0202,2024-09,199350,274866,137.8811136192626
RM0202,2024-10,205494,98384,47.87682365421861
RM0202,2024-11,104435,146245,140.03447120218317
RM0202,2024-12,368277,136549,37.077797418790745
RM0203,2023-01,56472,71443,126.51048307125654
RM0203,2023-02,169126,90145,53.300497853671224
RM0203,2023-03,169207,298097,176.17297156737015
RM0203,2023-04,199503,194258,97.37096685262878
RM0203,2023-05,313631,194210,61.92308796005497
RM0203,2023-06,130248,142185,109.16482402800811
RM0203,2023-07,155340,261197,168.1453585683018
RM0203,2023-08,101938,117418,115.18570111244088
RM0203,2023-09,58724,98337,167.45623595122947
RM0203,2023-10,86706,75307,86.85327428320993
RM0203,2023-11,163538,288451,176.38163607235015
RM0203,2023-12,164944,160262,97.16146085944321
RM0203,2024-01,181430,318629,175.62090062282974
RM0203,2024-02,305516,169088,55.34505557810393
RM0203,2024-03,293880,458937,156.1647611269906
RM0203,2024-04,226013,290618,128.58463893669833
RM0203,2024-05,137207,173229,126.25376256313454
RM0203,2024-06,250668,121381,48.4230137073739
RM0203,2024-07,94625,55934,59.1112285336856
RM0203,2024-08,326027,430356,132.00011042030263
RM0203,2024-09,139888,215299,153.90812650120097
RM0203,2024-10,239230,399607,167.03883292229236
RM0203,2024-11,61987,65937,106.37230387016632
RM0203,2024-12,234008,143034,61.123551331578405
RM0204,2023-01,109429,101600,92.84558937758729
RM0204,2023-03,287219,298812,104.03629286363368
RM0204,2023-04,151848,143698,94.63279068542226
RM0204,2023-05,88930,149812,168.46058697852243
RM0204,2023-06,107365,100938,94.01387789316816
RM0204,2023-07,175714,91928,52.31683303550088
RM0204,2023-08,135438,224245,165.57022401393994
RM0204,2023-09,859397,724151,84.26268651158894
RM0204,2023-10,75083,57939,77.1666022934619
RM0204,2023-11,109455,138653,126.67580284135032
RM0204,2023-12,152823,222004,145.26870955288146
RM0204,2024-01,231248,156546,67.69615304781014
RM0204,2024-02,280049,440010,157.11893275819588
RM0204,2024-03,186841,316041,169.14970482923982
RM0204,2024-04,279142,238615,85.48158285030559
RM0204,2024-05,185726,308165,165.92453399093287
RM0204,2024-06,187578,202919,108.17846442546568
RM0204,2024-07,116068,188528,162.4289209773581
RM0204,2024-08,69640,70354,101.02527283170592
RM0204,2024-10,165638,187522,113.21194411910311
RM0204,2024-11,208285,220509,105.86888158052668
RM0204,2024-12,94522,149856,158.54086879245045
RM0205,2023-02,210733,334492,158.727868914693
RM0205,2023-03,98453,123616,125.5583882664825
RM0205,2023-04,237855,208148,87.51045805217464
RM0205,2023-05,300891,91399,30.376116268017324
RM0205,2023-06,185550,226436,122.03503098895176
RM0205,2023-07,164484,204794,124.50694292453977
RM0205,2023-08,77449,102788,132.71701377680796
RM0205,2023-09,111373,108931,97.80736803354493
RM0205,2023-10,110769,111976,101.08965504789246
RM0205,2023-11,195758,304896,155.7514890834602
RM0205,2023-12,149083,117005,78.48312684880234
RM0205,2024-01,150397,200510,133.3204784669907
RM0205,2024-02,113857,104910,92.14189729221744
RM0205,2024-03,113857,0,0.0
RM0205,2024-04,102222,62726,61.36252470114065
RM0205,2024-05,72691,60254,82.8905916826017
RM0205,2024-06,57432,67495,117.52159075080095
RM0205,2024-08,79021,68439,86.60862302425937
RM0205,2024-09,97047,120880,124.5582037569425
RM0205,2024-10,334914,418626,124.99507336211684
RM0205,2024-11,167298,218093,130.36198878647681
RM0205,2024-12,54567,26424,48.42487217549068
RM0206,2023-01,64960,29056,44.72906403940887
RM0206,2023-02,95263,104606,109.80758531643974
RM0206,2023-03,68271,116243,170.2670240658552
RM0206,2023-04,338886,595580,175.74641619895777
RM0206,2023-05,56514,89128,157.70959408288212
RM0206,2023-06,294242,486428,165.3156245539386
RM0206,2023-07,162598,240943,148.18324948646355
RM0206,2023-08,57897,23958,41.38038240323333
RM0206,2023-09,68925,115255,167.21799056945957
RM0206,2023-11,59468,26773,45.02085155041367
RM0206,2023-12,449771,207384,46.10879758810595
RM0206,2024-01,355752,527902,148.3904517753941
RM0206,2024-02,56167,18690,33.2757669093952
RM0206,2024-03,164660,295690,179.57609619822665
RM0206,2024-04,366584,280450,76.50361172337035
RM0206,2024-05,123239,108679,88.18555814312028
RM0206,2024-06,248739,201901,81.1698205749802
RM0206,2024-07,73989,105113,142.0657124707727
RM0206,2024-08,141877,58902,41.51624294283076
RM0206,2024-09,284134,334700,117.7965326219319
RM0206,2024-10,150816,197571,131.00135264162952
RM0206,2024-11,155591,198009,127.26250232982628
RM0206,2024-12,353162,430953,122.02700177255763
RM0207,2023-01,211645,258372,122.07800798506933
RM0207,2023-02,163630,91298,55.795392043023895
RM0207,2023-03,111348,149168,133.96558537198692
RM0207,2023-05,133132,124394,93.43658924976714
RM0207,2023-07,128163,184414,143.8902023204825
RM0207,2023-08,50837,67028,131.84885024686744
RM0207,2023-09,150774,130441,86.51425312056456
RM0207,2023-10,112449,62894,55.931133224839705
RM0207,2023-11,111026,98494,88.71255381622322
RM0207,2023-12,136291,178330,130.84503011937693
RM0207,2024-01,140652,210194,149.4425959104741
RM0207,2024-02,203138,118712,58.43909066742805
RM0207,2024-03,98687,41337,41.886975994811884
RM0207,2024-04,487044,793796,162.982399947438
RM0207,2024-05,63291,73488,116.11129544484997
RM0207,2024-06,534345,759151,142.0713209630482
RM0207,2024-07,151535,100263,66.16491239647605
RM0207,2024-08,99075,139136,140.4350239717386
RM0207,2024-09,277511,303330,109.30377534584214
RM0207,2024-10,69336,117926,170.07903542171454
RM0207,2024-11,329420,168270,51.08068726853258
RM0207,2024-12,58760,64859,110.37950987066031
RM0208,2023-01,100141,72589,72.48679362099439
RM0208,2023-02,63689,110186,173.00632762329445
RM0208,2023-03,315940,160834,50.90650123441159
RM0208,2023-04,68127,110018,161.48957094837584
RM0208,2023-05,222307,175213,78.81578177925121
RM0208,2023-06,357483,427919,119.70331456321
RM0208,2023-07,222307,213146,95.87912211491316
RM0208,2023-08,333243,334543,100.39010571864975
RM0208,2023-09,154167,113546,73.65130021340495
RM0208,2023-10,123578,142315,115.1620838660603
RM0208,2023-11,490787,589031,120.01764512914971
RM0208,2023-12,73915,22950,31.049178109991203
RM0208,2024-01,335559,284046,84.64860128919206
RM0208,2024-02,106743,160231,150.10914064622506
RM0208,2024-03,486060,691210,142.20672344977987
RM0208,2024-04,78646,69764,88.70635505938
RM0208,2024-05,263692,437831,166.0387876765317
RM0208,2024-06,1035699,1105444,106.73409938601853
RM0208,2024-07,309338,114438,36.994484996993585
RM0208,2024-08,100494,86150,85.7265110354847
RM0208,2024-09,606508,185039,30.508913320187037
RM0208,2024-10,105229,178428,169.56162274658126
RM0208,2024-11,104939,66909,63.7598986077626
RM0208,2024-12,246449,349466,141.80053479624587
RM0209,2023-01,145849,250915,172.0375182551817
RM0209,2023-02,83979,140255,167.01199109301135
RM0209,2023-03,261285,222696,85.23106952178655
RM0209,2023-04,296688,148285,49.98011378957019
RM0209,2023-05,71058,120436,169.48971262911988
RM0209,2023-06,64936,19878,30.611679191819636
RM0209,2023-07,123906,56473,45.5772924636418
RM0209,2023-08,348206,586392,168.40376099205642
RM0209,2023-09,0,0,0.0
RM0209,2023-10,148790,139595,93.82014920357551
RM0209,2023-11,166166,106228,63.92884224209525
RM0209,2024-01,103065,46530,45.14626691893465
RM0209,2024-03,138710,168884,121.75329824814361
RM0209,2024-04,449369,632985,140.86085154961737
RM0209,2024-06,242595,184857,76.19983923823656
RM0209,2024-07,378781,651667,172.04321230473545
RM0209,2024-08,453818,162559,35.820306819033185
RM0209,2024-09,189084,239160,126.4834676651647
RM0209,2024-10,102447,183238,178.86126484914152
RM0209,2024-11,101624,63506,62.491143824293474
RM0209,2024-12,149289,117150,78.47195707654281
RM0210,2023-01,436611,419196,96.01132358094505
RM0210,2023-03,129182,160029,123.87871375268999
RM0210,2023-04,62689,89964,143.5084305061494
RM0210,2023-05,269410,272383,101.10352251215619
RM0210,2023-06,517508,604971,116.90080153350286
RM0210,2023-08,228232,229469,100.54199235865259
RM0210,2023-09,437235,568194,129.9516278431507
RM0210,2023-10,134799,45448,33.71538364527927
RM0210,2023-11,245458,428888,174.72968898956236
RM0210,2023-12,145298,117640,80.964638191854
RM0210,2024-01,159864,222635,139.26525046289348
RM0210,2024-03,159864,0,0.0
RM0210,2024-04,377336,614885,162.9542370725295
RM0210,2024-05,166903,149236,89.41480979970402
RM0210,2024-06,69581,90991,130.76989408028055
RM0210,2024-07,72248,76678,106.13165762374044
RM0210,2024-08,64746,76633,118.3594353319124
RM0210,2024-09,107424,166129,154.64793714626154
RM0210,2024-10,291375,523807,179.77074217074218
RM0210,2024-11,94660,37173,39.27001901542362
RM0210,2024-12,159864,0,0.0
RM0211,2023-01,63063,35803,56.77338534481392
RM0211,2023-02,186434,221520,118.81952862675263
RM0211,2023-03,56644,54625,96.43563307676011
RM0211,2023-04,163323,114658,70.20321693821447
RM0211,2023-05,358409,194131,54.16465546345097
RM0211,2023-06,93934,50300,53.548235995486195
RM0211,2023-07,68587,111005,161.84553924213043
RM0211,2023-08,98830,136759,138.37802286755036
RM0211,2023-10,133787,167743,125.38064236435528
RM0211,2023-11,445030,697322,156.69100959485877
RM0211,2023-12,60722,95200,156.78007970751952
RM0211,2024-01,140173,115673,82.52159831065897
RM0211,2024-02,217388,375062,172.53114247336558
RM0211,2024-03,64829,94139,145.21124805256906
RM0211,2024-04,84130,73210,87.02008795911091
RM0211,2024-05,360510,403302,111.86985104435382
RM0211,2024-06,60475,64228,106.20587019429517
RM0211,2024-07,283841,310329,109.33198516070617
RM0211,2024-08,77388,74877,96.75531090091486
RM0211,2024-09,437236,432877,99.00305555809678
RM0211,2024-10,211031,294352,139.48282479825238
RM0211,2024-11,281222,122624,43.60398546344169
RM0211,2024-12,180674,156079,86.38708391910292
RM0212,2023-02,72476,43780,60.40620343286053
RM0212,2023-03,277912,150693,54.22327931143671
RM0212,2023-05,106186,77230,72.73086847607028
RM0212,2023-06,57477,57088,99.32320754388712
RM0212,2023-07,267820,89245,33.322754088566946
RM0212,2023-08,67910,93734,138.02680017670446
RM0212,2023-09,185055,254056,137.28675258706872
RM0212,2023-10,89224,134340,150.56487043844706
RM0212,2023-12,148051,179949,121.54527831625587
RM0212,2024-01,64501,39187,60.75409683570797
RM0212,2024-02,272657,173372,63.586117356238795
RM0212,2024-03,64564,77205,119.57902236540488
RM0212,2024-04,169089,204908,121.18351873865242
RM0212,2024-05,194470,204251,105.02956754255155
RM0212,2024-06,152115,256503,168.62439601617197
RM0212,2024-07,164497,201665,122.59494094117218
RM0212,2024-08,0,0,0.0
RM0212,2024-09,357299,120249,33.65500603136309
RM0212,2024-10,172204,150812,87.57752433160671
RM0212,2024-11,188914,158736,84.02553542881947
RM0212,2024-12,239711,79223,33.04938029543909
RM0213,2023-02,128103,198161,154.68880510214439
RM0213,2023-03,93192,35331,37.91205253669843
RM0213,2023-04,152932,269894,176.47974263071168
RM0213,2023-05,59946,24283,40.50812397824709
RM0213,2023-07,185623,125314,67.50995296919025
RM0213,2023-09,129203,199716,154.57535815731833
RM0213,2023-10,83255,114804,137.89442075551017
RM0213,2023-12,155323,257438,165.7436438904734
RM0213,2024-01,591576,607809,102.74402612682056
RM0213,2024-02,181793,257921,141.87619985367974
RM0213,2024-03,107557,68848,64.01071059996096
RM0213,2024-04,551517,523347,94.89226986656803
RM0213,2024-05,50238,78199,155.65707233568216
RM0213,2024-06,187317,103555,55.28328982420175
RM0213,2024-09,54590,40245,73.72229346034072
RM0213,2024-10,444428,755632,170.02349086916215
RM0213,2024-11,105877,164521,155.38880021156623
RM0213,2024-12,137467,176166,128.1514836287982
RM0214,2023-01,111069,119283,107.39540285768305
RM0214,2023-02,102174,40018,39.16651985828097
RM0214,2023-03,72515,53371,73.59994483899884
RM0214,2023-04,611049,1068424,174.85078938022974
RM0214,2023-05,313745,203544,64.87561554765813
RM0214,2023-06,137402,131861,95.96730760833175
RM0214,2023-07,123402,45328,36.73198165345781
RM0214,2023-08,164705,67400,40.921647794541755
RM0214,2023-09,292861,391543,133.69584888394152
RM0214,2023-11,115250,146448,127.0698481561822
RM0214,2023-12,89797,62667,69.78740937893248
RM0214,2024-01,106560,159362,149.55142642642642
RM0214,2024-02,85489,97814,114.4170595047316
RM0214,2024-03,83559,60793,72.75458059574672
RM0214,2024-05,90276,114425,126.75018831140059
RM0214,2024-06,162213,224170,138.19484258351673
RM0214,2024-07,87258,27374,31.37133557954572
RM0214,2024-08,221154,104446,47.22772366767049
RM0214,2024-10,92415,70099,75.8524049126224
RM0214,2024-11,256037,317188,123.88365744013561
RM0214,2024-12,80549,96403,119.68242932873159
RM0215,2023-01,234726,207344,88.33448361067798
RM0215,2023-02,92345,87467,94.717634955872
RM0215,2023-03,220439,268128,121.63364921815105
RM0215,2023-04,62167,80818,130.0014477134171
RM0215,2023-05,150566,215317,143.00506090352403
RM0215,2023-06,81741,56182,68.7317258169095
RM0215,2023-07,167563,171349,102.25944868497221
RM0215,2023-08,123253,174902,141.90486235629155
RM0215,2023-09,174775,238639,136.54069517951652
RM0215,2023-10,74953,104445,139.34732432324256
RM0215,2023-11,142852,50091,35.06496233864419
RM0215,2023-12,90082,30504,33.8624808507804
RM0215,2024-01,141562,111666,78.8813382122321
RM0215,2024-03,706699,1132666,160.2755911639892
RM0215,2024-04,312021,328144,105.16728040740848
RM0215,2024-05,296827,207869,70.03035438150842
RM0215,2024-06,173368,154189,88.93740482672696
RM0215,2024-08,78192,31974,40.891651319828114
RM0215,2024-09,172540,77031,44.64529964066303
RM0215,2024-10,239878,403523,168.22009521506766
RM0215,2024-11,150566,0,0.0
RM0215,2024-12,145497,204883,140.81596184113764
RM0216,2023-01,100707,169303,168.11443097302075
RM0216,2023-02,379013,172690,45.56308094972996
RM0216,2023-03,54167,95587,176.4672217401739
RM0216,2023-04,520163,485534,93.34266374194243
RM0216,2023-05,57782,70974,122.8306392994358
RM0216,2023-06,102095,174080,170.5078603261668
RM0216,2023-07,287464,366341,127.43891409011215
RM0216,2023-10,100216,135482,135.18998962241557
RM0216,2023-11,101197,36071,35.64433728272577
RM0216,2023-12,156524,161693,103.3023689657816
RM0216,2024-01,265958,425136,159.8508035103287
RM0216,2024-02,115652,112669,97.42071040708332
RM0216,2024-03,145345,114290,78.63359592693247
RM0216,2024-05,254027,275149,108.31486416798215
RM0216,2024-06,417934,533060,127.54645470337422
RM0216,2024-07,85718,46906,54.721295410532214
RM0216,2024-08,119874,98343,82.03864057260122
RM0216,2024-09,128417,73889,57.53833215228513
RM0216,2024-10,624032,323600,51.856315060766114
RM0216,2024-11,208612,66673,31.96028991620808
RM0216,2024-12,128374,98048,76.37683643105302
RM0217,2023-01,122196,127953,104.71128351173525
RM0217,2023-02,187584,220461,117.52654810644832
RM0217,2023-04,199427,312466,156.6818936252363
RM0217,2023-05,376680,529565,140.58750132738663
RM0217,2023-06,62334,108581,174.19225462829274
RM0217,2023-07,491750,672495,136.75546517539402
RM0217,2023-09,159297,107673,67.59261003032073
RM0217,2023-10,261804,423282,161.67896594398863
RM0217,2023-11,214127,266290,124.36077654849691
RM0217,2023-12,82165,68747,83.66944562770036
RM0217,2024-01,242634,78940,32.53459943783641
RM0217,2024-02,203775,118366,58.086615139246724
RM0217,2024-04,268295,215187,80.20537095361449
RM0217,2024-05,61883,94599,152.8675080393646
RM0217,2024-06,72944,62454,85.61910506690063
RM0217,2024-07,234267,357369,152.5477339958253
RM0217,2024-08,347490,380719,109.56257734035513
RM0217,2024-09,146902,230999,157.24700820955465
RM0217,2024-10,174199,203460,116.79745578332825
RM0217,2024-11,135367,116310,85.92197507516603
RM0217,2024-12,148245,125603,84.72663496239333
RM0218,2023-01,113135,202567,179.04892385203516
RM0218,2023-02,111469,76308,68.45670096618791
RM0218,2023-03,115525,137032,118.61674962129409
RM0218,2023-04,412851,611761,148.17960959280708
RM0218,2023-05,327003,519448,158.85114203845225
RM0218,2023-06,429853,280525,65.2606821401735
RM0218,2023-07,141974,124624,87.77945257582374
RM0218,2023-08,122160,156172,127.84217419777342
RM0218,2023-09,127075,155602,122.44894747196537
RM0218,2023-10,122257,93733,76.66882059922949
RM0218,2023-11,115329,173643,150.56317144863826
RM0218,2024-01,187838,330782,176.09961775572566
RM0218,2024-02,318155,327276,102.86684163379485
RM0218,2024-03,91635,120120,131.0852840072025
RM0218,2024-04,244548,243634,99.6262492435023
RM0218,2024-05,89189,101305,113.58463487649821
RM0218,2024-06,93920,160602,170.9987223168654
RM0218,2024-07,198686,146609,73.78929567256878
RM0218,2024-08,86450,118876,137.5083863504916
RM0218,2024-09,234544,280443,119.56946244627873
RM0218,2024-10,192904,232604,120.58018496246838
RM0218,2024-11,116967,199559,170.6113690186121
RM0218,2024-12,147880,48873,33.0490938598864
RM0219,2023-01,114239,56596,49.541750190390324
RM0219,2023-02,117738,142744,121.2386824984287
RM0219,2023-04,53438,85784,160.52995995359106
RM0219,2023-05,191360,142191,74.30549749163879
RM0219,2023-06,105921,105762,99.849888124168
RM0219,2023-08,92771,28435,30.65074215002533
RM0219,2023-09,54037,45207,83.65934452319706
RM0219,2023-10,69896,23313,33.35383999084354
RM0219,2023-11,344136,244751,71.12042913266848
RM0219,2023-12,154911,88161,56.91074229719
RM0219,2024-01,57177,81036,141.72831733039507
RM0219,2024-02,70022,23707,33.856502242152466
RM0219,2024-03,182729,206274,112.88520158267161
RM0219,2024-04,52033,49661,95.44135452501298
RM0219,2024-05,101127,78790,77.91193252049403
RM0219,2024-08,50585,88347,174.6505881190076
RM0219,2024-09,159149,184416,115.87631716190488
RM0219,2024-10,214547,321022,149.62782047756434
RM0219,2024-12,190439,274860,144.32968037009226
RM0220,2023-01,139331,130401,93.59080175983809
RM0220,2023-02,119609,183564,153.4700566010919
RM0220,2023-03,350717,177711,50.67076873946801
RM0220,2023-04,167349,221815,132.54635522172228
RM0220,2023-05,63095,106907,169.4381488232031
RM0220,2023-06,160129,203073,126.81837768299309
RM0220,2023-08,79446,55346,69.66492963774135
RM0220,2023-09,69345,48263,69.59838488715842
RM0220,2023-10,151708,235214,155.04390012392227
RM0220,2023-11,164446,109635,66.66930177687507
RM0220,2023-12,56847,70089,123.29410522982742
RM0220,2024-01,131750,234057,177.65237191650854
RM0220,2024-02,276955,418906,151.25417486595296
RM0220,2024-03,51846,76042,146.6689812135941
RM0220,2024-04,82464,83243,100.944654637175
RM0220,2024-05,182209,176949,97.11320516549677
RM0220,2024-07,177156,88607,50.016369753211855
RM0220,2024-08,141566,50314,35.54101973637738
RM0220,2024-09,56279,72408,128.65900246983776
RM0220,2024-10,504543,739705,146.60891143074028
RM0220,2024-11,144993,55649,38.38047354010193
RM0220,2024-12,56909,30550,53.6821943805022
RM0221,2023-01,608275,546225,89.79902182401051
RM0221,2023-02,328116,445487,135.77119067646808
RM0221,2023-03,189493,326257,172.1736422981324
RM0221,2023-04,89284,87706,98.23260606603647
RM0221,2023-05,350064,394746,112.76395173453997
RM0221,2023-06,207159,0,0.0
RM0221,2023-07,85152,121709,142.9314637354378
RM0221,2023-08,51930,86789,167.1269015983054
RM0221,2023-10,52788,65799,124.64764719254376
RM0221,2023-11,189234,220952,116.7612585476183
RM0221,2023-12,207159,0,0.0
RM0221,2024-01,337018,434415,128.89964334249208
RM0221,2024-02,278394,131759,47.32824701681789
RM0221,2024-03,57677,19771,34.278828649201586
RM0221,2024-04,73885,96088,130.0507545509914
RM0221,2024-05,152189,217383,142.83752439401007
RM0221,2024-06,81928,69675,85.0441851381701
RM0221,2024-07,379056,645749,170.35715039466464
RM0221,2024-08,432137,660070,152.7455413445273
RM0221,2024-09,224826,375575,167.0514086449076
RM0221,2024-11,237859,176020,74.00182461037842
RM0221,2024-12,511659,172522,33.71815994637053
RM0222,2023-01,431970,493943,114.34659814338958
RM0222,2023-02,171701,80303,46.76909278338507
RM0222,2023-03,86293,136190,157.82276662069924
RM0222,2023-04,155818,276456,177.42237738900513
RM0222,2023-05,68754,63168,91.87538179596824
RM0222,2023-06,110491,118689,107.41960883691884
RM0222,2023-07,200538,259184,129.2443327449162
RM0222,2023-08,50194,21756,43.34382595529346
RM0222,2023-09,55353,88393,159.68962838509205
RM0222,2023-10,106376,90482,85.05865984808604
RM0222,2023-11,139776,220001,157.3954040750916
RM0222,2023-12,52140,24919,47.792481779823554
RM0222,2024-03,223355,389941,174.58351055494617
RM0222,2024-04,204413,141389,69.16830142896978
RM0222,2024-06,160053,282088,176.24661830768557
RM0222,2024-07,139776,119065,85.18272092490842
RM0222,2024-08,162640,139912,86.02557796360058
RM0222,2024-09,122536,214505,175.0546778089704
RM0222,2024-10,240365,319867,133.0755309633266
RM0222,2024-12,89605,102080,113.92221416215614
RM0223,2023-01,116182,76715,66.0300218622506
RM0223,2023-02,388860,340148,87.473126575117
RM0223,2023-03,99857,169515,169.75775358763033
RM0223,2023-04,82974,117678,141.82515004700267
RM0223,2023-05,208655,350692,168.07265581941482
RM0223,2023-06,317610,431296,135.79421302855704
RM0223,2023-07,106656,111279,104.33449594959497
RM0223,2023-08,483694,161942,33.48025817975827
RM0223,2023-09,287223,194655,67.77138321095455
RM0223,2023-10,80688,52313,64.83368034899861
RM0223,2023-12,59241,105921,178.79677925760876
RM0223,2024-01,355882,384916,108.15832214048477
RM0223,2024-02,238344,270494,113.48890679018562
RM0223,2024-03,300361,470710,156.71475324692622
RM0223,2024-04,89749,88817,98.96154831808711
RM0223,2024-05,201116,355504,176.7656476859126
RM0223,2024-06,222181,365810,164.64504165522703
RM0223,2024-07,330729,387976,117.30933785667419
RM0223,2024-08,386160,376623,97.53029832193909
RM0223,2024-09,121082,105211,86.89235394195669
RM0223,2024-10,277779,139393,50.18125920245951
RM0223,2024-11,104754,127051,121.28510605800255
RM0223,2024-12,131726,225394,171.10820946510182
RM0224,2023-02,527331,555739,105.38712876732073
RM0224,2023-03,166173,230472,138.69401166254445
RM0224,2023-05,141670,82897,58.51415260817393
RM0224,2023-06,256136,360301,140.66784833057437
RM0224,2023-07,92151,142776,154.9370055669499
RM0224,2023-09,192651,126080,65.44476800016609
RM0224,2023-10,208349,135513,65.04134889056343
RM0224,2023-12,96230,151274,157.20045723786762
RM0224,2024-01,447803,306890,68.53236802790514
RM0224,2024-03,444769,292746,65.81978510192931
RM0224,2024-04,68709,26613,38.73291708509802
RM0224,2024-05,91583,80397,87.78594280597927
RM0224,2024-06,443725,294294,66.32351118372866
RM0224,2024-07,118229,165666,140.1229816711636
RM0224,2024-08,103946,137889,132.6544551978912
RM0224,2024-09,134865,80199,59.46613279946613
RM0224,2024-10,248672,84687,34.05570389911208
RM0224,2024-11,101867,84984,83.42642857844052
RM0225,2023-01,141933,187323,131.9798778296802
RM0225,2023-02,142262,169503,119.14847253658742
RM0225,2023-03,185869,159830,85.99067084882364
RM0225,2023-04,457649,793463,173.3780692189866
RM0225,2023-06,180787,73677,40.75348338099531
RM0225,2023-07,151333,87262,57.66224154678755
RM0225,2023-09,149019,86837,58.272435058616686
RM0225,2023-10,232536,97814,42.06402449513193
RM0225,2023-12,509614,302233,59.30625924719494
RM0225,2024-01,212111,355380,167.54435177807844
RM0225,2024-02,92730,157775,170.14450555375822
RM0225,2024-03,123818,215541,174.0788899836857
RM0225,2024-04,582962,339353,58.21185600433647
RM0225,2024-05,150176,175184,116.6524611122949
RM0225,2024-06,316756,186927,59.01293108891387
RM0225,2024-07,88512,37722,42.617950108459866
RM0225,2024-08,75535,94292,124.83219699477064
RM0225,2024-09,139471,207311,148.6409361085817
RM0225,2024-10,110519,193732,175.29293605624372
RM0225,2024-11,57673,22746,39.43959911917188
RM0225,2024-12,231284,377295,163.13060998599124
RM0226,2023-01,288078,298081,103.47232346794965
RM0226,2023-02,97132,31099,32.017254869661905
RM0226,2023-04,156834,158944,101.34537153933458
RM0226,2023-05,113295,132227,116.71035791517718
RM0226,2023-06,161116,0,0.0
RM0226,2023-07,231040,263676,114.12569252077563
RM0226,2023-08,95826,112878,117.794752989794
RM0226,2023-09,74161,35775,48.23964078154286
RM0226,2023-10,281165,376935,134.06184980349616
RM0226,2023-11,269106,142274,52.86912963664876
RM0226,2023-12,419094,209407,49.9665946064606
RM0226,2024-01,356075,295032,82.85670153759742
RM0226,2024-02,66712,48709,73.01385058160452
RM0226,2024-03,80032,82913,103.59981007596961
RM0226,2024-04,498597,394792,79.18058070947077
RM0226,2024-05,192050,314497,163.75787555324135
RM0226,2024-06,199167,167957,84.32973333935843
RM0226,2024-07,753922,438119,58.11197975387374
RM0226,2024-08,161116,240877,149.50532535564437
RM0226,2024-09,50097,67784,135.30550731580732
RM0226,2024-10,96488,53511,55.45870989138546
RM0226,2024-11,98070,171644,175.02192311614152
RM0227,2023-01,383753,238169,62.06309787806219
RM0227,2023-04,68669,58109,84.6218817807162
RM0227,2023-05,184596,295485,160.0711824741598
RM0227,2023-06,557607,795554,142.67288610078424
RM0227,2023-07,187071,96060,51.349487627692156
RM0227,2023-08,61536,73476,119.40327613104525
RM0227,2023-09,166174,158091,95.13582148831946
RM0227,2023-10,330706,259243,78.39077609719811
RM0227,2023-11,56075,52461,93.55506018724921
RM0227,2023-12,571949,854127,149.3362170403305
RM0227,2024-01,185114,0,0.0
RM0227,2024-02,361531,364254,100.75318575723797
RM0227,2024-03,118064,96825,82.01060441794282
RM0227,2024-04,185633,203435,109.58988972865815
RM0227,2024-05,210340,244091,116.04592564419511
RM0227,2024-06,73313,50282,68.58538049186366
RM0227,2024-07,325855,421945,129.48857620720872
RM0227,2024-08,139239,79909,57.38981176250907
RM0227,2024-09,51158,39280,76.78173501700614
RM0227,2024-10,58461,59830,102.34173209490088
RM0227,2024-12,308728,224784,72.80972247415201
RM0228,2023-01,332338,450931,135.68445377898405
RM0228,2023-02,70074,88772,126.6832205953706
RM0228,2023-03,74674,95745,128.21731794198783
RM0228,2023-05,73097,64966,88.87642447706472
RM0228,2023-06,175412,65877,37.55558342644745
RM0228,2023-08,74962,58516,78.06088418131853
RM0228,2023-09,143073,227161,158.77279430780092
RM0228,2023-10,81104,66603,82.12048727559676
RM0228,2023-11,146875,109226,74.36663829787234
RM0228,2023-12,197423,121616,61.60173839927465
RM0228,2024-01,94478,137798,145.85194436800103
RM0228,2024-02,155526,66791,42.9452310224657
RM0228,2024-03,197926,228379,115.38605337348302
RM0228,2024-04,112008,35476,31.6727376615956
RM0228,2024-05,83603,75958,90.85559130653206
RM0228,2024-06,83455,97328,116.6233299382901
RM0228,2024-07,236888,375236,158.40228293539562
RM0228,2024-08,206185,274950,133.35111671557095
RM0228,2024-09,190643,339006,177.8224220139213
RM0228,2024-10,0,0,0.0
RM0228,2024-11,96439,47206,48.94907661838053
RM0228,2024-12,149737,66519,44.42388988693509
RM0229,2023-01,97236,99571,102.40137397671644
RM0229,2023-03,524075,914887,174.57176930782808
RM0229,2023-04,254234,224711,88.38746981127623
RM0229,2023-05,350551,565503,161.31832458044622
RM0229,2023-06,411521,518531,126.00353323402693
RM0229,2023-07,83808,36592,43.66170294005345
RM0229,2023-08,419369,160752,38.331874792843536
RM0229,2023-09,102623,105747,103.04415189577385
RM0229,2023-11,53333,88552,166.0360377252358
RM0229,2023-12,100766,34538,34.27545005259711
RM0229,2024-01,807484,619412,76.70888834949051
RM0229,2024-02,208200,242635,116.53938520653217
RM0229,2024-03,364049,356845,98.02114550513804
RM0229,2024-04,213206,141064,66.16324118458205
RM0229,2024-05,154837,106292,68.64767465140761
RM0229,2024-06,502647,196745,39.141783398687345
RM0229,2024-07,98170,160965,163.96556992971375
RM0229,2024-08,148099,177737,120.01228907690127
RM0229,2024-09,208200,84610,40.6388088376561
RM0229,2024-10,52684,89919,170.67610659782858
RM0229,2024-11,97515,84883,87.04609547249142
RM0229,2024-12,221899,145223,65.44554053871356
RM0230,2023-01,248116,244980,98.7360750616647
RM0230,2023-02,341327,245008,71.78101937438292
RM0230,2023-04,84189,130285,154.75299623466248
RM0230,2023-05,109251,100270,91.7794802793567
RM0230,2023-06,286769,359426,125.33642060334276
RM0230,2023-07,137435,92746,67.4835376723542
RM0230,2023-08,266716,152200,57.06444307803057
RM0230,2023-09,445247,233965,52.54723782529697
RM0230,2023-10,295162,350916,118.8892879164662
RM0230,2023-11,132811,76898,57.90032452131224
RM0230,2023-12,127219,80444,63.232693229784864
RM0230,2024-01,130015,0,0.0
RM0230,2024-02,90998,145696,160.10901338490956
RM0230,2024-04,66797,117483,175.88065332275403
RM0230,2024-05,50751,65334,128.73440917420348
RM0230,2024-06,341225,580402,170.0936332332039
RM0230,2024-07,73320,41966,57.236770321876705
RM0230,2024-09,229702,105898,46.10234129437271
RM0230,2024-10,115221,161066,139.78875378620216
RM0230,2024-11,113691,87549,77.00609546929836
RM0230,2024-12,68504,27378,39.965549456966016
RM0231,2023-02,68372,110298,161.32042356520213
RM0231,2023-03,51689,69227,133.92984967788118
RM0231,2023-04,269556,310483,115.18311593880306
RM0231,2023-05,180477,147126,81.52063697867318
RM0231,2023-06,246831,315549,127.84010112182018
RM0231,2023-07,141199,123417,87.40642639112176
RM0231,2023-09,475379,835672,175.79068490614858
RM0231,2023-12,180477,159501,88.37746638075767
RM0231,2024-01,208019,123968,59.59455626649489
RM0231,2024-02,180477,0,0.0
RM0231,2024-03,152936,219762,143.69540199822148
RM0231,2024-04,180477,101871,56.445419637959404
RM0231,2024-05,215292,230840,107.22181966817159
RM0231,2024-06,221086,74303,33.608188668662876
RM0231,2024-07,0,0,0.0
RM0231,2024-08,85668,54208,63.2768361581921
RM0231,2024-09,210245,99016,47.09553140383838
RM0231,2024-10,68233,24119,35.34799876892413
RM0231,2024-11,411580,496710,120.68370669128723
RM0231,2024-12,117403,173952,148.16657155268604
RM0232,2023-01,197557,243018,123.01158652945732
RM0232,2023-02,150134,46825,31.188804667830073
RM0232,2023-03,94854,43975,46.360722795032366
RM0232,2023-04,212888,143258,67.29266092969073
RM0232,2023-05,139721,115988,83.01400648435096
RM0232,2023-06,73182,127157,173.75447514416115
RM0232,2023-07,456401,194843,42.6911860403461
RM0232,2023-09,313486,323693,103.25596677363582
RM0232,2023-10,272907,143749,52.67325499162718
RM0232,2023-11,71281,116625,163.61302450863485
RM0232,2023-12,392152,391708,99.8867785960546
RM0232,2024-01,356215,463502,130.118608143958
RM0232,2024-02,80686,64018,79.34214113972683
RM0232,2024-03,71937,105094,146.09171914313913
RM0232,2024-04,682484,764086,111.95661729798793
RM0232,2024-06,210007,298029,141.91384096720586
RM0232,2024-08,88090,70824,80.39959132705188
RM0232,2024-09,129736,154630,119.18819757045075
RM0232,2024-11,335061,228278,68.13028075484763
RM0232,2024-12,145483,207648,142.73007842840744
RM0233,2023-01,63716,68134,106.9338941553142
RM0233,2023-02,73389,81368,110.87220155609153
RM0233,2023-03,269038,176333,65.54204238806413
RM0233,2023-04,334047,267974,80.2204480207875
RM0233,2023-05,81753,81588,99.79817254412681
RM0233,2023-06,363211,146519,40.3399126127788
RM0233,2023-07,109528,140167,127.97366883354029
RM0233,2023-08,116377,47276,40.62314718544042
RM0233,2023-09,125917,110352,87.63868262426837
RM0233,2023-10,110519,169253,153.14380332793456
RM0233,2023-11,566478,203744,35.966798357570816
RM0233,2023-12,176345,80758,45.795457767444496
RM0233,2024-01,221101,68947,31.183486280025868
RM0233,2024-02,52227,76529,146.53148754475654
RM0233,2024-03,61602,46680,75.77676049478913
RM0233,2024-04,525657,934550,177.7870360330025
RM0233,2024-05,76403,87202,114.1342617436488
RM0233,2024-06,172857,169152,97.85660979885107
RM0233,2024-07,437941,626715,143.10489312487297
RM0233,2024-08,266923,188008,70.43529407357177
RM0233,2024-09,135458,139675,103.11314208094022
RM0233,2024-10,103268,45667,44.221830576751756
RM0233,2024-11,70262,40120,57.10056645128234
RM0234,2023-01,84158,55829,66.33831602462035
RM0234,2023-02,94248,110662,117.41575418046007
RM0234,2023-03,141242,150332,106.43576273346456
RM0234,2023-04,105416,175090,166.0943310313425
RM0234,2023-05,170826,253030,148.1214803367169
RM0234,2023-06,437023,238047,54.47013086267771
RM0234,2023-07,133759,69483,51.94641108261874
RM0234,2023-08,135165,112417,83.1701993859357
RM0234,2023-09,51341,78241,152.39477220934538
RM0234,2023-10,67743,121478,179.32184875190055
RM0234,2023-11,272393,318703,117.00117110204742
RM0234,2024-01,75192,80687,107.30795829343546
RM0234,2024-02,95390,108621,113.8704266694622
RM0234,2024-03,93617,144572,154.42921691573113
RM0234,2024-04,121861,118946,97.60793034687062
RM0234,2024-05,327692,141460,43.168585134821726
RM0234,2024-06,185438,216466,116.73227709530948
RM0234,2024-07,133063,205537,154.46592967241082
RM0234,2024-08,479416,478458,99.80017354447912
RM0234,2024-09,141361,148866,105.30910222762996
RM0234,2024-10,242627,315922,130.20892151326936
RM0234,2024-11,87815,34760,39.58321471274839
RM0234,2024-12,497138,343822,69.16027340497006
RM0235,2023-01,202664,312641,154.26568112738326
RM0235,2023-02,103560,129776,125.3147933565083
RM0235,2023-03,67126,117799,175.48937818431008
RM0235,2023-04,58987,56466,95.72617695424415
RM0235,2023-05,165445,245805,148.57203300190395
RM0235,2023-06,69367,66676,96.12063373073651
RM0235,2023-07,103439,79442,76.80081980684268
RM0235,2023-08,276295,85151,30.818871134113902
RM0235,2023-09,257395,290605,112.90234853046874
RM0235,2023-12,299424,494661,165.20419204873357
RM0235,2024-01,202664,0,0.0
RM0235,2024-03,110847,104290,94.08463918734833
RM0235,2024-04,574669,931986,162.17787978819112
RM0235,2024-05,143410,245889,171.45875461962206
RM0235,2024-06,309702,511514,165.1632859975073
RM0235,2024-07,222317,352701,158.64778671896437
RM0235,2024-08,383519,167990,43.80226273013853
RM0235,2024-09,553793,443266,80.04182068029029
RM0235,2024-11,136945,203754,148.7852787615466
RM0235,2024-12,213997,350867,163.95884054449363
RM0236,2023-01,126767,109011,85.99320012306042
RM0236,2023-02,54830,54505,99.40725879992705
RM0236,2023-03,243141,182785,75.17654365162602
RM0236,2023-04,143187,90078,62.90934232856335
RM0236,2023-05,272280,106398,39.07668576465404
RM0236,2023-06,233311,202609,86.84074047087364
RM0236,2023-07,56372,89079,158.019938976797
RM0236,2023-08,150333,180246,119.89782682444971
RM0236,2023-09,247532,317487,128.26099251813906
RM0236,2023-10,246876,356346,144.34209886744762
RM0236,2023-11,183429,155631,84.84536251083526
RM0236,2023-12,91786,151846,165.43481576711045
RM0236,2024-03,575608,633183,110.00246695667886
RM0236,2024-04,116396,54527,46.846111550225096
RM0236,2024-05,87757,114610,130.59926843442688
RM0236,2024-06,78480,115379,147.0170744138634
RM0236,2024-07,434651,758673,174.54762556625892
RM0236,2024-09,51405,89302,173.7224005446941
RM0236,2024-10,252173,107444,42.60725771593311
RM0236,2024-11,130483,176160,135.00609274771426
RM0236,2024-12,520890,284516,54.62112922114074
RM0237,2023-01,70499,53881,76.42803444020483
RM0237,2023-02,145897,255633,175.214706265379
RM0237,2023-03,583043,374239,64.18720403126356
RM0237,2023-04,107705,179010,166.20398310199155
RM0237,2023-05,249114,438060,175.847202485609
RM0237,2023-06,385447,239996,62.26433206121723
RM0237,2023-07,263896,98393,37.28476369478886
RM0237,2023-08,305424,367222,120.23351144638272
RM0237,2023-09,227902,0,0.0
RM0237,2023-11,532953,200508,37.62207924526177
RM0237,2023-12,76246,78252,102.63095768958372
RM0237,2024-01,367407,559071,152.16667074933247
RM0237,2024-02,550185,675146,122.71254214491489
RM0237,2024-03,94470,31898,33.7652164708373
RM0237,2024-04,87833,115316,131.2900618218665
RM0237,2024-05,441111,372110,84.35745197920704
RM0237,2024-06,108048,174341,161.35513845698208
RM0237,2024-07,125353,95569,76.23989852656099
RM0237,2024-08,156649,150917,96.3408639697668
RM0237,2024-09,417662,418658,100.23847034204691
RM0237,2024-10,98721,77250,78.25082809128757
RM0237,2024-11,327311,588545,179.81216641053922
RM0237,2024-12,206691,139659,67.56897978141284
RM0238,2023-01,90931,35150,38.65568398016078
RM0238,2023-02,62066,103803,167.24615731640512
RM0238,2023-03,65219,66948,102.65106794032415
RM0238,2023-04,229659,361835,157.55315489486588
RM0238,2023-05,78179,74791,95.66635541513706
RM0238,2023-06,93448,63893,68.37278486430957
RM0238,2023-07,104326,123175,118.06740409869066
RM0238,2023-08,52507,47946,91.31353914716132
RM0238,2023-09,81022,141843,175.06726568092617
RM0238,2023-10,181102,290151,160.2141334717452
RM0238,2023-11,82665,125239,151.50184479525797
RM0238,2023-12,130365,73857,56.654009895293974
RM0238,2024-01,264847,382178,144.30142686154647
RM0238,2024-02,874073,1286116,147.1405706388368
RM0238,2024-03,73544,57645,78.38164908082237
RM0238,2024-04,140147,68669,48.997837984402096
RM0238,2024-05,282702,308158,109.00453481050718
RM0238,2024-06,483569,572527,118.39613374720051
RM0238,2024-07,161004,65550,40.71327420436759
RM0238,2024-08,74262,116909,157.42775578357706
RM0238,2024-09,751274,693252,92.27685238674572
RM0238,2024-10,299177,371391,124.13755068070071
RM0238,2024-12,529344,347887,65.72040110022972
RM0239,2023-01,168064,153474,91.31878332063975
RM0239,2023-02,167039,117476,70.32848616191428
RM0239,2023-03,153297,189660,123.72062075578778
RM0239,2023-04,62705,88695,141.44805039470535
RM0239,2023-05,233893,379067,162.06855271427534
RM0239,2023-06,133231,52293,39.249874278508756
RM0239,2023-07,142834,72333,50.64130389123038
RM0239,2023-08,206383,76505,37.069429168100086
RM0239,2023-09,120259,51021,42.42593069957342
RM0239,2023-11,50505,87920,174.08177408177409
RM0239,2023-12,883072,1000745,113.32541400927671
RM0239,2024-01,90959,151596,166.66410140832684
RM0239,2024-02,434663,687533,158.17610424627816
RM0239,2024-03,167911,69188,41.20516225857746
RM0239,2024-04,63889,105092,164.49154001471302
RM0239,2024-05,362911,345344,95.15941925155204
RM0239,2024-07,109659,138848,126.6179702532396
RM0239,2024-08,296750,414716,139.75265374894693
RM0239,2024-10,193411,125188,64.72641163118954
RM0239,2024-11,95674,132613,138.60923552898385
RM0239,2024-12,293393,139127,47.42001342908658
RM0240,2023-01,81108,107119,132.06958623070474
RM0240,2023-02,123895,141852,114.49372452479922
RM0240,2023-03,193104,282763,146.4304209130831
RM0240,2023-04,295765,212993,72.01426808445895
RM0240,2023-05,166902,80995,48.528477789361425
RM0240,2023-06,326788,512459,156.81695778302753
RM0240,2023-07,103395,55929,54.092557667198605
RM0240,2023-08,60900,70794,116.2463054187192
RM0240,2023-09,64382,85041,132.08816128731632
RM0240,2023-10,220039,268663,122.09790082667165
RM0240,2023-11,363800,315567,86.74189114898296
RM0240,2023-12,398831,141739,35.53861159237873
RM0240,2024-01,67945,62394,91.83015674442564
RM0240,2024-02,185207,64556,34.85613394742099
RM0240,2024-04,175703,133727,76.10968509359544
RM0240,2024-05,377250,414947,109.99257786613651
RM0240,2024-06,182971,314423,171.84307895786765
RM0240,2024-07,266697,255338,95.74085947723447
RM0240,2024-08,147191,187210,127.18848299148726
RM0240,2024-11,83508,97145,116.33017195957274
RM0240,2024-12,63924,49020,76.68481321569364
RM0241,2023-01,276020,189345,68.59828997898703
RM0241,2023-02,71020,44638,62.852717544353695
RM0241,2023-03,220434,269132,122.09187330448117
RM0241,2023-04,196610,170056,86.49407456385738
RM0241,2023-05,224864,176054,78.293546321332
RM0241,2023-07,396677,387813,97.76543636258215
RM0241,2023-08,158143,272513,172.3206212099176
RM0241,2023-09,631478,816067,129.23126379699687
RM0241,2023-11,484554,538950,111.22599338773387
RM0241,2023-12,105070,81181,77.26372894260969
RM0241,2024-01,172786,208648,120.7551537740326
RM0241,2024-02,136870,222503,162.5652078614744
RM0241,2024-03,133450,94767,71.01311352566503
RM0241,2024-04,51202,89903,175.58493808835593
RM0241,2024-06,310857,380283,122.3337418813152
RM0241,2024-07,316272,479289,151.5432918500531
RM0241,2024-08,452908,252011,55.642867867204814
RM0241,2024-09,123180,139474,113.22779672024679
RM0241,2024-10,65575,114623,174.79679756004575
RM0241,2024-11,681231,1010692,148.36259653480244
RM0241,2024-12,140803,147118,104.48498966641336
RM0242,2023-01,135736,100440,73.99658159957565
RM0242,2023-02,162550,61796,38.01661027376192
RM0242,2023-03,772144,722784,93.60741001678443
RM0242,2023-04,443349,614662,138.64066457801866
RM0242,2023-05,101361,64169,63.30738647014138
RM0242,2023-06,866516,1263544,145.81888851446482
RM0242,2023-07,93084,37342,40.11645395556702
RM0242,2023-08,229062,172832,75.4520610140486
RM0242,2023-09,87525,122745,140.23993144815768
RM0242,2023-10,220569,225447,102.2115528474083
RM0242,2023-11,478802,631758,131.94556413715898
RM0242,2023-12,385828,226029,58.58284002197871
RM0242,2024-01,102784,46949,45.677342777085926
RM0242,2024-02,104485,183649,175.76589941139878
RM0242,2024-04,543943,783593,144.0579251870141
RM0242,2024-05,160423,236009,147.11668526333506
RM0242,2024-06,170942,52182,30.52614337026594
RM0242,2024-08,154436,185073,119.83799114196172
RM0242,2024-09,96335,58276,60.493071054134006
RM0242,2024-10,97991,121062,123.54399893867804
RM0242,2024-12,73684,101720,138.04896585418817
RM0243,2023-01,132402,109896,83.00176734490415
RM0243,2023-02,296939,314486,105.9092945015643
RM0243,2023-03,121318,196199,161.72291003808175
RM0243,2023-05,118889,188855,158.8498515421948
RM0243,2023-06,155237,95006,61.20061583256569
RM0243,2023-07,192329,140012,72.79817396232498
RM0243,2023-08,73876,31751,42.978775245005146
RM0243,2023-09,91500,128542,140.48306010928962
RM0243,2023-11,323023,514440,159.2580094915842
RM0243,2023-12,97237,125577,129.14528420251548
RM0243,2024-01,89273,110175,123.41357409295084
RM0243,2024-02,377335,136346,36.133939337723774
RM0243,2024-03,682229,1051063,154.06307852641854
RM0243,2024-04,265109,354462,133.70424995002054
RM0243,2024-06,270630,484940,179.1892990429738
RM0243,2024-07,270576,223874,82.73978475548459
RM0243,2024-08,192757,155243,80.53819057154863
RM0243,2024-09,576311,951033,165.0207960632367
RM0243,2024-10,175767,258713,147.1908833853909
RM0243,2024-11,410670,273259,66.53980081330508
RM0243,2024-12,179940,184002,102.25741913971325
RM0244,2023-01,271492,235824,86.86222798461833
RM0244,2023-02,235154,212694,90.44881226770542
RM0244,2023-03,67661,31170,46.06789731159752
RM0244,2023-04,69014,24070,34.876981482018145
RM0244,2023-05,164205,113603,69.18364239822174
RM0244,2023-06,217166,106431,49.00905298251107
RM0244,2023-07,191957,229697,119.66065316711556
RM0244,2023-08,73865,66930,90.61125025384146
RM0244,2023-09,261057,84878,32.51320592820725
RM0244,2023-10,73840,132449,179.37296858071505
RM0244,2023-11,248382,247437,99.61953764765563
RM0244,2023-12,199057,312386,156.93293880647252
RM0244,2024-01,327063,257415,78.7050201337357
RM0244,2024-02,151381,190298,125.70798184712744
RM0244,2024-03,61191,105168,171.8684120213757
RM0244,2024-04,135041,115634,85.62880902836916
RM0244,2024-05,406435,194044,47.742935524745654
RM0244,2024-06,56007,74349,132.74947774385345
RM0244,2024-08,122920,177830,144.67133094695737
RM0244,2024-09,143211,117923,82.34213852287883
RM0244,2024-10,60651,53108,87.56327183393515
RM0244,2024-11,90245,127192,140.940772341958
RM0244,2024-12,88654,87494,98.69154240079409
RM0245,2023-01,306287,512444,167.30843947017013
RM0245,2023-02,242347,228737,94.38408562928363
RM0245,2023-03,177289,236598,133.4532881340636
RM0245,2023-04,361835,590826,163.28602816200754
RM0245,2023-05,450981,683717,151.60660870413608
RM0245,2023-06,73813,104922,142.14569249319226
RM0245,2023-07,302779,489535,161.68063174790854
RM0245,2023-08,438174,466103,106.37395190038661
RM0245,2023-09,209671,244788,116.74862045776477
RM0245,2023-10,51439,59626,115.91593926787067
RM0245,2023-12,146139,254787,174.34565721675938
RM0245,2024-01,397973,595529,149.64055350488601
RM0245,2024-02,58802,53100,90.30305091663548
RM0245,2024-03,228629,78760,34.44882320265583
RM0245,2024-04,90341,147369,163.12526981104924
RM0245,2024-07,228629,205369,89.82631249753969
RM0245,2024-08,70851,26715,37.70588982512597
RM0245,2024-10,180334,310119,171.96923486419644
RM0245,2024-11,319930,563767,176.2157346919639
RM0245,2024-12,260073,248644,95.60546461954912
RM0246,2023-01,489537,460140,93.99493807413944
RM0246,2023-02,114639,111462,97.2286918064533
RM0246,2023-04,302280,298426,98.72502315733756
RM0246,2023-05,424595,355183,83.65218620096798
RM0246,2023-06,143053,80390,56.195955345221705
RM0246,2023-07,392899,145594,37.05634272421157
RM0246,2023-08,279780,274555,98.13246121952963
RM0246,2023-09,120865,117285,97.03801762296777
RM0246,2023-10,131370,188506,143.49242597244424
RM0246,2023-11,444554,461084,103.7183334308093
RM0246,2023-12,318225,444852,139.79165684657082
RM0246,2024-01,110224,130171,118.09678472927855
RM0246,2024-02,214858,72030,33.52446732260377
RM0246,2024-04,125616,224721,178.89520443255634
RM0246,2024-05,202108,161962,80.1363627367546
RM0246,2024-06,93157,57219,61.422115353650284
RM0246,2024-07,127034,74937,58.98971928774973
RM0246,2024-08,71786,60737,84.60841946897723
RM0246,2024-09,190091,98771,51.959850808297084
RM0246,2024-10,56803,19991,35.193563720226045
RM0246,2024-11,96670,56571,58.519706217027
RM0246,2024-12,166236,163506,98.3577564426478
RM0247,2023-01,108904,168835,155.03103650921912
RM0247,2023-02,155463,67983,43.72937612164953
RM0247,2023-03,102596,180569,176.00003898787477
RM0247,2023-04,615691,419905,68.20060712272877
RM0247,2023-05,77450,80821,104.35248547449967
RM0247,2023-06,148512,135919,91.52055052790347
RM0247,2023-07,133909,0,0.0
RM0247,2023-08,89632,42341,47.23870938950375
RM0247,2023-10,176756,300290,169.88956527642628
RM0247,2023-11,72231,98033,135.72150461713116
RM0247,2024-02,136410,101075,74.09647386555238
RM0247,2024-03,337709,332554,98.4735378684015
RM0247,2024-05,181312,174890,96.45803918108012
RM0247,2024-06,62711,74773,119.23426512095168
RM0247,2024-08,131409,56523,43.013035636828526
RM0247,2024-09,185881,58516,31.480355711449796
RM0247,2024-10,85077,125199,147.15963186290065
RM0247,2024-11,55799,70866,127.0022760264521
RM0247,2024-12,498483,277549,55.67872926458877
RM0248,2023-01,130963,152342,116.32445805303789
RM0248,2023-02,139789,172019,123.05617752469793
RM0248,2023-03,127651,66730,52.27534449397184
RM0248,2023-04,63989,90650,141.66497366734907
RM0248,2023-05,90894,142810,157.11708143551832
RM0248,2023-06,253817,94973,37.41790345012351
RM0248,2023-07,83698,61768,73.79865707663265
RM0248,2023-08,185388,280814,151.47366604095197
RM0248,2023-09,59334,40015,67.44025348029797
RM0248,2023-10,120791,69462,57.505940012086995
RM0248,2023-11,168215,171075,101.70020509467051
RM0248,2023-12,107078,115144,107.53282653766414
RM0248,2024-01,115966,94488,81.479054205543
RM0248,2024-03,96263,106915,111.06551842348567
RM0248,2024-04,138079,82086,59.44857653951723
RM0248,2024-05,0,0,0.0
RM0248,2024-07,74541,27151,36.42424974175286
RM0248,2024-08,134739,85915,63.764017841901754
RM0248,2024-09,131826,104692,79.41680700317085
RM0248,2024-10,165833,229811,138.5797760397508
RM0248,2024-11,147891,58114,39.29515656801293
RM0249,2023-01,52649,32634,61.98408326843815
RM0249,2023-02,132999,48858,36.73561455349289
RM0249,2023-03,109565,178649,163.05298224798065
RM0249,2023-04,64149,110514,172.27704251040547
RM0249,2023-06,341392,528362,154.7669541172611
RM0249,2023-07,348888,146559,42.00746371328334
RM0249,2023-08,74584,37408,50.155529336050634
RM0249,2023-09,67689,53580,79.15614058414218
RM0249,2023-10,315985,214219,67.79404085636976
RM0249,2023-11,92001,120873,131.382267584048
RM0249,2023-12,65292,54872,84.04092384978252
RM0249,2024-01,102524,161060,157.0949241153291
RM0249,2024-02,108978,121415,111.41239516232635
RM0249,2024-03,158386,201104,126.97081812786483
RM0249,2024-04,70722,119759,169.3376884137892
RM0249,2024-05,108391,147439,136.0251312378334
RM0249,2024-06,513922,546285,106.29725911714229
RM0249,2024-07,156249,74354,47.586864555933154
RM0249,2024-08,124212,196093,157.86961002157602
RM0249,2024-09,71772,120308,167.62525776068662
RM0249,2024-10,215081,200334,93.14351337403119
RM0249,2024-11,168613,88647,52.574238048074584
RM0249,2024-12,86786,63320,72.96107667135252
RM0250,2023-01,122882,205616,167.32800572907342
RM0250,2023-02,118727,128908,108.57513455237647
RM0250,2023-03,76515,107423,140.3946938508789
RM0250,2023-05,173242,166288,95.98596183373547
RM0250,2023-06,491148,803506,163.59753068321567
RM0250,2023-07,211605,356071,168.27154367807944
RM0250,2023-09,174786,269241,154.04036936596754
RM0250,2023-10,129007,55488,43.011619524521926
RM0250,2023-11,821160,450362,54.84461006381217
RM0250,2023-12,93454,50900,54.46529843559398
RM0250,2024-01,111755,82019,73.39179455057939
RM0250,2024-02,187857,337145,179.46895777107054
RM0250,2024-03,58090,85256,146.76536409020486
RM0250,2024-04,70543,23261,32.97421430900302
RM0250,2024-05,202655,326269,160.99726135550569
RM0250,2024-06,79092,64255,81.24083345976837
RM0250,2024-07,77723,129001,165.97532262007385
RM0250,2024-08,97280,94076,96.7064144736842
RM0250,2024-09,387700,437831,112.93035852463245
RM0250,2024-10,455123,399285,87.73122870081275
RM0250,2024-11,441469,438114,99.24003723930785
RM0250,2024-12,180978,116816,64.54707201980351
